Cycle,Round,WallSeconds,FrameMS,GameBusyMS,RenderBusyMS,RHIBusyMS
1,1,14.735801,21.012101,2.485600,20.661900,1.827900
1,1,14.758724,22.923198,2.997300,23.078100,1.619200
1,1,14.778767,20.042401,2.718700,20.414400,1.953100
1,1,14.799800,21.033600,2.386000,21.153200,1.477100
1,1,14.821115,21.314800,2.045100,21.255600,1.680400
1,1,14.842249,21.133400,2.056200,21.168200,1.685000
1,1,14.865542,23.293000,1.943400,23.128700,1.627100
1,1,14.886185,20.643100,2.186400,20.482000,1.666500
1,1,14.909561,23.376301,2.360200,23.037701,1.764300
1,1,14.930765,21.204401,3.607400,20.514500,2.238900
1,1,14.950910,20.144999,4.053200,21.192301,2.102800
1,1,14.973939,23.028299,2.933700,23.037100,1.590100
1,1,14.994414,20.475000,2.512700,20.473301,1.575500
1,1,15.015735,21.321300,2.377900,21.385300,1.613400
1,1,15.038461,22.726402,2.210100,22.838200,1.641300
1,1,15.061791,23.329500,2.510800,22.801399,2.116200
1,1,15.083262,21.470897,2.748900,21.647900,1.592000
1,1,15.103915,20.653300,2.597200,21.024799,1.646900
1,1,15.125106,21.191303,2.153000,20.557199,1.723200
1,1,15.146503,21.396898,2.732800,21.249800,2.273900
1,1,15.167361,20.858102,3.113500,21.044399,1.651900
1,1,15.188294,20.932201,2.820000,21.299601,1.647300
1,1,15.211077,22.783097,2.388400,22.696600,1.749900
1,1,15.232231,21.154303,2.440600,21.052700,2.017100
1,1,15.253225,20.994198,2.435200,21.192400,1.716300
1,1,15.274620,21.395002,2.196400,21.156000,1.582100
1,1,15.296031,21.410599,2.438500,21.436399,2.034200
1,1,15.318803,22.771701,2.372300,22.487400,1.982800
1,1,15.339450,20.647198,2.943800,20.853600,1.784500
1,1,15.360170,20.720702,2.695700,20.877001,1.652900
1,1,15.382213,22.042699,2.474300,21.805000,1.759700
1,1,15.403193,20.979598,2.733100,21.031500,1.642000
1,1,15.423856,20.662803,2.496000,20.981400,1.415900
1,1,15.445248,21.392100,2.074900,21.222300,1.881100
1,1,15.468263,23.015898,2.266700,22.954399,1.834100
1,1,15.489112,20.848401,2.516200,20.513399,1.874300
1,1,15.510091,20.979099,2.757500,21.165899,1.909000
1,1,15.532386,22.295002,2.960800,22.336399,2.060600
1,1,15.552726,20.340499,2.564200,20.562500,2.128000
1,1,15.574072,21.345202,2.385000,21.128201,1.914300
1,1,15.596899,22.827700,2.455000,22.705799,2.173100
1,1,15.617474,20.574398,2.884800,20.633600,1.796600
1,1,15.638290,20.815801,2.491500,20.993500,2.414900
1,1,15.662949,24.659500,2.504300,24.535200,1.852100
1,1,15.684087,21.137502,2.565700,21.117599,1.759100
1,1,15.706570,22.482999,2.444300,22.347401,2.129800
1,1,15.728149,21.579299,2.896100,21.624599,2.020700
1,1,15.749324,21.175299,2.612400,20.876301,1.856000
1,1,15.771600,22.275902,2.891000,22.404699,1.998200
1,1,15.792579,20.979300,3.108700,21.160500,1.775400
1,1,15.813382,20.802900,2.475600,20.882299,1.437400
1,1,15.834080,20.697299,2.198200,21.022400,1.374000
1,1,15.855258,21.178000,1.954700,20.939301,1.544200
1,1,15.878204,22.946801,2.271400,23.105400,1.979100
1,1,15.899350,21.145500,2.082400,20.787500,1.944300
1,1,15.922590,23.240197,2.582900,23.453100,2.165200
1,1,15.943672,21.081600,2.637400,20.370100,1.842100
1,1,15.964719,21.047600,3.131100,21.373899,1.881200
1,1,15.985429,20.709302,3.073900,20.740900,1.762000
1,1,16.006431,21.001998,2.760200,21.258200,1.891300
1,1,16.032826,26.395801,2.368000,26.089701,2.042800
1,1,16.055041,22.214301,2.739900,21.885401,1.985000
1,1,16.078269,23.227800,3.267500,23.674700,1.786200
1,1,16.104335,26.066098,3.308400,26.485300,1.634400
1,1,16.128481,24.146300,2.221300,23.696800,1.568700
1,1,16.154122,25.640700,2.739700,24.166000,1.664500
1,1,16.174420,20.298302,3.946300,21.378300,2.054200
1,1,16.195033,20.612799,3.159700,20.927900,1.768700
1,1,16.215428,20.395000,2.807200,20.379700,2.192900
1,1,16.236601,21.173202,3.016400,21.169100,1.772800
1,1,16.263403,26.802398,3.015700,26.646099,1.956300
1,1,16.287313,23.910001,3.123900,24.218901,1.773700
1,1,16.309713,22.399601,2.536200,21.525299,2.245800
1,1,16.332225,22.512399,3.290300,23.463800,1.977500
1,1,16.355251,23.026001,2.483000,22.634100,2.240200
1,1,16.377320,22.068601,4.011200,21.862900,1.925100
1,1,16.400077,22.757299,3.498100,23.186199,1.922000
1,1,16.421202,21.125101,2.559000,21.401800,1.642300
1,1,16.444469,23.266297,2.192800,22.915199,2.063500
1,1,16.467528,23.059301,2.575600,22.856001,1.853100
1,1,16.488700,21.172099,3.297300,21.332500,1.876000
1,1,16.513526,24.826203,2.868300,24.533600,2.284900
1,1,16.535335,21.808300,3.190200,21.643900,2.318100
1,1,16.558288,22.953101,3.411400,23.188900,1.965100
1,1,16.578808,20.520199,4.364300,20.552900,1.965000
1,1,16.601580,22.771999,3.773000,23.044300,1.625700
1,1,16.622662,21.081802,2.665100,21.280899,2.056300
1,1,16.643868,21.206200,2.891500,21.225000,1.697600
1,1,16.665410,21.541897,2.185300,20.928699,1.809700
1,1,16.686285,20.875700,2.943500,21.334600,1.703900
1,1,16.710019,23.733702,2.694700,23.178600,1.610300
1,1,16.730859,20.839900,3.135300,20.937300,1.950700
1,1,16.751754,20.895500,3.051800,20.953899,1.831700
1,1,16.772514,20.759601,2.735000,20.832701,1.769500
1,1,16.795449,22.934601,2.729400,23.191200,1.659000
1,1,16.816983,21.534499,2.402400,21.187799,2.116100
1,1,16.838131,21.147300,2.505800,21.295099,1.746000
1,1,16.862054,23.923699,2.558000,23.875999,1.586800
1,1,16.885997,23.942601,2.801500,23.986300,1.821400
1,1,16.909250,23.253500,2.794000,23.213699,1.912400
1,1,16.933266,24.015900,2.819100,23.879700,2.082500
1,1,16.957026,23.759399,2.877800,23.775999,2.100900
1,1,16.981064,24.038501,2.737300,24.323400,2.037500
1,1,17.003333,22.268802,2.564400,21.802601,2.121700
1,1,17.026120,22.786599,3.327300,22.610600,2.152000
1,1,17.046617,20.497400,3.347000,20.884800,2.112000
1,1,17.070538,23.920599,3.251000,22.761499,1.960400
1,1,17.090357,19.819800,3.937600,20.791500,2.220200
1,1,17.111430,21.072801,2.924500,21.269800,1.928600
1,1,17.132551,21.121100,3.056300,20.652800,1.815800
1,1,17.153663,21.111600,3.277400,21.524799,1.673500
1,1,17.174405,20.742200,3.089200,20.836399,1.901200
1,1,17.198725,24.319600,2.814100,23.931801,1.775000
1,1,17.220392,21.667801,3.084100,22.316200,2.441000
1,1,17.243205,22.812799,2.222200,22.412701,2.053400
1,1,17.266886,23.680698,2.725300,23.421600,2.247100
1,1,17.285173,18.287003,3.781000,18.871599,1.817200
1,1,17.308457,23.284100,2.738400,23.128799,1.745700
1,1,17.330038,21.580599,2.612900,21.454800,1.984200
1,1,17.351059,21.021500,2.634500,21.086901,1.851200
1,1,17.373139,22.079401,2.451300,21.951000,1.668500
1,1,17.394893,21.754898,2.584700,22.173800,1.686300
1,1,17.418585,23.691699,2.173200,22.868799,1.752500
1,1,17.438927,20.342100,2.971600,20.716900,1.997800
1,1,17.463079,24.151601,2.762700,24.047300,2.016100
1,1,17.483754,20.675100,3.280500,19.854799,1.888900
1,1,17.506082,22.327799,3.929400,22.843100,2.276800
1,1,17.528942,22.859801,3.329300,23.029600,1.970900
1,1,17.550662,21.720100,3.362900,21.679701,1.923300
1,1,17.571373,20.711299,3.108600,20.993799,2.321200
1,1,17.592896,21.522999,3.411500,21.372101,1.919900
1,1,17.614565,21.668900,3.500900,21.623400,2.069500
1,1,17.635146,20.581201,3.604500,20.642700,2.176200
1,1,17.655938,20.791601,3.091000,21.057600,2.219900
1,1,17.679565,23.627799,2.666100,23.243799,2.096700
1,1,17.700783,21.217301,3.123100,20.646500,1.768700
1,1,17.721094,20.310998,3.663400,21.174999,2.104700
1,1,17.742010,20.916000,2.949000,21.209600,1.840100
1,1,17.765325,23.314901,2.177500,23.247801,1.668600
1,1,17.786819,21.494899,2.199800,20.982700,1.791400
1,1,17.807894,21.074302,2.852500,21.533001,1.678200
1,1,17.830861,22.967398,2.322900,22.938700,1.420400
1,1,17.851902,21.040402,2.365300,21.079300,1.836700
1,1,17.873543,21.641597,2.227700,21.197800,1.541400
1,1,17.896924,23.381002,2.499800,23.735201,1.881500
1,1,17.917737,20.812899,2.460800,20.825300,1.632300
1,1,17.938891,21.154102,2.530900,21.055099,1.788400
1,1,17.960500,21.608498,2.665100,21.612700,1.753000
1,1,17.981744,21.244299,2.453000,20.753700,1.432000
1,1,18.002414,20.669702,2.751400,21.030399,1.820300
1,1,18.025627,23.213398,2.340400,23.150299,1.492900
1,1,18.046588,20.960502,2.374700,21.340599,1.499900
1,1,18.069986,23.398098,2.097600,23.068100,1.644000
1,1,18.090966,20.980500,2.336900,21.026100,1.605200
1,1,18.111607,20.641003,2.610600,20.494600,2.050000
1,1,18.133410,21.802299,3.197100,21.673901,1.833800
1,1,18.153917,20.507500,2.503600,20.942301,1.834100
1,1,18.175247,21.330301,2.362500,21.120300,1.431800
1,1,18.196519,21.271799,2.331200,21.253401,1.382800
1,1,18.221331,24.811402,2.294000,24.862400,2.044600
1,1,18.242488,21.157298,2.342300,20.918600,1.606800
1,1,18.265149,22.661600,2.544900,22.770700,1.817600
1,1,18.286210,21.060601,2.885800,21.205601,1.765900
1,1,18.307446,21.236300,2.650900,21.081499,1.882900
1,1,18.328427,20.980701,2.480200,21.368099,1.828600
1,1,18.349348,20.920999,2.652200,20.862000,1.751400
1,1,18.372475,23.126800,2.346400,23.054501,1.804900
1,1,18.393964,21.489300,2.369500,21.195400,2.180500
1,1,18.417120,23.155700,2.410200,23.273500,1.677400
1,1,18.438205,21.085698,2.412600,20.857201,2.090500
1,1,18.461390,23.184299,2.632900,22.982901,1.705100
1,1,18.481649,20.259101,2.733700,20.725201,1.800700
1,1,18.503264,21.615300,2.341100,20.996700,1.759700
1,1,18.523651,20.386301,2.970900,20.732401,1.866900
1,1,18.546317,22.666201,2.766700,23.168800,1.766700
1,1,18.567518,21.201797,2.080000,20.956900,1.481500
1,1,18.590946,23.427300,2.295200,23.642200,1.844200
1,1,18.612617,21.671202,2.053300,21.025200,1.576200
1,1,18.633772,21.154601,2.706100,21.700701,2.355100
1,1,18.656435,22.663400,2.147600,22.013599,1.972900
1,1,18.677170,20.735398,2.577300,21.148199,1.810100
1,1,18.698529,21.358103,2.416700,21.229300,1.679700
1,1,18.719311,20.782698,2.471300,21.088301,1.522300
1,1,18.741514,22.203002,2.241200,21.852800,1.576500
1,1,18.762375,20.860299,2.549400,20.955601,1.612400
1,1,18.783163,20.788599,2.587000,20.329201,1.602300
1,1,18.803606,20.442501,2.902300,20.868500,1.664000
1,1,18.824658,21.052700,2.861300,21.267401,2.026800
1,1,18.847850,23.191400,2.364500,23.265800,2.014300
1,1,18.869377,21.527100,2.694500,21.253799,1.637400
1,1,18.890838,21.461200,2.628400,21.237000,1.832700
1,1,18.912838,21.999799,2.654100,22.443300,1.572600
1,1,18.935833,22.995200,2.117100,22.841101,1.562300
1,1,18.956559,20.725902,2.611300,20.868500,1.648100
1,1,18.978015,21.455899,2.236800,21.076401,1.930500
1,1,18.998332,20.316798,3.077800,20.520000,1.825000
1,1,19.023025,24.693802,2.598900,24.649200,1.749000
1,1,19.043327,20.301100,2.421700,20.079599,2.040600
1,1,19.064604,21.277700,2.661100,21.410200,1.433500
1,1,19.085553,20.948399,2.436300,21.316601,1.443200
1,1,19.106934,21.381900,2.111800,21.383600,1.536400
1,1,19.128463,21.529000,1.953900,21.256001,1.784300
1,1,19.149585,21.121401,2.532300,20.981701,2.025000
1,1,19.172686,23.101501,2.493100,23.041201,1.671400
1,1,19.193650,20.964097,2.449300,21.106701,1.900500
1,1,19.215300,21.649800,2.428200,21.286600,1.871400
1,1,19.236640,21.339901,2.929600,21.359900,1.787000
1,1,19.258867,22.226799,2.774300,22.288900,1.928700
1,1,19.281341,22.473801,2.646000,22.506300,1.527200
1,1,19.302698,21.357100,2.648700,21.441500,1.485800
1,1,19.325300,22.601601,2.433200,22.555901,1.670800
1,1,19.346459,21.159898,2.574500,21.069201,1.534400
1,1,19.367155,20.696100,2.715400,21.017799,1.754700
1,1,19.388411,21.255501,2.619000,21.001699,1.798400
1,1,19.412061,23.649599,2.783900,23.426399,1.724100
1,1,19.433156,21.095600,2.821900,21.215900,1.610400
1,1,19.453398,20.242300,2.623800,20.619301,1.658000
1,1,19.474348,20.949300,2.394000,21.005199,2.069400
1,1,19.496915,22.566900,2.287300,22.617399,1.395100
1,1,19.519038,22.123400,2.019800,22.048201,1.526900
1,1,19.540468,21.430101,2.245900,21.165701,1.434800
1,1,19.561331,20.862900,2.477100,20.917601,1.633600
1,1,19.582490,21.159101,2.171400,21.096901,1.588600
1,1,19.605142,22.651900,2.416200,22.846100,1.818100
1,1,19.626937,21.795299,2.359000,21.455400,1.826300
1,1,19.648840,21.902300,2.888700,22.221500,2.064200
1,1,19.669468,20.628501,2.350500,20.748899,1.760300
1,1,19.690675,21.206699,2.190100,20.846399,1.763200
1,1,19.711108,20.433299,2.363700,20.862400,2.003500
1,1,19.732209,21.101099,1.848500,21.142599,1.547000
1,1,19.754550,22.341002,1.767500,21.610800,1.695400
1,1,19.775135,20.584501,2.704600,20.765900,1.772400
1,1,19.797129,21.993898,2.687900,21.564400,2.021600
1,1,19.816190,19.060902,3.144600,19.805201,1.554200
1,1,19.836983,20.793099,2.187800,20.789200,1.567800
1,1,19.858154,21.171298,2.336200,21.094400,2.016100
1,1,19.879952,21.798201,2.373000,21.463600,1.993000
1,1,19.902186,22.233400,2.700200,22.413601,1.622500
1,1,19.922893,20.707801,2.361000,21.022699,1.461500
1,1,19.945991,23.097999,2.060200,23.089500,1.883600
1,1,19.967446,21.454200,2.081300,21.236000,1.793700
1,1,19.989209,21.763600,2.309300,21.580700,1.689100
1,1,20.009341,20.131398,2.466500,20.353100,1.694900
1,1,20.030609,21.268301,2.318500,21.330700,2.115500
1,1,20.051910,21.301500,2.327300,20.758301,1.830400
1,1,20.074675,22.764299,2.721900,23.129900,1.576800
1,1,20.096862,22.186901,2.458000,21.931801,1.661200
1,1,20.118843,21.981001,2.925000,22.138100,2.076700
1,1,20.140337,21.494597,3.130300,21.144300,1.944000
1,1,20.163293,22.955503,2.823100,23.028099,1.996100
1,1,20.185596,22.303697,2.673800,22.841200,1.797100
1,1,20.206912,21.316100,2.192400,21.288500,1.949400
1,1,20.230995,24.082802,2.340700,23.537100,1.937200
1,1,20.252889,21.893900,3.110100,22.074200,2.068200
1,1,20.277138,24.248499,2.530200,24.225000,2.170700
1,1,20.298788,21.650400,2.705600,21.621300,1.794600
1,1,20.321245,22.456799,3.070500,22.821301,2.117400
1,1,20.343130,21.884602,2.392500,21.507401,1.791700
1,1,20.364947,21.817699,2.888500,21.401100,2.073500
1,1,20.386585,21.638002,2.927100,22.216801,1.823100
1,1,20.407367,20.782199,2.424000,20.880501,2.183300
1,1,20.428978,21.610599,2.303200,21.521999,1.667000
1,1,20.452430,23.451600,2.400800,23.535900,1.719200
1,1,20.474083,21.653201,2.480200,21.583000,1.976500
1,1,20.497626,23.543399,2.409000,23.191000,1.745700
1,1,20.518950,21.324299,2.687200,21.619900,2.158600
1,1,20.544876,25.925502,2.432200,25.840700,2.280100
1,1,20.566395,21.518897,2.800300,21.341700,1.983400
1,1,20.587636,21.240700,2.792300,21.092600,2.081000
1,1,20.608744,21.108203,4.568600,20.967100,2.234000
1,1,20.631763,23.019597,3.269700,23.218300,2.028700
1,1,20.656041,24.277501,3.307100,24.424500,1.786500
1,1,20.676999,20.958200,2.514600,21.279600,1.700500
1,1,20.700489,23.489501,2.202700,22.990700,1.864600
1,1,20.721511,21.022100,2.746600,21.003599,1.701900
1,1,20.743375,21.863900,2.704500,21.800400,1.449200
1,1,20.763678,20.303100,2.766400,20.428699,1.931600
1,1,20.784530,20.852298,3.077500,20.895100,2.196100
1,1,20.805515,20.985402,3.057900,21.206400,1.638100
1,1,20.826616,21.100800,2.501600,21.150000,1.733900
1,1,20.848436,21.819498,2.337200,21.444000,1.671300
1,1,20.869227,20.791400,2.652200,21.072701,1.713800
1,1,20.891409,22.182200,2.336600,22.393400,1.893800
1,1,20.912704,21.294702,2.125200,21.137199,1.826900
1,1,20.937642,24.937600,2.490300,24.676901,2.202600
1,1,20.958480,20.838797,2.590300,21.195700,1.881500
1,1,20.979660,21.179501,2.749700,21.169300,1.965800
1,1,21.002780,23.120400,2.229800,23.094200,1.565600
1,1,21.026303,23.522399,2.150000,23.057400,1.633700
1,1,21.048100,21.797203,2.707900,21.870501,1.920200
1,1,21.068466,20.365998,2.643100,20.615601,1.962700
1,1,21.089869,21.402899,2.139000,21.069401,1.531100
1,1,21.110871,21.002300,2.807600,21.143400,1.904400
1,1,21.131390,20.518500,2.629300,20.822800,1.576000
1,1,21.152935,21.545403,2.058100,21.454500,1.782400
1,1,21.174264,21.328799,2.304800,21.117500,1.461200
1,1,21.196498,22.234499,2.424700,22.558300,1.462400
1,1,21.219468,22.969298,2.044000,22.885500,1.711600
1,1,21.241046,21.578800,2.160600,21.220400,2.060100
1,1,21.264011,22.964101,2.496900,23.382700,1.716100
1,1,21.286608,22.597201,1.911400,22.466299,1.676800
1,1,21.307833,21.225300,2.077200,20.897699,1.891100
1,1,21.329473,21.640498,2.680000,21.997299,1.798900
1,1,21.351384,21.910701,2.157300,21.197800,2.013800
1,1,21.371915,20.530302,3.318400,21.019699,1.907600
1,1,21.395725,23.810398,3.421800,22.735701,1.692400
1,1,21.415693,19.967701,3.767200,20.853201,1.962200
1,1,21.436736,21.043200,2.907400,21.193199,1.616100
1,1,21.458169,21.433398,2.459100,21.273701,1.737500
1,1,21.479428,21.258902,2.683400,21.380199,1.628400
1,1,21.502333,22.904400,2.776900,22.876699,1.568400
1,1,21.524281,21.948900,2.641000,21.397200,1.844000
1,1,21.544582,20.300198,3.101900,21.200800,1.647500
1,1,21.566334,21.752801,2.112700,21.513901,2.052900
1,1,21.587097,20.762499,2.378300,20.734501,1.703000
1,1,21.608180,21.083102,2.993900,20.901400,1.644300
1,1,21.630728,22.548098,2.730100,22.868000,1.689100
1,1,21.652020,21.292303,2.283900,21.379000,1.604000
1,1,21.672816,20.795599,2.042300,20.851999,1.705400
1,1,21.693424,20.608101,1.968100,20.435301,1.991900
1,1,21.715000,21.575797,2.031000,21.181000,1.648300
1,1,21.736192,21.191701,2.595200,21.199301,1.667200
1,1,21.757179,20.987600,2.640600,20.764099,1.646800
1,1,21.778072,20.892698,2.845500,21.052999,1.584600
1,1,21.798631,20.559203,2.518300,21.008801,1.422000
1,1,21.821839,23.207698,2.245900,22.920799,1.537400
1,1,21.843061,21.222301,2.359400,21.310499,1.441600
1,1,21.865786,22.724498,2.156500,22.701900,1.464400
1,1,21.886130,20.344302,2.247900,20.612301,1.628300
1,1,21.908272,22.142198,2.092700,21.839399,1.612200
1,1,21.931287,23.015302,2.352600,22.325800,1.524000
1,1,21.952112,20.825099,3.573900,21.092199,1.913200
1,1,21.977484,25.371801,5.277000,25.769199,2.022400
1,1,22.001730,24.246100,2.492500,23.945400,1.712400
1,1,22.025516,23.786001,2.761700,23.951099,1.926800
1,1,22.052386,26.869599,3.056500,26.537100,2.175500
1,1,22.077289,24.902798,3.335800,25.361300,2.188600
1,1,22.101062,23.772903,2.794600,23.874701,1.876200
1,1,22.124681,23.619000,2.409800,23.259399,2.114900
1,1,22.145622,20.940900,2.879600,21.086100,1.821700
1,1,22.166503,20.881098,2.887200,21.269100,1.607800
1,1,22.187749,21.245901,2.293300,20.797701,1.755800
1,1,22.209052,21.303602,2.549300,21.417900,1.471500
1,1,22.230547,21.494601,2.658300,21.201700,1.606400
1,1,22.253533,22.985999,2.878200,23.479799,1.700400
1,1,22.274943,21.410499,2.060300,20.884899,1.799800
1,1,22.295705,20.761400,2.772400,21.199400,1.584700
1,1,22.318737,23.032200,2.737500,22.755301,1.360300
1,1,22.340136,21.399003,2.720000,21.444000,1.692900
1,1,22.361664,21.527797,2.682100,21.335199,1.476800
1,1,22.382735,21.071501,2.637300,21.211500,1.628900
1,1,22.407116,24.380501,2.454900,24.417400,1.979000
1,1,22.427668,20.551998,2.491500,20.938499,1.788300
1,1,22.451361,23.693200,1.955800,23.280800,1.934400
1,1,22.472940,21.579001,2.583000,21.396299,1.762400
1,1,22.493097,20.157099,2.803900,20.081900,1.931500
1,1,22.513960,20.862900,3.080800,21.316900,1.779300
1,1,22.535909,21.949500,2.748400,21.710501,1.454600
1,1,22.558353,22.443801,2.578300,22.693800,2.017900
1,1,22.579901,21.548100,2.440400,21.375500,2.196800
1,1,22.601344,21.442901,2.493700,21.195801,2.556900
1,1,22.627624,26.279900,2.936900,25.833900,1.984600
1,1,22.647682,20.058099,3.209800,20.765600,2.163100
1,1,22.670874,23.191500,2.349900,22.887501,2.107900
1,1,22.692598,21.724798,2.814000,21.038099,1.983300
1,1,22.712284,19.685101,3.575600,20.782900,2.076200
2,1,40.491139,24.495002,3.627700,25.271799,1.998400
2,1,40.517356,26.217200,3.107600,26.389799,2.108600
2,1,40.546430,29.074099,2.749300,28.966700,2.002900
2,1,40.568937,22.507101,2.650000,22.220800,1.695900
2,1,40.593890,24.952900,3.074300,25.515200,1.992000
2,1,40.618355,24.464998,2.568500,24.055799,2.196800
2,1,40.645787,27.431499,2.880600,27.438700,1.670900
2,1,40.670118,24.330802,2.594000,24.350901,1.893000
2,1,40.691600,21.482799,2.629200,21.192400,1.740700
2,1,40.714765,23.164999,3.179200,23.563999,1.745500
2,1,40.736826,22.060402,2.661900,22.067301,2.234900
2,1,40.763300,26.474301,2.671000,26.196600,1.654400
2,1,40.787053,23.753397,2.651600,23.921301,2.000000
2,1,40.810020,22.966202,2.531700,23.320999,1.956200
2,1,40.834678,24.658199,2.870300,24.105400,1.485500
2,1,40.861246,26.567999,2.921500,26.486000,1.615500
2,1,40.885670,24.424002,2.950700,24.207100,1.792500
2,1,40.913207,27.536999,3.007900,27.968000,1.956700
2,1,40.937063,23.856599,2.893700,23.145201,1.871800
2,1,40.958390,21.326900,3.433500,21.815100,1.946200
2,1,40.983281,24.890400,2.954400,25.244600,1.831400
2,1,41.007397,24.116002,2.432300,24.127300,1.519500
2,1,41.031658,24.261199,2.347100,24.183599,1.923200
2,1,41.053427,21.768700,2.671300,21.559000,2.238400
2,1,41.079201,25.774598,3.066700,25.879700,1.701700
2,1,41.100934,21.733101,2.576800,21.417101,1.734300
2,1,41.123265,22.330500,2.845300,22.685499,2.212000
2,1,41.145617,22.351898,2.938700,22.516300,1.764300
2,1,41.167365,21.748800,2.446400,21.634600,1.457800
2,1,41.190859,23.493402,2.481000,23.181101,1.602400
2,1,41.213505,22.645600,3.717400,22.998600,1.777800
2,1,41.234473,20.968001,2.446700,20.758801,1.831600
2,1,41.256188,21.715499,2.838000,21.180401,1.911500
2,1,41.276719,20.531099,3.312000,20.780800,1.807400
2,1,41.299581,22.861801,3.034300,23.184700,1.713700
2,1,41.320789,21.208100,2.584200,20.965900,2.022100
2,1,41.344385,23.596399,2.868900,23.162800,1.981600
2,1,41.365071,20.685699,3.119000,21.061501,1.875000
2,1,41.387344,22.273101,3.202500,22.731001,1.667600
2,1,41.410572,23.227401,2.159900,22.802401,1.674500
2,1,41.433476,22.904098,2.804200,23.244101,1.916400
2,1,41.454737,21.261100,2.287000,21.254101,1.637600
2,1,41.476490,21.753602,2.217900,20.990200,1.712100
2,1,41.498631,22.140902,3.115300,22.633101,1.709500
2,1,41.522120,23.488399,2.729600,23.725599,2.006600
2,1,41.545021,22.901099,2.643500,22.883600,2.028300
2,1,41.569089,24.068199,2.279500,23.780600,1.531100
2,1,41.590157,21.068100,2.608500,20.885000,1.799600
2,1,41.612299,22.141803,2.741500,22.683800,1.473700
2,1,41.633495,21.196198,2.153200,21.039700,1.626300
2,1,41.657488,23.993302,2.283500,22.909700,1.768900
2,1,41.677685,20.196300,3.523500,21.065800,1.786900
2,1,41.701494,23.808900,2.506400,24.077200,1.603900
2,1,41.722999,21.504998,2.094700,21.147400,1.417700
2,1,41.746238,23.239300,3.204000,22.935900,1.973900
2,1,41.768924,22.685800,3.174700,22.822701,2.017200
2,1,41.790493,21.568801,2.937600,21.510401,1.836500
2,1,41.811019,20.526599,2.930500,20.910200,1.540600
2,1,41.834198,23.178700,2.351100,23.018600,1.706600
2,1,41.855761,21.563601,3.069900,21.556000,1.391700
2,1,41.877396,21.634899,2.589700,21.448299,1.319500
2,1,41.899495,22.098999,2.769500,22.040600,1.878000
2,1,41.922346,22.850301,2.736600,23.004700,2.577100
2,1,41.945123,22.777401,2.564400,22.694500,1.860400
2,1,41.965866,20.742998,2.841800,20.930901,1.735500
2,1,41.989526,23.660202,2.822400,23.038799,1.719300
2,1,42.009733,20.206898,3.280100,20.502100,1.919500
2,1,42.033605,23.872301,3.933100,24.354300,1.937800
2,1,42.057249,23.643401,2.540500,23.612700,1.418400
2,1,42.080168,22.918999,2.299200,22.968100,1.502400
2,1,42.103184,23.015700,2.165200,22.457600,1.521300
2,1,42.123738,20.554200,3.140800,21.095600,1.498200
2,1,42.146970,23.232698,2.142700,22.528000,1.569700
2,1,42.167228,20.258002,2.801800,21.005800,1.738900
2,1,42.188694,21.465398,2.044700,21.215401,1.555300
2,1,42.212201,23.506701,2.355900,23.191099,1.538000
2,1,42.233049,20.848200,2.835800,20.974400,1.869200
2,1,42.255931,22.882100,2.708900,22.585699,1.504000
2,1,42.278192,22.261102,2.844700,22.803900,1.573000
2,1,42.299446,21.253698,2.254400,21.397699,1.925300
2,1,42.322469,23.023102,2.106600,22.937599,1.546600
2,1,42.345404,22.935200,2.196600,22.955299,1.527000
2,1,42.367305,21.900699,2.107600,21.628700,1.850800
2,1,42.390369,23.064800,2.419400,22.747700,1.905100
2,1,42.415031,24.661101,2.661900,24.771999,1.513000
2,1,42.438048,23.017600,2.676900,23.135300,1.748500
2,1,42.459627,21.578699,2.442900,21.375601,2.041700
2,1,42.481904,22.276998,2.623800,22.367800,1.828000
2,1,42.503392,21.488503,2.470000,21.122200,2.263700
2,1,42.526788,23.396198,3.163400,23.736601,1.977600
2,1,42.550172,23.383800,2.747300,23.469601,1.805800
2,1,42.570756,20.583801,2.738700,20.593700,1.844600
2,1,42.592224,21.467499,2.533000,21.624100,1.534700
2,1,42.615289,23.065202,2.315700,22.601801,1.507000
2,1,42.638594,23.304999,2.691200,23.046700,1.904100
2,1,42.659483,20.888701,3.363700,21.076700,1.589300
2,1,42.682321,22.838198,2.878400,23.111799,2.012500
2,1,42.703350,21.028802,3.224400,21.036501,1.483200
2,1,42.726211,22.861898,2.638800,23.088499,1.517000
2,1,42.749259,23.047503,2.548500,22.889500,1.632400
2,1,42.772090,22.831399,2.466700,23.038000,1.881700
2,1,42.793386,21.295998,2.174100,21.307899,1.666000
2,1,42.815745,22.359002,2.138000,22.247200,1.355100
2,1,42.837643,21.897897,2.263200,21.083099,1.935800
2,1,42.858326,20.683102,3.058500,20.937599,1.538100
2,1,42.881072,22.745799,2.748300,22.908701,1.879700
2,1,42.902628,21.555401,2.615000,21.579100,1.764300
2,1,42.925497,22.869900,2.536700,23.181601,1.489800
2,1,42.947204,21.706197,2.184300,21.306499,1.392900
2,1,42.970250,23.046501,2.527400,23.144100,1.454200
2,1,42.994751,24.500899,2.952900,23.427900,2.129500
2,1,43.015311,20.559601,3.467300,21.375099,2.197500
2,1,43.040902,25.591899,3.041700,25.588600,2.006300
2,1,43.062394,21.491501,3.202700,21.748899,1.940700
2,1,43.085734,23.339599,2.556900,23.392500,1.608500
2,1,43.106604,20.870700,2.434800,20.907400,1.808800
2,1,43.129377,22.772402,2.348900,22.872101,1.705000
2,1,43.150816,21.439597,2.317500,21.514799,1.302400
2,1,43.174849,24.033003,2.118000,23.587400,2.497800
2,1,43.195808,20.958301,2.704800,20.681999,1.500600
2,1,43.216893,21.085199,2.792200,21.429100,1.873200
2,1,43.237301,20.407699,2.655100,20.810101,1.529100
2,1,43.261003,23.702700,2.087500,23.472500,1.438600
2,1,43.282241,21.237601,2.298100,21.371401,1.467300
2,1,43.305728,23.486700,2.094600,23.317101,1.913900
2,1,43.329548,23.820501,2.313800,23.488600,1.932700
2,1,43.352193,22.644598,2.608000,22.651400,1.876000
2,1,43.374116,21.923900,2.540100,21.663799,1.655400
2,1,43.400002,25.885601,2.988800,25.834400,1.664400
2,1,43.421136,21.133602,3.195000,21.300400,1.740500
2,1,43.443526,22.390701,2.695600,22.639099,1.776700
2,1,43.467134,23.607500,3.617800,23.430000,2.027600
2,1,43.489738,22.603799,2.887800,22.767500,1.655200
2,1,43.511442,21.704398,3.030000,21.755301,1.450600
2,1,43.535530,24.088301,2.476800,23.851801,1.780200
2,1,43.556171,20.640802,2.998100,20.870600,2.843600
2,1,43.579870,23.699000,2.484300,23.176901,1.861500
2,1,43.600587,20.716399,2.816800,21.346901,1.871900
2,1,43.623782,23.195501,2.400400,23.133900,1.984200
2,1,43.645875,22.092797,2.283500,21.752199,1.990200
2,1,43.669479,23.604300,2.763200,23.686100,2.005500
2,1,43.690348,20.869002,3.021600,21.041201,1.791200
2,1,43.715667,25.319200,3.213100,25.342600,1.738600
2,1,43.736692,21.024399,2.344900,21.173500,1.614700
2,1,43.760715,24.023600,2.350800,23.715000,1.944800
2,1,43.783398,22.682600,2.459800,22.443001,1.746300
2,1,43.803370,19.972000,2.872900,20.515200,1.545600
2,1,43.825022,21.652300,2.750400,20.968599,1.633800
2,1,43.849861,24.838902,2.992100,25.024799,2.112700
2,1,43.873309,23.447599,2.805300,23.201900,1.733100
2,1,43.893929,20.619798,3.275000,20.934601,2.066000
2,1,43.915322,21.393802,2.604700,21.535200,1.466200
2,1,43.938489,23.166999,2.344700,23.155800,1.616000
2,1,43.960857,22.367902,2.490600,21.542400,1.653000
2,1,43.983291,22.433799,3.488400,23.267799,1.932400
2,1,44.004999,21.708101,2.542700,21.550699,1.761700
2,1,44.024972,19.972999,2.386900,20.109600,1.726600
2,1,44.047915,22.943199,2.826600,23.002701,1.723800
2,1,44.069320,21.405000,2.329700,21.077200,1.503000
2,1,44.092726,23.405101,2.578000,23.455200,1.468100
2,1,44.113706,20.980101,2.816300,21.253599,1.497900
2,1,44.136843,23.137398,2.358400,22.850901,1.758100
2,1,44.159809,22.966500,2.617600,22.926201,1.888400
2,1,44.182536,22.726402,2.745900,22.991301,1.656200
2,1,44.205538,23.001999,2.467800,22.952900,1.692900
2,1,44.229142,23.603700,2.372800,23.321800,1.674900
2,1,44.251444,22.302099,2.659500,22.522200,1.601600
2,1,44.272279,20.834900,2.273400,21.083900,1.848900
2,1,44.293744,21.465402,2.149500,21.052200,1.491200
2,1,44.314699,20.955101,2.417700,21.378099,1.338800
2,1,44.336458,21.759197,1.964800,20.902000,1.642800
2,1,44.356948,20.490102,2.888500,21.035000,2.081600
2,1,44.378571,21.622397,2.409700,21.009701,1.557900
2,1,44.398924,20.353504,3.038700,21.112301,1.873700
2,1,44.420362,21.437999,2.267200,21.208500,1.590100
2,1,44.442946,22.584099,2.410000,22.754000,1.545700
2,1,44.464111,21.164399,2.159100,21.081800,1.608400
2,1,44.485330,21.219403,2.276000,21.400101,1.473100
2,1,44.509842,24.511699,2.028400,24.475700,1.476100
2,1,44.532276,22.433702,2.068400,21.839600,1.798700
2,1,44.556760,24.484698,2.669400,24.506201,1.794100
2,1,44.576857,20.096302,2.643800,20.553301,1.858300
2,1,44.598152,21.295600,2.051800,20.920601,1.929000
2,1,44.619215,21.062698,2.575900,21.319901,1.979200
2,1,44.642822,23.606800,2.387000,23.426901,1.684000
2,1,44.663459,20.637400,2.549600,20.818100,1.743600
2,1,44.686620,23.160800,2.439400,22.848700,1.714100
2,1,44.707035,20.415500,2.659200,20.882799,2.134300
2,1,44.730047,23.011200,2.212900,22.910801,1.850400
2,1,44.751643,21.596100,2.276800,21.158501,1.462400
2,1,44.774254,22.611100,2.693400,22.896500,1.513600
2,1,44.797277,23.022998,2.296500,22.822500,1.590800
2,1,44.818245,20.968203,2.608900,21.053200,1.559300
2,1,44.841611,23.366399,2.326800,23.278900,1.811100
2,1,44.862446,20.834200,2.642600,20.811701,1.546100
2,1,44.884244,21.798499,2.498700,21.727699,1.444400
2,1,44.906069,21.824703,2.498800,22.232700,1.549000
2,1,44.927551,21.482598,2.237700,21.109400,1.380600
2,1,44.951002,23.450799,2.498500,23.394300,1.456900
2,1,44.973153,22.151101,2.519600,22.510099,1.463100
2,1,44.996516,23.362700,2.187400,23.255899,1.494500
2,1,45.017239,20.722602,2.171100,20.926800,1.883200
2,1,45.038843,21.604799,1.911600,21.006800,1.429000
2,1,45.061673,22.829700,2.529400,22.993099,1.587700
2,1,45.082955,21.282099,2.473900,21.365499,1.510200
2,1,45.105485,22.529602,2.286900,22.785101,1.490000
2,1,45.128701,23.216199,2.066000,23.027399,1.533400
2,1,45.151831,23.130000,2.349700,23.055000,1.464000
2,1,45.173563,21.732401,2.416700,21.491400,1.644000
2,1,45.196705,23.141999,2.674900,22.678600,1.655600
2,1,45.218021,21.315198,3.325900,21.778099,1.994900
2,1,45.240944,22.923499,2.676500,21.348301,1.884500
2,1,45.264073,23.129001,4.995600,24.632999,2.152700
2,1,45.286502,22.428401,2.666700,22.228300,1.637700
2,1,45.307396,20.894598,3.091500,21.146799,2.246100
2,1,45.328884,21.488301,3.104400,21.207300,1.562000
2,1,45.349678,20.794000,2.849500,21.412701,1.686000
2,1,45.372337,22.658698,2.232900,22.789400,1.901300
2,1,45.395940,23.602501,2.049500,23.364000,1.401400
2,1,45.418904,22.964500,2.220600,22.803499,1.839700
2,1,45.442344,23.439500,2.483800,23.130199,1.554500
2,1,45.463454,21.110799,2.672600,21.579901,1.603300
2,1,45.486199,22.744302,2.307900,22.826401,1.621500
2,1,45.508004,21.805499,2.132300,21.389999,1.960800
2,1,45.529565,21.560702,2.804700,21.556400,2.086200
2,1,45.552190,22.625398,2.870700,22.808100,1.860900
2,1,45.573139,20.949099,2.585800,20.621099,1.941300
2,1,45.593471,20.331502,2.701100,20.906099,1.608000
2,1,45.615275,21.803901,2.053900,21.642099,1.451500
2,1,45.635444,20.169299,2.148900,20.274799,1.524500
2,1,45.659304,23.859799,2.611800,23.669901,1.762800
2,1,45.681004,21.699801,2.817200,21.793800,1.600900
2,1,45.704761,23.757599,2.189200,23.132000,1.425200
2,1,45.724833,20.071398,2.694100,20.754700,1.535300
2,1,45.746177,21.344204,2.094500,21.294600,1.634900
2,1,45.768360,22.182599,2.219200,21.800400,1.657100
2,1,45.790685,22.325199,2.440000,22.407101,1.789800
2,1,45.813208,22.523001,2.464900,22.527599,1.885600
2,1,45.834190,20.982299,2.447400,21.008499,1.926300
2,1,45.855460,21.269899,2.415000,21.121099,1.714900
2,1,45.877931,22.471100,2.590200,22.100401,1.791600
2,1,45.900383,22.452302,2.879500,22.660500,1.710200
2,1,45.923859,23.476198,3.030800,23.719101,1.618900
2,1,45.945508,21.648202,2.542700,21.694201,1.740700
2,1,45.967757,22.249099,2.228400,22.381901,1.794800
2,1,45.991165,23.408599,2.263200,23.058599,1.979600
2,1,46.012305,21.139201,2.591300,21.036100,1.666600
2,1,46.034855,22.550799,2.450400,22.901100,1.563300
2,1,46.056080,21.224301,2.318500,20.734100,1.666900
2,1,46.077537,21.457601,2.625700,21.851101,1.484800
2,1,46.097992,20.454500,2.215800,20.179600,1.487100
2,1,46.121471,23.479600,2.856800,23.079100,1.799700
2,1,46.144076,22.604499,3.245800,23.048599,1.502900
2,1,46.167785,23.708999,2.958800,23.060400,1.888500
2,1,46.188440,20.655200,3.354400,21.444401,1.785200
2,1,46.211509,23.069203,2.495000,22.952400,1.901100
2,1,46.235037,23.527499,2.558000,23.281300,1.714700
2,1,46.256074,21.036901,2.920800,20.674400,1.714100
2,1,46.277564,21.490298,4.779600,22.140900,1.654000
2,1,46.298684,21.120202,2.415700,21.245800,1.625400
2,1,46.322427,23.743197,2.489200,23.461800,1.616100
2,1,46.342620,20.192701,2.796500,20.469400,2.148500
2,1,46.363520,20.900000,2.969100,20.803801,1.808500
2,1,46.386128,22.608198,2.418600,22.421900,2.021000
2,1,46.409213,23.084302,2.708600,22.861300,1.522200
2,1,46.430365,21.152399,2.833100,21.252199,1.653500
2,1,46.452743,22.378001,2.757000,22.550100,1.525700
2,1,46.474926,22.182900,2.600500,22.120300,1.450200
2,1,46.496158,21.232098,2.557100,20.559799,2.272900
2,1,46.518479,22.321399,3.163300,23.007799,1.646200
2,1,46.540003,21.524001,2.496800,21.496599,1.604800
2,1,46.560860,20.857099,2.598700,20.993500,1.447400
2,1,46.585864,25.003299,2.261600,24.650999,1.921600
2,1,46.607130,21.266203,2.675800,21.420700,1.728000
2,1,46.628335,21.204799,2.726800,21.135799,1.799200
2,1,46.651490,23.155000,2.905800,23.132799,1.717800
2,1,46.674747,23.257598,2.492200,23.059500,1.697700
2,1,46.695685,20.937901,2.619400,21.516100,1.814000
2,1,46.716424,20.738501,2.162300,20.100599,1.704700
2,1,46.738943,22.519197,2.784600,22.717300,1.595200
2,1,46.759862,20.919003,2.590400,21.164600,1.468200
2,1,46.782122,22.259597,2.256500,22.127300,1.439400
2,1,46.803083,20.961702,2.378300,21.206200,1.565900
2,1,46.826658,23.574300,2.007900,23.072599,1.541200
2,1,46.849574,22.916801,2.601500,23.022699,1.785300
2,1,46.870844,21.269299,2.771200,21.196100,1.956900
2,1,46.894167,23.323599,2.923200,23.273600,1.776000
2,1,46.917560,23.393001,2.655000,23.365000,1.686700
2,1,46.940233,22.673000,2.748100,23.253799,1.579200
2,1,46.961479,21.246098,2.042700,21.171700,1.521000
2,1,46.986875,25.395602,2.178900,25.276400,1.440300
2,1,47.008512,21.637101,2.166700,21.453899,1.452700
2,1,47.035398,26.886199,2.320500,26.703800,1.783600
2,1,47.057075,21.676701,2.526400,21.687799,1.723000
2,1,47.078448,21.373298,2.478600,21.639601,2.172900
2,1,47.101331,22.883002,2.430100,22.492201,1.598200
2,1,47.122007,20.675201,2.937700,20.649000,1.555000
2,1,47.144649,22.642400,2.756200,22.938900,1.458200
2,1,47.168058,23.408599,2.470900,23.420000,1.594600
2,1,47.188408,20.350799,2.520400,20.483000,1.554300
2,1,47.211834,23.425899,2.280300,23.308500,1.504900
2,1,47.234960,23.125302,2.377800,23.325600,1.749600
2,1,47.258957,23.997400,2.143300,23.495899,1.521200
2,1,47.279714,20.756900,2.691700,21.155800,1.928800
2,1,47.301866,22.152398,2.383700,21.557301,1.512300
2,1,47.324269,22.403102,2.944000,22.977100,1.454900
2,1,47.347499,23.229297,2.564300,23.092800,1.882700
2,1,47.368644,21.145601,2.287000,21.187799,2.212000
2,1,47.392211,23.566399,2.257500,23.382999,1.644800
2,1,47.414616,22.405401,2.394000,22.616199,1.469600
2,1,47.435722,21.105502,2.373300,20.631701,1.440400
2,1,47.459524,23.802098,2.784500,23.899599,2.446500
2,1,47.480645,21.121603,2.977500,20.597401,2.068500
2,1,47.503044,22.398699,3.218300,23.013000,1.964400
2,1,47.528895,25.851101,2.422000,25.927601,1.927700
2,1,47.552457,23.561500,2.814400,23.472601,1.744300
2,1,47.574171,21.714397,2.580900,21.287001,1.676800
2,1,47.597338,23.167003,3.102900,23.308399,2.434500
2,1,47.618313,20.975098,3.717100,21.230000,1.684500
2,1,47.641653,23.339901,3.342400,23.541500,1.489700
2,1,47.663329,21.675602,2.261300,21.503700,1.875700
2,1,47.686245,22.916097,2.334200,22.865200,2.016800
2,1,47.712066,25.821202,2.526800,25.432600,1.834900
2,1,47.734757,22.690900,3.100600,22.751600,1.947900
2,1,47.757615,22.858098,2.694200,23.345501,1.809100
2,1,47.779052,21.437503,2.360700,20.901899,1.974200
2,1,47.801477,22.424497,3.052300,22.744301,1.819400
2,1,47.822046,20.568900,2.498100,20.775600,1.864200
2,1,47.845350,23.303900,2.488600,23.034401,1.509100
2,1,47.866283,20.933103,2.594200,21.084000,1.692700
2,1,47.889711,23.428399,2.326300,23.257700,1.660100
2,1,47.911052,21.340698,2.379800,21.260599,1.660600
2,1,47.934013,22.961400,2.515000,23.292500,1.548400
2,1,47.956942,22.928901,2.150200,22.786800,1.592900
2,1,47.978145,21.203101,2.327900,20.739901,1.611300
2,1,48.002016,23.871101,2.898200,23.659300,1.942700
2,1,48.023639,21.622799,3.697600,21.851299,2.520600
2,1,48.046040,22.400998,3.129700,22.898199,2.529300
2,1,48.067251,21.211401,2.558900,20.871799,1.653400
2,1,48.088622,21.370400,2.724900,21.531000,1.507000
2,1,48.111201,22.579301,2.282100,22.805901,1.773000
2,1,48.134445,23.244299,2.062500,23.226400,2.033900
2,1,48.157672,23.226403,2.099800,22.960199,1.491200
2,1,48.181504,23.831699,2.367000,23.468800,2.058600
2,1,48.202079,20.575099,2.722100,20.632299,1.362100
2,1,48.224490,22.411700,2.763000,22.816799,1.734500
2,1,48.245742,21.251701,2.341100,20.886299,1.809400
2,1,48.268780,23.038298,2.630200,23.010000,1.929700
2,1,48.290326,21.545902,2.728000,21.865101,2.028600
2,1,48.313046,22.719301,2.210500,22.358999,1.634300
2,1,48.335399,22.353400,2.616000,22.392900,1.528100
2,1,48.356785,21.385998,2.522600,21.220100,1.747600
2,1,48.379526,22.740502,2.748900,22.866301,1.713900
2,1,48.403391,23.865100,2.650100,23.358000,1.739500
2,1,48.423487,20.096298,3.776400,20.681000,1.752800
2,1,48.446606,23.119099,3.136300,23.136801,1.718700
2,1,48.470055,23.449302,2.690900,23.327499,1.994800
3,1,66.040614,21.846998,2.827100,21.653400,2.002200
3,1,66.066296,25.682200,3.275300,25.949699,2.003100
3,1,66.089530,23.234401,2.786300,23.622801,1.893500
3,1,66.111076,21.545902,1.871600,20.505199,2.052600
3,1,66.132152,21.076199,3.061300,21.925200,1.923000
3,1,66.156549,24.396900,3.412300,23.910000,1.733000
3,1,66.179552,23.002401,3.034000,23.374901,1.749000
3,1,66.200941,21.389600,2.372000,21.146299,1.979900
3,1,66.223877,22.935998,2.949000,23.258499,1.679900
3,1,66.245462,21.584902,2.308300,21.134501,1.598300
3,1,66.270713,25.250498,2.736800,24.876200,1.505900
3,1,66.292224,21.511000,3.020800,22.215799,1.588000
3,1,66.317325,25.101300,2.405400,24.501900,1.804800
3,1,66.339876,22.551402,3.254800,22.920799,1.968300
3,1,66.360791,20.914599,2.869500,20.757601,1.827500
3,1,66.385435,24.643701,3.058900,24.960400,1.827400
3,1,66.406255,20.820100,2.650100,21.017300,1.725600
3,1,66.431067,24.812199,2.547200,24.401100,1.635300
3,1,66.453641,22.573601,2.537700,22.919399,1.626900
3,1,66.477983,24.342697,2.155300,23.568600,1.741200
3,1,66.500626,22.642601,3.109900,22.750601,2.251700
3,1,66.522708,22.082400,3.114000,22.426001,1.888900
3,1,66.546645,23.937102,2.526900,23.780701,2.149400
3,1,66.569387,22.741497,2.687800,22.915600,1.633000
3,1,66.590636,21.248903,2.484100,21.247601,1.740100
3,1,66.614838,24.202697,2.423700,23.935801,1.509500
3,1,66.635868,21.029301,2.638800,21.457001,1.720400
3,1,66.659719,23.851700,2.408700,23.484800,2.211400
3,1,66.680824,21.105099,2.950400,21.035900,1.788800
3,1,66.704011,23.186300,3.230000,23.029400,2.154500
3,1,66.726379,22.368699,3.100700,22.748400,1.749100
3,1,66.748020,21.640401,3.533100,21.486099,1.772800
3,1,66.771044,23.024399,2.867200,23.248301,1.551400
3,1,66.793542,22.498101,2.575300,22.638500,1.579100
3,1,66.816274,22.731900,2.124200,22.452600,1.753000
3,1,66.839184,22.909999,2.407800,22.898600,1.512200
3,1,66.860213,21.028303,2.358100,21.117701,1.711900
3,1,66.884005,23.791999,2.359700,23.884300,1.524300
3,1,66.905019,21.014601,2.254400,20.639099,1.400600
3,1,66.925926,20.906799,2.529900,21.043699,1.505000
3,1,66.948736,22.810400,2.420000,22.872400,1.365800
3,1,66.971389,22.652701,2.313800,22.844299,1.505200
3,1,66.994414,23.024701,2.062700,21.804600,1.788500
3,1,67.016237,21.822900,3.241700,22.808901,2.195800
3,1,67.040463,24.225999,2.348600,24.087500,2.312600
3,1,67.062800,22.336900,2.830100,22.181299,2.338700
3,1,67.083931,21.131802,2.976600,20.982100,2.595500
3,1,67.105942,22.010300,3.501000,22.611099,2.641000
3,1,67.129265,23.323298,2.259700,23.130100,1.757600
3,1,67.152131,22.866402,2.343300,22.968500,1.563400
3,1,67.175171,23.039501,2.452000,22.558100,1.446600
3,1,67.196075,20.904597,2.609800,21.092300,1.443500
3,1,67.217583,21.507200,2.358200,21.147900,1.530800
3,1,67.239537,21.954402,2.621200,22.506500,1.667400
3,1,67.263076,23.538798,2.528200,23.078699,2.327200
3,1,67.285529,22.453401,2.739700,22.663500,1.585700
3,1,67.307376,21.846499,2.520700,21.890100,1.552600
3,1,67.328523,21.147300,2.428300,21.449900,1.355000
3,1,67.351885,23.362100,2.088100,23.276501,1.501500
3,1,67.375197,23.312200,2.557700,23.350201,1.617700
3,1,67.398970,23.772102,2.426200,23.085800,1.643300
3,1,67.421992,23.022499,3.058100,23.474899,1.523400
3,1,67.443138,21.146301,2.639600,21.136400,1.641600
3,1,67.466636,23.497999,2.432500,23.518400,2.169800
3,1,67.486983,20.346999,2.555900,20.470699,1.812700
3,1,67.512494,25.510300,2.402800,25.289900,1.713200
3,1,67.535634,23.140103,2.596500,23.471201,1.534500
3,1,67.557447,21.813098,2.065200,21.578400,1.681800
3,1,67.580845,23.398601,2.315300,23.611000,1.753000
3,1,67.606748,25.902599,2.045300,25.182501,1.590700
3,1,67.630636,23.887999,2.770200,24.309000,1.974700
3,1,67.653445,22.808701,2.605400,22.302401,2.037400
3,1,67.675784,22.339199,3.119500,22.810200,2.249200
3,1,67.697315,21.530602,3.110900,21.518801,2.365900
3,1,67.720622,23.307599,2.537700,23.462700,1.863500
3,1,67.744316,23.694001,2.379600,23.545200,1.893300
3,1,67.765480,21.163899,2.331100,21.001200,1.791500
3,1,67.788883,23.403499,2.606800,23.330601,1.969600
3,1,67.812389,23.505799,2.339800,23.759001,1.818800
3,1,67.835896,23.506902,2.321900,23.690500,2.146000
3,1,67.859103,23.206998,2.094900,22.734400,1.772100
3,1,67.884061,24.957303,2.698100,24.886900,1.648100
3,1,67.905379,21.318298,2.654500,21.546301,1.620800
3,1,67.928538,23.159400,2.370100,23.238001,2.047900
3,1,67.953028,24.489500,2.404000,24.165100,1.545000
3,1,67.973474,20.446200,2.481800,20.477100,1.815800
3,1,67.995003,21.529600,2.664800,21.527201,1.787400
3,1,68.018491,23.487102,2.778100,23.518299,1.680900
3,1,68.041959,23.468200,2.456600,23.752899,1.762200
3,1,68.063032,21.073300,2.148700,20.652201,1.723400
3,1,68.086205,23.173198,2.662900,23.494600,1.610700
3,1,68.109258,23.052700,2.309800,22.856600,1.649300
3,1,68.132297,23.038700,2.423800,23.047100,1.514900
3,1,68.153305,21.008302,2.333600,21.322901,1.507100
3,1,68.177278,23.972601,2.015100,23.587400,1.784700
3,1,68.201546,24.268299,2.756600,23.336700,1.628100
3,1,68.222658,21.112300,3.843900,21.718599,2.010100
3,1,68.246655,23.997098,3.656700,24.168800,2.352900
3,1,68.269651,22.996102,2.688700,23.118700,2.213600
3,1,68.290799,21.147698,2.660400,21.373199,1.661200
3,1,68.313940,23.141302,2.304400,23.177900,1.711800
3,1,68.335566,21.625400,2.289700,21.456800,1.567700
3,1,68.358352,22.786397,2.468500,22.885700,1.752600
3,1,68.380164,21.811802,2.264200,21.572100,1.603900
3,1,68.401254,21.089800,2.536800,20.913401,1.531800
3,1,68.424331,23.077399,2.684800,23.425600,1.378800
3,1,68.445690,21.359202,2.187100,21.185499,1.517100
3,1,68.469042,23.351301,2.405800,23.366800,1.521700
3,1,68.491612,22.570301,2.374400,22.920401,1.633900
3,1,68.517432,25.819600,2.103000,25.255100,1.844900
3,1,68.540662,23.230698,2.540400,23.735100,1.464200
3,1,68.562706,22.043601,2.051400,21.546400,1.676400
3,1,68.586038,23.331799,2.658600,23.639700,1.675900
3,1,68.612757,26.719201,2.338100,26.345900,1.957200
3,1,68.633823,21.066599,3.337000,21.129801,1.927000
3,1,68.658480,24.656203,2.772600,24.889200,1.481900
3,1,68.683769,25.289599,2.609900,23.768299,1.756000
3,1,68.703210,19.441001,3.774200,21.035200,2.154900
3,1,68.726513,23.302898,2.068500,23.074200,1.631000
3,1,68.750404,23.891300,2.405800,24.001499,1.431200
3,1,68.773703,23.298401,2.299100,23.412600,1.667700
3,1,68.797738,24.035301,2.431300,23.618099,1.873300
3,1,68.820237,22.499297,2.853100,22.965300,1.890300
3,1,68.843674,23.436703,2.222700,23.341499,1.819200
3,1,68.867270,23.596298,2.152400,23.181700,1.852000
3,1,68.888501,21.230802,2.562900,21.309700,2.173200
3,1,68.911572,23.070600,2.458900,22.672800,1.482300
3,1,68.932413,20.840701,2.956600,21.265699,1.545700
3,1,68.955364,22.950999,2.577400,23.322901,1.485700
3,1,68.976548,21.184098,2.107600,20.815100,1.302700
3,1,68.999887,23.339700,2.454900,23.335199,1.610400
3,1,69.022743,22.855800,2.738000,22.959299,1.556900
3,1,69.045854,23.110602,2.336600,23.325899,1.757200
3,1,69.068891,23.036700,2.344500,22.995199,1.715700
3,1,69.091007,22.116501,2.251600,21.924200,1.590200
3,1,69.113807,22.799999,2.608300,22.916700,1.996500
3,1,69.135136,21.329399,2.114200,21.156200,1.490300
3,1,69.158443,23.306902,2.213300,23.373899,1.775500
3,1,69.182372,23.928799,2.119800,23.757799,2.022100
3,1,69.203010,20.638000,2.239900,20.414600,1.832700
3,1,69.225687,22.676699,2.685700,23.215401,1.764500
3,1,69.249481,23.794401,2.009800,23.321600,1.868500
3,1,69.270819,21.337498,2.508500,21.391300,1.715200
3,1,69.291679,20.860102,2.498300,21.090500,1.673900
3,1,69.315481,23.802098,2.203600,23.280600,1.668000
3,1,69.337966,22.485003,2.710500,23.082600,1.447300
3,1,69.363237,25.270697,2.129900,24.763201,2.177300
3,1,69.385495,22.258300,2.667600,22.737801,2.208900
3,1,69.407140,21.644901,2.148700,21.275499,1.594300
3,1,69.429007,21.867499,2.629700,22.011900,1.573800
3,1,69.451365,22.357702,2.555100,22.251900,1.671700
3,1,69.475573,24.208300,2.428200,23.439400,1.733700
3,1,69.497627,22.054099,3.143100,22.977301,1.815500
3,1,69.521745,24.117701,2.312600,23.871901,1.564300
3,1,69.545179,23.433700,2.440400,23.377899,1.663100
3,1,69.568425,23.245700,2.409000,23.302900,1.422400
3,1,69.591735,23.310199,2.595400,23.323900,1.384300
3,1,69.614773,23.038000,2.302600,23.408600,1.411400
3,1,69.638191,23.418501,2.248600,23.249201,1.620400
3,1,69.659854,21.663100,2.100400,21.552200,1.736100
3,1,69.684114,24.259899,2.272000,24.337299,1.688600
3,1,69.707659,23.545202,2.192500,23.593800,1.614600
3,1,69.730845,23.185100,2.052700,22.958700,1.547700
3,1,69.752374,21.529797,2.288600,21.324400,1.967500
3,1,69.775452,23.077302,2.426700,23.212299,1.557100
3,1,69.800378,24.925999,2.369400,24.976700,1.699800
3,1,69.821496,21.118499,2.436000,21.190399,1.600600
3,1,69.846609,25.113203,2.387500,24.971100,1.563900
3,1,69.869325,22.715699,2.376200,22.970800,1.541600
3,1,69.890999,21.673899,2.129000,21.316299,1.717300
3,1,69.914306,23.307201,2.452100,23.021099,1.450000
3,1,69.934941,20.634402,2.818700,21.353201,1.694600
3,1,69.955788,20.847898,2.254500,20.681700,1.622500
3,1,69.980520,24.731599,2.410600,24.886101,1.820900
3,1,70.001659,21.139301,2.109400,20.997400,1.852500
3,1,70.025096,23.437001,2.306100,23.120600,1.528800
3,1,70.048119,23.022298,2.449200,23.194201,2.008600
3,1,70.069220,21.101501,2.330800,20.837700,1.750100
3,1,70.090411,21.191001,2.427300,21.173500,1.334500
3,1,70.113772,23.361299,2.676300,23.254400,1.407700
3,1,70.134565,20.792101,2.677500,21.104300,1.567500
3,1,70.155660,21.095701,2.178700,21.271999,1.461600
3,1,70.179133,23.472499,2.009300,22.734501,1.592400
3,1,70.203223,24.089802,2.959900,24.671400,1.647800
3,1,70.224448,21.225400,2.439200,21.370001,1.702100
3,1,70.247674,23.225598,2.665600,23.235800,1.782400
3,1,70.269005,21.331802,2.063900,21.185101,1.585400
3,1,70.290482,21.476697,2.168900,21.241400,1.997100
3,1,70.311669,21.187201,2.412200,21.253599,1.539800
3,1,70.336225,24.555799,2.224500,24.488899,1.564300
3,1,70.357846,21.620803,2.645800,21.319700,1.629600
3,1,70.380329,22.482999,2.839400,23.165199,1.609400
3,1,70.402213,21.884501,2.050600,21.471701,1.595800
3,1,70.424619,22.406001,2.417900,22.525700,1.569500
3,1,70.445753,21.133900,2.332300,21.249800,1.546500
3,1,70.469217,23.463499,2.222200,23.387199,1.454400
3,1,70.490199,20.982001,2.291000,20.935900,2.154900
3,1,70.515461,25.262199,2.562200,24.873400,1.910800
3,1,70.536846,21.384701,2.963600,21.426300,2.652200
3,1,70.560334,23.488898,2.724900,23.745701,1.855400
3,1,70.583703,23.368999,2.372600,23.267000,1.696200
3,1,70.606699,22.995301,2.352600,22.802200,1.461100
3,1,70.630254,23.555201,2.699000,23.444099,1.619600
3,1,70.650854,20.599801,2.850400,20.951401,1.827200
3,1,70.674521,23.666799,2.600900,23.447599,1.743700
3,1,70.698796,24.275500,2.536900,24.497000,1.509500
3,1,70.721867,23.070700,2.470700,23.241600,1.902500
3,1,70.743228,21.361198,2.175300,21.326700,1.599900
3,1,70.768497,25.268503,2.245100,25.075199,1.445800
3,1,70.790321,21.824598,2.474900,21.707800,2.022400
3,1,70.815445,25.124200,3.068300,24.676399,1.825200
3,1,70.834429,18.984102,3.215600,19.677000,1.935000
3,1,70.856157,21.727499,2.522500,21.468700,1.473400
3,1,70.876395,20.237800,2.502700,20.692101,1.897500
3,1,70.900007,23.612600,1.926400,23.117800,1.720400
3,1,70.921189,21.181900,2.382900,21.274300,1.988800
3,1,70.944402,23.212999,2.494000,23.014500,2.013900
3,1,70.966513,22.110801,3.387300,21.414700,1.926200
3,1,70.988395,21.882299,3.683900,22.873100,1.778900
3,1,71.009796,21.400802,2.449200,21.100300,1.623100
3,1,71.030760,20.964298,2.593400,21.078300,1.938600
3,1,71.054415,23.654301,2.448200,23.400600,1.928100
3,1,71.076817,22.402499,2.796500,22.645000,2.222400
3,1,71.100212,23.394302,2.586800,23.286200,2.187700
3,1,71.123085,22.872999,2.556400,22.616301,2.090500
3,1,71.147856,24.771500,2.735200,25.247900,1.815600
3,1,71.171721,23.864500,2.279800,23.314400,1.657200
3,1,71.192448,20.727899,2.728500,20.937401,1.839900
3,1,71.213688,21.240000,2.339200,21.475300,1.655200
3,1,71.236757,23.068201,2.263600,23.126699,1.676300
3,1,71.258853,22.096101,2.155500,21.745600,1.778100
3,1,71.281577,22.724498,2.486400,22.812201,1.664200
3,1,71.304722,23.145203,2.326800,23.424500,1.434800
3,1,71.327529,22.806600,1.983600,22.267300,1.668000
3,1,71.349822,22.292897,2.525400,22.764500,1.717400
3,1,71.372263,22.441201,2.350100,22.179199,2.869500
3,1,71.394687,22.424001,2.363500,22.460899,1.966200
3,1,71.416701,22.013500,2.425500,21.786400,1.506000
3,1,71.440229,23.528598,2.694300,23.515400,1.832800
3,1,71.463728,23.498300,2.665200,23.826401,1.932900
3,1,71.489017,25.289800,2.313000,24.983299,1.840000
3,1,71.511591,22.573300,2.600600,22.531099,1.655300
3,1,71.535598,24.007201,2.494000,23.740801,1.949300
3,1,71.557925,22.326998,2.869800,22.900299,1.774700
3,1,71.579267,21.342002,2.619800,21.455601,1.887200
3,1,71.602660,23.392800,2.306100,22.893101,1.806100
3,1,71.624062,21.402799,2.602100,21.572100,1.696100
3,1,71.647384,23.321200,2.461600,23.530500,2.290100
3,1,71.671938,24.554402,2.297300,24.455999,2.128300
3,1,71.693089,21.151099,2.230000,21.258101,1.886200
3,1,71.716992,23.903199,2.256500,23.304199,1.797900
3,1,71.740537,23.545101,3.140600,23.453199,1.764200
3,1,71.763558,23.020498,3.106200,23.116600,1.988900
3,1,71.784729,21.170702,2.926000,21.218500,1.766600
3,1,71.805466,20.737898,2.740900,20.971500,1.905600
3,1,71.828311,22.844102,2.559600,23.008499,1.753500
3,1,71.850058,21.747399,2.617800,21.324900,2.041700
3,1,71.875832,25.774300,2.907900,25.952499,1.659000
3,1,71.900902,25.069401,2.540600,24.780800,1.768000
3,1,71.923815,22.912998,2.683900,23.481300,1.634900
3,1,71.947145,23.330100,2.432000,23.242901,1.795700
3,1,71.969044,21.899000,2.271600,21.495100,1.716700
3,1,71.993927,24.883203,2.425100,25.206699,1.580600
3,1,72.015678,21.751098,2.823800,21.259399,2.401800
3,1,72.040567,24.888899,3.215700,25.271900,1.495300
3,1,72.062567,22.000402,2.769400,21.847601,1.557100
3,1,72.087163,24.595600,2.718200,24.811100,1.672800
3,1,72.111250,24.087001,2.518200,23.836000,1.862700
3,1,72.134304,23.053598,2.787400,23.027201,1.985300
3,1,72.157695,23.391202,2.824200,23.484900,1.656500
3,1,72.181678,23.982897,2.670700,23.462299,2.043000
3,1,72.204765,23.087401,3.432700,23.378599,2.110500
3,1,72.227598,22.832502,2.941200,22.867500,2.393400
3,1,72.249675,22.077400,3.287400,22.245399,2.396700
3,1,72.274913,25.237598,3.017000,24.870600,1.756800
3,1,72.296280,21.367103,3.167100,21.488501,1.623500
3,1,72.316822,20.541899,2.654600,21.107599,1.588100
3,1,72.340230,23.408700,2.106200,23.404499,1.275500
3,1,72.361662,21.431599,2.101700,21.377899,1.364600
3,1,72.384798,23.136299,2.053100,23.181299,1.701600
3,1,72.408556,23.757603,2.024700,23.166700,1.863700
3,1,72.429781,21.225099,2.738100,21.500500,2.103800
3,1,72.452425,22.644300,2.861300,22.563299,1.985000
3,1,72.476248,23.822300,2.361400,23.348600,1.761600
3,1,72.496870,20.622700,2.775100,20.855000,1.741100
3,1,72.520763,23.892701,2.448600,23.421499,1.724000
3,1,72.544130,23.366798,2.898000,24.159599,1.981200
3,1,72.565816,21.685801,2.142900,21.567699,1.661100
3,1,72.588767,22.951800,2.051800,22.505899,1.576100
3,1,72.612404,23.636498,3.072500,23.971701,1.700800
3,1,72.633886,21.481901,3.345100,21.221100,2.229900
3,1,72.656399,22.513501,2.638200,22.614599,1.441700
3,1,72.679253,22.853598,2.781100,23.196699,1.643900
3,1,72.701146,21.893602,2.157000,21.527399,2.263400
3,1,72.723943,22.796698,2.482800,23.128000,1.616900
3,1,72.748367,24.423700,2.072400,23.819700,2.136100
3,1,72.769616,21.249700,2.720100,21.205299,1.667600
3,1,72.792221,22.604600,2.809500,22.931101,2.790200
3,1,72.815495,23.273401,2.564300,22.235300,2.240100
3,1,72.835447,19.952901,3.770300,20.851500,2.200000
3,1,72.858075,22.627201,2.488800,22.837601,2.098200
3,1,72.879164,21.089099,2.388100,20.758699,1.997400
3,1,72.901812,22.648301,2.792400,23.034201,1.395900
3,1,72.925050,23.238298,2.161200,23.413700,1.546300
3,1,72.949113,24.062302,2.053500,23.482901,1.880000
3,1,72.971945,22.832200,2.586200,22.744101,1.707500
3,1,72.993735,21.790400,2.709600,21.679199,2.368100
3,1,73.016151,22.416297,3.006100,22.747000,1.955400
3,1,73.038238,22.086501,2.733300,22.108500,1.739200
3,1,73.059783,21.545500,2.503600,21.368401,1.623700
3,1,73.084019,24.235401,3.254000,23.857201,2.539000
3,1,73.107098,23.078799,3.518800,23.398500,2.591500
3,1,73.128169,21.070901,3.932100,21.389200,2.016200
3,1,73.151377,23.208700,2.393900,23.134001,1.659200
3,1,73.173082,21.704700,2.282000,21.353701,1.770700
3,1,73.196615,23.533400,2.678800,23.739799,1.754500
3,1,73.217493,20.877399,2.473300,20.844999,1.501300
3,1,73.239693,22.199702,2.459000,22.219700,2.002900
3,1,73.260579,20.886797,2.411400,21.105700,1.648600
3,1,73.283652,23.072500,2.554800,23.063400,1.679600
3,1,73.307486,23.834001,2.230900,23.361601,1.598800
3,1,73.332444,24.958000,2.738500,25.194599,1.680500
3,1,73.355648,23.204602,2.496900,23.143900,1.965900
3,1,73.376982,21.333698,3.433300,21.379801,2.070900
3,1,73.400190,23.207899,2.619500,23.172501,1.670100
3,1,73.423368,23.177702,2.451200,23.229500,1.361400
3,1,73.446023,22.655100,2.273700,22.917999,1.558700
3,1,73.467617,21.594599,2.021400,21.276899,1.679800
3,1,73.491495,23.877800,2.308500,23.284800,1.814500
3,1,73.514299,22.804100,3.120200,23.228701,2.019600
3,1,73.536288,21.988600,2.559900,22.179501,2.085900
3,1,73.557877,21.589402,2.756300,21.493799,1.784400
3,1,73.581258,23.380898,2.471200,23.682800,1.584400
3,1,73.606380,25.121700,2.076300,24.733801,1.362600
3,1,73.627796,21.415699,2.711600,21.435200,1.444500
3,1,73.651248,23.452099,2.457400,23.461300,1.492300
3,1,73.673859,22.610802,2.517700,22.737101,1.727200
3,1,73.696637,22.778101,2.361400,22.791599,1.650900
3,1,73.720729,24.092399,2.396300,23.602200,1.499300
3,1,73.741326,20.597000,2.724000,21.177500,1.542000
3,1,73.764435,23.108698,1.915200,23.039101,1.760100
3,1,73.785770,21.335300,2.322900,21.229200,1.621100
3,1,73.809142,23.372203,2.759400,23.011200,2.002200
3,1,73.830327,21.184299,2.557800,21.658001,1.789700
3,1,73.854878,24.551898,2.042800,24.560699,1.561700
3,1,73.877959,23.080800,1.980000,22.881701,1.585200
3,1,73.902435,24.475399,2.183800,23.802401,1.578000
3,1,73.924771,22.336103,3.017800,23.070499,2.122500
3,1,73.948058,23.287199,2.642700,23.165001,2.143000
3,1,73.969044,20.986598,2.301800,20.729601,1.991000
3,1,73.991541,22.496901,2.590000,22.788000,1.744300
3,1,74.015001,23.459598,2.282800,22.945299,1.478500
3,1,74.036077,21.075800,2.836500,21.648300,1.638400
4,1,91.597183,21.788500,2.682400,21.360500,1.584400
4,1,91.620469,23.285899,2.764900,23.408501,2.154300
4,1,91.643661,23.191802,2.753600,23.068501,1.809500
4,1,91.666070,22.409000,2.887700,22.874500,1.811000
4,1,91.687493,21.423500,2.399600,21.404301,1.851300
4,1,91.713825,26.332200,2.321400,25.695400,1.747700
4,1,91.735393,21.568101,3.051100,22.210800,2.085100
4,1,91.758531,23.137901,2.448300,22.795401,1.584300
4,1,91.780115,21.584097,2.493700,21.808701,1.642100
4,1,91.800623,20.508002,2.350600,20.196699,1.836300
4,1,91.821564,20.940498,2.764400,21.335300,1.854000
4,1,91.844150,22.586502,2.234900,22.662201,1.959400
4,1,91.866159,22.008400,2.191800,21.439100,1.994100
4,1,91.893163,27.004197,2.829500,27.140200,1.837300
4,1,91.913959,20.796303,2.664000,20.792900,1.863900
4,1,91.937017,23.057699,2.679000,22.902201,2.030700
4,1,91.959850,22.832900,2.709300,22.944300,1.777900
4,1,91.982608,22.757899,3.271400,23.115400,1.964900
4,1,92.004808,22.200599,2.272600,21.784300,1.693900
4,1,92.025584,20.775199,2.772800,21.049400,1.847400
4,1,92.048806,23.222301,2.556900,23.221701,1.609300
4,1,92.071745,22.939499,2.379900,23.026699,1.679200
4,1,92.093204,21.458402,2.267500,21.085800,1.826400
4,1,92.114316,21.111798,2.626800,21.676800,1.867800
4,1,92.137853,23.537900,2.793500,22.717400,1.936300
4,1,92.159268,21.414302,2.873800,21.337900,2.143400
4,1,92.179722,20.454299,3.082800,20.898899,2.217600
4,1,92.200912,21.189600,4.233700,21.263100,1.887600
4,1,92.223974,23.061901,2.509800,22.823400,1.953000
4,1,92.247559,23.585498,2.676900,22.901699,1.794200
4,1,92.270206,22.646401,3.257900,23.126499,1.660700
4,1,92.291085,20.879399,2.826700,21.489201,1.808000
4,1,92.313806,22.721101,2.390300,22.652700,1.752300
4,1,92.335129,21.323100,2.298300,21.040501,2.029700
4,1,92.358380,23.250699,2.565200,23.046600,1.887900
4,1,92.381142,22.762399,2.897500,23.061300,2.007800
4,1,92.402889,21.747202,2.768300,21.490400,2.023200
4,1,92.425366,22.476301,2.752000,22.787300,1.861100
4,1,92.448333,22.967499,3.603600,23.008200,1.774000
4,1,92.470738,22.404801,2.396500,21.393700,1.859800
4,1,92.493418,22.680297,3.499200,23.219900,1.815900
4,1,92.514326,20.907402,2.885300,21.209000,1.822100
4,1,92.536019,21.693598,2.517500,21.571899,1.700000
4,1,92.559232,23.212302,2.638000,23.200001,1.773000
4,1,92.580449,21.217197,2.546300,21.488199,1.800300
4,1,92.605287,24.838600,2.311100,24.800699,2.074800
4,1,92.627806,22.518400,2.320200,22.600000,1.791300
4,1,92.649071,21.264702,2.260600,20.980900,2.020600
4,1,92.670083,21.012001,2.525600,21.114700,1.848500
4,1,92.691255,21.172099,2.359400,20.991301,1.398200
4,1,92.711545,20.290300,2.595100,20.712299,1.896400
4,1,92.733119,21.573700,2.256100,21.357300,2.167000
4,1,92.756581,23.461901,2.239800,23.245399,1.884300
4,1,92.780165,23.584399,3.049600,23.756201,1.836700
4,1,92.803306,23.140900,3.026000,23.240200,1.956400
4,1,92.826086,22.780199,2.218000,22.684000,1.619700
4,1,92.848124,22.037800,2.363400,21.888700,1.637000
4,1,92.873246,25.122501,2.504200,24.851101,1.804100
4,1,92.895784,22.537600,2.621500,22.754700,1.718300
4,1,92.920122,24.337899,2.781200,24.119801,1.619700
4,1,92.942409,22.287201,2.927800,22.564501,1.811500
4,1,92.965573,23.164000,3.207600,23.225000,1.547800
4,1,92.986949,21.376301,2.743800,21.462200,1.560000
4,1,93.010207,23.257297,2.044600,23.383101,1.873900
4,1,93.033748,23.541201,2.176100,22.956900,1.831000
4,1,93.054322,20.574600,3.259000,21.195499,2.040600
4,1,93.078045,23.722500,2.337900,23.236799,1.717100
4,1,93.098939,20.894300,2.675200,21.132200,1.801800
4,1,93.121597,22.657901,3.315900,22.716299,1.985100
4,1,93.145039,23.442101,2.641900,23.195200,2.025200
4,1,93.165774,20.734899,2.374300,21.038500,1.604400
4,1,93.189432,23.657802,2.692400,23.149500,1.800800
4,1,93.210300,20.868398,2.722800,21.158001,1.773400
4,1,93.231605,21.304902,2.333000,21.233400,1.687100
4,1,93.255151,23.545597,2.433700,23.158199,1.720900
4,1,93.277798,22.646703,3.027700,23.281000,2.082400
4,1,93.301893,24.095800,2.461100,22.848301,2.029700
4,1,93.323565,21.671697,3.865100,22.736500,2.607200
4,1,93.349674,26.108902,2.655700,25.839500,2.199100
4,1,93.369356,19.682098,2.781100,19.901501,1.900100
4,1,93.390765,21.409303,2.439400,21.111000,2.097200
4,1,93.411646,20.880599,3.016600,20.872000,1.631500
4,1,93.434054,22.407800,2.985700,22.699900,1.484700
4,1,93.455592,21.538299,2.460900,21.339899,1.531100
4,1,93.477210,21.618102,2.712900,22.020800,1.650700
4,1,93.498117,20.906501,2.145900,20.619801,2.140100
4,1,93.522225,24.108898,2.480400,23.864599,1.773800
4,1,93.546919,24.693701,2.761700,24.868999,1.840600
4,1,93.568453,21.534000,3.546800,21.547600,1.836500
4,1,93.590996,22.543002,2.891500,22.979799,2.053400
4,1,93.614588,23.591500,2.152800,23.263800,1.690900
4,1,93.636003,21.415297,2.471600,21.301500,2.112700
4,1,93.659149,23.146402,2.640400,22.913601,1.978600
4,1,93.683951,24.801500,2.792600,24.999100,1.942500
4,1,93.705150,21.199398,3.051600,20.819700,2.068400
4,1,93.727807,22.656802,3.043700,22.891800,2.224400
4,1,93.749034,21.226600,2.736800,21.281500,1.855800
4,1,93.770145,21.111101,2.695100,21.077700,1.765100
4,1,93.792833,22.688199,2.571700,23.115200,1.577700
4,1,93.813808,20.975400,2.110500,20.651199,1.442300
4,1,93.837402,23.593701,2.651700,23.160000,1.878400
4,1,93.858836,21.434098,2.861400,20.763300,1.843100
4,1,93.883264,24.427701,3.544100,25.192600,2.379500
4,1,93.904386,21.121901,2.935100,21.285200,1.994500
4,1,93.925602,21.216597,2.786400,21.035999,1.914900
4,1,93.948248,22.645801,3.166400,22.980499,1.713200
4,1,93.971494,23.245499,2.659900,23.369200,1.779200
4,1,93.992474,20.980202,2.555200,20.827900,1.914500
4,1,94.013977,21.503098,2.825900,21.711000,2.877700
4,1,94.039199,25.221802,2.772400,24.843100,1.699000
4,1,94.059076,19.877099,2.507600,20.157900,1.578500
4,1,94.080172,21.095801,2.184600,20.873100,1.603100
4,1,94.100926,20.753901,2.420300,20.939699,1.696900
4,1,94.121991,21.065500,2.282900,20.823601,1.645900
4,1,94.143019,21.027800,2.360900,21.079700,1.541600
4,1,94.165952,22.933301,2.390100,23.278299,1.499600
4,1,94.187620,21.668099,2.042800,21.223499,1.606500
4,1,94.210560,22.939701,2.598800,23.020000,1.567700
4,1,94.233216,22.655800,2.350800,22.603001,1.485800
4,1,94.254386,21.170400,2.531000,21.466801,2.197200
4,1,94.275983,21.596398,2.298600,21.014900,1.821600
4,1,94.298098,22.115503,2.734100,22.663000,1.753200
4,1,94.319271,21.172699,2.345600,21.126900,1.674100
4,1,94.341782,22.511199,2.320100,22.486401,1.872400
4,1,94.364512,22.729900,2.312100,22.880100,1.794300
4,1,94.387596,23.083899,2.085600,23.082899,1.555700
4,1,94.408739,21.143600,2.132500,20.977900,1.556800
4,1,94.432419,23.679901,2.233700,23.167500,1.436500
4,1,94.455548,23.128502,2.671200,23.127199,1.530100
4,1,94.476654,21.105800,2.950700,21.047300,2.518700
4,1,94.496376,19.722600,3.574800,20.032200,2.013500
4,1,94.516906,20.530000,2.772400,20.432301,2.100000
4,1,94.541141,24.234999,2.782900,23.973301,2.047000
4,1,94.560210,19.068301,3.245000,19.807600,1.822200
4,1,94.583686,23.476399,2.123800,23.278400,1.421900
4,1,94.606482,22.795800,2.675900,23.014000,1.705600
4,1,94.629801,23.319498,2.046700,23.215700,1.375900
4,1,94.653182,23.380902,2.194600,23.209801,1.841900
4,1,94.675885,22.702798,2.285100,22.560699,1.611300
4,1,94.697204,21.319401,2.411100,21.669201,1.609800
4,1,94.722766,25.561702,2.033600,25.421801,1.729800
4,1,94.745310,22.544201,2.212300,22.417101,1.664600
4,1,94.768894,23.583598,2.468100,23.355700,1.728900
4,1,94.789921,21.027502,2.586300,21.105499,1.666400
4,1,94.811220,21.298397,2.548400,21.511000,1.769600
4,1,94.834408,23.188800,2.718500,23.099199,1.612300
4,1,94.857444,23.035303,2.357000,23.059401,1.793500
4,1,94.881891,24.447199,2.405800,23.872400,1.829800
4,1,94.904913,23.021601,3.134700,23.136000,2.097500
4,1,94.927266,22.353798,2.967900,22.733900,2.089400
4,1,94.951025,23.758799,2.445900,23.542999,2.266500
4,1,94.972932,21.906700,2.831700,22.006300,2.329700
4,1,94.994293,21.361399,2.956900,21.172199,2.382800
4,1,95.018367,24.074003,3.467300,23.465900,2.535700
4,1,95.040663,22.295300,4.047300,22.541599,2.508400
4,1,95.063145,22.482798,3.687600,22.492901,3.128300
4,1,95.084012,20.867001,4.353900,20.956400,2.301600
4,1,95.108228,24.215501,4.973100,24.647800,2.368700
4,1,95.128737,20.509001,2.622200,20.590000,2.335800
4,1,95.150670,21.933299,2.520000,21.358999,2.035800
4,1,95.175815,25.144998,3.112600,25.644100,2.244800
4,1,95.196952,21.137003,2.729800,20.904200,2.037600
4,1,95.219558,22.606198,3.565200,22.059299,2.524500
4,1,95.241912,22.353601,3.303400,22.469601,2.857300
4,1,95.264871,22.958502,4.017500,23.193701,2.320600
4,1,95.288408,23.537099,3.170300,23.167400,2.331000
4,1,95.311227,22.819500,3.802300,23.007299,2.360900
4,1,95.332578,21.351200,3.361300,21.966499,2.507300
4,1,95.355026,22.447199,2.574700,22.418200,3.240200
4,1,95.378050,23.024902,2.559400,22.660999,2.208100
4,1,95.400902,22.851400,2.912700,23.145000,2.041700
4,1,95.423521,22.618897,2.457700,21.969900,1.990500
4,1,95.448893,25.371801,3.350100,25.300800,3.151600
4,1,95.470159,21.266900,3.969800,21.949200,2.807900
4,1,95.493944,23.784399,2.898700,22.822800,2.231900
4,1,95.516162,22.218101,3.188900,22.069901,2.002600
4,1,95.540008,23.846000,3.585500,24.341101,2.192100
4,1,95.560459,20.451002,3.367400,21.171801,1.982400
4,1,95.584449,23.990300,2.307600,23.450001,2.057100
4,1,95.606168,21.718398,2.881200,22.316299,1.816100
4,1,95.629416,23.248501,2.143100,23.118900,1.451500
4,1,95.653072,23.655899,2.202500,23.317900,1.988900
4,1,95.676520,23.448203,2.709900,23.455000,1.630400
4,1,95.698056,21.535698,2.751400,21.347099,2.260200
4,1,95.719880,21.824300,2.829900,22.429800,2.155600
4,1,95.742261,22.380900,2.364100,21.660299,1.905500
4,1,95.764381,22.119600,2.809400,22.732201,1.977700
4,1,95.788125,23.743801,2.343200,23.626301,1.411100
4,1,95.811207,23.082398,2.348500,22.718000,1.536500
4,1,95.834586,23.379300,2.737700,23.538700,1.668700
4,1,95.857879,23.292400,2.475100,23.298401,1.928700
4,1,95.881341,23.462102,2.660100,22.830299,1.984500
4,1,95.901922,20.581298,3.396700,20.989201,2.227600
4,1,95.925134,23.212101,2.817200,23.420500,1.652600
4,1,95.948694,23.559999,2.772900,23.087799,2.056800
4,1,95.973669,24.974700,3.343200,24.901899,1.838800
4,1,95.994261,20.592503,4.162500,20.988300,2.943500
4,1,96.014918,20.656500,3.714200,20.698999,2.679700
4,1,96.036467,21.548998,2.843500,21.629000,2.773100
4,1,96.062743,26.275899,2.812900,26.136999,2.345400
4,1,96.086532,23.789000,2.667200,23.748100,2.441700
4,1,96.108886,22.354603,2.809300,22.405199,2.916600
4,1,96.131734,22.847399,2.894900,22.675900,2.465100
4,1,96.152620,20.886201,3.257700,21.239401,2.503200
4,1,96.178087,25.467400,2.869900,25.179600,2.359500
4,1,96.200548,22.460397,3.313900,22.539000,2.402900
4,1,96.224074,23.526400,4.164700,23.173401,3.772100
4,1,96.244630,20.556003,3.240800,20.817101,1.833700
4,1,96.265370,20.739600,2.799900,20.497101,1.955600
4,1,96.285905,20.535298,2.973500,20.613400,1.993300
4,1,96.306658,20.753000,2.869200,21.270800,1.646700
4,1,96.329500,22.841901,2.271300,22.878901,1.952900
4,1,96.353234,23.734301,2.279500,23.126200,2.030300
4,1,96.376115,22.880599,3.102800,23.287500,1.861800
4,1,96.399265,23.150001,4.267500,22.823999,2.181200
4,1,96.420068,20.803601,2.818100,20.942301,1.961200
4,1,96.443361,23.292899,2.660300,23.172701,1.886500
4,1,96.463939,20.577900,3.188500,20.869699,2.208100
4,1,96.486783,22.843700,2.655100,22.053301,2.250800
4,1,96.510448,23.665298,3.321600,23.598200,2.714300
4,1,96.531983,21.535203,3.935400,21.893700,2.880100
4,1,96.555069,23.085199,3.416300,23.327801,2.015900
4,1,96.577111,22.042301,2.750100,22.246599,1.680800
4,1,96.599120,22.009198,2.298400,21.590799,1.791000
4,1,96.623178,24.057802,2.968400,24.390301,1.998800
4,1,96.643647,20.469300,2.694400,20.262100,2.095900
4,1,96.664047,20.399999,2.591100,20.664600,1.747600
4,1,96.686203,22.155702,2.254400,22.214500,1.916800
4,1,96.709793,23.589998,2.352500,23.067600,1.686800
4,1,96.732137,22.344500,2.700900,22.747700,1.746800
4,1,96.753601,21.464001,2.405900,21.248400,1.652000
4,1,96.774643,21.041900,2.655200,21.420900,1.400900
4,1,96.799725,25.081798,2.101900,24.945900,1.643400
4,1,96.821311,21.585599,2.289000,21.292000,1.591200
4,1,96.842482,21.171302,2.575900,21.075001,1.901800
4,1,96.865410,22.928100,2.661700,22.733000,2.122800
4,1,96.888809,23.399100,2.912200,23.667400,1.927800
4,1,96.912477,23.667999,3.071600,23.729099,1.686000
4,1,96.933395,20.917702,2.599500,21.063400,2.033200
4,1,96.956331,22.936299,2.575500,23.006399,1.920800
4,1,96.977598,21.266900,2.377400,20.990601,1.835400
4,1,96.998779,21.180600,2.614400,21.392900,1.793200
4,1,97.022870,24.091698,2.313300,23.608801,1.761900
4,1,97.045263,22.392102,2.903000,22.703300,1.782700
4,1,97.066404,21.141902,2.719200,21.070200,2.784400
4,1,97.086961,20.556897,2.590800,21.021299,1.682900
4,1,97.109708,22.746600,2.076800,22.752001,1.642300
4,1,97.131590,21.881603,1.949700,21.188999,1.699900
4,1,97.152641,21.051899,2.759600,21.152300,1.543700
4,1,97.175618,22.976600,2.603600,23.014000,1.598900
4,1,97.198017,22.399001,2.581500,22.875900,1.887400
4,1,97.219573,21.555599,2.357300,21.549999,2.092200
4,1,97.241610,22.037700,2.030400,21.298201,2.232700
4,1,97.266002,24.391800,2.855700,24.702299,1.755300
4,1,97.287441,21.438800,2.920000,21.220501,1.759600
4,1,97.310382,22.941500,2.991400,23.294800,1.667300
4,1,97.332757,22.374101,2.964600,21.296801,1.809000
4,1,97.356857,24.100501,4.346300,24.946199,1.874700
4,1,97.377542,20.685300,2.986500,20.595100,2.316200
4,1,97.402800,25.257498,3.229100,25.536501,2.300400
4,1,97.424410,21.610700,2.906400,20.860001,2.845700
4,1,97.444152,19.741800,3.413600,20.051800,2.461600
4,1,97.466635,22.483002,3.189200,22.896200,2.020500
4,1,97.488272,21.636300,3.589200,21.443501,2.167100
4,1,97.509979,21.707200,2.945000,21.633400,1.891300
4,1,97.534588,24.608899,3.024200,24.948000,2.102500
4,1,97.556123,21.535601,2.481800,21.433201,2.129100
4,1,97.578302,22.178400,2.407500,21.188801,1.803200
4,1,97.600565,22.262897,3.377300,22.625700,1.980800
4,1,97.626790,26.225802,3.790200,26.898701,2.602100
4,1,97.648047,21.257099,2.726900,20.919300,2.029700
4,1,97.669522,21.474902,3.050600,21.615999,2.277900
4,1,97.692331,22.808399,2.565900,22.801100,1.617700
4,1,97.713166,20.834900,2.334600,20.928301,1.536100
4,1,97.734041,20.875700,2.287600,21.024500,1.769800
4,1,97.757312,23.271099,2.096700,23.050501,1.412500
4,1,97.778479,21.166600,2.373600,21.328300,1.766000
4,1,97.801326,22.847202,2.264600,22.515100,1.815200
4,1,97.824184,22.857200,2.702100,22.856400,1.615800
4,1,97.845140,20.956200,2.562600,21.196199,1.461600
4,1,97.868172,23.031898,2.836000,22.640800,2.086600
4,1,97.889113,20.941801,3.474900,21.357800,1.856700
4,1,97.910959,21.846000,2.332500,21.489401,1.506800
4,1,97.931528,20.569000,2.641600,21.141300,1.776300
4,1,97.956171,24.642199,1.967400,23.853901,2.166000
4,1,97.980522,24.351399,2.767300,24.918600,2.280200
4,1,98.003343,22.821400,2.300600,22.785101,1.859600
4,1,98.024449,21.105699,2.294400,21.062599,1.785200
4,1,98.048568,24.118803,2.419900,23.918600,1.802800
4,1,98.071737,23.169499,2.514100,23.193399,1.589000
4,1,98.094963,23.225900,2.514600,23.397699,1.538500
4,1,98.115836,20.872399,2.231900,20.799601,1.642300
4,1,98.137704,21.868799,2.252500,21.551701,1.721500
4,1,98.158296,20.591103,2.830500,20.610001,1.657500
4,1,98.179829,21.533798,2.764200,21.504700,1.700200
4,1,98.204502,24.672300,2.581400,25.027700,1.832800
4,1,98.226049,21.547202,2.208900,21.538799,1.663400
4,1,98.250064,24.015497,2.363000,23.662800,1.575300
4,1,98.272624,22.559103,2.676700,22.999800,1.513800
4,1,98.296427,23.803297,2.246100,23.343201,1.437100
4,1,98.317199,20.772003,2.628200,20.932800,1.761100
4,1,98.341587,24.388097,2.344600,24.742300,1.628100
4,1,98.365389,23.801703,2.067300,23.309799,1.934300
4,1,98.388348,22.959597,2.717800,23.057501,2.131900
4,1,98.410078,21.730199,2.841200,21.320900,1.825400
4,1,98.430775,20.696402,3.242600,20.774799,2.160600
4,1,98.453383,22.608001,3.076600,22.948601,2.263200
4,1,98.475630,22.247300,2.622300,22.513500,1.848300
4,1,98.497707,22.077199,2.629000,21.661800,1.751800
4,1,98.519631,21.923799,2.533100,21.555401,1.760900
4,1,98.543113,23.481600,2.908000,23.643499,2.266200
4,1,98.563369,20.256501,2.967300,20.662001,1.816100
4,1,98.586919,23.549601,2.460700,22.900101,2.162900
4,1,98.608789,21.870401,3.128800,22.440599,2.017100
4,1,98.630088,21.298997,2.469900,21.330200,1.706900
4,1,98.652294,22.205401,2.395600,21.850800,1.491100
4,1,98.674752,22.458900,2.746200,22.863400,1.758300
4,1,98.696322,21.569602,3.013400,21.192400,1.609100
4,1,98.721565,25.242899,2.654800,25.134001,1.838500
4,1,98.743575,22.010401,3.379800,22.302200,2.037000
4,1,98.764511,20.935599,2.884600,21.222799,1.517500
4,1,98.787467,22.956200,2.178000,22.921400,1.789900
4,1,98.809510,22.042599,2.221900,21.699499,1.715000
4,1,98.830390,20.879801,2.591700,21.275900,2.147600
4,1,98.853274,22.884201,2.210000,22.785400,1.839900
4,1,98.877035,23.761198,2.296200,23.386000,1.672900
4,1,98.900144,23.109302,2.630200,22.940500,2.053200
4,1,98.922862,22.717301,2.899500,23.065701,1.819600
4,1,98.943806,20.944498,3.399300,21.161699,1.754500
4,1,98.968094,24.287898,2.267000,24.174500,1.681300
4,1,98.990396,22.301603,2.443700,21.909700,1.580400
4,1,99.011723,21.327600,2.771500,21.480200,2.014000
4,1,99.034280,22.556998,2.896900,22.406500,1.866500
4,1,99.057054,22.773400,2.985800,23.207300,1.783300
4,1,99.080186,23.132499,2.453300,22.953199,1.914900
4,1,99.101938,21.751903,2.501300,21.454201,1.690700
4,1,99.122753,20.815101,2.869000,21.062500,2.232100
4,1,99.146026,23.272596,2.902300,22.875299,2.159200
4,1,99.168776,22.750001,3.367200,22.942900,2.219300
4,1,99.189569,20.793300,3.700300,21.129400,1.795400
4,1,99.211289,21.720499,3.441500,21.582500,1.520500
4,1,99.234086,22.796303,2.412000,22.902201,1.554200
4,1,99.257858,23.772497,2.379300,23.533300,1.824900
4,1,99.281380,23.521401,2.632800,22.854300,2.099100
4,1,99.304594,23.214202,3.392200,22.844700,1.570100
4,1,99.324691,20.096999,3.629400,21.279200,1.868000
4,1,99.350747,26.055899,2.866000,25.268400,2.121100
4,1,99.373028,22.281200,3.199600,23.107800,1.801500
4,1,99.394576,21.547902,2.241900,21.480200,1.892500
4,1,99.418378,23.801997,2.429800,22.946301,2.386300
4,1,99.440474,22.095703,3.568000,22.622900,2.028300
4,1,99.463885,23.411699,2.955600,23.454500,1.524600
4,1,99.485047,21.162100,2.647900,21.180000,2.071800
4,1,99.508381,23.333501,2.583200,23.365700,1.941500
4,1,99.530524,22.142798,2.635900,21.468201,1.893200
4,1,99.551618,21.094501,3.296200,21.815100,2.212100
4,1,99.574427,22.809099,2.638900,23.068199,1.773100
5,1,117.217391,19.759800,3.672100,20.983601,1.708300
5,1,117.240816,23.424897,2.560400,23.291800,1.773200
5,1,117.265765,24.949200,2.397700,25.060400,1.626100
5,1,117.287802,22.036500,2.694100,21.474100,1.834700
5,1,117.310757,22.954900,2.718500,23.506201,1.866200
5,1,117.334177,23.420300,2.596500,23.521799,1.976500
5,1,117.356817,22.639900,2.025500,22.047800,1.813800
5,1,117.378216,21.399301,2.656600,21.716200,1.841100
5,1,117.403466,25.249999,2.383200,25.211399,2.009300
5,1,117.424504,21.037400,2.423700,21.121799,1.796900
5,1,117.446007,21.502901,2.208600,21.288099,2.062100
5,1,117.469240,23.233101,2.538800,23.493601,1.671900
5,1,117.492530,23.289699,2.213800,22.752300,2.409300
5,1,117.514027,21.497700,2.810100,21.910000,1.581900
5,1,117.537965,23.938201,2.365000,23.480499,2.416200
5,1,117.559044,21.078900,2.826200,21.209999,1.770700
5,1,117.583151,24.106700,2.584000,24.117300,1.676600
5,1,117.605065,21.913499,2.714500,21.932400,2.334400
5,1,117.625817,20.752601,2.906700,20.964701,2.205500
5,1,117.651859,26.041400,2.436400,25.887600,2.251500
5,1,117.674839,22.980601,2.528200,23.283400,2.086600
5,1,117.696090,21.251198,2.101800,21.232599,1.746900
5,1,117.719302,23.211602,1.950100,22.883900,1.550500
5,1,117.741368,22.066098,2.459900,21.903900,1.557900
5,1,117.762039,20.671200,2.838900,20.825100,1.870900
5,1,117.785298,23.259200,2.528300,23.193701,1.490800
5,1,117.806282,20.983599,2.483300,21.275299,1.390400
5,1,117.829026,22.744101,2.139700,22.697001,1.742700
5,1,117.852025,22.999201,2.231300,22.973400,2.118400
5,1,117.873519,21.494199,2.219000,21.429399,1.590700
5,1,117.896617,23.097701,2.197800,23.235500,1.747900
5,1,117.918418,21.800600,2.103800,21.632799,1.518300
5,1,117.940933,22.514701,2.421800,22.709299,1.744000
5,1,117.964514,23.581501,2.027500,23.210199,1.368400
5,1,117.988540,24.025697,2.318600,24.391300,1.481000
5,1,118.010422,21.881901,1.920200,21.619101,1.663800
5,1,118.035972,25.550101,2.371500,25.203699,1.738600
5,1,118.058258,22.286698,2.991400,22.633801,2.043800
5,1,118.079391,21.132503,2.296700,20.434401,1.821600
5,1,118.102709,23.317900,3.226900,23.481199,1.837000
5,1,118.124944,22.234898,3.201600,22.584200,1.655700
5,1,118.145749,20.805299,2.382200,21.082001,2.650800
5,1,118.169811,24.062403,2.247000,23.677099,1.731900
5,1,118.191042,21.230899,2.582300,21.192801,2.125700
5,1,118.215068,24.026100,2.708300,24.221001,2.004600
5,1,118.237948,22.879299,3.027400,22.879700,2.005000
5,1,118.259226,21.278303,2.397100,21.403299,1.544400
5,1,118.281561,22.335198,2.322400,22.273100,1.511400
5,1,118.302924,21.362800,2.056500,21.375900,1.382100
5,1,118.323996,21.072302,2.008900,21.177000,1.463100
5,1,118.348453,24.456300,2.075400,23.448200,1.774500
5,1,118.368858,20.405598,3.135200,20.971001,2.011700
5,1,118.390080,21.222200,2.527600,21.231199,1.399500
5,1,118.410804,20.723600,2.444400,20.963400,1.763600
5,1,118.434223,23.419403,2.362200,23.285500,1.999000
5,1,118.455491,21.267299,2.398300,21.267799,1.888900
5,1,118.480783,25.292400,2.585100,24.773300,2.433900
5,1,118.503014,22.230498,3.047200,22.412100,1.900100
5,1,118.524477,21.463301,2.964600,21.265100,1.812900
5,1,118.547712,23.234900,2.954200,23.593700,1.720800
5,1,118.571851,24.139401,2.730000,24.338699,2.061900
5,1,118.593463,21.611899,2.848400,21.515499,1.871300
5,1,118.616059,22.596098,2.483900,22.724300,1.635000
5,1,118.639164,23.104303,2.343300,23.129299,1.623300
5,1,118.660339,21.175299,2.203400,21.114201,1.922200
5,1,118.683778,23.438901,2.287000,23.116501,1.458000
5,1,118.704914,21.136601,2.669000,21.558701,1.718700
5,1,118.728286,23.371298,2.234000,23.298599,1.757700
5,1,118.751834,23.548000,2.232200,23.314600,2.026200
5,1,118.774647,22.812903,2.942900,22.766899,2.033700
5,1,118.795770,21.123197,2.958000,21.104601,2.311900
5,1,118.818441,22.671200,3.043700,22.621099,2.396500
5,1,118.839480,21.039400,3.266100,20.870001,2.982100
5,1,118.860551,21.070402,2.890100,21.073700,1.841700
5,1,118.883592,23.040898,2.649700,23.082899,1.828100
5,1,118.906345,22.753399,2.613200,22.814400,1.723100
5,1,118.928843,22.497803,2.493600,22.683201,1.491500
5,1,118.951791,22.948097,2.264400,22.995701,2.225000
5,1,118.975538,23.747500,2.300400,23.346701,1.825300
5,1,118.997064,21.525901,2.687800,21.302200,1.693300
5,1,119.017964,20.899400,3.272300,21.610901,1.817400
5,1,119.041480,23.516502,2.247800,23.425200,2.147200
5,1,119.064293,22.813000,2.299000,22.790400,1.858100
5,1,119.085955,21.661799,2.249200,21.579100,1.749000
5,1,119.107117,21.161500,2.441600,21.195601,1.495900
5,1,119.128368,21.251000,2.427100,20.988300,1.868700
5,1,119.151346,22.978399,2.544300,23.002501,2.215100
5,1,119.174088,22.741899,2.468400,22.809401,1.815400
5,1,119.197287,23.199700,2.427100,23.246099,1.861200
5,1,119.219243,21.955200,2.414800,21.549200,1.623500
5,1,119.239671,20.427801,2.912000,20.695700,2.314000
5,1,119.263518,23.847900,2.861800,23.733200,1.669000
5,1,119.285636,22.117700,3.682000,22.189501,2.049700
5,1,119.307245,21.609001,2.681300,21.492300,1.450600
5,1,119.331888,24.642698,2.634800,25.059200,1.713300
5,1,119.355675,23.787100,2.146000,23.643700,1.510400
5,1,119.378638,22.962999,2.131900,22.435400,2.122200
5,1,119.398700,20.061903,2.832900,20.739500,2.110100
5,1,119.419905,21.205399,2.144200,20.985300,2.121800
5,1,119.440101,20.195302,2.235800,20.026699,1.643200
5,1,119.461050,20.949800,2.712600,20.892500,2.215900
5,1,119.483102,22.051297,2.865500,21.555799,1.839200
5,1,119.503907,20.805702,3.194400,21.316700,1.787400
5,1,119.526728,22.820599,2.646300,23.008699,1.682500
5,1,119.550634,23.906201,2.263600,23.367599,1.638700
5,1,119.571211,20.577099,2.934700,21.139200,2.089800
5,1,119.592139,20.927500,2.383800,20.742300,1.834800
5,1,119.616418,24.279099,4.032300,23.367201,1.844400
5,1,119.639036,22.617903,3.221300,23.547199,1.818100
5,1,119.661291,22.255000,2.358500,22.522699,1.653200
5,1,119.684461,23.169801,2.054700,23.035999,1.492800
5,1,119.707805,23.344297,2.288800,23.171900,2.225600
5,1,119.729635,21.830101,2.332200,21.717899,2.457000
5,1,119.754586,24.950802,2.886900,25.273701,1.603100
5,1,119.777751,23.165397,2.077800,22.852501,1.534300
5,1,119.801185,23.434199,2.376200,23.288200,1.880600
5,1,119.824719,23.533802,2.702000,23.628099,1.410400
5,1,119.847856,23.136500,2.408100,22.998899,1.592500
5,1,119.871304,23.448799,2.785300,23.583500,1.582800
5,1,119.893962,22.657901,2.593300,22.774900,2.013000
5,1,119.914667,20.704798,2.470100,20.913000,1.822500
5,1,119.938728,24.060499,2.117700,23.649700,2.338800
5,1,119.961642,22.914603,2.770200,22.837799,2.069200
5,1,119.984012,22.369400,2.850700,22.671801,1.897000
5,1,120.006775,22.763498,2.594700,22.685400,2.225200
5,1,120.027962,21.186702,2.659400,21.195601,1.767500
5,1,120.048946,20.984098,2.392300,20.937901,1.676700
5,1,120.071594,22.647601,2.380700,22.778601,1.944800
5,1,120.095191,23.597099,2.271900,23.134800,1.853200
5,1,120.117072,21.880902,2.782400,22.395700,2.173600
5,1,120.139379,22.307899,2.142600,21.647499,1.931100
5,1,120.161634,22.254698,2.994800,22.768700,1.721300
5,1,120.182807,21.173000,2.344200,20.923901,1.966900
5,1,120.205804,22.996802,2.560700,23.169600,1.940000
5,1,120.227388,21.584101,2.444200,21.140200,2.032500
5,1,120.247385,19.997198,3.014100,20.484301,1.788000
5,1,120.269426,22.041202,2.357200,21.897900,1.820500
5,1,120.291809,22.382598,2.377000,22.237600,1.779300
5,1,120.315063,23.254100,2.492000,23.351801,1.441700
5,1,120.339779,24.716001,2.595800,24.911600,1.762300
5,1,120.364934,25.154598,2.356300,25.066999,1.395700
5,1,120.385617,20.683400,2.226000,20.874300,1.739500
5,1,120.407015,21.398202,2.003700,21.199301,1.464000
5,1,120.429904,22.889100,2.178400,22.834400,1.900700
5,1,120.451413,21.508198,2.233400,21.129400,1.614100
5,1,120.472686,21.273799,2.671300,21.464600,1.882000
5,1,120.495443,22.756703,2.458700,22.680000,2.117000
5,1,120.520644,25.200598,2.530000,24.841400,1.803300
5,1,120.541887,21.242801,2.995500,21.858700,2.293600
5,1,120.564480,22.593901,2.465600,22.660101,1.765000
5,1,120.585930,21.449897,2.208400,21.152399,1.805700
5,1,120.608948,23.018103,2.480400,22.858801,1.697300
5,1,120.630401,21.452699,2.798700,21.480200,1.996900
5,1,120.653464,23.062900,2.810200,23.117001,1.733600
5,1,120.676529,23.064800,2.657400,22.729601,2.121000
5,1,120.700830,24.300899,3.043900,24.587299,2.382600
5,1,120.723772,22.942301,2.724600,23.059700,1.856500
5,1,120.745087,21.314502,2.409400,21.193800,2.000700
5,1,120.767872,22.785500,2.568700,22.714300,2.022900
5,1,120.788585,20.713098,2.770300,20.977200,2.088600
5,1,120.809782,21.196801,2.490400,20.824301,1.701300
5,1,120.832504,22.721898,2.788500,23.245399,1.893300
5,1,120.855629,23.125000,2.209500,22.954201,1.543800
5,1,120.876519,20.890202,2.364900,20.756701,1.743600
5,1,120.899102,22.582799,2.444200,22.761299,1.613800
5,1,120.920379,21.277498,2.291300,21.368601,1.612500
5,1,120.943469,23.090001,2.035800,22.684099,1.913100
5,1,120.966505,23.035701,2.546700,22.950899,1.655800
5,1,120.987199,20.693500,2.716200,21.029900,1.589900
5,1,121.010344,23.145799,2.188500,22.922899,1.712800
5,1,121.033238,22.893999,2.564900,22.760000,1.541500
5,1,121.055351,22.112403,2.598500,22.356300,1.749900
5,1,121.077654,22.303797,2.237300,22.239500,1.616400
5,1,121.099042,21.387100,2.465800,21.177500,1.650100
5,1,121.120456,21.414801,2.677800,21.868401,1.642400
5,1,121.141495,21.038100,2.009600,20.964300,1.431300
5,1,121.164067,22.572201,2.083600,22.412500,1.586700
5,1,121.187580,23.513298,2.122300,23.030899,1.753600
5,1,121.208267,20.686500,3.086200,20.870899,1.880000
5,1,121.231033,22.766300,3.062000,22.786400,2.209600
5,1,121.254091,23.058400,2.962500,23.231100,1.531700
5,1,121.277353,23.262102,2.380600,23.309299,1.680700
5,1,121.299453,22.099998,2.483200,21.617001,1.589000
5,1,121.324686,25.233001,2.737900,25.122299,1.810200
5,1,121.345048,20.362101,3.041700,21.124300,2.176600
5,1,121.372068,27.019400,2.403100,26.216299,1.887400
5,1,121.392126,20.057898,3.533000,20.276400,2.367100
5,1,121.414474,22.347800,2.929600,22.803301,1.477500
5,1,121.438144,23.670599,2.202400,23.503901,1.951700
5,1,121.459669,21.524802,2.407900,21.253500,3.164200
5,1,121.482654,22.985101,2.691200,23.210800,1.651700
5,1,121.504258,21.604400,2.543500,21.657000,1.852500
5,1,121.530165,25.906499,2.387900,25.433300,2.266800
5,1,121.553663,23.497798,2.858100,23.777901,1.863100
5,1,121.575935,22.272203,2.453500,22.487499,1.695900
5,1,121.597700,21.765400,2.542000,21.278900,1.917000
5,1,121.618260,20.560198,2.880400,20.835400,1.524700
5,1,121.641843,23.582302,2.422500,23.466600,1.660900
5,1,121.665539,23.696098,2.579100,23.377199,1.449000
5,1,121.686482,20.942900,2.751800,21.321501,1.663400
5,1,121.707993,21.511301,2.643700,21.584200,2.238200
5,1,121.729002,21.008898,2.885800,20.897699,1.813500
5,1,121.751832,22.829503,2.612700,22.911400,1.538500
5,1,121.774963,23.131199,2.336800,22.855600,1.756100
5,1,121.797685,22.722300,3.102200,23.106100,1.605400
5,1,121.819060,21.374598,2.155000,21.268299,1.842500
5,1,121.841753,22.693500,2.253400,22.844000,1.890600
5,1,121.865218,23.465201,2.101300,23.093100,1.415400
5,1,121.887855,22.636600,2.458700,22.870399,1.504200
5,1,121.911544,23.688700,2.209900,23.323400,1.842600
5,1,121.931914,20.370401,2.619500,20.826700,2.124000
5,1,121.955022,23.107700,2.700500,22.983200,1.795100
5,1,121.977590,22.568300,2.279500,22.331600,1.953600
5,1,121.998960,21.369897,2.503500,21.632299,1.601700
5,1,122.022189,23.229003,2.084900,22.876600,1.740200
5,1,122.044976,22.786800,2.453400,22.640800,1.896400
5,1,122.066473,21.497700,2.810800,21.644100,2.062600
5,1,122.087484,21.010499,2.459900,20.777201,2.111200
5,1,122.109607,22.122998,2.663600,22.403299,1.693100
5,1,122.132078,22.471301,2.845100,22.474501,1.776000
5,1,122.154720,22.641800,2.505600,22.843500,1.657300
5,1,122.175628,20.907700,2.175500,20.855499,1.756600
5,1,122.196983,21.355100,2.326200,21.002399,1.437600
5,1,122.218014,21.031201,2.577600,21.492100,1.486800
5,1,122.241477,23.462500,2.004100,23.053101,1.553000
5,1,122.262118,20.641498,2.317600,20.808901,1.502900
5,1,122.285830,23.712099,2.297000,23.709000,1.709900
5,1,122.310449,24.618801,2.384100,24.678900,2.271100
5,1,122.333494,23.045000,2.196000,22.850599,1.741500
5,1,122.355472,21.978199,2.469400,21.696600,1.777000
5,1,122.378202,22.729501,2.739100,23.115601,1.524300
5,1,122.401272,23.070399,2.285700,23.118700,1.608100
5,1,122.426212,24.939600,2.190300,24.934500,1.651400
5,1,122.447038,20.826399,2.222100,20.852600,1.532000
5,1,122.469160,22.121802,2.163100,21.504101,1.575300
5,1,122.492330,23.169998,2.820200,23.585800,1.467800
5,1,122.518022,25.691703,2.531500,25.366501,2.101000
5,1,122.541209,23.187898,2.783800,23.335600,2.063800
5,1,122.563378,22.168901,2.515600,22.476500,1.382700
5,1,122.585010,21.632001,2.140600,21.468599,1.990400
5,1,122.606387,21.376200,2.338000,21.094601,1.622900
5,1,122.629074,22.687800,2.614500,23.019100,1.722600
5,1,122.652129,23.054399,2.434300,22.726400,1.745700
5,1,122.673261,21.132499,2.852000,21.514200,1.742300
5,1,122.696001,22.740100,2.120100,22.668600,1.394500
5,1,122.717260,21.258600,2.249600,21.304701,1.606900
5,1,122.738355,21.095101,2.471000,21.108000,1.651600
5,1,122.761790,23.434799,2.218500,23.034100,1.854200
5,1,122.782882,21.092102,2.486300,20.952600,1.575400
5,1,122.806084,23.202401,2.552000,23.375500,1.647900
5,1,122.830127,24.043199,2.473800,23.975000,1.649300
5,1,122.851496,21.368299,2.522700,21.361200,1.732400
5,1,122.874768,23.272403,2.547100,23.192301,1.790500
5,1,122.897326,22.558000,2.630400,23.078800,1.896100
5,1,122.918733,21.406498,2.085900,21.389000,1.970900
5,1,122.939936,21.202903,2.390100,20.934900,1.383000
5,1,122.961232,21.296300,2.312200,21.216999,1.688600
5,1,122.984276,23.044597,2.437000,23.028799,1.666200
5,1,123.006258,21.981202,2.662700,21.517401,1.714200
5,1,123.026562,20.304300,3.166800,21.001499,1.911300
5,1,123.049868,23.305800,2.401800,23.238400,1.422100
5,1,123.073095,23.227397,2.260000,23.116600,1.511000
5,1,123.095812,22.716802,2.240700,22.861900,1.754300
5,1,123.117049,21.237001,2.187400,20.830400,1.655100
5,1,123.137939,20.889599,2.479700,21.262300,1.611400
5,1,123.161167,23.228101,2.072000,22.981800,2.041300
5,1,123.182400,21.232799,2.325500,21.111099,1.680200
5,1,123.204936,22.536900,2.386600,22.584600,1.697100
5,1,123.228634,23.697101,2.484200,23.561199,1.848800
5,1,123.250370,21.736100,2.692500,22.155899,2.191200
5,1,123.273922,23.552399,2.247400,22.645599,1.731500
5,1,123.295744,21.821901,3.228200,22.486200,2.037200
5,1,123.318510,22.766598,2.463800,22.660601,1.952100
5,1,123.340337,21.826901,2.529900,21.456200,1.943400
5,1,123.362768,22.430502,2.824800,22.732800,1.912700
5,1,123.383706,20.938400,2.532100,21.107100,1.730600
5,1,123.404860,21.153200,2.442800,21.112499,1.811200
5,1,123.426598,21.738198,2.342000,21.584400,1.760500
5,1,123.448947,22.349000,2.618200,22.530500,2.030200
5,1,123.470148,21.201503,2.263500,21.181999,1.483300
5,1,123.493112,22.963900,2.197800,22.696199,1.409600
5,1,123.514373,21.260999,2.593200,21.524300,1.571300
5,1,123.537576,23.203198,2.255400,23.260401,1.895600
5,1,123.561549,23.972902,2.245900,24.018101,2.509700
5,1,123.585234,23.684498,2.252300,23.407499,1.521500
5,1,123.606435,21.201402,2.319800,21.070101,1.627000
5,1,123.628890,22.455201,2.398500,22.563999,1.728100
5,1,123.650209,21.318298,2.533400,21.246799,1.599600
5,1,123.670896,20.687502,2.561400,20.960600,1.822200
5,1,123.691948,21.052200,2.206500,21.064400,1.727600
5,1,123.713560,21.611400,2.164500,21.166500,1.609000
5,1,123.736325,22.765197,2.485200,22.930799,1.506000
5,1,123.757765,21.440201,2.305200,21.355499,1.544300
5,1,123.780350,22.584602,2.406000,22.941299,1.618900
5,1,123.802120,21.770198,1.963000,21.584801,1.615700
5,1,123.825273,23.153201,2.150700,22.789301,1.844200
5,1,123.846825,21.551799,2.716200,21.502800,1.733500
5,1,123.870297,23.471899,2.645200,23.331699,1.628800
5,1,123.891190,20.893000,2.862000,21.368299,2.243100
5,1,123.914218,23.027800,2.370200,23.013000,2.097400
5,1,123.938353,24.135303,2.355300,24.363300,2.603400
5,1,123.959919,21.565698,2.078800,21.088800,1.609100
5,1,123.981847,21.928202,2.501500,22.377899,1.466900
5,1,124.003337,21.490499,2.069500,21.337099,1.885300
5,1,124.024673,21.335598,2.345900,21.354401,1.769900
5,1,124.047458,22.785202,2.320600,22.517799,2.060100
5,1,124.068664,21.206200,2.459200,21.012899,2.309300
5,1,124.092011,23.346800,2.633400,23.204800,1.778100
5,1,124.112900,20.888798,2.861400,20.999300,1.481500
5,1,124.133917,21.017000,2.850600,21.443701,1.401400
5,1,124.156456,22.538699,2.165500,22.626101,1.563500
5,1,124.178198,21.742802,2.096200,21.585400,1.483300
5,1,124.200856,22.657700,2.241900,22.647100,1.530900
5,1,124.223801,22.944801,2.285600,23.008400,1.830100
5,1,124.244880,21.079499,2.318000,20.995399,2.102400
5,1,124.265990,21.109901,2.227200,21.361900,1.632300
5,1,124.291125,25.134698,1.930700,25.004299,1.404800
5,1,124.312836,21.710701,2.095600,21.408501,1.443800
5,1,124.334086,21.250200,2.388500,21.460501,1.682700
5,1,124.356726,22.639699,2.127600,22.766701,1.542300
5,1,124.377950,21.224402,1.997800,20.948500,1.701300
5,1,124.401250,23.299899,2.210400,23.315701,2.079400
5,1,124.422543,21.292601,2.155900,21.118601,1.783900
5,1,124.446268,23.725498,2.478300,23.241199,2.620100
5,1,124.466683,20.414602,3.102900,21.042700,2.005500
5,1,124.488012,21.329198,2.573100,21.116699,1.573500
5,1,124.508382,20.370100,2.628900,20.744400,1.550000
5,1,124.532008,23.625601,2.169000,23.684299,1.688600
5,1,124.553485,21.477100,1.999900,21.011600,1.690300
5,1,124.574501,21.016002,2.446100,21.270599,1.972800
5,1,124.598118,23.617897,2.317900,23.577600,1.883200
5,1,124.621087,22.968102,2.420000,22.949900,1.967300
5,1,124.645231,24.143998,2.525800,23.976700,1.640400
5,1,124.666852,21.621201,2.697900,21.169001,1.879000
5,1,124.689914,23.062199,2.484300,22.638500,2.315300
5,1,124.712030,22.116400,3.393400,23.271400,1.695400
5,1,124.737454,25.423300,2.366200,25.137899,1.667500
5,1,124.760376,22.922203,2.604900,23.002399,1.953000
5,1,124.783542,23.166399,2.698300,23.262300,2.045300
5,1,124.806955,23.413099,2.332900,23.113701,2.187400
5,1,124.829323,22.367299,2.511000,22.729099,1.536100
5,1,124.852798,23.475200,2.092200,23.179199,1.415400
5,1,124.875960,23.161601,2.339700,23.065500,1.508800
5,1,124.899517,23.557302,2.443500,23.484600,1.658300
5,1,124.920727,21.210197,2.407400,21.103100,1.884900
5,1,124.943433,22.705600,2.677300,22.995300,1.900500
5,1,124.967049,23.616701,2.319900,23.334499,1.943300
5,1,124.987668,20.619001,2.499700,20.928200,1.499800
5,1,125.012224,24.555799,2.419500,24.375799,1.597000
5,1,125.036720,24.495900,2.750700,24.169901,2.174800
5,1,125.057647,20.927001,3.001700,21.049299,2.777000
5,1,125.080869,23.221601,3.258100,22.939699,1.741500
5,1,125.100816,19.947797,3.154000,20.730101,1.720700
5,1,125.123805,22.988200,3.152500,22.705299,1.835800
5,1,125.144273,20.468600,2.331600,20.799999,1.443700
5,1,125.166068,21.795101,1.847300,21.218800,1.713700
5,1,125.189080,23.011699,2.496700,22.865700,1.791600
5,1,125.209744,20.663600,2.636000,21.281700,1.582800
6,1,142.766142,23.039300,2.335200,22.976601,1.693700
6,1,142.789842,23.700200,2.382300,23.775900,1.562100
6,1,142.812426,22.584599,2.438800,22.820900,1.893800
6,1,142.834651,22.224203,2.025900,22.136499,1.941800
6,1,142.857850,23.199297,2.343100,22.826599,1.763400
6,1,142.880772,22.921801,2.660800,23.346399,1.803700
6,1,142.904016,23.244001,2.190600,23.293600,2.394700
6,1,142.925189,21.173399,2.133600,20.720301,1.922800
6,1,142.945346,20.156503,2.767300,20.598600,2.102800
6,1,142.970987,25.641300,2.102100,24.969101,1.835900
6,1,142.991961,20.974196,3.000200,21.558100,1.704500
6,1,143.014852,22.890702,2.288900,22.677900,1.532300
6,1,143.038527,23.675300,2.380900,23.548401,1.494000
6,1,143.059938,21.410801,2.460900,21.500900,1.549900
6,1,143.081178,21.240499,2.295700,21.305401,1.656000
6,1,143.101825,20.646799,2.402800,20.782700,1.598600
6,1,143.127825,25.999501,2.110400,25.567600,1.697100
6,1,143.150792,22.967000,3.009500,22.598000,2.097400
6,1,143.171244,20.452600,3.174200,20.756300,2.042800
6,1,143.195766,24.521701,3.423600,24.607201,2.033600
6,1,143.217356,21.589998,3.170000,21.357599,2.380500
6,1,143.237940,20.584300,3.117200,21.131701,1.790100
6,1,143.261165,23.225199,2.513800,23.272699,1.692300
6,1,143.282471,21.305501,2.279300,20.821600,1.669900
6,1,143.305420,22.949100,2.702900,23.097401,1.568800
6,1,143.328643,23.222901,2.495800,23.004000,1.741500
6,1,143.351168,22.525400,2.702400,23.002100,1.520900
6,1,143.373705,22.536900,2.186500,21.885799,1.460800
6,1,143.394203,20.497900,2.933700,20.922899,1.666500
6,1,143.415171,20.968001,2.428700,21.264400,1.698300
6,1,143.438617,23.445699,2.107300,22.990000,1.682900
6,1,143.460175,21.558598,2.525700,21.733700,1.704600
6,1,143.484648,24.472903,2.531900,24.731199,1.641700
6,1,143.505893,21.244299,3.091000,20.998699,1.906100
6,1,143.529081,23.188800,2.428900,23.403099,1.490600
6,1,143.552538,23.456302,2.394900,23.184799,1.660600
6,1,143.573619,21.080997,2.419100,20.944201,1.776900
6,1,143.596437,22.818703,2.535300,23.117100,1.597400
6,1,143.618417,21.979399,2.441800,21.575100,1.694500
6,1,143.640855,22.438299,2.608700,22.842199,1.545600
6,1,143.662175,21.319900,2.225900,21.146999,1.576900
6,1,143.685236,23.061000,2.432400,22.978901,1.500900
6,1,143.708621,23.384701,2.464300,23.622999,1.461800
6,1,143.730462,21.841001,2.140800,21.517900,1.544600
6,1,143.753314,22.852499,2.395200,22.908501,1.822100
6,1,143.776588,23.273401,2.826300,22.972799,2.002000
6,1,143.799240,22.652499,2.946100,22.831200,1.951700
6,1,143.819774,20.533700,2.657600,20.633900,1.865200
6,1,143.843192,23.418300,2.486900,23.420000,1.479100
6,1,143.866282,23.090299,2.375900,23.084801,1.483600
6,1,143.887062,20.780001,2.445100,21.195400,1.629400
6,1,143.908708,21.645501,1.975800,21.266001,1.611700
6,1,143.930348,21.639999,2.404600,21.655500,1.849500
6,1,143.953362,23.013800,2.405600,22.891800,1.562100
6,1,143.973931,20.569600,2.772000,20.918600,1.946500
6,1,143.997487,23.555700,2.184300,23.173599,1.627100
6,1,144.020937,23.450200,2.561900,23.264900,1.722600
6,1,144.041964,21.026701,2.762800,21.217199,1.669400
6,1,144.064716,22.752099,2.425500,23.080601,1.591900
6,1,144.088017,23.300800,2.098300,23.145599,1.449900
6,1,144.111018,23.001000,2.351900,23.124500,1.598200
6,1,144.135006,23.987800,2.265800,23.935900,1.558500
6,1,144.157813,22.807501,2.253400,22.752899,1.838600
6,1,144.179745,21.931499,2.422600,21.956900,2.056200
6,1,144.204739,24.994299,2.420500,25.140499,1.988100
6,1,144.226661,21.921702,2.038400,21.177601,1.960400
6,1,144.247179,20.518798,2.702800,21.127501,1.779200
6,1,144.270579,23.399301,2.916000,23.365200,2.249900
6,1,144.293287,22.708099,2.231000,22.826599,2.193000
6,1,144.317087,23.800001,2.053000,23.687401,1.596900
6,1,144.338645,21.558601,2.224000,21.458099,2.130100
6,1,144.362001,23.355797,2.462300,23.312700,2.252800
6,1,144.385409,23.407303,2.541000,22.848801,2.113200
6,1,144.405870,20.461500,2.943500,20.912701,2.192600
6,1,144.427932,22.062398,2.589100,22.219601,2.373200
6,1,144.449215,21.282300,2.228100,21.277901,1.911900
6,1,144.474978,25.763702,2.235400,24.838200,1.722800
6,1,144.495379,20.400997,3.404400,21.413300,1.776200
6,1,144.518966,23.586102,2.531100,23.380699,1.889100
6,1,144.540719,21.753199,2.647300,21.647301,1.660500
6,1,144.567477,26.758101,2.526600,26.844000,1.598500
6,1,144.587957,20.480599,2.528800,20.568300,1.855700
6,1,144.610890,22.932500,2.411400,22.605200,1.636600
6,1,144.631038,20.148300,3.007600,20.370501,2.480400
6,1,144.652108,21.069601,2.586600,21.172501,1.453000
6,1,144.672636,20.527799,2.214400,20.599800,1.843500
6,1,144.694208,21.572400,2.300700,21.230700,1.599400
6,1,144.716894,22.685800,2.459600,22.635799,1.540600
6,1,144.740308,23.414303,2.420400,23.384899,1.826800
6,1,144.760329,20.021196,2.506100,20.502300,2.062500
6,1,144.784336,24.006601,2.401000,23.197500,1.760800
6,1,144.804628,20.291999,2.970500,21.050699,1.687900
6,1,144.828419,23.791101,2.250500,23.011700,1.722900
6,1,144.848781,20.362299,2.834100,21.031799,2.228800
6,1,144.870540,21.759100,2.480800,21.314199,1.557300
6,1,144.891455,20.914502,3.039800,21.130400,1.918700
6,1,144.914832,23.377597,2.328000,22.600201,1.467200
6,1,144.937254,22.421803,3.198200,23.020599,1.875500
6,1,144.958163,20.908497,2.647700,21.215799,1.897600
6,1,144.981326,23.163199,2.233300,22.835600,1.885300
6,1,145.003347,22.020701,2.702200,22.082300,2.159800
6,1,145.024081,20.734299,3.645700,21.054001,1.800700
6,1,145.046996,22.914901,2.075100,22.933901,1.763100
6,1,145.067814,20.818502,2.330000,20.849800,1.502200
6,1,145.090940,23.125499,2.106100,22.699499,1.426100
6,1,145.111856,20.916197,2.522600,21.300301,1.541700
6,1,145.134420,22.563700,2.099300,22.646500,1.484600
6,1,145.157828,23.408003,1.970600,23.043800,2.170000
6,1,145.178971,21.143500,2.417700,21.146000,1.892600
6,1,145.199751,20.779900,2.404300,21.087500,1.947900
6,1,145.221296,21.544598,2.430800,21.433500,1.665700
6,1,145.243752,22.456199,2.187900,22.580000,1.906400
6,1,145.266449,22.697203,2.051900,22.719700,1.805700
6,1,145.287957,21.507498,2.006100,21.079500,1.653300
6,1,145.311026,23.069702,2.409300,23.115400,1.803400
6,1,145.334406,23.379799,2.334600,23.284700,1.822200
6,1,145.357433,23.027100,2.430400,23.049700,2.184300
6,1,145.378456,21.022599,2.394600,21.448700,1.557300
6,1,145.401056,22.600502,1.925300,22.164900,1.707500
6,1,145.422295,21.238901,2.441100,21.569799,1.515200
6,1,145.442848,20.552799,2.087900,20.499500,1.717100
6,1,145.465874,23.025699,2.111700,22.954800,2.006500
6,1,145.487203,21.328900,2.290600,21.194700,2.070500
6,1,145.511133,23.930300,2.570300,23.661400,1.585300
6,1,145.534487,23.353599,3.250000,23.607201,1.831800
6,1,145.555991,21.503903,2.511000,21.212200,1.895900
6,1,145.578133,22.142898,2.726600,22.510201,1.855400
6,1,145.599141,21.007601,2.388700,20.920799,2.012600
6,1,145.624483,25.342200,2.420800,25.066000,1.911800
6,1,145.646628,22.145100,2.621500,22.256399,1.776100
6,1,145.669306,22.678100,2.745400,22.670000,1.957600
6,1,145.690520,21.213498,2.656900,21.118999,1.761000
6,1,145.712811,22.291601,2.494800,22.791100,1.524400
6,1,145.734442,21.630801,2.044100,21.110300,1.789000
6,1,145.754626,20.183899,2.649800,20.701300,1.501000
6,1,145.778034,23.407500,2.065900,23.113300,1.553900
6,1,145.799110,21.075901,2.291900,21.321199,1.558100
6,1,145.822499,23.389000,2.045600,23.060200,1.618800
6,1,145.843663,21.164700,2.442000,21.075800,1.940900
6,1,145.867655,23.991700,2.697700,24.331699,1.811700
6,1,145.889517,21.862298,2.255300,21.315399,2.199400
6,1,145.910407,20.889200,2.796200,20.973600,1.766900
6,1,145.933549,23.142200,2.722600,23.099501,1.558700
6,1,145.954118,20.569101,2.633800,21.002600,1.475000
6,1,145.979095,24.976701,2.108500,24.668501,1.455900
6,1,146.001582,22.487599,2.525100,22.769501,1.466800
6,1,146.022905,21.323100,2.312700,21.008499,1.718700
6,1,146.045151,22.245601,2.450600,22.691401,1.557700
6,1,146.067244,22.093199,1.975200,21.788300,2.009100
6,1,146.087810,20.565700,2.398700,20.586399,1.800200
6,1,146.113264,25.454201,2.627200,24.872499,1.786400
6,1,146.133917,20.652898,3.043300,20.773500,1.816300
6,1,146.156772,22.854801,3.940900,22.820601,1.949400
6,1,146.178728,21.956801,3.212000,22.271000,1.980700
6,1,146.200111,21.382798,2.594900,21.395500,1.695900
6,1,146.220720,20.609200,2.774800,20.906900,1.791300
6,1,146.243832,23.111902,2.113300,23.029800,1.563500
6,1,146.265471,21.639198,2.135100,21.172899,1.696300
6,1,146.285675,20.203102,2.633000,20.821600,1.597400
6,1,146.307288,21.613199,2.090300,21.570000,1.605200
6,1,146.330511,23.223501,2.074900,22.793200,1.852200
6,1,146.351850,21.338500,2.557500,21.388300,1.703800
6,1,146.372533,20.683400,2.421800,21.110800,1.735900
6,1,146.393665,21.132000,1.990500,20.778799,1.582400
6,1,146.416632,22.967197,2.513000,22.947201,1.700600
6,1,146.439323,22.690400,2.356000,22.887199,1.989500
6,1,146.461001,21.678399,2.187800,21.186199,1.968000
6,1,146.481930,20.929102,2.761300,21.171499,1.856200
6,1,146.504194,22.263400,2.827300,22.438700,1.663400
6,1,146.529402,25.208000,2.518500,24.917299,2.892200
6,1,146.550444,21.042399,2.755200,21.227800,1.606200
6,1,146.573437,22.993200,2.303000,22.767700,1.758400
6,1,146.594419,20.982102,2.841600,20.968300,1.328000
6,1,146.615641,21.221198,2.772600,21.222601,1.660700
6,1,146.638484,22.843100,2.590800,23.202400,1.680400
6,1,146.661788,23.304600,2.127400,23.032000,1.820300
6,1,146.684287,22.498600,2.622900,22.561701,1.773000
6,1,146.705832,21.544602,2.442200,21.167299,2.119900
6,1,146.727693,21.861199,3.162000,22.375999,2.081400
6,1,146.749360,21.667298,2.429700,21.554001,1.766500
6,1,146.770224,20.864300,2.495700,20.508301,2.117200
6,1,146.791865,21.640602,2.771400,21.525299,1.786800
6,1,146.812624,20.759597,2.789400,21.060101,1.769400
6,1,146.836872,24.247803,2.534500,24.500999,1.857200
6,1,146.860266,23.393199,2.111700,23.068701,1.670000
6,1,146.882134,21.868698,2.587200,21.168200,1.701200
6,1,146.903148,21.013401,3.326200,21.809799,2.428400
6,1,146.924303,21.155201,2.718300,20.993601,1.859000
6,1,146.945406,21.103401,2.800700,21.386801,1.730800
6,1,146.968571,23.164697,2.266900,23.037100,1.632400
6,1,146.991743,23.172002,2.326300,23.094101,1.467700
6,1,147.013179,21.435998,2.603900,21.373800,1.697500
6,1,147.038399,25.219701,2.442400,25.232700,1.783900
6,1,147.060869,22.470299,2.432300,22.812401,1.505700
6,1,147.082645,21.775901,2.082900,21.550501,1.493700
6,1,147.105168,22.522800,2.466200,22.365801,1.862200
6,1,147.128327,23.159601,2.456100,23.219801,1.414400
6,1,147.148717,20.389598,2.451500,20.665400,1.625200
6,1,147.169931,21.214399,2.077200,21.157301,1.970900
6,1,147.191270,21.338500,2.394300,21.364000,1.515100
6,1,147.215929,24.659101,2.186400,24.619200,1.421000
6,1,147.238648,22.719000,2.138800,22.393600,1.607600
6,1,147.260150,21.501999,2.851100,21.475300,1.396300
6,1,147.281434,21.284502,2.499900,21.491600,2.208400
6,1,147.302651,21.217000,2.373900,20.887600,2.044800
6,1,147.323431,20.779401,3.018200,20.867901,1.939100
6,1,147.346809,23.378100,2.753900,23.750500,2.264900
6,1,147.369285,22.475798,2.346200,22.323200,1.988300
6,1,147.392410,23.125600,2.526700,23.351500,1.762500
6,1,147.415444,23.033399,2.232500,22.932699,1.368600
6,1,147.439094,23.650203,2.218900,23.354300,1.387500
6,1,147.461898,22.804100,2.401300,23.070700,1.497800
6,1,147.483548,21.650098,2.175800,21.632999,1.597700
6,1,147.504964,21.415502,2.137600,21.361200,1.898100
6,1,147.528060,23.096196,2.065100,22.867599,1.802700
6,1,147.551520,23.460303,2.745500,23.446800,1.386400
6,1,147.572398,20.877700,2.753700,20.964001,1.346700
6,1,147.595509,23.110799,2.359400,23.434999,1.452900
6,1,147.616600,21.091800,2.286800,20.966700,1.601600
6,1,147.640214,23.613401,2.147900,23.414900,1.389700
6,1,147.661492,21.278199,2.330400,21.114700,1.642000
6,1,147.686299,24.806801,2.610800,25.000299,2.128700
6,1,147.707512,21.213498,2.275200,21.157499,1.448800
6,1,147.732897,25.385000,2.379200,24.989799,1.608000
6,1,147.755389,22.491600,2.995000,22.921700,2.107300
6,1,147.776452,21.063600,2.407200,20.854601,1.673200
6,1,147.797434,20.982001,2.646300,21.362101,1.760100
6,1,147.818795,21.360900,2.412600,21.274700,1.387500
6,1,147.840903,22.108000,2.216300,21.645201,1.636600
6,1,147.863282,22.378899,2.656100,22.667700,1.615600
6,1,147.884858,21.575600,2.486700,21.504999,1.860400
6,1,147.907628,22.769801,2.587000,22.541700,2.309600
6,1,147.930820,23.191899,2.979200,23.529301,1.702500
6,1,147.952783,21.963499,2.673600,22.038500,2.171300
6,1,147.973623,20.839799,2.874300,21.069901,1.642700
6,1,147.997248,23.625400,1.996200,23.198999,1.933600
6,1,148.020411,23.162402,2.547000,23.435900,1.910300
6,1,148.042292,21.881498,2.480500,21.439899,1.712600
6,1,148.064681,22.388902,2.531000,22.813299,1.555400
6,1,148.088365,23.684200,2.113200,23.242901,1.582300
6,1,148.113130,24.765298,2.647300,25.117300,1.509500
6,1,148.137006,23.875602,2.757500,23.704599,1.548100
6,1,148.157893,20.886701,2.516100,20.867300,1.568200
6,1,148.183302,25.408700,2.572000,25.336500,1.810700
6,1,148.204882,21.580499,2.471200,21.364401,1.545500
6,1,148.227524,22.641901,2.706700,23.011600,1.737800
6,1,148.251282,23.757700,2.442200,23.642000,1.618800
6,1,148.272257,20.975199,2.525900,21.216299,2.023300
6,1,148.295959,23.701902,2.191600,23.484200,2.131800
6,1,148.319511,23.551799,3.058500,23.365400,1.986500
6,1,148.341224,21.713398,2.728200,21.976999,1.757000
6,1,148.364147,22.922900,2.355100,22.531500,1.743600
6,1,148.389778,25.631201,2.785100,25.747000,1.842100
6,1,148.411229,21.450803,2.848300,21.253799,1.529500
6,1,148.436494,25.265299,2.929400,25.484301,1.666100
6,1,148.459520,23.026299,2.367100,22.336100,1.518400
6,1,148.482940,23.419201,3.235400,24.082100,2.401800
6,1,148.504177,21.237001,2.986500,21.297701,2.310400
6,1,148.525720,21.543898,2.878800,21.619600,2.425000
6,1,148.546760,21.039803,3.552900,21.144400,2.364400
6,1,148.569906,23.145899,2.559200,22.810600,1.920300
6,1,148.590853,20.946700,2.760400,21.362400,1.816800
6,1,148.614053,23.200598,2.099500,22.840700,1.514200
6,1,148.637827,23.773603,2.680700,23.565800,1.725100
6,1,148.658752,20.924699,2.803500,21.410801,1.728200
6,1,148.680609,21.857601,2.314200,21.554600,1.843900
6,1,148.703088,22.479098,2.827400,22.836599,1.674900
6,1,148.724276,21.187302,2.235100,21.275700,1.679900
6,1,148.746081,21.805398,1.984200,21.169399,1.692700
6,1,148.769986,23.904700,2.578900,24.506500,1.649800
6,1,148.791349,21.363202,2.199100,21.207300,2.161200
6,1,148.812722,21.373298,2.299800,21.426800,1.533400
6,1,148.835560,22.837400,2.126000,22.763100,1.534600
6,1,148.858949,23.388900,2.301200,23.486601,1.697700
6,1,148.882221,23.272701,2.030300,23.184799,1.410300
6,1,148.903110,20.888999,2.187100,21.040899,1.517300
6,1,148.926656,23.545701,1.981200,23.027201,1.896900
6,1,148.947230,20.574100,2.561700,20.961599,2.089200
6,1,148.971170,23.940098,2.246800,23.309601,1.804000
6,1,148.993474,22.303801,2.660600,22.910299,1.681600
6,1,149.016177,22.702903,1.948500,21.830500,1.843600
6,1,149.039294,23.116600,3.207200,23.650101,1.566800
6,1,149.060360,21.066800,2.981800,20.946699,1.675900
6,1,149.080464,20.103697,2.766300,20.256500,2.024300
6,1,149.104095,23.630802,2.669700,23.334299,1.812000
6,1,149.125188,21.092702,2.845900,21.709499,2.333700
6,1,149.147969,22.781100,2.168300,22.531200,1.745900
6,1,149.169917,21.948397,2.519700,21.789600,1.647000
6,1,149.194485,24.568200,2.832700,24.537600,2.100900
6,1,149.215462,20.976301,3.051800,20.977200,1.900600
6,1,149.239010,23.548800,2.925100,23.249599,1.578000
6,1,149.259928,20.917200,3.006700,21.047701,1.913000
6,1,149.282385,22.457201,2.707300,22.515900,1.982400
6,1,149.303809,21.423798,2.635600,21.277000,1.918300
6,1,149.326287,22.477999,2.774900,22.973200,1.458900
6,1,149.347532,21.245901,2.192400,21.344200,1.765200
6,1,149.372706,25.173102,2.153900,25.033300,1.693000
6,1,149.395194,22.487998,2.247300,22.660299,1.515700
6,1,149.418736,23.542803,2.009600,23.288500,1.747500
6,1,149.439592,20.855200,2.280700,20.966299,2.164700
6,1,149.462872,23.280598,2.209900,23.195499,1.735200
6,1,149.485936,23.064099,2.242300,23.080400,1.688300
6,1,149.507199,21.262903,2.413800,21.242399,1.789100
6,1,149.532331,25.131397,2.256300,25.322001,1.522100
6,1,149.555369,23.038302,2.023600,22.839001,1.635800
6,1,149.576175,20.806000,2.291200,20.952801,1.626800
6,1,149.597488,21.313000,2.081600,21.200300,1.364600
6,1,149.620694,23.206498,2.183800,22.743799,1.557500
6,1,149.642478,21.783400,3.305500,21.952499,1.726500
6,1,149.662995,20.517100,2.637500,20.501200,2.149000
6,1,149.683276,20.281103,3.099000,20.470200,1.965600
6,1,149.704910,21.633998,2.262200,21.282301,1.785400
6,1,149.725594,20.683903,2.708300,21.220501,1.823900
6,1,149.748467,22.873197,2.176200,22.805500,1.478100
6,1,149.770102,21.634802,2.182700,21.368000,1.493800
6,1,149.792735,22.633299,2.367000,22.924299,1.546800
6,1,149.813859,21.124199,2.055900,21.139900,1.656800
6,1,149.837521,23.661301,2.151200,23.261801,1.733900
6,1,149.860462,22.941202,2.586200,22.942101,1.654300
6,1,149.881481,21.018598,2.890300,20.990601,2.050800
6,1,149.905966,24.485700,2.515000,24.705400,1.631100
6,1,149.928397,22.430800,2.400600,22.520599,1.769300
6,1,149.950421,22.023801,2.307500,21.589899,1.522800
6,1,149.972896,22.475202,2.664700,23.048901,1.810300
6,1,149.994389,21.492697,2.052800,21.420401,1.531500
6,1,150.015751,21.362502,2.020400,21.107000,1.593500
6,1,150.039044,23.293100,2.368800,23.128401,2.384600
6,1,150.062720,23.675397,2.475200,23.638300,1.976800
6,1,150.082614,19.894402,2.364900,20.314899,1.655100
6,1,150.106271,23.656897,2.203500,23.402399,1.816400
6,1,150.128398,22.127002,2.513700,22.091900,2.297100
6,1,150.150041,21.643400,2.360300,21.574400,1.583200
6,1,150.172804,22.762898,2.446900,22.638800,1.580100
6,1,150.194151,21.346901,2.500000,21.363501,1.740400
6,1,150.216805,22.653300,2.486800,23.158899,1.728100
6,1,150.240333,23.528799,1.993900,23.327801,1.823600
6,1,150.265386,25.052801,2.236500,24.834801,1.985500
6,1,150.286085,20.698801,2.476500,20.780899,2.630200
6,1,150.308793,22.707701,2.421600,22.709700,1.817700
6,1,150.330409,21.616198,2.183900,21.207701,1.551200
6,1,150.350966,20.556901,2.809400,21.063200,1.522600
6,1,150.371658,20.691801,2.312600,20.886999,1.491200
6,1,150.394077,22.419099,2.086700,21.884001,1.496200
6,1,150.415875,21.798499,2.512400,22.314800,1.821100
6,1,150.439065,23.189902,1.929100,23.072201,2.020500
6,1,150.462646,23.581497,2.083100,23.563000,1.571000
6,1,150.485919,23.272902,2.154100,22.821100,1.716100
6,1,150.508874,22.954799,2.593800,22.825399,2.169300
6,1,150.531849,22.975098,2.905900,23.194799,1.942300
6,1,150.555337,23.487803,2.804200,23.421101,1.681700
6,1,150.576272,20.935301,2.802000,20.838499,1.681500
6,1,150.597232,20.959698,2.806900,21.211700,1.643000
6,1,150.621955,24.723399,2.465500,24.836100,1.839100
6,1,150.643284,21.328002,2.438700,21.403000,1.403900
6,1,150.666909,23.625400,2.142200,23.126801,1.399800
6,1,150.687040,20.131499,2.653300,20.590700,1.404600
6,1,150.708635,21.594301,2.218000,21.292700,1.688500
6,1,150.729648,21.013699,2.619300,20.961800,1.867000
6,1,150.752533,22.884801,2.928300,22.967100,1.650900
