Cycle,Round,WallSeconds,FrameMS,GameBusyMS,RenderBusyMS,RHIBusyMS
1,1,14.741394,24.203200,2.541600,23.992399,1.905700
1,1,14.763810,22.416100,2.696200,22.900000,1.968400
1,1,14.785157,21.346401,2.232900,21.014400,1.863500
1,1,14.806105,20.948000,2.632700,20.954100,1.868200
1,1,14.827632,21.526799,2.778100,21.426800,1.666700
1,1,14.848158,20.526603,2.689800,20.775700,1.418100
1,1,14.869830,21.671697,2.301900,21.287300,1.557500
1,1,14.889860,20.029802,2.695800,20.350300,1.797700
1,1,14.911137,21.277599,2.399400,21.265400,1.804200
1,1,14.932362,21.224402,2.400800,20.889900,1.772100
1,1,14.955365,23.003098,2.721800,23.101000,1.782500
1,1,14.978073,22.708502,2.777800,22.720100,2.031300
1,1,14.998986,20.912200,2.778700,20.895201,2.297300
1,1,15.021550,22.564299,2.638900,23.052000,1.838900
1,1,15.041908,20.358499,2.187000,20.426500,1.760800
1,1,15.063843,21.934502,2.106000,21.268499,1.698400
1,1,15.085196,21.353200,2.890900,21.460501,1.696400
1,1,15.106930,21.733999,2.726500,22.073000,1.578500
1,1,15.129097,22.166699,2.257400,21.824301,1.674900
1,1,15.151794,22.696801,2.710800,22.847900,1.704300
1,1,15.175316,23.522798,2.488600,23.579201,1.694100
1,1,15.196137,20.820603,2.331500,20.739300,1.850300
1,1,15.218895,22.758197,2.386200,22.731899,1.643700
1,1,15.242212,23.317002,2.576700,23.365801,1.633900
1,1,15.263135,20.922899,2.700000,21.011000,1.798700
1,1,15.284317,21.182001,3.310800,21.157101,1.836700
1,1,15.305173,20.855699,2.448600,20.913000,1.741800
1,1,15.326284,21.111101,2.283900,21.203100,1.624500
1,1,15.347088,20.803701,2.149300,20.800900,1.787700
1,1,15.369330,22.241998,2.117400,21.649799,1.670000
1,1,15.392453,23.123000,2.908700,23.306700,1.922200
1,1,15.412698,20.245802,2.906400,20.551800,1.756400
1,1,15.436469,23.770299,2.818100,23.653700,1.911200
1,1,15.457277,20.807900,2.420300,20.340599,1.594300
1,1,15.477859,20.582803,3.016300,20.737700,2.083200
1,1,15.498832,20.972397,3.123800,21.209700,1.481900
1,1,15.523372,24.540402,2.362300,24.090099,1.790200
1,1,15.546146,22.774000,2.899600,23.214899,1.907300
1,1,15.567076,20.930201,2.478300,20.885799,2.997400
1,1,15.587953,20.876698,3.218100,20.793800,2.510000
1,1,15.608963,21.009799,3.122000,21.012199,2.003800
1,1,15.633759,24.796102,2.691000,24.543501,1.900500
1,1,15.658300,24.541300,3.107800,24.984800,2.051700
1,1,15.681021,22.720899,2.330200,22.410200,1.794200
1,1,15.702237,21.216098,2.605900,21.184799,1.787600
1,1,15.726630,24.392601,2.772400,23.608700,1.656400
1,1,15.746304,19.674100,3.521000,20.342899,2.031800
1,1,15.766354,20.049699,3.149100,20.561501,1.941400
1,1,15.787387,21.033302,2.403800,20.993099,1.603000
1,1,15.808977,21.589700,2.347700,21.258101,1.803100
1,1,15.831870,22.893399,2.496300,23.040600,1.400200
1,1,15.853828,21.957699,2.326400,20.879801,1.582900
1,1,15.873428,19.599803,3.517200,20.496901,1.851900
1,1,15.894471,21.043498,2.883600,21.138700,1.706900
1,1,15.922252,27.780902,2.597300,27.610300,2.075700
1,1,15.945813,23.561399,2.803200,23.448000,2.086100
1,1,15.968535,22.721499,2.969900,22.728701,1.692500
1,1,15.990937,22.401802,2.595400,22.509501,2.020100
1,1,16.014681,23.744497,2.822700,23.693199,2.456200
1,1,16.040795,26.113600,3.231800,26.396200,2.039600
1,1,16.068783,27.988601,2.413500,27.668600,1.973400
1,1,16.095118,26.334401,2.675100,26.243000,1.695100
1,1,16.121477,26.359700,2.973900,26.729000,1.844700
1,1,16.151426,29.948797,2.361800,28.469500,2.202900
1,1,16.173915,22.489000,4.090500,23.254200,2.296500
1,1,16.195293,21.377802,3.504500,21.219000,1.893500
1,1,16.217529,22.236299,3.614300,22.876699,2.898000
1,1,16.240474,22.945199,2.688400,23.174900,1.913000
1,1,16.269632,29.157501,2.490500,28.713400,1.903000
1,1,16.297467,27.834803,2.970600,27.911100,1.830900
1,1,16.325062,27.595297,2.907600,27.904499,1.897400
1,1,16.351805,26.743300,2.551800,26.634100,2.101700
1,1,16.380121,28.315600,2.695300,28.538099,2.253200
1,1,16.403794,23.673002,2.343800,23.254101,1.923600
1,1,16.425154,21.360099,2.778200,21.529699,1.594700
1,1,16.446640,21.486301,2.577700,21.323700,1.596100
1,1,16.468996,22.356000,2.550400,22.420601,1.911900
1,1,16.491839,22.842299,2.661100,22.963600,1.887700
1,1,16.515322,23.483299,2.534900,23.270500,1.693300
1,1,16.536795,21.473102,2.650400,21.752199,2.012800
1,1,16.559479,22.683501,2.473000,22.485001,1.863400
1,1,16.582605,23.125898,2.715100,22.700001,1.826500
1,1,16.604013,21.408200,3.080700,21.595600,1.773400
1,1,16.627340,23.327202,3.052200,23.259300,1.481100
1,1,16.647746,20.406097,2.830200,20.825800,1.638200
1,1,16.669050,21.304403,2.414700,21.002701,1.532100
1,1,16.691718,22.667799,2.886200,23.087299,1.578100
1,1,16.715240,23.521699,2.222000,23.313299,1.742100
1,1,16.738409,23.168702,2.448000,23.098000,1.857800
1,1,16.762736,24.327200,2.624000,24.660000,1.698800
1,1,16.784764,22.027798,2.147600,21.677099,1.658900
1,1,16.805640,20.876400,2.602700,20.811199,1.695300
1,1,16.826976,21.336101,2.824800,21.603500,1.893900
1,1,16.850538,23.561601,2.477100,22.940901,1.744700
1,1,16.876661,26.122898,3.023000,26.221100,1.948800
1,1,16.900277,23.616400,3.129100,23.814899,2.136600
1,1,16.923939,23.661502,3.808500,23.657200,1.794700
1,1,16.950356,26.417401,3.633800,26.464399,1.907200
1,1,16.977451,27.094997,2.766600,26.642099,1.828300
1,1,17.003340,25.889102,3.144200,26.313200,1.845000
1,1,17.027166,23.826398,2.715400,23.774000,2.209500
1,1,17.050282,23.115702,2.744700,22.887899,2.122100
1,1,17.070716,20.433500,2.911000,21.110500,2.037300
1,1,17.092223,21.507598,2.232500,21.156799,1.836800
1,1,17.115707,23.483701,2.685100,23.509800,2.091000
1,1,17.138272,22.565398,2.550300,22.068600,1.651100
1,1,17.161573,23.301002,2.900800,23.593300,1.857500
1,1,17.191994,30.421101,2.647600,30.311800,2.258400
1,1,17.217401,25.406800,3.067700,25.400600,2.178100
1,1,17.239061,21.660198,3.408500,21.142000,2.154000
1,1,17.263409,24.347700,3.714900,25.181601,1.720700
1,1,17.284984,21.574602,3.029500,21.246901,2.027200
1,1,17.305817,20.832799,3.326300,21.035500,1.916300
1,1,17.326977,21.160800,2.808200,21.172701,1.562300
1,1,17.348253,21.275699,2.722700,21.230900,1.852700
1,1,17.369636,21.383002,2.569100,21.383400,1.720400
1,1,17.391990,22.353999,2.609500,22.592199,1.922300
1,1,17.413518,21.528300,2.460900,21.421900,1.936200
1,1,17.435026,21.508098,2.889800,20.353001,1.872600
1,1,17.458018,22.991400,3.550100,23.442200,2.131300
1,1,17.478298,20.280603,2.917700,20.713400,1.898600
1,1,17.506237,27.938798,2.717500,27.359400,1.749900
1,1,17.529269,23.031700,3.289800,23.066700,3.162400
1,1,17.552499,23.229800,3.796500,23.541201,2.214400
1,1,17.573014,20.515099,2.811700,20.951200,1.991100
1,1,17.596421,23.406699,2.457900,23.248199,2.083800
1,1,17.617550,21.129400,2.701500,21.230200,2.578500
1,1,17.640995,23.444701,2.844200,23.476900,2.519000
1,1,17.661617,20.622101,2.662600,20.802799,2.176600
1,1,17.684874,23.257300,2.625100,22.901199,1.978900
1,1,17.708024,23.149699,2.657600,23.047501,1.890600
1,1,17.729311,21.287400,2.785600,21.299400,1.790900
1,1,17.751091,21.779999,2.741200,21.712400,1.786500
1,1,17.775556,24.465002,2.678700,24.715000,1.565000
1,1,17.797880,22.323899,2.408000,21.676500,1.601000
1,1,17.818467,20.586699,3.063900,20.454901,1.587500
1,1,17.839915,21.447901,3.244400,22.110600,1.626900
1,1,17.861698,21.783702,2.504700,21.680000,2.173300
1,1,17.883324,21.625299,3.146800,21.682199,1.518400
1,1,17.904931,21.607701,2.468100,21.554701,1.629600
1,1,17.926160,21.228798,2.533200,21.302700,1.444700
1,1,17.947062,20.901799,2.395900,21.254000,1.929200
1,1,17.970060,22.998400,1.982000,22.808001,1.587800
1,1,17.990995,20.934802,2.223500,21.040100,1.510100
1,1,18.015228,24.232399,2.154600,23.500401,1.758500
1,1,18.035158,19.930702,3.276500,20.570999,1.684100
1,1,18.056408,21.249600,2.389300,21.285101,1.399100
1,1,18.077566,21.158502,2.276100,21.080900,1.613200
1,1,18.098966,21.399699,2.270600,21.378401,2.167500
1,1,18.121602,22.636000,2.328700,22.770000,1.530500
1,1,18.142675,21.073300,3.090100,20.944500,2.033500
1,1,18.166019,23.343697,2.377000,23.287600,1.567600
1,1,18.189188,23.169402,2.468000,22.919201,1.926700
1,1,18.213889,24.700899,3.014100,24.823400,1.760200
1,1,18.234839,20.949401,2.588200,21.134701,1.630100
1,1,18.256367,21.527901,2.337600,21.064100,1.546200
1,1,18.279143,22.776797,2.805100,23.359400,1.637300
1,1,18.302239,23.095902,2.045200,22.949499,1.403000
1,1,18.324049,21.809999,2.465800,21.256800,1.583200
1,1,18.346298,22.248901,2.872500,22.802299,1.538500
1,1,18.368590,22.291798,2.264000,21.605499,2.056600
1,1,18.389586,20.996001,3.188200,21.126400,1.968400
1,1,18.409980,20.393599,2.883600,20.518801,1.899900
1,1,18.430902,20.922802,2.920000,20.941099,1.937100
1,1,18.454704,23.801699,2.861800,22.745199,1.836900
1,1,18.475284,20.580001,3.647900,21.802500,1.749200
1,1,18.495998,20.713400,2.620400,20.420500,1.803400
1,1,18.516878,20.880297,3.053100,21.392900,1.750100
1,1,18.540377,23.499303,2.184600,23.070601,2.359500
1,1,18.563207,22.829399,2.588400,22.762899,1.916600
1,1,18.588258,25.051400,2.720500,25.334101,2.227600
1,1,18.609476,21.217801,2.343700,21.098400,1.725400
1,1,18.630966,21.490499,2.552300,21.319000,2.034800
1,1,18.653295,22.329099,3.154000,22.646999,1.936000
1,1,18.674220,20.924501,2.741200,20.924999,1.541600
1,1,18.695962,21.742601,2.634500,21.491501,1.808400
1,1,18.716737,20.774800,2.629900,20.908899,1.998700
1,1,18.738309,21.572199,2.753700,21.299801,2.099500
1,1,18.759943,21.634001,2.810100,21.654100,1.817800
1,1,18.784379,24.435297,2.639000,24.739901,1.663300
1,1,18.805880,21.501102,2.226500,21.385799,1.627000
1,1,18.828810,22.930201,2.224500,22.679501,1.670700
1,1,18.851624,22.813801,2.921100,23.177500,1.475300
1,1,18.873047,21.423198,2.738600,21.171600,1.630500
1,1,18.893333,20.286001,2.642200,20.618099,1.555700
1,1,18.916649,23.316197,2.236400,23.394600,2.015000
1,1,18.937615,20.966202,2.217900,20.954800,1.513800
1,1,18.961148,23.532599,2.221800,23.151899,1.495700
1,1,18.981888,20.740099,2.459100,20.959400,1.639400
1,1,19.004389,22.500601,2.436000,22.525900,1.493900
1,1,19.028003,23.614399,2.182100,23.275200,1.739200
1,1,19.051755,23.751400,3.061700,23.509199,1.647000
1,1,19.072872,21.117400,3.023300,21.363001,1.887000
1,1,19.093454,20.582501,2.670300,20.968700,1.574500
1,1,19.114835,21.380499,2.939600,21.410400,1.886900
1,1,19.136076,21.241199,2.312200,21.148600,1.638000
1,1,19.158455,22.378400,2.147700,22.056400,1.503700
1,1,19.180452,21.997500,2.507500,22.329100,1.471300
1,1,19.204103,23.651000,2.186500,23.253799,1.668200
1,1,19.225039,20.936202,2.639500,20.885599,1.718100
1,1,19.247977,22.937298,2.714600,22.906500,1.662900
1,1,19.272497,24.520900,2.757700,24.783501,1.735400
1,1,19.293389,20.891100,2.338000,20.958200,1.788400
1,1,19.315440,22.051603,2.430100,22.020500,1.883500
1,1,19.337077,21.637198,2.436700,21.770500,1.765800
1,1,19.358806,21.728702,2.214500,21.225000,1.787100
1,1,19.381338,22.532098,2.829500,22.892900,3.901300
1,1,19.402380,21.041602,2.994000,21.142099,2.039700
1,1,19.423765,21.385700,3.122700,21.244400,1.370600
1,1,19.446365,22.599701,2.440000,22.779800,1.817100
1,1,19.467429,21.063700,2.321300,21.048599,1.883000
1,1,19.488836,21.406896,2.163200,21.206400,1.685500
1,1,19.512196,23.360103,2.413500,23.238199,1.808400
1,1,19.534101,21.904800,2.545900,21.395100,2.144800
1,1,19.554740,20.639800,3.118800,21.043600,1.997400
1,1,19.578572,23.831598,2.927600,22.891100,1.653800
1,1,19.600276,21.704301,3.609800,22.768499,2.120300
1,1,19.623808,23.532100,2.941700,23.365000,1.726700
1,1,19.645197,21.388900,3.597900,20.840200,1.768900
1,1,19.665136,19.938998,3.692600,20.594101,1.504000
1,1,19.687948,22.811402,3.048100,22.858801,1.593200
1,1,19.710863,22.915099,2.497500,22.962999,1.712300
1,1,19.732111,21.248102,2.468500,21.224199,1.613700
1,1,19.755412,23.300800,2.453300,23.265100,1.486000
1,1,19.776363,20.951200,2.457900,21.160801,1.552500
1,1,19.799845,23.482498,2.113400,23.250500,1.628900
1,1,19.822680,22.834800,2.369300,22.610300,1.640300
1,1,19.844990,22.310000,2.680800,22.673300,2.040500
1,1,19.867046,22.056099,2.570400,21.910500,1.624000
1,1,19.886875,19.829001,2.764000,20.080000,1.545100
1,1,19.907688,20.812199,2.360400,20.916700,1.790100
1,1,19.928421,20.733502,2.235400,20.640400,1.835800
1,1,19.952400,23.979198,2.195700,23.419901,1.746100
1,1,19.972723,20.322502,2.746200,20.755199,1.828000
1,1,19.994294,21.571498,2.260800,21.456100,1.704900
1,1,20.015627,21.333102,2.385000,21.498100,1.438600
1,1,20.038413,22.785299,2.172600,22.479700,1.588400
1,1,20.061581,23.168899,2.471200,23.436300,1.841100
1,1,20.084924,23.342203,1.997900,23.231899,1.525100
1,1,20.110475,25.551099,2.473500,25.176300,1.705400
1,1,20.133244,22.769500,2.834000,22.936800,1.928100
1,1,20.153708,20.463299,2.804100,20.558300,1.929800
1,1,20.175023,21.315601,2.674000,21.019899,1.956600
1,1,20.197205,22.181801,2.738800,22.550600,1.841000
1,1,20.219676,22.471197,2.350500,22.146099,1.910100
1,1,20.241331,21.655001,2.901200,21.529900,2.045200
1,1,20.267975,26.644200,3.319900,26.935200,1.996600
1,1,20.293840,25.864400,2.729100,25.717501,2.315600
1,1,20.321879,28.038800,2.867800,27.552299,2.482900
1,1,20.346902,25.023501,3.353900,25.746700,2.121200
1,1,20.371283,24.381198,2.626600,24.296101,1.900700
1,1,20.394633,23.349300,2.804300,23.309000,2.044100
1,1,20.417419,22.786602,2.521900,22.816500,1.699700
1,1,20.440849,23.429900,2.336500,23.781099,2.175300
1,1,20.464551,23.701400,2.159300,23.356001,1.828300
1,1,20.486663,22.112697,2.374900,21.837400,1.873100
1,1,20.507490,20.827103,3.015200,20.991100,1.976500
1,1,20.529506,22.015300,3.200200,21.865700,2.000200
1,1,20.552930,23.424000,2.765000,23.404499,1.953600
1,1,20.575692,22.762399,2.840200,23.022699,2.046200
1,1,20.597604,21.912102,2.489100,21.436399,2.341800
1,1,20.618513,20.909097,3.310800,21.174000,1.919800
1,1,20.641029,22.516102,2.930500,22.569000,1.933800
1,1,20.662333,21.303400,2.823900,21.301300,2.671600
1,1,20.686137,23.803800,2.757500,23.516300,2.190900
1,1,20.710263,24.126600,3.002800,24.629400,1.920300
1,1,20.733013,22.750199,2.416500,22.795601,1.876400
1,1,20.754775,21.762099,2.454000,21.308300,1.908800
1,1,20.775789,21.013800,2.719900,20.968201,2.062600
1,1,20.798582,22.792399,2.756500,23.027500,1.538400
1,1,20.819942,21.360800,2.424100,21.279600,1.642900
1,1,20.841142,21.199901,2.443900,21.443300,2.216100
1,1,20.862337,21.195102,2.363800,21.142401,1.834200
1,1,20.887146,24.808098,2.654800,24.733999,1.816800
1,1,20.908461,21.315400,2.752700,20.954300,1.858600
1,1,20.928961,20.500001,2.852800,20.515800,1.887300
1,1,20.949988,21.027301,2.757800,21.614500,1.597900
1,1,20.972668,22.679601,2.148500,22.652901,1.699600
1,1,20.993949,21.281499,2.213100,21.005100,1.666600
1,1,21.015144,21.195002,2.586600,21.213600,1.706000
1,1,21.036384,21.239299,2.594000,21.099100,1.998000
1,1,21.062035,25.651097,2.781200,25.447701,1.727600
1,1,21.082483,20.447902,2.731500,20.966400,1.736600
1,1,21.103880,21.396998,2.182000,21.044701,1.590200
1,1,21.126916,23.036700,2.676700,22.885401,1.418500
1,1,21.148189,21.272700,2.754000,21.242001,1.544400
1,1,21.168785,20.596001,3.322300,21.136400,1.592900
1,1,21.190496,21.710999,2.220400,21.198700,1.992200
1,1,21.213125,22.628900,2.767200,22.831600,1.867700
1,1,21.236690,23.564901,2.702300,22.701700,2.059600
1,1,21.261407,24.717301,3.499000,25.543600,1.808700
1,1,21.283120,21.713298,2.649000,21.889799,1.670300
1,1,21.306316,23.195900,2.535800,22.821100,1.892000
1,1,21.329793,23.476899,3.477800,23.532000,1.644300
1,1,21.352217,22.424202,2.889200,22.552999,1.834900
1,1,21.373308,21.090899,2.467300,21.340000,1.856400
1,1,21.396652,23.343701,2.474000,22.844700,1.755900
1,1,21.417997,21.345299,2.668800,21.110600,1.924700
1,1,21.438274,20.277102,2.943200,20.774300,1.782000
1,1,21.462223,23.948599,2.848900,23.582800,1.605900
1,1,21.482621,20.398200,2.673800,21.132299,1.636800
1,1,21.504276,21.654703,2.151100,21.155500,1.860800
1,1,21.529148,24.872098,2.471300,25.328800,2.301900
1,1,21.550902,21.754000,2.070400,21.345400,1.578600
1,1,21.572035,21.132700,2.610100,21.062099,1.846300
1,1,21.592643,20.608600,2.696200,20.933300,1.666400
1,1,21.616661,24.018101,2.275200,23.626200,1.867000
1,1,21.639148,22.486798,2.851000,22.486200,1.770600
1,1,21.660260,21.112200,2.820200,21.113300,1.821700
1,1,21.681409,21.148302,2.748300,21.093800,1.414800
1,1,21.701460,20.051699,2.850600,20.503901,1.800700
1,1,21.723602,22.141900,2.107800,21.632200,1.723500
1,1,21.746474,22.871800,2.632900,22.919800,1.785000
1,1,21.769035,22.561200,2.655800,22.533100,2.118400
1,1,21.791408,22.372298,2.856700,22.743200,1.854800
1,1,21.812552,21.144200,2.374400,21.171000,1.633600
1,1,21.833769,21.217201,2.615700,21.233999,1.695000
1,1,21.854625,20.856202,2.900400,20.358700,1.612000
1,1,21.875772,21.146599,2.621500,21.118601,1.476500
1,1,21.896346,20.574201,2.554700,21.147499,1.348500
1,1,21.917481,21.134797,2.047000,21.118700,1.606300
1,1,21.941035,23.554202,2.408400,22.953400,1.805900
1,1,21.961971,20.935800,2.984900,21.354799,1.874300
1,1,21.990578,28.606698,2.630300,28.284901,1.873000
1,1,22.016273,25.695402,2.757700,25.794001,1.888300
1,1,22.047403,31.130098,2.610200,30.162800,1.773200
1,1,22.071867,24.464101,3.712300,25.618900,2.536100
1,1,22.098710,26.842799,2.675200,26.677099,2.210000
1,1,22.126328,27.618300,2.632200,27.714100,1.570000
1,1,22.147772,21.444000,2.373400,21.066401,2.109600
1,1,22.170421,22.648502,2.979800,22.960899,1.856200
1,1,22.191641,21.220099,2.362600,21.071600,1.615900
1,1,22.213012,21.371398,3.062600,21.340700,1.561700
1,1,22.234089,21.077003,2.625600,21.097900,1.620200
1,1,22.257781,23.691799,2.508600,23.602699,1.611800
1,1,22.278373,20.592097,2.648800,21.118601,1.457900
1,1,22.300031,21.658003,2.078100,20.723700,1.532600
1,1,22.320327,20.295497,3.194100,20.973000,2.142700
1,1,22.343836,23.508999,3.148800,23.285700,1.544300
1,1,22.364726,20.890303,2.416800,21.325399,1.649000
1,1,22.385395,20.668600,2.124700,20.605801,1.583500
1,1,22.406415,21.020800,2.098800,20.582300,1.481200
1,1,22.427936,21.520998,2.536300,21.412399,1.697300
1,1,22.448697,20.760201,2.723500,20.703400,1.838000
1,1,22.470905,22.208702,2.901200,22.040899,1.590300
1,1,22.497298,26.392799,3.398500,26.901100,2.276000
1,1,22.521270,23.972098,2.992000,23.869801,1.602500
1,1,22.544178,22.908002,2.517900,22.690901,1.755500
1,1,22.564926,20.747799,2.765300,20.913601,1.989400
1,1,22.585603,20.677298,2.747500,20.937000,1.631600
1,1,22.606764,21.160703,2.288500,21.018200,1.423800
1,1,22.631083,24.319500,2.461600,23.607599,1.776600
1,1,22.653736,22.652898,3.143800,22.991100,2.187700
1,1,22.674583,20.846799,2.757100,20.926500,1.877700
1,1,22.697092,22.508703,3.382100,22.857000,2.234800
1,1,22.718840,21.748498,2.502200,21.568300,2.389200
2,1,40.485850,26.868500,2.622800,26.958099,1.706800
2,1,40.514510,28.659303,2.436800,28.556801,1.782500
2,1,40.543839,29.329900,2.595100,29.028601,2.343200
2,1,40.566057,22.217497,2.724900,22.307800,1.943300
2,1,40.591608,25.551401,2.901900,25.283600,1.770000
2,1,40.615285,23.676801,3.130600,24.125299,2.048200
2,1,40.642898,27.613398,2.600700,27.742800,2.080100
2,1,40.671928,29.029302,2.560500,28.670200,1.699500
2,1,40.695276,23.348499,2.846200,23.392700,1.932600
2,1,40.718961,23.684599,2.380300,23.727501,1.943200
2,1,40.748923,29.962502,3.069700,29.787300,2.094900
2,1,40.775836,26.912298,2.829100,26.951401,2.131400
2,1,40.801673,25.837302,2.658300,25.854200,1.850000
2,1,40.829180,27.506799,2.660600,27.786501,1.570000
2,1,40.856043,26.863601,2.366300,26.570499,2.072500
2,1,40.884584,28.540399,2.525900,28.213100,1.832200
2,1,40.908966,24.382200,3.089900,24.285900,1.894600
2,1,40.942666,33.700202,3.181800,34.294399,2.088400
2,1,40.970686,28.019298,2.379300,27.662500,2.074900
2,1,40.997661,26.975799,2.831000,27.439100,1.834300
2,1,41.024292,26.630502,2.327300,26.182600,1.927600
2,1,41.050346,26.053701,2.951900,26.452299,2.084200
2,1,41.076896,26.550800,2.464900,25.984501,1.767100
2,1,41.102172,25.275901,3.301100,25.405399,1.945300
2,1,41.124935,22.762999,2.991400,22.862301,1.808900
2,1,41.146004,21.068398,2.376700,20.869400,1.567300
2,1,41.169059,23.055002,2.569900,23.580799,1.829500
2,1,41.192390,23.331400,2.102600,23.265499,1.672600
2,1,41.215536,23.146201,2.055800,22.850000,1.592400
2,1,41.236010,20.473599,2.590100,20.853600,1.728400
2,1,41.259377,23.367200,2.100400,23.108601,2.009400
2,1,41.279950,20.573098,2.756400,20.869600,1.565900
2,1,41.304063,24.112802,2.253700,23.482000,1.672200
2,1,41.327216,23.153499,2.630800,22.602600,1.784300
2,1,41.347452,20.235099,3.172600,21.212900,2.073500
2,1,41.368068,20.616002,2.841800,20.629801,1.931800
2,1,41.390866,22.798698,2.216000,22.755600,1.541500
2,1,41.412804,21.937899,2.134500,21.688101,1.472000
2,1,41.435881,23.077000,2.779700,23.008801,1.636600
2,1,41.461046,25.165100,2.307900,24.840200,1.612900
2,1,41.483230,22.184003,2.667800,22.923300,1.720800
2,1,41.505833,22.602897,1.844600,21.982201,1.574700
2,1,41.527968,22.134602,2.980800,22.233700,1.800500
2,1,41.548931,20.962801,2.780200,21.268000,1.827900
2,1,41.572439,23.508798,2.452100,23.232800,1.630200
2,1,41.594996,22.556700,2.477000,22.527700,1.872900
2,1,41.615844,20.847902,2.446700,21.348000,1.331100
2,1,41.638778,22.933997,1.961300,22.825701,1.596100
2,1,41.660553,21.775402,1.987400,21.393600,1.718600
2,1,41.684658,24.105098,2.606100,24.076900,1.536100
2,1,41.707683,23.024403,2.804300,23.001699,1.508900
2,1,41.730847,23.164600,2.445600,23.243700,1.772200
2,1,41.751999,21.151099,2.454000,21.053499,1.891600
2,1,41.775130,23.131497,2.739800,23.011101,1.826200
2,1,41.798484,23.354102,2.597100,23.442600,1.758200
2,1,41.819360,20.875499,2.725400,20.705999,1.719000
2,1,41.841763,22.403300,2.916300,22.826599,1.909100
2,1,41.863037,21.273702,2.365100,21.370501,1.497400
2,1,41.885841,22.804100,2.353500,22.655100,1.549600
2,1,41.906782,20.941000,2.306000,20.969999,2.146700
2,1,41.927630,20.848699,2.221600,20.613001,1.443500
2,1,41.948802,21.171600,2.428200,21.347900,1.528300
2,1,41.972250,23.447800,2.327100,23.459299,1.804400
2,1,41.997241,24.991401,2.187700,24.792999,1.926100
2,1,42.021899,24.657998,2.635800,24.406700,2.214100
2,1,42.045733,23.833700,2.937300,24.360500,1.889300
2,1,42.067247,21.513600,2.175200,21.235300,1.681900
2,1,42.090552,23.305703,2.681300,23.028700,1.564000
2,1,42.114438,23.885299,2.659400,24.106600,1.721300
2,1,42.137509,23.071501,2.331200,23.135500,1.547100
2,1,42.158510,21.001399,2.438400,21.084299,1.663300
2,1,42.181604,23.093298,2.229700,22.792299,1.812000
2,1,42.202807,21.202903,2.374700,21.240999,1.395500
2,1,42.225903,23.095898,2.344800,22.968000,1.693000
2,1,42.248092,22.189699,2.401300,22.427200,1.560000
2,1,42.269044,20.951401,2.281700,21.190100,1.963300
2,1,42.290528,21.483999,1.986600,21.355400,1.456700
2,1,42.313305,22.777200,2.176000,22.687201,1.809900
2,1,42.336770,23.465499,2.188600,23.403799,1.601300
2,1,42.360040,23.269601,2.287500,23.270000,1.820100
2,1,42.381036,20.996302,2.691600,20.599501,1.638300
2,1,42.405081,24.044897,2.841500,24.534800,1.844000
2,1,42.427002,21.920599,2.560300,21.736500,1.702400
2,1,42.449869,22.867203,2.544200,22.917999,2.921800
2,1,42.470736,20.867597,2.497500,20.873100,1.927800
2,1,42.493389,22.652201,2.425100,22.755800,1.674200
2,1,42.517160,23.770999,2.200900,23.630400,1.610100
2,1,42.539046,21.885902,2.492600,21.937000,1.633700
2,1,42.559929,20.883601,2.214300,20.969801,1.449800
2,1,42.582973,23.043700,2.079900,22.808001,1.427300
2,1,42.605753,22.780098,2.411500,22.866199,1.954700
2,1,42.627472,21.719299,2.542900,21.438601,2.019000
2,1,42.649598,22.125602,2.684200,22.651300,1.375100
2,1,42.671428,21.829899,1.877400,21.814100,1.770100
2,1,42.693919,22.490900,1.922500,22.305000,1.460500
2,1,42.715174,21.255799,2.068600,21.354700,1.590000
2,1,42.738858,23.683000,1.975500,23.242901,1.812700
2,1,42.761766,22.908900,2.470000,22.946400,1.834500
2,1,42.782710,20.943101,2.690400,20.756399,1.684800
2,1,42.805823,23.113001,2.546900,23.092199,1.590600
2,1,42.829643,23.820098,2.853400,23.995199,1.548500
2,1,42.852999,23.356501,3.040700,23.533600,1.632800
2,1,42.876590,23.590401,2.306000,23.349001,1.675100
2,1,42.899210,22.620697,2.498100,22.943899,1.541500
2,1,42.921012,21.801401,2.143100,21.588400,1.689500
2,1,42.944231,23.219399,2.372500,23.377800,1.722300
2,1,42.970322,26.090901,2.195000,25.661699,1.725000
2,1,42.996225,25.903102,2.727200,25.937500,1.847500
2,1,43.020931,24.705999,2.524900,25.018200,1.937400
2,1,43.044255,23.323499,2.081400,23.296400,2.515200
2,1,43.067633,23.378301,2.313400,23.282200,1.979800
2,1,43.091059,23.426101,2.503400,23.469801,1.839200
2,1,43.113728,22.668701,2.509100,22.802401,2.028700
2,1,43.137756,24.028599,2.124700,23.649200,1.418800
2,1,43.161012,23.256198,2.753600,23.281500,1.467300
2,1,43.182571,21.558803,2.628900,21.517700,1.701900
2,1,43.207618,25.046300,2.440700,25.288200,1.400000
2,1,43.228944,21.326900,2.102400,21.491800,1.519300
2,1,43.252427,23.482598,1.945900,23.042400,1.540900
2,1,43.275350,22.923302,2.628300,23.050699,1.707600
2,1,43.296289,20.938400,2.479200,20.991899,1.569100
2,1,43.319345,23.056600,2.553000,23.037701,1.464500
2,1,43.340928,21.582998,2.199200,21.166000,1.625000
2,1,43.363780,22.851799,2.816400,23.495501,2.434000
2,1,43.388324,24.543803,1.977100,23.602900,1.626700
2,1,43.409082,20.758398,3.081900,21.548100,1.614900
2,1,43.430477,21.394800,2.787900,21.358601,1.510200
2,1,43.453293,22.815701,2.375300,22.452700,1.650100
2,1,43.478890,25.596801,2.721600,25.839300,1.909000
2,1,43.504211,25.321800,2.624300,25.113001,1.620900
2,1,43.528194,23.982599,2.437900,23.962601,1.718700
2,1,43.549244,21.049500,2.449200,21.162001,1.936700
2,1,43.572420,23.176499,2.437700,22.903500,1.985300
2,1,43.595601,23.180500,2.680200,23.326599,1.858800
2,1,43.618040,22.439599,2.857800,21.715200,1.987100
2,1,43.641178,23.137402,4.157400,23.738501,1.446800
2,1,43.666753,25.575701,2.602400,25.142300,1.872200
2,1,43.687426,20.672400,3.027900,21.504101,1.710100
2,1,43.711535,24.109699,2.189600,23.992399,1.613300
2,1,43.731745,20.209201,2.326300,20.303699,1.639100
2,1,43.757618,25.873698,2.150900,24.995501,1.831900
2,1,43.780351,22.732902,3.054000,22.882900,1.748700
2,1,43.801011,20.659599,2.962500,21.163500,1.996100
2,1,43.826180,25.168799,2.603400,25.167601,1.641000
2,1,43.852052,25.872901,2.336900,25.318701,1.934400
2,1,43.874415,22.362798,2.789400,22.960300,1.604000
2,1,43.897526,23.111001,2.670100,23.177999,1.644900
2,1,43.919225,21.699201,2.067500,21.588499,1.655200
2,1,43.940493,21.267701,2.369900,21.329901,1.508000
2,1,43.965549,25.055997,2.116500,25.096300,1.631900
2,1,43.988006,22.456802,1.995900,21.618799,1.827000
2,1,44.010258,22.251800,2.887800,23.154200,1.691800
2,1,44.036806,26.548099,2.079700,26.279499,1.785300
2,1,44.058295,21.489602,2.251000,21.314501,1.872100
2,1,44.083005,24.709597,2.552000,24.820700,1.563100
2,1,44.106371,23.365602,2.256400,23.412701,1.891200
2,1,44.129541,23.170602,2.340700,23.019199,1.769500
2,1,44.150590,21.048497,3.172100,21.111900,2.015600
2,1,44.174395,23.805499,3.625300,23.559500,1.663700
2,1,44.194423,20.027600,2.832600,20.365101,1.926900
2,1,44.216055,21.632601,3.068300,21.430300,1.927000
2,1,44.238671,22.615202,2.442500,22.575899,1.331900
2,1,44.259407,20.736199,2.341100,20.814400,1.442200
2,1,44.282567,23.160301,2.311900,22.832800,1.635900
2,1,44.303438,20.870600,2.827800,21.320999,2.186200
2,1,44.325295,21.857198,2.338100,21.520300,1.644500
2,1,44.347472,22.177000,2.491900,22.567400,1.741400
2,1,44.368785,21.313302,2.086300,21.234100,1.475600
2,1,44.390359,21.573298,2.107800,21.435600,1.338500
2,1,44.412843,22.484001,2.229700,22.730200,1.379800
2,1,44.434407,21.564700,2.048700,21.113899,1.508100
2,1,44.457890,23.482300,2.346100,23.282499,1.666300
2,1,44.478556,20.666700,2.714400,20.583401,1.674400
2,1,44.501339,22.782803,3.745300,22.918501,1.850400
2,1,44.522343,21.003697,3.052900,21.301300,1.552400
2,1,44.545242,22.899400,3.223700,23.023800,1.768000
2,1,44.568331,23.088802,2.197100,22.754900,1.573600
2,1,44.591325,22.994500,2.542100,22.986500,1.742900
2,1,44.612176,20.850398,2.527000,21.143000,1.416200
2,1,44.635102,22.925802,2.068000,22.943100,1.293300
2,1,44.657126,22.024602,2.023400,21.637199,1.336700
2,1,44.679328,22.201400,2.587600,22.473301,2.277600
2,1,44.700613,21.285299,2.378500,21.023899,1.676300
2,1,44.721811,21.197699,2.524600,20.939400,1.914700
2,1,44.742466,20.654999,3.742900,21.004101,1.552100
2,1,44.762769,20.303503,3.174200,20.464500,1.277700
2,1,44.783771,21.002397,2.935100,21.094999,1.797900
2,1,44.807411,23.639500,2.090300,23.223700,1.654900
2,1,44.830065,22.653900,2.474000,23.026600,1.531900
2,1,44.853652,23.587503,1.993700,23.124001,1.698400
2,1,44.876695,23.042399,2.576100,23.220200,1.524900
2,1,44.899671,22.975799,2.397900,22.860800,1.568900
2,1,44.921083,21.412600,2.467900,21.378000,1.761000
2,1,44.946145,25.061801,2.329300,25.024099,1.543300
2,1,44.968641,22.496302,2.334500,22.719999,1.872500
2,1,44.990258,21.617100,2.568600,20.555300,2.021400
2,1,45.010663,20.404797,4.097900,21.191500,1.749300
2,1,45.033305,22.641603,3.194500,23.091700,1.639100
2,1,45.054744,21.439400,2.112800,21.177401,1.480600
2,1,45.076015,21.270297,2.372300,21.363800,1.342000
2,1,45.096958,20.943601,2.149800,21.161100,1.712600
2,1,45.120180,23.222100,1.911800,22.755699,1.492400
2,1,45.141529,21.349199,2.362400,21.229700,1.506300
2,1,45.162082,20.552203,2.486300,20.843599,1.813400
2,1,45.184088,22.006400,2.400500,21.543301,1.602900
2,1,45.206878,22.789698,2.758000,23.120001,2.031800
2,1,45.227572,20.693902,2.397800,20.776400,1.877200
2,1,45.248881,21.309800,2.373300,21.025600,2.042100
2,1,45.270952,22.070497,2.674200,22.493601,1.777000
2,1,45.293703,22.750601,2.021100,22.334801,1.697900
2,1,45.317355,23.652699,2.456400,23.773600,1.892700
2,1,45.338534,21.179199,2.665300,21.309700,1.828400
2,1,45.359499,20.964600,2.510500,21.023399,1.932700
2,1,45.384441,24.941601,2.410400,24.915800,2.268300
2,1,45.407819,23.378499,2.319800,23.180201,1.739600
2,1,45.431213,23.394201,2.634300,23.171499,1.639900
2,1,45.452478,21.265000,3.095200,20.988199,2.044700
2,1,45.473588,21.110002,3.219000,21.361799,1.723200
2,1,45.494621,21.032799,2.657500,21.026400,1.677900
2,1,45.516287,21.666199,2.602600,21.792500,1.747700
2,1,45.539449,23.162100,2.472100,23.018999,1.726500
2,1,45.561567,22.117700,2.645700,22.709900,1.544800
2,1,45.584872,23.304399,1.855500,22.860001,1.707900
2,1,45.607529,22.657700,2.306100,22.843599,1.516800
2,1,45.628719,21.189500,2.153600,21.174700,1.603400
2,1,45.653775,25.056001,2.139600,24.622299,1.714800
2,1,45.674436,20.661600,2.641900,21.008400,1.428000
2,1,45.697633,23.196701,2.396400,22.694700,2.757900
2,1,45.718299,20.665798,3.535800,20.954901,1.841400
2,1,45.739860,21.561302,2.632000,21.492100,1.478500
2,1,45.762293,22.432800,2.506400,22.680500,1.712300
2,1,45.784300,22.007197,2.182300,21.646000,1.813600
2,1,45.805062,20.762201,2.704400,20.856001,2.514600
2,1,45.829437,24.374701,2.654200,23.882000,2.092200
2,1,45.850739,21.301597,3.030400,21.636999,1.842700
2,1,45.872458,21.719001,2.725400,21.755899,1.895000
2,1,45.895952,23.494501,3.423400,23.436501,1.737900
2,1,45.918353,22.400700,2.552900,22.684999,2.178100
2,1,45.942704,24.351601,2.400300,24.349701,1.795200
2,1,45.964628,21.923400,2.400600,21.612301,1.650000
2,1,45.987621,22.992998,3.243000,23.266500,1.843000
2,1,46.008916,21.295302,2.512200,21.334101,2.164600
2,1,46.032337,23.420598,2.442600,23.163500,1.963700
2,1,46.055419,23.081802,2.925400,22.896900,1.647800
2,1,46.078454,23.035400,3.039000,23.550301,1.664800
2,1,46.099323,20.868901,2.099300,20.886801,1.553200
2,1,46.122704,23.380898,1.820200,23.063101,1.621500
2,1,46.145477,22.773501,2.246200,23.097000,1.676900
2,1,46.168440,22.963099,1.915900,22.842800,1.772100
2,1,46.192458,24.018001,2.004300,23.696800,2.024700
2,1,46.213918,21.459598,2.473700,21.163200,1.513800
2,1,46.235802,21.883603,2.948600,22.430799,1.421000
2,1,46.256768,20.965997,2.167400,21.020901,1.918500
2,1,46.281879,25.111001,2.159900,24.695499,1.654500
2,1,46.302385,20.506900,2.973500,20.941601,1.718100
2,1,46.324389,22.003900,2.828600,21.523100,1.821900
2,1,46.346767,22.378102,2.610500,22.415501,2.280300
2,1,46.367226,20.458300,2.701200,20.895901,1.665200
2,1,46.389769,22.543598,2.030900,22.457600,1.592100
2,1,46.410802,21.032602,2.219500,20.749001,1.508300
2,1,46.433974,23.171999,2.410300,23.327101,1.465000
2,1,46.457142,23.167901,2.100200,22.943199,1.585100
2,1,46.479049,21.907199,2.475900,21.900900,2.002800
2,1,46.500711,21.661799,2.816400,21.856600,1.570300
2,1,46.524145,23.433801,2.496600,23.150400,1.659800
2,1,46.545551,21.405902,2.478700,21.787600,1.561000
2,1,46.566582,21.031599,2.127700,20.999300,1.970300
2,1,46.589810,23.228001,2.294800,23.039499,1.691100
2,1,46.610698,20.887699,2.533200,21.120001,1.706700
2,1,46.633558,22.859700,2.267800,22.919300,1.723300
2,1,46.657063,23.505598,2.045000,23.009800,1.849100
2,1,46.680166,23.102701,2.706100,23.169500,1.895500
2,1,46.701331,21.165200,2.614000,21.010900,1.388700
2,1,46.726532,25.200900,2.849400,25.296301,1.613900
2,1,46.748373,21.841001,2.717200,22.208900,1.806500
2,1,46.772237,23.863800,2.351900,23.096300,1.588300
2,1,46.793352,21.115001,3.571000,21.939301,1.745600
2,1,46.816911,23.559798,2.250700,23.429600,1.425100
2,1,46.839915,23.003001,2.265600,23.029900,1.792100
2,1,46.861521,21.606401,2.275400,21.352100,1.672200
2,1,46.883770,22.249501,2.334600,22.267099,1.489100
2,1,46.906348,22.577699,2.324300,22.548300,2.078600
2,1,46.929501,23.152601,2.644500,23.199400,1.982300
2,1,46.952950,23.448799,2.644300,23.300200,2.029700
2,1,46.976158,23.208700,2.557000,22.850401,1.909700
2,1,46.999436,23.277499,2.947500,23.718700,1.678600
2,1,47.024217,24.781201,2.773300,24.514000,1.679300
2,1,47.047259,23.042001,2.697800,23.521799,1.372600
2,1,47.068535,21.276098,2.026700,21.041700,1.648100
2,1,47.093301,24.766203,2.332100,24.939400,1.450600
2,1,47.114839,21.537900,2.731600,21.339600,1.823700
2,1,47.136685,21.845400,2.835200,21.730400,1.450100
2,1,47.159500,22.815198,2.339100,22.969200,1.616000
2,1,47.181921,22.421401,2.212600,21.969999,1.887200
2,1,47.203040,21.118999,2.561700,21.310101,1.605400
2,1,47.225844,22.803500,2.296100,23.138700,1.540500
2,1,47.247476,21.632399,2.119800,21.502199,1.718100
2,1,47.270597,23.120802,2.311600,23.252600,1.999800
2,1,47.294303,23.705799,2.552400,23.428900,1.761800
2,1,47.315579,21.276601,2.588600,21.067900,1.732900
2,1,47.341321,25.742199,2.444800,25.806601,1.809100
2,1,47.361664,20.342700,2.426700,20.705601,1.810700
2,1,47.385080,23.415901,2.161800,22.910601,1.846900
2,1,47.408182,23.102000,2.678200,23.125500,1.776600
2,1,47.431563,23.380999,2.646500,23.352301,1.641700
2,1,47.457056,25.493301,2.537000,25.455999,1.706100
2,1,47.480362,23.305397,2.758900,23.149099,2.028100
2,1,47.505288,24.926301,3.452300,25.432400,1.647300
2,1,47.528669,23.380700,2.617400,22.994801,1.798000
2,1,47.553096,24.427000,2.795700,23.975599,2.216700
2,1,47.575381,22.284999,3.388900,22.907200,1.764200
2,1,47.599150,23.769099,2.285500,23.831400,1.744900
2,1,47.622003,22.853602,2.161600,22.908800,1.644900
2,1,47.645054,23.050599,2.206500,23.205799,1.530000
2,1,47.666636,21.581702,2.231500,21.600901,1.708700
2,1,47.688851,22.215098,2.126600,21.711000,1.778500
2,1,47.715381,26.529700,2.760200,26.917101,1.897800
2,1,47.738661,23.280099,2.312600,22.807100,1.727900
2,1,47.759399,20.738300,2.675900,21.364901,1.868700
2,1,47.782515,23.115803,1.977000,22.773399,1.814800
2,1,47.805724,23.208998,2.335700,23.130600,1.863700
2,1,47.828100,22.375800,2.373100,22.302200,1.825000
2,1,47.852975,24.875101,2.637300,24.943600,1.838100
2,1,47.876176,23.201101,2.581700,23.227600,1.614800
2,1,47.897302,21.126099,3.023500,21.358000,1.847500
2,1,47.918436,21.133702,2.077100,21.083700,1.512100
2,1,47.941529,23.093000,2.123200,22.768499,1.746400
2,1,47.962959,21.430299,2.405800,21.416201,1.487300
2,1,47.985993,23.033999,2.340000,22.925200,1.275700
2,1,48.007132,21.138903,2.525000,21.278099,1.424000
2,1,48.032706,25.573999,2.621000,25.454599,2.357700
2,1,48.055911,23.205601,2.941000,23.494400,1.795600
2,1,48.076988,21.076199,2.272500,21.129900,1.623900
2,1,48.098421,21.433301,2.732300,21.174900,1.479800
2,1,48.119144,20.723499,2.454200,20.760099,1.545100
2,1,48.142107,22.962801,2.523000,23.067900,1.810300
2,1,48.163886,21.778598,2.540600,20.980101,1.697300
2,1,48.186150,22.264700,3.088400,23.076599,1.480500
2,1,48.207166,21.015998,2.124100,21.002300,1.774700
2,1,48.230650,23.484003,2.428000,23.216101,1.618300
2,1,48.254807,24.156399,2.440300,24.585699,1.482800
2,1,48.276479,21.672402,1.856300,21.233700,2.098800
2,1,48.300850,24.370499,2.600300,23.989799,1.914400
2,1,48.322679,21.828901,2.948100,22.182800,2.032800
2,1,48.342998,20.319097,2.450700,20.506100,2.020200
2,1,48.365927,22.928800,2.643800,22.979300,1.512200
2,1,48.387153,21.226402,2.269300,21.147699,1.556700
2,1,48.410411,23.258500,2.190800,23.018101,1.543400
2,1,48.431605,21.193199,2.651100,21.550200,1.865800
2,1,48.454709,23.104500,2.063600,22.861500,1.562300
2,1,48.477700,22.991098,2.291500,22.896999,1.663900
3,1,66.065885,23.602899,2.253700,23.573999,1.994700
3,1,66.089067,23.181900,2.601000,23.250401,1.686800
3,1,66.111778,22.711199,2.546100,22.842199,1.945500
3,1,66.135111,23.332600,2.427300,23.145901,2.178300
3,1,66.156382,21.271203,2.487400,21.118799,1.816500
3,1,66.181484,25.102098,2.840400,25.427099,1.498500
3,1,66.202548,21.063600,2.250500,20.788300,1.720800
3,1,66.228122,25.573902,2.398500,25.210800,1.606700
3,1,66.248313,20.190999,2.800900,20.869600,1.462200
3,1,66.272060,23.746900,2.128400,23.407101,1.725700
3,1,66.293476,21.415900,2.394900,21.487301,1.545500
3,1,66.318749,25.273401,2.100800,25.305000,1.519500
3,1,66.341880,23.131300,2.101100,23.186399,1.594700
3,1,66.362892,21.011699,2.039100,20.883400,1.798600
3,1,66.387699,24.807300,2.150000,24.735600,1.691000
3,1,66.410173,22.473600,2.255900,22.478901,1.639900
3,1,66.434280,24.106801,2.438000,24.226000,1.818900
3,1,66.458089,23.809500,2.503900,23.035700,1.831100
3,1,66.481518,23.428600,3.204300,23.898500,2.150600
3,1,66.504294,22.776000,3.291700,22.271000,2.810600
3,1,66.525195,20.900797,3.323900,21.660801,2.022300
3,1,66.547724,22.529002,3.058500,22.659800,1.733400
3,1,66.569452,21.728698,2.016600,21.267200,1.601600
3,1,66.594329,24.876602,2.383100,24.964199,2.177800
3,1,66.615733,21.403600,2.558300,21.551100,1.699600
3,1,66.638366,22.633199,2.324900,22.403500,1.598000
3,1,66.660926,22.560302,2.438700,22.424000,1.808800
3,1,66.682620,21.694098,2.789800,21.726500,1.618400
3,1,66.705196,22.576202,2.784500,23.016899,1.640600
3,1,66.728163,22.966601,2.196800,23.024000,2.041400
3,1,66.751814,23.650698,2.345000,23.472000,1.552200
3,1,66.774690,22.876602,2.445900,22.703199,1.686300
3,1,66.797099,22.408899,2.517100,22.787100,1.601400
3,1,66.820315,23.215398,2.019900,22.941900,1.914500
3,1,66.844052,23.737703,2.488700,23.501699,1.916300
3,1,66.866010,21.957997,2.492100,22.260599,1.857000
3,1,66.889311,23.301300,2.246900,23.250099,1.869500
3,1,66.911440,22.128802,2.359800,21.576700,1.658400
3,1,66.933631,22.190999,2.886900,22.799900,1.595000
3,1,66.956626,22.994600,2.316500,22.995701,1.385200
3,1,66.977658,21.031700,2.125100,20.803101,1.323900
3,1,66.998932,21.274000,2.355400,21.670799,1.486900
3,1,67.022565,23.633700,1.951500,23.384501,1.699700
3,1,67.043765,21.199200,2.220400,21.146000,1.869200
3,1,67.066463,22.698801,2.259700,22.598600,2.244400
3,1,67.091284,24.820998,2.434700,24.676901,2.285700
3,1,67.111869,20.584699,2.729800,20.536100,2.132300
3,1,67.132786,20.917002,2.763400,21.289400,1.491900
3,1,67.157373,24.586599,2.152000,24.467899,1.782900
3,1,67.178706,21.333501,2.253900,21.289700,1.707700
3,1,67.201598,22.891700,2.262000,23.066299,1.487400
3,1,67.225117,23.518998,2.032300,23.244699,1.938300
3,1,67.247353,22.236302,2.286000,22.439501,1.853400
3,1,67.268925,21.572299,2.231300,21.355200,1.565700
3,1,67.291985,23.059301,2.884500,23.159901,1.684400
3,1,67.314917,22.932597,2.627100,23.093201,2.615400
3,1,67.336420,21.502901,2.201200,21.514700,1.659100
3,1,67.359440,23.019303,2.988000,22.968901,1.457000
3,1,67.381059,21.619499,2.117700,21.488501,1.446500
3,1,67.402531,21.471899,2.138400,21.633301,1.500000
3,1,67.426006,23.475401,1.958900,23.225901,1.673000
3,1,67.449669,23.662299,2.272200,22.733999,1.599800
3,1,67.472217,22.548102,3.332900,23.294500,1.984200
3,1,67.492795,20.578600,2.544300,20.723700,1.712000
3,1,67.520053,27.257398,2.392200,26.992399,2.084700
3,1,67.543990,23.937300,2.832500,24.255501,1.958500
3,1,67.565392,21.401599,2.515900,21.041000,1.814500
3,1,67.590802,25.410403,3.019100,25.847401,1.560700
3,1,67.615284,24.481900,2.167000,24.202299,1.682600
3,1,67.636036,20.752300,2.663100,20.818899,2.054800
3,1,67.658685,22.648800,2.427900,22.408199,2.059600
3,1,67.682293,23.607697,2.889700,23.720501,2.163000
3,1,67.705851,23.557801,2.494600,23.299700,1.760000
3,1,67.728503,22.652600,2.821800,23.129900,1.808800
3,1,67.750062,21.558501,2.283000,21.604099,1.727700
3,1,67.775100,25.038600,2.289600,24.670200,1.918100
3,1,67.799340,24.239499,3.144600,24.193199,1.614000
3,1,67.822395,23.054801,2.714100,23.482300,1.676000
3,1,67.846234,23.839898,2.189500,23.459200,1.588600
3,1,67.867242,21.007903,2.492500,20.582199,1.612800
3,1,67.889981,22.738699,2.960500,23.268801,1.587300
3,1,67.912166,22.185199,2.228200,21.538300,1.520900
3,1,67.937166,24.999700,2.918300,25.491199,1.749200
3,1,67.960154,22.988301,2.714200,23.248100,1.405100
3,1,67.981513,21.358598,2.301400,21.196301,1.870700
3,1,68.011361,29.848602,2.381300,25.490000,1.752100
3,1,68.028067,16.705502,6.705300,21.239000,1.397200
3,1,68.051039,22.971999,2.182500,23.050100,1.622500
3,1,68.072631,21.592099,2.123700,21.474501,1.273000
3,1,68.095499,22.867702,2.251600,22.971701,1.734100
3,1,68.118924,23.425598,1.979700,23.233000,1.599200
3,1,68.140033,21.108501,2.208600,21.236300,1.604100
3,1,68.161819,21.786500,2.276500,21.397900,1.713100
3,1,68.185497,23.678001,2.662100,23.616100,1.466300
3,1,68.208851,23.354098,2.540200,23.519300,1.974000
3,1,68.230381,21.529902,2.387500,21.468500,2.002300
3,1,68.256471,26.089799,2.449600,26.420099,2.163200
3,1,68.279525,23.053601,2.330900,22.917900,1.929900
3,1,68.302777,23.252599,2.420900,23.214001,1.665900
3,1,68.324312,21.534801,2.451400,21.294201,1.297500
3,1,68.347418,23.106098,2.809100,23.021601,1.474000
3,1,68.368930,21.511402,2.843000,21.747601,1.561300
3,1,68.391644,22.714399,2.306300,22.937799,1.759000
3,1,68.413185,21.541301,2.043700,21.422400,1.341800
3,1,68.436473,23.287699,2.104900,23.247299,1.961000
3,1,68.459657,23.183800,2.388300,23.041201,1.901100
3,1,68.483025,23.368102,2.309600,22.938601,1.769100
3,1,68.503799,20.774398,2.816800,21.309401,1.690500
3,1,68.529858,26.059199,2.068300,25.834700,1.584900
3,1,68.550794,20.935003,2.408100,21.203400,1.597500
3,1,68.574277,23.483697,2.476300,23.395901,1.565500
3,1,68.597667,23.390200,2.189500,23.129000,1.600700
3,1,68.620282,22.614103,2.624400,22.831699,1.398700
3,1,68.641127,20.845100,2.175100,20.948799,1.851200
3,1,68.665410,24.283499,2.022200,23.912201,1.548800
3,1,68.689947,24.536502,2.457900,24.853800,1.494000
3,1,68.711964,22.016998,2.241900,21.513300,1.622200
3,1,68.735558,23.594800,2.606800,23.496500,1.469100
3,1,68.758950,23.391299,2.695800,23.634501,1.892400
3,1,68.784309,25.359202,2.644100,25.095600,2.028300
3,1,68.805386,21.076899,3.680800,21.560400,2.561900
3,1,68.828868,23.481801,2.417400,23.150101,1.807000
3,1,68.852898,24.030700,2.550500,24.365601,1.517000
3,1,68.875204,22.305500,2.262800,21.999800,1.335800
3,1,68.898479,23.275197,2.472800,23.076200,1.485100
3,1,68.921297,22.817902,2.537200,23.278900,1.541800
3,1,68.944595,23.298301,2.194700,23.190701,1.558200
3,1,68.966008,21.412298,2.296700,21.189100,1.656000
3,1,68.990180,24.172999,2.529300,24.617500,1.530200
3,1,69.013759,23.578502,2.011200,23.412500,1.664000
3,1,69.035731,21.972101,2.270700,21.671400,1.480200
3,1,69.058545,22.813600,2.603900,22.892200,1.383000
3,1,69.079245,20.700399,2.492300,20.927099,1.579700
3,1,69.103368,24.123199,2.370800,23.686199,1.459400
3,1,69.127849,24.480700,2.656100,24.738001,1.998600
3,1,69.150162,22.313401,2.476100,21.890600,1.930100
3,1,69.172551,22.388600,2.763100,22.809799,1.891900
3,1,69.195274,22.723000,2.573700,22.768900,1.682700
3,1,69.217063,21.788597,2.260000,21.486700,1.916500
3,1,69.237618,20.555802,2.678600,21.058701,1.480200
3,1,69.262116,24.497598,2.074300,24.007401,1.480900
3,1,69.282825,20.709001,2.478200,20.806000,1.731200
3,1,69.306277,23.452401,2.468600,23.539900,1.761700
3,1,69.329234,22.956498,2.313300,22.787100,1.712100
3,1,69.352548,23.313601,2.504300,23.045601,1.919500
3,1,69.375244,22.696700,2.836900,22.781700,1.854000
3,1,69.398221,22.976700,2.647300,22.879299,1.761700
3,1,69.419111,20.890303,2.706800,21.130199,1.802900
3,1,69.442420,23.308497,2.492000,23.382299,2.617500
3,1,69.465242,22.822000,2.536300,23.069099,1.748200
3,1,69.487010,21.768503,2.029300,21.632900,1.563400
3,1,69.512259,25.248699,2.132100,25.384899,1.753600
3,1,69.535361,23.102298,2.057700,23.021099,1.537500
3,1,69.559235,23.873702,2.155400,23.714701,1.560800
3,1,69.580848,21.612898,2.343300,21.744499,1.753600
3,1,69.603679,22.831202,2.335900,22.803699,1.873300
3,1,69.627281,23.601901,2.239600,23.582300,1.727400
3,1,69.650302,23.020901,2.173900,23.062401,1.730700
3,1,69.673939,23.637198,2.365900,23.119801,1.871200
3,1,69.699236,25.297202,2.678000,25.401100,1.664500
3,1,69.721760,22.524200,2.715200,22.479300,2.059500
3,1,69.742575,20.814799,2.647500,21.195499,1.363800
3,1,69.763965,21.389600,2.145800,21.316999,1.886700
3,1,69.787374,23.408998,2.232700,23.444000,1.477600
3,1,69.810481,23.106802,2.129900,23.145901,1.497800
3,1,69.833313,22.832599,2.054500,22.765499,1.659300
3,1,69.856912,23.598902,2.108800,23.497499,1.864900
3,1,69.877937,21.025099,2.402700,20.604099,1.820800
3,1,69.901777,23.839898,2.791500,23.450300,1.618500
3,1,69.921912,20.134702,3.242200,20.936300,2.219800
3,1,69.944653,22.741400,2.839000,22.387300,2.240800
3,1,69.965631,20.977300,2.580600,21.308500,1.630600
3,1,69.987170,21.539900,2.269800,21.294399,1.752100
3,1,70.009531,22.360500,2.455300,22.584101,1.642100
3,1,70.032551,23.020100,2.037200,23.129000,1.576200
3,1,70.054280,21.728799,1.950100,21.267700,1.847400
3,1,70.078956,24.676301,2.659800,25.028099,1.528500
3,1,70.099882,20.926099,2.097500,20.981300,1.348800
3,1,70.121342,21.460000,2.077200,21.413601,1.468600
3,1,70.145124,23.781601,2.244400,23.664700,1.689700
3,1,70.166099,20.974901,2.502600,20.536600,1.787900
3,1,70.188493,22.394501,2.668600,22.732201,2.107000
3,1,70.211272,22.778399,2.254200,22.693199,1.274600
3,1,70.232699,21.426998,2.310300,21.720900,1.463500
3,1,70.255935,23.236401,2.033500,22.914101,1.467900
3,1,70.277117,21.182299,2.378200,21.264200,1.567700
3,1,70.300387,23.269899,2.174700,23.325600,1.703300
3,1,70.321394,21.006301,2.910800,20.970699,2.045200
3,1,70.344993,23.599699,2.378000,23.322300,1.568600
3,1,70.365631,20.638000,2.436400,20.820601,1.675100
3,1,70.389092,23.460601,2.296700,23.483900,1.652000
3,1,70.411959,22.867199,2.176100,22.573900,1.613200
3,1,70.434614,22.654600,2.369700,22.929800,1.959400
3,1,70.456481,21.867700,2.436300,21.566700,1.767000
3,1,70.479324,22.842702,2.812100,23.116899,2.120900
3,1,70.500954,21.629900,2.830000,21.512300,1.916300
3,1,70.526036,25.081899,2.669600,24.925400,1.763000
3,1,70.549169,23.133103,2.636300,23.365499,1.964100
3,1,70.569828,20.659197,2.292100,20.829100,1.804400
3,1,70.593138,23.310002,2.042700,23.208300,1.783700
3,1,70.616243,23.105100,2.286800,23.072701,1.426200
3,1,70.637417,21.173701,2.228500,21.252300,1.463500
3,1,70.658673,21.256000,2.054700,21.309000,1.508700
3,1,70.682793,24.119999,2.790200,23.675100,1.656200
3,1,70.704899,22.106498,2.372200,22.353100,1.692100
3,1,70.726174,21.274403,2.372700,20.811800,1.620600
3,1,70.748726,22.552397,2.886500,23.021299,1.882400
3,1,70.770455,21.728903,2.347000,21.361099,1.865400
3,1,70.794331,23.875996,2.629100,23.625700,2.018100
3,1,70.816908,22.577200,2.951400,22.931700,2.722600
3,1,70.838681,21.772403,2.539500,21.715000,1.944500
3,1,70.861718,23.037199,2.564000,23.137501,1.570300
3,1,70.884592,22.874400,2.707000,23.052500,1.454300
3,1,70.905731,21.138500,2.196400,21.122299,1.530900
3,1,70.929594,23.862999,2.236900,23.606400,1.388200
3,1,70.953300,23.705900,2.748400,23.650101,1.696600
3,1,70.975049,21.749601,2.825300,22.180700,1.661700
3,1,70.998193,23.143299,2.099800,22.994400,1.554400
3,1,71.021782,23.589700,2.278400,23.551100,1.709000
3,1,71.045327,23.544602,2.276300,23.151501,1.861500
3,1,71.068477,23.150198,2.869300,23.052601,2.188800
3,1,71.093379,24.901699,2.870400,25.142000,2.634600
3,1,71.114161,20.781901,2.791700,20.555700,2.067500
3,1,71.136219,22.057801,2.824800,22.415701,1.480500
3,1,71.157984,21.765798,2.329500,21.543200,1.458200
3,1,71.181377,23.392402,2.542200,23.356899,1.424900
3,1,71.204364,22.987098,2.455400,23.313999,1.453900
3,1,71.228241,23.876801,2.212000,23.698000,1.521300
3,1,71.250608,22.367399,2.312400,21.694500,1.767000
3,1,71.274689,24.080802,3.004500,24.696899,1.691700
3,1,71.298588,23.898799,2.641300,23.686399,2.207800
3,1,71.322275,23.687799,2.937700,23.150600,1.631000
3,1,71.344802,22.526801,3.636900,23.529400,1.736500
3,1,71.368557,23.754802,2.176000,23.403200,1.697800
3,1,71.389893,21.335598,2.887600,21.552000,1.671800
3,1,71.413814,23.921501,2.671500,23.398199,2.016800
3,1,71.435292,21.477502,2.923200,21.780199,1.660100
3,1,71.458848,23.556799,2.545400,23.195299,1.755200
3,1,71.483793,24.944298,2.827600,25.106300,1.955800
3,1,71.507605,23.811802,2.905400,23.889601,1.679600
3,1,71.530410,22.805799,2.595100,23.079700,1.724100
3,1,71.551533,21.122802,2.343800,21.184500,1.791600
3,1,71.574476,22.942699,2.164400,22.612900,1.829000
3,1,71.597668,23.192499,2.430300,23.408400,1.948000
3,1,71.619460,21.792002,2.738800,21.564199,1.976900
3,1,71.644462,25.001198,2.576800,24.941700,2.011800
3,1,71.671837,27.375899,2.741300,27.268499,2.308600
3,1,71.695153,23.316000,2.862800,23.639500,2.295000
3,1,71.718172,23.018800,2.435800,22.882799,1.580300
3,1,71.741076,22.904001,2.452000,22.898899,1.866200
3,1,71.765133,24.056699,2.259900,23.930401,1.745400
3,1,71.786310,21.177102,2.562200,21.212299,1.722100
3,1,71.809184,22.873901,2.419000,23.268000,1.670900
3,1,71.830551,21.366600,2.003500,21.037201,1.563300
3,1,71.852569,22.018798,2.458300,22.233299,1.710600
3,1,71.878563,25.993302,2.176500,25.847500,1.567700
3,1,71.904510,25.946997,2.437600,25.540400,1.721700
3,1,71.928014,23.504101,2.812300,23.580400,1.967900
3,1,71.951103,23.089100,2.743000,23.485701,1.791500
3,1,71.973031,21.928500,2.285300,21.552799,1.664600
3,1,71.995969,22.937600,2.628100,23.167200,1.628900
3,1,72.018947,22.978500,2.681100,23.102100,1.556700
3,1,72.044648,25.700603,2.605500,25.464001,2.007400
3,1,72.067479,22.830799,2.580800,23.139400,1.834500
3,1,72.088965,21.486301,2.040500,21.499100,1.721600
3,1,72.112719,23.753598,2.006400,23.428699,1.877000
3,1,72.135707,22.987999,2.220800,23.230900,1.627800
3,1,72.159684,23.977600,1.959400,23.703800,1.496900
3,1,72.182961,23.276802,2.236800,22.879499,1.625700
3,1,72.206852,23.891199,2.587100,23.998899,2.012600
3,1,72.229192,22.339199,2.670300,22.466499,2.650900
3,1,72.253777,24.585500,2.770700,24.479000,2.191100
3,1,72.280796,27.019300,2.745100,27.053499,1.722400
3,1,72.302306,21.509402,2.708500,21.616699,1.912600
3,1,72.327139,24.833698,3.181700,24.911900,1.866100
3,1,72.348744,21.604400,2.702000,21.778000,1.834200
3,1,72.369881,21.137200,2.358700,20.695900,1.559900
3,1,72.393007,23.126200,2.630200,23.238899,1.749800
3,1,72.414591,21.583501,2.420300,21.882500,1.361500
3,1,72.439338,24.747100,2.163200,24.788401,1.852000
3,1,72.460427,21.089602,2.178400,20.962000,1.572700
3,1,72.483636,23.208097,2.139800,23.244600,1.550200
3,1,72.506331,22.695903,2.501400,22.807800,2.110100
3,1,72.533902,27.570199,2.064500,26.532801,1.618900
3,1,72.553842,19.940000,3.335200,20.833099,1.803300
3,1,72.575011,21.169499,2.110400,20.857800,1.539800
3,1,72.595369,20.357400,2.456500,20.601900,1.422300
3,1,72.619160,23.791801,2.253500,23.310400,1.753500
3,1,72.642302,23.141801,2.871100,23.585899,1.666600
3,1,72.664184,21.881398,2.329100,21.817699,1.676800
3,1,72.685162,20.978902,2.288400,21.033300,1.858100
3,1,72.708711,23.548298,2.292600,23.328699,1.474100
3,1,72.730256,21.545101,2.431400,21.563900,1.541300
3,1,72.752962,22.706501,2.436100,22.937401,1.707400
3,1,72.774901,21.938998,2.066200,21.297001,2.520900
3,1,72.797999,23.097303,2.850200,23.451099,2.009900
3,1,72.820348,22.349697,2.578600,22.471701,2.144400
3,1,72.843066,22.718001,2.241700,22.818701,1.858400
3,1,72.865929,22.862501,2.134600,22.590200,1.695700
3,1,72.890766,24.836998,2.656200,24.879200,1.643500
3,1,72.911982,21.216501,2.943600,21.048500,1.702800
3,1,72.934646,22.663601,2.902500,23.073799,1.620200
3,1,72.956556,21.909598,2.185400,21.576700,1.343100
3,1,72.977661,21.105602,2.366500,21.040701,1.317900
3,1,73.000983,23.322098,2.439900,23.548800,1.720800
3,1,73.024817,23.834102,2.218700,23.422899,1.768900
3,1,73.049144,24.326198,2.737000,23.990999,1.691500
3,1,73.073154,24.010602,3.309300,23.492201,2.122000
3,1,73.095054,21.899998,4.287500,22.374500,2.695000
3,1,73.116412,21.357402,3.960200,22.099001,2.176700
3,1,73.139824,23.412798,2.789400,23.308100,1.959100
3,1,73.163322,23.497202,2.679700,23.658199,1.713400
3,1,73.187082,23.760900,2.326700,23.343300,1.844400
3,1,73.208911,21.828998,2.693100,21.732100,1.657900
3,1,73.229538,20.626202,2.745700,20.715200,1.562700
3,1,73.252295,22.757299,2.856000,22.859400,1.786500
3,1,73.274915,22.620399,2.384200,22.589001,1.586900
3,1,73.295744,20.829100,2.364200,21.267000,1.667200
3,1,73.319867,24.122801,1.936200,23.144400,1.404000
3,1,73.342516,22.649102,2.950200,23.362900,1.928400
3,1,73.365828,23.311399,2.398300,23.153099,2.098400
3,1,73.388575,22.746801,2.538700,22.840900,1.996100
3,1,73.412179,23.604099,2.304300,23.467199,1.609400
3,1,73.434885,22.706799,2.532200,22.738899,1.723300
3,1,73.456808,21.922600,2.565700,21.658001,1.704500
3,1,73.479768,22.960301,2.569500,22.952801,1.752200
3,1,73.500788,21.019299,3.215900,21.288601,1.536900
3,1,73.525125,24.336901,2.138000,24.557400,1.699200
3,1,73.548818,23.693100,1.994700,23.134199,1.738300
3,1,73.571518,22.700302,2.799500,23.039900,1.862700
3,1,73.593137,21.619000,2.321500,21.691401,1.985100
3,1,73.616699,23.562200,2.298200,23.193100,1.516600
3,1,73.640185,23.486000,2.896100,23.707500,1.860800
3,1,73.662421,22.236299,2.551700,22.297100,1.698400
3,1,73.687484,25.062598,2.238200,24.672001,1.544900
3,1,73.709065,21.580901,2.580300,22.001400,1.467100
3,1,73.732060,22.995401,2.111600,22.988501,1.578400
3,1,73.754211,22.150900,2.153400,21.747601,1.658500
3,1,73.776843,22.631899,2.410900,22.826500,1.794100
3,1,73.802040,25.197200,2.222700,25.195900,1.818900
3,1,73.822715,20.674501,2.444000,20.939800,1.842900
3,1,73.845869,23.154300,2.062900,22.992901,1.462500
3,1,73.868910,23.040801,2.131700,22.825399,2.051700
3,1,73.890095,21.184698,2.579300,21.212799,1.926600
3,1,73.916834,26.739500,2.731000,26.240400,1.796300
3,1,73.937188,20.353999,3.378000,20.833300,3.082200
3,1,73.960361,23.172602,2.715400,23.128901,2.314000
3,1,73.982699,22.337798,2.484100,22.216200,1.698800
3,1,74.005895,23.196701,2.462600,23.153799,1.546700
3,1,74.029967,24.071600,2.405700,24.020599,1.405500
4,1,91.611260,25.380798,2.936700,25.497299,1.901900
4,1,91.632591,21.330900,2.205300,21.182699,1.591000
4,1,91.655932,23.341101,2.401200,22.980600,1.810000
4,1,91.676722,20.789701,3.048000,21.088800,1.743700
4,1,91.697544,20.822700,2.511700,20.760799,1.614900
4,1,91.720336,22.791199,2.478500,23.035801,1.792300
4,1,91.741679,21.343701,2.302900,21.130400,2.120400
4,1,91.764564,22.884298,2.748000,22.568300,1.925800
4,1,91.785615,21.051701,2.774100,21.546600,1.900100
4,1,91.810341,24.726100,2.169900,24.750799,2.158800
4,1,91.836437,26.095297,2.177100,25.372900,1.750700
4,1,91.856248,19.811500,3.096000,20.431801,1.581200
4,1,91.877907,21.658503,2.407400,21.580799,1.887800
4,1,91.898860,20.953599,2.365900,20.796801,1.864500
4,1,91.919332,20.471800,2.390300,20.887400,2.464000
4,1,91.944425,25.093198,2.006700,24.384600,1.605600
4,1,91.965913,21.488100,2.823900,21.364500,1.737000
4,1,91.986839,20.925600,2.836000,21.520000,1.918700
4,1,92.009991,23.151901,2.298200,23.114700,2.193100
4,1,92.033626,23.635201,2.465300,23.364599,2.047400
4,1,92.055013,21.387100,2.538700,21.252300,1.885200
4,1,92.077593,22.579700,2.851100,22.947201,1.860500
4,1,92.098855,21.261599,2.192600,21.306499,1.680400
4,1,92.122057,23.202199,2.126600,22.858999,1.764000
4,1,92.143129,21.072201,2.506900,21.274300,1.488100
4,1,92.167125,23.996402,2.318700,23.626900,1.805500
4,1,92.187314,20.188797,2.621100,20.667700,2.082600
4,1,92.209138,21.823701,2.346500,21.395800,1.797000
4,1,92.229437,20.298701,2.853000,20.660299,2.049400
4,1,92.253328,23.891099,2.225200,23.347200,1.792200
4,1,92.273675,20.346999,2.949200,20.788500,1.948800
4,1,92.296681,23.006201,2.337100,22.857100,1.698300
4,1,92.317485,20.804401,2.409000,20.614201,1.747000
4,1,92.338673,21.187898,2.607900,21.096600,1.889400
4,1,92.360329,21.656200,2.618900,21.745600,1.832700
4,1,92.383255,22.925802,2.582500,23.168100,1.629600
4,1,92.405978,22.722900,2.479300,22.615499,1.865700
4,1,92.429017,23.038600,2.465700,22.996000,2.196900
4,1,92.452236,23.219600,2.428300,22.921700,2.000400
4,1,92.475585,23.349199,2.871400,23.488899,1.817300
4,1,92.498536,22.950500,2.614000,23.255301,2.246100
4,1,92.520179,21.643400,2.294800,21.163099,1.803900
4,1,92.543827,23.647401,2.757600,23.646299,1.966300
4,1,92.565299,21.472000,2.729800,21.326401,1.613100
4,1,92.585939,20.640399,2.794600,21.186399,1.629300
4,1,92.608498,22.558700,2.162900,22.641001,1.861200
4,1,92.629815,21.317601,2.152100,20.951799,1.615400
4,1,92.652720,22.904597,2.446800,22.864500,1.586800
4,1,92.676162,23.441702,2.552100,23.523701,1.775900
4,1,92.697228,21.066699,2.554400,21.000601,1.925400
4,1,92.719758,22.530001,2.420600,22.788200,1.776000
4,1,92.741289,21.530900,2.126200,21.298300,1.402500
4,1,92.762537,21.247599,2.570500,21.237000,1.888700
4,1,92.786173,23.636401,2.780900,23.348499,1.747700
4,1,92.808645,22.471398,2.713500,23.037100,2.004800
4,1,92.830477,21.832202,2.114100,21.410000,1.660800
4,1,92.852981,22.503700,2.484700,22.895901,1.634400
4,1,92.877138,24.157800,1.993900,23.999800,1.641900
4,1,92.899964,22.825599,2.452400,22.944099,1.658100
4,1,92.923249,23.285199,2.358100,23.069300,1.824000
4,1,92.943912,20.662703,2.450300,20.760700,1.679700
4,1,92.965663,21.751300,2.215100,21.471600,1.831100
4,1,92.990849,25.185801,2.418800,25.083799,1.463800
4,1,93.013820,22.970900,2.528100,23.452101,1.563100
4,1,93.035357,21.537300,2.109300,21.339800,1.557400
4,1,93.058536,23.178298,2.248300,22.747101,1.889700
4,1,93.080336,21.800701,2.581300,21.628500,1.362400
4,1,93.102901,22.564799,2.807800,23.005600,1.535500
4,1,93.128036,25.135301,2.532500,25.187099,2.184000
4,1,93.149298,21.261498,2.491300,21.169500,1.631700
4,1,93.170159,20.861402,2.660100,20.758301,1.706300
4,1,93.192613,22.453498,2.368100,22.617500,1.570800
4,1,93.213849,21.235902,2.382000,21.332300,1.509800
4,1,93.235229,21.380700,2.180200,21.181200,1.591900
4,1,93.257177,21.948099,2.268600,21.945601,1.477700
4,1,93.279816,22.638902,2.253900,22.749399,1.580700
4,1,93.303576,23.759499,2.123300,22.907600,1.855500
4,1,93.323568,19.992400,3.370700,20.585100,2.390700
4,1,93.348370,24.802297,2.611900,24.803900,2.317800
4,1,93.371194,22.823602,2.924700,22.843100,2.053700
4,1,93.394443,23.248501,3.131600,23.310200,1.586400
4,1,93.417731,23.288000,2.328800,23.027800,1.563600
4,1,93.438096,20.365097,2.724500,20.714800,1.902300
4,1,93.459483,21.387301,2.484900,21.285299,1.658800
4,1,93.480769,21.286100,2.348700,21.476900,1.615600
4,1,93.502187,21.418300,2.207600,21.126400,1.553000
4,1,93.524225,22.038002,2.469200,21.819300,1.731400
4,1,93.549124,24.898898,2.703600,25.073999,1.715800
4,1,93.572006,22.881903,2.598200,22.699499,2.145000
4,1,93.595457,23.450498,2.462100,23.524300,1.581200
4,1,93.616633,21.176301,2.893300,21.132401,1.617800
4,1,93.639183,22.550400,2.789000,23.080400,1.846200
4,1,93.662579,23.395900,2.042800,22.825701,1.761800
4,1,93.685161,22.581600,2.649500,22.856400,1.780300
4,1,93.709123,23.961700,2.166800,23.361300,1.991100
4,1,93.729668,20.545200,3.088100,20.784901,2.449100
4,1,93.752454,22.786502,3.010200,23.062700,1.772500
4,1,93.773355,20.900298,3.152600,21.187700,1.909200
4,1,93.796744,23.389202,2.846300,23.007999,1.645100
4,1,93.819478,22.734597,2.393900,22.661100,1.509100
4,1,93.843163,23.684502,2.444700,23.439400,2.203400
4,1,93.863603,20.439699,2.667100,20.858601,1.598800
4,1,93.885421,21.818101,2.194800,21.515900,1.695400
4,1,93.907858,22.437200,2.650200,22.713200,1.852000
4,1,93.929356,21.497700,2.365500,21.292801,2.059600
4,1,93.949969,20.613801,2.813100,20.624300,2.100500
4,1,93.972743,22.773400,2.653000,23.129299,1.718200
4,1,93.994244,21.501400,2.058400,21.289301,1.894800
4,1,94.015755,21.510299,2.120200,21.396299,1.639900
4,1,94.036531,20.776801,2.201100,20.568001,1.478400
4,1,94.059073,22.541597,2.484800,22.701900,1.824600
4,1,94.083805,24.731800,2.469700,24.706600,1.616900
4,1,94.105139,21.334201,2.622600,21.192400,1.801300
4,1,94.128581,23.442399,2.657400,23.230801,2.190800
4,1,94.152564,23.982301,2.744700,24.599800,1.597000
4,1,94.174113,21.549098,2.092900,21.455099,1.710800
4,1,94.196655,22.541802,2.375700,22.466200,1.363200
4,1,94.218219,21.564800,2.316600,21.337799,1.451100
4,1,94.239377,21.157600,2.594700,21.534599,1.378700
4,1,94.262487,23.109600,2.143700,22.981001,1.371800
4,1,94.283429,20.942599,2.557300,20.977900,1.505600
4,1,94.306589,23.159701,2.157200,22.668699,1.649700
4,1,94.329058,22.468798,2.761200,22.600901,1.668600
4,1,94.351785,22.727102,2.690300,22.715700,1.610700
4,1,94.374448,22.662800,3.128500,23.102600,1.579000
4,1,94.396818,22.369999,1.983600,20.730200,1.802400
4,1,94.417414,20.596799,3.844400,21.923700,2.003000
4,1,94.438764,21.349501,2.487700,21.490200,1.394100
4,1,94.462181,23.417301,2.433700,22.346800,1.640600
4,1,94.482241,20.060301,3.743200,20.549000,2.708100
4,1,94.502418,20.176500,3.207200,20.619301,1.778300
4,1,94.522834,20.415898,2.398700,20.132799,2.208000
4,1,94.547466,24.632499,2.655200,24.692301,2.171600
4,1,94.570302,22.835501,2.640600,23.000000,1.689000
4,1,94.593470,23.168601,2.698200,23.377600,1.773400
4,1,94.616968,23.497600,2.315900,23.044001,1.599200
4,1,94.642341,25.373299,2.558000,25.413099,1.578500
4,1,94.665503,23.161899,2.735400,23.206499,1.636600
4,1,94.688275,22.771902,2.383600,22.488501,1.717500
4,1,94.710698,22.422399,2.983100,22.863701,2.305100
4,1,94.731579,20.881798,2.356400,20.982599,1.529900
4,1,94.753195,21.615203,2.206900,21.614201,1.560700
4,1,94.776482,23.287699,2.341800,23.245300,1.537600
4,1,94.800145,23.662500,2.151300,23.290400,1.536100
4,1,94.823119,22.974201,2.483500,23.424900,1.664200
4,1,94.846084,22.964898,2.010600,22.863001,1.716100
4,1,94.870047,23.963500,2.105500,23.649099,1.913600
4,1,94.894611,24.563499,2.787100,24.554899,2.455400
4,1,94.920162,25.551200,3.028700,24.853300,2.063100
4,1,94.942085,21.923102,3.749400,22.127399,3.179900
4,1,94.964334,22.248700,4.023500,22.639700,2.700900
4,1,94.985070,20.736199,3.401400,20.808001,3.008600
4,1,95.008506,23.435999,2.808000,22.946100,3.086300
4,1,95.029932,21.426301,3.197600,21.754400,2.910100
4,1,95.053091,23.158502,2.879100,22.549801,1.921600
4,1,95.075575,22.484198,3.420100,22.943199,2.455600
4,1,95.097390,21.815199,3.117100,21.931499,2.979400
4,1,95.120268,22.877499,2.923100,22.974001,2.422100
4,1,95.141380,21.112602,2.695900,21.087999,2.297900
4,1,95.167008,25.627799,2.896100,25.254299,2.128800
4,1,95.189923,22.915300,3.169000,23.012199,2.650600
4,1,95.213207,23.283601,3.164500,23.329800,2.204200
4,1,95.236673,23.465797,2.930600,23.011801,2.474500
4,1,95.259695,23.022000,3.778900,23.365801,2.616900
4,1,95.281258,21.563202,4.058400,21.600401,2.357400
4,1,95.303854,22.596300,3.921800,22.588400,2.358900
4,1,95.326185,22.330701,3.003000,21.936600,2.627600
4,1,95.347702,21.517098,3.410800,20.660500,3.133200
4,1,95.371255,23.552600,4.206100,23.876499,3.211700
4,1,95.390701,19.445799,4.036700,20.548901,4.159400
4,1,95.415858,25.157701,3.197600,24.739201,2.351100
4,1,95.438192,22.333600,4.494900,22.621500,3.225800
4,1,95.459765,21.573301,3.996300,21.374100,2.129500
4,1,95.481940,22.174999,3.088800,22.606400,1.740200
4,1,95.501273,19.332901,2.712300,19.097700,2.345500
4,1,95.526291,25.018398,2.797600,24.953501,1.708500
4,1,95.549580,23.288600,2.653700,23.221600,1.979900
4,1,95.572585,23.004502,2.825500,22.897400,1.954800
4,1,95.595091,22.506598,2.910400,22.800900,1.941600
4,1,95.620299,25.207900,2.743500,25.458700,1.854900
4,1,95.643576,23.277201,2.438600,22.933100,1.879800
4,1,95.667785,24.208602,2.818900,23.680700,2.245600
4,1,95.688331,20.546198,3.449100,21.079599,2.021300
4,1,95.711198,22.866700,3.068800,23.089199,1.819200
4,1,95.732065,20.867400,2.397900,20.992100,1.683900
4,1,95.755057,22.992201,2.091800,22.907900,1.608800
4,1,95.777213,22.155602,2.219500,21.544600,1.496200
4,1,95.800362,23.149498,2.754600,23.327400,1.940100
4,1,95.821011,20.648200,3.045000,20.921900,1.806100
4,1,95.842111,21.100599,2.604900,20.940201,2.142200
4,1,95.863466,21.354903,2.742000,21.314699,1.921400
4,1,95.888464,24.997998,2.697900,24.798100,1.955600
4,1,95.909483,21.019202,2.774700,21.238300,1.937100
4,1,95.934197,24.713900,2.534100,24.194500,1.924900
4,1,95.956200,22.003200,3.049500,22.690701,2.234300
4,1,95.980648,24.447098,2.318000,24.089001,1.959400
4,1,96.004044,23.396000,2.926400,23.174999,2.430600
4,1,96.024954,20.910800,3.283200,21.041401,2.361300
4,1,96.048312,23.357302,3.222800,23.415800,2.658400
4,1,96.072563,24.251301,2.723300,24.252001,2.533000
4,1,96.096300,23.737300,3.519000,23.361500,2.387300
4,1,96.118511,22.210300,3.557300,22.359200,2.288900
4,1,96.141151,22.640899,3.286600,22.886101,2.189200
4,1,96.162725,21.573599,2.786400,21.234200,2.514400
4,1,96.188857,26.131600,3.205400,24.730900,2.350800
4,1,96.207010,18.153001,5.584300,19.494301,3.231900
4,1,96.227422,20.412698,4.012200,20.836901,2.753200
4,1,96.250281,22.859100,3.000700,22.768999,2.943600
4,1,96.275516,25.235001,2.517400,24.910400,1.944300
4,1,96.296267,20.750798,3.198400,20.601101,1.817800
4,1,96.319010,22.743300,3.218100,22.976200,1.899400
4,1,96.339918,20.907100,2.778700,21.116800,2.168500
4,1,96.362864,22.945903,2.346900,22.891399,1.739300
4,1,96.386086,23.222100,2.751100,23.320299,2.233400
4,1,96.407313,21.227598,2.395200,20.739000,2.163000
4,1,96.430262,22.949200,2.949300,23.138901,2.064400
4,1,96.451908,21.645099,2.731000,20.999100,1.979900
4,1,96.474429,22.521202,3.565500,22.780199,2.255200
4,1,96.494701,20.272698,3.202700,20.946899,1.874900
4,1,96.519330,24.628401,2.407700,23.983101,1.780000
4,1,96.541385,22.055499,2.973900,22.246500,2.413600
4,1,96.562900,21.515101,3.123800,21.463100,1.845600
4,1,96.585038,22.137102,3.002600,22.516800,1.925700
4,1,96.609858,24.820298,2.414400,24.543301,1.666300
4,1,96.632590,22.732202,2.732600,22.744499,2.034600
4,1,96.652815,20.224597,2.677600,20.480301,1.867500
4,1,96.677355,24.540201,2.284500,24.389999,1.598400
4,1,96.700571,23.216300,2.327200,23.159300,1.545600
4,1,96.721341,20.769600,2.437600,20.851801,1.637300
4,1,96.743101,21.760602,2.450600,21.274799,1.752000
4,1,96.763888,20.787098,2.901600,21.390100,1.842200
4,1,96.786882,22.993900,2.279700,22.955200,1.621700
4,1,96.809752,22.869203,2.950500,22.931900,1.669000
4,1,96.831444,21.692600,2.604400,21.472000,1.633600
4,1,96.852392,20.947997,2.493400,20.690701,1.989600
4,1,96.875441,23.048401,2.696700,22.604300,2.101300
4,1,96.895713,20.272803,3.475800,20.691500,1.830000
4,1,96.917921,22.207499,2.604000,22.751499,1.434800
4,1,96.939379,21.458000,2.105800,20.991400,1.778800
4,1,96.962322,22.943601,2.389300,23.259399,1.753300
4,1,96.985346,23.023598,2.289800,23.172300,1.850800
4,1,97.011231,25.884900,2.082500,25.652399,1.593000
4,1,97.032755,21.524101,2.265200,21.384701,1.518300
4,1,97.055812,23.056500,2.340000,22.471201,1.883200
4,1,97.076261,20.449299,2.996200,21.002899,1.743300
4,1,97.098993,22.732202,2.975000,22.732800,1.724800
4,1,97.120463,21.469798,2.297200,21.051300,2.157700
4,1,97.141359,20.895701,3.131500,21.320400,1.920400
4,1,97.162461,21.102499,2.320700,21.030399,1.685100
4,1,97.183360,20.898700,2.747800,20.864799,1.900000
4,1,97.204173,20.812999,2.421400,21.012199,1.904900
4,1,97.226260,22.087701,2.260600,21.547400,1.539800
4,1,97.246671,20.410400,2.792200,20.809799,1.631500
4,1,97.267722,21.051500,2.285300,20.924801,1.909000
4,1,97.288889,21.166399,2.429800,21.200701,1.715900
4,1,97.312132,23.243502,2.288300,23.045700,1.718600
4,1,97.334082,21.949798,2.556400,21.943600,1.936100
4,1,97.358458,24.376102,2.457400,24.290400,1.922000
4,1,97.379634,21.175999,2.593900,21.037600,1.935100
4,1,97.402191,22.556599,2.919500,22.924999,1.945000
4,1,97.425465,23.274701,2.706300,22.985300,2.808400
4,1,97.446001,20.536002,2.968100,20.675900,2.418900
4,1,97.468533,22.531100,2.764300,22.712099,2.155200
4,1,97.489899,21.366898,2.346100,21.366400,1.917000
4,1,97.511227,21.327201,2.279000,21.107500,1.698000
4,1,97.532380,21.153800,2.407500,21.067801,1.653000
4,1,97.555136,22.755198,2.481400,23.067101,1.743000
4,1,97.578704,23.568302,2.644500,23.475401,1.871000
4,1,97.601398,22.694100,2.996800,22.873301,1.796200
4,1,97.621943,20.544801,2.132600,20.150400,1.817700
4,1,97.643508,21.564998,2.658100,21.784599,1.684500
4,1,97.666805,23.297500,2.300000,22.955500,1.649400
4,1,97.687410,20.605102,2.605700,20.747200,1.589700
4,1,97.709142,21.731198,2.622300,21.536301,1.433000
4,1,97.731926,22.784300,2.962200,22.872299,1.545600
4,1,97.754888,22.961900,2.528200,22.768801,1.518200
4,1,97.775183,20.295002,2.986400,20.832100,1.927100
4,1,97.798468,23.285300,2.256300,22.971800,2.034300
4,1,97.819130,20.661600,2.648500,20.937099,1.702500
4,1,97.840803,21.673199,2.490700,21.044001,1.574500
4,1,97.862948,22.145502,2.994600,22.732901,1.623100
4,1,97.884767,21.818500,2.256100,21.308399,1.404000
4,1,97.905776,21.009199,2.864100,21.338800,1.683000
4,1,97.928826,23.050200,2.366100,23.127501,1.488300
4,1,97.951511,22.684298,2.302700,21.542601,1.549500
4,1,97.971552,20.041801,3.704600,21.208000,2.133700
4,1,97.994786,23.233701,3.358400,23.251900,2.054100
4,1,98.018296,23.509499,2.308700,23.043200,1.883400
4,1,98.041046,22.750001,2.717700,23.498501,2.019100
4,1,98.063388,22.342499,1.998000,21.660500,2.300700
4,1,98.088111,24.722598,2.668100,24.883200,1.639400
4,1,98.109243,21.131903,2.593900,21.037500,1.859300
4,1,98.130792,21.549698,2.712700,21.638399,1.423500
4,1,98.151472,20.679601,2.832300,20.602501,1.429900
4,1,98.174704,23.232300,2.988500,23.475800,1.380400
4,1,98.196290,21.585301,2.383600,21.618999,1.670800
4,1,98.217052,20.762198,2.265800,20.497900,1.389700
4,1,98.238027,20.975303,2.393100,21.222401,1.447600
4,1,98.263384,25.356699,2.148800,25.371599,1.540500
4,1,98.284979,21.595299,2.129100,21.194700,1.626500
4,1,98.305580,20.600900,2.576100,21.111900,1.737800
4,1,98.327214,21.633800,2.222100,21.254499,1.514600
4,1,98.348708,21.494601,2.363600,21.036301,1.668200
4,1,98.369260,20.551700,2.751500,20.995800,1.622100
4,1,98.389962,20.701502,2.486600,20.839899,1.701700
4,1,98.411785,21.823097,2.184800,21.748199,1.522000
4,1,98.434613,22.828400,2.242800,22.510401,1.989000
4,1,98.457983,23.369800,2.655200,23.372000,2.182400
4,1,98.480136,22.152901,2.673300,22.006001,1.862700
4,1,98.501024,20.888299,2.762000,21.214500,1.790700
4,1,98.525756,24.731703,2.774300,24.331200,1.869400
4,1,98.549174,23.418397,2.946200,23.403799,1.967600
4,1,98.569924,20.750001,3.261600,20.150700,2.193900
4,1,98.592129,22.205301,3.481200,22.850300,1.944300
4,1,98.612619,20.489302,2.875600,20.800900,1.878900
4,1,98.633871,21.252200,2.384900,21.577200,2.052800
4,1,98.657257,23.386098,2.042800,22.927700,1.675900
4,1,98.680465,23.208000,2.405500,23.506800,1.830000
4,1,98.703007,22.542302,2.105700,21.534201,1.990500
4,1,98.726510,23.502499,3.302000,24.339800,2.093700
4,1,98.749109,22.599399,2.519600,22.812599,1.935400
4,1,98.770235,21.125399,2.161800,21.086599,1.640000
4,1,98.792102,21.867301,2.146200,21.582500,1.491700
4,1,98.815028,22.926100,2.883300,23.004801,1.741000
4,1,98.836232,21.204200,2.711800,21.045799,1.772200
4,1,98.857214,20.981800,2.450900,20.977400,1.611200
4,1,98.880187,22.973102,2.589300,22.907000,2.028600
4,1,98.903413,23.226202,2.570400,23.239300,1.525200
4,1,98.924354,20.940699,2.518500,21.253300,1.842300
4,1,98.947580,23.226000,2.126100,22.697701,1.698500
4,1,98.971066,23.486000,2.645300,23.726601,2.043400
4,1,98.992154,21.087699,2.549900,20.891899,1.784400
4,1,99.012954,20.799801,2.729300,21.321600,1.643200
4,1,99.035525,22.571601,2.051700,22.519600,1.741300
4,1,99.057435,21.910299,2.016600,21.040800,1.899800
4,1,99.081466,24.030901,2.801700,25.023100,1.758300
4,1,99.103584,22.117600,1.834200,21.699600,1.663000
4,1,99.124003,20.418998,2.322700,20.715700,1.875400
4,1,99.150536,26.533000,2.172600,25.908899,2.174500
4,1,99.172695,22.158600,2.937600,22.373501,2.211700
4,1,99.193653,20.958003,2.898300,20.896000,1.959400
4,1,99.214625,20.972699,2.521100,21.066799,1.953700
4,1,99.237757,23.131698,2.604800,23.412300,1.484300
4,1,99.259980,22.223502,2.111100,21.840799,1.525300
4,1,99.282104,22.123300,2.456200,22.547501,1.509700
4,1,99.306461,24.357099,1.949300,23.935400,1.593600
4,1,99.332919,26.458401,2.358300,26.353001,1.932300
4,1,99.353775,20.855900,2.538700,21.286301,1.678700
4,1,99.379597,25.821600,3.041800,25.532600,1.812500
4,1,99.400744,21.147598,2.638000,20.993601,2.166000
4,1,99.421319,20.574402,2.705000,20.745199,2.455500
4,1,99.445840,24.521299,2.750800,24.679199,2.682400
4,1,99.467307,21.466900,2.347800,21.149401,1.475000
4,1,99.491228,23.920700,3.042300,24.002199,1.804300
4,1,99.514234,23.006301,2.777600,22.768700,1.975100
4,1,99.537936,23.701899,2.891300,23.938900,1.867200
4,1,99.563834,25.898300,2.576800,26.043600,1.912500
4,1,99.585102,21.268100,2.782200,20.950800,1.702900
5,1,117.253315,25.269698,2.561600,25.305099,2.075800
5,1,117.274505,21.189701,2.461700,21.203501,2.320200
5,1,117.300020,25.515400,2.331100,25.308901,2.129300
5,1,117.322957,22.937000,2.705000,22.652100,2.165400
5,1,117.344480,21.522403,3.093700,21.719400,2.525800
5,1,117.367195,22.715200,2.602400,22.445200,1.713100
5,1,117.388432,21.236498,2.880700,21.575600,1.614600
5,1,117.410969,22.537202,2.523400,22.877199,1.892000
5,1,117.434743,23.774698,2.126200,23.569099,1.859800
5,1,117.458907,24.163302,2.285700,23.986401,1.939100
5,1,117.480065,21.158498,2.736000,20.750299,1.798900
5,1,117.506981,26.915301,3.092700,27.197100,1.827600
5,1,117.530306,23.325499,2.788400,23.779400,1.613300
5,1,117.552400,22.093702,2.330300,22.027901,1.638100
5,1,117.574814,22.413898,2.243900,22.046101,1.587600
5,1,117.598399,23.585200,2.575000,23.813999,1.681900
5,1,117.621304,22.905502,2.315900,22.859301,2.008500
5,1,117.644712,23.407497,2.449900,23.058100,2.010000
5,1,117.666118,21.406502,2.901300,21.260900,2.341300
5,1,117.688499,22.380799,2.982900,22.804800,2.096900
5,1,117.710560,22.060502,2.687200,21.974800,1.949800
5,1,117.736026,25.466099,2.677000,25.122700,2.004200
5,1,117.756925,20.898800,2.863300,21.255100,1.549600
5,1,117.778189,21.263998,2.505300,21.282801,1.500300
5,1,117.799331,21.142900,2.468300,21.367901,1.348200
5,1,117.821789,22.457700,2.078000,22.569099,1.566300
5,1,117.843748,21.958701,1.999300,21.543400,1.789400
5,1,117.866549,22.800799,2.496200,22.976299,1.705000
5,1,117.887671,21.122199,2.300300,21.185699,1.641600
5,1,117.909283,21.611802,2.378900,21.303301,1.556900
5,1,117.932455,23.172300,2.427700,23.157101,1.668500
5,1,117.955115,22.660099,2.452100,22.649000,1.740700
5,1,117.975998,20.883001,2.585800,21.142799,1.602600
5,1,117.997048,21.049999,2.484400,20.776699,1.503200
5,1,118.018558,21.510098,2.538300,21.528099,1.474300
5,1,118.041475,22.916801,2.378400,22.938101,1.856700
5,1,118.066259,24.784300,2.415200,24.545601,1.673500
5,1,118.087042,20.783100,2.622700,20.938700,1.439900
5,1,118.107953,20.911001,2.525500,20.943501,1.499700
5,1,118.133423,25.469299,2.370400,25.622601,1.769000
5,1,118.155751,22.328101,2.534000,22.195999,1.760100
5,1,118.177513,21.762397,2.312100,21.646900,1.719100
5,1,118.198394,20.880703,2.725000,20.741600,1.977800
5,1,118.223011,24.616800,2.856800,24.679100,1.801000
5,1,118.245938,22.927098,2.623700,22.977200,2.114000
5,1,118.268291,22.353299,2.537600,22.595400,1.528500
5,1,118.290266,21.974500,2.300400,21.891199,1.832300
5,1,118.310691,20.425700,2.360300,20.647200,1.618200
5,1,118.332295,21.603700,2.039800,21.062099,1.641900
5,1,118.355272,22.977002,2.634700,23.070700,1.660200
5,1,118.378768,23.495801,2.363500,23.612200,2.373200
5,1,118.399965,21.196898,2.527800,21.303801,1.892200
5,1,118.423110,23.145001,2.427000,22.933500,1.791800
5,1,118.444933,21.823701,2.429700,21.432600,2.203500
5,1,118.465711,20.777199,2.875300,20.922300,1.719500
5,1,118.487888,22.177298,2.674400,22.659201,1.704900
5,1,118.510852,22.964504,2.131200,22.874399,2.089700
5,1,118.536148,25.295898,2.158700,24.970301,1.930200
5,1,118.557240,21.092098,2.382400,21.596600,1.776400
5,1,118.579982,22.742003,1.941000,22.611099,1.611700
5,1,118.603346,23.363799,2.096500,23.167700,2.443900
5,1,118.625954,22.608001,2.259500,22.688999,1.731200
5,1,118.649210,23.255497,2.530300,23.320299,1.714900
5,1,118.670350,21.140803,2.073200,21.136999,1.689700
5,1,118.691132,20.781100,2.236200,20.797600,2.216900
5,1,118.713040,21.908797,2.070200,21.471701,2.333700
5,1,118.733894,20.853203,2.418100,20.925200,1.525600
5,1,118.756908,23.014899,2.425400,23.292101,1.554800
5,1,118.779088,22.179801,2.131900,21.679899,1.868800
5,1,118.803967,24.879098,2.674400,24.860100,1.909600
5,1,118.825936,21.968599,2.812000,22.421101,1.773100
5,1,118.849762,23.826201,2.183300,23.266701,1.895600
5,1,118.870416,20.653702,2.883000,21.026699,1.698600
5,1,118.891231,20.815197,2.423800,21.095301,1.499100
5,1,118.912028,20.796902,2.003300,20.631701,1.953200
5,1,118.935015,22.986799,2.202900,22.970600,2.213600
5,1,118.957895,22.880200,2.303400,22.404301,1.680500
5,1,118.979416,21.521401,2.841000,21.529699,1.644500
5,1,119.003301,23.884200,2.697500,23.929399,1.679200
5,1,119.024452,21.151301,2.634600,21.118401,2.328000
5,1,119.046876,22.423897,2.562900,22.813400,1.607300
5,1,119.068307,21.431301,2.299200,21.229000,2.132100
5,1,119.089382,21.075301,2.777600,21.319799,2.365400
5,1,119.110699,21.317001,2.178600,21.325300,1.898700
5,1,119.133828,23.128700,2.009200,22.768101,1.469900
5,1,119.154384,20.555597,2.414500,20.984400,1.716800
5,1,119.177483,23.099303,1.927400,22.896999,1.948500
5,1,119.198915,21.431897,2.346100,21.438299,1.678700
5,1,119.220071,21.156203,2.317200,20.913799,1.719600
5,1,119.243014,22.943299,2.381800,23.159599,1.606400
5,1,119.264845,21.830801,2.248300,21.719900,1.892000
5,1,119.285634,20.788599,2.436000,20.459700,2.315900
5,1,119.308748,23.114201,2.715900,23.231800,1.657200
5,1,119.331410,22.661600,2.450800,22.676201,1.488300
5,1,119.353318,21.908000,2.411400,21.906099,1.855100
5,1,119.375150,21.832198,2.611600,21.743900,2.213900
5,1,119.396228,21.078199,2.843300,21.099600,2.074900
5,1,119.417721,21.493401,2.934800,21.037399,1.914100
5,1,119.442177,24.455499,3.164700,24.592800,1.931600
5,1,119.462688,20.511303,3.277300,21.186100,1.833100
5,1,119.484287,21.599099,2.091100,21.020100,1.534700
5,1,119.507932,23.644999,2.686600,23.944000,1.768600
5,1,119.529109,21.176901,2.237200,21.117201,1.736900
5,1,119.551330,22.220999,2.619100,22.173901,1.681500
5,1,119.572667,21.336801,2.338600,21.682301,1.567700
5,1,119.597658,24.991401,1.925200,24.961399,1.965400
5,1,119.621282,23.624100,2.111600,23.625601,1.806300
5,1,119.646376,25.093298,2.152400,25.060200,1.813300
5,1,119.670074,23.698200,2.143700,23.286100,1.554600
5,1,119.692725,22.650901,2.568700,22.905399,1.660100
5,1,119.716246,23.520801,2.179700,23.596001,1.734200
5,1,119.739429,23.183700,2.444100,23.108700,1.643900
5,1,119.760698,21.268599,2.275800,21.344801,1.916000
5,1,119.783565,22.867102,2.470600,22.771799,1.478000
5,1,119.804755,21.190397,2.267600,21.380301,1.681100
5,1,119.828198,23.442801,2.037000,23.040001,1.688300
5,1,119.849258,21.059699,2.386700,21.419399,1.640200
5,1,119.872751,23.492601,1.992700,23.338499,1.585400
5,1,119.894019,21.268200,1.999600,20.892700,1.656800
5,1,119.918363,24.343900,2.339500,24.525400,2.016600
5,1,119.942919,24.555899,2.489200,24.227800,1.831200
5,1,119.963915,20.996198,2.907800,20.975901,2.418500
5,1,119.985821,21.906100,2.817300,22.120899,1.819700
5,1,120.008884,23.063101,2.498000,23.298100,1.719800
5,1,120.032322,23.437902,2.125500,23.023399,1.838500
5,1,120.054653,22.331599,2.634600,22.509501,1.641900
5,1,120.075659,21.005999,2.626100,21.161600,1.535700
5,1,120.097316,21.656401,2.281900,21.406000,1.642600
5,1,120.119932,22.615999,2.609300,22.570499,1.995900
5,1,120.141093,21.161601,3.003800,21.241600,1.621000
5,1,120.163545,22.451900,2.298800,22.387600,1.480100
5,1,120.185761,22.215899,2.368000,22.602301,1.538300
5,1,120.207565,21.803901,2.412600,21.752399,1.642100
5,1,120.228936,21.371298,2.156500,21.056000,1.701000
5,1,120.251581,22.645000,2.374300,22.475100,1.670000
5,1,120.272776,21.194503,2.665400,21.486799,2.149000
5,1,120.294718,21.941599,2.496400,22.074400,1.801400
5,1,120.316490,21.772400,2.083300,21.675800,1.564800
5,1,120.337676,21.185901,2.390600,20.783001,1.640800
5,1,120.360343,22.666898,2.544400,22.918100,1.602800
5,1,120.381387,21.043900,2.496600,20.688700,1.622700
5,1,120.402446,21.059401,2.734100,21.480600,1.469000
5,1,120.424650,22.203799,2.215600,22.272600,2.166100
5,1,120.445845,21.195401,2.119400,21.176100,2.040600
5,1,120.467315,21.469701,2.619400,21.443501,1.484900
5,1,120.490243,22.927698,2.394800,22.869301,1.998900
5,1,120.515023,24.780601,2.465400,23.020000,1.942700
5,1,120.535109,20.085700,5.500400,21.831100,2.325400
5,1,120.557645,22.536401,3.869000,22.629801,1.801400
5,1,120.578710,21.064699,3.056000,21.056999,2.585300
5,1,120.600127,21.416802,2.271800,20.908300,2.366300
5,1,120.620616,20.489100,2.767300,21.036900,1.984200
5,1,120.644313,23.696598,2.105700,23.483200,1.914900
5,1,120.669939,25.626000,2.333600,25.066299,2.049900
5,1,120.691974,22.035602,3.232700,22.398100,2.866600
5,1,120.713006,21.031898,2.924000,20.941200,1.715900
5,1,120.735517,22.511400,2.671700,22.911900,1.511100
5,1,120.758580,23.062199,2.143900,22.948500,1.441000
5,1,120.779499,20.919003,2.274700,21.012400,1.533000
5,1,120.801076,21.577697,2.258900,21.202499,1.503300
5,1,120.823733,22.656400,2.547500,22.593300,1.670400
5,1,120.847240,23.507603,2.482400,23.520300,1.542800
5,1,120.869524,22.283901,2.562000,22.375601,2.978800
5,1,120.890321,20.796500,2.435000,20.955601,1.753800
5,1,120.913733,23.411997,2.279900,22.838900,1.870000
5,1,120.934246,20.513400,3.201400,21.046400,1.888600
5,1,120.955924,21.678302,2.429900,21.612200,1.685700
5,1,120.978589,22.664100,2.372300,22.442301,1.694600
5,1,120.999463,20.874400,2.598200,21.197201,1.407300
5,1,121.021659,22.195701,2.257600,21.318701,1.472900
5,1,121.043997,22.338398,2.989400,22.697500,1.884700
5,1,121.067865,23.868103,2.650600,23.878000,1.837600
5,1,121.089943,22.078097,2.723500,22.363701,2.128600
5,1,121.110881,20.938203,2.641800,21.154100,1.713200
5,1,121.132331,21.449298,2.113300,20.954800,1.581800
5,1,121.153019,20.688102,2.739700,21.191900,1.833800
5,1,121.175988,22.969399,2.134000,22.825300,1.738200
5,1,121.198207,22.219099,2.284900,21.760700,1.747400
5,1,121.220393,22.185203,2.668000,22.644699,1.591100
5,1,121.243206,22.813000,2.219600,22.676901,1.784600
5,1,121.266500,23.294497,2.300900,23.320900,1.788000
5,1,121.291165,24.664700,2.435200,24.603600,1.869000
5,1,121.313088,21.923203,2.508200,21.696301,1.854500
5,1,121.335932,22.844199,2.614600,22.898199,1.641300
5,1,121.357771,21.839000,2.579300,21.570700,1.949700
5,1,121.381654,23.882799,2.854600,24.364300,2.044500
5,1,121.406787,25.133502,2.315000,24.722700,1.921100
5,1,121.431793,25.005899,2.650600,24.890499,1.990300
5,1,121.452437,20.643901,2.729000,21.319700,2.023600
5,1,121.476499,24.061598,2.084100,23.471001,1.955100
5,1,121.497128,20.629000,3.447500,20.872200,2.265600
5,1,121.520826,23.698602,2.565300,23.406500,2.362700
5,1,121.542344,21.517798,3.118700,21.573299,2.482700
5,1,121.565535,23.190502,2.751200,23.051100,2.026800
5,1,121.588047,22.512697,2.722500,22.803600,1.810500
5,1,121.609216,21.168802,2.454600,21.399099,1.932200
5,1,121.634933,25.716599,2.216600,25.390699,1.936700
5,1,121.658313,23.380399,2.494300,23.504200,1.719700
5,1,121.683842,25.528900,2.321500,25.296400,2.040600
5,1,121.704874,21.031901,3.210300,21.073000,1.673600
5,1,121.726281,21.407101,2.713600,21.587601,1.844700
5,1,121.747446,21.164399,2.476800,20.976601,1.546400
5,1,121.770057,22.611201,2.558600,23.017599,1.641500
5,1,121.792969,22.912301,2.032800,22.574600,1.778000
5,1,121.814350,21.381397,2.451000,21.376900,1.949400
5,1,121.835397,21.046303,2.420600,20.816401,1.527600
5,1,121.858580,23.182798,2.667700,22.946501,2.036400
5,1,121.881616,23.036301,2.899000,23.600500,1.520900
5,1,121.902376,20.759899,2.453700,20.556801,2.082600
5,1,121.923511,21.134898,2.831800,21.020800,1.819900
5,1,121.946586,23.075201,2.937700,23.047199,1.903000
5,1,121.967485,20.899300,2.737600,20.924101,1.705500
5,1,121.987794,20.308800,2.759900,20.256399,2.128800
5,1,122.008678,20.883702,2.741200,21.181801,1.601800
5,1,122.034486,25.808401,2.276100,25.504101,1.751000
5,1,122.054799,20.313397,2.588400,20.440100,1.637400
5,1,122.075745,20.945601,2.398200,21.208401,1.381200
5,1,122.097288,21.542601,2.121300,21.340799,1.587100
5,1,122.120817,23.529399,2.439000,23.402500,1.849600
5,1,122.143514,22.696998,2.467400,22.997801,1.552600
5,1,122.166488,22.973500,2.168900,23.068600,2.165200
5,1,122.189889,23.401901,1.984300,22.961500,1.786300
5,1,122.211763,21.873701,2.593500,22.035400,1.792800
5,1,122.232286,20.523001,3.134600,20.685699,1.635900
5,1,122.254767,22.480398,2.225700,22.363400,2.098200
5,1,122.276388,21.621600,2.477900,21.617599,1.993100
5,1,122.299929,23.541301,2.212000,23.517900,1.691700
5,1,122.320330,20.400498,2.854400,20.578699,1.473200
5,1,122.343887,23.556601,2.149400,23.132799,1.440500
5,1,122.367132,23.245499,2.385800,23.266399,1.594600
5,1,122.389736,22.604302,2.627700,23.077999,1.881700
5,1,122.411941,22.204600,1.925500,21.495899,1.590800
5,1,122.436463,24.522398,2.956400,24.669201,2.072900
5,1,122.457930,21.466702,2.650900,21.757099,1.626100
5,1,122.482853,24.923399,2.365300,24.745399,2.019400
5,1,122.508331,25.477201,2.538700,25.082600,2.105400
5,1,122.531068,22.737298,3.767300,23.236300,2.599400
5,1,122.554300,23.231700,2.751700,23.158001,1.545400
5,1,122.576181,21.881100,2.824900,21.287800,1.761500
5,1,122.596884,20.703100,3.070300,21.466101,1.519700
5,1,122.620291,23.407500,2.189400,23.187599,1.641500
5,1,122.641229,20.938002,2.485700,21.182100,1.637100
5,1,122.664281,23.051798,2.035300,22.895300,1.647600
5,1,122.687209,22.927903,2.244700,22.890301,1.851200
5,1,122.710135,22.925999,2.227400,23.025499,2.066000
5,1,122.733794,23.658998,2.129900,23.407400,1.837300
5,1,122.754569,20.774502,2.622100,21.000000,1.938200
5,1,122.775684,21.115199,2.366100,20.939699,1.608300
5,1,122.798897,23.213401,2.339300,22.719200,1.743100
5,1,122.819395,20.497900,2.990700,20.844601,1.611600
5,1,122.840515,21.120399,3.168500,20.876699,1.345600
5,1,122.862397,21.881901,2.717000,22.523001,1.785100
5,1,122.885019,22.621300,2.096400,22.063000,1.733900
5,1,122.905777,20.758599,2.639000,20.824600,1.810400
5,1,122.930992,25.215100,2.588600,25.343300,2.188400
5,1,122.951741,20.748999,2.586200,20.929501,1.803000
5,1,122.972972,21.230500,2.357600,21.312700,1.949500
5,1,122.994701,21.729000,2.192700,21.301500,1.376100
5,1,123.015908,21.207001,2.468300,21.624201,1.592300
5,1,123.039940,24.032399,2.014700,23.898399,1.646000
5,1,123.060342,20.402100,2.023000,20.296801,1.739300
5,1,123.083123,22.780903,2.324800,22.618799,1.832700
5,1,123.104734,21.610700,2.528000,21.437901,1.676900
5,1,123.126706,21.972500,2.817700,22.473200,2.042300
5,1,123.147445,20.738497,2.079600,20.675200,1.898900
5,1,123.169119,21.673903,2.285600,21.314501,1.488900
5,1,123.190452,21.333497,2.518700,21.367399,1.600000
5,1,123.215084,24.631202,2.365700,24.977200,1.684700
5,1,123.237221,22.137698,2.011400,21.835800,1.544100
5,1,123.260086,22.864301,2.214200,22.860001,1.592900
5,1,123.285368,25.282200,2.382300,25.237400,1.836800
5,1,123.308087,22.718899,2.530000,22.916100,2.419900
5,1,123.329587,21.500602,2.103500,21.183599,1.733500
5,1,123.351655,22.067599,2.571900,21.942301,1.961300
5,1,123.372506,20.851400,2.664400,21.309401,1.532500
5,1,123.393629,21.123201,2.103300,21.224199,1.784900
5,1,123.415272,21.642599,1.988500,21.223499,1.883500
5,1,123.437943,22.671301,2.482800,23.029400,1.719300
5,1,123.461022,23.078699,1.933100,22.923599,1.739300
5,1,123.482061,21.038800,2.170200,20.948700,1.543600
5,1,123.505111,23.049999,2.229600,22.886600,1.634400
5,1,123.526577,21.466602,2.734900,21.264099,2.355700
5,1,123.549857,23.279499,2.864500,23.577999,1.600400
5,1,123.571339,21.481901,2.211600,21.591700,1.504100
5,1,123.593122,21.782801,2.428600,21.370800,1.850900
5,1,123.615565,22.442900,2.520200,22.835300,1.479600
5,1,123.636902,21.337800,2.013400,21.342400,1.730800
5,1,123.660769,23.866698,1.985300,23.311300,1.446800
5,1,123.683444,22.674702,2.574600,22.764400,1.622500
5,1,123.705258,21.813799,2.466900,21.601601,1.761000
5,1,123.727075,21.817099,2.737400,22.345400,1.786600
5,1,123.748314,21.239802,2.251600,21.183500,1.450400
5,1,123.770235,21.920398,2.196100,21.384600,1.674000
5,1,123.793015,22.780001,2.725400,23.158800,1.849000
5,1,123.816156,23.141600,2.420400,22.768801,1.648500
5,1,123.837479,21.322899,3.113400,21.368000,1.860000
5,1,123.858784,21.304600,2.818200,21.230400,1.727200
5,1,123.879694,20.909801,2.803400,21.502899,1.886500
5,1,123.901103,21.409001,2.227700,21.091801,1.976900
5,1,123.925885,24.782099,2.425100,24.833401,2.033200
5,1,123.948346,22.461399,3.116400,22.499100,1.574900
5,1,123.969004,20.658199,2.291800,20.642700,1.948100
5,1,123.991947,22.942401,2.495400,23.075199,1.812000
5,1,124.013282,21.334700,2.204700,21.305099,1.658000
5,1,124.034595,21.313101,2.367800,20.973801,1.535200
5,1,124.057135,22.539999,2.522500,22.895201,1.782600
5,1,124.080662,23.527399,2.076900,23.368700,1.505300
5,1,124.102245,21.583200,2.263200,21.300800,1.685700
5,1,124.122901,20.655401,2.706500,20.833099,1.450000
5,1,124.144040,21.139301,2.335500,20.970100,1.822700
5,1,124.166969,22.929199,2.495400,23.060301,1.495000
5,1,124.188024,21.055300,2.304000,21.269699,1.736600
5,1,124.212911,24.886299,2.119200,24.958401,1.463300
5,1,124.234314,21.403600,2.027000,21.119801,1.525900
5,1,124.256885,22.570603,2.410700,22.927200,1.733800
5,1,124.280078,23.192897,2.029100,22.867399,1.591300
5,1,124.303245,23.167003,2.314700,23.393900,2.069800
5,1,124.326825,23.579698,2.073500,23.208000,1.500000
5,1,124.349668,22.843800,2.503200,22.970800,1.898500
5,1,124.371031,21.362402,2.625100,21.099001,1.906800
5,1,124.392039,21.008197,3.139400,21.459600,1.542800
5,1,124.413004,20.964600,2.700300,20.953699,1.665700
5,1,124.436519,23.515500,2.007700,23.315599,1.339700
5,1,124.458310,21.791000,2.227800,21.669100,1.982100
5,1,124.478772,20.462003,2.413800,20.465900,2.227200
5,1,124.501359,22.586800,2.361100,22.868099,1.922500
5,1,124.523578,22.218898,1.998900,21.691500,2.256000
5,1,124.546296,22.718500,2.592900,23.153099,2.107900
5,1,124.569508,23.212101,2.071800,22.832899,2.026500
5,1,124.593050,23.541398,2.568700,22.983299,1.948600
5,1,124.613674,20.624001,3.133500,21.034700,1.969500
5,1,124.634148,20.474300,2.402100,20.977600,1.436400
5,1,124.657136,22.988498,2.013700,22.686899,2.338900
5,1,124.678013,20.876601,2.428100,20.975300,1.432600
5,1,124.698990,20.977199,2.541100,21.186501,1.503600
5,1,124.722488,23.497302,1.883000,22.956400,1.648600
5,1,124.746170,23.682497,2.499900,23.751101,1.838700
5,1,124.770871,24.701200,2.400100,24.591600,2.288000
5,1,124.795607,24.736002,2.683500,24.863501,2.103100
5,1,124.818429,22.821199,2.971800,22.917700,1.717000
5,1,124.839418,20.989899,2.528400,21.189100,2.342800
5,1,124.863210,23.791902,2.179400,22.877100,1.718600
5,1,124.883928,20.718001,3.077800,21.239100,1.715900
5,1,124.907158,23.229700,2.433700,23.173901,1.539400
5,1,124.929861,22.702601,2.370800,23.093901,1.380100
5,1,124.951412,21.550898,2.044800,21.536200,1.599400
5,1,124.974450,23.038700,2.034000,22.887300,1.622100
5,1,124.997026,22.575900,2.188600,22.570299,1.765500
5,1,125.022418,25.391702,2.254800,24.822901,1.662900
5,1,125.043370,20.952601,3.116900,20.871201,2.798800
5,1,125.066047,22.676598,3.316500,22.607800,2.237900
5,1,125.088572,22.525199,2.991400,22.860001,1.871900
5,1,125.112432,23.859702,2.932200,24.339300,1.909200
5,1,125.133527,21.095198,2.090500,21.109501,1.392800
5,1,125.156789,23.261402,2.338700,23.156799,1.488400
5,1,125.178205,21.416299,2.055100,20.986700,1.620400
5,1,125.201299,23.093700,2.389800,23.129101,1.873300
5,1,125.223702,22.403300,2.546600,22.909500,1.938300
6,1,142.782498,23.316998,2.419500,23.151400,1.638500
6,1,142.805876,23.378503,2.576400,23.518700,1.872400
6,1,142.829035,23.158599,2.643900,23.098400,1.719200
6,1,142.852227,23.192100,2.686200,23.186300,2.149900
6,1,142.875657,23.430001,2.572400,23.424400,1.834700
6,1,142.898997,23.339599,2.579100,23.311800,1.766800
6,1,142.920831,21.834500,2.435900,21.823400,1.720800
6,1,142.945130,24.298601,2.550000,24.179600,1.932100
6,1,142.967863,22.733100,2.551000,22.925900,2.106500
6,1,142.989072,21.209400,2.417800,21.262400,1.507200
6,1,143.011991,22.918697,2.203800,23.057600,1.764800
6,1,143.034049,22.058003,2.261100,21.727800,1.721800
6,1,143.057036,22.987399,2.380700,23.064199,1.992300
6,1,143.080413,23.376998,2.279100,23.340099,1.555800
6,1,143.103767,23.354102,2.437200,23.217199,1.949400
6,1,143.127635,23.867600,2.917300,23.558201,1.811700
6,1,143.150755,23.119599,2.863000,22.844400,2.434000
6,1,143.174748,23.993600,3.262200,24.415300,2.506300
6,1,143.197476,22.727903,3.034900,22.994301,2.408000
6,1,143.218329,20.853397,2.683100,20.831600,1.990500
6,1,143.239299,20.969603,2.785400,21.085100,1.734800
6,1,143.264952,25.653299,2.200800,25.358200,1.533300
6,1,143.285414,20.461600,2.503100,20.952200,2.055600
6,1,143.309046,23.632299,2.133700,23.105700,2.011800
6,1,143.333965,24.919000,2.413600,24.973000,1.502300
6,1,143.355279,21.313999,2.387700,21.434099,2.087400
6,1,143.378685,23.405902,2.284200,23.643101,1.750300
6,1,143.400003,21.317698,1.949400,20.948200,2.100100
6,1,143.425390,25.387503,2.359400,25.288799,1.437100
6,1,143.446490,21.099497,2.407800,21.120001,1.657000
6,1,143.469361,22.871602,2.393800,22.955900,1.604100
6,1,143.492349,22.987399,2.218500,23.192101,1.733700
6,1,143.515323,22.974499,2.262200,22.984200,2.066500
6,1,143.538894,23.570403,2.189300,23.547701,1.461700
6,1,143.562353,23.458797,2.206700,23.152399,1.613000
6,1,143.585519,23.166902,2.448100,23.154301,1.492100
6,1,143.606548,21.028198,2.430100,21.228100,2.044100
6,1,143.629501,22.953201,2.260300,22.832500,1.733700
6,1,143.651769,22.268400,2.366000,21.701000,1.555200
6,1,143.674501,22.732098,3.140500,23.162600,1.612800
6,1,143.697175,22.673603,2.470900,22.833700,1.560500
6,1,143.718897,21.722097,2.175600,21.454399,1.338900
6,1,143.742184,23.286901,2.446900,23.368200,1.520100
6,1,143.763533,21.349501,2.616100,21.113100,1.882500
6,1,143.784372,20.838298,2.815600,21.249800,1.946400
6,1,143.807044,22.672303,2.345000,22.412100,1.828600
6,1,143.832435,25.390498,2.512000,25.056299,1.640900
6,1,143.852865,20.429999,2.809700,20.964300,1.728800
6,1,143.874596,21.731202,2.347600,21.423700,2.273400
6,1,143.895330,20.734299,2.754100,20.896500,1.679100
6,1,143.916946,21.616302,2.385100,21.528299,1.310800
6,1,143.937643,20.696700,2.400400,21.114000,1.496300
6,1,143.963479,25.835797,1.939800,25.469000,1.654800
6,1,143.984872,21.393303,2.309300,21.108900,1.559800
6,1,144.008191,23.319300,2.509800,23.178699,1.748800
6,1,144.034290,26.098099,2.881000,26.817600,1.925900
6,1,144.055769,21.479499,2.154200,21.388399,1.832600
6,1,144.078350,22.580802,2.257200,22.448601,2.258400
6,1,144.104236,25.886200,2.437800,25.613899,1.947200
6,1,144.126116,21.880399,2.661900,21.748400,1.562000
6,1,144.148979,22.862799,3.036100,23.333500,1.687800
6,1,144.172672,23.692898,2.401200,23.489000,1.660500
6,1,144.193625,20.952802,3.204200,21.085199,1.705000
6,1,144.217643,24.017800,2.301800,23.620199,1.917700
6,1,144.240236,22.593699,2.627500,22.990900,1.717800
6,1,144.266357,26.120100,2.220500,25.725000,2.055400
6,1,144.290335,23.978300,2.634800,24.463699,1.486600
6,1,144.312819,22.484299,2.100900,22.355600,1.583400
6,1,144.335584,22.764701,2.215900,22.742201,2.186700
6,1,144.357073,21.489598,2.333500,21.045500,2.298200
6,1,144.380466,23.392100,2.997500,23.367399,2.045200
6,1,144.405622,25.156103,3.332900,24.894600,2.027900
6,1,144.425895,20.273000,3.181100,20.520901,2.106400
6,1,144.453039,27.144399,2.758600,27.255199,1.639500
6,1,144.476209,23.170300,2.723000,23.407200,1.739900
6,1,144.497358,21.148600,2.572400,21.149700,1.742000
6,1,144.523798,26.439700,2.308700,25.954300,1.599800
6,1,144.543332,19.534700,2.890900,20.116699,2.001000
6,1,144.567673,24.341099,2.195100,23.281700,2.056400
6,1,144.587829,20.155400,3.293100,20.764900,1.995700
6,1,144.613208,25.378902,2.881900,25.691099,1.944100
6,1,144.635833,22.624802,2.363500,21.837500,1.743600
6,1,144.659932,24.099898,3.022400,24.824900,1.895400
6,1,144.680587,20.654500,2.571100,20.759899,2.001800
6,1,144.701744,21.156900,2.404400,21.236799,1.931400
6,1,144.724538,22.793800,2.158600,22.774700,1.625200
6,1,144.745539,21.001801,2.131900,20.998199,1.635300
6,1,144.770309,24.769701,2.072100,24.693501,1.650300
6,1,144.791602,21.293100,2.143500,21.162100,2.143000
6,1,144.813044,21.441501,2.361200,21.341101,1.760700
6,1,144.835513,22.468999,2.397400,22.736200,1.543900
6,1,144.857577,22.064701,2.038100,21.418600,1.646900
6,1,144.878011,20.434000,2.978400,20.922001,1.620700
6,1,144.901077,23.065899,2.550800,23.079399,1.741500
6,1,144.923506,22.429001,2.421200,22.232700,1.910300
6,1,144.944871,21.364901,2.692800,21.453600,1.866100
6,1,144.967409,22.537500,2.759700,22.598801,1.812600
6,1,144.989422,22.012901,2.429900,21.500601,1.854200
6,1,145.011248,21.826100,2.918400,22.407400,1.791400
6,1,145.034247,22.999499,2.213200,23.047899,1.652800
6,1,145.057359,23.111302,2.054800,22.952200,1.658700
6,1,145.081613,24.253998,2.280100,24.435200,1.575200
6,1,145.105053,23.440801,2.122400,22.821199,1.546200
6,1,145.127877,22.823900,3.334500,23.102400,1.897000
6,1,145.152964,25.086399,2.712500,25.040600,1.651300
6,1,145.175867,22.903800,2.941200,23.013800,1.641400
6,1,145.196988,21.120902,2.315300,21.068800,1.438000
6,1,145.218322,21.334000,2.829100,21.410801,1.638100
6,1,145.241494,23.171697,2.562100,22.793200,1.623900
6,1,145.261725,20.231202,2.591500,20.664499,1.643200
6,1,145.283096,21.370400,2.202400,21.218100,1.439200
6,1,145.306979,23.883101,2.452300,23.667299,1.738700
6,1,145.329735,22.756398,3.033000,22.706699,1.980400
6,1,145.351831,22.095602,2.485300,22.478701,2.001000
6,1,145.375499,23.667898,2.172900,23.523899,1.700800
6,1,145.396535,21.036800,2.536500,20.746599,1.958000
6,1,145.418959,22.423901,2.824500,22.892000,1.610100
6,1,145.440919,21.960102,2.162100,21.761999,2.021400
6,1,145.463495,22.575699,2.356400,22.533600,1.680600
6,1,145.487178,23.682598,2.345200,23.661600,1.624600
6,1,145.508556,21.378703,2.588800,20.897699,1.674100
6,1,145.532192,23.635797,3.113200,23.811100,1.812900
6,1,145.552869,20.677201,2.932400,20.845900,2.052700
6,1,145.575251,22.381999,2.635300,22.592800,2.233100
6,1,145.598659,23.407999,2.332400,22.836500,1.912700
6,1,145.619303,20.644002,3.013000,20.585501,2.023500
6,1,145.641792,22.488300,2.875000,22.813900,1.841100
6,1,145.662250,20.458400,2.435600,20.642000,2.175100
6,1,145.683764,21.513399,2.710500,21.277700,1.644000
6,1,145.704060,20.296700,2.518800,20.734501,1.711900
6,1,145.727525,23.464400,2.056100,23.011900,1.538900
6,1,145.748167,20.642102,2.512900,20.851700,1.540100
6,1,145.770812,22.645298,2.292600,22.730301,1.681800
6,1,145.794619,23.807202,2.282400,23.257000,2.568500
6,1,145.815860,21.240398,2.978800,21.426201,2.466600
6,1,145.838577,22.716902,2.692000,22.734400,1.891700
6,1,145.860015,21.438800,3.246100,21.740000,2.209300
6,1,145.881951,21.935500,2.440400,21.958500,1.859700
6,1,145.903383,21.432500,2.490700,21.112600,1.667100
6,1,145.925696,22.312596,2.617800,22.739700,1.419900
6,1,145.947701,22.005003,2.042000,21.484699,1.483500
6,1,145.969948,22.246700,2.558300,22.293800,1.613100
6,1,145.993323,23.374900,2.492800,23.576000,1.832200
6,1,146.014923,21.600798,2.288800,21.245100,1.453000
6,1,146.036898,21.974500,2.658400,22.329800,1.663000
6,1,146.059304,22.405799,2.353200,22.520599,2.015700
6,1,146.080852,21.548003,2.224200,21.010099,1.680200
6,1,146.103950,23.098599,2.728300,23.306700,1.419200
6,1,146.125018,21.067999,2.462500,20.880199,2.137500
6,1,146.147263,22.244599,2.778400,22.743200,1.947500
6,1,146.170091,22.828501,2.245300,22.477200,1.917500
6,1,146.192690,22.599101,2.847900,22.881100,1.732200
6,1,146.213662,20.971499,2.272100,20.924700,1.521300
6,1,146.237025,23.362700,2.221600,23.089199,1.562600
6,1,146.258152,21.127000,2.829300,21.120701,1.601400
6,1,146.280789,22.637099,3.073300,23.094999,1.717800
6,1,146.302560,21.771301,2.163400,21.364300,1.555600
6,1,146.323870,21.310300,2.518400,21.157499,1.697500
6,1,146.346745,22.874299,2.659200,22.837099,1.580900
6,1,146.369613,22.868201,2.828800,23.196699,1.373600
6,1,146.391134,21.521598,2.269400,21.304600,2.117900
6,1,146.416451,25.316402,2.876500,25.157801,2.046400
6,1,146.436872,20.421099,3.256900,20.427200,1.747800
6,1,146.460996,24.123799,2.782200,23.644699,1.645400
6,1,146.483242,22.246003,3.160000,23.034100,1.879200
6,1,146.504731,21.489598,2.662700,20.513800,1.754700
6,1,146.526895,22.163499,3.204600,23.207701,1.872300
6,1,146.552291,25.396001,2.269800,25.192301,2.037100
6,1,146.576399,24.108499,2.632300,24.421801,1.650100
6,1,146.597742,21.342203,2.027500,21.240000,1.871800
6,1,146.618686,20.944498,2.257700,21.014299,1.888000
6,1,146.641795,23.108900,2.058100,22.799601,1.731300
6,1,146.663911,22.116501,2.311600,21.956400,1.589700
6,1,146.686285,22.373401,2.560900,22.431299,1.666500
6,1,146.708906,22.621498,2.548600,22.753000,1.694500
6,1,146.731614,22.707403,2.457200,22.575300,2.010700
6,1,146.753351,21.736898,2.539200,21.686399,1.907100
6,1,146.775195,21.844301,2.517400,22.213499,1.842200
6,1,146.796522,21.327101,2.123200,21.223200,1.944000
6,1,146.817668,21.146297,2.148700,21.211300,1.450800
6,1,146.842414,24.745803,2.080400,24.663000,1.629100
6,1,146.865546,23.131397,2.140300,22.879499,1.623500
6,1,146.886966,21.420803,2.431000,21.486601,1.454000
6,1,146.911249,24.282597,2.200200,24.463200,1.880600
6,1,146.936517,25.268003,2.121900,25.373100,1.709700
6,1,146.959341,22.823900,1.955400,22.480000,1.468500
6,1,146.981122,21.781199,2.382800,21.686600,1.609100
6,1,147.004321,23.199201,2.455600,23.179899,1.734500
6,1,147.029091,24.769697,2.652600,24.914200,1.493600
6,1,147.050133,21.042302,2.278100,21.020700,1.623000
6,1,147.072779,22.645898,2.431600,22.816401,1.751700
6,1,147.096304,23.524702,2.430600,23.051800,1.594600
6,1,147.117387,21.083001,2.692800,21.131800,1.545500
6,1,147.140074,22.687197,2.527700,22.656300,1.433800
6,1,147.161531,21.456603,2.528500,21.887100,1.372600
6,1,147.184590,23.058999,2.036800,22.625799,1.657300
6,1,147.207106,22.516299,2.406000,22.752399,1.667600
6,1,147.229796,22.690099,2.234300,22.790400,1.821400
6,1,147.252910,23.114201,2.016400,22.704300,1.516400
6,1,147.277490,24.579503,2.465200,24.259501,1.800100
6,1,147.297874,20.383798,3.597200,20.352100,2.273100
6,1,147.318721,20.847403,3.381100,21.028200,1.617200
6,1,147.342414,23.692898,2.697000,23.876600,1.830300
6,1,147.362559,20.145498,2.484900,20.459999,1.790800
6,1,147.383755,21.195300,2.214400,20.864100,1.613400
6,1,147.404229,20.474002,2.506100,20.680300,1.883200
6,1,147.429520,25.291499,2.176600,25.142500,1.695200
6,1,147.452889,23.368903,2.815400,23.506201,1.481800
6,1,147.476022,23.132898,2.088300,23.102501,1.641300
6,1,147.497880,21.858402,2.327300,21.443199,1.535900
6,1,147.518756,20.875998,2.769500,21.362801,1.676200
6,1,147.544431,25.674302,2.146400,25.563000,1.658500
6,1,147.565385,20.954799,2.286800,21.140900,1.471400
6,1,147.588607,23.221701,1.966500,23.045799,1.557000
6,1,147.610874,22.267301,2.206500,21.991100,2.143800
6,1,147.635691,24.816897,2.461600,24.611099,1.553600
6,1,147.657161,21.469600,2.694100,21.639099,1.598600
6,1,147.679803,22.642400,2.642700,22.648399,1.625200
6,1,147.701974,22.171002,2.631400,22.441299,1.522000
6,1,147.723248,21.273199,2.430600,21.269699,1.731100
6,1,147.744440,21.192599,2.451000,21.032900,1.749500
6,1,147.767374,22.933602,2.608200,22.803499,1.553100
6,1,147.788381,21.006897,2.556300,21.306101,1.343900
6,1,147.809666,21.285400,2.070400,21.215000,1.656600
6,1,147.833197,23.531400,2.271600,23.114799,1.895700
6,1,147.854816,21.618202,2.781800,21.707899,2.143500
6,1,147.877982,23.166500,2.649400,23.285000,1.681400
6,1,147.900822,22.839800,2.453000,22.679600,2.267700
6,1,147.923467,22.645500,2.686100,22.730200,2.687200
6,1,147.946412,22.944599,2.659900,22.842300,2.728400
6,1,147.969593,23.181301,2.838300,23.141199,1.868200
6,1,147.990147,20.553701,2.701700,20.910700,1.611100
6,1,148.013671,23.523699,2.330500,23.517599,1.453200
6,1,148.035255,21.584202,2.252000,21.280300,1.648900
6,1,148.058049,22.793900,2.533600,23.148399,1.699700
6,1,148.079586,21.536697,2.139000,21.104200,1.614100
6,1,148.103946,24.360903,2.863500,24.891600,1.609400
6,1,148.127664,23.717199,2.726200,23.470600,1.733100
6,1,148.151705,24.040900,2.277800,23.539600,1.534200
6,1,148.173878,22.173900,2.894600,22.468500,1.751600
6,1,148.195033,21.154199,2.818000,21.415899,1.612600
6,1,148.219804,24.771802,2.145700,24.378000,1.869000
6,1,148.243778,23.973297,2.591900,24.527500,1.894000
6,1,148.267872,24.094600,1.867600,23.578600,1.862800
6,1,148.291338,23.465503,2.826000,23.303900,1.677500
6,1,148.314532,23.193698,2.976500,23.380301,2.020900
6,1,148.338900,24.368700,2.444400,23.703600,1.710200
6,1,148.360861,21.960702,3.389300,22.843500,2.036600
6,1,148.386831,25.969699,2.410200,26.004400,1.801900
6,1,148.410652,23.821801,2.405900,23.445299,1.994800
6,1,148.434023,23.370598,2.587600,23.602699,1.687800
6,1,148.459470,25.447000,2.335400,25.478600,1.612600
6,1,148.483537,24.067100,2.358500,22.974199,2.223900
6,1,148.505723,22.185802,3.661800,22.865499,2.381400
6,1,148.527605,21.882098,2.865300,22.017799,2.267800
6,1,148.550234,22.629399,2.637500,22.955000,1.975300
6,1,148.573324,23.090001,2.134200,22.662201,1.764100
6,1,148.594444,21.119099,2.585500,21.286501,1.629300
6,1,148.615438,20.994201,2.410000,21.143900,1.498100
6,1,148.637776,22.337899,2.124700,21.805000,1.725000
6,1,148.660772,22.996601,2.615100,23.422800,1.758700
6,1,148.684273,23.500800,2.402600,23.096701,1.790200
6,1,148.707497,23.223802,2.684700,23.466101,1.926800
6,1,148.730185,22.688400,2.620500,23.083300,1.731000
6,1,148.753836,23.651097,2.034500,23.412399,1.658400
6,1,148.776189,22.352502,2.312800,22.396999,2.156000
6,1,148.799762,23.572698,2.223900,23.359699,2.184400
6,1,148.822792,23.030102,2.558100,23.043100,2.028700
6,1,148.847449,24.657298,2.372400,25.016300,1.932600
6,1,148.870532,23.082700,2.014900,22.817400,1.992300
6,1,148.893891,23.358900,2.404700,23.373400,1.716700
6,1,148.915769,21.878403,2.550900,21.686300,1.717300
6,1,148.939086,23.316897,2.755900,22.635401,1.722900
6,1,148.961513,22.427503,3.152500,23.053699,1.557400
6,1,148.983523,22.009797,2.437300,21.698799,1.847000
6,1,149.006303,22.779401,2.803700,23.434099,1.886600
6,1,149.031933,25.630601,2.231700,25.301201,1.711100
6,1,149.054772,22.839099,2.373300,22.993999,1.799900
6,1,149.076415,21.643199,2.353000,21.241600,1.918100
6,1,149.105480,29.064801,2.811300,29.101801,2.074900
6,1,149.129067,23.587201,2.812100,23.607700,2.231500
6,1,149.149634,20.566501,2.632600,21.068001,1.726600
6,1,149.172024,22.389900,2.030400,21.674101,1.596100
6,1,149.196226,24.202399,2.635000,24.825701,1.691200
6,1,149.219278,23.051400,2.104800,22.578501,1.589100
6,1,149.242890,23.611899,2.491800,23.643400,1.971600
6,1,149.267271,24.381302,2.671200,24.686800,1.455600
6,1,149.290823,23.552597,2.454000,22.972900,2.035300
6,1,149.315401,24.577901,2.990200,24.689899,1.750900
6,1,149.338597,23.195300,2.814000,23.318100,1.927800
6,1,149.361783,23.186799,2.626100,23.177799,2.231300
6,1,149.384542,22.759002,2.685800,22.842100,1.854300
6,1,149.405063,20.520099,2.667400,20.851200,1.625000
6,1,149.427417,22.354901,2.451500,22.222300,2.212600
6,1,149.449498,22.080600,2.277900,22.074301,1.522400
6,1,149.471679,22.181299,2.156200,21.896799,1.572600
6,1,149.494177,22.497602,2.461200,22.504801,1.419100
6,1,149.515673,21.495800,2.405400,21.611200,1.441300
6,1,149.537909,22.235800,2.323700,22.419500,1.808200
6,1,149.561112,23.203000,2.020100,23.254400,1.679300
6,1,149.583269,22.157300,2.076000,21.473700,1.536400
6,1,149.603280,20.010699,2.715700,20.636299,1.612000
6,1,149.626574,23.294099,2.277400,22.793600,1.574600
6,1,149.648465,21.891400,2.608900,21.865999,1.705800
6,1,149.670641,22.175603,2.791100,22.469400,2.022700
6,1,149.693805,23.164399,2.279100,22.896700,1.986100
6,1,149.714683,20.877998,2.744300,21.169901,1.902300
6,1,149.737753,23.070402,2.348600,23.111700,1.808600
6,1,149.763107,25.353599,2.500200,25.081200,1.576400
6,1,149.783316,20.209201,2.448400,20.578600,1.858400
6,1,149.807255,23.938399,2.448100,23.411301,1.559800
6,1,149.832199,24.944201,2.591600,25.225901,1.804800
6,1,149.855358,23.159198,2.659400,22.908600,1.728400
6,1,149.876634,21.275699,2.775800,21.283001,1.794300
6,1,149.896843,20.209100,2.700100,20.595501,1.522300
6,1,149.919714,22.870701,2.143500,22.830400,1.549500
6,1,149.940934,21.220002,2.238700,21.229099,1.527800
6,1,149.963946,23.012400,2.054000,23.045300,1.466200
6,1,149.987338,23.391798,2.025700,23.089600,1.643800
6,1,150.011592,24.254501,2.260700,23.297701,1.611900
6,1,150.033637,22.045199,3.438000,22.951300,1.525200
6,1,150.056794,23.156300,2.557100,23.247200,1.821500
6,1,150.077482,20.688102,2.675500,20.896000,1.892900
6,1,150.100880,23.398299,2.513700,23.009001,1.934900
6,1,150.123363,22.482701,2.563400,22.881201,1.597700
6,1,150.145403,22.039700,2.068700,21.889299,1.447600
6,1,150.165838,20.435799,2.197600,20.567301,1.483100
6,1,150.191242,25.403999,2.015200,24.819799,1.605200
6,1,150.212557,21.315001,2.649400,21.279800,1.587900
6,1,150.236200,23.643102,2.685800,23.353201,1.762300
6,1,150.257968,21.767396,3.407200,22.318600,2.005300
6,1,150.279165,21.197502,2.526900,21.122700,2.108200
6,1,150.299784,20.618599,2.738900,20.853201,1.886400
6,1,150.323062,23.278203,2.195800,22.883600,1.912700
6,1,150.343819,20.756498,2.662200,21.295200,1.633300
6,1,150.366926,23.107801,2.011100,22.986500,1.530000
6,1,150.389591,22.665001,2.098400,22.104700,1.447900
6,1,150.413263,23.672000,2.870400,24.297701,1.638400
6,1,150.434767,21.503400,2.061300,20.943300,1.783400
6,1,150.460101,25.334399,2.537300,25.203501,1.534500
6,1,150.481871,21.769401,2.655900,22.101000,1.644500
6,1,150.503784,21.913700,2.383300,21.848801,2.321700
6,1,150.528022,24.237297,2.831900,23.750099,1.826200
6,1,150.552195,24.173703,3.042400,24.844000,1.886100
6,1,150.573585,21.389898,2.326300,21.253500,2.115600
6,1,150.598889,25.304101,2.574400,25.232300,1.491900
6,1,150.619561,20.672098,2.496900,20.672400,1.796900
6,1,150.640758,21.196201,2.356200,21.099100,1.534900
6,1,150.663905,23.147300,2.541300,22.904600,2.091000
6,1,150.687087,23.181599,2.944700,23.512699,1.640300
6,1,150.709874,22.787500,2.408400,23.036400,1.653400
6,1,150.732874,22.999700,2.089100,22.597200,1.838700
6,1,150.754663,21.789301,2.363700,22.131800,2.110400
