Cycle,Round,WallSeconds,FrameMS,GameBusyMS,RenderBusyMS,RHIBusyMS
1,1,14.759254,22.619400,3.508200,22.928801,1.663000
1,1,14.786779,27.525097,2.101200,26.980400,2.129600
1,1,14.810084,23.305200,2.828400,23.468599,1.786000
1,1,14.834719,24.634600,2.371400,24.937401,1.533700
1,1,14.858541,23.821902,2.175700,23.317400,1.446900
1,1,14.882319,23.778401,2.883500,23.092600,1.727200
1,1,14.911153,28.833497,3.675300,29.695700,1.747000
1,1,14.937849,26.696801,2.550600,26.681400,1.598600
1,1,14.960479,22.629600,2.509100,22.673201,1.490600
1,1,14.983837,23.358200,2.896300,23.330099,1.537600
1,1,15.009972,26.134700,2.783100,26.320499,1.561800
1,1,15.033924,23.951802,2.234300,23.873100,1.755100
1,1,15.056820,22.896200,2.415100,22.470600,1.538900
1,1,15.079488,22.668198,2.829800,22.908899,1.662700
1,1,15.100321,20.832900,2.548600,21.011499,1.774300
1,1,15.125401,25.079802,2.619000,25.149200,1.767000
1,1,15.149285,23.884598,2.289500,23.700001,1.822100
1,1,15.172583,23.298100,2.605300,23.298000,1.733100
1,1,15.196098,23.514200,2.580300,23.537399,1.861300
1,1,15.218902,22.803903,2.546500,22.715401,1.948400
1,1,15.244207,25.305700,2.554400,25.458799,1.761300
1,1,15.267826,23.618400,2.385000,23.242100,2.291100
1,1,15.292454,24.627998,2.624900,24.909401,1.954200
1,1,15.315369,22.915501,2.719800,22.759800,1.705800
1,1,15.340461,25.092199,2.930700,25.336300,1.857700
1,1,15.365273,24.811901,2.594600,24.805901,1.749400
1,1,15.393733,28.459698,2.276500,28.458099,1.962200
1,1,15.418563,24.830099,2.731100,24.803101,1.900100
1,1,15.441975,23.411702,2.222700,23.072599,1.694900
1,1,15.465034,23.058899,2.987100,23.132999,1.797900
1,1,15.489669,24.635002,3.003200,24.732401,1.855800
1,1,15.514077,24.407998,2.629300,23.907801,1.498200
1,1,15.539573,25.495902,2.923400,25.761499,2.097100
1,1,15.562239,22.666398,2.756600,22.826799,2.018400
1,1,15.584949,22.709701,2.767500,22.847000,1.876300
1,1,15.609123,24.173900,2.532000,23.575899,2.117600
1,1,15.633912,24.789698,3.799400,24.280100,2.344000
1,1,15.656085,22.172499,3.746800,22.707199,2.075400
1,1,15.678793,22.708002,3.142900,23.008699,2.372500
1,1,15.702288,23.495499,3.243600,22.954100,1.820100
1,1,15.726790,24.501298,3.336600,25.340401,1.698000
1,1,15.751747,24.957802,2.385800,25.129900,2.206300
1,1,15.777025,25.277898,2.330300,24.750500,1.742800
1,1,15.801532,24.506602,2.843500,24.782200,1.991000
1,1,15.824061,22.529099,2.672000,22.609900,1.649900
1,1,15.848500,24.438798,2.212400,23.540501,1.663600
1,1,15.875338,26.838101,3.055100,27.618601,1.849000
1,1,15.900311,24.973001,2.247300,25.018900,1.722200
1,1,15.925685,25.374301,2.655700,25.479799,2.079800
1,1,15.951065,25.379397,2.096800,25.038300,1.691700
1,1,15.973807,22.742100,2.506700,22.857599,1.915700
1,1,15.996920,23.113802,2.427700,23.149099,1.922200
1,1,16.027558,30.637201,2.367600,30.332600,2.049700
1,1,16.058005,30.446999,2.917900,30.234100,2.891900
1,1,16.088058,30.053098,2.996400,30.480900,2.083200
1,1,16.118759,30.701600,2.301700,30.439100,2.067800
1,1,16.144955,26.195303,2.835900,26.307501,1.771000
1,1,16.171203,26.248701,2.893700,25.949301,1.899400
1,1,16.196010,24.806298,2.995500,25.173599,1.877600
1,1,16.221022,25.012299,2.862100,25.061600,2.460100
1,1,16.247183,26.160799,2.602000,25.756701,1.729200
1,1,16.275144,27.961101,3.301500,28.464500,2.052000
1,1,16.306107,30.962799,2.494000,30.251499,1.787600
1,1,16.336599,30.492403,3.501900,30.293600,2.057800
1,1,16.364304,27.705200,3.815100,28.446199,2.289600
1,1,16.388480,24.175297,2.427100,23.952200,1.952100
1,1,16.411672,23.192402,3.018700,23.449499,1.714800
1,1,16.434847,23.175400,2.555000,23.218901,1.779400
1,1,16.459945,25.097799,2.440800,24.478701,1.968300
1,1,16.482682,22.736900,3.194900,23.256201,2.077100
1,1,16.508033,25.350500,2.785400,25.077700,1.871100
1,1,16.531650,23.617800,2.802600,23.972200,1.887100
1,1,16.559504,27.854003,2.602600,27.670900,1.820600
1,1,16.583639,24.134196,2.593500,24.202900,2.070200
1,1,16.609536,25.897000,2.233900,25.658501,2.270300
1,1,16.633215,23.679104,2.666200,23.776400,1.928400
1,1,16.656107,22.892099,2.904500,22.819401,2.257800
1,1,16.680332,24.225198,2.699000,24.600500,1.595500
1,1,16.704699,24.367202,2.500400,23.628700,1.774800
1,1,16.727311,22.611700,2.966200,22.810400,1.622400
1,1,16.751780,24.469301,2.888400,24.706900,2.301300
1,1,16.777812,26.031397,2.679700,25.904499,1.593500
1,1,16.802443,24.631400,2.675700,24.757999,2.170200
1,1,16.826561,24.117902,2.586300,23.795300,2.073100
1,1,16.850497,23.936298,2.967800,23.814501,2.382900
1,1,16.878851,28.353803,3.334500,28.493999,1.925300
1,1,16.906272,27.421199,3.081700,27.511299,2.629100
1,1,16.936667,30.394901,2.806300,30.392200,2.024800
1,1,16.962477,25.810100,2.838500,25.830601,2.388800
1,1,16.991067,28.589599,2.963900,28.676701,2.193200
1,1,17.017466,26.399199,2.809400,26.439100,1.868900
1,1,17.042678,25.211602,2.767000,25.228201,2.030500
1,1,17.066361,23.683600,2.926700,23.680000,2.014500
1,1,17.089431,23.070298,2.718100,22.621700,1.921900
1,1,17.112857,23.425400,3.151700,23.810101,1.889200
1,1,17.137449,24.592601,3.075000,24.540400,1.733600
1,1,17.163052,25.602300,2.839700,25.813801,2.071600
1,1,17.191995,28.942998,2.535600,28.320601,2.085500
1,1,17.219667,27.672701,3.253400,28.032301,2.456800
1,1,17.244532,24.864800,3.140800,24.867399,2.218500
1,1,17.268389,23.857102,2.816100,23.660000,2.068000
1,1,17.292674,24.285000,3.306500,24.890600,1.956000
1,1,17.315734,23.059200,2.572300,22.902100,2.007500
1,1,17.339342,23.607999,2.365300,23.548700,2.042100
1,1,17.362128,22.786900,2.352000,22.715900,1.596200
1,1,17.387253,25.124099,2.345900,25.268299,1.559400
1,1,17.411034,23.781300,2.208900,23.108601,2.379700
1,1,17.433889,22.855401,3.125000,23.024799,1.915800
1,1,17.457306,23.416799,3.011100,23.370600,2.190400
1,1,17.483745,26.438702,3.097600,26.743601,1.844700
1,1,17.511344,27.598899,2.810700,27.476299,1.831300
1,1,17.534841,23.496900,2.896100,23.204399,2.445300
1,1,17.560319,25.478099,3.167000,25.383801,2.153700
1,1,17.583570,23.251001,3.379700,23.406900,2.180200
1,1,17.606016,22.446100,3.190200,22.813299,2.141900
1,1,17.630054,24.038702,2.892800,23.851900,2.168700
1,1,17.652875,22.820100,2.819000,22.685301,2.038800
1,1,17.676190,23.315400,2.931200,23.364000,2.032400
1,1,17.700810,24.620298,2.925000,24.926901,1.983900
1,1,17.724507,23.696601,2.400100,23.453899,1.699800
1,1,17.747855,23.347799,2.792300,23.583200,1.749000
1,1,17.772975,25.120299,2.379600,24.803400,1.805900
1,1,17.798104,25.129501,3.119200,25.208000,1.494100
1,1,17.820980,22.875302,2.732500,23.259001,1.782800
1,1,17.845163,24.183400,2.014500,24.050200,1.693100
1,1,17.869817,24.653900,2.178000,24.333700,1.917500
1,1,17.892948,23.131300,2.582400,23.660299,1.928700
1,1,17.914946,21.997999,2.120000,21.805300,2.054000
1,1,17.939813,24.866499,2.423900,24.637100,1.644700
1,1,17.965414,25.601599,2.600200,25.393600,1.623400
1,1,17.990992,25.577299,2.515200,25.534700,1.526900
1,1,18.015834,24.842303,2.972200,25.243500,1.783000
1,1,18.041681,25.846798,2.237000,25.756701,1.561000
1,1,18.066918,25.237601,2.373100,24.898399,2.185600
1,1,18.092202,25.283501,3.070300,25.563499,1.683700
1,1,18.116669,24.467301,2.814900,24.586500,1.519500
1,1,18.142428,25.758799,2.428000,25.538900,1.714800
1,1,18.165999,23.571100,2.792200,23.708700,1.801700
1,1,18.193196,27.196597,2.527000,26.735001,1.858300
1,1,18.217987,24.791200,3.096700,24.879700,1.645500
1,1,18.242704,24.717301,3.153400,24.802500,1.910500
1,1,18.266341,23.636602,2.958600,23.914101,1.870000
1,1,18.291914,25.573500,2.545200,25.315500,1.733700
1,1,18.314722,22.807200,2.646100,23.032101,1.877800
1,1,18.339971,25.249101,2.624600,25.157801,1.957700
1,1,18.362491,22.519898,2.717900,22.713301,1.634700
1,1,18.386081,23.590401,2.319300,23.169100,1.699500
1,1,18.410586,24.504799,2.781500,23.708300,1.743900
1,1,18.434063,23.476902,3.627000,24.766899,2.173100
1,1,18.460918,26.855499,2.074100,25.873301,1.689400
1,1,18.485540,24.622001,3.310500,25.057400,2.017400
1,1,18.510093,24.553299,3.081800,24.948799,2.040300
1,1,18.535451,25.357399,2.929000,25.159901,1.651600
1,1,18.562161,26.710201,3.724000,26.743200,1.810700
1,1,18.587621,25.459800,2.614800,25.246099,2.185900
1,1,18.613174,25.553200,2.979700,25.632299,1.957400
1,1,18.638382,25.208298,2.636600,25.267599,1.724600
1,1,18.663305,24.922803,2.683000,24.915600,1.611000
1,1,18.688429,25.123999,2.341300,25.339899,1.719400
1,1,18.711798,23.368899,2.159400,23.341499,1.569500
1,1,18.735211,23.413200,2.216300,23.298000,1.718100
1,1,18.759134,23.922700,2.611500,23.609600,1.868600
1,1,18.783619,24.484999,2.908600,24.762800,1.807900
1,1,18.808972,25.352702,2.645000,25.618299,1.669800
1,1,18.834634,25.662798,2.129500,25.222401,1.546600
1,1,18.857384,22.749100,3.189800,22.941099,1.621600
1,1,18.881393,24.009902,2.569500,23.717501,1.843000
1,1,18.905096,23.702301,2.635400,24.139799,1.725400
1,1,18.930841,25.745299,2.459200,25.719999,1.654100
1,1,18.954318,23.477301,2.428100,23.205999,1.612500
1,1,18.979110,24.791799,2.616800,24.838301,1.711300
1,1,19.004181,25.070500,2.722600,24.947399,1.583800
1,1,19.027955,23.773998,2.524800,23.705500,2.077100
1,1,19.053406,25.451001,3.133200,25.577801,1.920500
1,1,19.078169,24.763599,2.610700,24.648199,1.922900
1,1,19.103754,25.584701,2.881200,25.954300,1.674900
1,1,19.129426,25.672399,2.334400,25.564100,1.788300
1,1,19.152333,22.906400,2.184000,23.083300,1.714500
1,1,19.176026,23.692802,2.036300,23.267900,1.485100
1,1,19.200693,24.667598,2.598300,25.095100,1.557700
1,1,19.224938,24.244800,2.121700,23.763800,1.779500
1,1,19.247709,22.771303,2.694400,22.715401,1.727100
1,1,19.272241,24.531297,2.763300,24.430401,1.790300
1,1,19.294888,22.647403,3.129500,23.165501,1.724600
1,1,19.320014,25.125798,2.160000,25.112700,1.422600
1,1,19.342921,22.907499,2.113600,22.767200,1.414700
1,1,19.364677,21.755800,2.486900,21.608999,1.657000
1,1,19.389258,24.580702,2.580500,24.887400,1.633000
1,1,19.412135,22.876799,2.156700,22.600901,1.704300
1,1,19.435897,23.762599,2.315800,23.639099,1.722600
1,1,19.459258,23.360401,2.542500,23.422899,1.705400
1,1,19.483907,24.649501,2.758300,24.587700,2.037600
1,1,19.506735,22.827700,3.031900,23.107201,1.604100
1,1,19.530648,23.913600,2.663100,23.450001,1.760400
1,1,19.555371,24.722502,2.789300,24.525200,1.754600
1,1,19.578977,23.606099,2.854300,23.814800,1.745000
1,1,19.601517,22.540297,2.411600,22.905800,1.712700
1,1,19.627375,25.858004,2.261900,26.084299,1.993700
1,1,19.652023,24.647597,1.927100,24.337200,1.713700
1,1,19.676835,24.812501,2.223700,25.035999,2.291700
1,1,19.699692,22.856500,2.152300,22.653099,1.552500
1,1,19.722680,22.988401,2.427800,23.023399,1.858300
1,1,19.746142,23.461498,2.386700,23.489100,1.507700
1,1,19.772161,26.019201,2.474900,24.971800,1.752100
1,1,19.796778,24.616901,3.896500,25.479000,2.125500
1,1,19.823842,27.063798,2.632300,27.109100,1.700600
1,1,19.849163,25.321599,2.374100,25.351200,2.201200
1,1,19.871829,22.665702,2.222900,22.869600,1.689400
1,1,19.894772,22.943299,2.187500,22.671801,1.722200
1,1,19.917883,23.110799,2.390200,23.076700,1.761500
1,1,19.942677,24.794202,2.459900,24.736601,1.691800
1,1,19.966106,23.428999,2.419900,23.297701,1.881900
1,1,19.989774,23.667898,2.613200,23.199800,1.741900
1,1,20.012926,23.151502,3.122000,23.784401,2.111200
1,1,20.037813,24.887599,2.301500,24.655500,2.058300
1,1,20.061319,23.505501,2.851500,23.668800,1.920300
1,1,20.084826,23.506898,2.566000,23.456900,1.639100
1,1,20.108370,23.544502,2.720400,23.575899,1.835600
1,1,20.135056,26.685398,2.732800,26.342199,2.072000
1,1,20.157233,22.177801,3.080300,22.859200,1.882500
1,1,20.181311,24.077401,2.734400,23.836599,1.729200
1,1,20.203685,22.374701,2.671100,22.548401,1.623800
1,1,20.228342,24.657000,2.196000,23.378901,1.880600
1,1,20.258750,30.407500,3.613600,31.093201,2.247100
1,1,20.283086,24.335898,4.614700,24.260300,2.148900
1,1,20.313897,30.811302,3.295000,31.266399,2.320800
1,1,20.342561,28.663900,2.967800,28.456900,2.196600
1,1,20.367945,25.383901,2.986800,25.576200,2.101300
1,1,20.394030,26.085097,2.843400,25.733101,2.157900
1,1,20.417451,23.421202,3.347500,23.566401,2.381300
1,1,20.440537,23.086101,2.676000,22.987200,2.405800
1,1,20.464708,24.170298,2.935500,23.958401,2.103300
1,1,20.488133,23.425199,2.917700,23.818600,1.872900
1,1,20.513337,25.204401,2.555200,25.003000,2.076000
1,1,20.539502,26.165102,3.010600,26.357201,2.465900
1,1,20.563780,24.277397,2.598400,24.085899,1.934600
1,1,20.587826,24.046000,2.789500,24.101999,2.014000
1,1,20.612233,24.407603,2.878200,24.100599,2.158400
1,1,20.636372,24.138298,3.090000,24.603901,2.818500
1,1,20.662257,25.885202,2.726400,25.624300,1.858300
1,1,20.688972,26.715599,2.811100,26.861700,2.121500
1,1,20.714319,25.346901,2.891400,25.034401,1.696500
1,1,20.739121,24.801299,2.826300,25.228201,1.917300
1,1,20.764058,24.937201,2.657700,24.696501,1.905200
1,1,20.788063,24.004798,2.706300,23.963900,1.811800
1,1,20.814971,26.907898,2.887100,26.969900,1.690500
1,1,20.843158,28.187200,2.617400,27.982000,1.632300
1,1,20.868578,25.420301,2.906300,25.568199,2.087600
1,1,20.895052,26.473701,2.717700,26.885599,1.939300
1,1,20.920110,25.057800,2.272600,24.683399,1.906500
1,1,20.943086,22.976499,2.572500,23.112400,1.576500
1,1,20.966133,23.047302,2.492900,22.667601,1.693800
1,1,20.989233,23.099799,2.965800,23.167000,1.895300
1,1,21.014981,25.747601,2.857500,25.781500,1.881300
1,1,21.044224,29.243600,2.823000,29.200899,1.933100
1,1,21.068559,24.334699,3.123500,24.199800,2.039200
1,1,21.091152,22.593200,2.998700,22.945400,2.277300
1,1,21.115606,24.453901,2.468100,24.728300,1.781400
1,1,21.139522,23.915898,2.240000,23.295700,1.872700
1,1,21.162370,22.847600,2.973600,22.953400,1.842200
1,1,21.185431,23.061700,2.933200,23.119301,1.625900
1,1,21.208438,23.006499,2.810000,23.399700,1.662300
1,1,21.235241,26.803203,2.208100,26.471001,2.089400
1,1,21.258905,23.663700,2.871800,23.370501,2.203000
1,1,21.283106,24.200998,3.155300,24.679001,1.938800
1,1,21.306261,23.155000,2.769400,22.717800,1.689600
1,1,21.329838,23.577001,3.204100,22.764799,1.815400
1,1,21.352116,22.278599,4.119800,23.291100,2.022100
1,1,21.379564,27.447201,2.583900,27.288200,1.796700
1,1,21.401790,22.225998,3.070400,22.765200,1.769900
1,1,21.426823,25.033802,2.237300,24.922600,2.031000
1,1,21.452722,25.899097,2.453500,25.462299,1.621700
1,1,21.475861,23.138802,2.817000,23.249599,1.673000
1,1,21.499354,23.492798,2.736700,23.658899,2.027500
1,1,21.527323,27.969301,2.594500,27.666500,1.841600
1,1,21.552020,24.696302,2.667900,25.241899,1.693900
1,1,21.575172,23.152199,2.317800,23.144100,1.635600
1,1,21.598309,23.136701,1.969300,23.101700,1.623200
1,1,21.622029,23.720399,2.124700,23.567400,1.559700
1,1,21.647710,25.680900,2.367000,25.316299,1.789900
1,1,21.667869,20.159200,2.650200,20.677999,1.659300
1,1,21.693233,25.363602,2.157100,24.850300,1.953300
1,1,21.720301,27.068797,2.715000,27.115900,1.609400
1,1,21.743126,22.824902,2.629100,23.139999,1.570800
1,1,21.768187,25.061000,2.308100,24.632700,2.006800
1,1,21.791414,23.226798,2.980100,23.432501,2.051300
1,1,21.816255,24.840601,2.832500,25.076700,1.768800
1,1,21.839591,23.335900,2.679300,23.326099,1.771700
1,1,21.865121,25.530700,2.507700,25.099199,1.891400
1,1,21.891916,26.794203,3.128400,26.871201,1.686900
1,1,21.917313,25.397800,3.006000,25.268101,1.455200
1,1,21.942572,25.258999,3.096800,25.550400,1.989200
1,1,21.967189,24.616998,2.399300,24.605801,1.921700
1,1,21.996424,29.235002,2.565600,29.067200,1.742700
1,1,22.027383,30.958399,3.222100,30.725000,2.259600
1,1,22.055112,27.729500,2.967700,28.109699,2.003400
1,1,22.081197,26.084501,2.563700,25.598700,1.901800
1,1,22.110854,29.656701,3.034300,30.219500,1.746000
1,1,22.133848,22.994999,2.338000,23.168900,1.860000
1,1,22.157140,23.291498,2.352900,22.987801,1.506200
1,1,22.180054,22.913702,2.478500,23.226601,1.581200
1,1,22.203414,23.360100,2.076700,23.088400,1.611400
1,1,22.226485,23.071401,2.335400,23.315701,1.519000
1,1,22.249828,23.342699,2.075200,23.155399,1.413500
1,1,22.275596,25.767799,2.284500,25.834600,1.937400
1,1,22.301167,25.570802,2.388100,25.580799,1.787700
1,1,22.325644,24.477299,2.006400,24.476101,1.704700
1,1,22.349550,23.906298,2.177700,23.827900,1.706000
1,1,22.374683,25.133099,2.405800,25.195900,1.623400
1,1,22.397399,22.715602,2.489000,22.506800,1.776900
1,1,22.422345,24.946101,2.945200,25.119699,1.659700
1,1,22.445960,23.615599,2.542000,23.277399,1.660400
1,1,22.471645,25.684100,3.097700,25.789000,2.452100
1,1,22.494158,22.512998,2.711300,22.373301,1.798700
1,1,22.518801,24.643600,2.702800,24.397200,2.561400
1,1,22.543399,24.598103,3.202100,25.062599,2.143000
1,1,22.571556,28.157197,2.752100,27.057699,2.196800
1,1,22.593822,22.265501,3.850800,23.090700,2.015500
1,1,22.618461,24.638802,3.158100,24.438700,1.578900
1,1,22.644510,26.048999,3.231400,26.146799,2.293700
1,1,22.667511,23.001600,3.036400,22.837700,2.212900
1,1,22.692031,24.519499,3.153000,25.147200,1.833300
1,1,22.715996,23.965199,2.444200,23.625500,2.155700
1,1,22.741555,25.559302,2.808500,25.631500,2.317600
2,1,40.501056,30.157302,2.530500,29.726101,2.011100
2,1,40.532045,30.988399,2.769000,31.264200,1.737000
2,1,40.560514,28.468702,2.525700,28.019699,1.719900
2,1,40.585772,25.258899,2.895500,25.761000,2.105900
2,1,40.612274,26.501700,2.545300,26.364000,1.786300
2,1,40.638207,25.932901,2.679300,26.113600,2.013200
2,1,40.666897,28.690100,2.492800,28.156500,1.824800
2,1,40.694891,27.994100,2.830100,28.064800,1.797700
2,1,40.722759,27.867399,2.903600,28.003201,1.916000
2,1,40.752788,30.029301,2.723400,30.040199,1.861500
2,1,40.781549,28.760999,2.647900,28.789700,1.883200
2,1,40.814379,32.830000,2.597800,32.452301,2.219900
2,1,40.845932,31.552602,2.975900,32.216999,1.826200
2,1,40.876774,30.842498,2.205500,30.297800,1.876600
2,1,40.907641,30.867200,2.936600,30.883801,2.148800
2,1,40.940048,32.406401,3.154000,32.642101,1.899900
2,1,40.972055,32.007098,2.927000,32.107101,2.012000
2,1,41.002522,30.467801,2.465100,29.735201,1.738100
2,1,41.035463,32.940499,3.050800,33.113499,1.805800
2,1,41.064989,29.525701,3.033800,30.183100,1.944800
2,1,41.091030,26.041001,2.291700,25.653500,1.879700
2,1,41.113302,22.272199,2.540700,22.719400,1.424200
2,1,41.136636,23.333602,2.118000,22.998100,1.700400
2,1,41.160132,23.496598,2.381100,23.354000,1.676200
2,1,41.182916,22.783998,2.597700,23.245001,1.534000
2,1,41.209348,26.431803,1.996700,26.142300,1.538200
2,1,41.231619,22.271600,2.479800,21.794100,2.242800
2,1,41.259858,28.238099,3.424800,28.155899,1.773500
2,1,41.286308,26.450101,3.048300,26.713499,2.003800
2,1,41.311225,24.917301,2.666300,24.912100,1.761400
2,1,41.334155,22.929899,2.789900,23.150600,1.833700
2,1,41.357285,23.129698,2.611100,22.992001,1.774300
2,1,41.384895,27.610801,2.933900,26.897400,1.789600
2,1,41.409844,24.948798,3.374900,25.489500,1.711000
2,1,41.432989,23.144603,2.951300,23.083599,1.872800
2,1,41.460034,27.045000,2.937200,27.327999,1.946500
2,1,41.483073,23.039099,2.518900,22.940399,1.645300
2,1,41.505860,22.787400,2.634000,23.059799,1.688800
2,1,41.529534,23.674101,2.297000,23.836901,1.917800
2,1,41.556167,26.633099,2.035800,26.400499,1.508400
2,1,41.579859,23.691900,2.162600,23.771200,1.287900
2,1,41.602856,22.996202,2.110800,22.766800,1.547400
2,1,41.627850,24.994601,2.334900,25.091200,1.532300
2,1,41.650925,23.074999,2.481500,23.181700,1.921200
2,1,41.676387,25.461700,2.437100,24.860100,1.450500
2,1,41.698410,22.023298,2.901100,22.457399,1.593700
2,1,41.725135,26.724502,2.939600,25.531401,1.902900
2,1,41.746499,21.364398,3.469000,22.679199,1.889700
2,1,41.769521,23.021501,1.964400,23.028799,1.667400
2,1,41.795780,26.259098,2.016300,25.930901,1.627200
2,1,41.820303,24.522901,2.354400,24.579000,1.644500
2,1,41.845643,25.340799,2.530900,25.518600,1.550400
2,1,41.872404,26.760403,2.113000,26.115000,1.851000
2,1,41.895013,22.609100,3.175100,22.765900,2.042300
2,1,41.918515,23.502499,2.972100,23.743700,1.907400
2,1,41.946101,27.585801,2.596000,27.380800,1.758200
2,1,41.974371,28.269701,2.936700,27.944401,1.881200
2,1,41.998822,24.451200,2.802500,25.077101,1.700400
2,1,42.021764,22.941500,2.201000,22.710699,1.894000
2,1,42.047585,25.821798,2.544600,26.208700,2.212500
2,1,42.072982,25.396403,2.245100,24.920401,1.728900
2,1,42.095257,22.275098,2.573100,22.698099,1.437600
2,1,42.118595,23.338102,2.262800,23.319401,1.530600
2,1,42.142962,24.366997,2.194200,24.109200,1.664000
2,1,42.166397,23.435101,2.403500,23.515699,1.522400
2,1,42.189738,23.341302,2.367300,23.212299,1.652000
2,1,42.212614,22.875998,2.493200,23.141300,1.696600
2,1,42.239329,26.714500,2.061300,26.795900,1.662400
2,1,42.262572,23.243301,1.924200,22.812599,1.818200
2,1,42.285642,23.069698,2.905400,23.306801,1.873700
2,1,42.310417,24.775103,2.262400,24.710300,1.430900
2,1,42.334539,24.121597,2.368000,23.905800,1.538300
2,1,42.357282,22.743300,2.548700,22.860300,2.045500
2,1,42.381569,24.287101,2.840300,24.112700,1.932700
2,1,42.405088,23.519401,2.591800,23.600800,1.596000
2,1,42.433254,28.165802,2.794500,28.232599,1.586800
2,1,42.458468,25.214098,2.363000,24.810801,1.957600
2,1,42.482762,24.293400,3.045800,24.554701,1.929400
2,1,42.508853,26.091598,2.710900,25.947100,1.883400
2,1,42.531607,22.754002,2.566400,23.320200,1.861200
2,1,42.557457,25.850199,2.368500,25.683300,1.603900
2,1,42.584014,26.556201,2.306600,26.318800,1.737500
2,1,42.608048,24.034299,2.482500,24.276199,1.507700
2,1,42.633501,25.453500,2.213600,25.191500,1.657300
2,1,42.659376,25.874700,2.374700,26.204300,1.502100
2,1,42.683450,24.074100,2.137800,23.859301,1.600300
2,1,42.709138,25.687497,2.868500,25.328300,1.529500
2,1,42.734048,24.910603,2.480000,24.931299,1.697500
2,1,42.756498,22.449598,2.625300,22.690500,1.553500
2,1,42.779514,23.015901,2.404100,23.164301,1.536400
2,1,42.807598,28.083801,2.233600,27.694000,1.814900
2,1,42.837966,30.368298,2.777000,30.619900,1.691700
2,1,42.864932,26.966199,2.564300,27.090599,1.721500
2,1,42.890920,25.987800,2.207200,25.601999,1.727200
2,1,42.916385,25.465302,2.641700,25.432301,1.570900
2,1,42.941018,24.633098,2.684400,24.982000,1.554300
2,1,42.966111,25.092199,2.580800,25.237600,1.930100
2,1,42.993202,27.091499,2.169800,26.302401,1.517200
2,1,43.016712,23.509502,3.122900,23.868999,2.132200
2,1,43.044182,27.470700,2.962000,27.444401,1.870800
2,1,43.069376,25.194198,2.582900,25.479500,2.039100
2,1,43.095037,25.660601,2.297300,25.148300,1.776000
2,1,43.118040,23.003299,2.721200,23.095699,1.463700
2,1,43.143789,25.748800,2.687700,25.830799,1.665200
2,1,43.171447,27.657900,2.705000,27.757700,1.747700
2,1,43.196585,25.137801,2.530300,25.257500,1.701200
2,1,43.223086,26.500799,2.428000,25.830799,1.586800
2,1,43.249867,26.780900,3.481300,27.404400,1.555100
2,1,43.276976,27.109403,2.875400,27.293400,1.746000
2,1,43.302351,25.374599,2.339200,25.260500,2.166600
2,1,43.328355,26.004300,2.852300,25.622101,1.920100
2,1,43.357604,29.249102,2.893500,29.116699,1.879400
2,1,43.381548,23.943599,2.885600,23.650900,1.368300
2,1,43.404243,22.695899,3.010200,23.364000,1.775600
2,1,43.428061,23.817901,2.849000,23.605700,1.512300
2,1,43.453299,25.237899,2.618100,25.249500,2.060700
2,1,43.478919,25.619600,2.954800,25.490299,2.116400
2,1,43.503772,24.853200,2.839400,24.956900,1.795000
2,1,43.528234,24.462000,2.628200,23.918501,1.949000
2,1,43.555193,26.959002,3.212300,27.659300,1.677600
2,1,43.582603,27.409498,2.694300,27.169100,2.313800
2,1,43.607571,24.968803,2.758000,25.501101,1.760700
2,1,43.631038,23.466200,1.984700,23.405500,1.387700
2,1,43.654747,23.708999,2.116500,23.374901,1.380000
2,1,43.680292,25.545198,2.364700,25.789600,1.388400
2,1,43.705793,25.501300,2.218300,25.491501,1.651000
2,1,43.732415,26.622102,2.230000,25.551100,1.632300
2,1,43.757139,24.723999,3.298500,25.694599,1.814000
2,1,43.780998,23.859199,2.359700,23.232300,1.803000
2,1,43.806301,25.303002,3.084700,26.191900,1.671600
2,1,43.830468,24.166200,2.012100,23.883600,2.001800
2,1,43.856871,26.403200,2.220300,26.298100,1.601600
2,1,43.880897,24.026297,2.482800,23.744600,1.888200
2,1,43.905443,24.546202,2.934900,24.868099,2.020200
2,1,43.929399,23.955699,2.390300,23.903900,1.807200
2,1,43.954160,24.761200,2.589700,24.849001,1.814500
2,1,43.982425,28.264802,2.561000,27.788300,1.584100
2,1,44.007682,25.257099,3.320100,25.649799,1.705400
2,1,44.036812,29.129799,2.748200,29.103001,2.049800
2,1,44.063274,26.462298,2.667800,26.737101,1.821200
2,1,44.088979,25.704902,2.065200,25.516100,1.616800
2,1,44.113239,24.259601,2.197200,23.698601,1.846100
2,1,44.137479,24.239998,3.054900,24.818600,2.209600
2,1,44.160885,23.406699,2.366400,23.118099,2.008500
2,1,44.185423,24.537202,2.339300,24.785601,1.537600
2,1,44.210885,25.462400,2.023300,25.599600,1.381100
2,1,44.234305,23.419801,2.091000,23.023500,1.938500
2,1,44.259814,25.509499,2.431000,25.240801,1.863900
2,1,44.284279,24.464201,2.823500,24.867901,1.743000
2,1,44.307290,23.011498,2.318700,23.124300,1.646500
2,1,44.332315,25.024898,2.182800,25.054100,1.799300
2,1,44.353650,21.335002,2.171100,21.339300,1.633800
2,1,44.378939,25.288999,2.178000,24.939199,2.695900
2,1,44.402394,23.455299,2.463300,23.593901,1.408100
2,1,44.427367,24.973202,2.427800,24.970900,1.687700
2,1,44.452793,25.425699,2.567800,25.021799,2.031100
2,1,44.478440,25.646500,2.886300,25.738701,1.683400
2,1,44.505425,26.985899,3.115100,26.739300,1.973600
2,1,44.532593,27.167402,2.955600,27.697201,1.854700
2,1,44.555477,22.884399,2.250700,22.898100,1.565100
2,1,44.582369,26.891299,2.190100,26.669600,1.701600
2,1,44.605542,23.173001,2.486300,23.439600,1.366300
2,1,44.629033,23.491401,2.115900,23.379999,1.317100
2,1,44.653527,24.493698,2.287800,24.162100,1.529800
2,1,44.677391,23.864500,2.835300,23.912600,2.652400
2,1,44.701904,24.513301,2.814200,24.970501,1.878900
2,1,44.724933,23.028102,2.225300,23.122000,1.783400
2,1,44.748064,23.131400,1.958700,22.786501,1.532300
2,1,44.771424,23.359798,2.386900,23.050800,1.628000
2,1,44.796103,24.679203,2.695900,24.896900,1.512800
2,1,44.819002,22.898797,2.543800,23.047300,1.610000
2,1,44.844408,25.406003,3.135600,25.247101,2.064200
2,1,44.870100,25.692098,2.245000,25.306601,1.773700
2,1,44.894815,24.714701,3.191900,24.831499,1.996900
2,1,44.918328,23.513600,2.802500,23.322800,1.677400
2,1,44.942750,24.422001,3.321800,24.629900,1.783900
2,1,44.966651,23.901299,3.038800,24.100599,1.608400
2,1,44.991710,25.058702,2.619700,24.783600,1.652300
2,1,45.016810,25.099996,3.946200,25.328501,1.809700
2,1,45.041812,25.001403,2.609600,25.321100,1.783200
2,1,45.068906,27.094599,2.226800,26.709700,1.706400
2,1,45.093918,25.012199,2.476600,25.462900,1.883700
2,1,45.118004,24.085499,2.265100,23.755100,1.549000
2,1,45.142381,24.377100,2.379600,24.400700,1.649700
2,1,45.166156,23.775302,2.325400,23.558701,1.622400
2,1,45.191410,25.253400,2.408100,25.141001,1.539600
2,1,45.215115,23.704801,2.964700,23.682100,1.693800
2,1,45.239864,24.749100,2.679000,25.087700,2.023600
2,1,45.264138,24.274100,2.616400,23.950399,2.178000
2,1,45.287558,23.420200,2.939300,23.437300,1.474500
2,1,45.312414,24.855997,2.727400,25.160299,1.694500
2,1,45.335484,23.070402,2.135400,23.097500,1.590500
2,1,45.361110,25.625698,2.219000,25.480101,2.216400
2,1,45.384447,23.337100,2.370400,23.032301,1.741000
2,1,45.407812,23.364402,2.904500,23.653500,1.517800
2,1,45.433507,25.695298,2.843000,25.350300,1.701500
2,1,45.459279,25.772002,3.052900,25.067699,1.886900
2,1,45.481263,21.984600,3.473100,22.766001,1.758100
2,1,45.505345,24.081901,2.915000,23.686501,2.205100
2,1,45.532232,26.887000,3.313500,27.342400,2.085400
2,1,45.557744,25.511701,2.958300,24.996099,1.651600
2,1,45.582303,24.559200,3.041900,25.362200,1.955800
2,1,45.607675,25.372099,2.068800,24.966299,1.680900
2,1,45.632070,24.394900,2.572700,24.877399,1.656300
2,1,45.657643,25.572501,2.136600,25.151501,1.715900
2,1,45.680111,22.468701,2.762700,22.718800,1.374200
2,1,45.705132,25.020700,2.577900,25.039600,1.713800
2,1,45.728683,23.551099,2.238500,23.314600,1.611900
2,1,45.751836,23.152698,2.255200,23.378799,2.159600
2,1,45.777932,26.095603,2.368500,25.330799,1.905800
2,1,45.798363,20.431899,3.596800,20.837900,2.181700
2,1,45.820183,21.819599,2.854400,22.280899,1.984100
2,1,45.843572,23.389302,2.185000,22.941799,2.069700
2,1,45.867102,23.529299,3.118900,23.590300,1.888600
2,1,45.892729,25.626902,3.240700,25.786699,1.552200
2,1,45.919255,26.526999,2.347100,25.545799,1.896400
2,1,45.941725,22.469901,3.470300,22.964500,2.246500
2,1,45.964187,22.461101,3.352900,22.963699,1.719900
2,1,45.987587,23.400698,2.980200,23.282600,1.796600
2,1,46.017226,29.639300,2.778100,29.424299,2.172000
2,1,46.042183,24.956502,3.015000,25.232100,1.914800
2,1,46.067387,25.203899,2.618500,25.215200,1.601200
2,1,46.092446,25.058899,2.508000,24.905500,1.599400
2,1,46.115077,22.630703,2.472200,22.973000,1.371700
2,1,46.136798,21.721598,2.087200,21.399799,1.694300
2,1,46.159977,23.179099,2.485600,23.117800,1.303700
2,1,46.182672,22.694901,2.637000,22.959200,1.743700
2,1,46.206030,23.358002,2.272400,23.447001,1.772300
2,1,46.231347,25.317200,2.306800,24.731800,1.684900
2,1,46.256619,25.271699,2.836400,25.581400,1.693000
2,1,46.283111,26.491601,2.549400,26.674900,1.674900
2,1,46.308239,25.128700,2.367300,24.639200,1.775600
2,1,46.333451,25.211599,2.655500,25.660900,1.784400
2,1,46.357915,24.464101,2.317000,24.473200,2.196600
2,1,46.381064,23.149200,2.053400,23.063700,2.210200
2,1,46.405813,24.748500,2.365600,24.483400,1.735500
2,1,46.431591,25.778200,2.753800,25.717600,1.492700
2,1,46.458913,27.321700,2.949300,27.214399,1.877800
2,1,46.482172,23.259800,2.522700,23.349199,1.878000
2,1,46.506435,24.262600,2.602100,24.516899,1.984200
2,1,46.532594,26.159398,2.199700,25.914700,1.457100
2,1,46.555621,23.026701,2.491800,23.013700,1.493500
2,1,46.578703,23.081601,2.491600,23.117001,1.684300
2,1,46.602402,23.699198,2.469100,23.533600,1.533200
2,1,46.627090,24.688102,2.600300,24.584400,1.482700
2,1,46.650422,23.331601,2.861100,23.528601,1.898700
2,1,46.675130,24.708800,2.916400,25.087200,1.792400
2,1,46.701294,26.163500,2.393300,25.684299,1.572600
2,1,46.723292,21.998599,2.497400,22.441099,1.642300
2,1,46.748365,25.072299,2.153300,24.715599,1.818800
2,1,46.771767,23.402501,3.262400,23.424000,1.843100
2,1,46.800686,28.918900,2.678500,28.023600,1.871400
2,1,46.827325,26.639201,3.588300,27.668699,1.820600
2,1,46.852603,25.277700,2.563100,25.135300,1.737700
2,1,46.880319,27.715500,2.486900,27.785999,1.562700
2,1,46.906481,26.162397,2.498100,25.962000,1.675600
2,1,46.926689,20.207603,2.680300,20.484501,1.859200
2,1,46.950567,23.878198,2.674300,23.568701,1.842700
2,1,46.975915,25.347702,3.020100,25.673500,1.901500
2,1,47.000863,24.948500,2.575700,24.875099,1.786900
2,1,47.027823,26.959799,2.645900,26.975401,1.562300
2,1,47.053109,25.286000,2.553100,25.210800,2.032400
2,1,47.080984,27.874798,2.655800,27.788099,1.821300
2,1,47.106185,25.201801,2.591800,24.951099,1.748400
2,1,47.131416,25.231000,2.549400,25.457800,2.116700
2,1,47.154788,23.371201,2.558400,23.284000,1.688500
2,1,47.181648,26.860498,2.507700,26.997601,1.654200
2,1,47.207093,25.444701,2.349000,25.578699,1.709700
2,1,47.232665,25.572300,2.239300,25.495100,1.687600
2,1,47.260160,27.495202,2.478000,27.109400,1.506500
2,1,47.283325,23.164798,2.628300,23.719999,1.595900
2,1,47.308559,25.233801,1.964700,24.791500,1.548300
2,1,47.331977,23.417998,2.580200,23.216200,1.444600
2,1,47.355323,23.346201,2.957000,23.508101,1.726100
2,1,47.380694,25.370602,2.546300,25.486500,1.740300
2,1,47.403101,22.406999,2.460700,22.664900,1.522100
2,1,47.429102,26.001200,2.195400,25.390400,1.521200
2,1,47.451780,22.677898,2.602600,22.598301,1.929100
2,1,47.477030,25.250200,3.069500,25.521500,1.993100
2,1,47.502919,25.889102,2.857600,25.835501,3.197900
2,1,47.530761,27.841799,3.045100,28.159100,2.134700
2,1,47.556286,25.524698,2.811800,25.078400,1.913700
2,1,47.580068,23.782101,2.709400,23.259100,1.831900
2,1,47.606991,26.923601,3.716000,27.404699,1.664100
2,1,47.634439,27.447801,3.100000,27.504700,1.692200
2,1,47.657691,23.252301,2.934600,23.596901,1.979900
2,1,47.680591,22.899397,2.659100,22.904301,2.135400
2,1,47.703902,23.311101,2.545200,23.040800,1.653900
2,1,47.730257,26.354801,2.598800,25.823500,1.811800
2,1,47.752256,21.999199,3.123700,22.897400,1.493900
2,1,47.777592,25.336601,2.152800,24.703899,1.431400
2,1,47.803039,25.446102,3.001900,25.666100,1.845000
2,1,47.828482,25.443297,2.720900,24.703400,1.794200
2,1,47.852981,24.499502,3.283300,25.123199,1.797400
2,1,47.876201,23.219101,2.507100,23.444700,1.955200
2,1,47.902859,26.658397,2.587900,26.911699,1.685100
2,1,47.926964,24.104699,2.396300,23.645300,1.586900
2,1,47.953658,26.694503,2.813500,26.615299,1.790100
2,1,47.978525,24.866998,2.788000,25.308599,1.685100
2,1,48.009064,30.538701,2.028100,30.232100,2.024300
2,1,48.032635,23.571700,2.802900,23.724100,2.073300
2,1,48.057425,24.789300,2.389300,25.008400,1.983500
2,1,48.083248,25.823500,2.082700,25.473600,1.576700
2,1,48.105570,22.321202,2.246100,22.733999,2.011400
2,1,48.129157,23.587700,1.932900,23.390800,1.342800
2,1,48.152248,23.091000,2.263200,22.896200,1.955900
2,1,48.175815,23.567200,2.372500,23.210501,1.552900
2,1,48.200362,24.547100,2.943700,25.063499,1.611400
2,1,48.225550,25.187198,2.503900,24.992500,1.655700
2,1,48.251044,25.494501,2.386200,25.721001,1.698800
2,1,48.276504,25.460001,1.998500,24.753799,1.445600
2,1,48.299720,23.215398,2.824600,23.434601,2.241800
2,1,48.324559,24.839401,2.958900,24.957199,1.972300
2,1,48.346454,21.894999,2.840600,22.154100,1.666700
2,1,48.370537,24.083402,2.233600,23.602400,1.638700
2,1,48.396567,26.029699,2.695200,26.413401,1.877800
2,1,48.422391,25.824200,2.293600,25.600000,1.581400
2,1,48.447087,24.695698,2.756300,24.941999,1.663200
2,1,48.471269,24.182301,2.529700,24.180599,1.864300
3,1,66.060627,24.025798,2.602300,24.419201,1.431700
3,1,66.084078,23.450900,2.370700,23.115400,1.537900
3,1,66.111055,26.977401,2.515300,26.930000,1.607800
3,1,66.136766,25.711101,2.870700,25.861799,1.692200
3,1,66.162370,25.604200,2.650200,25.166800,2.031100
3,1,66.187080,24.709601,3.001000,24.990200,2.530000
3,1,66.210534,23.454297,2.533900,23.534100,1.649700
3,1,66.235542,25.007702,2.541400,25.100401,1.755300
3,1,66.260811,25.268801,2.431200,25.324400,1.710300
3,1,66.285780,24.969500,2.329600,24.742001,1.606600
3,1,66.310914,25.133900,3.149600,25.333799,1.809000
3,1,66.334819,23.904499,2.378100,23.756901,1.730800
3,1,66.361167,26.348699,2.425500,26.272699,1.674100
3,1,66.385162,23.994401,2.432600,23.506300,1.857400
3,1,66.411899,26.737299,3.371100,27.203501,1.859000
3,1,66.436730,24.830602,3.089700,24.974800,1.825100
3,1,66.463420,26.690498,2.474600,26.666901,1.835200
3,1,66.491270,27.849402,2.647200,27.685200,1.988300
3,1,66.514634,23.364101,2.540200,23.056900,1.834300
3,1,66.538759,24.125498,2.913300,24.769400,2.060300
3,1,66.563876,25.116201,2.219400,24.985399,1.786200
3,1,66.590067,26.191298,2.274200,25.644199,1.592600
3,1,66.614842,24.775401,2.768400,24.887199,1.979900
3,1,66.640138,25.295500,3.068000,25.349001,1.648900
3,1,66.665027,24.889402,2.697700,25.142300,1.854500
3,1,66.689825,24.797600,2.153000,24.760000,1.811200
3,1,66.713463,23.638397,2.307000,23.618401,1.706200
3,1,66.740034,26.571002,2.135700,26.708300,1.775800
3,1,66.763312,23.277801,2.283500,23.372499,1.532800
3,1,66.788358,25.046099,2.088800,24.690800,1.617000
3,1,66.813352,24.993598,2.336900,24.825600,1.777500
3,1,66.839139,25.787503,2.637700,25.594700,1.488200
3,1,66.866393,27.253401,2.785700,27.102600,1.488700
3,1,66.891270,24.877500,2.855800,25.624001,2.176700
3,1,66.915980,24.710000,2.013600,24.734200,1.531100
3,1,66.939747,23.767199,2.085500,23.478100,1.349100
3,1,66.964557,24.809401,2.339900,24.919701,1.878600
3,1,66.989936,25.379296,2.463600,25.017599,2.049600
3,1,67.014127,24.191301,2.703200,24.086700,1.719400
3,1,67.040539,26.411600,2.762900,26.575899,1.873800
3,1,67.066269,25.730401,3.488900,25.754601,2.250500
3,1,67.091291,25.021598,3.083600,25.049500,2.082500
3,1,67.117578,26.286900,2.745800,26.475000,2.266600
3,1,67.142481,24.903800,2.689700,24.791100,1.619700
3,1,67.167391,24.909999,2.584300,25.037201,1.737500
3,1,67.190688,23.296300,2.439700,23.218901,1.729100
3,1,67.217309,26.621699,2.570300,26.375900,1.589600
3,1,67.242959,25.650002,2.739900,25.976801,1.759000
3,1,67.270544,27.584501,2.378200,27.435101,2.147100
3,1,67.295388,24.843801,2.462600,24.937401,1.709300
3,1,67.319623,24.234999,2.403600,23.911301,1.754200
3,1,67.344655,25.032301,2.970100,24.988800,1.538100
3,1,67.367355,22.700399,2.839100,23.132601,1.912600
3,1,67.394034,26.678301,3.037500,26.358400,1.802800
3,1,67.418483,24.449300,2.571500,24.731501,1.341000
3,1,67.443934,25.450800,2.210000,25.175501,1.732000
3,1,67.470178,26.243899,2.638500,25.448999,2.253000
3,1,67.495025,24.846800,3.456300,25.579000,2.059100
3,1,67.520219,25.194000,2.791800,24.871401,1.514200
3,1,67.545830,25.611900,2.723000,25.960600,1.806000
3,1,67.571878,26.047599,2.552200,25.692900,1.845500
3,1,67.597153,25.275301,2.817700,25.913000,1.552000
3,1,67.621219,24.065401,2.246500,23.713800,1.784500
3,1,67.645329,24.109900,2.773100,24.084700,2.092300
3,1,67.671174,25.845300,2.754000,25.940300,1.884900
3,1,67.698941,27.766798,2.729000,27.212900,1.713900
3,1,67.724687,25.746699,3.028400,26.137600,1.823400
3,1,67.750011,25.324002,2.601500,25.261900,1.707900
3,1,67.775116,25.104899,2.689300,25.105801,1.730700
3,1,67.800552,25.435999,2.700100,25.873899,1.847400
3,1,67.826761,26.208702,2.200800,25.744499,1.769700
3,1,67.850020,23.259398,2.552600,23.313400,1.754600
3,1,67.874555,24.534401,2.565800,24.949900,1.438700
3,1,67.901962,27.407102,2.098800,27.457300,1.624900
3,1,67.927975,26.013099,2.143800,25.124800,1.639200
3,1,67.952891,24.916299,3.169900,25.486700,1.770800
3,1,67.978782,25.891099,2.711500,25.865499,1.723300
3,1,68.007309,28.526202,2.561600,28.219900,1.862600
3,1,68.033875,26.566200,2.667100,26.681499,1.744400
3,1,68.059024,25.149200,2.563300,25.501499,2.357600
3,1,68.083036,24.012100,2.217200,23.764601,1.498100
3,1,68.106061,23.025200,2.434000,23.061701,1.817800
3,1,68.131455,25.393501,2.442900,25.389400,1.652200
3,1,68.154553,23.097601,2.432600,23.338100,1.790700
3,1,68.180110,25.557600,2.081400,25.276600,1.678600
3,1,68.206214,26.104197,2.434200,26.166201,2.022600
3,1,68.231310,25.096100,2.507900,25.292101,2.101900
3,1,68.254193,22.882901,2.380700,22.587700,2.127200
3,1,68.279581,25.387902,2.445200,25.209900,1.944400
3,1,68.306666,27.084500,2.703900,27.127300,1.739700
3,1,68.332214,25.548298,2.503000,25.416800,2.120300
3,1,68.355028,22.814501,2.683100,23.415001,1.458100
3,1,68.380703,25.674801,2.031800,25.638901,1.715400
3,1,68.408535,27.831201,2.002300,27.148500,1.959500
3,1,68.433762,25.227297,2.682100,25.557301,2.062600
3,1,68.459648,25.885802,2.636200,25.632099,1.880300
3,1,68.482850,23.202699,2.991400,23.148899,1.678600
3,1,68.509635,26.785102,2.814000,27.139601,1.715000
3,1,68.531759,22.123300,2.340400,22.169600,2.179700
3,1,68.557810,26.051000,2.983300,24.948299,1.552400
3,1,68.583438,25.628198,3.667600,25.943199,1.828700
3,1,68.607584,24.146602,3.119800,24.981800,1.739300
3,1,68.630269,22.684999,2.262500,22.767799,1.752200
3,1,68.657671,27.401101,2.131000,26.984100,1.553500
3,1,68.682877,25.206599,2.986500,25.454500,1.941800
3,1,68.708897,26.019901,3.169100,25.819500,2.222200
3,1,68.732929,24.032298,2.715600,23.736601,1.998200
3,1,68.760833,27.903501,3.049700,28.252100,1.950500
3,1,68.784174,23.341201,2.734400,23.267700,1.798400
3,1,68.811147,26.972998,2.694800,26.806999,2.090400
3,1,68.835949,24.802200,2.854000,25.329100,1.809600
3,1,68.863122,27.172502,2.044300,26.881001,2.067800
3,1,68.888885,25.763597,2.523800,25.799500,1.691300
3,1,68.914389,25.503501,2.509100,25.676001,1.898700
3,1,68.937874,23.485102,1.969800,23.007200,2.118400
3,1,68.962998,25.124300,2.648800,25.055401,2.127900
3,1,68.985275,22.276297,2.880800,22.822399,1.595000
3,1,69.009066,23.791801,2.143700,23.489901,1.812100
3,1,69.032164,23.097198,2.366500,23.388800,1.492400
3,1,69.059887,27.722903,2.169300,27.548201,2.037500
3,1,69.085207,25.320198,2.606200,25.415501,1.733800
3,1,69.108905,23.697902,2.074800,23.580999,1.638200
3,1,69.134852,25.947500,2.483800,25.702700,1.821400
3,1,69.157651,22.798400,2.589600,22.806000,2.025400
3,1,69.182378,24.727099,2.741500,24.853399,2.358900
3,1,69.209892,27.514398,2.481800,27.711500,1.554400
3,1,69.232843,22.950802,2.194100,23.006800,1.859600
3,1,69.259164,26.321601,2.110700,25.828800,1.336200
3,1,69.282934,23.769300,2.716600,24.136101,1.621100
3,1,69.310102,27.168300,2.151400,26.782801,2.000100
3,1,69.333258,23.155898,2.606300,23.089199,1.646100
3,1,69.357735,24.477601,2.655200,24.859100,2.026200
3,1,69.382608,24.872798,2.245400,24.907101,1.990600
3,1,69.407548,24.940200,2.479000,24.976900,1.866600
3,1,69.431910,24.361800,2.233000,24.059700,1.821800
3,1,69.459110,27.199700,2.318800,27.065300,1.649500
3,1,69.482356,23.245700,2.545200,23.280100,1.957000
3,1,69.508054,25.698598,2.517400,25.567301,1.464400
3,1,69.535523,27.469002,2.929300,27.426300,2.066100
3,1,69.560624,25.100902,2.864900,25.606001,1.575700
3,1,69.584576,23.951698,2.106300,23.681400,1.741000
3,1,69.610359,25.783598,2.790900,26.052601,1.491400
3,1,69.632835,22.475600,2.072400,22.490801,1.363300
3,1,69.658235,25.399901,2.104500,25.213200,2.029300
3,1,69.683856,25.620602,2.331600,25.195101,1.850300
3,1,69.706776,22.920098,2.897700,23.408001,1.742100
3,1,69.731421,24.644900,2.446700,24.769899,1.888100
3,1,69.757698,26.277199,2.130800,26.186001,1.488400
3,1,69.782933,25.234900,2.305300,24.854300,1.727500
3,1,69.808030,25.097501,2.516500,25.384001,1.831000
3,1,69.833386,25.355801,2.168900,25.004101,1.821100
3,1,69.858374,24.987899,2.576800,25.040800,1.984100
3,1,69.883321,24.947401,2.566900,24.997400,1.518200
3,1,69.909275,25.953799,2.205600,25.750700,1.356400
3,1,69.934283,25.007699,2.607500,24.746799,2.099200
3,1,69.959170,24.887700,3.091600,25.234400,1.718400
3,1,69.983994,24.823900,3.152200,25.098700,1.604400
3,1,70.008907,24.912700,2.271300,24.884501,1.641400
3,1,70.032582,23.674902,2.322400,23.503500,1.893700
3,1,70.057209,24.626501,2.454300,24.968599,1.822200
3,1,70.084537,27.328100,2.248600,27.289499,1.354100
3,1,70.108237,23.700599,2.048300,23.594299,1.945700
3,1,70.131294,23.056600,2.295900,22.718901,1.345500
3,1,70.155391,24.097700,2.541500,24.146799,1.501100
3,1,70.179468,24.076398,2.503900,24.380400,1.544100
3,1,70.204476,25.007803,2.272300,25.088100,1.537200
3,1,70.227848,23.372699,1.976300,22.891199,1.645100
3,1,70.253540,25.691498,2.465600,26.048201,1.598500
3,1,70.277022,23.482401,2.196100,23.212500,1.635300
3,1,70.302016,24.993602,2.586900,24.968500,1.551400
3,1,70.327004,24.988197,3.063300,24.889000,1.528100
3,1,70.350407,23.403000,2.419000,23.278099,1.556200
3,1,70.375648,25.240902,2.756200,25.472700,2.227500
3,1,70.398482,22.833999,2.392400,23.158400,1.778300
3,1,70.421469,22.987001,2.148200,22.833300,1.789800
3,1,70.448562,27.092598,2.318700,27.210300,1.687800
3,1,70.474502,25.940601,2.265000,25.436399,1.718900
3,1,70.497848,23.345500,2.947000,23.298500,2.081100
3,1,70.523027,25.179699,2.810000,25.594601,2.088200
3,1,70.548518,25.491100,2.529800,24.818501,1.788700
3,1,70.569835,21.316901,3.260500,21.738800,2.146000
3,1,70.593279,23.443602,2.762800,23.534300,1.662000
3,1,70.616250,22.970699,2.347800,23.043301,1.485800
3,1,70.641433,25.183398,2.224900,25.362499,1.738200
3,1,70.667015,25.582202,2.155600,25.151199,1.349500
3,1,70.692158,25.142800,2.378000,25.018801,1.465600
3,1,70.714626,22.467598,2.528200,23.051600,1.316700
3,1,70.740463,25.837202,1.988900,25.533001,1.404900
3,1,70.765145,24.681699,2.616200,24.666401,1.393100
3,1,70.789156,24.011400,2.607200,23.590300,1.855600
3,1,70.816846,27.690403,3.096100,28.028500,1.866100
3,1,70.842247,25.400497,2.688700,25.613600,1.882500
3,1,70.867406,25.159203,2.244800,25.233000,2.169700
3,1,70.892304,24.897598,2.260300,24.700800,1.788800
3,1,70.915623,23.319103,2.474400,23.243000,2.432200
3,1,70.939699,24.075799,2.481900,23.739500,1.611900
3,1,70.966488,26.789099,2.832300,27.236300,1.875400
3,1,70.991526,25.038403,2.373600,24.985800,1.766200
3,1,71.015145,23.618799,2.428100,23.258600,1.650600
3,1,71.042818,27.672801,3.012800,27.722900,1.922900
3,1,71.066064,23.245897,3.301800,23.420300,2.590800
3,1,71.093957,27.893100,2.797900,27.643299,2.188400
3,1,71.119568,25.611002,2.985500,26.007500,2.015900
3,1,71.144134,24.566498,2.353600,24.515600,2.065300
3,1,71.169924,25.790300,2.554600,25.544201,2.322500
3,1,71.195187,25.262203,2.991500,25.562700,1.769600
3,1,71.218925,23.737799,2.507400,23.776400,1.866400
3,1,71.245026,26.101999,2.098100,25.615499,1.766000
3,1,71.270481,25.454499,2.802500,25.307899,1.493500
3,1,71.295624,25.143500,2.970100,25.188900,1.524500
3,1,71.321051,25.426403,2.586500,25.732901,1.900000
3,1,71.345021,23.970399,2.650100,23.453600,1.857300
3,1,71.370834,25.812898,3.124100,26.274700,1.919000
3,1,71.398914,28.080203,2.798100,27.577299,1.838700
3,1,71.424050,25.135800,3.271200,25.339300,1.679200
3,1,71.447624,23.573998,2.948800,24.211399,1.590500
3,1,71.472174,24.550200,2.120400,24.416100,1.418600
3,1,71.495674,23.499500,2.176600,23.395399,1.511600
3,1,71.521700,26.026402,2.317000,25.794600,1.704700
3,1,71.548363,26.662700,2.579200,26.906099,1.740100
3,1,71.571362,22.999499,2.374200,22.999001,1.649700
3,1,71.595390,24.027299,2.287100,23.731899,1.589100
3,1,71.619103,23.713000,2.717100,23.559500,1.910400
3,1,71.645084,25.980800,3.099400,25.211100,2.249200
3,1,71.671984,26.900899,3.870800,27.555700,2.610000
3,1,71.696930,24.945702,2.785900,25.617300,2.135000
3,1,71.723622,26.691999,2.299700,26.556801,1.686300
3,1,71.748406,24.784200,2.160600,24.573601,2.050300
3,1,71.774817,26.410799,2.543900,26.451200,2.221700
3,1,71.798343,23.525402,2.444500,23.312500,1.559700
3,1,71.823239,24.896897,2.696000,25.014601,1.517400
3,1,71.846523,23.283903,2.480900,23.018400,1.513100
3,1,71.870137,23.613900,2.741600,23.708200,1.580000
3,1,71.895328,25.191098,2.769100,25.127300,1.867000
3,1,71.918541,23.212600,2.711200,23.577101,1.698100
3,1,71.946506,27.964901,2.432100,27.742800,1.608700
3,1,71.973503,26.997000,2.862500,27.364401,1.801900
3,1,71.999855,26.351698,2.213000,25.858801,2.203900
3,1,72.027300,27.445700,3.225300,27.793400,1.752800
3,1,72.052291,24.990801,2.742100,25.120600,2.187900
3,1,72.077486,25.194898,2.228400,25.073200,1.750200
3,1,72.101311,23.825102,2.419600,23.961100,1.516400
3,1,72.124550,23.239400,2.115400,22.934799,1.715900
3,1,72.152329,27.778599,2.409200,27.475700,1.639400
3,1,72.175271,22.941601,2.669700,23.442301,2.288400
3,1,72.202302,27.031001,2.450600,26.287901,2.445400
3,1,72.229198,26.896600,3.174000,26.537701,2.668400
3,1,72.253832,24.633400,4.058000,24.995100,2.119400
3,1,72.275830,21.998398,3.186400,22.750500,1.814200
3,1,72.303948,28.117403,2.150300,27.638901,1.776100
3,1,72.329191,25.243897,2.469900,25.490000,1.720200
3,1,72.358266,29.074702,2.274600,28.879601,1.784800
3,1,72.381879,23.612797,2.594500,23.874001,1.723400
3,1,72.410325,28.446503,2.219500,28.217501,1.795200
3,1,72.437121,26.795100,2.639100,26.938000,1.997500
3,1,72.464492,27.371500,2.425000,27.606199,1.765800
3,1,72.491419,26.927397,2.189200,26.504601,1.592600
3,1,72.514632,23.212701,3.021300,23.504299,1.646700
3,1,72.541859,27.226802,2.432300,26.309700,1.758100
3,1,72.564169,22.309899,3.511400,22.751400,1.487800
3,1,72.589445,25.276400,3.272700,25.446100,1.738300
3,1,72.614267,24.822101,2.664800,24.044001,1.988000
3,1,72.639536,25.268599,3.466000,26.220900,1.581200
3,1,72.664198,24.662599,2.493100,24.365299,1.842500
3,1,72.689508,25.309499,2.763100,25.341000,2.371600
3,1,72.714784,25.276501,2.574100,25.641500,1.625700
3,1,72.737893,23.108501,2.274200,23.039801,1.766100
3,1,72.764880,26.986800,2.323300,25.814800,1.662400
3,1,72.789732,24.852198,3.791800,25.727800,2.180900
3,1,72.813864,24.132200,3.139400,24.065800,2.420700
3,1,72.841541,27.676903,3.260700,27.134501,1.900800
3,1,72.867400,25.859199,3.504000,26.550800,1.935500
3,1,72.892297,24.896801,2.820400,25.013300,1.895700
3,1,72.919729,27.431797,2.459900,27.257500,1.518700
3,1,72.943366,23.637403,2.460700,23.639700,1.850000
3,1,72.966580,23.214098,2.636800,23.170000,1.602200
3,1,72.989651,23.070499,2.605500,22.985201,1.481500
3,1,73.016117,26.466403,2.656700,26.412001,1.388900
3,1,73.043098,26.980698,3.095600,27.311300,1.828300
3,1,73.068316,25.217801,2.450700,24.246099,2.182900
3,1,73.092762,24.446201,3.748700,24.144501,2.787200
3,1,73.116393,23.630597,5.387200,24.705601,2.557600
3,1,73.139874,23.481701,3.249900,23.402201,1.990000
3,1,73.163276,23.401301,2.870800,23.435400,1.835900
3,1,73.188112,24.836298,2.655700,25.130400,1.851500
3,1,73.214258,26.145902,2.161700,25.721701,1.708300
3,1,73.236756,22.498600,2.503800,22.576900,2.100200
3,1,73.263317,26.560701,2.668900,26.983700,1.500900
3,1,73.287128,23.810498,2.066200,23.296101,1.922300
3,1,73.314088,26.960399,2.507300,27.152300,2.208000
3,1,73.338375,24.287000,2.499800,24.326599,1.586400
3,1,73.362811,24.436302,2.458700,24.386499,2.098900
3,1,73.388910,26.098698,2.592000,25.558001,2.107600
3,1,73.413983,25.073402,3.243800,25.609301,1.848300
3,1,73.438927,24.943799,2.249000,24.919399,1.745500
3,1,73.464223,25.295898,2.304000,25.222200,1.664900
3,1,73.490028,25.804900,2.672400,25.804199,2.418100
3,1,73.516690,26.662003,2.729700,26.209400,1.654400
3,1,73.543352,26.662398,3.278600,27.176500,2.082200
3,1,73.567043,23.690999,2.458200,23.503401,2.077600
3,1,73.592857,25.813702,2.564400,25.842899,1.512100
3,1,73.618607,25.750298,2.706800,25.504700,1.686600
3,1,73.643186,24.578501,2.863600,25.209299,1.738800
3,1,73.671260,28.073799,2.007800,27.041401,2.055700
3,1,73.693279,22.019301,3.432200,23.062000,1.675100
3,1,73.720019,26.739802,2.227800,25.902399,1.899600
3,1,73.744576,24.556998,3.037500,25.296700,2.402500
3,1,73.771883,27.306702,2.232300,27.220600,1.563900
3,1,73.797165,25.282197,2.217200,24.890100,1.715500
3,1,73.820529,23.364201,2.652500,23.424200,1.402100
3,1,73.845687,25.157999,2.547700,25.185499,1.361800
3,1,73.870879,25.191702,2.655700,25.432100,1.726800
3,1,73.899638,28.758999,2.450700,27.903500,1.889200
3,1,73.923353,23.715802,3.339700,23.765600,1.992200
3,1,73.947893,24.539400,4.230700,24.312000,1.969700
3,1,73.971648,23.755301,3.905200,24.582600,2.264500
3,1,73.996744,25.096100,2.938000,25.028500,1.832200
3,1,74.021862,25.118299,2.387000,25.379999,1.623700
3,1,74.045283,23.420401,2.409900,23.352501,1.546700
4,1,91.608403,22.939201,2.713600,23.279699,1.984500
4,1,91.632717,24.314497,2.470400,23.653799,1.961000
4,1,91.657202,24.484303,3.182500,24.843300,2.090000
4,1,91.682501,25.299400,2.823000,25.505899,1.853900
4,1,91.709623,27.121399,3.872100,26.997900,1.820600
4,1,91.732173,22.550300,2.744000,22.860300,2.158800
4,1,91.758206,26.033100,2.568800,25.469801,1.764600
4,1,91.783109,24.903402,3.009200,25.412399,1.831400
4,1,91.810362,27.252797,2.352700,26.918501,2.010600
4,1,91.836473,26.110601,2.800900,26.270000,2.017100
4,1,91.858855,22.382602,2.531900,21.773600,1.646700
4,1,91.882858,24.002299,3.006700,24.863300,1.847800
4,1,91.906586,23.728400,2.527700,23.331100,2.076500
4,1,91.933126,26.539799,2.523000,26.778500,1.828600
4,1,91.959278,26.151702,2.932500,25.435200,1.929900
4,1,91.982449,23.171399,3.645500,23.609400,2.025000
4,1,92.006847,24.398401,2.622600,24.721399,1.809400
4,1,92.033633,26.785899,2.230700,26.195900,2.024700
4,1,92.060774,27.140301,2.733000,27.335199,1.989400
4,1,92.083585,22.811301,2.744200,23.114799,1.886900
4,1,92.109874,26.289199,2.203600,25.885099,1.813900
4,1,92.132206,22.332199,2.708900,22.377899,1.727000
4,1,92.155820,23.614001,2.782400,23.348101,1.682800
4,1,92.180946,25.125701,2.842200,25.084999,2.480800
4,1,92.203857,22.910900,2.873700,23.405399,1.851600
4,1,92.229859,26.002198,2.388000,24.794300,2.021400
4,1,92.253985,24.126101,4.011600,25.268299,1.917900
4,1,92.279388,25.402799,2.330600,25.138700,2.113800
4,1,92.302494,23.105700,2.463000,23.451099,1.796000
4,1,92.327403,24.909202,2.405800,24.450399,1.858100
4,1,92.350396,22.993099,2.807600,23.473801,1.902400
4,1,92.375639,25.242899,3.036100,25.053499,1.862600
4,1,92.398917,23.278199,3.283000,23.252501,1.864500
4,1,92.422663,23.746002,2.576000,23.260799,2.314400
4,1,92.445529,22.865500,3.128900,23.114599,1.719700
4,1,92.470742,25.213100,3.055200,25.586700,1.914700
4,1,92.498454,27.712200,2.387800,27.400101,2.316400
4,1,92.523932,25.478497,2.712500,25.381500,2.492600
4,1,92.549381,25.449101,2.842100,25.850901,1.622800
4,1,92.573065,23.683701,2.177700,23.293200,1.750600
4,1,92.595780,22.715099,2.726100,22.985500,1.782300
4,1,92.621331,25.550600,2.558600,24.964001,2.082200
4,1,92.643212,21.881200,3.288100,22.607800,1.712100
4,1,92.669329,26.116699,2.355100,25.868999,1.700000
4,1,92.692459,23.130000,2.639700,22.739599,2.147000
4,1,92.719815,27.356602,2.839100,27.779699,1.659700
4,1,92.743662,23.846101,2.255500,23.386700,1.953800
4,1,92.770532,26.870098,2.916700,27.341299,2.307600
4,1,92.795799,25.267899,2.778200,25.212500,2.371000
4,1,92.819221,23.421202,2.607800,23.199301,1.950400
4,1,92.844310,25.089700,2.859400,25.307699,1.842500
4,1,92.871194,26.883800,2.278700,25.355499,1.432100
4,1,92.895679,24.485100,4.129900,25.929399,1.772100
4,1,92.918932,23.252301,2.692200,23.079800,1.839400
4,1,92.948272,29.340100,2.769600,29.321301,1.646700
4,1,92.973020,24.747901,2.650200,25.102200,2.343300
4,1,92.998612,25.592398,2.397800,25.440599,1.837700
4,1,93.023704,25.091901,2.600300,25.139299,1.773500
4,1,93.047530,23.825899,2.805600,23.538799,1.611800
4,1,93.072873,25.343500,2.746400,24.837700,1.426500
4,1,93.095484,22.610500,3.225300,23.435801,2.049300
4,1,93.121022,25.538601,2.336500,25.188400,1.614200
4,1,93.148643,27.620599,2.856700,27.547899,1.931500
4,1,93.175643,26.999600,2.998300,26.876301,1.800900
4,1,93.200549,24.906099,2.937500,25.010401,1.571600
4,1,93.223844,23.295701,2.907000,23.662600,1.666500
4,1,93.249478,25.633700,2.353100,25.293200,1.910400
4,1,93.272702,23.223501,2.805000,23.389000,1.418100
4,1,93.297652,24.950601,2.477600,24.535000,1.507400
4,1,93.318960,21.307699,2.870200,21.451200,2.664600
4,1,93.343388,24.427701,2.901400,24.508499,2.110000
4,1,93.366292,22.904299,2.798300,22.629700,2.112300
4,1,93.391945,25.653102,3.014400,25.857000,1.905700
4,1,93.419393,27.448200,3.201100,27.608299,1.692700
4,1,93.443783,24.389997,2.509800,24.578501,1.972000
4,1,93.467453,23.670100,2.320100,23.214899,1.454200
4,1,93.490570,23.116503,2.739000,23.465000,1.510100
4,1,93.518742,28.172098,2.286700,27.914301,1.601600
4,1,93.541774,23.031801,2.672400,23.132601,1.843000
4,1,93.564984,23.210600,2.545600,23.207199,1.653800
4,1,93.588038,23.053300,2.714000,23.127701,1.636800
4,1,93.611166,23.127999,2.395000,23.176300,1.483000
4,1,93.634733,23.567501,2.534800,23.486200,1.780100
4,1,93.662154,27.421400,2.538700,27.238100,2.498000
4,1,93.684744,22.589199,2.815300,22.565001,1.928200
4,1,93.710376,25.632799,3.173700,25.551201,1.746600
4,1,93.736506,26.129100,2.775900,26.181499,1.989400
4,1,93.760689,24.183601,2.565200,24.141701,1.891600
4,1,93.783201,22.512000,2.695800,22.885900,1.747700
4,1,93.806565,23.363799,2.281600,23.097200,1.559200
4,1,93.829023,22.457700,2.863700,22.648899,1.679700
4,1,93.852389,23.366403,2.435300,23.543900,1.720000
4,1,93.878549,26.159897,2.291700,25.187201,1.707600
4,1,93.904763,26.214499,3.036000,25.914400,1.714500
4,1,93.930911,26.147403,3.434800,26.791300,2.267100
4,1,93.958601,27.690500,2.821100,27.686800,2.467300
4,1,93.980668,22.066601,2.759800,22.542900,1.915300
4,1,94.004275,23.606598,2.457400,23.487000,1.709500
4,1,94.027255,22.980899,2.343400,22.836599,1.742700
4,1,94.052184,24.928901,2.333500,25.055401,1.632200
4,1,94.077154,24.969101,2.393700,24.107401,1.512600
4,1,94.099959,22.805098,3.263500,23.649401,1.692500
4,1,94.128061,28.102901,2.856200,27.818199,1.688700
4,1,94.154427,26.365299,2.887800,26.473000,2.118300
4,1,94.180043,25.616299,2.703500,25.420099,1.643000
4,1,94.202868,22.824902,2.861300,23.159201,1.631900
4,1,94.227749,24.880800,2.480300,24.946699,1.840200
4,1,94.251278,23.529399,2.539800,23.305599,1.643600
4,1,94.277168,25.889698,2.971500,25.194599,1.431700
4,1,94.301627,24.458900,3.319000,25.136000,1.776300
4,1,94.324154,22.527602,2.238800,22.870300,1.623100
4,1,94.348900,24.745200,2.073300,24.539700,1.971200
4,1,94.372174,23.274802,2.526300,23.019501,1.703700
4,1,94.397248,25.073100,2.649200,25.023399,1.701600
4,1,94.420564,23.316000,2.551300,23.572901,1.733300
4,1,94.446143,25.579497,2.142900,24.374201,1.755000
4,1,94.471722,25.578603,5.054900,25.997499,2.740400
4,1,94.496023,24.300899,4.337400,24.604300,2.417100
4,1,94.520000,23.977797,3.188200,24.438700,3.041500
4,1,94.547376,27.376000,2.839500,26.997999,2.123400
4,1,94.570305,22.929102,3.178400,22.876301,1.760500
4,1,94.593189,22.883199,3.052200,23.124100,1.631500
4,1,94.616795,23.606699,2.756400,23.261299,1.898600
4,1,94.639670,22.875000,3.217100,23.394100,1.774400
4,1,94.665304,25.633801,2.385500,25.123800,1.854800
4,1,94.691909,26.604500,2.971100,26.745199,1.845000
4,1,94.719450,27.541101,3.054700,27.613300,1.653200
4,1,94.741845,22.395302,2.991600,22.732700,1.924000
4,1,94.767888,26.042897,2.543300,25.268801,1.955500
4,1,94.791094,23.205902,3.026300,23.736601,2.036000
4,1,94.818958,27.864400,2.756700,27.831200,1.774600
4,1,94.841682,22.723500,2.425600,22.856899,1.963100
4,1,94.870873,29.191397,2.670300,28.352600,1.948500
4,1,94.894413,23.540303,3.693700,23.563999,2.446500
4,1,94.918881,24.467900,3.457600,24.746401,2.388100
4,1,94.943547,24.665497,3.364700,24.796101,1.908700
4,1,94.969623,26.075803,3.109300,24.825899,2.496900
4,1,94.993208,23.585599,4.147100,24.553301,2.074900
4,1,95.018416,25.208000,3.543700,25.249201,2.235400
4,1,95.044192,25.775898,3.146800,26.011900,2.059600
4,1,95.068018,23.826100,3.249300,23.802900,2.342300
4,1,95.092472,24.453502,3.788700,24.298000,2.781500
4,1,95.116131,23.658998,4.220900,23.709299,2.551900
4,1,95.136782,20.651300,2.911500,20.507999,2.242000
4,1,95.159898,23.116101,3.070600,23.306801,2.171700
4,1,95.185270,25.372002,2.980200,25.379000,2.453600
4,1,95.213255,27.985100,2.827200,27.481600,2.490100
4,1,95.238679,25.423698,3.312800,25.457701,2.435100
4,1,95.263780,25.101501,3.704300,25.560101,2.743300
4,1,95.289211,25.431000,3.156700,25.364901,2.450500
4,1,95.315745,26.533298,3.019200,26.834400,2.274100
4,1,95.342490,26.745100,2.543100,25.824600,2.957800
4,1,95.366236,23.746103,3.762500,24.483500,2.590200
4,1,95.395251,29.015597,2.972800,27.280100,2.110600
4,1,95.418048,22.796802,6.677900,24.009300,3.261500
4,1,95.441783,23.734599,3.934200,24.350800,2.308400
4,1,95.468808,27.025402,2.947900,25.291300,2.399500
4,1,95.492721,23.912400,4.664700,25.365299,2.473300
4,1,95.516921,24.200600,3.108400,24.447001,1.774900
4,1,95.544613,27.691200,2.446800,27.755800,2.008300
4,1,95.572221,27.608998,5.327800,27.196400,2.121600
4,1,95.595389,23.167800,2.962700,22.727200,1.949300
4,1,95.620375,24.985202,3.542100,25.654699,1.942400
4,1,95.643906,23.531299,2.446000,23.565001,2.167600
4,1,95.668971,25.065698,2.654900,25.107100,1.885900
4,1,95.694580,25.608603,2.468800,25.093800,2.171700
4,1,95.717210,22.629898,3.121300,22.881100,2.197100
4,1,95.742162,24.951901,2.835100,25.190399,1.884200
4,1,95.769669,27.507599,2.455600,27.549900,1.766200
4,1,95.793069,23.399301,2.442000,23.384899,1.972400
4,1,95.816503,23.434598,2.462700,22.987499,1.572000
4,1,95.842091,25.587302,2.847300,25.713900,1.590900
4,1,95.869037,26.946299,2.718100,26.859200,1.828300
4,1,95.894264,25.227401,2.811600,25.476999,1.750200
4,1,95.919956,25.691200,2.401100,25.548500,1.888700
4,1,95.943375,23.419600,3.378500,23.615801,1.872600
4,1,95.967734,24.358798,2.398400,23.575300,1.827600
4,1,95.997164,29.430300,3.604000,30.136600,2.328800
4,1,96.024906,27.741902,3.119600,27.207001,2.468700
4,1,96.048251,23.344599,3.242600,23.561701,2.351700
4,1,96.072505,24.253801,2.973700,24.267500,2.458000
4,1,96.097386,24.881799,3.646400,24.955400,2.381800
4,1,96.120872,23.485202,2.986600,23.425699,2.446400
4,1,96.152791,31.919301,2.674600,30.313900,2.659600
4,1,96.172833,20.041700,4.654000,21.271700,3.057600
4,1,96.195424,22.591297,4.092600,22.767700,2.915700
4,1,96.218422,22.998203,3.491600,23.383101,2.332500
4,1,96.240908,22.486400,3.023200,22.453800,2.087600
4,1,96.265506,24.597298,3.163000,23.727200,2.435200
4,1,96.290876,25.370102,3.265900,26.296301,1.978100
4,1,96.314754,23.877800,2.433100,23.906601,2.503300
4,1,96.339724,24.970099,2.347400,24.448000,2.433600
4,1,96.362999,23.275599,2.950500,23.343700,2.009900
4,1,96.385951,22.951700,2.804400,22.989300,1.985100
4,1,96.412940,26.988901,2.748800,27.134300,1.972700
4,1,96.435988,23.048300,2.799700,22.587099,2.052900
4,1,96.459226,23.237299,3.343300,23.346600,2.500600
4,1,96.480293,21.067601,3.515200,21.233299,2.377400
4,1,96.502975,22.682101,2.727100,22.523800,1.963600
4,1,96.527189,24.213400,2.935100,24.322901,2.159000
4,1,96.551634,24.445001,2.744300,24.354000,2.273100
4,1,96.575012,23.378197,2.622300,23.024099,2.064100
4,1,96.600320,25.308002,3.122100,25.814400,2.044800
4,1,96.627716,27.396400,3.144900,27.493999,2.165400
4,1,96.650664,22.947300,2.439800,22.716200,1.921300
4,1,96.675268,24.604298,2.736900,24.694599,1.968100
4,1,96.700605,25.336701,2.741800,25.245501,1.751100
4,1,96.722863,22.258401,2.706600,22.856701,2.083000
4,1,96.745960,23.096699,2.075500,22.858299,1.662200
4,1,96.770169,24.209499,2.173900,23.525999,1.781200
4,1,96.794931,24.761401,2.927100,25.477800,1.997300
4,1,96.816319,21.388300,2.207900,21.076799,1.682200
4,1,96.841116,24.796601,2.689800,24.826200,1.890400
4,1,96.865578,24.462298,2.744500,24.746099,2.478500
4,1,96.888855,23.277700,2.406700,23.190901,2.110100
4,1,96.913958,25.102302,2.502100,24.460600,1.615700
4,1,96.939328,25.370698,2.994100,25.712999,1.739000
4,1,96.962359,23.030698,2.440900,22.899099,1.772600
4,1,96.985367,23.008201,2.716300,23.165701,2.039000
4,1,97.011034,25.666401,2.485300,25.657801,1.633400
4,1,97.038542,27.508099,2.554200,27.597099,1.772000
4,1,97.061255,22.713199,2.556900,22.533400,1.850500
4,1,97.086636,25.380801,2.736500,25.504400,1.670500
4,1,97.109698,23.062501,2.548100,22.813999,1.896400
4,1,97.134778,25.079399,2.820600,25.218300,1.864600
4,1,97.159995,25.217701,2.537500,25.106001,1.480900
4,1,97.183355,23.359001,2.567600,23.207300,1.836200
4,1,97.208476,25.121599,2.886800,25.338699,2.107100
4,1,97.231959,23.483399,2.628700,23.837099,1.677900
4,1,97.256281,24.321400,2.225800,24.281900,2.103600
4,1,97.279528,23.247600,2.206400,23.040800,1.575200
4,1,97.303019,23.490801,2.350400,23.580799,1.370700
4,1,97.328130,25.110498,2.277100,25.093700,1.663600
4,1,97.351729,23.599200,2.453600,23.201099,1.772300
4,1,97.377309,25.579602,2.790100,25.382900,1.944300
4,1,97.402197,24.888899,3.059600,24.737499,2.121700
4,1,97.427322,25.124300,3.823900,25.552799,2.296300
4,1,97.451651,24.329200,2.913900,24.157400,2.059800
4,1,97.478247,26.596300,3.017200,26.953300,2.163600
4,1,97.504037,25.790099,2.586600,25.225300,1.802200
4,1,97.527218,23.180701,3.390700,23.664301,2.100900
4,1,97.550346,23.127601,4.425100,23.310101,2.223800
4,1,97.573483,23.136999,2.532700,22.897800,2.263500
4,1,97.596927,23.444399,2.537100,23.300200,2.238200
4,1,97.622465,25.537599,2.880500,25.017599,1.653300
4,1,97.648782,26.317202,3.186200,26.897200,1.737800
4,1,97.674443,25.661301,2.246000,25.918501,1.795900
4,1,97.699379,24.936099,2.261500,24.965000,1.798900
4,1,97.722535,23.155399,2.293500,23.124300,1.990000
4,1,97.748075,25.540102,2.363500,25.040600,1.695100
4,1,97.770642,22.567000,2.876400,22.699800,1.665900
4,1,97.793715,23.073398,2.590100,23.494699,1.687000
4,1,97.819178,25.462501,2.088300,25.127199,1.716500
4,1,97.846076,26.898500,2.475500,27.082001,1.614400
4,1,97.871170,25.094002,2.257500,25.247700,1.595900
4,1,97.894482,23.312099,1.933600,23.315399,1.799600
4,1,97.919749,25.267001,2.112600,25.189301,1.740600
4,1,97.942830,23.080200,2.206800,23.026199,1.481700
4,1,97.966939,24.109900,2.449400,23.809900,1.717600
4,1,97.993453,26.513599,2.535200,25.142200,1.843400
4,1,98.015095,21.641798,4.369900,22.748400,2.277900
4,1,98.038693,23.598101,3.266700,23.808500,1.711500
4,1,98.063923,25.230099,2.543500,25.639601,1.496600
4,1,98.089894,25.970802,2.014400,25.678400,1.707700
4,1,98.115251,25.357600,2.109900,25.171000,1.698100
4,1,98.139020,23.768999,3.102800,24.186501,1.966000
4,1,98.163739,24.718601,2.165100,24.417700,1.645800
4,1,98.188591,24.852399,2.171600,25.011700,1.797800
4,1,98.212615,24.023701,2.143300,23.470600,1.450300
4,1,98.238009,25.394101,2.756400,25.533600,1.538800
4,1,98.261053,23.044199,2.608100,23.500000,1.570600
4,1,98.286595,25.541201,2.133900,25.522400,1.581600
4,1,98.311761,25.166299,2.320700,24.783300,1.729400
4,1,98.334742,22.981599,2.569400,22.951700,2.012700
4,1,98.357884,23.141101,2.504500,23.401501,1.668300
4,1,98.382626,24.742402,2.301100,24.846800,1.881500
4,1,98.406784,24.157599,2.229800,23.542200,2.000300
4,1,98.430711,23.927499,2.924200,24.090599,2.327700
4,1,98.457212,26.500601,2.943800,26.215700,2.240300
4,1,98.481388,24.175901,3.460700,24.826799,2.930800
4,1,98.506488,25.100198,2.353300,25.237600,1.814100
4,1,98.530926,24.438001,1.906400,24.144899,1.542300
4,1,98.555553,24.626799,2.430800,24.838100,2.055600
4,1,98.581226,25.673799,2.332500,25.343901,1.974100
4,1,98.603431,22.204801,2.577700,22.590500,2.050200
4,1,98.628985,25.554102,2.105500,25.292000,1.790500
4,1,98.652768,23.782998,2.514100,23.784700,1.939700
4,1,98.678386,25.617901,2.434500,25.368601,1.378100
4,1,98.704101,25.714301,2.474800,25.897800,1.533000
4,1,98.726511,22.410098,2.423500,22.427299,1.981900
4,1,98.753266,26.755299,2.252200,26.631100,1.889400
4,1,98.776433,23.167502,2.493800,23.010000,1.814800
4,1,98.799970,23.536798,2.614000,23.523001,1.611800
4,1,98.824632,24.662100,2.538000,24.898899,1.515400
4,1,98.848317,23.685101,2.296300,23.480101,1.795200
4,1,98.871401,23.083299,2.792500,23.187799,1.545700
4,1,98.895946,24.544999,2.573700,24.624599,1.838100
4,1,98.919838,23.892500,2.368300,23.894800,1.987400
4,1,98.947313,27.475301,2.527800,26.918900,2.272200
4,1,98.972862,25.548302,3.008100,25.980900,1.949200
4,1,98.997742,24.880201,2.526200,25.128700,1.709400
4,1,99.024497,26.754897,2.157000,26.634300,1.896300
4,1,99.047822,23.324899,2.296400,22.989500,1.578500
4,1,99.072540,24.718203,2.572600,24.653500,1.546600
4,1,99.095991,23.450799,2.641500,23.797199,1.425500
4,1,99.119908,23.917101,2.370000,23.645300,2.154200
4,1,99.148422,28.514598,2.866900,27.029699,2.356000
4,1,99.172509,24.086703,4.627600,25.304899,2.397300
4,1,99.199497,26.987400,3.275400,27.509399,1.851200
4,1,99.224622,25.124997,2.329600,24.870001,1.920800
4,1,99.250428,25.806800,2.612500,25.773800,1.804400
4,1,99.275241,24.812501,2.813000,25.144501,1.810400
4,1,99.298506,23.265202,2.515100,23.024401,2.092600
4,1,99.324367,25.860798,2.823000,25.269400,1.636900
4,1,99.350551,26.184402,3.548400,26.829100,1.941600
4,1,99.376891,26.340198,2.603600,26.114100,1.702200
4,1,99.404239,27.347803,2.739000,27.233999,2.152800
4,1,99.428977,24.737600,3.186200,24.676701,2.052400
4,1,99.453844,24.867397,3.008400,25.343599,1.904900
4,1,99.479780,25.935501,2.425000,25.583700,1.861900
4,1,99.505044,25.263902,2.958500,25.010099,2.070000
4,1,99.530503,25.459699,2.964400,26.014601,2.133800
4,1,99.554490,23.986701,2.365800,23.836201,2.205000
4,1,99.582082,27.591597,2.563200,27.486900,1.730900
5,1,117.233638,26.716199,2.546700,26.762100,1.885600
5,1,117.258737,25.098901,2.260800,25.276400,1.873100
5,1,117.282208,23.471098,2.549400,23.385201,2.207000
5,1,117.307788,25.579803,2.329200,25.558701,1.616900
5,1,117.331237,23.449197,2.279900,23.130501,2.152200
5,1,117.356852,25.614802,2.757200,25.600800,2.076800
5,1,117.383239,26.386399,2.618800,26.676600,1.844000
5,1,117.408591,25.352400,2.362500,25.336700,1.691400
5,1,117.434584,25.993500,2.371600,25.541401,1.762100
5,1,117.459910,25.325902,3.008700,25.424101,1.852400
5,1,117.485175,25.264300,2.780500,25.137899,1.811800
5,1,117.510747,25.572300,2.750500,25.819700,2.103700
5,1,117.536675,25.927700,2.706500,25.887199,1.812000
5,1,117.562861,26.186500,2.824300,26.061600,2.121200
5,1,117.592624,29.762797,2.899600,29.576401,1.462100
5,1,117.614681,22.056602,3.077000,22.366800,2.428900
5,1,117.640000,25.319900,2.642300,25.370100,1.865900
5,1,117.667776,27.775299,2.963800,27.436399,1.792100
5,1,117.692799,25.022902,3.082200,25.481701,1.796600
5,1,117.719299,26.500501,2.534400,26.397699,1.914600
5,1,117.741896,22.596899,2.726000,22.576900,1.874100
5,1,117.766973,25.076699,2.561800,25.111401,2.059400
5,1,117.790493,23.520000,2.189300,23.615999,1.342600
5,1,117.815178,24.684701,2.253900,24.700100,1.469900
5,1,117.838629,23.451600,2.238900,23.152901,1.875100
5,1,117.861355,22.726297,2.568800,22.871300,2.095200
5,1,117.884904,23.548901,2.458700,23.392000,1.730100
5,1,117.908681,23.776799,2.505600,23.706200,2.061600
5,1,117.932464,23.783002,3.561700,23.559799,1.885700
5,1,117.958997,26.532799,3.013800,26.665899,1.793000
5,1,117.982516,23.519598,2.822300,23.268299,1.761400
5,1,118.010303,27.786803,3.092700,27.645399,1.995300
5,1,118.034408,24.104498,3.235400,24.414900,1.836300
5,1,118.058410,24.002500,2.974900,23.819799,1.656800
5,1,118.080882,22.472002,3.154100,22.707399,1.679900
5,1,118.107860,26.977401,2.730100,27.079100,2.741800
5,1,118.132797,24.937499,3.201800,24.847500,1.809500
5,1,118.155757,22.960197,2.865100,22.972200,1.795600
5,1,118.185528,29.770602,2.906800,29.876301,1.806900
5,1,118.208156,22.627901,2.765100,22.549801,2.469400
5,1,118.232843,24.687398,2.749800,24.958099,1.865300
5,1,118.257733,24.890002,2.426800,24.767700,2.196700
5,1,118.281050,23.316700,2.527400,22.998100,2.154000
5,1,118.306317,25.267400,2.751400,25.273600,1.563200
5,1,118.332229,25.911998,2.689600,26.207399,1.651500
5,1,118.355278,23.049101,2.346100,22.731400,1.783000
5,1,118.380878,25.599699,2.635300,25.628901,2.152500
5,1,118.406496,25.617499,2.918100,25.598000,1.845600
5,1,118.431764,25.268201,3.212700,24.762600,1.969400
5,1,118.455565,23.801401,3.269500,24.193300,1.876500
5,1,118.478087,22.521798,3.077100,21.577999,2.148200
5,1,118.500192,22.105303,3.838500,23.267799,2.009500
5,1,118.524738,24.545398,2.788100,24.711300,1.926400
5,1,118.549953,25.215201,2.362800,25.062599,2.392400
5,1,118.575708,25.754601,2.417100,25.956200,1.599700
5,1,118.602448,26.740000,2.152300,26.477699,1.706000
5,1,118.625960,23.512598,2.681300,23.388300,1.819100
5,1,118.649243,23.283001,2.863500,23.352200,2.067500
5,1,118.674931,25.687601,2.658700,25.587000,1.798300
5,1,118.699631,24.699900,2.904000,24.894600,1.689000
5,1,118.724877,25.246400,3.225600,25.243401,1.956200
5,1,118.749828,24.950799,2.450200,24.985399,1.736800
5,1,118.775652,25.823999,2.527100,25.670700,2.032100
5,1,118.799703,24.050903,2.871700,24.029100,1.992900
5,1,118.826002,26.299197,2.798900,26.283001,1.937300
5,1,118.850806,24.803802,3.095600,24.770300,2.258100
5,1,118.876716,25.910597,2.579600,25.715700,1.615700
5,1,118.899242,22.525501,2.547000,22.572701,1.586900
5,1,118.923252,24.010401,2.614000,24.550699,1.417000
5,1,118.947191,23.938201,2.117000,23.091600,1.647600
5,1,118.970648,23.457199,3.012500,23.729200,1.967200
5,1,118.993778,23.130599,2.813700,23.499701,1.497900
5,1,119.021365,27.586598,2.334400,27.413700,1.678400
5,1,119.048920,27.555503,2.516200,27.618900,1.668600
5,1,119.074148,25.227498,2.462400,25.293699,2.144300
5,1,119.099626,25.478199,2.454600,25.383200,1.742700
5,1,119.122461,22.834502,2.745100,22.939899,1.737300
5,1,119.149097,26.636198,2.350600,25.737700,2.062200
5,1,119.170548,21.451499,3.401600,22.397600,1.724300
5,1,119.196457,25.909103,2.543600,25.673599,2.317300
5,1,119.226229,29.771499,2.731500,29.449100,2.700900
5,1,119.249693,23.464598,3.294700,23.641300,2.001200
5,1,119.274829,25.135502,2.624100,24.837200,1.962800
5,1,119.297700,22.871397,3.067000,23.455900,1.846200
5,1,119.322488,24.787400,2.306000,24.522600,1.659500
5,1,119.348328,25.840100,2.689700,25.687000,1.646900
5,1,119.375199,26.870701,3.035900,26.697100,2.322200
5,1,119.402249,27.050398,3.405900,27.221001,1.944400
5,1,119.424598,22.348903,2.980600,22.813200,1.696000
5,1,119.449150,24.551600,2.186400,24.648001,1.635200
5,1,119.473131,23.981899,1.995600,23.477200,1.633100
5,1,119.496622,23.490500,2.460400,23.387501,1.507000
5,1,119.521035,24.412699,2.576700,24.993000,1.454400
5,1,119.544600,23.565102,2.060400,23.344601,1.625600
5,1,119.567554,22.954099,2.500000,23.026300,1.596500
5,1,119.591320,23.766100,2.718900,23.492399,2.190100
5,1,119.616473,25.153298,2.776700,25.323601,1.918700
5,1,119.643523,27.049601,2.340700,27.044399,1.648100
5,1,119.669120,25.596801,2.407500,25.273100,1.959000
5,1,119.692731,23.611698,2.700700,23.836599,1.758200
5,1,119.715738,23.006599,2.478300,22.832199,1.870700
5,1,119.741120,25.381703,2.864400,25.557400,1.815200
5,1,119.766070,24.950299,2.450700,25.108101,1.580000
5,1,119.789663,23.593299,2.428500,23.498301,1.410500
5,1,119.816558,26.895199,2.203000,26.958599,1.617100
5,1,119.840062,23.504101,2.274500,23.383400,1.833100
5,1,119.865364,25.301602,2.346700,25.324600,1.618400
5,1,119.891331,25.966898,2.332900,25.799601,1.614900
5,1,119.918476,27.145002,2.661100,27.021799,2.309600
5,1,119.944695,26.219498,2.800800,25.732000,2.166000
5,1,119.968918,24.222199,2.992000,24.764500,2.287900
5,1,119.991624,22.706300,2.967200,22.584499,1.756800
5,1,120.015963,24.338700,2.564400,24.572201,1.740000
5,1,120.037832,21.869503,2.423700,21.574900,1.971800
5,1,120.062680,24.848100,2.659800,24.851601,1.640400
5,1,120.083724,21.043800,2.740800,21.345100,1.613100
5,1,120.108229,24.505097,2.496600,24.266701,1.937300
5,1,120.131217,22.987600,2.612100,23.081900,1.640400
5,1,120.154691,23.474500,2.447500,23.530600,1.732800
5,1,120.179802,25.110301,2.458300,24.386299,1.836200
5,1,120.202886,23.084503,3.161400,23.805700,1.827800
5,1,120.227480,24.593599,2.423800,24.534300,1.693800
5,1,120.253019,25.539000,2.445900,25.565701,2.317100
5,1,120.278312,25.293298,3.175400,25.329399,1.889000
5,1,120.302869,24.557203,2.288700,24.587400,1.703700
5,1,120.328290,25.420398,2.793600,25.122400,1.898400
5,1,120.351286,22.996303,2.705000,22.920700,1.744500
5,1,120.374199,22.913199,2.626800,23.319201,1.660400
5,1,120.402098,27.898699,2.266600,27.360701,1.567400
5,1,120.426851,24.753399,2.880000,24.992201,1.944200
5,1,120.452075,25.223900,2.556000,25.429501,1.708500
5,1,120.477350,25.275402,2.362700,25.223900,1.842200
5,1,120.502064,24.713900,2.186100,24.521799,1.843300
5,1,120.526425,24.360701,2.512300,24.224501,1.843500
5,1,120.551068,24.643399,2.758800,24.911400,2.193800
5,1,120.573865,22.797000,2.634500,22.759800,1.749800
5,1,120.596924,23.058601,2.494000,22.938101,1.620700
5,1,120.620649,23.724500,2.523900,23.745701,1.823300
5,1,120.644199,23.550197,2.553200,23.237600,1.788800
5,1,120.670050,25.851402,2.829200,25.592699,2.055100
5,1,120.692282,22.231501,3.293900,22.262199,3.039300
5,1,120.716073,23.791000,3.239600,24.561501,2.229800
5,1,120.739390,23.317397,1.996200,23.254400,2.004800
5,1,120.765357,25.967203,2.232600,25.240801,1.763700
5,1,120.790398,25.040999,3.046100,25.129801,1.919000
5,1,120.815382,24.983998,3.002300,24.956200,1.738500
5,1,120.843025,27.642500,2.719500,27.720100,1.672300
5,1,120.864754,21.729600,2.952700,22.203600,2.184300
5,1,120.890404,25.649201,2.943600,25.401300,1.936100
5,1,120.915799,25.395799,2.678900,24.944700,2.011900
5,1,120.943584,27.784802,3.153900,28.078199,1.782800
5,1,120.965764,22.179898,2.737800,22.395300,1.776400
5,1,120.991121,25.357101,2.601400,25.224701,1.604800
5,1,121.015910,24.788801,2.934600,24.829800,1.876300
5,1,121.040736,24.825901,2.747400,24.882200,1.576800
5,1,121.062843,22.106700,2.714300,21.902700,1.621000
5,1,121.087510,24.667598,2.639800,24.945499,1.512000
5,1,121.114848,27.337402,2.815800,26.818600,1.683500
5,1,121.138064,23.216300,3.288100,23.609600,1.936300
5,1,121.163822,25.758401,2.642700,25.432100,1.942100
5,1,121.189362,25.539298,3.361300,25.580700,1.822000
5,1,121.215980,26.618402,2.815200,27.000900,1.766400
5,1,121.243081,27.100697,2.067700,26.719700,1.934300
5,1,121.268525,25.444001,2.721000,25.271601,1.807900
5,1,121.291278,22.753499,2.888300,22.957899,1.755400
5,1,121.316616,25.337599,2.510800,25.670500,1.849200
5,1,121.344919,28.303303,2.296600,27.848101,2.288500
5,1,121.372559,27.640197,2.920900,27.815901,2.058000
5,1,121.397206,24.646401,2.675300,24.718201,2.269600
5,1,121.420921,23.715101,2.766900,23.510000,1.884200
5,1,121.445587,24.665900,2.996400,24.952801,2.284600
5,1,121.471232,25.645200,2.674100,25.251499,2.036800
5,1,121.496906,25.674500,2.841700,25.392401,1.781600
5,1,121.521733,24.826400,3.943200,25.348000,2.304500
5,1,121.548447,26.713900,2.792600,26.577600,2.370800
5,1,121.575974,27.527697,2.572700,27.027201,1.749900
5,1,121.604491,28.516602,3.127100,28.820200,1.921600
5,1,121.627865,23.373701,2.694000,23.695299,1.742200
5,1,121.654116,26.251499,2.209100,26.064400,2.684400
5,1,121.681610,27.493902,2.417400,27.226400,1.778300
5,1,121.705170,23.559798,2.820000,23.893700,1.927000
5,1,121.731921,26.751503,2.421900,26.841499,1.696000
5,1,121.757284,25.362600,2.272300,25.369900,1.479500
5,1,121.779863,22.578698,2.355400,22.619801,1.908800
5,1,121.803568,23.705702,2.169300,23.634300,1.802700
5,1,121.828163,24.594799,2.257900,24.397301,1.383600
5,1,121.850838,22.675101,2.971400,22.864100,1.670600
5,1,121.873661,22.823200,2.902800,22.805799,1.689100
5,1,121.897761,24.099801,2.300000,23.629200,1.772500
5,1,121.920486,22.725098,2.812800,22.907900,1.886600
5,1,121.943962,23.475401,2.595500,23.456499,2.047600
5,1,121.968476,24.514299,2.655900,24.361401,1.925100
5,1,121.993339,24.863001,2.852400,25.256500,1.756500
5,1,122.016711,23.371801,2.066400,23.150200,1.918300
5,1,122.040196,23.484800,2.570900,23.633101,1.666000
5,1,122.065004,24.808198,2.503300,24.634501,1.635600
5,1,122.088501,23.497403,2.539200,23.262699,1.824800
5,1,122.113517,25.015499,3.113200,24.902500,1.652600
5,1,122.139629,26.112098,2.746800,26.304199,1.694900
5,1,122.162079,22.449899,2.491100,22.722601,1.735500
5,1,122.185014,22.934802,2.264300,22.905500,2.192600
5,1,122.208460,23.446001,2.427200,23.024099,1.486000
5,1,122.233803,25.343597,2.821700,25.707800,2.478000
5,1,122.262196,28.393202,2.873900,28.375401,1.642100
5,1,122.284253,22.056401,2.557800,21.946100,2.034500
5,1,122.310509,26.256099,2.646000,26.215599,2.020600
5,1,122.332812,22.302900,2.697300,22.332001,1.630200
5,1,122.355775,22.963699,2.616300,23.159100,2.197900
5,1,122.381327,25.551502,2.290600,25.507900,1.953200
5,1,122.407207,25.880098,2.123100,25.717600,1.649400
5,1,122.433652,26.445102,2.438000,26.552799,1.841000
5,1,122.458047,24.395298,2.285200,24.154600,1.950800
5,1,122.482860,24.812400,2.631900,24.733200,2.144200
5,1,122.508416,25.555801,2.738800,25.030399,2.178900
5,1,122.531103,22.687599,4.100300,23.280500,2.390800
5,1,122.556451,25.348000,3.063900,25.365499,1.849300
5,1,122.584440,27.988702,3.027300,27.745100,2.128800
5,1,122.607403,22.963200,3.257600,23.284000,2.098600
5,1,122.633084,25.680497,2.666100,25.260201,1.884600
5,1,122.659086,26.001900,2.727400,26.426100,1.628900
5,1,122.683572,24.486803,2.505800,24.530500,2.035000
5,1,122.710152,26.579898,2.547700,26.223801,1.772400
5,1,122.734801,24.648800,2.856400,24.820400,1.596900
5,1,122.758681,23.880400,2.400200,23.903999,1.994800
5,1,122.784976,26.294399,2.411400,26.589100,1.874800
5,1,122.808770,23.793802,2.253300,23.742800,1.644200
5,1,122.833336,24.566799,2.165400,24.600401,2.048400
5,1,122.857952,24.615899,2.067800,24.291300,1.706600
5,1,122.881819,23.866903,2.417900,23.842699,1.597800
5,1,122.906933,25.114100,2.428500,25.231501,1.812600
5,1,122.931031,24.097897,2.383400,23.725599,1.717200
5,1,122.958674,27.642302,2.838800,27.565300,1.919500
5,1,122.985284,26.610497,2.999600,27.017900,1.809200
5,1,123.011175,25.891300,2.845700,25.572399,2.152000
5,1,123.034291,23.115300,2.731300,23.381001,1.946700
5,1,123.057367,23.076002,2.717200,23.262699,1.718700
5,1,123.083203,25.836401,2.573200,25.544600,1.976300
5,1,123.107820,24.617098,2.531300,24.852699,1.785900
5,1,123.133162,25.341302,2.354100,25.146000,1.390200
5,1,123.159006,25.844701,2.630700,25.792000,1.744900
5,1,123.187427,28.420899,2.814800,28.396400,1.775800
5,1,123.213288,25.861301,2.755800,25.643999,2.190400
5,1,123.236006,22.717800,3.153300,23.072800,1.793000
5,1,123.261321,25.315300,2.394800,25.324900,1.746800
5,1,123.285012,23.690701,2.378000,23.041500,1.648000
5,1,123.307844,22.832297,2.875100,23.167101,1.976000
5,1,123.334624,26.779603,2.871600,26.712099,1.953300
5,1,123.357650,23.025699,2.823000,23.034800,1.547600
5,1,123.383263,25.613200,2.744900,25.730000,1.821100
5,1,123.406134,22.871401,2.710900,22.895000,1.971400
5,1,123.429257,23.122199,2.576100,23.326900,1.977600
5,1,123.457107,27.850799,2.525300,27.662701,1.685100
5,1,123.482103,24.995301,2.557000,24.939899,2.001400
5,1,123.507827,25.724098,2.395800,25.217400,2.033300
5,1,123.531952,24.125103,3.171500,24.810699,1.963700
5,1,123.555093,23.141298,2.589600,22.808300,1.812900
5,1,123.579972,24.878900,2.759500,25.030500,1.918900
5,1,123.602957,22.985000,2.525800,22.838200,2.087500
5,1,123.625757,22.799600,2.635300,23.044399,2.042700
5,1,123.653579,27.821898,2.266400,27.654499,1.689900
5,1,123.681046,27.467802,2.534600,27.188499,1.732400
5,1,123.705717,24.670400,2.783100,24.724100,1.501500
5,1,123.731087,25.370598,2.732200,25.278299,1.820700
5,1,123.754363,23.275800,2.706000,23.868401,1.563200
5,1,123.779972,25.608901,2.297900,25.283199,2.056800
5,1,123.803051,23.078799,2.605300,23.273100,1.670300
5,1,123.826141,23.090299,2.179000,22.742201,1.567400
5,1,123.851560,25.418703,2.346700,25.568199,1.564700
5,1,123.877696,26.135698,2.306300,25.796900,1.636900
5,1,123.901190,23.494300,2.785700,23.511400,2.644900
5,1,123.925250,24.059903,2.989000,24.062401,1.837600
5,1,123.950406,25.156099,2.950900,25.450399,1.729100
5,1,123.976986,26.580598,2.706200,26.784401,1.832800
5,1,124.004304,27.318001,2.528600,27.350100,1.779900
5,1,124.030381,26.076403,2.172500,25.516300,1.542600
5,1,124.057018,26.636798,2.581200,26.902901,1.440100
5,1,124.080647,23.629300,2.450200,23.265499,1.594500
5,1,124.105589,24.941899,2.783700,25.204800,1.784800
5,1,124.131369,25.779899,2.577200,25.733900,1.561400
5,1,124.153529,22.160701,2.464800,22.452600,1.720200
5,1,124.181238,27.708601,2.236600,27.270201,1.768500
5,1,124.204446,23.207501,2.691600,23.603600,1.564800
5,1,124.229466,25.020700,2.320300,24.902000,1.707500
5,1,124.255093,25.627099,2.554700,25.397800,1.617000
5,1,124.279972,24.878301,2.605300,24.239000,1.746800
5,1,124.302991,23.018900,3.498900,23.544901,1.701900
5,1,124.327087,24.096798,2.845500,23.958700,1.735900
5,1,124.351660,24.573002,2.855900,25.028700,1.723500
5,1,124.377373,25.713097,2.374600,25.343901,1.653200
5,1,124.400307,22.933900,2.946200,23.202801,1.822300
5,1,124.423323,23.015600,2.697100,23.031799,1.909100
5,1,124.449640,26.316803,2.396600,25.644400,1.677800
5,1,124.472260,22.620697,2.868000,23.217300,2.123200
5,1,124.497124,24.863902,2.561500,24.889299,1.726900
5,1,124.518355,21.230999,2.406100,21.061001,1.953700
5,1,124.544569,26.214000,2.612100,26.489599,1.743900
5,1,124.569570,25.000598,2.403900,24.736799,1.760600
5,1,124.592381,22.810902,2.656700,22.918301,1.671100
5,1,124.617661,25.279798,2.723100,25.218901,2.108600
5,1,124.642177,24.516203,2.572100,24.736000,2.142500
5,1,124.666904,24.727598,2.296900,24.357500,1.572200
5,1,124.690145,23.240801,2.557000,23.257900,1.654500
5,1,124.715092,24.946399,2.463500,25.243200,1.816800
5,1,124.742159,27.067203,2.192600,26.569401,1.962200
5,1,124.770921,28.762098,3.096800,28.836100,1.815400
5,1,124.795622,24.701398,3.078800,24.838800,2.177200
5,1,124.818467,22.845000,2.961900,22.514400,1.824800
5,1,124.843542,25.075100,2.974200,25.206600,1.854800
5,1,124.871281,27.738702,2.732200,28.093000,1.540800
5,1,124.894031,22.749498,2.203500,22.620199,1.944300
5,1,124.921917,27.886003,2.209900,27.556499,1.526700
5,1,124.948414,26.497196,2.650200,26.869301,1.574000
5,1,124.974466,26.052203,2.130100,25.685301,1.792400
5,1,124.996965,22.499200,2.603000,22.686001,1.910200
5,1,125.023748,26.782498,2.498200,26.601299,1.728200
5,1,125.048170,24.422001,2.743600,24.442801,3.119500
5,1,125.071589,23.419499,3.002400,23.136600,1.914100
5,1,125.095997,24.408199,2.897000,24.838699,1.846100
5,1,125.120184,24.186403,2.615400,24.358999,1.755900
5,1,125.143970,23.786500,2.504500,23.461399,1.663900
5,1,125.169225,25.254499,2.700800,25.208300,1.864700
5,1,125.193887,24.662100,2.614700,25.089399,1.302800
5,1,125.217223,23.335699,2.075200,23.137800,1.543200
6,1,142.782495,23.406301,2.878500,23.585899,2.426100
6,1,142.805998,23.503002,2.730300,23.651600,1.887400
6,1,142.829014,23.015998,2.676000,22.775600,1.897700
6,1,142.852762,23.748301,2.897000,23.883101,2.190100
6,1,142.875463,22.700999,2.597900,22.826099,1.780600
6,1,142.901085,25.621999,2.236700,25.642700,1.851300
6,1,142.926147,25.061499,2.551200,24.790300,2.069600
6,1,142.952996,26.849702,2.641500,27.183901,1.576500
6,1,142.978104,25.107998,2.242900,25.066900,1.585200
6,1,143.001654,23.549702,2.302200,23.515900,1.678600
6,1,143.028433,26.778799,2.506400,26.583900,1.783400
6,1,143.052235,23.801800,2.827100,23.645399,1.651000
6,1,143.075104,22.868901,2.701400,23.251900,1.763500
6,1,143.098944,23.840200,2.317900,23.427299,2.111800
6,1,143.125009,26.065100,2.716000,26.095800,1.928600
6,1,143.151484,26.475199,2.982800,26.611700,2.454600
6,1,143.174739,23.255102,3.346200,23.131300,2.152800
6,1,143.202027,27.287398,2.895000,26.972300,2.666900
6,1,143.226247,24.220601,3.910600,24.640800,2.150300
6,1,143.252038,25.791001,2.706800,25.685101,1.627200
6,1,143.274931,22.893198,2.576300,23.050600,1.591000
6,1,143.301965,27.033601,2.224700,26.704399,1.650700
6,1,143.324547,22.581901,2.695600,23.017000,1.539200
6,1,143.348940,24.393100,2.298100,23.724899,1.624900
6,1,143.373963,25.023200,3.131800,25.672100,1.606400
6,1,143.399935,25.972299,2.994900,25.746401,1.756200
6,1,143.422785,22.849701,2.439600,22.754101,1.600100
6,1,143.446124,23.338899,2.527100,23.393400,1.366200
6,1,143.469584,23.460299,2.541900,23.407301,1.530500
6,1,143.492379,22.794500,2.517900,22.844000,1.904900
6,1,143.515375,22.995800,2.441200,22.905800,1.918100
6,1,143.538877,23.502402,2.526000,23.622101,1.780700
6,1,143.562227,23.349401,2.536200,23.007200,1.855900
6,1,143.585580,23.353100,2.805200,23.558399,1.576700
6,1,143.610402,24.822399,2.479000,25.237801,1.843700
6,1,143.635612,25.209598,2.149600,25.049801,1.566500
6,1,143.659020,23.408201,2.222700,23.233000,1.694600
6,1,143.682065,23.045000,2.877400,23.178101,1.762500
6,1,143.707786,25.721103,2.337300,25.214399,1.533200
6,1,143.730475,22.688899,3.156800,23.174700,1.848500
6,1,143.754464,23.988999,2.301200,23.710800,1.621500
6,1,143.780024,25.559701,2.679700,25.431999,1.810000
6,1,143.804344,24.320100,2.585200,24.741199,1.932200
6,1,143.829425,25.081601,2.204300,24.847799,2.008400
6,1,143.854885,25.459498,2.712000,25.239700,1.588900
6,1,143.880289,25.404200,2.690300,25.607300,1.614200
6,1,143.903888,23.598902,2.317300,23.041300,1.804900
6,1,143.926756,22.867899,3.038600,23.577200,1.708000
6,1,143.954515,27.759697,2.265900,27.576799,1.682300
6,1,143.977308,22.792701,2.472100,22.999300,1.696400
6,1,144.002863,25.554501,2.108100,25.475100,1.529900
6,1,144.028813,25.950000,2.407400,25.641399,1.614500
6,1,144.050806,21.993801,2.631500,22.342400,1.601700
6,1,144.074006,23.199599,2.209900,22.679100,1.644800
6,1,144.101131,27.125001,2.750000,27.567101,1.497200
6,1,144.127331,26.200000,2.249600,25.883400,2.011800
6,1,144.153010,25.678501,2.699300,25.978701,1.862200
6,1,144.178458,25.448799,2.436400,24.903500,1.968400
6,1,144.203982,25.523901,3.051300,25.891800,2.254800
6,1,144.229251,25.268797,2.882000,25.349701,1.980800
6,1,144.254917,25.665902,2.530400,25.469801,1.615400
6,1,144.279442,24.525300,2.619500,24.633400,1.732000
6,1,144.303786,24.344001,2.482800,23.921801,1.636800
6,1,144.332652,28.865501,3.052400,29.178801,2.136300
6,1,144.358271,25.619600,2.881900,25.705400,2.001900
6,1,144.385356,27.084697,2.993500,27.091900,1.921500
6,1,144.412592,27.235802,2.616300,27.309299,2.077900
6,1,144.437738,25.145799,2.609000,25.018400,2.196500
6,1,144.465198,27.460098,2.419500,27.248800,1.746500
6,1,144.488938,23.740601,3.112500,23.688200,1.729100
6,1,144.513906,24.967402,2.670500,25.415701,1.486800
6,1,144.539033,25.127400,2.263800,24.877800,1.635500
6,1,144.562494,23.460798,2.751900,22.894199,1.940800
6,1,144.585540,23.046400,3.310500,23.045500,1.823300
6,1,144.612063,26.523102,3.147800,25.763399,1.830500
6,1,144.636857,24.793398,4.053300,25.966900,2.144700
6,1,144.660007,23.149800,2.638400,22.916599,1.728400
6,1,144.684838,24.831600,2.786600,25.011600,1.992100
6,1,144.709927,25.088999,2.773400,24.972500,1.626900
6,1,144.735235,25.307402,2.865600,25.278299,2.280100
6,1,144.756988,21.752998,3.071600,22.101400,1.704100
6,1,144.780368,23.380000,2.649200,23.359301,1.444500
6,1,144.803395,23.027301,2.643400,23.170099,1.603800
6,1,144.829221,25.825702,2.516700,25.343599,1.939500
6,1,144.852640,23.419499,3.262700,23.530800,1.653900
6,1,144.880227,27.587198,2.404100,27.650700,2.108400
6,1,144.904767,24.540100,2.519500,24.873100,1.698800
6,1,144.929928,25.160901,2.054000,24.737000,1.814100
6,1,144.954717,24.788301,2.757500,24.663000,2.379600
6,1,144.978193,23.476299,3.018400,23.425100,2.128800
6,1,145.002833,24.640001,3.134200,24.634800,2.558900
6,1,145.029673,26.840098,3.598100,27.065100,1.668500
6,1,145.054351,24.678301,2.591100,24.632200,1.658100
6,1,145.078092,23.740601,2.720100,23.777399,1.644700
6,1,145.104829,26.737399,2.499600,26.594700,1.586700
6,1,145.129476,24.647098,2.768200,24.846600,1.782800
6,1,145.153582,24.105899,2.735700,23.141399,1.848000
6,1,145.180892,27.309600,3.286000,27.782700,1.735400
6,1,145.205510,24.618100,2.747000,24.958700,1.511000
6,1,145.228318,22.808302,2.734100,22.950701,1.902500
6,1,145.251380,23.061801,2.420500,23.177299,1.819100
6,1,145.279999,28.618596,2.315400,28.644501,1.616900
6,1,145.305202,25.203001,2.305600,25.164101,1.778300
6,1,145.328208,23.006599,2.209500,22.911400,2.061600
6,1,145.352316,24.107501,2.595700,23.519600,1.922700
6,1,145.376866,24.550099,3.033200,25.182400,1.695200
6,1,145.403954,27.088203,2.105200,26.892799,1.806300
6,1,145.427174,23.219701,2.515200,23.410101,1.808400
6,1,145.450672,23.498200,2.105400,23.403400,1.673000
6,1,145.473480,22.807699,2.249200,22.948500,1.526900
6,1,145.496347,22.866901,2.155800,22.902100,1.818600
6,1,145.522899,26.552200,2.139300,25.879400,1.753500
6,1,145.547564,24.665698,2.783800,25.163099,2.155100
6,1,145.571519,23.954801,2.815200,23.614401,2.050900
6,1,145.593760,22.240497,2.842800,22.535999,1.806800
6,1,145.618665,24.905100,2.398600,24.389999,1.814500
6,1,145.641813,23.148600,2.950400,23.259800,2.248000
6,1,145.668747,26.933800,2.826900,26.594299,2.160800
6,1,145.693369,24.621300,3.544200,25.487101,2.194900
6,1,145.716685,23.316700,2.246100,23.169800,1.756900
6,1,145.741363,24.677999,2.888100,24.589800,1.702500
6,1,145.766245,24.881300,2.363400,24.644699,1.638200
6,1,145.789360,23.115400,2.622200,23.445900,1.438400
6,1,145.813618,24.258003,2.245000,23.747299,1.736900
6,1,145.839116,25.497798,3.008400,24.775600,1.887100
6,1,145.862587,23.471300,4.337100,24.403400,2.052700
6,1,145.890171,27.584203,3.213500,27.623400,1.729900
6,1,145.913124,22.952300,2.297500,23.173901,1.752400
6,1,145.938435,25.311898,2.019700,25.225599,1.599500
6,1,145.963041,24.605602,2.235000,24.690001,1.746200
6,1,145.988591,25.549699,2.333100,25.410801,1.872600
6,1,146.011542,22.951100,2.793700,22.653900,1.647100
6,1,146.040399,28.856799,3.081200,29.061600,1.872900
6,1,146.067279,26.880100,2.485500,27.035400,1.884600
6,1,146.091070,23.791600,2.417800,23.529600,1.740400
6,1,146.118181,27.110901,2.847500,26.950199,1.671600
6,1,146.144752,26.570600,2.686300,26.521999,2.565100
6,1,146.170160,25.408302,2.858800,25.493799,2.217900
6,1,146.192687,22.527099,2.626700,22.605200,2.503700
6,1,146.217197,24.510100,2.618100,24.889000,1.544900
6,1,146.241053,23.855899,2.089400,23.460699,1.647700
6,1,146.265797,24.743702,2.568700,25.035101,1.551200
6,1,146.291031,25.233798,2.602700,25.342300,1.451100
6,1,146.314725,23.694500,1.907700,23.344400,2.119000
6,1,146.337419,22.693202,2.423300,22.872200,1.613100
6,1,146.362790,25.371000,2.241200,25.246300,1.986300
6,1,146.386032,23.242798,2.407900,23.299601,1.945400
6,1,146.411222,25.189400,2.591300,24.851801,1.613900
6,1,146.434480,23.258802,2.665300,23.253500,1.572700
6,1,146.461857,27.376298,2.770500,27.285101,1.809700
6,1,146.486793,24.936102,3.078700,25.389900,1.854300
6,1,146.511840,25.047101,2.167400,24.809099,1.911800
6,1,146.536554,24.714399,2.736300,25.068899,1.964100
6,1,146.561763,25.208998,2.183400,24.868000,1.902300
6,1,146.586506,24.742801,2.401800,25.094500,1.492500
6,1,146.611718,25.212299,1.983200,25.067400,1.939900
6,1,146.635544,23.825500,2.233000,23.387600,1.935900
6,1,146.660081,24.537001,2.673300,24.873899,1.680500
6,1,146.683905,23.823898,2.673700,23.511400,1.861200
6,1,146.710670,26.765402,2.934700,26.762100,2.131300
6,1,146.735287,24.617199,3.005600,24.811399,1.940700
6,1,146.759056,23.768499,2.419200,23.412201,1.731900
6,1,146.783246,24.189800,2.870500,24.482201,1.738500
6,1,146.807275,24.029300,2.517600,23.777901,1.421300
6,1,146.830672,23.397300,2.788500,22.939100,1.827400
6,1,146.855498,24.825200,3.702900,25.001499,1.787300
6,1,146.881666,26.168600,2.909000,26.972900,1.624100
6,1,146.904086,22.419900,2.337000,22.239599,1.638000
6,1,146.927603,23.517203,2.391700,23.440201,1.634400
6,1,146.953343,25.739297,2.185000,25.598301,1.688500
6,1,146.977752,24.409801,2.631900,24.420700,1.532700
6,1,147.001014,23.262002,2.620900,23.285801,1.714400
6,1,147.026770,25.755499,2.683300,25.512100,1.755700
6,1,147.052234,25.464199,3.883000,25.485500,2.376500
6,1,147.078848,26.613802,2.883600,26.666201,1.837300
6,1,147.102032,23.184501,2.575700,23.178101,1.799600
6,1,147.127657,25.624398,2.824300,25.386900,1.628800
6,1,147.152617,24.960000,2.982000,25.142599,1.957800
6,1,147.178508,25.891501,2.863500,25.245300,1.784200
6,1,147.200758,22.249300,3.535600,22.745399,2.080500
6,1,147.224963,24.205398,3.168400,24.833900,1.736600
6,1,147.253475,28.512202,2.199000,27.422100,1.532100
6,1,147.278501,25.025599,3.379300,25.670700,1.813700
6,1,147.304017,25.516499,2.500800,25.338499,2.477200
6,1,147.330748,26.730802,3.084400,27.266500,1.900400
6,1,147.355668,24.920300,2.134200,24.759001,2.202700
6,1,147.380633,24.964798,2.530700,24.746799,1.661900
6,1,147.404632,23.999203,2.923500,24.162001,1.900500
6,1,147.429384,24.751600,2.367500,24.541000,1.693000
6,1,147.453152,23.767900,2.469700,23.414900,1.961300
6,1,147.479827,26.675399,3.002800,27.317900,1.645200
6,1,147.507740,27.912300,2.501600,27.806000,1.753900
6,1,147.533259,25.519099,2.627500,25.750999,1.819700
6,1,147.558372,25.113501,2.216700,24.820601,1.994800
6,1,147.581604,23.231998,2.495800,23.433901,1.479800
6,1,147.607856,26.251402,2.218200,25.899900,2.012400
6,1,147.633017,25.160901,2.656900,25.125200,1.563200
6,1,147.658184,25.167398,2.626700,25.308300,1.589000
6,1,147.683667,25.483198,2.972100,25.366100,1.979400
6,1,147.708436,24.768602,2.599900,24.869400,1.910700
6,1,147.733221,24.784900,2.429800,24.971800,1.762700
6,1,147.758182,24.961699,2.031000,25.065500,1.860300
6,1,147.783757,25.575101,2.027700,25.220800,1.633600
6,1,147.809657,25.899600,2.384800,25.955601,1.990000
6,1,147.834618,24.960797,2.713000,25.218399,2.242100
6,1,147.860096,25.478303,2.657400,25.064899,1.719700
6,1,147.885543,25.446899,2.706400,25.739401,2.242700
6,1,147.908378,22.835299,2.352300,22.560499,2.095300
6,1,147.932427,24.048500,2.369400,24.122200,1.980600
6,1,147.956395,23.968600,2.309200,24.046700,2.132000
6,1,147.981143,24.747502,2.332000,24.929199,1.895900
6,1,148.005005,23.861997,2.133900,23.539900,1.562500
6,1,148.030064,25.059201,2.423600,25.368099,1.505400
6,1,148.053714,23.650300,2.081600,23.445601,1.820400
6,1,148.080924,27.209301,2.686300,27.104500,1.747300
6,1,148.103915,22.991300,2.358700,22.899599,1.584100
6,1,148.127670,23.755301,2.544000,23.666700,1.621100
6,1,148.153128,25.457900,2.642300,25.044901,1.907600
6,1,148.178063,24.934899,3.134400,25.356501,2.108100
6,1,148.205284,27.220599,3.133200,27.703100,2.030200
6,1,148.229048,23.764301,2.008500,23.680500,1.669200
6,1,148.256481,27.432699,2.042500,27.232800,1.601300
6,1,148.280290,23.809802,2.315500,23.595600,1.847900
6,1,148.305584,25.293101,2.557500,25.667601,1.567600
6,1,148.331022,25.438897,2.287000,25.239100,1.969100
6,1,148.356305,25.282502,2.353000,25.090599,1.996900
6,1,148.379604,23.298699,2.529300,23.679001,1.374200
6,1,148.405505,25.900900,2.186800,25.605000,1.675900
6,1,148.431283,25.778800,2.441300,25.763201,1.707200
6,1,148.459134,27.850199,2.505800,27.592899,1.593100
6,1,148.484679,25.545802,2.906800,25.859699,2.354100
6,1,148.510210,25.531098,2.809900,25.171600,2.157900
6,1,148.532991,22.780601,3.145800,23.141701,2.213300
6,1,148.556008,23.017399,2.653900,23.087099,1.920200
6,1,148.579335,23.326300,2.310000,23.075899,1.572500
6,1,148.602586,23.251601,2.825100,23.294701,1.565300
6,1,148.628109,25.522798,2.710800,25.290701,1.374300
6,1,148.651489,23.379501,2.649100,23.451300,1.786500
6,1,148.677254,25.765400,2.550500,25.496901,1.730500
6,1,148.699656,22.402398,3.113600,22.967899,1.807900
6,1,148.723848,24.191100,2.339300,23.555401,1.694600
6,1,148.748790,24.942603,3.082900,25.203600,1.959600
6,1,148.773251,24.460599,3.021800,24.799200,2.243500
6,1,148.796817,23.566399,2.377300,23.684500,2.031000
6,1,148.822417,25.600299,2.175700,25.063200,1.656100
6,1,148.847252,24.834402,2.907900,24.990900,1.896900
6,1,148.870555,23.303099,2.863400,23.380600,1.651200
6,1,148.895867,25.311802,2.572900,25.528700,1.991300
6,1,148.922831,26.964400,2.383400,26.863300,1.698200
6,1,148.946274,23.442797,2.216300,22.983999,1.628700
6,1,148.969848,23.573603,3.179500,23.701000,1.791200
6,1,148.993223,23.375597,2.688400,23.364100,1.835900
6,1,149.018556,25.332402,2.716400,25.384899,2.109900
6,1,149.044218,25.662899,2.832300,25.458300,1.456900
6,1,149.067090,22.871502,2.671800,23.263500,1.755800
6,1,149.092670,25.579598,2.352900,24.938601,2.416400
6,1,149.115290,22.620600,3.166500,23.262501,2.233700
6,1,149.140676,25.385801,3.116100,25.341801,1.893400
6,1,149.166391,25.715198,2.420800,25.254801,2.079100
6,1,149.189278,22.887200,2.931000,22.859400,1.615800
6,1,149.212678,23.399901,2.759700,23.448299,1.739000
6,1,149.239403,26.724800,3.082800,27.019699,1.654800
6,1,149.267299,27.896401,2.752700,27.691900,1.801800
6,1,149.290724,23.424700,2.676400,23.235901,2.130900
6,1,149.315109,24.385199,3.029200,24.473101,1.729300
6,1,149.338375,23.266003,2.878000,23.104300,2.164300
6,1,149.361768,23.392998,3.144400,23.600800,2.013400
6,1,149.388556,26.787702,2.806900,26.673300,1.902500
6,1,149.415260,26.704300,2.827600,27.170099,1.855800
6,1,149.439521,24.261098,2.247500,23.880501,1.849500
6,1,149.466315,26.793800,2.601700,26.776199,1.842800
6,1,149.489561,23.245398,2.546800,23.307800,1.724400
6,1,149.515123,25.562201,2.573200,25.450500,1.420500
6,1,149.542591,27.467702,2.700300,27.531300,1.708700
6,1,149.565057,22.466000,2.550500,22.888300,1.574400
6,1,149.590093,25.036100,2.236700,24.733101,1.619800
6,1,149.614129,24.036799,2.389000,24.025999,1.723000
6,1,149.639406,25.276400,2.312600,24.624800,1.655800
6,1,149.662366,22.960201,4.077500,23.219101,2.159100
6,1,149.687784,25.417499,3.837800,25.788700,1.838600
6,1,149.711560,23.775902,2.447400,23.901800,2.304300
6,1,149.734690,23.130998,2.254800,23.035601,1.969200
6,1,149.760134,25.443502,2.409700,25.248899,1.529100
6,1,149.783368,23.234397,2.602200,23.126600,1.824700
6,1,149.807083,23.715001,2.715400,23.950300,1.675400
6,1,149.832042,24.958599,2.572500,24.435600,1.655000
6,1,149.855582,23.539901,3.261000,23.990900,1.844800
6,1,149.883645,28.063100,2.852400,28.328899,1.736500
6,1,149.909469,25.823601,2.168400,25.324301,2.013000
6,1,149.934006,24.537299,3.012600,24.726801,1.768400
6,1,149.959456,25.450200,2.478000,25.383200,1.589800
6,1,149.982956,23.499601,2.622200,23.494101,1.546300
6,1,150.010122,27.166400,2.486100,27.019899,1.725900
6,1,150.038190,28.068300,2.842400,28.134001,1.729400
6,1,150.062850,24.659801,3.102000,24.859400,1.886400
6,1,150.089736,26.886098,2.257900,26.944401,1.446900
6,1,150.114837,25.100701,2.177300,25.201300,1.794300
6,1,150.140382,25.544800,2.036300,25.041901,1.508600
6,1,150.163819,23.437202,2.550300,23.524099,1.541300
6,1,150.188704,24.885397,2.503900,24.878300,1.735900
6,1,150.212522,23.817901,3.209300,23.727699,1.643300
6,1,150.237017,24.495002,2.671100,24.865801,1.728100
6,1,150.261975,24.957299,2.244200,24.833500,2.002600
6,1,150.284819,22.844501,2.367700,22.768999,2.446800
6,1,150.308469,23.649998,2.735000,23.355101,2.213400
6,1,150.331586,23.116801,3.152900,23.333799,1.809700
6,1,150.356127,24.541199,2.587900,24.734200,1.879000
6,1,150.382099,25.972400,2.251900,25.268400,1.553200
6,1,150.404513,22.413902,3.190700,23.159000,1.937800
6,1,150.431978,27.465098,2.966700,27.060801,1.744100
6,1,150.459645,27.666103,2.624800,27.628799,1.855700
6,1,150.484489,24.844598,2.914100,24.965799,1.681200
6,1,150.511949,27.459402,3.068200,27.406200,1.913900
6,1,150.535768,23.819499,3.039700,23.754900,2.322900
6,1,150.560038,24.269901,2.813900,24.530399,1.940200
6,1,150.585617,25.579300,2.489600,25.481400,1.767000
6,1,150.608676,23.058798,2.391200,23.037399,1.552400
6,1,150.633511,24.834402,2.336200,25.104900,1.375700
6,1,150.656924,23.413397,2.085700,23.193300,1.447200
6,1,150.679887,22.963200,2.419000,23.185400,1.654400
6,1,150.703880,23.992702,2.243700,23.573999,1.772800
6,1,150.728244,24.364598,2.633100,24.213400,1.928800
6,1,150.752529,24.284802,2.817200,24.393101,1.845400
