Cycle,Round,WallSeconds,FrameMS,GameBusyMS,RenderBusyMS,RHIBusyMS
1,1,31.345338,22.598203,2.551900,22.550900,1.615900
1,1,31.368096,22.758599,2.594400,22.960600,1.671100
1,1,31.391230,23.133598,2.345900,23.077700,1.888700
1,1,31.414597,23.366999,2.493100,23.108200,1.842200
1,1,31.437888,23.290802,2.831600,23.524599,1.745200
1,1,31.460927,23.039900,2.347300,22.814600,1.694800
1,1,31.484396,23.468900,2.772900,23.450600,1.833400
1,1,31.509260,24.863500,2.556000,24.326401,1.685600
1,1,31.534182,24.922501,3.456900,25.203300,1.824600
1,1,31.557016,22.833999,3.494000,22.867201,1.938100
1,1,31.580211,23.194999,2.643900,23.514400,1.832200
1,1,31.605111,24.899501,2.276400,24.485001,1.891600
1,1,31.626500,21.388698,2.754200,21.286501,1.543100
1,1,31.648437,21.937001,3.103600,22.450701,1.542800
1,1,31.670391,21.954898,3.173200,21.441700,1.727900
1,1,31.695111,24.719901,3.412600,24.832001,1.667700
1,1,31.718304,23.192901,3.094200,22.793301,1.462800
1,1,31.739381,21.077000,3.324700,21.364500,1.626700
1,1,31.762183,22.801701,3.041100,23.141199,1.634600
1,1,31.783621,21.437898,2.734000,21.483801,1.478700
1,1,31.806763,23.142099,2.804000,23.157900,1.746400
1,1,31.828045,21.281902,2.716000,20.905100,1.760700
1,1,31.849183,21.138299,3.037500,20.987900,1.754800
1,1,31.872459,23.276098,3.170800,23.450600,2.240300
1,1,31.895306,22.847202,3.049300,22.952400,1.808900
1,1,31.920136,24.829298,3.406700,24.851999,1.827100
1,1,31.945549,25.412802,2.744900,24.963499,1.897900
1,1,31.970418,24.869900,3.030300,25.131599,1.916500
1,1,31.994785,24.366900,3.374000,24.327200,1.754100
1,1,32.020799,26.014198,2.738800,24.911301,1.831100
1,1,32.044542,23.742903,3.966500,24.804701,2.127200
1,1,32.069699,25.156599,2.903000,25.129499,1.626800
1,1,32.094413,24.714399,3.355400,25.154200,1.710000
1,1,32.121831,27.417101,2.525500,26.886700,2.157100
1,1,32.146738,24.907000,3.227000,24.494400,1.936400
1,1,32.172045,25.307998,3.843200,25.465300,2.340900
1,1,32.194994,22.948701,3.947800,22.860600,2.272200
1,1,32.219734,24.739999,4.202600,24.233101,1.711400
1,1,32.242067,22.332501,3.924800,23.572500,2.374900
1,1,32.264421,22.354301,2.384900,22.286400,1.832200
1,1,32.287887,23.466401,2.666600,23.123199,1.904200
1,1,32.310373,22.485800,2.766400,22.977900,1.799400
1,1,32.333579,23.206297,2.421000,23.074900,1.894900
1,1,32.356541,22.961903,2.516000,22.620199,2.258900
1,1,32.379958,23.416799,3.023600,23.509899,1.715500
1,1,32.402676,22.717301,2.680700,22.782600,1.637700
1,1,32.425260,22.584900,2.560100,22.637300,1.957100
1,1,32.448792,23.531698,2.373300,23.108700,1.877200
1,1,32.469945,21.152701,3.181100,21.155800,2.357400
1,1,32.492570,22.625498,3.134100,22.912500,1.771400
1,1,32.522696,30.125502,2.910000,29.639000,1.611500
1,1,32.545518,22.822097,4.234900,22.621500,2.242800
1,1,32.570552,25.034301,3.726400,25.181601,2.079300
1,1,32.594699,24.147000,3.679300,24.446600,1.913100
1,1,32.621301,26.601702,2.959600,26.883600,1.806500
1,1,32.647940,26.639000,2.750600,26.228600,1.894600
1,1,32.675135,27.194899,3.612600,27.578600,1.691100
1,1,32.702442,27.307201,2.839400,26.791000,1.970600
1,1,32.735150,32.708298,3.307800,32.580502,1.945100
1,1,32.760526,25.375802,3.404400,26.013700,1.722100
1,1,32.782352,21.825697,2.741000,21.265400,1.747100
1,1,32.802844,20.492502,3.469700,20.867901,1.802700
1,1,32.827875,25.031000,2.704100,24.481800,1.888500
1,1,32.855924,28.048500,3.579800,28.703400,1.882700
1,1,32.886764,30.839801,2.800600,30.439301,2.024000
1,1,32.917157,30.392997,3.644600,30.451799,1.988900
1,1,32.942945,25.788102,3.613400,26.081301,2.082200
1,1,32.970308,27.363598,2.737700,26.790300,1.937700
1,1,32.995326,25.017302,3.349700,25.361500,2.112300
1,1,33.018726,23.400400,3.106800,23.587200,1.740600
1,1,33.044852,26.125997,3.349600,25.577600,2.242200
1,1,33.071643,26.790902,3.638700,27.041300,2.201500
1,1,33.096257,24.613701,3.413900,24.790199,1.730700
1,1,33.119462,23.205597,2.720300,22.820101,1.997600
1,1,33.143185,23.723003,3.268400,23.830500,1.819400
1,1,33.165791,22.605699,3.109100,22.526400,1.568400
1,1,33.187812,22.021599,3.228900,21.644600,1.786500
1,1,33.215196,27.383700,3.493800,27.835300,1.840800
1,1,33.239126,23.929302,3.069400,24.220600,1.924500
1,1,33.261009,21.883298,2.594600,21.535500,1.456000
1,1,33.285715,24.706002,3.693000,25.007401,1.843600
1,1,33.312097,26.382398,3.026600,25.283001,2.005200
1,1,33.339433,27.335703,4.134700,27.698900,2.148300
1,1,33.363455,24.022300,4.455600,24.466700,2.019500
1,1,33.386563,23.107298,2.904900,23.320999,1.930900
1,1,33.410078,23.515202,2.797000,23.434401,1.805500
1,1,33.433889,23.811400,2.842300,23.435200,2.270300
1,1,33.458382,24.492800,3.243500,24.565701,2.659600
1,1,33.481348,22.965699,3.552700,23.277901,2.013200
1,1,33.511564,30.216098,2.993500,29.927999,2.024000
1,1,33.541495,29.931001,3.336000,29.791700,2.076900
1,1,33.568224,26.729301,3.299400,26.665400,2.051200
1,1,33.598728,30.504100,3.414700,30.634300,2.194200
1,1,33.627567,28.839000,4.034200,28.966499,2.049900
1,1,33.652121,24.554301,3.315000,24.685200,2.215100
1,1,33.675227,23.105197,3.345200,23.411301,1.989700
1,1,33.697999,22.772800,2.712400,22.682100,2.076700
1,1,33.721189,23.189601,2.540800,22.948900,1.855000
1,1,33.743286,22.096701,3.417000,21.554501,2.048600
1,1,33.766008,22.722401,3.309400,23.055799,1.860200
1,1,33.794733,28.724499,2.887400,28.636299,1.715300
1,1,33.824232,29.499002,3.237200,29.684999,2.111500
1,1,33.847844,23.612197,2.996600,23.353500,1.816900
1,1,33.872258,24.414200,3.179600,25.058300,1.778200
1,1,33.896106,23.848001,2.434300,23.302099,1.806500
1,1,33.920916,24.810199,3.040900,24.819099,1.698300
1,1,33.943898,22.981901,2.874100,23.298599,1.686700
1,1,33.967565,23.667101,2.818200,23.260000,2.104200
1,1,33.993213,25.647998,3.196800,25.367399,2.023000
1,1,34.020037,26.823401,3.913500,27.046600,1.771800
1,1,34.042552,22.514902,3.278300,22.867800,1.804300
1,1,34.067987,25.435597,2.768400,25.475500,1.868100
1,1,34.088785,20.798203,2.667800,20.539301,1.730200
1,1,34.115892,27.106699,3.442100,27.088499,2.345300
1,1,34.139410,23.518302,3.489700,23.597000,2.003600
1,1,34.162456,23.045298,3.104800,23.285801,2.323500
1,1,34.188235,25.779400,2.642100,25.449100,1.812600
1,1,34.211506,23.271400,3.275800,22.980600,2.117100
1,1,34.237432,25.925100,3.827300,25.931900,2.490700
1,1,34.259606,22.174101,3.675800,22.511400,2.230800
1,1,34.287208,27.601998,2.911200,27.459400,1.899300
1,1,34.312249,25.040902,2.888200,24.999500,1.860700
1,1,34.335781,23.532398,2.861500,23.354099,1.591600
1,1,34.356639,20.858001,2.980400,21.470900,1.656100
1,1,34.379805,23.166299,2.346400,23.111401,2.098300
1,1,34.403525,23.720000,2.602600,23.298500,1.823800
1,1,34.426822,23.297202,3.301000,23.374100,1.570300
1,1,34.451858,25.035698,2.882300,24.570101,1.732100
1,1,34.475561,23.703102,3.450800,23.491199,2.319600
1,1,34.500525,24.963398,3.722800,25.396400,1.804400
1,1,34.524115,23.590602,2.913900,23.557600,1.994200
1,1,34.544979,20.863898,2.970600,21.413601,2.097400
1,1,34.570718,25.739003,2.420400,25.368200,1.826900
1,1,34.594238,23.519900,2.820200,23.659401,1.887800
1,1,34.616970,22.732399,2.644200,22.587700,1.730000
1,1,34.644856,27.885500,3.046500,27.546801,1.575500
1,1,34.669432,24.576399,3.240500,24.752800,1.681900
1,1,34.696156,26.723500,3.173400,26.016899,1.908600
1,1,34.717687,21.531001,3.816900,22.471500,2.181700
1,1,34.745623,27.936600,2.812900,28.036600,1.972100
1,1,34.771006,25.382400,2.482700,24.991501,1.662200
1,1,34.795475,24.468798,2.856900,24.973200,1.852000
1,1,34.821605,26.130099,2.525100,25.412100,1.966000
1,1,34.846064,24.459302,3.236300,24.670000,1.770100
1,1,34.869804,23.740001,2.981000,23.755600,1.544300
1,1,34.894397,24.592500,2.862900,24.772499,1.736600
1,1,34.917730,23.333497,2.648200,23.250601,1.590400
1,1,34.942033,24.303302,2.868700,23.424900,1.641100
1,1,34.968176,26.142199,3.543500,26.838600,1.720800
1,1,34.991939,23.763299,3.170500,23.566900,1.942800
1,1,35.018484,26.545502,3.436300,26.976400,1.672000
1,1,35.041579,23.094401,2.695900,23.146299,2.008700
1,1,35.065168,23.589198,2.503300,23.176500,2.288300
1,1,35.088359,23.191202,2.991200,23.219400,1.697300
1,1,35.113048,24.688996,3.001000,24.692699,1.776300
1,1,35.138670,25.621403,2.993900,25.478201,1.933700
1,1,35.158747,20.077199,3.199000,20.441099,2.375200
1,1,35.182104,23.357000,2.725200,23.001600,1.626400
1,1,35.206502,24.398699,3.239700,23.139900,1.613300
1,1,35.233094,26.591700,5.277100,27.823099,2.044900
1,1,35.261845,28.750900,4.067900,28.949499,1.868700
1,1,35.283686,21.840602,3.244100,21.779301,1.744200
1,1,35.306157,22.471000,3.128600,22.578800,1.871600
1,1,35.327897,21.740001,2.849600,21.363501,2.162600
1,1,35.349031,21.134797,3.662500,21.296400,1.459700
1,1,35.374005,24.973702,2.921400,24.783300,1.878500
1,1,35.396777,22.771798,2.970500,23.229900,1.511000
1,1,35.420275,23.497902,2.575200,23.328899,1.829500
1,1,35.441823,21.548301,2.835500,21.357800,1.775800
1,1,35.464290,22.466399,2.910900,22.521601,1.915600
1,1,35.485425,21.135300,2.848300,21.448000,1.577700
1,1,35.508010,22.585399,2.634300,22.724899,1.794500
1,1,35.532492,24.482101,2.560100,23.297100,1.786800
1,1,35.559848,27.355500,3.500100,27.966200,1.832800
1,1,35.585798,25.950599,2.921800,26.295700,1.908200
1,1,35.609545,23.746099,2.930900,23.441500,1.721800
1,1,35.632192,22.647500,2.857800,23.102900,1.730900
1,1,35.656168,23.975801,2.697700,23.574600,2.080400
1,1,35.679497,23.329500,2.738200,23.455799,1.619500
1,1,35.702179,22.681501,2.599500,22.779699,1.770200
1,1,35.723701,21.522697,2.704800,21.365200,2.102200
1,1,35.747318,23.616102,3.115800,23.397900,2.430300
1,1,35.769854,22.536501,3.322700,22.781601,1.478200
1,1,35.794935,25.081098,2.761000,25.080200,1.705900
1,1,35.818992,24.057202,2.874100,23.999701,1.655200
1,1,35.841455,22.462800,2.778900,22.527201,1.649900
1,1,35.863836,22.380300,2.838700,22.489599,1.763800
1,1,35.886996,23.160297,2.610400,23.205299,2.067700
1,1,35.909842,22.845801,2.425100,22.886299,1.758200
1,1,35.931610,21.768801,2.408800,21.326300,1.586100
1,1,35.952247,20.636898,3.164500,20.793301,1.907200
1,1,35.973276,21.028303,2.714600,21.233999,2.079000
1,1,35.996172,22.896700,2.471700,22.715099,1.695100
1,1,36.017593,21.420699,2.701500,21.387800,1.560900
1,1,36.040771,23.178101,2.576900,22.806299,1.839200
1,1,36.062091,21.319501,3.058400,21.472000,1.890600
1,1,36.086911,24.820399,3.016100,24.421700,1.649900
1,1,36.112758,25.846802,3.174600,25.922199,1.624000
1,1,36.137481,24.723500,3.178900,25.242500,2.032500
1,1,36.161615,24.133600,2.701200,23.550900,1.609700
1,1,36.186177,24.562597,3.249500,24.757200,1.772400
1,1,36.209154,22.976302,3.147200,23.060301,1.737700
1,1,36.232359,23.204900,2.739500,23.130600,1.632400
1,1,36.257043,24.684697,3.281900,24.552500,1.884800
1,1,36.279989,22.945303,3.151800,23.203600,1.683200
1,1,36.302513,22.524297,2.830500,22.801399,1.859100
1,1,36.325589,23.075800,2.454200,23.131901,1.534000
1,1,36.349383,23.794200,2.482300,23.440800,1.815400
1,1,36.373105,23.721602,3.074000,23.230000,1.635400
1,1,36.395356,22.251599,3.999100,22.856001,2.187900
1,1,36.420663,25.306601,3.039700,25.340799,1.712600
1,1,36.446105,25.442600,3.401500,24.852600,1.695600
1,1,36.468606,22.500798,3.294900,22.488600,1.879000
1,1,36.491612,23.006100,3.305000,23.598301,1.653200
1,1,36.515232,23.619499,2.340100,23.447399,1.596800
1,1,36.537567,22.335302,2.844000,21.990601,1.594200
1,1,36.560237,22.670098,3.046000,22.976200,1.493100
1,1,36.581439,21.201801,3.161900,21.207399,1.482200
1,1,36.602911,21.472000,2.942300,21.283199,1.468400
1,1,36.626573,23.661502,2.760400,23.688101,1.583500
1,1,36.650725,24.152201,2.931900,24.388100,1.666800
1,1,36.676498,25.773499,2.825600,25.513599,1.995500
1,1,36.701151,24.653099,2.988400,24.268600,1.712300
1,1,36.722680,21.528799,3.868200,22.180799,2.136400
1,1,36.745491,22.811301,3.105800,22.865400,1.893100
1,1,36.768601,23.109302,2.708100,22.712900,1.759300
1,1,36.792021,23.420598,2.902500,23.383699,1.692800
1,1,36.813379,21.357398,3.670300,21.265400,1.725500
1,1,36.838516,25.137100,3.098800,25.561100,1.532700
1,1,36.866480,27.963903,2.687000,27.369801,2.333600
1,1,36.895092,28.611999,3.680500,28.279301,2.133200
1,1,36.926260,31.167999,3.983100,31.663300,2.574100
1,1,36.951669,25.409400,3.140500,25.758699,1.751200
1,1,36.980001,28.332099,2.826100,27.813101,2.076700
1,1,37.002454,22.452500,3.238700,23.029301,2.071400
1,1,37.025428,22.974603,2.519400,22.510700,1.670900
1,1,37.047934,22.505198,3.043100,22.566401,1.617000
1,1,37.069998,22.064101,2.994500,21.486500,1.682100
1,1,37.092984,22.986598,3.632200,23.726400,2.379500
1,1,37.118982,25.997501,2.943700,25.323900,2.225600
1,1,37.146190,27.208701,4.175700,27.983101,2.468600
1,1,37.170030,23.839101,3.319300,23.510201,1.950000
1,1,37.193547,23.516998,2.950600,23.398100,1.970900
1,1,37.217217,23.670699,3.339300,23.373400,2.076000
1,1,37.243536,26.319202,3.931200,26.783701,3.115500
1,1,37.268321,24.784099,3.439300,25.091999,1.889500
1,1,37.291553,23.232099,2.521700,22.812300,1.550900
1,1,37.315896,24.343003,2.957900,23.629000,2.010900
1,1,37.340352,24.456799,3.548500,24.802000,2.122700
1,1,37.367298,26.945300,3.455300,27.630501,2.083300
1,1,37.392839,25.541600,2.729200,25.366301,1.767500
1,1,37.416053,23.214001,2.939200,23.205299,1.698800
1,1,37.442299,26.245300,3.010100,25.528299,1.882800
1,1,37.467534,25.235798,3.481000,25.431900,1.966100
1,1,37.496530,28.996099,3.977200,29.129601,1.863700
1,1,37.521225,24.694700,3.710300,24.987900,2.205700
1,1,37.546194,24.968904,2.617600,24.697701,1.783800
1,1,37.571153,24.958998,2.996100,25.034599,1.628400
1,1,37.595986,24.832502,2.966800,24.900700,1.656200
1,1,37.622092,26.106600,2.971500,26.170200,1.735600
1,1,37.647192,25.100198,2.859400,25.217899,2.095200
1,1,37.674150,26.957203,3.205400,27.196699,1.968600
1,1,37.695645,21.495499,3.108200,21.351801,1.696300
1,1,37.718883,23.238100,2.565300,22.919901,2.007700
1,1,37.742300,23.416799,2.816700,23.159500,1.578600
1,1,37.765479,23.179300,3.121000,23.308599,1.597400
1,1,37.792083,26.603401,3.109300,26.937201,1.570700
1,1,37.815593,23.509800,2.568500,23.004900,1.612800
1,1,37.838183,22.590898,3.211100,23.122299,1.553000
1,1,37.864197,26.013300,2.687300,25.302299,1.747700
1,1,37.888578,24.381403,3.458900,24.447001,1.829700
1,1,37.913099,24.521001,3.176500,24.876801,1.838400
1,1,37.935468,22.368997,2.746400,22.764601,1.258400
1,1,37.957325,21.857299,2.381700,21.381500,1.729100
1,1,37.981557,24.232101,2.815100,24.530500,1.915100
1,1,38.004683,23.125499,2.554400,23.260599,1.924000
1,1,38.027980,23.296900,2.235800,22.880301,1.754700
1,1,38.049685,21.704603,2.744400,21.353901,1.488000
1,1,38.072615,22.930298,3.049100,23.378000,1.673800
1,1,38.097860,25.245499,3.001600,25.017099,1.809200
1,1,38.118788,20.927802,3.387300,20.825701,1.727800
1,1,38.142385,23.596998,3.566200,23.836800,1.765800
1,1,38.167855,25.469501,3.011500,25.019100,1.830800
1,1,38.190790,22.935301,3.315400,23.639700,2.004600
1,1,38.218347,27.557101,2.586100,27.292299,1.932100
1,1,38.241224,22.876598,2.968700,22.863100,1.809500
1,1,38.264436,23.212802,2.595200,23.388100,1.762200
1,1,38.289527,25.091000,2.587700,24.684601,2.085000
1,1,38.316933,27.405299,3.074500,27.539101,1.403000
1,1,38.344315,27.382400,2.857800,27.318800,1.608600
1,1,38.371301,26.985701,2.899000,26.948700,1.964600
1,1,38.394308,23.007300,2.927900,23.283199,1.857700
1,1,38.417486,23.178201,2.426400,23.013300,1.716100
1,1,38.442977,25.490999,2.682500,25.413700,1.833000
1,1,38.467401,24.423297,3.083100,24.680099,1.613200
1,1,38.490162,22.761501,2.775500,22.793600,1.621600
1,1,38.515546,25.384102,2.501400,25.018801,1.672100
1,1,38.537162,21.615896,3.570500,21.365299,1.934400
1,1,38.560318,23.155604,3.340500,22.984301,2.072700
1,1,38.588289,27.971700,3.780200,28.164101,1.921100
1,1,38.616428,28.138500,3.752500,28.132900,1.644600
1,1,38.643232,26.804198,3.800400,26.326900,2.065800
1,1,38.668027,24.794701,4.035100,25.708401,1.938100
1,1,38.696881,28.854601,3.380500,28.243299,1.856500
1,1,38.726649,29.767197,3.731800,29.688900,1.955900
1,1,38.751538,24.889402,4.509600,25.674601,1.671100
1,1,38.774562,23.023598,3.046800,23.000900,1.708500
1,1,38.796075,21.513201,2.566800,21.190001,1.484300
1,1,38.819107,23.032200,3.024800,23.124500,1.684000
1,1,38.840293,21.186002,2.710000,21.449600,1.514800
1,1,38.863706,23.413301,2.382200,23.087099,1.436500
1,1,38.885115,21.408398,2.874300,21.282200,1.551900
1,1,38.907834,22.719100,2.873100,22.971399,1.579700
1,1,38.931361,23.526900,2.615800,23.090700,1.699300
1,1,38.952721,21.360200,3.157500,21.549000,1.571000
1,1,38.977692,24.970703,3.063300,25.021601,1.578600
1,1,39.000482,22.790600,2.795000,22.664400,1.568500
1,1,39.025379,24.897199,3.121900,24.843901,1.912100
1,1,39.052766,27.386699,3.087700,27.711500,1.925700
1,1,39.078007,25.240701,3.211000,25.204901,2.073200
1,1,39.103583,25.575902,2.812500,25.185600,1.795000
1,1,39.127324,23.741700,3.120200,23.800900,2.062500
1,1,39.150547,23.222700,2.935200,23.498199,1.862000
1,1,39.173568,23.020800,2.706600,22.893000,2.071600
1,1,39.198379,24.811000,3.124800,24.890100,1.796500
1,1,39.227155,28.775599,2.782600,28.136700,1.942800
1,1,39.254264,27.109299,3.835200,27.207899,2.081100
1,1,39.276963,22.699300,3.472200,23.088400,2.053400
1,1,39.301556,24.593100,3.353200,24.469101,1.895200
2,1,57.095123,27.669702,3.268000,27.799700,1.819800
2,1,57.121839,26.716299,3.279400,26.252701,2.274500
2,1,57.150874,29.034700,3.394600,29.284700,2.047900
2,1,57.175974,25.100701,3.142300,25.567200,2.149700
2,1,57.202146,26.171397,2.612700,26.067200,1.851700
2,1,57.228154,26.007902,2.721100,25.632900,1.813500
2,1,57.256019,27.865198,3.229400,28.111401,1.448000
2,1,57.282157,26.138302,2.934000,26.198700,1.975100
2,1,57.309991,27.833801,2.714600,27.582800,1.879200
2,1,57.336516,26.525497,3.171300,26.286100,1.765300
2,1,57.370006,33.489402,3.784200,33.457500,2.026800
2,1,57.395235,25.229398,3.737200,25.327000,1.832800
2,1,57.423538,28.302602,3.697300,28.254200,2.584300
2,1,57.451881,28.343398,3.257800,28.730900,1.747400
2,1,57.477962,26.080899,2.975000,25.645000,1.861000
2,1,57.508896,30.934300,3.300300,30.854700,2.087700
2,1,57.537765,28.868400,3.447800,29.268900,1.996200
2,1,57.569901,32.136500,2.990900,32.063801,2.060100
2,1,57.598467,28.565302,3.780600,28.305700,2.148900
2,1,57.628634,30.166898,3.747800,30.291700,2.127100
2,1,57.661490,32.856002,3.683200,32.776901,1.680000
2,1,57.685550,24.060499,3.687500,24.082500,1.552300
2,1,57.708783,23.232799,3.073100,23.283600,1.564400
2,1,57.731128,22.344902,3.096600,22.707199,1.724700
2,1,57.754011,22.883598,2.688600,22.836500,1.582200
2,1,57.775234,21.222502,2.682100,21.428101,1.754600
2,1,57.797226,21.992199,2.374300,21.506500,1.851700
2,1,57.821046,23.819901,3.041000,24.323200,1.819000
2,1,57.842520,21.473698,2.358200,21.220900,1.413700
2,1,57.865889,23.369499,2.763100,23.058300,1.563000
2,1,57.889317,23.428101,2.940700,23.247801,1.733500
2,1,57.912672,23.355000,3.052200,23.323999,1.674500
2,1,57.936879,24.207100,3.170900,24.485800,1.754000
2,1,57.960070,23.191001,3.348300,23.148100,2.006300
2,1,57.983466,23.395501,3.563800,23.494400,1.565500
2,1,58.006466,22.999797,3.065000,22.731100,1.734100
2,1,58.026806,20.340402,3.197400,20.693001,1.503700
2,1,58.047808,21.001801,2.820500,21.083900,1.506800
2,1,58.071188,23.380499,2.591200,23.129999,1.429800
2,1,58.092147,20.958200,2.667300,21.115299,1.499000
2,1,58.117643,25.495999,2.756500,25.386600,1.829900
2,1,58.138476,20.833302,2.671700,21.147900,1.957100
2,1,58.161716,23.239799,2.540500,22.994400,1.638300
2,1,58.184869,23.153599,3.271600,23.083700,1.701300
2,1,58.208325,23.455899,3.035200,23.221800,1.539800
2,1,58.230937,22.611599,3.137000,22.729200,1.793600
2,1,58.258224,27.287602,2.853200,27.051901,1.525200
2,1,58.284864,26.639998,3.490100,26.940599,1.670300
2,1,58.309991,25.126603,2.704400,24.899700,1.891900
2,1,58.332227,22.236299,2.984600,22.761700,1.851800
2,1,58.356187,23.959599,2.322000,23.453800,1.719600
2,1,58.379497,23.309801,2.787000,23.344900,1.562400
2,1,58.402220,22.723600,2.834900,23.165899,1.437300
2,1,58.425703,23.482900,2.291000,23.104099,1.627600
2,1,58.448690,22.986799,2.847900,23.132099,2.194600
2,1,58.473557,24.866600,2.783300,24.496901,1.466600
2,1,58.497431,23.874100,3.193600,23.182400,2.455000
2,1,58.519602,22.170901,4.033500,23.195299,2.083900
2,1,58.546366,26.764698,3.318700,26.296600,1.810200
2,1,58.572214,25.847699,3.316100,25.845699,1.975200
2,1,58.597139,24.924602,3.436600,24.932899,1.766500
2,1,58.618708,21.569099,3.957800,21.387501,1.978100
2,1,58.642282,23.574498,3.738800,23.687700,1.800300
2,1,58.664777,22.495203,3.305600,23.052401,1.562500
2,1,58.686120,21.342698,2.581800,21.115999,1.647200
2,1,58.710939,24.818901,2.759000,24.777399,1.656200
2,1,58.733595,22.656199,3.272100,22.729099,1.479800
2,1,58.754148,20.552501,2.702600,20.812000,1.453100
2,1,58.777548,23.400199,2.490900,22.952999,1.456400
2,1,58.801261,23.712702,3.039000,23.650801,1.475100
2,1,58.821691,20.430300,2.899400,20.618601,1.719300
2,1,58.843078,21.386899,3.368300,21.424801,1.556000
2,1,58.869542,26.464600,2.783700,26.479200,1.787800
2,1,58.895927,26.385099,3.002000,25.423599,1.914800
2,1,58.919992,24.064802,3.778300,24.966000,1.922500
2,1,58.941376,21.383498,3.489500,21.478500,1.831100
2,1,58.964271,22.895399,2.666900,22.844601,2.001400
2,1,58.987286,23.015201,2.745600,22.856600,2.066200
2,1,59.009975,22.688501,2.923700,22.893200,1.853800
2,1,59.033947,23.972299,2.630000,23.590599,1.853000
2,1,59.059828,25.880501,3.083100,25.484800,2.264200
2,1,59.079208,19.380402,3.804700,19.932899,2.053000
2,1,59.105162,25.953699,2.971700,25.982500,2.801000
2,1,59.128622,23.460101,2.837100,23.001301,1.636100
2,1,59.154457,25.834899,3.149700,26.080900,1.673300
2,1,59.176650,22.193100,2.830700,22.351801,2.093800
2,1,59.200622,23.971900,2.755700,24.168400,1.708500
2,1,59.223626,23.003798,3.270100,22.453400,1.691400
2,1,59.244210,20.584501,3.370400,20.797400,1.974500
2,1,59.269121,24.910700,2.859400,24.876699,1.524200
2,1,59.288133,19.012600,2.907800,19.463400,1.688900
2,1,59.313603,25.469698,2.468700,25.085300,2.350500
2,1,59.340847,27.243502,2.990600,27.127100,1.534200
2,1,59.363353,22.506699,3.456900,23.065399,1.602700
2,1,59.387141,23.788001,2.164200,23.121201,1.577400
2,1,59.410381,23.239400,2.767900,23.594601,1.891100
2,1,59.438715,28.333798,2.667300,28.334600,1.749400
2,1,59.464023,25.308099,2.922100,25.294800,1.804600
2,1,59.486898,22.875402,2.646900,22.788099,1.901000
2,1,59.510860,23.962498,3.011000,23.608400,1.539200
2,1,59.535858,24.997100,3.131700,25.114000,1.795400
2,1,59.560993,25.135402,2.921400,25.435400,1.434300
2,1,59.582698,21.705400,2.905700,21.558500,1.564500
2,1,59.606610,23.911200,3.020700,23.641001,1.670700
2,1,59.630059,23.449399,3.544400,23.996300,1.630900
2,1,59.652800,22.741102,2.573400,22.778500,1.497100
2,1,59.676304,23.503698,2.451300,23.225800,1.425200
2,1,59.702026,25.722500,2.780500,25.532499,1.503200
2,1,59.724754,22.727899,3.156700,22.936800,1.494400
2,1,59.748298,23.544103,2.781300,23.474701,1.664300
2,1,59.774291,25.992900,2.830200,25.668800,1.521100
2,1,59.799629,25.337897,3.347900,25.543699,2.006100
2,1,59.827113,27.484000,2.991700,27.541901,1.699700
2,1,59.854996,27.882501,2.758700,27.715000,1.499000
2,1,59.877825,22.829399,2.964200,22.855801,1.804300
2,1,59.903425,25.599603,2.812500,25.467199,2.051600
2,1,59.924849,21.423999,3.620600,21.847500,2.104400
2,1,59.947021,22.172898,2.895800,22.217501,2.050400
2,1,59.968807,21.785401,2.724800,21.822901,2.399600
2,1,59.994915,26.107702,2.487100,25.410801,1.858800
2,1,60.024604,29.689196,3.659900,30.049801,1.735800
2,1,60.047551,22.947300,2.948500,22.826500,1.716400
2,1,60.072473,24.921902,2.947300,25.084999,1.482900
2,1,60.098308,25.834601,2.945200,25.167500,1.665100
2,1,60.123842,25.534000,3.847900,25.825399,1.744000
2,1,60.147240,23.398697,3.181900,23.758600,1.584200
2,1,60.170473,23.232702,2.884000,22.905300,2.231000
2,1,60.196168,25.694501,3.414600,25.662001,1.748800
2,1,60.219187,23.019496,3.361300,23.111200,2.049300
2,1,60.246867,27.680401,3.165200,27.907600,1.836900
2,1,60.273902,27.034700,3.178900,26.704500,1.906300
2,1,60.295762,21.859903,3.081400,22.357700,2.007600
2,1,60.319830,24.068397,2.618400,23.737700,1.778400
2,1,60.344958,25.127202,2.859700,25.077700,1.623900
2,1,60.367393,22.435199,2.871500,22.978600,1.447600
2,1,60.388821,21.427900,2.296400,21.288900,1.754000
2,1,60.413859,25.038201,2.441400,24.825600,1.972500
2,1,60.436501,22.642501,3.175600,22.792700,1.280500
2,1,60.459727,23.225900,2.500100,23.008801,2.061300
2,1,60.483584,23.856200,2.631900,23.707399,1.731100
2,1,60.506388,22.804797,2.454600,23.108101,1.540000
2,1,60.532309,25.921103,2.344600,25.764601,1.543800
2,1,60.557089,24.779897,2.739500,24.734400,1.675500
2,1,60.584272,27.182601,2.616500,25.836100,1.871300
2,1,60.609052,24.780501,4.127600,25.717100,1.884600
2,1,60.635186,26.133299,3.092700,26.557899,1.835000
2,1,60.656137,20.951401,2.793500,21.013300,1.951300
2,1,60.678732,22.594698,3.014100,22.627399,2.278200
2,1,60.705109,26.377000,2.905600,25.828600,1.449500
2,1,60.730036,24.927102,3.177600,25.135900,1.731400
2,1,60.752321,22.284899,3.368200,22.732700,2.338900
2,1,60.776548,24.227101,2.612500,24.047800,1.905600
2,1,60.800937,24.388701,2.772200,24.419100,1.843500
2,1,60.822893,21.955900,2.588900,21.656200,1.447300
2,1,60.846874,23.981798,2.949100,24.146099,1.932100
2,1,60.867487,20.612899,2.677800,20.851601,1.840200
2,1,60.889152,21.665201,2.420300,21.489901,1.987200
2,1,60.912167,23.014400,2.661400,22.860201,2.013900
2,1,60.937421,25.254101,2.893400,25.328899,1.715800
2,1,60.963392,25.970999,3.180100,26.165899,1.647400
2,1,60.984278,20.885702,2.320900,20.464001,1.585900
2,1,61.006914,22.636399,2.826900,23.061001,1.401500
2,1,61.030641,23.727201,2.299500,23.351200,1.585300
2,1,61.055853,25.212098,2.950900,25.236000,1.777100
2,1,61.080837,24.983801,2.802500,25.170200,1.858600
2,1,61.105691,24.854202,2.841600,24.548599,1.659600
2,1,61.129273,23.582097,2.858000,23.324600,2.007900
2,1,61.152337,23.063302,3.305000,23.327200,2.191100
2,1,61.175755,23.418300,2.987500,22.601999,1.561900
2,1,61.200237,24.482299,3.714200,24.747299,1.514700
2,1,61.223434,23.196302,3.507700,23.695400,1.941100
2,1,61.246549,23.115199,3.021500,23.235500,1.704600
2,1,61.271420,24.871200,2.977700,24.837999,2.029900
2,1,61.292773,21.353200,2.957100,21.027500,2.007500
2,1,61.314840,22.066899,3.229200,22.654600,1.863900
2,1,61.336644,21.803498,2.577000,21.382401,1.819700
2,1,61.358774,22.130601,2.836700,22.516701,1.533900
2,1,61.382518,23.743499,2.551800,23.185101,1.703100
2,1,61.405299,22.781800,3.063400,22.851500,1.416100
2,1,61.425852,20.552400,3.016500,21.120501,1.755900
2,1,61.449432,23.580201,2.474000,23.015200,1.673100
2,1,61.472502,23.069799,3.328100,23.532801,1.625700
2,1,61.495752,23.250300,2.522900,22.730400,1.713700
2,1,61.519418,23.665700,3.134800,24.048000,1.750100
2,1,61.543848,24.430498,2.827500,24.480700,1.720000
2,1,61.568634,24.785902,2.699300,24.490400,1.755600
2,1,61.594345,25.710501,3.397600,25.535400,1.940900
2,1,61.623350,29.005498,3.334900,29.245100,1.830000
2,1,61.646258,22.908002,2.939900,23.288300,1.473400
2,1,61.669836,23.577597,2.349700,23.058701,1.575400
2,1,61.691059,21.223001,2.928200,21.420401,1.828500
2,1,61.713764,22.704799,2.576300,22.844299,1.608400
2,1,61.737315,23.551501,2.518000,22.797100,1.673400
2,1,61.758165,20.849500,3.329300,21.167200,1.689400
2,1,61.779369,21.203902,3.063000,21.291000,1.819600
2,1,61.802128,22.759799,3.228700,23.073700,1.954200
2,1,61.823659,21.530502,2.649700,21.443800,2.003500
2,1,61.846265,22.606499,2.733500,22.553499,1.833400
2,1,61.871379,25.113400,3.212100,24.793400,1.949600
2,1,61.894911,23.532100,3.279500,23.548700,2.122400
2,1,61.919868,24.956699,2.980800,24.970600,1.803400
2,1,61.943645,23.777600,2.824500,23.521799,1.526000
2,1,61.966147,22.501398,3.025700,22.727100,1.758300
2,1,61.989451,23.304101,2.975800,23.305599,1.770600
2,1,62.013042,23.591701,2.820700,23.478901,2.131600
2,1,62.035398,22.355799,3.225200,22.922300,2.353500
2,1,62.060542,25.143702,2.375200,24.799400,1.630100
2,1,62.083756,23.214400,2.798200,23.273701,1.756600
2,1,62.109370,25.613900,2.748100,25.485500,1.983500
2,1,62.133276,23.906197,3.146000,23.952700,1.876100
2,1,62.157992,24.715900,2.639800,24.555799,1.910900
2,1,62.178855,20.862803,2.994100,21.090700,1.730300
2,1,62.203929,25.074199,2.774900,24.714001,2.277800
2,1,62.224160,20.231199,3.090300,20.878099,1.570700
2,1,62.245374,21.213003,2.257700,20.896200,1.754000
2,1,62.267950,22.576399,2.670300,22.830700,1.865900
2,1,62.291042,23.091599,2.360700,22.982401,1.439600
2,1,62.312490,21.448199,2.518200,21.011600,1.643500
2,1,62.335148,22.658002,3.002900,23.132700,1.801400
2,1,62.356402,21.254398,2.447900,21.243099,1.429500
2,1,62.382522,26.120201,2.751900,25.700500,1.727400
2,1,62.406840,24.318099,3.002700,24.676500,2.508700
2,1,62.429865,23.024902,3.196700,22.486500,1.906700
2,1,62.452397,22.531599,3.176900,22.827801,1.865300
2,1,62.480997,28.600402,2.845000,28.775400,1.980900
2,1,62.504149,23.151800,2.580500,22.997400,1.896200
2,1,62.527749,23.600098,2.558900,23.495800,1.543100
2,1,62.550297,22.547901,2.851200,22.711800,1.818300
2,1,62.573550,23.252502,2.471000,22.915899,1.802000
2,1,62.595956,22.406798,2.933000,22.997000,1.561400
2,1,62.619876,23.919299,2.315800,23.397499,1.641000
2,1,62.643369,23.493800,2.794200,23.911501,1.804400
2,1,62.664287,20.917300,2.320900,20.320700,1.601800
2,1,62.686781,22.493903,2.807000,23.011499,1.506000
2,1,62.710219,23.438197,2.429800,22.934700,2.273400
2,1,62.733009,22.789802,3.126800,22.840900,1.301600
2,1,62.754360,21.351699,2.883100,21.348101,1.721600
2,1,62.774964,20.603102,2.799100,21.016399,1.543900
2,1,62.798674,23.710597,2.492700,23.149000,1.459900
2,1,62.819944,21.269701,2.998600,21.430300,1.463800
2,1,62.840444,20.500299,3.127400,20.862000,1.680600
2,1,62.864712,24.267703,2.432100,24.230301,1.777000
2,1,62.887920,23.208000,2.514400,23.201300,1.889800
2,1,62.911163,23.243397,2.559500,22.837999,1.656100
2,1,62.932781,21.617699,3.160900,21.381500,1.592100
2,1,62.955394,22.613101,3.278600,23.030600,2.124300
2,1,62.977532,22.138201,3.189500,22.281099,1.947900
2,1,63.002690,25.157899,2.686800,24.633200,1.434900
2,1,63.024912,22.222303,3.055900,22.922300,1.530700
2,1,63.048349,23.436900,2.415400,22.868500,1.631900
2,1,63.072074,23.724500,2.963700,23.767900,1.277500
2,1,63.096719,24.644699,3.090600,24.683201,1.758900
2,1,63.124669,27.950998,3.137500,27.620800,1.618200
2,1,63.147394,22.724900,3.278700,23.504299,1.737700
2,1,63.171199,23.804899,2.326000,23.136600,1.630400
2,1,63.194556,23.356803,2.930800,23.432800,1.624100
2,1,63.217291,22.734500,2.933600,22.806999,1.364400
2,1,63.238126,20.835597,2.733800,21.323099,1.545100
2,1,63.262077,23.951001,2.304700,23.161501,1.628400
2,1,63.284528,22.450600,3.096000,22.863600,1.549700
2,1,63.307301,22.773001,2.759000,22.625799,1.562300
2,1,63.330171,22.869997,2.957400,23.189100,1.576700
2,1,63.353549,23.377903,2.491700,23.259300,1.874500
2,1,63.376342,22.793300,2.605900,22.686100,1.661000
2,1,63.402764,26.422497,2.718600,26.265400,2.203600
2,1,63.427621,24.856001,3.179900,24.969900,1.641100
2,1,63.453988,26.367702,3.109100,25.797001,1.758200
2,1,63.478992,25.003400,3.471200,25.392900,1.732500
2,1,63.508755,29.763401,2.941900,29.785999,1.830300
2,1,63.531851,23.095798,3.330500,23.161900,1.935300
2,1,63.555154,23.303002,2.996100,23.594700,1.575900
2,1,63.580898,25.743797,2.520400,25.321501,1.802700
2,1,63.604949,24.051603,2.972800,23.503000,2.026900
2,1,63.631862,26.912898,3.479700,27.158600,1.764100
2,1,63.654404,22.541501,3.321500,22.515699,1.711700
2,1,63.679488,25.084101,3.088200,25.234600,1.927200
2,1,63.702734,23.245800,3.090800,23.402800,1.574300
2,1,63.727228,24.494398,3.001800,24.852699,1.712200
2,1,63.751490,24.261601,2.867200,24.106100,1.571000
2,1,63.775789,24.299700,2.894000,24.519100,1.570800
2,1,63.799080,23.290500,2.592300,22.745100,1.512400
2,1,63.821841,22.760898,3.116000,23.183201,1.696900
2,1,63.843371,21.530803,3.027900,21.511000,1.923400
2,1,63.866776,23.404598,3.077200,23.389999,1.758700
2,1,63.890779,24.003498,2.738400,23.163300,1.742100
2,1,63.915613,24.833601,3.403600,25.306999,1.775900
2,1,63.942913,27.300201,3.629500,27.688101,1.880900
2,1,63.966191,23.277599,2.562600,23.275000,2.356400
2,1,63.989482,23.291402,2.282500,23.230200,1.745800
2,1,64.012637,23.155097,2.850600,23.244200,1.557300
2,1,64.040824,28.186202,2.628500,27.147499,2.185200
2,1,64.067132,26.308898,3.769700,26.914200,2.672100
2,1,64.089888,22.755701,3.330700,22.959200,1.991400
2,1,64.112897,23.009099,3.019600,23.238300,1.745800
2,1,64.135260,22.362500,2.447500,22.387699,1.744400
2,1,64.159014,23.754202,2.355400,23.554300,2.038700
2,1,64.183926,24.912398,2.553600,24.514900,1.921900
2,1,64.209803,25.876600,2.884500,26.321400,1.625500
2,1,64.236823,27.020302,2.505000,26.853500,1.575100
2,1,64.261109,24.286099,2.581600,23.872900,1.705900
2,1,64.290454,29.344700,3.123800,29.739100,1.824700
2,1,64.316149,25.694501,2.884100,25.559099,2.059600
2,1,64.340373,24.224598,2.785700,24.449100,2.177900
2,1,64.366030,25.657300,2.607600,25.258400,1.879200
2,1,64.388398,22.367701,2.822000,22.693600,1.774800
2,1,64.409244,20.845301,2.617100,21.054001,2.081300
2,1,64.437421,28.177600,2.486200,27.924601,1.767300
2,1,64.457679,20.258300,2.680100,20.423599,1.817700
2,1,64.483071,25.391899,2.386200,25.153999,1.708900
2,1,64.505814,22.742998,2.736300,22.851801,1.732400
2,1,64.529180,23.366001,2.613300,23.391100,1.753800
2,1,64.552564,23.383901,2.598500,22.749800,1.702000
2,1,64.575723,23.158900,3.704600,23.367300,1.867700
2,1,64.603642,27.918700,3.633400,27.977400,1.503800
2,1,64.627906,24.264600,3.495900,24.516001,2.356600
2,1,64.650349,22.443000,2.898900,22.493099,2.504700
2,1,64.672787,22.437498,2.801500,22.684999,1.937500
2,1,64.696410,23.623403,2.511900,22.997801,2.370100
2,1,64.721517,25.106698,2.960000,25.372101,1.454000
2,1,64.747332,25.814999,2.662300,25.093500,1.611600
2,1,64.771757,24.424803,3.327700,25.170200,1.548300
2,1,64.792852,21.095198,2.715500,20.902201,1.636200
2,1,64.817780,24.927903,2.739900,24.783199,1.545000
2,1,64.838543,20.762600,2.930300,21.175301,1.654900
2,1,64.861791,23.248199,2.475800,23.093800,1.435600
2,1,64.885043,23.252599,2.619100,23.364201,1.764700
2,1,64.906387,21.343201,2.542900,21.248301,2.356600
2,1,64.929715,23.328900,3.039300,23.091900,1.847700
2,1,64.957895,28.179899,3.202900,28.090700,1.936700
2,1,64.983134,25.238600,2.961900,25.614000,1.538300
2,1,65.006198,23.064401,2.393700,22.930799,1.720600
2,1,65.029742,23.543999,2.778400,23.229300,1.617600
2,1,65.052436,22.693601,3.057000,23.104900,2.274800
3,1,82.645316,24.875101,3.218800,25.004000,1.864200
3,1,82.672008,26.692200,2.627600,26.628300,1.799700
3,1,82.694848,22.840001,2.578200,22.975401,1.519600
3,1,82.718429,23.581199,2.398400,23.334900,1.828200
3,1,82.740145,21.715600,2.759100,21.580000,1.633100
3,1,82.764647,24.501700,2.719700,24.735100,1.903600
3,1,82.788286,23.639400,2.470300,23.328600,1.661600
3,1,82.813280,24.993900,2.740700,25.146999,2.035600
3,1,82.836669,23.389000,2.539500,23.622601,1.639000
3,1,82.863999,27.329799,2.353200,26.680201,1.430500
3,1,82.886856,22.857301,3.211800,23.268299,2.224600
3,1,82.913093,26.236400,2.664300,25.180000,1.978600
3,1,82.941303,28.210800,4.196900,29.268200,1.588200
3,1,82.968434,27.130701,3.660400,27.277901,1.819000
3,1,82.991670,23.236200,2.738600,23.184299,1.769600
3,1,83.014886,23.215599,2.563200,22.834600,1.926200
3,1,83.039311,24.425499,2.856200,24.819000,1.970900
3,1,83.065964,26.653100,2.515500,26.655199,1.899500
3,1,83.089904,23.939200,2.617300,23.218201,1.977000
3,1,83.112896,22.992101,4.655200,22.959900,2.460400
3,1,83.135332,22.436701,3.646500,23.132299,2.134200
3,1,83.160280,24.947997,2.841800,24.954100,1.691900
3,1,83.183796,23.515202,2.571800,23.053400,1.493600
3,1,83.206598,22.802800,2.929600,23.037500,1.459300
3,1,83.231845,25.246199,2.912400,25.379101,1.718600
3,1,83.262378,30.533701,2.689500,30.040300,1.942800
3,1,83.289548,27.169999,3.620300,26.687300,1.665500
3,1,83.314406,24.857901,3.593300,25.318300,1.730300
3,1,83.336966,22.560000,3.339900,22.578400,1.768900
3,1,83.358036,21.069899,2.938900,21.287600,1.698700
3,1,83.381081,23.044702,3.228900,22.947001,1.452400
3,1,83.405806,24.725597,3.012100,24.712799,2.022900
3,1,83.426337,20.530902,3.306100,21.061300,1.272300
3,1,83.450470,24.132699,2.235000,23.411600,1.519900
3,1,83.474799,24.328802,2.974800,24.489201,1.502700
3,1,83.498225,23.426600,2.953200,23.416901,1.378300
3,1,83.520721,22.495899,2.739900,22.974600,1.894400
3,1,83.544475,23.753498,2.331100,23.711901,1.407200
3,1,83.569501,25.026500,2.518400,24.504900,1.772500
3,1,83.594894,25.392603,2.961900,25.601999,2.111700
3,1,83.621316,26.422199,2.772300,25.927700,1.953300
3,1,83.648012,26.695400,3.463900,27.254601,2.144700
3,1,83.673458,25.446098,3.028500,25.024700,2.243400
3,1,83.695965,22.506900,3.229600,22.797300,1.803500
3,1,83.720654,24.689000,2.765800,24.575100,2.005200
3,1,83.745559,24.905499,2.889900,24.786699,1.540400
3,1,83.768597,23.037702,2.924800,23.311199,1.614400
3,1,83.796348,27.751300,2.758100,26.830700,1.478100
3,1,83.822452,26.103999,3.897200,27.176100,1.994700
3,1,83.848451,25.998600,2.634900,25.572599,1.694500
3,1,83.875185,26.734501,2.946100,26.665800,1.997200
3,1,83.898433,23.247398,3.004500,23.739401,1.827400
3,1,83.924047,25.614802,2.493700,25.366301,1.647900
3,1,83.948509,24.461400,2.629800,23.703899,1.566300
3,1,83.972199,23.690499,3.416900,24.442400,1.967600
3,1,84.000409,28.209899,2.631300,28.039200,2.294500
3,1,84.028204,27.795300,3.110000,27.676701,2.714300
3,1,84.053417,25.212400,2.933200,25.150700,1.627800
3,1,84.076340,22.923402,2.930200,23.477400,1.943400
3,1,84.101199,24.858799,2.429500,24.730200,1.609200
3,1,84.127487,26.288498,3.333200,26.053600,1.841900
3,1,84.151053,23.565903,2.897100,23.806700,1.477100
3,1,84.173946,22.892099,2.639600,23.067600,1.914600
3,1,84.199867,25.921401,2.376700,25.780001,1.600800
3,1,84.229899,30.032199,2.379100,29.465000,1.697300
3,1,84.256538,26.639201,3.227900,26.896200,2.584900
3,1,84.283672,27.133301,3.852200,27.212200,1.872000
3,1,84.310114,26.442699,2.710000,26.106100,1.800800
3,1,84.337036,26.921298,2.909500,27.424999,1.664900
3,1,84.360849,23.813199,2.923800,23.781601,1.658600
3,1,84.384327,23.478601,2.581100,22.981899,1.690100
3,1,84.409805,25.477201,3.045100,25.915300,1.912600
3,1,84.434348,24.542999,2.688600,23.777100,1.560000
3,1,84.462351,28.003801,3.389800,28.724100,1.621200
3,1,84.490244,27.892202,2.927900,27.804199,1.710700
3,1,84.513768,23.524597,2.906200,23.140900,1.937700
3,1,84.541020,27.252000,2.924800,27.432699,1.663400
3,1,84.566954,25.933802,2.897400,25.871201,2.322900
3,1,84.591832,24.878498,2.951000,25.242100,1.626600
3,1,84.616094,24.261802,2.539400,24.249100,1.794400
3,1,84.643022,26.927799,2.855200,26.657101,1.701200
3,1,84.668341,25.318500,3.039300,25.243299,1.964000
3,1,84.692107,23.766000,2.936800,23.864201,1.905800
3,1,84.717427,25.320899,2.860300,25.151899,1.924700
3,1,84.742677,25.249902,2.926300,25.467100,1.650700
3,1,84.769753,27.075499,2.791500,27.207800,1.679500
3,1,84.795605,25.851998,2.498400,25.679899,1.669700
3,1,84.819503,23.898102,2.958400,23.732401,1.992200
3,1,84.843021,23.517698,3.233300,23.168100,2.118800
3,1,84.867414,24.392899,3.478400,24.748400,1.951000
3,1,84.892182,24.768300,3.028800,25.104601,1.939000
3,1,84.917847,25.665600,2.689400,25.587400,1.597500
3,1,84.941319,23.471802,2.955400,23.255800,1.687000
3,1,84.966146,24.827197,3.632600,24.917200,2.030300
3,1,84.989952,23.805004,3.012200,23.702299,1.522300
3,1,85.011522,21.570098,2.854300,21.592699,1.425800
3,1,85.041068,29.546101,2.934700,29.341600,1.716500
3,1,85.066319,25.251299,3.486700,25.635300,1.829800
3,1,85.089129,22.809699,2.563800,22.646400,1.851100
3,1,85.114281,25.152002,2.800900,24.915400,1.632800
3,1,85.138895,24.613801,2.959400,24.496799,1.592100
3,1,85.163642,24.747297,3.153300,25.137100,1.593300
3,1,85.189103,25.461700,2.715600,25.510401,1.684300
3,1,85.213939,24.835303,2.502800,24.752701,1.752100
3,1,85.237679,23.740198,2.814200,23.606501,1.694200
3,1,85.267023,29.343899,2.992900,29.393499,1.895700
3,1,85.291008,23.985401,3.021400,23.632000,1.885900
3,1,85.315862,24.853501,2.898700,25.174500,1.923800
3,1,85.341378,25.516197,2.493800,25.633301,1.681300
3,1,85.367152,25.773801,2.568300,25.754700,1.897100
3,1,85.393707,26.555099,2.655000,25.785999,1.974200
3,1,85.416390,22.683103,3.725200,22.820299,2.305900
3,1,85.441143,24.752699,3.289500,25.401300,1.546100
3,1,85.466369,25.226701,2.537500,24.725901,1.562000
3,1,85.493710,27.340800,3.365200,27.587601,1.769200
3,1,85.521322,27.611401,3.221200,27.564301,1.804200
3,1,85.546667,25.345497,3.058700,25.514700,1.736900
3,1,85.571254,24.586901,2.575300,24.594400,1.548000
3,1,85.597238,25.984101,2.454700,25.905800,1.566300
3,1,85.626961,29.722501,2.728800,29.228901,1.884600
3,1,85.650051,23.090199,3.179800,23.566401,1.883900
3,1,85.675236,25.185302,2.666200,25.110600,1.646100
3,1,85.700877,25.641300,2.748500,25.603100,1.371100
3,1,85.723975,23.097400,2.914400,23.172400,2.327900
3,1,85.749205,25.230598,2.662900,25.076900,2.266700
3,1,85.774682,25.476802,3.052000,25.622499,1.945600
3,1,85.799960,25.277600,2.877500,24.990400,1.626200
3,1,85.823739,23.778699,2.847200,23.667200,1.698700
3,1,85.850690,26.951499,3.087000,27.255400,1.574300
3,1,85.876193,25.503103,3.012300,25.571501,1.742500
3,1,85.900357,24.164397,2.458600,24.061300,1.936100
3,1,85.925436,25.078800,2.957100,24.455799,1.509400
3,1,85.948490,23.054000,4.015300,23.041300,1.695000
3,1,85.973623,25.132302,3.844700,25.373800,2.127000
3,1,86.000528,26.905198,3.239500,26.761200,2.080400
3,1,86.025792,25.263902,3.714200,25.619499,1.736100
3,1,86.048809,23.017399,4.367000,23.093500,2.659100
3,1,86.076246,27.436502,3.319800,27.369801,1.841100
3,1,86.101790,25.543898,3.982200,25.456600,1.894900
3,1,86.127666,25.876500,2.976900,25.752199,1.721300
3,1,86.152662,24.995800,3.028600,25.218100,1.616300
3,1,86.176062,23.400199,2.915000,23.681999,1.404200
3,1,86.200263,24.201300,2.452800,23.541300,1.947700
3,1,86.225396,25.132503,3.041700,25.255301,1.704700
3,1,86.248644,23.248598,3.065300,23.188601,1.773900
3,1,86.275782,27.137902,3.058800,27.216200,1.440900
3,1,86.301150,25.367800,3.210800,25.073099,1.618700
3,1,86.326678,25.527798,3.785000,25.509600,1.654900
3,1,86.352446,25.767799,3.383700,25.946400,1.652900
3,1,86.376537,24.091002,4.067700,24.378099,1.790200
3,1,86.404165,27.628198,2.775100,27.759899,1.835000
3,1,86.430216,26.051201,3.313700,25.438200,1.762700
3,1,86.453105,22.888999,3.607000,23.267599,1.585500
3,1,86.479730,26.624903,2.785400,26.548000,2.189200
3,1,86.505756,26.025999,2.871000,26.040600,2.122400
3,1,86.528805,23.049198,2.722600,23.061600,1.929300
3,1,86.553854,25.048900,3.062000,24.396299,2.145100
3,1,86.576447,22.592999,3.980800,23.449100,1.795200
3,1,86.597009,20.562302,2.870700,20.564699,1.483000
3,1,86.620421,23.411900,2.441400,23.301201,1.563900
3,1,86.647624,27.202398,3.023300,27.183599,1.752400
3,1,86.672750,25.126502,2.984000,25.268999,1.887400
3,1,86.697665,24.915099,2.636900,24.374599,1.819300
3,1,86.724535,26.869200,3.034600,26.949100,1.816200
3,1,86.749249,24.714999,2.928300,24.706301,1.654100
3,1,86.773594,24.344001,2.915000,24.794600,1.408800
3,1,86.798412,24.818402,2.531700,24.588699,1.822000
3,1,86.821722,23.309700,2.906500,23.138700,1.561200
3,1,86.842885,21.163497,3.012500,21.385599,1.612000
3,1,86.866347,23.461502,3.184000,23.085899,1.432700
3,1,86.889900,23.553099,3.275800,23.714800,1.584500
3,1,86.915272,25.372200,2.967300,25.520201,1.639600
3,1,86.940306,25.034498,2.709100,24.750999,1.557400
3,1,86.963273,22.966702,3.296300,23.273399,2.027900
3,1,86.989320,26.046801,2.888600,25.590401,2.299300
3,1,87.014097,24.777200,3.229200,24.989599,1.553700
3,1,87.039124,25.026698,2.958800,24.844101,1.546600
3,1,87.062869,23.745202,2.750400,23.970699,1.658200
3,1,87.085782,22.912700,2.730000,22.968201,2.004500
3,1,87.111123,25.341701,2.782800,24.787100,1.908200
3,1,87.134448,23.324598,3.457100,23.363701,1.905000
3,1,87.159586,25.138400,4.091400,25.526899,1.905700
3,1,87.182596,23.009200,3.320500,23.117300,2.017200
3,1,87.208400,25.804300,3.426600,25.532301,1.500800
3,1,87.233827,25.426902,3.195900,25.287800,1.639800
3,1,87.257297,23.469899,2.836700,23.409700,1.604400
3,1,87.284004,26.707001,3.077700,26.904900,1.802100
3,1,87.307324,23.319799,2.971600,23.639099,1.548700
3,1,87.332755,25.431402,2.292100,24.854900,1.479300
3,1,87.355012,22.257499,3.054400,23.001600,1.560100
3,1,87.378506,23.493998,2.830400,23.229099,1.731000
3,1,87.402161,23.654301,2.760100,23.186899,2.056800
3,1,87.426104,23.942899,3.315400,24.213200,1.797900
3,1,87.451301,25.197800,2.855600,24.869600,1.535700
3,1,87.474510,23.208402,3.215600,23.227501,1.498300
3,1,87.497439,22.929501,3.266300,23.418100,1.589400
3,1,87.525409,27.969498,2.900000,27.485399,1.876600
3,1,87.549143,23.733899,3.461500,23.921000,2.066200
3,1,87.573682,24.539202,2.898300,24.752199,1.896600
3,1,87.599003,25.320899,2.780900,24.960899,1.609700
3,1,87.627202,28.199598,3.238700,28.134701,1.760100
3,1,87.656455,29.252600,2.912600,28.939501,1.607500
3,1,87.681676,25.220603,3.520500,25.520201,2.135500
3,1,87.705672,23.996297,3.291400,24.339001,1.801600
3,1,87.728395,22.722900,2.873700,22.506500,1.904300
3,1,87.751435,23.040600,2.880700,23.459999,1.801000
3,1,87.776809,25.373101,2.373300,25.032900,1.782200
3,1,87.802441,25.632501,2.812200,25.734301,1.685700
3,1,87.828624,26.183099,2.616900,25.811199,1.590900
3,1,87.853705,25.081202,3.257700,25.618900,1.530900
3,1,87.876843,23.137398,2.671300,23.047100,1.782500
3,1,87.902901,26.058402,2.585500,26.054300,1.568600
3,1,87.932618,29.717099,2.497200,29.568501,1.788100
3,1,87.958135,25.517199,2.829400,25.386700,1.986000
3,1,87.981932,23.797002,2.867900,23.969000,1.435900
3,1,88.007576,25.643699,2.558900,25.132601,1.454800
3,1,88.033050,25.474202,3.237500,25.793800,1.622500
3,1,88.063016,29.965498,3.388000,29.717300,1.684100
3,1,88.088349,25.333401,3.452700,25.352800,1.959300
3,1,88.114091,25.741700,3.643300,25.427700,1.776900
3,1,88.138722,24.631001,3.415600,25.381001,2.127400
3,1,88.164317,25.594998,2.460600,25.187901,1.906200
3,1,88.189973,25.656499,2.936400,25.471001,1.419300
3,1,88.215589,25.615104,3.061600,25.465700,1.869700
3,1,88.238154,22.565097,3.825300,22.924999,2.007900
3,1,88.261506,23.352802,3.233600,22.970200,2.042000
3,1,88.283784,22.277698,3.504400,22.984100,1.758200
3,1,88.307383,23.599204,2.640700,23.293301,1.529900
3,1,88.333425,26.041899,2.738700,25.771400,1.459200
3,1,88.358136,24.711099,2.946100,25.066900,1.779500
3,1,88.380008,21.871600,2.754000,21.550100,1.711400
3,1,88.407030,27.021799,3.264900,27.452600,1.881000
3,1,88.437072,30.042600,2.607800,29.522301,1.841900
3,1,88.462112,25.039401,2.934300,24.968399,1.556300
3,1,88.485607,23.495201,3.013600,23.534901,1.440900
3,1,88.508883,23.275800,3.219100,23.380199,1.599800
3,1,88.532573,23.690399,3.121200,23.815201,1.628100
3,1,88.557953,25.380399,2.901000,24.969700,1.714700
3,1,88.584967,27.013700,3.186400,27.781401,1.508200
3,1,88.609019,24.051901,2.417700,23.380501,1.711000
3,1,88.633888,24.869200,3.453000,25.264700,1.533700
3,1,88.659366,25.478199,2.598200,25.231001,1.901600
3,1,88.682525,23.158100,2.974800,23.413500,1.617300
3,1,88.708490,25.965501,2.727300,25.298000,1.642300
3,1,88.731708,23.218300,3.478200,23.907200,1.439200
3,1,88.759773,28.064802,3.351800,27.657900,1.897000
3,1,88.787127,27.354199,3.275400,27.426100,1.806900
3,1,88.811175,24.047799,3.084300,23.743200,1.868000
3,1,88.835057,23.882098,3.409000,24.122299,2.248800
3,1,88.858265,23.207299,3.123200,23.058901,1.945400
3,1,88.885340,27.075302,3.124100,27.040600,1.905200
3,1,88.908474,23.134101,3.262500,23.337299,1.739300
3,1,88.933675,25.201399,2.915500,25.653900,1.498400
3,1,88.956749,23.073200,2.363700,23.014700,1.579600
3,1,88.982701,25.952701,3.316700,25.371599,1.756400
3,1,89.010260,27.558699,3.852500,27.680901,1.777600
3,1,89.035131,24.871498,3.295100,25.227600,1.798100
3,1,89.064925,29.793300,2.987300,29.498199,1.529200
3,1,89.087769,22.844501,3.673600,23.079300,1.937800
3,1,89.115571,27.801700,2.876700,27.424500,1.592800
3,1,89.144160,28.589003,3.148500,28.589199,1.832400
3,1,89.170722,26.561499,3.218300,26.923100,1.931600
3,1,89.198416,27.694698,2.891500,27.270201,1.855200
3,1,89.220493,22.077300,2.997500,22.499100,1.626200
3,1,89.246375,25.881603,2.483200,25.435200,1.789000
3,1,89.272559,26.183497,2.797000,26.566799,1.540100
3,1,89.296037,23.478299,2.476900,23.478500,1.464600
3,1,89.320661,24.624400,2.434000,23.692101,1.576500
3,1,89.343203,22.542201,3.838500,22.721001,1.743600
3,1,89.368465,25.261402,3.324600,25.529800,1.436200
3,1,89.395571,27.105700,3.632600,25.099300,2.161400
3,1,89.420562,24.991199,6.239600,27.061199,2.321700
3,1,89.445729,25.166899,4.056800,25.442400,1.813800
3,1,89.468800,23.071099,2.729300,22.788200,1.589600
3,1,89.493444,24.644502,2.918700,24.805901,1.869500
3,1,89.520758,27.314000,2.874100,27.241501,1.798000
3,1,89.547851,27.092800,2.729500,27.333700,1.968200
3,1,89.573492,25.640700,2.731400,25.533001,1.716600
3,1,89.597747,24.255101,2.921700,23.400700,1.653500
3,1,89.626765,29.018201,3.397500,29.818600,1.737000
3,1,89.651090,24.325099,2.656800,23.773100,1.797000
3,1,89.676493,25.402598,3.288300,25.474001,1.924500
3,1,89.701155,24.662402,4.519200,24.590799,2.704100
3,1,89.726724,25.568701,4.016100,25.809099,2.177600
3,1,89.748773,22.048797,3.758400,22.294701,1.445100
3,1,89.774259,25.486700,2.931800,25.519400,1.715700
3,1,89.797649,23.390099,2.730400,23.305700,1.556100
3,1,89.823427,25.777701,2.457700,25.439301,1.387800
3,1,89.845796,22.368800,2.925100,22.571400,1.486300
3,1,89.870318,24.522401,3.033300,24.754499,1.906700
3,1,89.894395,24.076499,2.569000,23.537001,1.604300
3,1,89.921091,26.696000,3.140800,27.023399,1.631200
3,1,89.946005,24.914399,2.858600,24.302099,1.794400
3,1,89.972218,26.213001,3.319900,26.513201,1.967600
3,1,89.995239,23.020200,3.455700,23.125200,2.028100
3,1,90.020690,25.451098,3.080400,25.470900,1.813700
3,1,90.043816,23.126200,3.095000,23.231400,1.923000
3,1,90.071736,27.920201,2.801300,27.650299,1.673800
3,1,90.096972,25.235500,3.185700,25.066999,1.773900
3,1,90.125724,28.752800,3.379500,28.690500,1.809600
3,1,90.150451,24.726301,3.355700,25.366899,2.245700
3,1,90.174149,23.698699,2.621800,23.728901,1.475800
3,1,90.199606,25.456201,2.450200,25.373100,1.759300
3,1,90.225441,25.835399,2.639600,25.504400,2.068400
3,1,90.252318,26.877400,3.108900,27.117599,1.801100
3,1,90.278145,25.826599,2.707200,25.542601,1.663800
3,1,90.303118,24.973400,3.052400,25.030300,1.662400
3,1,90.328535,25.416300,2.962300,25.346399,1.561500
3,1,90.353960,25.425602,2.952100,25.611300,1.604700
3,1,90.379085,25.124300,2.887500,25.073999,1.989100
3,1,90.404060,24.975598,2.933000,25.279301,1.579100
3,1,90.428656,24.596300,2.386300,23.713499,1.855300
3,1,90.455084,26.427601,3.504000,26.827600,1.637000
3,1,90.482027,26.942700,3.239600,27.278900,1.843100
3,1,90.507917,25.889803,2.819700,25.723600,1.759100
3,1,90.531712,23.795899,2.864100,23.560499,1.900400
3,1,90.556122,24.409398,3.916400,24.755899,2.025000
3,1,90.578501,22.379000,2.847000,22.503201,2.198900
3,1,90.603760,25.258701,2.714700,25.025000,1.896600
3,1,90.631290,27.530000,2.859800,27.188999,1.794100
4,1,108.194094,22.813801,3.137700,23.222700,1.564900
4,1,108.218299,24.205100,3.012200,23.899099,2.506600
4,1,108.245385,27.086299,3.397200,27.306700,2.099500
4,1,108.270943,25.557902,2.908000,25.234900,1.724800
4,1,108.295249,24.305999,3.015300,24.821800,1.819200
4,1,108.321406,26.157100,2.688300,25.393600,1.839500
4,1,108.343893,22.487301,3.478600,22.751801,1.910300
4,1,108.370849,26.955798,3.165400,27.446600,1.642400
4,1,108.396005,25.155801,2.622000,24.702101,1.794900
4,1,108.417162,21.157399,3.122000,21.484900,1.789600
4,1,108.442043,24.880901,2.857000,24.966499,1.834300
4,1,108.467272,25.228299,2.670500,25.056299,2.206500
4,1,108.494858,27.585901,2.790000,26.852200,1.835500
4,1,108.520371,25.513899,3.320700,25.590500,1.928900
4,1,108.546063,25.691900,3.290400,26.532400,1.730500
4,1,108.570155,24.092101,2.328100,23.674200,1.609300
4,1,108.593317,23.161601,3.016900,23.153900,2.182200
4,1,108.620592,27.275000,3.353300,27.573601,1.717600
4,1,108.642208,21.616198,2.776700,21.609600,2.358600
4,1,108.665078,22.869799,2.598100,22.843800,1.632300
4,1,108.688378,23.299903,2.602400,23.115200,1.794300
4,1,108.712340,23.961999,2.903300,23.768101,2.017100
4,1,108.739536,27.195700,3.088200,27.260599,1.748200
4,1,108.768535,28.999399,3.033700,29.018499,2.345100
4,1,108.792766,24.230503,2.730600,23.872299,2.272500
4,1,108.814947,22.181697,3.283400,22.875799,2.370400
4,1,108.837777,22.829302,2.587100,22.783899,2.074000
4,1,108.863161,25.384702,2.499800,24.887699,1.572200
4,1,108.884502,21.340597,3.085900,21.378000,1.499100
4,1,108.909320,24.818599,2.919100,25.229601,1.894700
4,1,108.932721,23.400702,2.616000,22.796200,2.019500
4,1,108.962156,29.434800,3.283300,29.796101,2.068600
4,1,108.987807,25.651000,2.776100,25.090500,1.789900
4,1,109.010615,22.807699,3.255500,23.144800,1.774000
4,1,109.035427,24.812199,3.290900,25.030100,1.947700
4,1,109.059166,23.739301,2.825600,23.750099,2.011000
4,1,109.082214,23.048002,3.211200,22.889900,2.130200
4,1,109.105359,23.144800,2.947100,23.294399,1.913600
4,1,109.131195,25.835797,2.646500,25.871500,1.613000
4,1,109.153975,22.780400,2.696200,22.915400,1.759900
4,1,109.177958,23.983400,2.539900,23.835899,1.631500
4,1,109.201337,23.378100,2.834000,22.542801,1.888600
4,1,109.223856,22.519700,3.596200,23.192101,1.883400
4,1,109.255032,31.175300,2.909300,31.278999,1.667800
4,1,109.278020,22.988200,3.064100,23.225201,1.504900
4,1,109.303293,25.273100,2.195000,25.030199,1.518400
4,1,109.326273,22.980101,2.614900,23.011700,1.619300
4,1,109.348447,22.174001,2.685000,21.416100,1.860500
4,1,109.373285,24.837598,3.428500,25.493900,2.323700
4,1,109.398986,25.701601,2.741500,25.631201,2.254500
4,1,109.424288,25.301598,2.809400,24.896799,1.656600
4,1,109.453600,29.312201,3.193000,29.807501,1.802200
4,1,109.479585,25.984801,2.841300,26.143400,2.252600
4,1,109.504118,24.532899,2.540100,24.562799,1.664800
4,1,109.528101,23.983099,2.334200,23.922701,1.407400
4,1,109.553064,24.962801,2.431100,24.754499,1.751100
4,1,109.575820,22.756301,2.736500,22.950701,1.729500
4,1,109.601757,25.937099,2.515800,25.579399,1.714900
4,1,109.626792,25.035098,2.610800,25.303699,1.598600
4,1,109.652227,25.434401,2.389200,25.097900,1.926500
4,1,109.682146,29.919501,3.114900,29.927200,1.558500
4,1,109.704820,22.673499,2.865700,23.094400,1.686700
4,1,109.730416,25.596101,2.212600,25.357599,1.736200
4,1,109.754089,23.673199,2.526100,23.379400,1.490100
4,1,109.778164,24.075102,3.027600,24.372801,1.630300
4,1,109.801627,23.463100,2.731300,23.182899,1.432200
4,1,109.826703,25.075898,2.675200,25.328400,1.644700
4,1,109.856774,30.071501,2.437600,29.832600,1.418300
4,1,109.882041,25.266200,3.144300,25.682501,1.743700
4,1,109.908276,26.235800,2.419700,25.638500,1.726200
4,1,109.931778,23.501199,3.183600,23.404699,2.230500
4,1,109.954763,22.985201,3.318900,23.221100,2.147700
4,1,109.977352,22.588700,3.016500,22.773199,2.291700
4,1,110.000763,23.411900,2.560100,23.124701,1.733300
4,1,110.022062,21.298598,3.194700,21.670200,1.641800
4,1,110.048716,26.654202,2.579300,26.327299,1.843000
4,1,110.072593,23.876999,2.935900,23.720400,1.646200
4,1,110.095105,22.512101,3.078800,22.937300,1.804000
4,1,110.125520,30.414999,2.626600,30.445400,1.596100
4,1,110.148630,23.109701,2.800400,22.966700,1.625200
4,1,110.174062,25.431599,2.761700,25.663700,1.663300
4,1,110.197039,22.977300,2.456400,23.060400,1.870800
4,1,110.222495,25.456302,2.131200,25.155701,1.469300
4,1,110.245051,22.555597,2.757200,22.243200,1.656300
4,1,110.269324,24.272703,3.034700,24.658800,1.800000
4,1,110.292056,22.732098,2.554300,22.493099,1.937400
4,1,110.314785,22.729103,2.775400,22.884300,1.814400
4,1,110.339548,24.762999,2.723800,24.902201,1.794400
4,1,110.362909,23.361299,2.519200,23.294201,1.740500
4,1,110.388891,25.982101,2.553400,25.297199,1.558000
4,1,110.411588,22.696801,3.202500,23.111200,2.120300
4,1,110.438867,27.278900,2.799100,26.900900,1.971200
4,1,110.463928,25.061600,3.440800,25.286600,1.893900
4,1,110.489804,25.875598,3.052500,25.703300,2.039500
4,1,110.514813,25.009301,3.251600,24.804899,1.531500
4,1,110.534915,20.101301,3.331100,20.806101,1.933500
4,1,110.560690,25.775298,2.528500,25.520000,1.934000
4,1,110.584146,23.455601,2.830900,23.199900,1.792700
4,1,110.608510,24.364199,2.941300,24.992300,1.533400
4,1,110.631654,23.143999,2.324400,23.116100,1.747400
4,1,110.657215,25.561400,2.464800,24.209101,1.699700
4,1,110.686184,28.968699,3.943800,29.888700,1.754800
4,1,110.708873,22.689402,4.348600,23.062599,1.764300
4,1,110.732815,23.942001,2.456600,23.619101,2.020200
4,1,110.757101,24.285700,2.635700,24.530100,1.770300
4,1,110.782774,25.673300,2.392800,25.571400,1.762800
4,1,110.806853,24.078798,2.444800,23.096201,1.736400
4,1,110.835634,28.781500,3.667000,28.875700,1.623100
4,1,110.860036,24.401102,3.694200,25.179300,2.056200
4,1,110.884159,24.123598,2.630600,23.795900,1.694500
4,1,110.908427,24.268001,3.534300,24.719601,2.190500
4,1,110.931993,23.566298,2.443200,23.049000,1.737500
4,1,110.956211,24.218000,2.905300,24.383400,1.714100
4,1,110.979228,23.016799,2.686700,23.140400,1.708400
4,1,111.002112,22.883203,2.650200,22.850000,1.732100
4,1,111.024644,22.532899,2.933900,22.868601,1.500800
4,1,111.054409,29.764999,2.416300,27.150499,1.714700
4,1,111.078984,24.574801,6.892900,25.084999,2.512200
4,1,111.103300,24.316199,6.154900,25.409000,2.123300
4,1,111.127311,24.010699,3.572900,24.186701,2.591000
4,1,111.150460,23.149103,3.333600,23.725700,2.019200
4,1,111.173375,22.915199,2.551800,22.457199,1.502800
4,1,111.196551,23.175500,2.809900,23.588400,1.483700
4,1,111.221808,25.256798,2.372500,25.158300,1.599200
4,1,111.246890,25.082201,2.601800,24.850300,2.017900
4,1,111.269593,22.702601,2.963500,23.028500,1.685600
4,1,111.296864,27.271599,2.573500,27.240400,2.340200
4,1,111.323779,26.915200,2.837700,25.665001,1.894500
4,1,111.349256,25.477000,4.267700,26.689600,2.233400
4,1,111.373453,24.196301,2.965800,24.205900,1.851900
4,1,111.398487,25.033902,2.621700,24.388599,2.013900
4,1,111.421560,23.073398,3.334800,23.314800,2.054800
4,1,111.446635,25.075402,3.210600,25.233200,1.779900
4,1,111.475420,28.784700,3.160200,28.575399,2.056400
4,1,111.500424,25.003698,3.267200,23.141300,2.270200
4,1,111.523419,22.995301,5.713100,25.079700,2.767900
4,1,111.548644,25.225300,3.768800,24.984900,2.228400
4,1,111.574240,25.595900,3.331700,25.835199,2.461400
4,1,111.598688,24.447799,3.305700,24.091400,2.320000
4,1,111.626648,27.960204,3.939700,27.469801,2.941400
4,1,111.648979,22.330899,4.335400,22.726801,2.679600
4,1,111.673331,24.352301,3.887400,24.564100,2.509600
4,1,111.699692,26.360497,3.646500,25.952200,2.681000
4,1,111.723329,23.637202,3.891200,23.645500,2.331900
4,1,111.748412,25.083199,3.531700,24.860500,2.124300
4,1,111.773582,25.169600,4.381100,25.412600,2.164600
4,1,111.798997,25.415100,4.088200,25.561701,1.871300
4,1,111.826688,27.691100,3.728200,27.309700,2.310900
4,1,111.847491,20.803399,3.915900,21.205601,2.327000
4,1,111.872880,25.388703,3.539200,25.090401,2.425100
4,1,111.896238,23.358099,3.830000,23.471001,2.369100
4,1,111.921235,24.996798,3.726800,25.058399,2.639600
4,1,111.947968,26.732702,3.667500,26.873800,3.142700
4,1,111.975352,27.384400,3.873100,27.604401,2.166500
4,1,111.999466,24.114199,3.177500,23.555500,2.431500
4,1,112.026363,26.896100,3.918700,27.132401,2.336600
4,1,112.049997,23.634300,4.198600,23.235800,2.256800
4,1,112.078996,28.998900,3.799100,28.988300,2.401900
4,1,112.099035,20.039000,4.111200,20.669100,2.889500
4,1,112.124286,25.250901,3.595100,25.059099,2.320100
4,1,112.151441,27.155500,3.306000,27.321199,2.245800
4,1,112.177832,26.390500,3.048100,25.809601,1.880200
4,1,112.202398,24.565998,3.528900,24.684000,2.239600
4,1,112.225612,23.214299,3.469700,23.325100,2.508900
4,1,112.250816,25.204200,3.071700,25.437401,2.141100
4,1,112.279692,28.875500,3.168200,27.008801,1.911200
4,1,112.301447,21.755200,5.630800,23.781099,3.561000
4,1,112.328138,26.691101,2.881000,26.740601,2.001100
4,1,112.353395,25.257599,2.686400,25.315701,1.965900
4,1,112.378709,25.313400,2.530400,25.265301,1.616800
4,1,112.403132,24.422802,3.019900,23.731701,1.671300
4,1,112.429858,26.726298,3.172200,27.091200,1.676600
4,1,112.455675,25.816903,2.959200,25.353399,2.444800
4,1,112.482111,26.436299,3.574600,26.920000,1.851300
4,1,112.510855,28.743599,3.177100,27.741600,2.054600
4,1,112.535805,24.949800,4.292400,25.844999,1.898800
4,1,112.561074,25.269002,2.919300,25.056200,2.038100
4,1,112.585798,24.724599,3.316700,24.683800,1.877500
4,1,112.610746,24.947900,3.803900,24.615601,2.498300
4,1,112.636306,25.560200,4.404600,25.298500,2.632600
4,1,112.662789,26.482601,4.709900,27.149099,2.450400
4,1,112.685157,22.367600,3.748600,21.640301,2.693900
4,1,112.713914,28.757099,4.964100,27.795799,3.050500
4,1,112.735784,21.869998,6.180800,23.370501,3.351200
4,1,112.758621,22.837501,4.320200,22.691601,2.571800
4,1,112.784193,25.571700,4.097800,25.831900,2.515000
4,1,112.809198,25.004800,4.370600,24.783300,2.386600
4,1,112.835234,26.036300,4.187400,25.053400,2.450600
4,1,112.857691,22.457201,4.618800,23.247801,1.908100
4,1,112.879625,21.933600,4.293000,22.137800,2.606400
4,1,112.902299,22.673998,3.629200,22.974199,2.383400
4,1,112.925714,23.415100,3.012900,23.161400,2.459000
4,1,112.949117,23.402702,3.301800,23.348000,2.239700
4,1,112.972766,23.649499,3.266100,23.559299,1.940000
4,1,112.995541,22.774901,3.628000,23.174900,1.922000
4,1,113.022765,27.223900,3.031900,26.479000,1.958700
4,1,113.047690,24.925198,4.998000,25.177900,1.809700
4,1,113.070164,22.474300,3.533600,22.857000,2.406200
4,1,113.095012,24.847999,3.267400,24.927000,2.042900
4,1,113.125320,30.307401,3.256600,28.018900,1.852700
4,1,113.145318,19.997802,6.580900,22.415800,2.129300
4,1,113.170898,25.580298,3.515100,25.150400,2.022400
4,1,113.192957,22.059400,3.865900,22.357300,2.190000
4,1,113.219009,26.051700,2.979100,25.347799,2.023700
4,1,113.242786,23.777399,3.855600,24.437599,1.955200
4,1,113.268091,25.304500,3.060900,24.967800,1.725800
4,1,113.292494,24.402801,3.538600,24.473801,1.704800
4,1,113.317118,24.624299,3.278600,24.818701,1.680200
4,1,113.338833,21.714900,2.877200,21.360001,1.991900
4,1,113.361793,22.960000,3.905100,23.290400,1.684300
4,1,113.387622,25.829401,3.144900,25.474199,1.720800
4,1,113.411109,23.486901,3.305100,23.379000,1.957500
4,1,113.437780,26.671302,3.221200,26.628901,1.924500
4,1,113.460921,23.140199,3.528300,23.172001,2.204300
4,1,113.481049,20.128600,3.910400,20.714800,1.980000
4,1,113.504189,23.139797,2.857800,22.701599,1.787200
4,1,113.529264,25.074501,3.135800,25.025200,1.640300
4,1,113.552464,23.200702,3.313500,23.097601,1.616500
4,1,113.575072,22.607300,3.784300,22.764099,1.596500
4,1,113.599987,24.915397,3.143600,25.236401,1.550500
4,1,113.626664,26.676700,2.738500,26.395500,1.734900
4,1,113.651424,24.760600,2.885000,24.952200,1.793000
4,1,113.676703,25.278702,2.875500,25.068501,1.742400
4,1,113.701964,25.260698,3.079700,25.158899,1.744400
4,1,113.724820,22.856399,3.317700,22.906300,1.819400
4,1,113.748083,23.262903,2.948500,23.214500,1.589800
4,1,113.771210,23.127399,3.105500,23.123899,1.576200
4,1,113.795881,24.670601,3.235300,24.980600,1.679400
4,1,113.819403,23.521699,2.863300,23.561199,1.913600
4,1,113.845454,26.051398,2.982100,25.075399,1.959200
4,1,113.872250,26.795801,3.905000,27.879101,1.860400
4,1,113.897553,25.303300,2.708600,24.779499,1.861600
4,1,113.920236,22.683099,3.132800,22.878201,1.779900
4,1,113.941560,21.323901,3.046100,21.620800,1.706200
4,1,113.964861,23.301199,2.650800,22.662701,1.701400
4,1,113.990070,25.208801,3.267600,25.447901,2.036800
4,1,114.012826,22.755601,3.095200,22.896900,2.077900
4,1,114.033359,20.533100,3.349600,20.560801,1.977200
4,1,114.056728,23.369100,2.867300,23.124701,1.897700
4,1,114.079418,22.690300,3.184600,22.806499,1.968200
4,1,114.107496,28.077599,3.080400,27.525999,1.868000
4,1,114.130211,22.715602,3.671400,23.070700,2.103600
4,1,114.156147,25.935099,3.433700,25.679001,1.798000
4,1,114.181536,25.389902,4.201400,25.548901,1.893300
4,1,114.205127,23.590498,3.138900,24.195299,1.979600
4,1,114.232579,27.452201,2.524600,27.242599,1.753400
4,1,114.253914,21.335199,2.713600,21.535900,1.703800
4,1,114.277598,23.683500,2.409200,23.551600,1.794800
4,1,114.302539,24.941102,2.678600,24.687099,1.746000
4,1,114.325108,22.569001,3.062200,22.875900,1.583100
4,1,114.354983,29.874898,3.312700,29.433100,1.553200
4,1,114.381790,26.807301,3.219900,27.283300,1.846100
4,1,114.407141,25.351100,2.537200,24.948601,1.560000
4,1,114.430073,22.931900,2.734700,23.168301,1.373600
4,1,114.453131,23.058102,2.719400,23.213100,1.594900
4,1,114.480033,26.901700,2.513100,26.610500,1.671900
4,1,114.503119,23.086097,2.719700,23.276600,1.895500
4,1,114.527307,24.187900,2.508100,23.849001,1.623700
4,1,114.553440,26.133303,2.897200,26.132601,1.481700
4,1,114.576243,22.802398,3.469600,22.723801,2.053200
4,1,114.601267,25.024302,3.171300,25.107800,2.131500
4,1,114.626717,25.449798,3.008000,25.264601,1.959400
4,1,114.649649,22.931900,3.049300,23.544500,1.930200
4,1,114.675150,25.501803,2.182900,25.401699,1.614500
4,1,114.700650,25.499500,2.443900,25.245100,1.453500
4,1,114.726003,25.352899,2.661500,25.518600,1.578800
4,1,114.747635,21.632101,2.511600,21.573400,1.961600
4,1,114.776933,29.298399,2.554200,28.931400,1.424000
4,1,114.802308,25.375199,3.382500,25.626699,1.652900
4,1,114.827686,25.377501,2.670000,25.195101,1.572200
4,1,114.853446,25.759902,2.903100,26.022800,1.787800
4,1,114.876440,22.994597,2.418300,22.945601,1.560000
4,1,114.901938,25.497504,2.553800,25.216200,1.738000
4,1,114.926849,24.911497,2.912600,24.929100,1.629200
4,1,114.952465,25.615700,2.956100,25.443001,1.626900
4,1,114.979941,27.475603,3.132200,27.173599,2.108300
4,1,115.000782,20.841397,3.460600,21.350700,2.433100
4,1,115.025469,24.686500,3.067900,24.723400,1.742700
4,1,115.048770,23.300901,3.628400,22.932800,2.484900
4,1,115.072225,23.455098,3.514200,23.481400,2.394000
4,1,115.096866,24.641100,3.374200,24.818199,1.652000
4,1,115.127570,30.704502,3.265900,30.478901,2.126600
4,1,115.152520,24.950098,3.359400,24.102800,2.233600
4,1,115.175639,23.118600,4.010900,24.210100,1.925200
4,1,115.198311,22.672400,3.307600,22.841499,1.996400
4,1,115.221068,22.756200,2.835900,22.634800,1.716500
4,1,115.244156,23.088302,2.791100,23.329700,1.558100
4,1,115.267778,23.622397,2.381300,23.450199,1.580500
4,1,115.290790,23.012001,2.563000,23.065001,1.555300
4,1,115.316400,25.609501,2.561800,25.469801,1.358400
4,1,115.339312,22.912297,2.874400,23.111601,1.636000
4,1,115.362225,22.913203,2.533600,22.481400,1.477600
4,1,115.385180,22.954401,3.211200,23.044001,1.768200
4,1,115.410647,25.467597,3.056300,25.526600,1.709800
4,1,115.437762,27.114201,2.760200,27.462099,1.697000
4,1,115.463380,25.618199,2.351200,25.092100,1.512900
4,1,115.486454,23.074102,2.752200,23.209801,1.499600
4,1,115.507560,21.106400,2.671300,21.353001,1.652000
4,1,115.531317,23.757201,2.404600,23.212299,1.537600
4,1,115.554589,23.271400,3.028300,23.386101,1.825200
4,1,115.577696,23.107197,2.969600,23.040199,2.041500
4,1,115.602304,24.608001,2.916600,25.160500,1.621500
4,1,115.629491,27.186800,2.388700,26.661800,1.612400
4,1,115.652158,22.667199,2.968600,22.851000,1.737900
4,1,115.677756,25.598202,2.978700,25.312401,2.115200
4,1,115.703619,25.862798,3.519100,25.774200,1.559000
4,1,115.730641,27.022302,4.333600,27.402700,1.981200
4,1,115.754292,23.650900,2.793200,23.597401,2.067400
4,1,115.777048,22.755798,2.963800,22.769899,2.327000
4,1,115.803828,26.780300,2.826700,26.940201,1.847200
4,1,115.829609,25.780901,2.553500,25.854300,1.705700
4,1,115.854053,24.443999,2.552500,23.645100,1.914300
4,1,115.878317,24.263501,3.317300,24.840900,1.579500
4,1,115.905603,27.286600,3.613500,26.931200,1.771500
4,1,115.934721,29.117301,3.326600,29.323900,2.086000
4,1,115.960685,25.964897,2.853900,25.758499,1.654700
4,1,115.984229,23.543403,2.895600,23.631300,1.722500
4,1,116.008663,24.434000,2.920000,24.484900,2.071600
4,1,116.036083,27.419798,3.264400,27.193899,1.941100
4,1,116.059514,23.431100,3.255400,23.281500,2.098000
4,1,116.084791,25.276702,3.757000,25.029800,1.971500
4,1,116.115606,30.815400,5.215000,30.933701,2.132900
4,1,116.140668,25.061600,3.351100,25.763201,2.047700
4,1,116.165709,25.041800,2.489300,25.148800,1.894000
5,1,133.826411,25.762301,2.609500,25.317900,1.799600
5,1,133.850361,23.950499,3.363100,24.444300,3.484700
5,1,133.872467,22.105400,2.974400,22.120701,2.049900
5,1,133.903237,30.769702,2.709900,30.581699,1.648200
5,1,133.925103,21.865997,3.190100,22.059799,1.849100
5,1,133.948223,23.120701,2.548700,23.229200,1.656400
5,1,133.974120,25.896799,2.432900,24.950199,1.705100
5,1,133.997050,22.929702,3.466600,23.759199,2.020800
5,1,134.025251,28.201099,2.750100,27.151699,1.714600
5,1,134.050031,24.779901,3.892800,25.552799,1.790400
5,1,134.075109,25.078300,2.788100,24.915899,1.877600
5,1,134.096066,20.956498,2.994600,21.444599,1.655200
5,1,134.122025,25.959801,2.478300,25.715300,1.854300
5,1,134.147526,25.500301,2.827600,25.741400,2.117100
5,1,134.171361,23.835000,2.650300,23.167299,2.145800
5,1,134.194966,23.605101,3.197700,23.716299,1.633300
5,1,134.221648,26.681699,3.039800,26.630301,1.987600
5,1,134.246464,24.816800,3.444100,25.113400,2.116500
5,1,134.274506,28.041501,2.890400,27.884501,1.859500
5,1,134.301616,27.109899,3.296400,27.453100,1.953200
5,1,134.325866,24.250600,2.621300,24.025101,1.570900
5,1,134.349114,23.248099,2.893100,22.937300,1.821900
5,1,134.372358,23.243401,2.969800,23.299101,1.729500
5,1,134.397655,25.297500,2.912700,25.232300,1.514500
5,1,134.419684,22.028700,3.112400,22.290300,1.581100
5,1,134.445384,25.700402,2.839300,25.876101,1.656200
5,1,134.468809,23.424800,2.519300,23.491400,1.570400
5,1,134.492463,23.654100,3.301400,23.293699,1.904400
5,1,134.516050,23.586698,2.934400,23.426300,1.771700
5,1,134.537179,21.129102,3.136800,21.186199,1.685700
5,1,134.564140,26.960399,2.961500,27.042101,1.820900
5,1,134.586733,22.593699,3.083000,22.466000,1.804200
5,1,134.612306,25.573201,2.995100,25.513201,1.555600
5,1,134.635387,23.080200,3.266500,23.210400,1.769500
5,1,134.660194,24.807598,3.363000,24.750799,2.008800
5,1,134.683369,23.175102,3.707100,23.355600,1.666200
5,1,134.710675,27.305998,2.731200,27.382401,1.575300
5,1,134.733814,23.139101,2.560700,22.956600,1.717200
5,1,134.758768,24.953902,2.875500,24.663500,1.954100
5,1,134.784371,25.602199,3.171600,25.704500,1.726200
5,1,134.804535,20.164099,3.023700,19.960400,2.387400
5,1,134.829399,24.864100,3.451800,25.103201,2.255000
5,1,134.852753,23.354702,3.388300,23.562401,1.710100
5,1,134.874993,22.239201,2.935600,22.326401,1.645500
5,1,134.898422,23.429397,2.774200,23.121201,1.694400
5,1,134.919144,20.722002,3.142000,21.138901,1.633900
5,1,134.940814,21.670401,2.577100,21.569500,1.860700
5,1,134.962650,21.835998,2.494800,21.433399,1.801500
5,1,134.985639,22.988502,2.880000,22.959600,1.975300
5,1,135.008284,22.645399,2.984400,22.858801,1.782300
5,1,135.035789,27.504999,2.774400,27.381399,1.657500
5,1,135.061874,26.085000,3.018400,26.245501,1.783700
5,1,135.086547,24.672899,2.733400,24.186300,1.675800
5,1,135.110483,23.935601,3.233100,24.171700,2.062200
5,1,135.132194,21.711200,3.242500,21.922600,1.873600
5,1,135.155335,23.141101,2.859100,22.836000,1.531400
5,1,135.180303,24.968300,2.920000,25.086100,1.829200
5,1,135.205565,25.261298,3.129100,25.479500,2.054900
5,1,135.230982,25.417700,2.687500,25.095699,1.674900
5,1,135.253677,22.694200,3.214000,23.174601,1.623000
5,1,135.276830,23.153700,2.379500,23.078300,1.703900
5,1,135.302540,25.709800,2.460400,25.311300,1.854300
5,1,135.325508,22.968199,2.717600,23.061100,1.788300
5,1,135.348943,23.434702,2.806200,23.194799,1.823700
5,1,135.372619,23.675498,3.225600,23.119400,1.947200
5,1,135.397204,24.585202,4.071800,25.246700,1.909900
5,1,135.420223,23.019399,3.345100,23.062300,2.703700
5,1,135.442705,22.481598,3.224900,22.772499,2.095700
5,1,135.465983,23.278300,2.612800,23.182100,1.987400
5,1,135.489355,23.372103,2.839600,23.359800,1.584400
5,1,135.516585,27.230300,2.713500,26.741699,1.743100
5,1,135.539042,22.456598,3.065100,22.985399,1.649300
5,1,135.564406,25.363602,2.438700,25.049000,1.632100
5,1,135.585244,20.838100,3.764000,21.206900,1.806400
5,1,135.607503,22.259697,2.580600,21.805599,1.591800
5,1,135.630368,22.864603,2.982100,23.182899,1.949600
5,1,135.652534,22.166301,2.679000,21.725401,1.643200
5,1,135.677278,24.743199,3.152500,24.752399,1.760000
5,1,135.700977,23.699701,3.056800,23.929300,1.500400
5,1,135.728245,27.268097,2.891700,26.658600,1.675300
5,1,135.752786,24.540700,3.655300,25.154301,1.754400
5,1,135.780539,27.753301,3.214500,27.513800,1.933700
5,1,135.805454,24.915002,2.931900,25.081699,1.669000
5,1,135.828963,23.509197,2.605700,23.320900,1.844800
5,1,135.854492,25.528401,2.913100,25.461300,1.674200
5,1,135.877351,22.859499,3.028000,22.976000,1.760400
5,1,135.902426,25.074501,2.887800,24.749399,1.521300
5,1,135.924970,22.544201,3.213700,23.323000,1.842100
5,1,135.949372,24.401799,2.475000,23.600201,2.518200
5,1,135.970999,21.626901,3.537400,21.895100,2.268200
5,1,135.994213,23.214199,3.384900,23.058901,2.021100
5,1,136.019182,24.969399,3.587700,25.128799,1.953000
5,1,136.044812,25.629602,3.372500,25.475000,1.840100
5,1,136.068833,24.021100,2.951900,24.508400,1.685700
5,1,136.090459,21.625899,2.390100,21.468700,1.998400
5,1,136.113673,23.214102,2.708900,23.406799,1.586500
5,1,136.136142,22.469398,2.761200,21.962900,1.716600
5,1,136.158023,21.880500,3.231700,22.135500,1.603800
5,1,136.178947,20.924300,2.810000,21.121000,1.533300
5,1,136.202062,23.114301,2.469200,23.184099,1.646700
5,1,136.226112,24.050400,2.541500,23.522699,1.824200
5,1,136.250772,24.659801,2.902300,25.079599,1.561400
5,1,136.276126,25.353700,2.538700,25.164499,1.749800
5,1,136.297863,21.737400,2.606700,21.486099,1.639500
5,1,136.322629,24.766497,2.832100,24.755501,1.526400
5,1,136.346376,23.746703,2.918000,23.844200,1.660800
5,1,136.371125,24.749298,2.826700,24.997999,1.676300
5,1,136.394281,23.155101,2.508100,23.147699,1.574400
5,1,136.417658,23.377798,2.508800,23.322901,1.475800
5,1,136.443643,25.984403,2.744300,26.070900,2.431700
5,1,136.466335,22.691999,2.557200,22.350700,1.818000
5,1,136.487924,21.589700,2.792200,21.324100,1.680500
5,1,136.512597,24.672698,3.240500,24.642500,1.744300
5,1,136.534226,21.628402,3.341800,21.975100,1.851700
5,1,136.555173,20.947400,3.084200,20.966600,1.893500
5,1,136.577427,22.254597,3.398900,22.431601,2.080300
5,1,136.598888,21.460202,2.741800,20.925501,1.622300
5,1,136.623522,24.634201,3.154500,25.086599,1.461600
5,1,136.644556,21.034099,2.741300,21.038799,1.590300
5,1,136.669042,24.486300,2.795700,24.320000,2.167000
5,1,136.690850,21.808099,2.998700,21.882601,1.707500
5,1,136.712918,22.067700,2.799100,22.212601,1.884400
5,1,136.736901,23.982402,2.612000,23.671301,1.879700
5,1,136.759010,22.109300,3.111600,22.484501,2.900000
5,1,136.786899,27.889401,2.823400,27.444099,1.815400
5,1,136.812446,25.547199,2.941000,25.728800,1.585900
5,1,136.837297,24.850201,2.668900,24.746500,1.618900
5,1,136.858011,20.714801,2.959000,21.003799,1.558900
5,1,136.882959,24.947997,2.401400,24.720200,1.503400
5,1,136.905964,23.004301,2.881200,23.174601,1.562300
5,1,136.929437,23.473199,2.531700,23.164801,1.557600
5,1,136.952395,22.957902,2.787000,22.876200,1.871300
5,1,136.975266,22.870798,2.783600,22.903200,1.779100
5,1,136.996276,21.010201,2.690400,20.998301,1.863100
5,1,137.020900,24.623699,2.669200,24.483101,1.513000
5,1,137.041825,20.925201,2.972100,21.345800,1.625000
5,1,137.065983,24.157900,2.633900,23.498501,1.964000
5,1,137.090751,24.768498,3.378600,25.099899,1.736500
5,1,137.115753,25.002200,3.367800,25.013201,2.172300
5,1,137.139328,23.574602,3.274700,23.575100,2.717200
5,1,137.162921,23.592699,3.111800,23.294399,2.076600
5,1,137.187539,24.618000,3.305800,24.829399,1.964200
5,1,137.210985,23.445901,2.998200,23.636499,1.980400
5,1,137.232001,21.016698,2.542800,20.947300,1.987700
5,1,137.257626,25.625002,2.949100,25.182501,1.897700
5,1,137.279918,22.292200,3.459300,22.857500,2.021600
5,1,137.302057,22.138398,2.782000,22.056400,1.919900
5,1,137.325280,23.223501,2.688200,23.457100,1.908100
5,1,137.346479,21.198999,2.272100,20.952400,1.711400
5,1,137.369909,23.430102,2.614900,23.445999,1.850800
5,1,137.394555,24.645500,2.582100,24.517401,1.804600
5,1,137.419195,24.640199,2.730500,24.823799,1.426300
5,1,137.444169,24.974201,2.661400,24.429300,2.009900
5,1,137.470060,25.890801,3.346700,25.774700,2.234200
5,1,137.495405,25.344897,3.656100,25.355600,1.793900
5,1,137.519896,24.490800,3.764400,24.860100,2.120700
5,1,137.545203,25.307402,3.168900,25.334600,2.004100
5,1,137.570741,25.538098,3.074800,25.490101,1.654200
5,1,137.593526,22.784501,2.768800,23.126301,1.653000
5,1,137.618996,25.470398,2.510900,24.913500,1.904500
5,1,137.645673,26.677001,3.329800,27.010599,2.857600
5,1,137.668999,23.325399,3.017600,23.450800,1.664600
5,1,137.692068,23.069303,2.496800,23.167700,1.923100
5,1,137.715905,23.836996,2.328500,23.224199,1.957600
5,1,137.741919,26.014302,2.871300,25.851299,1.939400
5,1,137.766432,24.512801,3.299600,24.891800,1.936200
5,1,137.789166,22.733599,2.859100,22.711500,1.576200
5,1,137.816410,27.244601,2.968200,27.093700,1.846000
5,1,137.839247,22.836499,3.233700,22.945200,2.256300
5,1,137.862201,22.954199,3.066000,22.677999,2.897400
5,1,137.883482,21.280799,3.171900,21.744301,1.737200
5,1,137.906836,23.354102,2.718800,23.065701,1.960700
5,1,137.930344,23.508199,2.932200,23.575701,1.669200
5,1,137.953161,22.817101,2.841500,22.984900,2.429900
5,1,137.978275,25.113799,2.914500,24.367399,2.299500
5,1,138.000704,22.428799,4.293400,22.683599,2.160600
5,1,138.023874,23.169901,3.582500,22.940901,1.838600
5,1,138.050466,26.592299,3.856100,27.215799,1.969700
5,1,138.078016,27.550202,2.799100,27.201401,2.045300
5,1,138.101962,23.945797,3.545100,24.040501,2.943800
5,1,138.127007,25.045503,3.056100,25.094601,2.166500
5,1,138.153210,26.202500,3.257300,26.329300,2.180700
5,1,138.178067,24.857197,3.057500,24.702499,2.004800
5,1,138.203656,25.588501,2.873600,24.935400,1.879300
5,1,138.226567,22.911500,3.578400,23.398800,1.697100
5,1,138.247645,21.078099,3.186500,21.253099,1.817900
5,1,138.270999,23.353901,3.004400,23.481001,1.807100
5,1,138.294541,23.542300,2.793800,23.454800,1.881000
5,1,138.318029,23.487899,2.720600,23.379700,1.809800
5,1,138.343023,24.993502,2.958500,25.306200,1.557500
5,1,138.367036,24.012901,2.725800,23.487499,1.475100
5,1,138.389420,22.384100,3.031700,22.231001,1.488400
5,1,138.412391,22.970799,3.105700,23.272900,1.497700
5,1,138.437152,24.761699,2.777700,25.063700,1.861800
5,1,138.460020,22.867601,2.462600,22.686300,1.794000
5,1,138.482817,22.797499,2.504400,22.873400,1.953900
5,1,138.506686,23.868401,2.648900,23.493500,1.617400
5,1,138.530058,23.371901,2.997500,23.567301,1.862300
5,1,138.553111,23.052998,2.944600,22.804199,1.848400
5,1,138.575042,21.931402,3.627800,22.015100,1.946500
5,1,138.598437,23.395199,3.345300,23.224600,1.675100
5,1,138.623892,25.454700,3.247900,25.147301,1.831700
5,1,138.646422,22.529699,3.617900,23.365400,1.684700
5,1,138.672567,26.145201,2.453500,25.375601,1.982600
5,1,138.693339,20.772099,2.795300,21.057199,2.082900
5,1,138.717727,24.388000,2.999400,24.841900,2.009700
5,1,138.740290,22.562601,2.613200,21.964701,1.853000
5,1,138.765185,24.895400,3.028600,25.065800,1.776200
5,1,138.792152,26.966900,3.126300,27.169201,1.991200
5,1,138.818289,26.136998,3.070000,25.799000,1.937500
5,1,138.839253,20.964302,3.290800,21.154699,1.956100
5,1,138.866385,27.132098,2.955700,27.198700,1.684100
5,1,138.891676,25.291000,2.899500,25.569099,1.515400
5,1,138.918170,26.493803,3.304400,26.397400,1.470500
5,1,138.940047,21.877199,2.637800,21.570801,1.662100
5,1,138.963032,22.984900,2.782200,23.296499,1.704600
5,1,138.987425,24.393201,2.521100,24.003901,1.495500
5,1,139.013250,25.824998,2.833800,26.144899,1.501700
5,1,139.038707,25.456801,2.692600,25.198700,1.875300
5,1,139.063959,25.251500,2.806300,25.310200,1.903600
5,1,139.088344,24.385300,2.775400,24.002399,2.376900
5,1,139.110860,22.516001,3.325700,22.677000,3.026500
5,1,139.134218,23.358300,3.319200,23.662399,2.746100
5,1,139.159390,25.171299,2.591100,24.840599,1.779800
5,1,139.186810,27.420700,2.845000,27.682600,1.611600
5,1,139.211878,25.067803,2.677200,25.052700,1.745600
5,1,139.237377,25.499199,2.492600,25.158100,1.803100
5,1,139.261009,23.631401,3.017100,23.065701,2.023300
5,1,139.283984,22.975300,3.762700,23.427500,1.794000
5,1,139.304495,20.510901,3.528100,20.515600,1.854700
5,1,139.328013,23.517899,3.260500,23.431299,1.753500
5,1,139.352930,24.917200,3.412200,24.972500,1.775400
5,1,139.377044,24.114199,3.210800,24.741199,1.491600
5,1,139.400786,23.742002,2.570400,23.333599,1.758300
5,1,139.424297,23.510698,2.608200,23.112900,1.577500
5,1,139.446458,22.161201,3.158000,22.916201,2.065000
5,1,139.469375,22.916999,2.730200,22.787001,1.495000
5,1,139.491092,21.716401,2.720700,21.642799,2.050800
5,1,139.511987,20.895898,3.303100,21.009501,1.422100
5,1,139.535457,23.469903,2.502600,23.385700,2.278000
5,1,139.562489,27.031500,2.725400,27.031099,1.878900
5,1,139.588795,26.306499,2.753900,25.949400,2.097200
5,1,139.615437,26.641998,2.806800,26.681400,2.050100
5,1,139.637583,22.145603,3.036900,21.761499,1.695000
5,1,139.661851,24.268199,3.464300,24.852699,1.736800
5,1,139.688262,26.410602,2.625600,26.121599,2.275800
5,1,139.712040,23.778398,2.831300,24.331600,2.097500
5,1,139.735614,23.574300,2.407900,23.255800,2.255400
5,1,139.758200,22.585999,2.722700,22.629700,1.692300
5,1,139.783470,25.269601,2.788000,25.170601,1.713100
5,1,139.806697,23.227498,3.100700,23.176500,1.602700
5,1,139.829870,23.172401,2.655600,23.401199,1.712800
5,1,139.853748,23.878202,2.692400,23.675301,1.935100
5,1,139.877286,23.538299,2.726000,23.631201,1.855900
5,1,139.901669,24.382599,2.647200,24.326000,2.895600
5,1,139.924430,22.760600,2.818200,22.504200,2.123800
5,1,139.945778,21.348003,3.404300,21.670099,1.725300
5,1,139.968129,22.351399,2.861600,22.477400,2.175700
5,1,139.990479,22.349801,2.570500,21.592800,1.844200
5,1,140.012975,22.496298,3.242700,23.033800,2.001200
5,1,140.034239,21.263599,2.593800,21.023500,2.043700
5,1,140.062271,28.032701,2.763400,28.060499,2.059100
5,1,140.086931,24.659801,2.904400,24.803600,1.834800
5,1,140.111597,24.665996,2.469900,24.817900,2.004200
5,1,140.136200,24.602700,2.479200,24.058100,1.868100
5,1,140.159121,22.920702,3.332500,23.322800,1.779600
5,1,140.184428,25.307599,2.644700,25.316299,1.529600
5,1,140.209825,25.396500,2.896200,25.057899,2.233800
5,1,140.232825,23.000401,3.277100,23.426100,1.519300
5,1,140.256098,23.273300,2.453300,23.253000,1.923600
5,1,140.277440,21.341600,2.514500,21.115400,1.695700
5,1,140.300287,22.847202,2.726400,22.862000,1.571000
5,1,140.325366,25.078900,2.759600,24.828300,1.533900
5,1,140.346416,21.050099,3.034900,21.344601,1.763300
5,1,140.371501,25.084600,2.946400,25.174601,1.619600
5,1,140.395143,23.642201,2.450000,23.663500,1.657600
5,1,140.418655,23.512099,2.301600,23.032200,1.635400
5,1,140.441444,22.788499,2.780400,23.356001,1.744400
5,1,140.465421,23.977000,2.218200,23.241301,2.071700
5,1,140.488936,23.515102,3.399600,23.523600,1.948800
5,1,140.509842,20.906299,3.474700,20.766001,2.130100
5,1,140.531648,21.806300,3.786900,22.534401,1.953200
5,1,140.552915,21.267101,2.456700,21.092699,1.781200
5,1,140.577551,24.636000,2.701800,24.499201,2.108400
5,1,140.600815,23.263898,2.960200,23.361401,2.024300
5,1,140.622242,21.426402,2.722600,21.222200,1.639300
5,1,140.648831,26.588898,2.956500,26.647800,1.741900
5,1,140.671982,23.151599,2.982700,23.379700,1.730800
5,1,140.695745,23.762502,2.431400,23.418301,1.606700
5,1,140.718911,23.166101,2.773300,22.962500,1.626400
5,1,140.740548,21.637399,2.886000,21.975000,1.725900
5,1,140.763431,22.882301,2.817800,22.473101,1.660100
5,1,140.785977,22.546798,3.029300,22.942600,1.592200
5,1,140.811933,25.956001,2.751900,25.571199,2.162800
5,1,140.836452,24.519000,3.063000,24.921301,1.849500
5,1,140.861117,24.664499,2.650600,24.834700,1.656900
5,1,140.884234,23.116801,2.307300,23.047899,2.154800
5,1,140.910314,26.080098,2.483700,25.423500,1.498000
5,1,140.931406,21.092102,3.257900,21.687201,1.469000
5,1,140.955053,23.647398,2.552400,23.318399,2.155900
5,1,140.981992,26.938502,2.926100,27.316099,1.824000
5,1,141.007187,25.195099,2.460500,25.049900,1.745900
5,1,141.030350,23.162801,2.615300,22.708200,1.754200
5,1,141.053928,23.578599,3.164600,23.936001,1.482100
5,1,141.077530,23.601901,2.928300,23.113001,2.360700
5,1,141.102051,24.520900,3.756500,24.956200,1.830400
5,1,141.130080,28.028999,3.230800,27.905600,2.195800
5,1,141.154554,24.474200,3.186700,24.835300,1.977800
5,1,141.178571,24.016403,2.570000,23.678499,1.710700
5,1,141.201933,23.362100,2.772900,23.712500,1.613600
5,1,141.226112,24.179298,2.365400,23.653299,1.600200
5,1,141.248770,22.657800,2.835400,23.111700,1.657700
5,1,141.271775,23.005698,2.437200,22.957600,2.150900
5,1,141.294820,23.044001,2.547400,22.995199,1.814400
5,1,141.318357,23.537099,2.486100,23.239100,2.328900
5,1,141.346597,28.240100,3.360800,27.843300,1.943500
5,1,141.374208,27.610902,3.369000,27.762300,2.120100
5,1,141.396738,22.530701,3.517300,22.952499,2.760700
5,1,141.422919,26.180699,2.698400,26.133900,1.732100
5,1,141.447841,24.921499,2.533400,25.022800,2.240000
5,1,141.471366,23.525402,2.460900,23.392000,1.533600
5,1,141.495271,23.904599,2.989300,24.029699,1.537500
5,1,141.518228,22.957698,2.604700,22.250000,1.726600
5,1,141.542757,24.528801,3.120400,24.917700,1.627200
5,1,141.564309,21.551799,3.028700,21.301500,1.725700
5,1,141.589091,24.781700,3.298200,24.881500,1.749000
5,1,141.614262,25.171701,3.099400,24.982901,1.799700
5,1,141.638404,24.141401,3.889000,24.321899,1.897000
5,1,141.661798,23.394398,3.768300,23.451000,2.396500
5,1,141.686234,24.436399,4.554000,24.519100,2.153100
5,1,141.708931,22.696503,3.152600,22.637199,1.907700
5,1,141.731887,22.955999,3.008400,22.995399,1.523700
5,1,141.756930,25.042798,2.728000,24.960199,1.614900
5,1,141.779670,22.740301,3.135300,23.055901,1.793200
5,1,141.805513,25.842700,2.568100,25.327299,1.791800
6,1,159.363992,23.434099,2.939100,23.451300,1.784500
6,1,159.387445,23.453001,2.730800,23.570400,1.864900
6,1,159.412995,25.550701,2.872300,25.224300,1.907200
6,1,159.438224,25.228299,3.155100,25.670099,2.077600
6,1,159.461416,23.192100,2.446800,23.202200,1.979100
6,1,159.484586,23.170300,2.480900,23.191401,1.514100
6,1,159.507885,23.299299,2.297800,23.203400,1.441600
6,1,159.531048,23.162302,2.473900,22.961000,1.695400
6,1,159.558016,26.968401,2.934100,27.037500,2.004100
6,1,159.580816,22.799600,2.635800,23.041300,1.718000
6,1,159.606532,25.716498,2.376600,25.121000,1.607400
6,1,159.629652,23.119900,2.791700,23.132099,1.658600
6,1,159.653068,23.416199,3.207700,23.499201,1.797000
6,1,159.681483,28.414503,2.734000,28.229300,1.685700
6,1,159.706172,24.689399,3.310000,25.002501,1.729800
6,1,159.732214,26.041899,2.694500,25.732201,1.556400
6,1,159.756803,24.588600,2.904700,24.469200,2.080900
6,1,159.779599,22.796899,3.287100,23.093000,1.932000
6,1,159.804523,24.923801,2.961900,24.634399,2.280000
6,1,159.826879,22.355601,3.307300,22.767500,2.366000
6,1,159.850339,23.460198,2.673900,23.439301,1.676200
6,1,159.871742,21.402802,2.768100,21.114201,1.431200
6,1,159.896575,24.832599,2.926100,24.370600,1.534000
6,1,159.918427,21.852002,3.260700,22.816299,1.628800
6,1,159.940352,21.925200,2.469300,21.812000,1.563200
6,1,159.964158,23.806099,2.503200,23.304001,1.414500
6,1,159.987763,23.605600,2.833400,23.613899,1.618800
6,1,160.010490,22.727001,2.820900,23.108500,1.286900
6,1,160.033476,22.985797,2.633400,23.024500,1.549100
6,1,160.057360,23.883499,2.629300,23.419001,1.491400
6,1,160.079841,22.481300,3.444100,22.719101,1.698100
6,1,160.103019,23.178101,2.956700,23.409700,1.670400
6,1,160.129238,26.219100,2.490400,25.713600,1.571400
6,1,160.153964,24.726000,3.282800,25.257401,1.954500
6,1,160.181606,27.641900,2.672800,27.316500,1.619400
6,1,160.202401,20.794902,2.631600,20.995001,1.998400
6,1,160.225826,23.424599,2.543800,23.405600,2.402100
6,1,160.249170,23.344800,2.763300,23.076700,1.646300
6,1,160.272004,22.833902,2.760700,23.107800,1.645200
6,1,160.297254,25.249500,2.790200,25.003300,1.691500
6,1,160.320931,23.677200,2.874800,23.805500,1.882400
6,1,160.346301,25.370300,2.638700,25.156000,1.601800
6,1,160.369449,23.147799,2.803900,23.292200,2.465000
6,1,160.395043,25.593400,3.348400,25.265800,2.014500
6,1,160.415604,20.561200,3.492100,20.513901,1.894700
6,1,160.438234,22.629898,3.124900,23.217100,2.087400
6,1,160.459637,21.403003,2.470100,21.120600,1.823600
6,1,160.485194,25.557399,2.858800,25.332899,1.728200
6,1,160.510151,24.956901,2.894100,25.169600,1.569300
6,1,160.536080,25.929499,2.923500,25.602400,1.803100
6,1,160.562410,26.329700,2.964900,26.675699,1.845900
6,1,160.585956,23.546301,2.761200,23.721600,1.766900
6,1,160.610331,24.374399,2.570900,23.577801,1.813000
6,1,160.635057,24.726398,3.029000,25.120100,1.768100
6,1,160.658223,23.166001,2.861600,23.180901,1.873900
6,1,160.683487,25.264099,2.927000,25.421301,1.903600
6,1,160.706457,22.970002,2.625100,22.994600,2.090200
6,1,160.732416,25.958598,2.598500,25.668900,2.117700
6,1,160.758585,26.169002,2.904800,26.169500,2.690800
6,1,160.783175,24.589799,3.081200,24.962700,1.578300
6,1,160.810891,27.716398,2.747400,27.507601,1.814500
6,1,160.832691,21.800000,2.781100,21.631800,1.720200
6,1,160.857714,25.022902,2.720300,25.101200,1.646800
6,1,160.880305,22.590701,2.886300,22.434900,1.741800
6,1,160.906469,26.164398,2.815500,26.357700,1.969000
6,1,160.933706,27.237300,2.827200,26.968700,1.960100
6,1,160.959916,26.209101,3.230800,25.412600,2.557100
6,1,160.986694,26.778601,3.980300,27.321600,2.070500
6,1,161.015142,28.448198,3.562700,28.966700,2.288800
6,1,161.038393,23.251101,3.065400,23.066999,1.641500
6,1,161.060052,21.658801,2.744400,21.339800,1.867900
6,1,161.082567,22.514898,3.350500,22.590300,1.825900
6,1,161.104095,21.527402,3.422800,21.554199,1.538600
6,1,161.127009,22.914298,3.293200,23.412100,1.782700
6,1,161.150203,23.193702,2.429100,22.884001,1.951700
6,1,161.172034,21.831598,2.768100,21.261999,1.493200
6,1,161.196313,24.279002,3.456800,24.866600,2.123600
6,1,161.217025,20.711500,2.942000,20.898800,1.943100
6,1,161.241855,24.830498,2.615200,24.334900,2.032000
6,1,161.264852,22.996802,3.060900,23.222401,1.652600
6,1,161.289688,24.836399,2.860200,24.598301,1.445500
6,1,161.313044,23.355700,3.020600,23.785801,1.524500
6,1,161.339327,26.282899,2.637400,26.251200,1.846000
6,1,161.364585,25.257602,2.937200,24.812599,2.033700
6,1,161.387534,22.949200,3.152700,23.329399,1.613300
6,1,161.411090,23.556199,2.616500,23.367201,1.992900
6,1,161.436492,25.401700,3.031400,25.162701,1.825700
6,1,161.459728,23.236100,3.205800,23.475901,1.662400
6,1,161.484779,25.051501,2.749200,24.936199,1.683800
6,1,161.509085,24.305299,2.706500,24.405100,1.690200
6,1,161.533076,23.991302,2.755900,23.369499,2.248400
6,1,161.555854,22.777800,3.516600,23.349800,1.964500
6,1,161.583121,27.267098,2.885300,26.601900,2.131100
6,1,161.606886,23.765001,3.707200,24.783899,2.244900
6,1,161.630707,23.821399,2.471700,23.556999,1.731600
6,1,161.655524,24.817001,2.774600,24.591499,2.265100
6,1,161.682443,26.919000,3.076300,26.893600,1.774100
6,1,161.708326,25.883202,3.038400,25.339100,2.146700
6,1,161.732869,24.542999,4.327100,25.422899,1.740100
6,1,161.759866,26.996199,2.813200,26.444901,1.852700
6,1,161.784715,24.849501,3.418200,25.444099,1.884000
6,1,161.807981,23.266301,2.346800,22.825199,1.692000
6,1,161.831760,23.778498,2.839300,23.824600,1.691600
6,1,161.854028,22.267703,2.802100,22.644501,1.541100
6,1,161.878624,24.596900,2.318300,24.482901,1.656800
6,1,161.900434,21.809999,2.555100,21.105700,1.920100
6,1,161.925190,24.755999,3.456100,24.879700,1.498400
6,1,161.946609,21.418400,3.164300,21.036400,1.601500
6,1,161.972346,25.736902,3.437200,26.141500,1.501100
6,1,161.992467,20.121597,3.068100,20.021700,3.450700
6,1,162.015671,23.203701,3.230400,23.224600,1.412700
6,1,162.038210,22.538699,3.199000,23.171101,1.500100
6,1,162.067952,29.741902,2.521800,29.709200,2.260200
6,1,162.091331,23.379602,2.618100,22.930000,1.897800
6,1,162.117398,26.067097,3.148100,25.747900,1.587700
6,1,162.140518,23.119900,4.496300,23.682800,2.435200
6,1,162.163046,22.527602,3.672600,22.623699,1.992200
6,1,162.185867,22.820700,2.745700,22.637699,1.794400
6,1,162.206940,21.073498,2.767000,20.834801,1.734000
6,1,162.229787,22.847302,3.009300,22.693600,1.870100
6,1,162.253855,24.067700,3.331900,24.573700,2.117000
6,1,162.277180,23.324501,2.687600,23.120300,1.948000
6,1,162.298860,21.680199,2.737700,21.470301,1.657000
6,1,162.321638,22.778500,3.039400,22.766600,1.743400
6,1,162.345851,24.212301,3.033000,24.658600,1.840000
6,1,162.373301,27.450100,2.617200,27.029301,1.669300
6,1,162.396879,23.578800,3.039400,23.837799,1.497500
6,1,162.423691,26.812099,2.656600,26.912500,1.838200
6,1,162.449123,25.431599,2.932900,25.275000,1.941400
6,1,162.473855,24.731800,2.729300,24.915600,2.008600
6,1,162.495339,21.484502,2.653000,21.511200,1.480100
6,1,162.517976,22.636801,2.399300,22.688601,1.521600
6,1,162.542815,24.838999,2.415900,24.726299,1.406200
6,1,162.566182,23.366500,2.462500,22.994200,1.932800
6,1,162.591304,25.122602,2.882800,25.180401,1.491600
6,1,162.616341,25.036998,2.814800,24.770700,1.663300
6,1,162.641445,25.103502,3.167400,25.443300,1.778400
6,1,162.668446,27.000997,2.543700,26.769699,1.701300
6,1,162.693686,25.240202,2.926400,25.576599,1.835300
6,1,162.718905,25.218599,2.470600,24.763201,2.144900
6,1,162.739682,20.777602,3.102100,20.917299,2.248700
6,1,162.762176,22.493798,3.050100,22.715300,2.025200
6,1,162.784514,22.338003,2.749600,22.486500,1.928600
6,1,162.805950,21.435898,2.540000,21.295500,1.584000
6,1,162.831029,25.078699,2.611500,24.688101,1.486100
6,1,162.854664,23.635503,3.078300,23.497000,1.717700
6,1,162.875401,20.737298,3.687300,20.815300,1.616400
6,1,162.898459,23.057602,3.387500,23.199100,1.454000
6,1,162.920198,21.738499,2.900100,21.304701,2.018800
6,1,162.942504,22.306900,3.436800,22.780399,1.597300
6,1,162.968955,26.450299,2.821300,25.684700,1.577900
6,1,162.993532,24.577599,3.750200,25.177700,2.191700
6,1,163.018648,25.115401,3.250200,25.335199,1.661300
6,1,163.043177,24.529502,2.742900,24.785299,1.727200
6,1,163.066773,23.596197,2.450800,23.487600,1.678100
6,1,163.089826,23.053002,2.490200,22.898199,1.858200
6,1,163.114563,24.736099,2.769700,24.729500,1.649700
6,1,163.137371,22.808999,2.700700,22.698799,1.693600
6,1,163.160146,22.774700,2.647100,23.123501,1.782700
6,1,163.182941,22.794902,2.615900,22.686001,1.493800
6,1,163.206508,23.566399,2.653800,23.175900,1.795200
6,1,163.229871,23.363400,2.908500,23.355000,1.533000
6,1,163.250247,20.375799,2.983200,20.796400,1.609500
6,1,163.273078,22.831101,2.541700,22.682501,1.779300
6,1,163.296370,23.291700,2.597100,23.162701,1.352900
6,1,163.319444,23.074802,2.829400,22.639900,1.796300
6,1,163.342252,22.807200,3.261800,23.410900,1.700400
6,1,163.363341,21.089301,2.579300,21.037901,2.405900
6,1,163.388098,24.757400,2.797900,24.709499,1.872500
6,1,163.412082,23.983799,2.667200,23.465900,1.560000
6,1,163.434857,22.774801,3.286500,22.947701,1.881600
6,1,163.462205,27.347900,2.971700,26.997499,1.919200
6,1,163.487736,25.531698,3.334400,25.574900,1.911000
6,1,163.509800,22.063501,3.625900,22.220800,1.999700
6,1,163.534172,24.371698,3.057300,25.019501,1.803700
6,1,163.560381,26.209600,2.481000,25.515499,1.574100
6,1,163.584972,24.591200,3.070500,24.775299,1.746000
6,1,163.610262,25.289599,2.777100,25.655399,1.736000
6,1,163.633807,23.545101,2.622800,23.037800,2.321200
6,1,163.657318,23.511000,3.176900,23.611300,1.716500
6,1,163.682057,24.739001,2.970000,24.753500,1.564900
6,1,163.708719,26.661601,3.997200,26.823700,1.927500
6,1,163.734565,25.846697,3.001800,25.569000,1.604700
6,1,163.755333,20.767700,2.992600,20.994600,1.656900
6,1,163.780558,25.224403,3.066800,25.350100,1.637700
6,1,163.805142,24.584398,2.707400,24.609400,1.758000
6,1,163.830173,25.031500,2.638500,24.564899,1.696000
6,1,163.857678,27.504902,3.139600,27.423100,2.033900
6,1,163.885701,28.022699,3.184600,27.930901,1.587300
6,1,163.908021,22.319600,3.422900,22.795700,2.066500
6,1,163.931743,23.722298,2.697300,23.607500,1.871800
6,1,163.956904,25.161002,2.989600,25.160200,1.903700
6,1,163.981821,24.916802,2.945500,24.713900,1.824100
6,1,164.008664,26.843600,2.969200,27.146900,2.013100
6,1,164.034110,25.445499,2.557900,25.440300,1.793100
6,1,164.057915,23.805499,2.572300,23.640600,1.577300
6,1,164.083485,25.569402,3.110400,25.366100,1.826600
6,1,164.108860,25.375299,3.097400,25.656900,1.593100
6,1,164.134325,25.465101,2.693000,25.106400,1.917100
6,1,164.159652,25.326498,2.935400,25.361799,2.069900
6,1,164.182650,22.998501,2.831000,23.077400,1.618600
6,1,164.206115,23.465000,2.719600,23.258600,1.869600
6,1,164.229288,23.172602,3.453500,23.214500,2.018200
6,1,164.252595,23.306999,3.464800,23.707001,1.648800
6,1,164.278146,25.551397,2.851000,25.386000,1.783400
6,1,164.303123,24.977103,2.994000,24.981501,2.067900
6,1,164.327623,24.499699,2.963100,24.724800,1.866000
6,1,164.355151,27.528301,2.832400,27.117100,1.834800
6,1,164.380182,25.030997,3.336100,25.451900,1.861300
6,1,164.403572,23.389302,2.561600,23.246401,1.445100
6,1,164.428660,25.088500,2.583700,24.954700,1.653700
6,1,164.450876,22.216100,2.901700,21.949900,1.776600
6,1,164.474267,23.390900,3.012100,23.250900,1.623600
6,1,164.498504,24.237197,3.351600,24.580601,2.179200
6,1,164.527431,28.926302,3.340400,26.970900,2.323500
6,1,164.548275,20.844098,5.047700,22.936199,2.147900
6,1,164.571456,23.181003,3.187600,23.117001,1.991900
6,1,164.599013,27.557898,3.333800,27.175800,1.760300
6,1,164.624735,25.721300,2.973900,25.880600,1.659800
6,1,164.648059,23.324199,3.052100,23.446600,2.162800
6,1,164.673374,25.315203,2.874400,24.777800,1.407800
6,1,164.696146,22.771798,3.321900,23.213499,2.118300
6,1,164.719562,23.416001,2.844200,23.589100,1.505600
6,1,164.744923,25.360599,2.646500,24.894300,1.639000
6,1,164.770086,25.163699,3.400700,25.287201,1.801900
6,1,164.791072,20.985600,3.294400,21.326799,1.714000
6,1,164.818910,27.837802,3.123900,27.785601,1.668100
6,1,164.844447,25.537200,2.933600,25.399700,1.613800
6,1,164.870411,25.964301,3.142300,25.754700,1.898200
6,1,164.897427,27.015999,3.186300,27.418800,1.782900
6,1,164.921005,23.577999,2.516300,23.508699,1.866900
6,1,164.944982,23.976501,2.848800,23.684500,1.973200
6,1,164.972182,27.200498,2.784200,26.988701,2.082500
6,1,164.995963,23.780502,3.117600,24.026501,1.802900
6,1,165.020992,25.029100,2.884900,25.391100,1.763600
6,1,165.044516,23.524299,2.474900,23.095301,1.574900
6,1,165.068758,24.241798,2.828200,24.124201,1.736500
6,1,165.089837,21.078903,3.210400,20.930500,1.910300
6,1,165.115030,25.193397,3.291900,25.283199,2.267100
6,1,165.137942,22.911500,3.183200,23.281000,2.084800
6,1,165.162793,24.851702,2.741700,25.110901,1.671100
6,1,165.188042,25.248099,2.397400,25.066900,1.588500
6,1,165.211697,23.655601,2.592000,23.195499,2.539900
6,1,165.233426,21.728899,3.153600,22.114401,1.888500
6,1,165.256721,23.295201,2.893700,22.928200,1.816200
6,1,165.285551,28.830197,3.034200,29.458500,1.830100
6,1,165.311423,25.872100,2.391700,25.618099,1.739200
6,1,165.334428,23.004603,2.417600,23.044600,1.665200
6,1,165.359802,25.373600,2.368500,24.926201,1.853000
6,1,165.383062,23.260400,3.005900,23.366301,1.410300
6,1,165.405896,22.833399,2.960100,23.122000,1.439700
6,1,165.428877,22.981398,2.687100,22.552799,1.740500
6,1,165.452371,23.494501,3.020900,23.534800,1.715300
6,1,165.476165,23.793302,2.924400,23.459499,1.723500
6,1,165.500445,24.279799,3.357300,24.718700,2.100700
6,1,165.527671,27.226798,2.753000,27.388901,1.574600
6,1,165.551290,23.618300,2.602000,23.693600,1.685400
6,1,165.576761,25.471102,2.475100,25.285000,1.678800
6,1,165.598545,21.784600,2.855900,21.414700,1.478100
6,1,165.623432,24.886299,3.153900,25.121500,1.712200
6,1,165.649308,25.876701,2.861100,25.826099,1.715700
6,1,165.671882,22.573400,3.025000,22.700199,2.053800
6,1,165.697703,25.821399,2.977700,25.163200,1.768400
6,1,165.722329,24.626300,3.622700,24.987301,2.120400
6,1,165.743531,21.201499,3.444700,21.582199,2.301300
6,1,165.772910,29.378902,2.648900,29.230301,1.779000
6,1,165.796285,23.375500,2.704900,23.391199,1.561600
6,1,165.821206,24.921000,2.757500,24.995300,1.893100
6,1,165.846732,25.525499,2.691600,25.095900,1.753200
6,1,165.871777,25.045201,2.896300,25.590599,1.612600
6,1,165.894615,22.838000,2.675400,22.697001,1.794300
6,1,165.917950,23.334898,2.634100,23.113899,1.924500
6,1,165.943253,25.303200,2.965300,25.491400,1.848700
6,1,165.966160,22.907302,2.582200,23.039600,2.185600
6,1,165.989663,23.502398,2.505300,22.982300,1.614200
6,1,166.014405,24.742302,2.921500,24.660500,2.062400
6,1,166.036908,22.502400,3.033200,22.662500,1.875500
6,1,166.058134,21.226499,3.163800,21.483400,1.592800
6,1,166.079282,21.148499,3.173800,21.178499,1.939500
6,1,166.101041,21.758299,2.611200,21.368000,1.814500
6,1,166.125722,24.681501,3.207900,25.160299,1.470100
6,1,166.147323,21.601100,2.305800,21.308399,1.793700
6,1,166.171408,24.084702,2.842700,24.414700,1.749500
6,1,166.194993,23.584601,2.526300,23.218901,1.534900
6,1,166.218485,23.492698,2.728200,23.200899,1.817100
6,1,166.246800,28.314799,3.181700,27.984600,1.432800
6,1,166.271943,25.142703,4.098200,25.836300,1.988500
6,1,166.296467,24.524197,2.986700,24.005100,1.772600
6,1,166.320798,24.330702,3.093300,25.075399,1.954900
6,1,166.343975,23.177501,2.429900,22.660400,1.829400
6,1,166.367477,23.501400,2.840000,23.805401,1.645500
6,1,166.390172,22.695698,3.141500,22.754700,1.987800
6,1,166.412287,22.114903,2.606500,21.869499,1.790900
6,1,166.438761,26.473999,2.892600,26.644300,1.814800
6,1,166.462441,23.679201,2.871500,23.010599,1.601600
6,1,166.486891,24.450198,3.092700,25.062300,2.066300
6,1,166.511491,24.600800,2.386800,24.639400,1.540000
6,1,166.535166,23.674402,2.631200,23.412600,2.030100
6,1,166.560738,25.571797,2.679500,25.014601,1.692500
6,1,166.587875,27.137000,3.382800,27.479000,1.649000
6,1,166.611240,23.365002,3.010500,23.465401,1.819600
6,1,166.634907,23.667298,3.260600,24.007401,2.232900
6,1,166.659557,24.650000,2.788300,24.443899,1.818200
6,1,166.688957,29.400300,2.800800,29.091600,1.808200
6,1,166.712691,23.733202,3.141000,23.866899,1.516900
6,1,166.734569,21.878798,2.965600,22.304100,1.457200
6,1,166.758318,23.748402,2.394500,23.539700,1.939000
6,1,166.780374,22.055998,2.871200,22.230301,1.580700
6,1,166.803637,23.263499,2.459700,23.206400,1.735200
6,1,166.827550,23.912802,2.477600,23.316900,1.497400
6,1,166.849869,22.318698,3.120500,22.545700,1.827600
6,1,166.871863,21.994200,2.979100,21.630800,1.629200
6,1,166.894122,22.258900,3.408600,22.545700,1.897200
6,1,166.914885,20.763200,3.269100,21.173901,1.734900
6,1,166.939673,24.787601,2.749900,24.521200,2.188500
6,1,166.961036,21.363400,2.898100,21.518200,1.524100
6,1,166.984877,23.841299,2.611800,23.729401,1.740700
6,1,167.008712,23.835100,2.807600,24.015100,1.723100
6,1,167.033374,24.661399,2.431100,23.510000,1.624500
6,1,167.061492,28.118201,3.605800,28.228701,1.639500
6,1,167.087269,25.776900,3.543100,26.634800,1.649300
6,1,167.114202,26.933301,2.758100,25.637199,1.939900
6,1,167.137856,23.653600,5.128900,25.076099,1.917100
6,1,167.161095,23.239698,3.092900,22.968201,1.556300
6,1,167.184443,23.348000,2.611000,23.129499,1.894400
6,1,167.206679,22.235900,2.723400,22.535101,1.471800
6,1,167.229792,23.112699,2.793200,23.054300,1.748100
6,1,167.250748,20.956002,2.785200,21.224501,1.803900
6,1,167.274172,23.424398,2.507900,23.103500,1.731900
6,1,167.295173,21.000300,2.746200,21.254200,1.506800
6,1,167.317935,22.761703,2.482200,22.768200,1.741500
6,1,167.341660,23.725800,2.444800,23.315001,1.595100
