Cycle,Round,WallSeconds,FrameMS,GameBusyMS,RenderBusyMS,RHIBusyMS
1,1,13.542917,4.868198,2.100800,4.865100,1.356000
1,1,13.550102,7.185001,2.241000,7.322700,1.534600
1,1,13.556498,6.395701,1.966900,6.309500,1.581000
1,1,13.561348,4.850399,1.958800,4.851000,1.468700
1,1,13.566796,5.447701,1.959600,5.367800,1.419300
1,1,13.572091,5.294699,1.967700,5.440900,1.189900
1,1,13.578772,6.681498,1.802000,6.216000,1.303400
1,1,13.583515,4.743200,2.410200,5.011100,1.437400
1,1,13.590617,7.101703,2.498200,7.033900,1.277300
1,1,13.596981,6.363597,2.122200,6.483000,1.455500
1,1,13.602328,5.347401,1.955100,5.322000,1.331700
1,1,13.607057,4.728399,2.019000,4.797000,1.571500
1,1,13.613682,6.625202,1.977000,6.370200,1.366000
1,1,13.620267,6.585501,2.081100,6.844600,1.311400
1,1,13.625560,5.292397,1.905000,4.964700,1.693300
1,1,13.630222,4.661903,2.346600,5.100000,1.374500
1,1,13.636266,6.044000,1.722100,5.773700,1.373600
1,1,13.642006,5.740698,2.037800,5.756700,1.436900
1,1,13.648552,6.545402,2.220600,6.434900,1.338800
1,1,13.654883,6.331500,2.475800,6.401000,1.602600
1,1,13.660990,6.106999,2.127900,6.115700,1.613000
1,1,13.665774,4.783500,2.209100,4.889800,1.471600
1,1,13.670945,5.171299,2.131600,5.003900,1.665600
1,1,13.676863,5.918201,2.050100,6.182000,1.384500
1,1,13.681668,4.804600,1.816500,4.702900,1.369800
1,1,13.686983,5.315699,2.319800,5.469500,1.330200
1,1,13.693637,6.653801,1.708800,6.566700,1.379600
1,1,13.701683,8.045599,1.803400,7.770200,1.360800
1,1,13.705661,3.977902,2.153300,4.227300,1.549600
1,1,13.712366,6.705601,2.027500,6.417300,1.343400
1,1,13.719003,6.636199,2.234200,6.846600,1.499400
1,1,13.726213,7.210199,1.983800,7.167400,1.307000
1,1,13.733111,6.898601,1.961100,6.984400,1.449700
1,1,13.738315,5.203702,2.023000,4.876800,1.618100
1,1,13.743759,5.444199,2.154200,5.769100,1.583000
1,1,13.748791,5.031399,1.852300,4.939700,1.359600
1,1,13.754604,5.812801,1.964800,5.585600,1.157900
1,1,13.760724,6.120197,2.137100,6.400700,1.376000
1,1,13.766771,6.046802,1.907000,5.788800,1.380600
1,1,13.772330,5.559899,2.222900,5.804700,1.225000
1,1,13.778051,5.720399,1.845600,5.678000,1.333800
1,1,13.783008,4.957501,2.033500,5.071000,1.465100
1,1,13.788232,5.223602,1.643100,5.155400,1.257200
1,1,13.793695,5.463298,1.782700,5.221500,1.342600
1,1,13.799616,5.920600,2.074800,5.625500,1.600800
1,1,13.805968,6.352499,2.533800,6.395500,1.316000
1,1,13.812720,6.751999,2.297000,6.870600,1.520800
1,1,13.817095,4.374802,2.290500,4.727300,1.373900
1,1,13.822299,5.204301,1.799300,5.137200,1.386200
1,1,13.828158,5.858898,1.878300,5.917100,1.484700
1,1,13.833687,5.528498,1.876000,5.113800,1.335900
1,1,13.839835,6.148603,2.192700,6.264300,1.276800
1,1,13.845685,5.849399,2.100500,6.162600,1.450700
1,1,13.851444,5.759202,2.137100,5.361400,1.530200
1,1,13.856468,5.023997,2.138100,5.311800,1.370200
1,1,13.862139,5.671300,2.199400,5.619900,1.494900
1,1,13.868342,6.202903,1.876300,6.283900,1.462300
1,1,13.873795,5.453099,1.821100,5.301200,1.235800
1,1,13.880761,6.966099,2.047700,6.966000,1.459200
1,1,13.886988,6.226502,2.060600,6.348200,1.739800
1,1,13.892769,5.780600,1.962400,5.446400,1.353900
1,1,13.898277,5.508497,2.146000,5.841800,1.225700
1,1,13.903740,5.462501,1.847900,5.072700,1.218000
1,1,13.908620,4.880801,2.176500,5.396100,1.511400
1,1,13.915272,6.651200,1.619000,6.055400,1.341400
1,1,13.921270,5.998097,2.329800,6.545400,1.293000
1,1,13.928221,6.951600,1.772100,6.477800,1.395000
1,1,13.934006,5.785000,2.358100,6.072400,1.424300
1,1,13.940458,6.451301,1.913200,6.507900,1.324200
1,1,13.946268,5.810201,1.939100,5.848200,1.349200
1,1,13.951250,4.982300,2.644800,4.965200,1.517800
1,1,13.958660,7.409800,1.821900,7.081300,1.392300
1,1,13.965126,6.465800,2.317100,6.681600,1.362200
1,1,13.970727,5.601399,1.897800,5.296700,1.482200
1,1,13.976571,5.843598,2.129200,6.162100,1.378500
1,1,13.982283,5.712103,1.924800,5.423500,1.279600
1,1,13.987823,5.540397,2.292300,5.887400,1.412000
1,1,13.992746,4.923001,2.062100,4.891600,1.571300
1,1,13.999583,6.836802,1.835800,6.505800,1.660000
1,1,14.006168,6.585598,2.135300,6.975900,1.971300
1,1,14.011514,5.345501,1.839100,5.116200,1.421200
1,1,14.016686,5.172499,2.092800,5.392200,1.345500
1,1,14.023488,6.801601,1.814100,6.451000,1.385700
1,1,14.028185,4.697200,2.122900,4.758200,1.175100
1,1,14.034977,6.792001,2.046700,7.047700,1.281600
1,1,14.041821,6.843600,1.766400,6.460600,1.477400
1,1,14.047725,5.903699,1.924700,5.927500,1.208600
1,1,14.052997,5.272601,2.226700,5.344600,1.417900
1,1,14.058270,5.273297,1.860600,5.455000,1.316500
1,1,14.063437,5.166903,1.842700,5.219200,1.287000
1,1,14.069206,5.768899,1.748200,5.520200,1.406900
1,1,14.075303,6.096300,2.189700,6.229500,1.612100
1,1,14.082110,6.806999,1.996200,6.566500,1.509700
1,1,14.087282,5.172800,2.335400,5.458500,1.439100
1,1,14.093447,6.164599,1.767700,5.849200,1.247200
1,1,14.098148,4.701100,2.138500,5.069400,1.356300
1,1,14.104190,6.042000,1.825200,5.552900,1.562900
1,1,14.108923,4.733201,2.341400,5.266800,1.393200
1,1,14.115847,6.924000,1.674600,6.393100,1.306800
1,1,14.121796,5.948599,2.255300,6.219900,1.543500
1,1,14.127406,5.610202,1.960900,5.751300,1.287300
1,1,14.133956,6.549601,2.058300,6.219300,1.409600
1,1,14.138317,4.361499,2.287600,4.736200,1.477700
1,1,14.143932,5.614698,1.891500,5.462100,1.563100
1,1,14.149701,5.769201,1.824800,5.858800,1.270000
1,1,14.157758,8.056402,1.834600,7.705100,1.408700
1,1,14.163151,5.393099,2.185400,5.720400,1.249400
1,1,14.169019,5.868699,1.925000,5.841400,1.365600
1,1,14.174718,5.698700,1.893800,5.552100,1.350800
1,1,14.179617,4.898801,2.184800,5.011400,1.536400
1,1,14.185020,5.403001,1.879900,5.417100,1.424800
1,1,14.190286,5.266000,1.884400,5.159600,1.399000
1,1,14.198404,8.118499,2.029100,8.137300,1.439600
1,1,14.205056,6.651301,2.058200,6.754700,1.519800
1,1,14.210015,4.959200,1.955200,4.598900,1.585200
1,1,14.215564,5.548701,2.632800,5.569500,1.431400
1,1,14.221039,5.475499,2.153000,5.937400,1.203200
1,1,14.227257,6.217800,1.772400,5.554300,1.296200
1,1,14.231846,4.589599,2.412700,4.866400,1.438000
1,1,14.238701,6.854601,2.146400,6.975300,1.553800
1,1,14.244357,5.655900,1.989400,5.685700,1.403000
1,1,14.249812,5.455200,2.039700,5.543700,1.515600
1,1,14.256321,6.509002,1.860100,6.220500,1.272500
1,1,14.261069,4.747700,2.111600,4.988600,1.372600
1,1,14.267007,5.937699,1.784000,5.646800,1.498800
1,1,14.273489,6.482799,2.022400,6.554800,1.303400
1,1,14.280148,6.659102,2.088200,6.844100,1.602300
1,1,14.286510,6.361298,2.055000,5.919700,1.433400
1,1,14.291099,4.589602,2.377200,4.878000,1.771600
1,1,14.296696,5.596798,2.139900,5.672300,1.424000
1,1,14.302945,6.248999,1.847500,6.001700,1.518400
1,1,14.307904,4.958700,2.250600,5.106700,1.696000
1,1,14.313892,5.988400,2.068500,5.734800,1.518100
1,1,14.320727,6.834801,2.375800,7.063100,2.289800
1,1,14.325771,5.043600,2.258700,5.100100,1.562400
1,1,14.331797,6.026801,2.208800,6.065100,1.524500
1,1,14.336598,4.800297,1.976700,4.770200,1.584700
1,1,14.342248,5.649902,1.928800,5.757300,1.583600
1,1,14.347294,5.046800,1.814400,4.909500,1.362100
1,1,14.354070,6.775599,2.043800,6.727100,1.338900
1,1,14.360055,5.985100,2.074200,5.943800,1.485200
1,1,14.365162,5.107000,2.096400,5.123500,1.519900
1,1,14.370956,5.793501,1.978800,5.752100,1.519900
1,1,14.376518,5.562399,1.964700,5.769300,1.237700
1,1,14.381377,4.858501,1.924300,4.798600,1.378600
1,1,14.386954,5.577400,2.024700,5.477800,1.486100
1,1,14.395181,8.227598,1.975500,8.106800,1.706100
1,1,14.400036,4.854802,2.004600,4.871600,1.548600
1,1,14.405944,5.907800,1.915500,6.070200,1.603600
1,1,14.411171,5.226601,1.958400,5.167600,1.300700
1,1,14.417258,6.087098,1.990100,6.024200,1.480200
1,1,14.422417,5.159698,2.012300,5.221800,1.509800
1,1,14.428202,5.784500,1.869300,5.468900,1.580100
1,1,14.434503,6.300900,2.366100,6.651300,1.232000
1,1,14.439940,5.437203,1.850000,5.348700,1.437700
1,1,14.445499,5.558800,2.059700,5.528400,1.443200
1,1,14.450604,5.105499,2.012700,5.251400,1.387700
1,1,14.456360,5.755197,1.825100,5.269300,1.350000
1,1,14.463004,6.644800,2.353600,7.053600,1.368200
1,1,14.468686,5.682003,1.970700,5.625800,1.417800
1,1,14.474237,5.550899,2.092100,5.388500,1.417600
1,1,14.479797,5.559999,2.220600,5.730500,1.429500
1,1,14.484878,5.080599,1.992900,5.090000,1.432800
1,1,14.490237,5.359001,1.903900,5.312600,1.580400
1,1,14.495884,5.647302,1.975400,5.458400,1.265900
1,1,14.503169,7.284798,2.209500,7.185600,1.464100
1,1,14.510240,7.071000,2.162900,7.130700,1.209700
1,1,14.516181,5.941100,2.096800,6.244600,1.198300
1,1,14.522117,5.936399,1.853800,5.838500,1.661400
1,1,14.527148,5.030300,2.003200,5.021000,1.290000
1,1,14.533397,6.249599,2.011200,6.156900,1.388000
1,1,14.538654,5.256802,2.137000,5.300300,1.328800
1,1,14.546103,7.448301,1.931700,7.312700,1.417400
1,1,14.551200,5.097501,2.281400,5.252700,1.526500
1,1,14.556344,5.143899,1.915800,5.240300,1.402500
1,1,14.562767,6.423499,1.976500,6.075000,1.458300
1,1,14.567901,5.133800,2.134900,5.071200,1.250700
1,1,14.572669,4.767697,2.188200,4.963800,1.451500
1,1,14.577645,4.976001,2.090900,5.098200,1.258800
1,1,14.584971,7.326201,2.019600,7.392900,1.363200
1,1,14.590630,5.659100,1.844800,5.599800,1.319900
1,1,14.596664,6.033301,2.091300,6.026000,1.314600
1,1,14.602718,6.054200,1.907500,5.809600,1.480500
1,1,14.608301,5.583700,2.246800,5.305600,1.426900
1,1,14.613754,5.452201,2.565500,5.612100,1.696400
1,1,14.619722,5.968798,2.596000,5.885500,1.761100
1,1,14.627683,7.960401,2.522200,7.887000,1.703500
1,1,14.632120,4.437298,2.590800,4.662100,1.593800
1,1,14.638149,6.029401,2.155800,6.127900,1.484900
1,1,14.644245,6.095801,2.081600,6.109200,1.508900
1,1,14.648895,4.649799,2.234000,4.655600,1.702800
1,1,14.655325,6.430101,2.092300,6.408400,1.347400
1,1,14.661458,6.133199,2.037600,5.483200,1.575900
1,1,14.667086,5.627800,2.801300,6.434400,2.226300
1,1,14.673184,6.097600,2.105500,5.815500,1.494700
1,1,14.678089,4.904803,2.084200,4.883400,1.607500
1,1,14.685515,7.426299,2.147100,7.572800,1.643800
1,1,14.692955,7.440299,2.025200,7.338300,1.567100
1,1,14.698917,5.961701,2.081000,5.731600,1.504700
1,1,14.705049,6.131798,2.475000,6.118700,1.347000
1,1,14.709833,4.784502,2.480000,5.117500,1.568300
1,1,14.715169,5.335700,2.003800,5.060400,1.438500
1,1,14.721015,5.846400,2.370300,5.728000,1.597100
1,1,14.725653,4.637599,2.412200,5.093300,1.344200
1,1,14.733398,7.745299,1.874500,7.270800,1.437900
1,1,14.738938,5.539801,2.353500,5.882300,1.542100
1,1,14.744390,5.451601,1.911500,5.231000,1.518700
1,1,14.752268,7.878099,2.446000,7.940700,1.719000
1,1,14.757650,5.382400,2.270600,5.182000,2.625000
1,1,14.763408,5.758300,2.694200,5.658600,1.627900
1,1,14.769626,6.218001,2.439400,6.493500,1.863400
1,1,14.776338,6.711498,2.255100,6.559500,1.506600
1,1,14.782017,5.679600,2.430300,5.847900,1.616300
1,1,14.788059,6.041702,2.252400,6.070000,1.689600
1,1,14.793782,5.723100,2.015200,5.707900,1.498500
1,1,14.798666,4.883401,2.323900,4.966000,1.623000
1,1,14.804473,5.807400,2.152500,5.857100,1.662700
1,1,14.809612,5.138498,1.933900,4.880200,1.542200
1,1,14.816402,6.790400,2.232200,6.584500,1.540300
1,1,14.822461,6.058902,2.484400,6.410800,1.544700
1,1,14.828506,6.045301,2.036100,5.954300,1.613100
1,1,14.833655,5.148798,2.116200,5.158900,1.509200
1,1,14.839517,5.862102,2.253200,5.651700,1.631400
1,1,14.844778,5.260497,2.443600,5.399700,1.518700
1,1,14.851820,7.042300,2.260900,7.174700,1.685400
1,1,14.856957,5.137600,2.206300,5.153600,1.840300
1,1,14.861861,4.903503,2.142300,4.915400,1.680600
1,1,14.867406,5.544599,1.902300,5.474500,1.512700
1,1,14.873307,5.901098,2.028200,5.596600,1.425300
1,1,14.879998,6.691102,2.490700,6.214600,1.779800
1,1,14.884663,4.664999,2.984400,5.416600,1.908500
1,1,14.891323,6.660599,2.391900,6.417600,1.685800
1,1,14.896422,5.098201,2.493200,5.413600,1.577700
1,1,14.902188,5.766600,1.991400,5.403800,1.804900
1,1,14.909287,7.099200,2.488500,6.976200,1.732600
1,1,14.915585,6.297201,2.736700,6.769200,1.623600
1,1,14.921402,5.817000,1.929600,5.683500,1.852800
1,1,14.926277,4.875299,2.092700,4.780200,1.714600
1,1,14.932847,6.570499,2.294900,6.208700,1.828200
1,1,14.938068,5.220801,2.713800,5.824500,1.652800
1,1,14.944874,6.805900,1.980600,6.387200,1.775700
1,1,14.951113,6.238699,2.425800,6.446700,1.784100
1,1,14.957842,6.729200,2.109200,6.745000,1.584300
1,1,14.964041,6.198701,2.207500,5.857400,1.601500
1,1,14.969371,5.330000,2.493600,5.596300,1.558300
1,1,14.974508,5.137499,2.251600,5.333700,1.571300
1,1,14.982183,7.674899,1.926600,7.162700,1.673700
1,1,14.987544,5.360402,2.444200,5.757000,1.642300
1,1,14.993111,5.567200,1.943600,5.472500,1.617600
1,1,15.000040,6.929699,2.159900,6.590000,1.492600
1,1,15.005358,5.317498,2.526300,5.374900,1.332300
1,1,15.010983,5.625103,2.358400,5.531400,1.650400
1,1,15.017751,6.768201,2.531900,6.920500,1.827900
1,1,15.024040,6.288998,2.377900,6.449000,2.468300
1,1,15.031397,7.356800,2.202600,7.259300,1.615100
1,1,15.036902,5.504999,2.319000,5.620700,1.599800
1,1,15.042272,5.370103,2.241900,5.408700,1.692000
1,1,15.048227,5.955100,2.096300,5.749500,1.477900
1,1,15.052804,4.577100,2.235800,4.771800,1.586300
1,1,15.058590,5.785599,2.036400,5.809300,1.560200
1,1,15.065271,6.681200,1.931500,6.270900,1.793200
1,1,15.071060,5.788498,2.482400,5.866800,1.565600
1,1,15.076371,5.311102,2.289400,5.283400,1.546300
1,1,15.084947,8.576699,2.496200,8.609400,1.514300
1,1,15.089685,4.737101,2.781100,4.965100,1.604400
1,1,15.095337,5.652700,2.215800,5.515600,1.605500
1,1,15.101566,6.228600,2.283800,6.146700,1.618800
1,1,15.106584,5.017702,2.179400,5.118500,1.752800
1,1,15.112805,6.221797,3.139500,5.795100,1.690200
1,1,15.118629,5.823702,2.525000,6.072400,1.651700
1,1,15.124424,5.794700,2.551900,6.059100,1.690400
1,1,15.129889,5.464800,2.130600,5.223300,1.588100
1,1,15.135563,5.674701,2.315900,5.542000,1.683800
1,1,15.142834,7.271297,2.414200,7.340100,1.575800
1,1,15.147418,4.583903,2.281200,4.717900,2.571500
1,1,15.153221,5.802698,2.088000,5.575200,1.832100
1,1,15.159283,6.061699,2.836800,6.331600,2.094800
1,1,15.164917,5.633701,2.236600,5.565700,1.806900
1,1,15.170640,5.723402,2.202000,5.499000,1.416300
1,1,15.177385,6.745499,2.436000,6.765300,1.814100
1,1,15.183513,6.127499,2.436100,6.233900,1.675300
1,1,15.188252,4.739001,2.353200,4.780200,1.594500
1,1,15.196307,8.055598,2.300000,7.885400,1.572800
1,1,15.201370,5.062703,2.471200,5.322900,1.637200
1,1,15.208366,6.995600,2.918800,6.753100,1.554200
1,1,15.215734,7.368598,2.466600,7.601600,1.510100
1,1,15.220658,4.923802,2.064700,4.929000,1.694300
1,1,15.226082,5.424198,2.671400,5.582600,1.430700
1,1,15.231188,5.105801,2.034500,5.012800,1.553100
1,1,15.237639,6.450798,2.057200,6.419600,1.551400
1,1,15.243584,5.945403,2.126900,5.981000,1.413500
1,1,15.249830,6.246001,1.986400,5.738500,1.744600
1,1,15.256458,6.627798,2.456600,7.058400,1.507400
1,1,15.263960,7.502299,1.977600,7.144400,1.613600
1,1,15.271077,7.116102,2.353200,7.063100,1.782900
1,1,15.276795,5.718701,2.558800,5.923000,1.780300
1,1,15.283399,6.603200,2.410100,6.545200,1.927500
1,1,15.288602,5.203299,2.292400,5.573300,1.571800
1,1,15.294403,5.800702,1.864900,5.498500,1.384800
1,1,15.301103,6.700397,2.087300,6.434300,1.698800
1,1,15.306285,5.181801,2.642200,5.508800,2.010400
1,1,15.312052,5.767100,2.404500,5.513700,1.925000
1,1,15.317022,4.970100,2.393100,4.965900,1.721400
1,1,15.324996,7.974103,2.489000,7.741300,1.816600
1,1,15.329800,4.804198,2.865700,5.208200,1.850500
1,1,15.334726,4.926000,2.152300,4.959200,1.602300
1,1,15.342484,7.757403,2.153000,7.680000,1.960500
1,1,15.349269,6.785497,2.210500,6.604900,1.750000
1,1,15.355594,6.325003,2.443500,6.538400,1.742800
1,1,15.361198,5.603399,2.129900,5.421200,1.707400
1,1,15.367942,6.744899,2.509500,6.985200,1.927700
1,1,15.372639,4.697099,2.063800,4.418300,1.624300
1,1,15.378598,5.958602,2.700100,5.811400,1.743900
1,1,15.384826,6.228000,2.583200,6.359200,1.790900
1,1,15.390573,5.747098,2.528900,5.808000,1.718200
1,1,15.396169,5.595502,3.361400,5.694100,1.691300
1,1,15.402533,6.364301,2.231500,6.147300,1.488900
1,1,15.407697,5.163599,2.460400,5.455100,1.851800
1,1,15.413974,6.277699,2.275900,6.283000,1.633300
1,1,15.420095,6.120499,2.097500,5.931200,1.664100
1,1,15.425608,5.513400,2.312000,5.673000,1.768300
1,1,15.430807,5.198602,2.102700,5.199000,1.678000
1,1,15.436582,5.775500,2.186200,5.595800,1.736000
1,1,15.442090,5.507499,2.272700,5.584200,1.689000
1,1,15.449414,7.323802,2.218500,7.459000,1.405200
1,1,15.454488,5.074099,2.018900,5.037000,1.567200
1,1,15.459739,5.251501,1.944500,5.201100,1.586200
1,1,15.465776,6.037001,2.236100,5.766500,1.463500
1,1,15.470417,4.641198,2.432600,5.042800,1.515900
1,1,15.476407,5.989302,1.940200,5.621500,1.472400
1,1,15.482918,6.511200,2.256900,5.640200,1.621800
1,1,15.489441,6.522998,3.738400,7.769200,1.435700
1,1,15.496858,7.416602,1.979300,6.944300,1.960800
1,1,15.502646,5.788498,2.426100,6.012200,1.675300
1,1,15.508862,6.216500,2.219600,6.133900,1.362500
1,1,15.513863,5.000900,2.140000,5.241400,1.476200
1,1,15.519117,5.253103,2.029700,5.194700,1.680700
1,1,15.525045,5.928297,2.074700,5.404700,1.470600
1,1,15.529857,4.812300,2.517200,5.428000,1.740400
1,1,15.537088,7.230803,1.911000,6.650900,1.561800
1,1,15.543121,6.032698,2.578900,6.403900,1.764300
1,1,15.549557,6.436400,2.018900,6.459300,1.636100
1,1,15.555563,6.006099,2.123000,5.719100,1.440400
1,1,15.560950,5.386502,2.294500,5.636100,1.419600
1,1,15.567813,6.863698,2.772300,6.590100,1.552500
1,1,15.572233,4.419502,2.354800,4.825400,1.589100
1,1,15.578111,5.878698,1.985900,5.679900,1.716800
1,1,15.583033,4.921202,2.065300,5.005000,1.582400
1,1,15.590110,7.076900,2.046700,7.032900,1.340100
1,1,15.595970,5.860500,2.067400,5.652400,1.566700
1,1,15.600810,4.839499,2.261600,5.212500,1.484800
1,1,15.607946,7.136501,1.871900,6.771700,1.558100
1,1,15.614747,6.801199,2.479600,6.901000,1.591200
1,1,15.621572,6.824698,2.050100,6.792300,1.746900
1,1,15.626388,4.815601,3.140600,4.843300,1.731500
1,1,15.631390,5.002100,2.666700,5.071200,1.675500
1,1,15.636898,5.508199,2.128900,5.259600,1.623700
1,1,15.642988,6.090000,2.289000,6.056900,1.655400
1,1,15.647913,4.925001,2.369700,5.136900,1.830700
1,1,15.655799,7.886499,2.293800,7.631800,1.858000
1,1,15.660500,4.700400,2.717200,4.875400,1.414200
1,1,15.666932,6.432202,2.316200,6.266200,1.384600
1,1,15.671641,4.708998,2.334100,4.994700,1.728100
1,1,15.677345,5.703703,2.005100,5.709100,1.558300
1,1,15.684687,7.342398,2.038900,7.146400,2.275700
1,1,15.691850,7.162802,2.205100,6.961600,1.459300
1,1,15.698980,7.130597,2.560800,7.205800,1.573600
1,1,15.705368,6.387401,2.443700,6.636100,2.112000
1,1,15.710024,4.655700,2.234400,4.484200,1.643400
1,1,15.718113,8.089200,2.152400,7.942000,1.554000
1,1,15.723670,5.556799,2.578100,5.354400,1.901100
1,1,15.729227,5.557500,2.442600,5.764100,1.552000
1,1,15.735178,5.950801,2.940000,6.274200,1.576300
1,1,15.742287,7.109299,1.944300,7.082600,1.802300
1,1,15.747536,5.248301,2.228000,5.310200,1.648200
1,1,15.753358,5.822700,2.214400,5.513700,1.485000
1,1,15.759327,5.968899,2.367600,6.273300,1.575800
1,1,15.765380,6.052803,1.974400,5.932300,1.624500
1,1,15.770379,4.998799,1.964800,4.770100,1.393200
1,1,15.777020,6.641198,2.219900,6.997200,1.378100
1,1,15.783455,6.434701,1.987100,6.344100,1.508000
1,1,15.790407,6.952200,1.962000,6.747400,1.489800
1,1,15.796987,6.579999,2.362500,6.704800,1.359600
1,1,15.805157,8.169901,1.961800,8.109700,1.588100
1,1,15.810487,5.330600,2.237100,5.396000,1.567300
1,1,15.815714,5.226400,2.118900,4.906700,1.452200
1,1,15.822713,6.999299,2.329300,7.194100,1.423500
1,1,15.828218,5.505402,2.230800,5.587000,1.718200
1,1,15.834017,5.798399,2.133900,5.843300,1.680700
1,1,15.839513,5.496603,1.840300,5.478500,1.317900
1,1,15.845465,5.951699,2.085200,5.659000,1.570900
1,1,15.852245,6.780300,2.271500,6.683700,1.503900
1,1,15.858549,6.303899,2.413700,6.575900,1.653900
1,1,15.863892,5.342901,2.072200,5.130300,1.697300
1,1,15.870090,6.197400,2.557300,6.006300,2.672500
1,1,15.875094,5.004499,3.022800,5.125400,2.478400
1,1,15.880958,5.863998,2.513500,5.597000,1.920200
1,1,15.886076,5.117703,2.911000,5.248600,2.171700
1,1,15.892815,6.738897,2.909900,7.217800,1.801900
1,1,15.897777,4.962701,2.016200,4.866400,1.453300
1,1,15.903931,6.153900,2.362000,6.205800,1.590900
1,1,15.909021,5.089700,1.975200,4.856500,1.547300
1,1,15.915644,6.623201,2.225800,6.684200,1.665200
1,1,15.922780,7.135797,2.130900,7.070700,1.509200
1,1,15.928963,6.183401,2.272400,6.306800,1.743600
1,1,15.934934,5.970500,2.127900,6.017300,1.548900
1,1,15.941414,6.480500,2.141500,6.277400,1.579400
1,1,15.948355,6.940201,2.346100,6.745400,1.588200
1,1,15.953586,5.231798,2.977600,5.481200,1.775100
1,1,15.958983,5.397100,2.152600,5.497200,1.471700
1,1,15.965814,6.830700,2.120400,6.792700,1.665500
1,1,15.971516,5.701602,2.107200,5.696100,1.637900
1,1,15.976901,5.384799,2.250200,5.183800,1.522800
1,1,15.983495,6.594602,2.284000,6.400500,1.592100
1,1,15.988276,4.780300,2.698300,5.236200,1.681800
1,1,15.993689,5.413100,2.060500,5.465500,1.495300
1,1,16.001688,7.999398,2.025400,7.959000,1.515100
1,1,16.007414,5.726401,2.033700,5.750300,1.854600
1,1,16.012403,4.988499,2.305300,4.942100,1.554100
1,1,16.019110,6.707001,1.852900,6.579300,1.815300
1,1,16.024973,5.862601,2.166900,5.885300,1.448300
1,1,16.029594,4.621699,2.052100,4.817500,1.569100
1,1,16.035386,5.792201,1.895800,5.609000,1.537300
1,1,16.042133,6.746497,2.045300,6.791400,1.627700
1,1,16.048289,6.156102,2.196300,6.151500,1.949300
1,1,16.054792,6.502599,1.884200,6.157400,1.568600
1,1,16.060091,5.299900,2.366900,5.552600,1.521000
1,1,16.065898,5.806603,2.100800,5.853000,1.367000
1,1,16.070676,4.777800,2.027300,4.880700,1.386200
1,1,16.077494,6.818097,1.821300,6.677100,1.597800
1,1,16.083586,6.092202,2.126900,6.020600,1.347700
1,1,16.089227,5.640499,2.054500,5.749100,1.413200
1,1,16.095324,6.097499,1.988400,5.938800,1.394600
1,1,16.101721,6.396800,2.055000,6.608600,1.410400
1,1,16.108844,7.122800,2.087300,7.046500,1.435900
1,1,16.115857,7.013500,2.061100,6.772700,1.442700
1,1,16.121401,5.543303,2.282000,5.921700,1.629400
1,1,16.127938,6.537497,1.860100,6.203700,1.269600
1,1,16.133560,5.622100,2.133300,5.692100,1.458100
1,1,16.138660,5.100101,2.103300,4.950500,1.504300
1,1,16.144856,6.195799,2.236800,6.158600,1.403400
1,1,16.151628,6.772101,2.359900,6.460200,1.459700
1,1,16.157726,6.097402,2.679200,6.530900,1.499900
1,1,16.162540,4.814498,2.220700,4.972300,1.558200
1,1,16.169864,7.323999,1.913000,6.853300,1.424600
1,1,16.174851,4.987102,2.461000,5.405800,1.438200
1,1,16.179944,5.092300,2.096200,5.089800,1.591800
1,1,16.185346,5.402997,1.991400,5.383700,1.462600
1,1,16.192085,6.738901,2.033100,6.610400,1.630500
1,1,16.197864,5.778700,2.139900,5.922800,1.552200
1,1,16.203240,5.375400,2.062400,5.290700,1.559500
1,1,16.210007,6.767701,2.073000,6.809500,1.564800
1,1,16.216917,6.909497,2.387400,6.663600,1.362500
1,1,16.222908,5.990803,2.301400,6.183400,1.687400
1,1,16.229247,6.339498,1.945400,6.446800,1.486400
1,1,16.234181,4.933901,2.056800,4.914900,1.437000
1,1,16.240355,6.173998,1.890300,6.115100,1.400500
1,1,16.245841,5.486101,1.934200,5.104900,1.375400
1,1,16.252207,6.366499,2.293600,6.502100,1.499100
1,1,16.257794,5.586203,2.254100,5.829000,1.515100
1,1,16.263031,5.237699,2.038300,5.158500,1.301300
1,1,16.269838,6.806999,1.950100,6.736500,1.418700
1,1,16.275149,5.310699,2.124900,5.557100,1.365800
1,1,16.281065,5.916301,1.786700,5.525600,1.351400
1,1,16.286463,5.397700,2.113600,5.565400,1.200200
1,1,16.292368,5.904902,2.011900,6.093300,1.500300
1,1,16.298791,6.422799,1.888400,6.139900,1.320100
1,1,16.304244,5.453598,2.003200,5.132200,1.420800
1,1,16.309858,5.613200,2.472500,6.185600,1.315900
1,1,16.316042,6.184302,1.896700,6.171600,1.415100
1,1,16.321332,5.290098,1.806900,4.855800,1.476600
1,1,16.326532,5.199701,2.266000,5.275100,1.469600
1,1,16.332636,6.104000,2.324600,6.315300,1.391200
1,1,16.338769,6.132901,1.993000,5.757300,1.262400
1,1,16.344360,5.591098,2.311000,5.806900,1.371300
1,1,16.349597,5.237401,2.177900,5.462600,1.397800
1,1,16.354858,5.260602,1.888400,5.146000,1.383800
1,1,16.360959,6.100800,1.838000,6.101200,1.379900
1,1,16.365808,4.849497,2.051400,4.864600,1.400000
1,1,16.373188,7.380001,1.934400,7.023700,1.302700
1,1,16.379143,5.955301,2.306600,6.284600,1.299700
1,1,16.385464,6.320801,1.958400,6.037100,1.497700
1,1,16.390007,4.542600,2.306200,4.887500,1.502800
1,1,16.395668,5.660899,2.047800,5.517600,1.539900
1,1,16.401361,5.693499,2.116300,5.598700,1.427100
1,1,16.407698,6.336499,2.074800,6.566500,1.718300
1,1,16.413961,6.263200,2.088800,6.282800,1.495900
1,1,16.419499,5.538002,1.865500,5.378300,1.534600
1,1,16.425116,5.617000,2.206000,5.384400,1.455800
1,1,16.430459,5.342800,2.231300,5.789400,1.505800
1,1,16.435446,4.987799,1.753700,4.907800,1.301200
1,1,16.441419,5.972501,1.808000,5.833700,1.319800
1,1,16.447244,5.825300,2.054600,5.830200,1.710600
1,1,16.453711,6.466299,2.056500,6.345800,1.736900
1,1,16.458816,5.105302,2.217000,5.243300,1.399400
1,1,16.465047,6.231599,1.952600,5.973500,1.325800
1,1,16.469658,4.610602,2.319100,4.757100,1.524100
1,1,16.474977,5.318999,2.128500,5.520000,1.289900
1,1,16.480064,5.087398,1.781700,5.123800,1.285900
1,1,16.486899,6.834902,1.687600,6.613100,1.338500
1,1,16.494187,7.287499,2.016000,7.279000,1.409400
1,1,16.499042,4.855700,2.057700,4.980600,1.347700
1,1,16.504758,5.716000,1.968900,5.231500,1.419600
1,1,16.510132,5.373202,2.468100,5.939100,1.464300
1,1,16.515963,5.831398,1.772800,5.335000,1.245700
1,1,16.521688,5.725302,2.294600,5.802400,1.604400
1,1,16.528949,7.260799,2.386200,7.293400,1.491800
1,1,16.534443,5.493898,2.166300,5.794100,1.368900
1,1,16.539520,5.077202,1.675900,4.726300,1.274500
1,1,16.545005,5.484298,2.157900,5.740100,1.210300
1,1,16.550893,5.888201,2.088800,6.006700,1.342500
1,1,16.556910,6.017700,1.837800,5.588800,1.388400
1,1,16.561380,4.469901,2.222700,4.660600,1.350300
1,1,16.568165,6.784800,2.053800,6.669700,1.397900
1,1,16.573781,5.615599,2.064800,5.849800,1.211500
1,1,16.579629,5.847901,1.852100,5.941400,1.385900
1,1,16.586733,7.104598,1.795700,6.684600,1.184100
1,1,16.591133,4.399501,2.175400,4.748600,1.417500
1,1,16.596501,5.368598,1.908700,5.335300,1.292900
1,1,16.602196,5.694203,1.746600,5.631900,1.438900
1,1,16.609719,7.523298,1.918500,7.440200,1.413000
1,1,16.614610,4.891202,1.939000,4.828700,1.339900
1,1,16.620870,6.259799,2.301200,6.101600,1.457600
1,1,16.626364,5.493801,2.170600,5.788000,1.251400
1,1,16.632468,6.103899,1.915200,5.951500,1.390400
1,1,16.637858,5.390897,2.059900,5.193400,1.452000
1,1,16.644869,7.010903,2.261200,6.988400,1.415700
1,1,16.650663,5.793400,2.242700,6.248700,2.065700
1,1,16.655544,4.880998,2.006100,4.746800,1.270600
1,1,16.662723,7.179402,1.840900,6.758200,1.470700
1,1,16.669063,6.339800,2.408300,6.641900,1.470400
1,1,16.675481,6.417599,2.060400,6.463100,1.458200
1,1,16.680326,4.845500,2.003400,4.962200,1.322600
1,1,16.687332,7.006399,1.760400,6.896200,1.363500
1,1,16.693346,6.013501,1.978200,5.789700,1.557300
1,1,16.697742,4.395600,2.782100,4.616300,1.439500
1,1,16.704281,6.539799,2.093000,6.491200,1.507900
1,1,16.710291,6.009199,1.992900,5.646700,1.534400
1,1,16.717005,6.714802,2.360100,7.124400,1.733500
1,1,16.721338,4.332598,2.058600,4.421500,1.785500
1,1,16.727541,6.202802,1.896100,5.911100,1.268000
1,1,16.733799,6.258499,2.266200,6.444400,1.578000
1,1,16.738348,4.548900,2.010600,4.580200,1.456100
1,1,16.744756,6.408200,2.389200,6.472800,1.305000
1,1,16.750995,6.238200,1.768700,5.654700,1.335200
1,1,16.756507,5.512401,2.353400,5.881400,1.566900
1,1,16.763208,6.701197,2.262600,6.092500,1.430000
1,1,16.768047,4.838903,2.727400,5.303100,1.503500
1,1,16.773211,5.164098,2.203500,5.353700,1.485600
1,1,16.778935,5.723402,1.973900,5.836400,1.267000
1,1,16.785620,6.685197,1.756500,6.605500,1.380100
1,1,16.791181,5.561501,1.955300,5.675300,1.307400
1,1,16.797808,6.626900,1.869100,6.508400,1.295000
1,1,16.803443,5.635101,1.891200,5.516100,1.157100
1,1,16.809243,5.799301,2.071600,5.942800,1.423900
1,1,16.815871,6.627899,2.028100,6.588300,1.548600
1,1,16.821628,5.757298,2.011200,5.661900,1.576300
1,1,16.828419,6.791700,1.920500,6.693300,1.549400
1,1,16.833841,5.421400,2.102400,5.458500,1.603400
1,1,16.839374,5.532801,2.602300,5.480600,1.310700
1,1,16.844720,5.346701,2.151400,5.245200,1.501400
1,1,16.849554,4.833799,2.121300,5.117300,1.322900
1,1,16.856246,6.691702,1.814000,6.632400,1.296500
1,1,16.861888,5.641799,1.802600,5.618200,1.485900
1,1,16.869104,7.216401,2.057800,6.935700,1.348300
1,1,16.873697,4.593000,2.173600,4.675700,1.347400
1,1,16.880094,6.396398,2.080800,6.625200,1.422300
1,1,16.886546,6.452702,1.859800,6.066000,1.645600
1,1,16.891987,5.441200,2.217700,5.346700,1.401200
1,1,16.897193,5.205598,2.611500,5.746100,1.518900
1,1,16.904478,7.285003,1.918500,7.044000,1.708800
1,1,16.909525,5.047496,2.007700,4.968400,1.406800
1,1,16.915561,6.035801,2.205000,5.743700,1.678400
1,1,16.920306,4.744601,2.508700,5.245300,1.451100
1,1,16.925630,5.324401,1.887600,5.360000,1.382100
1,1,16.930988,5.357798,1.773000,4.983500,1.286000
1,1,16.937936,6.948300,2.264300,7.273200,1.445400
1,1,16.943478,5.541403,1.906700,5.566100,1.325800
1,1,16.948819,5.341299,1.792400,5.171900,1.368400
1,1,16.956320,7.500499,1.965100,7.455700,1.180200
1,1,16.963247,6.927200,2.266900,6.904700,1.323600
1,1,16.969511,6.264102,2.123600,5.876700,1.628000
1,1,16.974461,4.949998,2.552500,5.416800,1.593200
1,1,16.980302,5.841400,2.022700,5.821100,1.856800
1,1,16.986312,6.010000,2.031900,5.705100,1.482000
1,1,16.990972,4.659202,2.354100,5.036400,1.287000
1,1,16.996187,5.215898,1.984500,5.210800,1.291100
1,1,17.002839,6.651901,1.826200,6.608800,1.265100
1,1,17.008744,5.904898,2.004500,5.870100,1.447600
1,1,17.014063,5.318701,1.925100,5.429900,1.335500
1,1,17.020333,6.269600,1.769000,6.192300,1.575600
1,1,17.025182,4.849702,1.919800,4.847100,1.422100
1,1,17.030411,5.228899,1.906100,5.305100,1.352800
1,1,17.036395,5.983599,1.826500,5.630400,1.343500
1,1,17.043758,7.362999,2.172900,7.430700,1.299400
1,1,17.049273,5.515400,2.092900,5.509300,1.440000
1,1,17.055599,6.326102,2.144100,6.402800,1.231400
1,1,17.060537,4.937600,1.993500,4.917000,1.440900
1,1,17.066428,5.890898,2.142100,5.699900,1.385400
1,1,17.073566,7.138599,2.183500,7.045200,1.465900
1,1,17.079126,5.560201,2.226800,5.969000,1.508700
1,1,17.085204,6.077800,1.867900,5.715000,1.441200
1,1,17.091304,6.099701,2.220600,6.032700,1.338200
1,1,17.096035,4.730500,2.272900,5.062900,1.384400
1,1,17.101121,5.086299,2.096400,5.110400,1.338300
1,1,17.106696,5.575400,1.816000,5.557100,1.212100
1,1,17.113291,6.595001,1.916200,6.427500,1.429200
1,1,17.120429,7.137801,2.077100,6.900500,1.457800
1,1,17.126012,5.582999,2.416800,6.032600,1.347700
1,1,17.131091,5.078800,1.797600,4.969900,1.525200
1,1,17.136737,5.646199,2.070700,5.471800,1.299200
1,1,17.141811,5.073700,2.102100,5.114800,1.484400
1,1,17.147933,6.122001,2.144000,6.158200,1.557400
1,1,17.155008,7.075600,2.138600,7.073900,1.323000
1,1,17.161347,6.338701,2.088300,5.951800,1.922600
1,1,17.167161,5.814400,2.532300,5.903800,1.468100
1,1,17.171804,4.642498,2.461000,5.182600,1.431700
1,1,17.176859,5.055301,1.749600,4.965400,1.380700
1,1,17.183651,6.791700,1.841900,6.357900,1.357300
1,1,17.187907,4.255701,2.243100,4.698600,1.360300
1,1,17.194227,6.320801,1.837900,6.296400,1.695700
1,1,17.200606,6.378401,1.774200,6.280900,1.375700
1,1,17.206269,5.662799,1.849200,5.488100,1.464700
1,1,17.211462,5.193401,2.075400,5.457000,1.436700
1,1,17.217003,5.540900,1.909700,5.423700,1.321000
1,1,17.222137,5.134497,2.215200,5.224700,1.419100
1,1,17.227982,5.844202,1.786000,5.371100,1.387500
1,1,17.236107,8.125201,2.415300,8.139200,1.393000
1,1,17.242534,6.427098,2.331300,6.779300,1.425100
1,1,17.249395,6.860901,1.854900,6.827900,1.292800
1,1,17.254500,5.104899,2.500100,5.145200,1.418900
1,1,17.260260,5.760599,1.919100,5.425400,1.451200
1,1,17.265197,4.937001,2.201700,5.079600,1.420600
1,1,17.270474,5.276702,2.141800,5.214600,1.499600
1,1,17.276684,6.210200,2.079100,6.401400,1.328700
1,1,17.282157,5.473100,1.926500,5.483700,1.352800
1,1,17.288259,6.101798,2.028600,6.071200,1.408300
1,1,17.293606,5.346600,2.099100,5.369000,1.443400
1,1,17.299315,5.709499,1.927200,5.811100,1.357000
1,1,17.304580,5.264901,1.786500,5.144000,1.308600
1,1,17.309972,5.392101,1.888500,5.435300,1.185400
1,1,17.317625,7.652700,1.832300,7.421000,1.190500
1,1,17.323187,5.561601,2.169400,5.582000,1.544500
1,1,17.329305,6.118800,2.199300,5.954500,1.375100
1,1,17.335240,5.934998,2.254200,6.302900,1.313100
1,1,17.340436,5.195800,1.919100,5.223600,1.454200
1,1,17.346003,5.566899,1.793800,5.179400,1.279400
1,1,17.351674,5.671103,2.160900,5.892500,1.172500
1,1,17.358439,6.765097,2.028100,6.810700,1.363300
1,1,17.365021,6.582201,1.976600,6.626900,1.621000
1,1,17.370303,5.281199,1.845600,4.867500,1.551200
1,1,17.375785,5.482402,2.401000,5.963300,1.340600
1,1,17.381426,5.640801,1.821300,5.495700,1.250000
1,1,17.387224,5.798198,1.900500,5.843500,1.353000
1,1,17.392354,5.130000,1.936900,5.091800,1.231400
1,1,17.399501,7.147100,1.893800,6.881700,1.463300
1,1,17.406650,7.148601,2.166600,7.474500,1.842200
1,1,17.412252,5.602401,1.786400,5.643300,1.557200
1,1,17.417685,5.432997,2.044900,5.389800,1.325900
1,1,17.423359,5.674202,1.790500,5.279900,1.574200
1,1,17.429398,6.039098,2.261000,6.110400,1.378400
1,1,17.435009,5.610801,2.012700,5.765100,1.436700
1,1,17.440534,5.525000,2.073400,5.372300,1.426400
1,1,17.447259,6.725200,2.060900,6.542600,1.549400
1,1,17.452948,5.688801,2.406300,5.879600,1.287000
1,1,17.458196,5.247798,2.037300,5.434900,1.343400
1,1,17.464981,6.785002,1.935300,6.685700,1.548100
1,1,17.469688,4.706800,2.141000,4.697000,1.621800
1,1,17.475788,6.100498,1.990200,6.235800,1.316300
1,1,17.480768,4.980002,1.918900,4.898400,1.334100
1,1,17.487667,6.898500,1.984400,6.422500,1.473800
1,1,17.493064,5.397100,2.372000,5.881800,1.344100
1,1,17.498333,5.269598,1.947800,5.163700,1.343500
1,1,17.503770,5.436100,2.040400,5.336300,1.368500
1,1,17.510088,6.318003,1.913700,6.205200,1.458900
1,1,17.514998,4.910897,2.291100,5.049600,1.418900
1,1,17.520958,5.959701,2.936400,6.015300,1.506500
1,1,17.527754,6.795600,1.949200,6.677100,1.707800
1,1,17.534910,7.156301,2.377300,7.269500,1.472300
1,1,17.543122,8.212198,2.200200,7.857100,1.632900
1,1,17.548098,4.975300,2.346400,5.261100,1.895700
1,1,17.553847,5.749702,2.093400,5.444700,1.598600
1,1,17.559257,5.409498,2.471400,5.781800,1.482400
1,1,17.564452,5.195200,2.032700,4.943600,1.389300
1,1,17.570310,5.858302,2.256900,6.071700,1.508800
1,1,17.576885,6.574597,2.033700,6.627300,1.440300
1,1,17.582694,5.809400,2.036000,5.743800,1.661900
1,1,17.589141,6.446600,2.062800,6.106000,2.045000
1,1,17.593391,4.249603,2.395400,4.768900,1.271700
1,1,17.598519,5.128898,1.748500,5.132500,1.395900
1,1,17.605560,7.040802,1.756100,6.905400,1.293100
1,1,17.612588,7.027399,1.873800,6.774200,1.403700
1,1,17.618777,6.189600,2.171500,6.283600,1.384700
1,1,17.624689,5.911700,2.017100,6.077800,1.405100
1,1,17.630823,6.133601,1.921300,6.099300,1.206200
1,1,17.636116,5.293697,1.754300,5.099200,1.425700
1,1,17.642034,5.918100,1.950700,6.143200,1.391000
1,1,17.648140,6.106000,1.844000,5.744200,1.523600
1,1,17.653690,5.550001,2.361800,5.792300,1.464800
1,1,17.659518,5.827598,3.069300,5.616700,1.475600
1,1,17.665599,6.081101,2.238200,5.976500,1.302200
1,1,17.675759,10.159701,2.366700,10.094600,1.564100
1,1,17.679521,3.762200,2.488700,4.186300,2.101000
1,1,17.684990,5.468599,2.020000,5.403200,1.463700
1,1,17.690075,5.085200,2.189300,5.226700,1.406300
1,1,17.696485,6.410100,1.812600,6.252500,1.362400
1,1,17.701333,4.848201,2.013300,4.914400,1.810400
1,1,17.706891,5.557600,2.311400,5.425200,1.289700
1,1,17.714750,7.859100,2.326900,7.566200,1.465700
1,1,17.720033,5.283698,2.282500,5.664000,1.328200
1,1,17.725502,5.468503,1.925500,5.361400,1.305500
1,1,17.731484,5.982500,2.030100,5.694000,1.298500
1,1,17.736477,4.992500,2.501400,5.406600,1.555500
1,1,17.742573,6.095897,1.797700,6.109000,1.336700
1,1,17.747367,4.794400,1.834700,4.762000,1.338300
1,1,17.754882,7.515300,1.939000,7.020100,1.364000
1,1,17.760331,5.448502,2.503800,5.811900,1.441000
1,1,17.765787,5.456399,2.181800,5.502500,1.349000
1,1,17.770693,4.905999,1.973900,4.989400,1.433500
1,1,17.776165,5.472001,1.770100,5.350000,1.285800
1,1,17.781243,5.077999,2.036100,5.116500,1.341300
1,1,17.786933,5.689502,1.985000,5.381900,1.427000
1,1,17.794573,7.639900,2.223500,7.582700,1.578100
1,1,17.799486,4.912999,2.279200,5.398800,1.591600
1,1,17.806025,6.539002,1.771900,6.080500,1.435000
1,1,17.811115,5.090501,2.133400,5.240800,1.454000
1,1,17.817084,5.968798,2.146200,6.099800,1.665600
1,1,17.823898,6.814100,1.995200,6.607900,1.294400
1,1,17.830149,6.250501,2.242800,6.501600,1.556200
1,1,17.835344,5.195402,1.884400,4.895300,1.180700
1,1,17.841334,5.989499,2.271800,6.277600,1.380100
1,1,17.847125,5.791500,1.853700,5.770500,1.691500
1,1,17.852220,5.095199,1.926200,4.966300,1.311400
1,1,17.858010,5.789500,2.081300,5.899000,1.466500
1,1,17.866692,8.682501,1.927500,7.962700,1.385100
1,1,17.870734,4.041400,2.689700,4.890400,1.377100
1,1,17.876335,5.600899,1.721200,5.530000,1.259700
1,1,17.881687,5.352702,1.722700,4.890200,1.455600
1,1,17.886934,5.247097,2.224200,5.594900,1.440800
1,1,17.893312,6.378099,1.985500,6.123900,1.394500
1,1,17.899884,6.571002,2.164300,6.874200,1.345200
1,1,17.906750,6.866500,1.902200,6.516700,1.173200
1,1,17.913542,6.792400,2.192300,6.830900,1.168200
1,1,17.918874,5.331300,2.239200,5.286400,1.405100
1,1,17.924212,5.337998,2.314700,5.566500,1.329700
1,1,17.929665,5.452801,2.011900,5.552600,1.297000
1,1,17.935315,5.650200,1.857500,5.292300,1.476300
1,1,17.940408,5.093701,2.213500,5.311300,1.156500
1,1,17.945549,5.140100,1.914300,5.255300,1.471200
1,1,17.951570,6.021298,1.928600,5.698400,1.471500
1,1,17.959102,7.532500,2.142600,7.627300,1.247300
1,1,17.964308,5.205501,2.151300,5.196700,1.465500
1,1,17.969529,5.221002,1.970600,5.188800,1.591300
1,1,17.976539,7.010598,2.244300,6.965900,1.341800
1,1,17.981504,4.965000,2.119600,5.052500,1.367600
1,1,17.986683,5.178403,2.147700,5.375900,1.529400
1,1,17.993646,6.963398,1.935600,6.830100,1.524900
1,1,18.000300,6.653599,1.895200,6.439000,1.274800
1,1,18.005277,4.976701,2.099600,5.113000,1.266400
1,1,18.010766,5.489800,1.900900,5.289700,1.380000
1,1,18.015876,5.109601,2.225100,5.371300,1.309000
1,1,18.021265,5.388800,1.883000,5.226400,1.240800
1,1,18.028758,7.493798,2.081600,7.367400,1.462300
1,1,18.035271,6.512400,2.408900,6.486100,1.361300
1,1,18.040512,5.240902,2.250200,5.530700,1.468300
1,1,18.045785,5.273297,1.996200,5.382700,1.169300
1,1,18.051297,5.511601,1.839600,5.186900,1.397500
1,1,18.056802,5.505402,2.265500,5.554600,1.373700
1,1,18.063080,6.278001,2.146400,6.457900,1.459200
1,1,18.070497,7.417098,2.001200,7.451700,1.557700
1,1,18.075407,4.909899,1.868200,4.906900,1.347800
1,1,18.081114,5.706701,1.873500,5.348600,1.453000
1,1,18.086727,5.613100,2.225000,6.001700,1.551700
1,1,18.093036,6.309301,1.941800,6.310600,1.293500
1,1,18.097835,4.798401,1.795700,4.585300,1.315200
1,1,18.105220,7.385299,2.131400,6.751400,1.301300
1,1,18.111229,6.009500,3.246600,6.338500,1.429900
1,1,18.117263,6.033599,2.433100,6.092600,1.469200
1,1,18.123363,6.099802,2.318800,6.131500,1.443000
1,1,18.128981,5.618200,2.220000,5.911100,1.598200
1,1,18.134347,5.365498,1.846200,5.213800,1.446100
1,1,18.139914,5.567402,1.985600,5.761800,1.384000
1,1,18.145101,5.186800,1.809600,5.168500,1.611600
1,1,18.150343,5.241800,1.831100,5.228900,1.393200
1,1,18.156117,5.774200,1.761700,5.365200,1.226700
1,1,18.163555,7.438701,2.341800,7.852300,1.509600
1,1,18.168407,4.851200,1.864400,4.876000,1.304200
1,1,18.175172,6.765500,2.037700,6.315000,1.697200
1,1,18.181087,5.914997,2.193400,6.260600,1.383800
1,1,18.187304,6.216701,1.975600,6.282900,1.302000
1,1,18.193082,5.778000,1.813500,5.354700,1.491200
1,1,18.198513,5.431402,2.472700,5.508800,1.421100
1,1,18.204561,6.047796,2.164700,6.111700,1.473900
1,1,18.209482,4.920904,2.022500,4.957300,1.468500
1,1,18.214934,5.452197,1.865000,5.301500,1.490700
1,1,18.221801,6.866403,2.389300,7.093300,1.323800
1,1,18.229673,7.872798,1.994000,7.651800,1.470200
1,1,18.234677,5.004101,2.512400,5.420700,1.241400
1,1,18.240461,5.783699,1.935100,5.596500,1.321300
1,1,18.245860,5.398601,1.998100,5.525000,1.346000
1,1,18.251992,6.131999,1.726100,5.644000,1.508500
1,1,18.257630,5.637899,2.372200,6.061800,1.364800
1,1,18.262826,5.196400,1.902800,4.989300,1.523100
1,1,18.271249,8.423202,1.953600,8.091900,1.456500
1,1,18.277183,5.933400,2.508000,6.231100,1.557600
1,1,18.284265,7.082198,2.028300,6.991600,1.412000
1,1,18.289031,4.766200,2.109900,4.758200,1.332400
1,1,18.294854,5.823400,2.133300,5.947700,1.469100
1,1,18.299622,4.767600,2.153100,4.973000,1.219100
1,1,18.305734,6.111600,1.689700,5.931300,1.323100
1,1,18.311384,5.650602,2.073700,5.830000,1.280500
1,1,18.318880,7.495500,1.759500,7.383000,1.684800
1,1,18.323909,5.029500,2.049600,5.034200,1.209400
1,1,18.329254,5.344901,1.844500,5.382800,1.425600
1,1,18.334537,5.282998,2.092200,5.176300,1.323200
1,1,18.339743,5.206000,1.916000,5.176800,1.497400
1,1,18.345813,6.069701,2.066000,6.090600,1.322200
1,1,18.351041,5.228501,1.976100,5.347300,1.529700
1,1,18.358886,7.845100,1.912400,7.875500,1.273300
1,1,18.364330,5.443100,2.045400,5.346100,1.226400
1,1,18.371610,7.280197,2.108400,6.986000,1.328100
1,1,18.377336,5.726401,2.283100,5.891200,1.449900
1,1,18.382030,4.693899,2.198800,4.835000,1.364200
1,1,18.387761,5.730700,1.791400,5.812200,1.335500
1,1,18.392797,5.036101,1.793400,4.844600,1.355500
1,1,18.398285,5.488303,1.949100,5.387000,1.461200
1,1,18.403556,5.270399,2.098100,5.385500,1.296800
1,1,18.409975,6.419800,1.875600,6.433400,1.400700
1,1,18.416365,6.390098,2.112800,6.311000,1.624800
1,1,18.422370,6.004199,2.151600,5.992100,1.594400
1,1,18.427302,4.932400,2.101100,4.943200,1.460100
1,1,18.432797,5.494803,2.068900,5.491900,1.781500
1,1,18.438147,5.349800,1.966800,5.419600,1.399500
1,1,18.445103,6.956600,1.975500,6.844900,1.609500
1,1,18.450825,5.722199,2.138800,5.795700,1.568500
1,1,18.456698,5.873099,1.914200,5.795500,1.546300
1,1,18.462671,5.973000,2.019800,5.959200,1.628700
1,1,18.467813,5.141702,1.939400,5.354800,1.465300
1,1,18.473474,5.660400,1.969400,5.379500,1.491400
1,1,18.478690,5.216599,2.108800,5.297700,1.584600
1,1,18.486392,7.701401,2.012000,7.257100,1.466100
1,1,18.491491,5.099099,2.407300,5.542700,1.377300
1,1,18.496712,5.221501,2.027600,5.225600,1.464400
1,1,18.502350,5.637798,2.439400,5.282100,1.273600
1,1,18.507448,5.097702,2.827300,5.474500,1.302200
1,1,18.513305,5.857401,1.777500,5.639300,1.380200
1,1,18.519699,6.393701,2.067200,6.140600,1.319800
1,1,18.526921,7.221699,2.384500,7.388000,1.589700
1,1,18.531941,5.020700,2.232700,5.049600,1.677900
1,1,18.537836,5.895197,2.028300,6.029300,1.549300
1,1,18.543498,5.661700,1.951800,5.566300,1.444300
1,1,18.548549,5.051203,1.935200,5.159500,1.190000
1,1,18.554605,6.055500,1.907800,5.779700,1.280200
1,1,18.560900,6.294899,2.099500,6.097600,1.256700
1,1,18.567299,6.398801,2.358600,6.897200,1.356000
1,1,18.572513,5.214900,1.837000,5.044200,1.312100
1,1,18.577784,5.270701,1.967800,5.261700,1.348000
1,1,18.583921,6.136898,2.013500,5.915700,1.264600
1,1,18.589472,5.550500,2.254000,5.874300,1.400800
1,1,18.594871,5.399399,1.916400,5.298800,1.572100
1,1,18.602276,7.405501,2.018000,7.340600,1.520600
1,1,18.609141,6.864499,2.015500,6.919700,1.382200
1,1,18.616159,7.017601,2.100300,6.905900,1.536700
1,1,18.620936,4.777499,2.082100,4.818600,1.391300
1,1,18.626684,5.748000,2.025200,5.738500,1.244900
1,1,18.631589,4.904903,2.038100,4.955100,1.409300
1,1,18.637422,5.832899,2.159500,5.877700,1.483400
1,1,18.642735,5.312998,2.034000,5.121300,1.402200
1,1,18.649003,6.267801,2.237800,6.392600,1.559000
1,1,18.656353,7.350300,2.037900,7.295000,1.619000
1,1,18.661283,4.930101,2.194300,4.758700,1.328600
1,1,18.666312,5.029101,2.250500,5.158400,1.508700
1,1,18.673327,7.015098,2.096300,6.717900,1.392800
1,1,18.678182,4.854899,2.364500,5.301900,1.431100
1,1,18.683116,4.933603,2.225300,4.970600,1.436600
1,1,18.689320,6.204300,1.840800,6.071100,1.465800
1,1,18.696201,6.881498,2.000700,6.960300,1.313900
1,1,18.701381,5.179003,1.882000,4.861900,1.161300
1,1,18.706774,5.393799,2.225900,5.460900,1.470700
1,1,18.712301,5.526599,2.117100,5.404600,1.469500
1,1,18.717051,4.749600,2.243500,4.982400,1.454200
1,1,18.722099,5.048800,1.993800,5.189300,1.341500
1,1,18.728530,6.430801,1.893500,6.302000,1.429000
1,1,18.734589,6.059099,2.053100,6.147000,1.406100
1,1,18.740814,6.225199,1.920100,6.029000,1.495000
1,1,18.746969,6.154202,1.942000,5.969000,1.222600
1,1,18.752868,5.899601,2.246500,6.233400,1.451400
1,1,18.758589,5.720999,1.877700,5.796000,1.542400
1,1,18.764113,5.523700,1.827700,5.286700,1.147700
1,1,18.770913,6.800100,1.997900,5.829900,1.333100
1,1,18.776988,6.074999,3.091000,7.035200,1.452200
1,1,18.781750,4.762001,1.968300,4.874500,1.678000
1,1,18.787071,5.321201,2.116600,5.302500,1.513800
1,1,18.792447,5.376000,1.950800,5.165300,1.415500
1,1,18.798292,5.844697,2.113800,5.907600,1.322100
1,1,18.803533,5.241200,2.258300,5.269600,1.475900
1,1,18.810958,7.424802,1.977300,6.886500,1.543900
1,1,18.817105,6.146900,2.524600,6.632400,1.475900
1,1,18.822110,5.005401,2.261000,5.082800,1.223100
1,1,18.828703,6.592799,1.974200,6.456200,1.251700
1,1,18.834543,5.840000,2.352200,5.982200,1.520700
1,1,18.840950,6.406900,1.998100,6.197500,1.582100
1,1,18.845870,4.920300,2.508600,5.013800,1.704600
1,1,18.851025,5.155001,2.700900,5.199400,1.565700
1,1,18.856292,5.266499,2.078800,5.057100,1.394700
1,1,18.862583,6.291002,2.360700,6.218600,1.728600
1,1,18.867902,5.319498,2.209100,5.405500,1.492300
1,1,18.874729,6.826300,2.416400,6.754300,1.527600
1,1,18.880259,5.530801,2.282700,5.715900,1.470900
1,1,18.886358,6.098300,2.036600,6.231500,1.442900
1,1,18.891358,4.999999,2.076900,5.036800,1.507400
1,1,18.897252,5.894799,1.805900,5.934000,1.360700
1,1,18.902795,5.543001,1.803400,5.001500,1.386500
1,1,18.909993,7.197201,2.365400,7.209300,1.293200
1,1,18.915456,5.463500,2.412800,5.770400,1.413000
1,1,18.922933,7.476401,2.304600,7.211900,1.614100
1,1,18.930454,7.521100,3.277600,7.448800,1.464700
1,1,18.935257,4.803799,2.317700,5.224300,1.224100
1,1,18.940390,5.132698,2.056000,4.955600,1.483200
1,1,18.946810,6.420203,2.077800,6.502000,1.600800
1,1,18.951670,4.859600,2.067600,4.946300,1.579100
1,1,18.957929,6.258897,2.072000,5.993500,1.394100
1,1,18.964107,6.177701,2.200900,6.396000,1.390500
1,1,18.970541,6.434601,1.809600,6.455300,1.689200
1,1,18.975988,5.447201,2.107500,5.485300,1.260100
1,1,18.981887,5.898397,1.841400,5.730100,1.419800
1,1,18.988681,6.794702,2.183600,6.554800,1.593900
1,1,18.993871,5.190000,2.305900,5.495600,1.410800
1,1,18.999116,5.244900,1.975200,5.251200,1.426200
1,1,19.006430,7.313799,2.007000,7.219900,1.320300
1,1,19.012115,5.685002,2.128500,5.707500,1.403700
1,1,19.017687,5.571797,1.992900,5.661400,1.587500
1,1,19.025778,8.090902,1.909400,7.919400,1.412500
1,1,19.030916,5.138598,2.431700,5.343700,1.609600
1,1,19.036268,5.351499,2.134100,5.341900,1.271400
1,1,19.042714,6.446403,1.821500,6.364400,1.276400
1,1,19.049707,6.992999,2.020800,7.021600,1.632900
1,1,19.054990,5.283099,2.040600,5.014000,1.536400
1,1,19.061025,6.034102,2.154200,6.012000,1.179100
1,1,19.067479,6.453998,2.848400,6.309800,1.413900
1,1,19.072081,4.602101,2.403700,4.773300,1.350600
1,1,19.077471,5.390301,2.201200,5.454800,1.635600
1,1,19.083981,6.510299,2.327100,6.398100,1.527200
1,1,19.090618,6.636500,2.249600,6.823300,1.961800
1,1,19.096770,6.152298,2.053100,5.916200,1.307600
1,1,19.102346,5.576100,2.185300,5.816300,1.312900
1,1,19.108315,5.968601,1.977900,5.956200,1.352000
1,1,19.113573,5.258299,1.915300,5.109000,1.438700
1,1,19.120205,6.632403,2.232000,6.870900,1.446900
1,1,19.126468,6.262898,1.947500,6.038700,1.286000
1,1,19.132479,6.010499,2.148100,5.738300,1.311600
1,1,19.139620,7.140800,2.478500,7.538200,1.553000
1,1,19.144691,5.071402,2.051200,5.058200,1.461600
1,1,19.149281,4.590098,1.858600,4.484300,1.434700
1,1,19.155032,5.751301,2.189700,5.821300,1.340100
1,1,19.162015,6.982502,1.924000,6.956700,1.428000
1,1,19.167211,5.196299,2.076700,5.336200,1.254900
1,1,19.172604,5.392399,1.805500,5.211300,1.438400
1,1,19.179361,6.757200,2.090000,6.472100,1.416800
1,1,19.184910,5.549602,2.255100,5.794300,1.441000
1,1,19.189952,5.041201,2.326600,4.842000,1.579700
1,1,19.197210,7.257998,2.113700,7.546100,1.556800
1,1,19.202467,5.257599,2.088100,5.102400,1.545900
1,1,19.207604,5.136803,2.158600,5.306900,1.492700
1,1,19.214515,6.911498,1.868600,6.635500,1.463100
1,1,19.220479,5.963203,1.956800,5.724900,1.721300
1,1,19.227932,7.453099,2.643800,7.556300,1.961800
1,1,19.234667,6.734800,2.415700,6.840000,1.747700
1,1,19.240137,5.470000,2.458900,5.571300,1.715000
1,1,19.246387,6.250799,2.189200,6.203700,1.688600
1,1,19.252140,5.752400,2.697100,5.360900,1.439600
1,1,19.257925,5.785201,2.569000,6.347900,1.700500
1,1,19.262869,4.944399,2.246000,4.783200,1.504600
1,1,19.269242,6.373003,2.128200,6.326300,1.678300
1,1,19.274093,4.850600,2.266900,5.036800,1.437700
1,1,19.279788,5.694900,1.945900,5.694600,1.292600
1,1,19.285279,5.491499,1.869800,5.491600,1.206200
1,1,19.292404,7.124100,1.885800,6.780200,1.460600
1,1,19.298866,6.462298,2.378800,6.648700,1.428700
1,1,19.304524,5.658001,2.241000,5.731400,1.398700
1,1,19.311089,6.565202,1.914200,6.368100,1.514300
1,1,19.316611,5.522098,2.155200,5.716000,1.269500
1,1,19.322380,5.769301,2.049800,5.757200,1.417800
1,1,19.328834,6.453201,1.992900,6.470500,1.485700
1,1,19.333586,4.752297,2.182100,4.856900,1.481700
1,1,19.338976,5.390100,1.763000,5.379500,1.451800
1,1,19.345134,6.157901,1.762800,6.187900,1.416300
1,1,19.351694,6.560199,1.826400,6.495600,1.541600
1,1,19.357588,5.894002,2.041400,5.640900,1.264700
1,1,19.363184,5.595598,2.044100,5.737300,1.452700
1,1,19.369925,6.741703,1.935100,6.476200,1.350200
1,1,19.375495,5.569700,2.250900,5.819800,1.533900
1,1,19.381665,6.169599,1.975400,5.444200,1.384000
1,1,19.386895,5.230200,2.626100,6.011100,1.617700
1,1,19.393029,6.134599,2.043600,6.088400,1.517600
1,1,19.398656,5.626902,1.925400,5.383100,1.574100
1,1,19.403644,4.987400,2.237500,5.194900,1.352900
1,1,19.409336,5.692698,1.874900,5.865200,1.693800
1,1,19.414884,5.547401,1.810700,5.126200,1.420300
1,1,19.422067,7.183000,2.222500,7.276900,1.509200
1,1,19.427487,5.420499,2.269100,5.500600,1.627900
1,1,19.432667,5.179700,1.996100,5.161400,1.493900
1,1,19.438499,5.832203,2.214600,5.938700,1.361600
1,1,19.443521,5.021498,2.003500,4.997300,1.470200
1,1,19.448932,5.411003,1.999200,5.346000,1.345300
1,1,19.454890,5.958598,1.961600,5.651100,1.313100
1,1,19.461988,7.097900,2.225700,7.279600,1.328400
1,1,19.467386,5.397599,2.132400,5.616200,1.566700
1,1,19.473892,6.506100,1.876700,6.107600,1.402200
1,1,19.479507,5.614601,2.250800,5.615600,1.265500
1,1,19.484359,4.852101,3.177000,5.006400,1.323400
1,1,19.489154,4.795101,2.641000,4.961700,1.510100
1,1,19.495218,6.064598,2.003600,5.995200,1.500800
1,1,19.502784,7.565800,1.976800,7.164100,1.458600
1,1,19.508874,6.089501,2.368900,6.168000,1.410500
1,1,19.513500,4.626598,2.113900,5.005700,1.315100
1,1,19.521647,8.147001,1.876500,7.617800,1.723300
1,1,19.528324,6.676301,2.515600,6.782000,1.551300
1,1,19.534708,6.384198,3.460000,6.582000,1.806000
1,1,19.539748,5.040601,2.196200,4.851200,1.666000
1,1,19.544952,5.203702,3.228600,5.476900,1.576200
1,1,19.550432,5.480297,2.586500,5.585200,1.618800
1,1,19.555373,4.940402,1.779800,4.859000,1.463900
1,1,19.560975,5.602200,1.914300,5.492600,1.456600
1,1,19.567698,6.723002,2.088500,6.442600,1.352600
1,1,19.572801,5.102698,2.160400,5.237500,1.307800
1,1,19.578887,6.086402,2.152900,5.968700,1.544600
1,1,19.584079,5.191401,2.265800,5.514700,1.385600
1,1,19.590978,6.899998,1.944200,6.888500,1.564700
1,1,19.597616,6.637100,2.060300,6.479100,1.483100
1,1,19.602730,5.114499,2.301900,4.914700,1.638200
1,1,19.607897,5.166803,3.043100,5.563800,1.378400
1,1,19.614139,6.242499,1.822700,5.678500,1.541600
1,1,19.618289,4.149601,2.371100,4.715700,1.351800
1,1,19.624032,5.743098,1.844300,5.668800,1.286700
1,1,19.631128,7.096000,1.873100,6.884500,1.317500
1,1,19.638199,7.071301,2.081300,6.918300,1.477700
1,1,19.644346,6.146502,2.197600,6.345500,1.395500
1,1,19.650763,6.417099,2.243500,6.412300,1.519900
1,1,19.655615,4.851900,2.123700,4.930900,1.283500
1,1,19.661566,5.951099,2.154200,5.891500,1.329200
1,1,19.668240,6.673601,2.211200,6.461300,1.421800
1,1,19.673233,4.993401,2.320700,5.148100,1.281000
1,1,19.678006,4.773296,2.007300,5.015900,1.560500
1,1,19.685213,7.206302,1.962000,6.719600,1.271000
1,1,19.691894,6.681498,2.233100,6.633300,1.374400
1,1,19.697277,5.382501,2.403600,5.817900,1.316500
1,1,19.702269,4.992399,2.033500,4.819100,1.219900
1,1,19.707613,5.344201,2.003500,5.320900,1.466300
1,1,19.712822,5.208902,2.015300,5.314500,1.455900
1,1,19.718321,5.498499,2.063100,5.528200,1.461700
1,1,19.725745,7.424001,1.941700,7.465200,1.401100
1,1,19.730349,4.604798,1.932400,4.648200,1.217700
1,1,19.737258,6.908901,1.875900,6.387900,1.201400
1,1,19.742842,5.583800,2.504000,5.719900,1.405500
1,1,19.747710,4.867401,2.181600,5.096300,1.284700
1,1,19.753815,6.105099,2.020500,6.091400,1.416100
1,1,19.759378,5.562998,2.005500,5.577000,1.606900
1,1,19.767356,7.977903,1.861800,7.902900,1.321700
1,1,19.771829,4.473798,2.029400,4.528700,2.101100
1,1,19.777859,6.029502,2.132700,5.899400,1.312200
1,1,19.784205,6.346300,2.268700,6.106600,1.427900
1,1,19.788682,4.476599,2.297100,4.860500,1.362800
1,1,19.793911,5.229499,2.665300,5.075800,1.372200
1,1,19.801402,7.490501,2.188300,7.187500,1.486800
1,1,19.806638,5.236700,2.896700,5.490200,1.418600
1,1,19.811861,5.222701,2.034200,5.212800,1.441100
1,1,19.818066,6.204598,2.027400,6.003800,1.454200
1,1,19.823061,4.995000,2.343500,4.979100,1.294000
1,1,19.828368,5.307101,2.244600,5.428400,1.351500
1,1,19.833186,4.817802,2.207400,4.882400,1.341800
1,1,19.840909,7.723898,2.020200,7.569900,1.452700
1,1,19.847518,6.608702,2.233300,6.564400,1.332300
1,1,19.851889,4.370999,2.271800,4.793000,1.646400
1,1,19.858460,6.570302,2.000200,6.189900,1.396200
1,1,19.864181,5.721197,2.233700,5.835700,1.406100
1,1,19.871426,7.245701,2.723400,7.426500,1.909900
1,1,19.877231,5.804799,1.922500,5.789300,1.352100
1,1,19.882966,5.734403,2.045900,5.637500,1.349300
1,1,19.889109,6.143298,2.064700,6.144100,1.591800
1,1,19.895590,6.480601,2.179800,6.143200,1.339900
1,1,19.901047,5.457301,2.363400,5.589300,1.420900
1,1,19.906804,5.757600,2.259400,5.564200,1.494600
1,1,19.912737,5.932998,2.455500,6.389000,1.443700
1,1,19.919719,6.981801,2.163000,6.490200,1.830800
1,1,19.925400,5.681299,2.587600,5.940500,1.495500
1,1,19.929950,4.549403,2.206300,4.952400,1.255700
1,1,19.936556,6.605800,1.696800,6.280800,1.400800
1,1,19.941622,5.065899,2.025900,5.263000,1.355800
1,1,19.946929,5.307898,1.772400,5.311300,1.308300
1,1,19.952571,5.641401,1.837300,5.184600,1.351500
1,1,19.958584,6.013300,2.233600,6.409200,1.434200
1,1,19.965776,7.191598,1.923300,6.833900,1.626800
1,1,19.970449,4.673000,2.275900,4.997900,1.460000
1,1,19.977718,7.269200,1.971300,6.794300,1.548100
1,1,19.983622,5.903702,2.402700,6.314400,1.368200
1,1,19.988241,4.619498,2.072400,4.706100,1.461200
1,1,19.993709,5.468000,1.875000,5.431200,1.209700
1,1,20.000319,6.609701,1.932300,6.527300,1.733200
1,1,20.007098,6.778602,1.922800,6.479000,1.316500
1,1,20.011592,4.494101,2.305500,4.941200,1.416500
1,1,20.017930,6.338399,1.734200,5.951000,1.489900
1,1,20.023669,5.739100,2.387000,6.066800,1.470900
1,1,20.028616,4.947398,1.838900,4.914900,1.224600
1,1,20.035492,6.875202,1.820700,6.392400,1.235300
1,1,20.040485,4.992999,2.257600,5.461700,1.218500
1,1,20.046955,6.469801,1.893500,6.346600,1.276100
1,1,20.051872,4.916999,2.021500,4.884400,1.806400
1,1,20.058624,6.751999,2.306600,6.294500,1.661700
1,1,20.065323,6.699599,2.490400,6.950100,1.450100
1,1,20.071150,5.826801,2.140700,5.874800,1.419200
1,1,20.076004,4.853901,2.059900,5.003000,1.469200
1,1,20.081506,5.501900,2.146400,5.617000,1.553100
1,1,20.086305,4.799198,1.949400,4.808800,1.346700
1,1,20.092920,6.614603,1.905700,6.202600,1.473300
1,1,20.097472,4.552297,2.329000,4.678200,1.283700
1,1,20.104031,6.558802,2.177900,6.838300,1.370300
1,1,20.109805,5.774301,1.882400,5.587200,1.374100
1,1,20.115355,5.550098,2.107200,5.611400,1.312200
1,1,20.121867,6.512001,1.985000,6.553800,1.379900
1,1,20.128404,6.536800,1.909400,6.484500,1.494700
1,1,20.134105,5.701199,1.961500,5.486900,1.398700
1,1,20.139732,5.626898,2.209500,5.884800,1.291100
1,1,20.146999,7.267103,1.929000,6.907500,1.471100
1,1,20.153788,6.788600,2.303800,6.928200,1.225800
1,1,20.158443,4.655700,2.037900,4.916300,1.568200
1,1,20.163827,5.383797,1.818300,5.306900,1.229000
1,1,20.169462,5.634703,1.864500,5.543100,1.454100
1,1,20.175269,5.807299,2.091500,5.758600,1.649000
1,1,20.180003,4.734300,2.074800,4.910600,1.599200
1,1,20.188209,8.205701,1.717300,7.684200,1.470100
1,1,20.193384,5.174499,2.362100,5.661500,1.479900
1,1,20.199655,6.271400,1.883800,6.072400,1.451200
1,1,20.205964,6.309200,1.986300,6.113300,1.310100
1,1,20.210948,4.983999,2.751600,5.133400,1.636500
1,1,20.216289,5.341101,1.963000,5.487300,1.417700
1,1,20.223522,7.232402,1.939100,7.081700,1.453200
1,1,20.229502,5.980797,2.051500,6.253100,1.431300
1,1,20.235859,6.356902,1.988900,5.832200,1.409500
1,1,20.240701,4.841998,2.213500,5.233700,1.608400
1,1,20.247345,6.643601,2.020200,5.939600,1.392100
1,1,20.252581,5.236100,2.578400,5.819300,1.204600
1,1,20.259609,7.027898,2.024600,7.202800,1.639400
1,1,20.265226,5.616702,1.901200,5.478800,1.478700
1,1,20.271538,6.311998,2.112600,6.396800,1.470000
1,1,20.277056,5.518403,1.844200,5.190900,1.499700
1,1,20.282116,5.059700,2.276800,5.356900,1.534400
1,1,20.287540,5.424600,1.872100,5.455900,1.347200
1,1,20.292936,5.395897,1.820800,5.203300,1.423200
1,1,20.300778,7.841703,2.080300,7.908000,1.458900
1,1,20.306274,5.495798,2.144200,5.553300,1.613500
1,1,20.312132,5.857900,1.731300,5.698900,1.612400
1,1,20.318050,5.918700,2.072200,5.826900,1.379700
1,1,20.323705,5.654402,2.060700,5.685600,1.674700
1,1,20.330466,6.761298,2.260100,6.640200,1.787800
1,1,20.337069,6.602902,2.955100,6.671000,1.524600
1,1,20.342783,5.713601,2.251200,5.860700,1.510000
1,1,20.347940,5.157400,1.996600,5.070500,1.567900
1,1,20.354373,6.432600,2.077700,6.231500,1.345100
1,1,20.359451,5.078897,2.208800,5.539200,1.483100
1,1,20.364740,5.288802,1.847700,5.100500,1.328400
1,1,20.370827,6.086700,1.940400,6.009800,1.180400
1,1,20.377205,6.378200,2.151500,6.577800,1.217600
1,1,20.383026,5.820401,1.736500,5.531600,1.346800
1,1,20.390347,7.321000,2.107300,7.120200,1.403100
1,1,20.395495,5.148098,2.266700,5.594800,1.223400
1,1,20.401395,5.900800,1.814900,5.915000,1.290500
1,1,20.406785,5.389702,1.761700,5.232300,1.268000
1,1,20.413806,7.020701,2.354200,6.640500,1.676100
1,1,20.419529,5.723197,2.410000,6.187500,1.424200
1,1,20.426885,7.355500,1.889200,7.214600,1.668000
1,1,20.432492,5.607303,2.038800,5.435100,1.713300
1,1,20.439016,6.523799,2.219800,6.475900,1.290700
1,1,20.444354,5.338598,2.423900,5.308300,1.324200
1,1,20.448740,4.385401,2.315300,4.842000,1.318900
1,1,20.455661,6.921001,1.720500,6.736400,1.377200
1,1,20.463539,7.878602,1.943200,7.539600,1.294900
1,1,20.468419,4.879199,2.273300,5.145200,1.311900
1,1,20.474402,5.983900,2.192700,6.071700,1.336800
1,1,20.479908,5.506098,1.898300,5.485900,1.320800
1,1,20.485410,5.501501,1.974500,5.387500,1.209200
1,1,20.490539,5.129300,2.165500,5.270200,1.401600
1,1,20.496675,6.136198,1.889100,5.915100,1.373000
1,1,20.503425,6.749403,2.058600,6.968500,1.435500
1,1,20.510203,6.778497,1.976700,6.764500,1.485800
1,1,20.515851,5.647901,1.910200,5.701400,1.518000
1,1,20.521940,6.088801,1.869300,5.875800,1.269700
1,1,20.527717,5.776800,1.912600,5.765100,1.371100
1,1,20.533856,6.138999,2.078400,5.851500,1.354600
1,1,20.538445,4.589401,2.298200,5.151800,1.443700
1,1,20.544999,6.554101,1.775300,5.982800,1.418700
1,1,20.551177,6.177697,2.345500,6.275600,1.350500
1,1,20.557364,6.186601,2.314500,6.580900,1.410600
1,1,20.562799,5.435701,1.773800,5.030200,1.449300
1,1,20.568056,5.256601,2.186500,5.442200,1.485600
1,1,20.573094,5.038299,2.033400,5.038500,1.300600
1,1,20.578187,5.092401,2.095000,5.232900,1.388200
1,1,20.584450,6.262898,1.829400,5.173900,1.314100
1,1,20.591246,6.795999,2.916200,7.656400,1.440900
1,1,20.596671,5.425200,2.099000,5.637300,1.598900
1,1,20.601817,5.146403,1.903900,5.141900,1.482200
1,1,20.608449,6.631497,1.953100,6.268800,1.328400
1,1,20.614427,5.978100,2.334200,5.985000,1.384600
1,1,20.619277,4.850700,2.150000,5.008500,1.270700
1,1,20.625708,6.430302,1.971900,6.356000,1.205900
1,1,20.632575,6.866798,2.069500,7.009700,1.825900
1,1,20.638011,5.436301,2.182200,5.538600,1.546500
1,1,20.643621,5.609799,1.853500,5.310700,1.418500
1,1,20.649183,5.562600,2.213400,5.794900,1.346900
1,1,20.654745,5.561702,1.870100,5.432100,1.383500
1,1,20.660624,5.878799,2.112200,5.635400,1.472900
1,1,20.666881,6.256901,2.341600,6.515100,1.495300
1,1,20.673002,6.120998,2.184700,5.834000,1.381200
1,1,20.678192,5.190402,2.412600,5.655600,1.430300
1,1,20.683716,5.524099,1.812000,5.430600,1.186900
1,1,20.689309,5.593199,1.807900,5.633100,1.353300
1,1,20.695018,5.708899,1.884100,5.660800,1.235600
1,1,20.700459,5.441003,1.830500,5.324600,1.321800
1,1,20.705271,4.811998,2.071600,4.914900,1.391800
1,1,20.712599,7.327501,2.137900,6.668000,1.594100
1,1,20.717925,5.326200,2.733600,5.991500,1.545700
1,1,20.724981,7.056199,1.854700,6.945800,1.370600
1,1,20.731180,6.198302,1.975300,5.874600,1.509700
1,1,20.735700,4.520997,2.167100,4.919400,1.442000
1,1,20.741877,6.176703,2.016200,6.118000,1.358600
1,1,20.748832,6.955098,1.934300,6.812600,1.524900
1,1,20.753617,4.784502,2.257800,4.931700,1.365200
1,1,20.758789,5.172197,1.833900,5.162800,1.493100
1,1,20.764656,5.867500,1.987200,5.805200,1.536500
1,1,20.770148,5.491700,1.999900,5.574700,1.248600
1,1,20.776267,6.119203,1.869400,6.109200,1.282400
1,1,20.781319,5.051199,1.769800,5.084300,1.494000
1,1,20.788327,7.008698,1.789800,6.762900,1.431400
1,1,20.794011,5.684003,1.815100,5.323800,1.285500
1,1,20.798909,4.897397,2.325600,5.199500,1.362500
1,1,20.806063,7.153902,1.893200,7.086200,1.304700
1,1,20.812313,6.250300,2.014100,6.435900,1.475000
1,1,20.818282,5.969398,1.788200,5.848100,1.358700
1,1,20.823684,5.401600,1.904100,5.253400,1.424400
1,1,20.828758,5.073603,2.083300,5.363800,1.482400
1,1,20.834851,6.092999,1.827800,5.759400,1.184400
1,1,20.841164,6.313700,1.855900,6.369400,1.203600
1,1,20.846244,5.080000,2.420600,4.885200,1.523600
1,1,20.853381,7.136300,2.402300,7.216400,1.399700
1,1,20.860002,6.621599,2.172400,6.413800,1.387200
1,1,20.865294,5.291700,2.382100,5.327100,1.453700
1,1,20.871376,6.082300,2.386100,6.531200,1.382300
1,1,20.877378,6.001499,1.832600,5.767000,1.366800
1,1,20.883324,5.946603,2.304700,6.019500,1.503700
1,1,20.888849,5.524497,2.015600,5.339500,1.653500
1,1,20.896918,8.069202,2.112900,7.973500,1.239700
1,1,20.902908,5.989797,2.202900,5.975000,1.526300
1,1,20.909256,6.348301,2.716600,6.384000,1.310700
1,1,20.916335,7.078599,2.125100,7.325400,1.302100
1,1,20.921480,5.145300,2.112700,5.107600,1.545100
1,1,20.926819,5.338602,2.115600,5.228200,1.497300
1,1,20.933284,6.465100,1.906400,6.223600,1.463200
1,1,20.937871,4.586998,2.316500,4.949100,1.505500
1,1,20.945633,7.762801,1.938800,7.319000,1.267700
1,1,20.951849,6.215800,2.390100,6.730200,1.389700
1,1,20.956803,4.953802,1.964000,4.939000,1.636300
1,1,20.964840,8.037400,1.872600,7.955100,1.403100
1,1,20.969476,4.635599,1.904400,4.612900,1.550500
1,1,20.974893,5.416702,2.035300,5.593100,1.341300
1,1,20.982092,7.199097,1.885200,6.655000,1.270700
1,1,20.988206,6.113801,2.265300,6.446000,1.302300
1,1,20.994339,6.133001,2.039000,6.062000,1.343800
1,1,20.999097,4.758697,2.087900,4.921800,1.440600
1,1,21.006180,7.082403,1.810000,6.670200,1.317800
1,1,21.010903,4.723199,2.276300,5.003200,1.278700
1,1,21.016446,5.542800,2.085300,5.567900,1.499300
1,1,21.022642,6.196402,1.893200,6.182100,1.447300
1,1,21.029822,7.179897,2.138400,7.259000,1.271500
1,1,21.035395,5.573202,1.894200,5.222100,1.480200
1,1,21.040838,5.442999,2.331600,5.742300,1.294600
1,1,21.047244,6.405301,1.902700,6.455400,1.780000
1,1,21.052837,5.593598,1.952200,5.535700,1.370300
1,1,21.057947,5.109902,1.925800,5.149000,1.353800
1,1,21.065605,7.658299,1.921600,7.389100,1.388000
1,1,21.071826,6.220300,2.100300,6.561500,1.287000
1,1,21.077868,6.042298,1.910700,5.537600,1.604800
1,1,21.082894,5.026203,2.362800,5.431700,1.425800
1,1,21.088592,5.697697,1.879800,5.443300,1.622000
1,1,21.093732,5.140200,2.411100,5.309800,1.605200
1,1,21.100504,6.771900,2.034700,6.628300,1.361900
1,1,21.107597,7.093102,2.137900,7.273200,1.583700
1,1,21.113091,5.493600,2.080300,5.251300,1.355500
1,1,21.118865,5.774599,2.111900,5.950900,1.358200
1,1,21.124831,5.965702,2.139400,6.061400,1.614400
1,1,21.130794,5.962901,1.710700,5.659900,1.336000
1,1,21.136683,5.889200,2.181400,5.863400,1.392200
1,1,21.142709,6.026298,2.172500,6.410600,1.404500
1,1,21.148531,5.821202,1.801400,5.626100,1.657300
1,1,21.154924,6.393798,1.975700,6.315800,1.291400
1,1,21.160919,5.994301,2.069500,6.124600,1.481100
1,1,21.166848,5.929299,2.071300,6.027200,1.478100
1,1,21.173003,6.155301,1.873000,5.587900,1.264600
1,1,21.180080,7.076800,2.366400,7.607700,1.378900
1,1,21.185909,5.828701,1.867100,5.702400,1.543700
1,1,21.191502,5.593698,1.828000,5.670500,1.538000
1,1,21.197482,5.979601,1.892600,5.875300,1.373700
1,1,21.202703,5.220599,1.927600,5.329600,1.233800
1,1,21.208292,5.589198,1.791900,5.454100,1.383600
1,1,21.214330,6.037902,1.956400,6.085900,1.239200
1,1,21.220081,5.751699,1.953100,5.809300,1.335200
1,1,21.227150,7.068399,1.902800,6.676100,1.262800
1,1,21.232539,5.389400,2.321100,5.826700,1.380000
1,1,21.238551,6.011900,1.800500,5.651100,1.290200
1,1,21.243743,5.192000,2.273700,5.274800,1.189500
1,1,21.249833,6.089803,2.081100,6.043400,1.333300
1,1,21.256934,7.101499,2.179100,7.252700,1.408200
1,1,21.262681,5.747002,1.968500,5.391100,1.417400
1,1,21.267483,4.801899,2.407900,5.276800,1.410300
1,1,21.274927,7.443298,1.813000,7.016900,1.492600
1,1,21.279469,4.542701,2.258100,4.923800,1.361200
1,1,21.285924,6.455000,1.809600,6.088200,1.349300
1,1,21.292740,6.815601,2.206300,7.064600,1.218000
1,1,21.298471,5.731098,1.987200,5.794700,1.214400
1,1,21.304018,5.547099,2.028200,5.400500,1.355100
1,1,21.309418,5.400203,1.955100,5.426000,2.183700
1,1,21.314417,4.998799,2.003800,5.080800,1.456000
1,1,21.320015,5.597498,1.924600,5.340400,1.473900
1,1,21.327036,7.021300,2.093800,6.787700,1.602000
1,1,21.332611,5.575400,2.418400,5.606600,1.663700
1,1,21.339088,6.476201,2.416200,6.654400,1.754300
1,1,21.344035,4.947301,2.135900,4.901600,1.411200
1,1,21.350562,6.527599,2.226000,6.687400,1.450400
1,1,21.355789,5.226199,1.951800,5.165000,1.356100
1,1,21.363208,7.419400,2.172600,7.466700,1.530600
1,1,21.368255,5.046699,2.052900,5.196200,1.233100
1,1,21.374853,6.598100,1.953400,6.170900,1.233900
1,1,21.379510,4.657701,2.213600,4.971700,1.370900
1,1,21.385763,6.252702,2.640400,6.194500,1.314300
1,1,21.390617,4.853398,2.090800,4.967800,1.384600
1,1,21.396765,6.148301,1.795800,6.116900,1.480700
1,1,21.403981,7.216401,1.965600,7.248600,1.448300
1,1,21.409847,5.865797,2.086500,5.436900,1.300200
1,1,21.415391,5.543701,2.212500,5.473700,1.539200
1,1,21.421397,6.006598,2.536300,6.486100,1.528600
1,1,21.428918,7.520400,1.837000,7.171400,1.253900
1,1,21.434880,5.962603,2.300200,5.945900,1.483700
1,1,21.439997,5.116601,2.347400,5.012300,1.596700
1,1,21.446285,6.288297,2.580800,6.522000,1.587700
1,1,21.451728,5.442999,2.629200,5.478500,1.697500
1,1,21.457306,5.578101,2.297700,5.619700,1.519700
1,1,21.463443,6.136902,2.790600,6.058900,1.555800
1,1,21.468964,5.520798,2.082900,5.321100,1.466300
1,1,21.475098,6.134301,2.370100,6.201800,1.628400
1,1,21.480591,5.492199,2.519400,5.716000,1.557700
1,1,21.487025,6.433900,1.965100,6.487900,1.418100
1,1,21.491509,4.484098,1.940300,4.610000,1.442800
1,1,21.497294,5.785301,1.795500,5.410800,1.571900
1,1,21.503201,5.907498,2.087100,6.118400,1.145600
1,1,21.510215,7.013503,1.909500,6.703500,1.609300
1,1,21.515972,5.757298,2.319000,5.982100,1.467300
1,1,21.521601,5.628601,1.911900,5.475700,1.393500
1,1,21.527777,6.176401,2.129700,6.055700,1.427100
1,1,21.533590,5.812798,2.288000,6.113900,1.276300
1,1,21.538873,5.283199,1.947400,4.838200,1.303500
1,1,21.544713,5.839802,2.898500,6.240500,1.369100
1,1,21.552048,7.335000,2.165200,7.303900,1.569600
1,1,21.557107,5.059000,2.006900,5.089700,1.325500
1,1,21.564042,6.934799,1.940700,6.862300,1.415400
1,1,21.569071,5.028799,2.042200,4.950000,1.352500
1,1,21.574333,5.262200,2.201400,5.431400,1.415000
1,1,21.581324,6.991100,1.849100,6.308900,1.323400
1,1,21.587483,6.159402,2.716600,6.410800,1.812800
1,1,21.593728,6.244499,2.433800,6.656700,1.552700
1,1,21.598592,4.864100,2.040800,4.903700,1.508500
1,1,21.604854,6.262500,1.897200,6.304500,1.269800
1,1,21.609772,4.917700,1.923100,4.841400,1.355200
1,1,21.615366,5.594101,1.956900,5.545900,1.255700
1,1,21.620502,5.135398,2.148800,5.183100,1.335300
1,1,21.628468,7.966001,1.823100,7.471400,1.290900
1,1,21.634047,5.579200,2.322300,5.992300,1.452800
1,1,21.639321,5.274400,1.998700,5.283500,1.442600
1,1,21.645622,6.300699,2.096900,6.333100,1.507000
1,1,21.650322,4.700299,1.916900,4.782000,1.353000
1,1,21.655763,5.440403,1.809800,5.347800,1.169300
1,1,21.661308,5.545199,1.796200,5.552800,1.289900
1,1,21.668507,7.198900,1.946400,7.143100,1.242200
1,1,21.674866,6.359100,2.108100,5.989100,1.696300
1,1,21.679412,4.546501,2.398600,4.985400,1.369500
1,1,21.685693,6.280199,1.821900,6.113600,1.482500
1,1,21.690764,5.071301,2.133600,5.165900,1.575200
1,1,21.696299,5.535301,1.903200,5.251500,1.244500
1,1,21.704183,7.883597,2.182400,7.713300,1.298900
1,1,21.709975,5.791999,2.359700,6.315700,1.691800
1,1,21.715119,5.144402,1.839900,4.885700,1.393400
1,1,21.722483,7.364098,2.067800,7.417700,1.724100
1,1,21.728108,5.624902,2.552900,5.681400,1.508500
1,1,21.733781,5.672801,1.853300,5.755200,1.281600
1,1,21.739840,6.059397,1.887900,5.837300,1.498300
1,1,21.747017,7.176504,2.100700,7.372600,1.435200
1,1,21.751774,4.756998,1.783600,4.703700,1.309000
1,1,21.758463,6.689299,1.963200,6.748900,1.462200
1,1,21.765128,6.665099,1.968100,6.252400,1.297300
1,1,21.770736,5.607400,2.241100,5.944300,1.375700
1,1,21.776492,5.756900,1.996100,5.431500,1.240100
1,1,21.781568,5.075201,2.284200,5.322600,1.296800
1,1,21.786852,5.284302,1.957700,5.368000,1.333600
1,1,21.791933,5.081300,1.935800,5.050400,1.315700
1,1,21.797608,5.674999,1.990900,5.614700,1.187400
1,1,21.804211,6.602999,1.988200,6.567500,1.319600
1,1,21.810247,6.035402,2.038000,5.971000,1.296100
1,1,21.816362,6.115198,2.037900,6.293600,1.432400
1,1,21.822662,6.299600,1.921500,6.060300,1.449600
1,1,21.827566,4.904199,2.220300,4.943400,1.626500
1,1,21.832611,5.045101,2.162500,5.172100,1.232600
1,1,21.839327,6.716400,1.889100,6.635100,1.410500
1,1,21.845768,6.440401,2.000900,6.062500,1.474600
1,1,21.851787,6.019600,2.354900,6.477300,1.628100
1,1,21.858431,6.643299,2.018600,6.309600,1.380700
1,1,21.864237,5.806599,2.504500,6.153300,1.358800
1,1,21.869908,5.670901,1.930000,5.644200,1.250100
1,1,21.876929,7.020600,1.899500,6.603200,1.517200
1,1,21.882423,5.494799,2.489100,5.840300,1.477000
1,1,21.887255,4.831798,2.023300,4.948000,1.509300
1,1,21.895052,7.796500,1.840500,7.353200,1.503900
1,1,21.899647,4.595201,2.248900,4.918100,1.329100
1,1,21.905851,6.204199,1.944700,6.176900,1.196100
1,1,21.910888,5.036402,1.886900,5.068900,1.356100
1,1,21.917642,6.754898,1.926400,6.669700,1.696200
1,1,21.923637,5.994402,2.050200,5.950800,1.892000
1,1,21.931047,7.409800,2.197800,7.192100,1.544700
1,1,21.937440,6.393600,2.266800,6.544600,1.294100
1,1,21.942861,5.420897,2.199800,5.525800,1.580200
1,1,21.948366,5.504902,1.915400,5.629800,1.574600
1,1,21.954025,5.658999,1.837800,5.563900,1.424500
1,1,21.960691,6.665800,1.818400,6.770400,1.276100
1,1,21.967967,7.276099,1.882800,6.315800,1.420400
1,1,21.972175,4.208103,2.462000,5.048900,1.472700
1,1,21.978673,6.498300,2.583300,6.214000,1.536700
1,1,21.983360,4.687101,2.188400,4.868400,1.402400
1,1,21.988470,5.109999,2.031500,5.223400,1.463400
1,1,21.994989,6.518800,1.993100,6.221000,1.312400
1,1,22.002085,7.096298,2.430600,7.154300,1.680500
1,1,22.007417,5.331602,2.270400,5.533200,1.431000
1,1,22.013602,6.185200,1.869300,6.058500,1.419900
1,1,22.020551,6.949000,2.258200,6.912400,1.385700
1,1,22.027353,6.802198,2.183800,6.979700,1.733800
1,1,22.032977,5.623903,1.893100,5.560600,1.684700
1,1,22.039379,6.401900,1.905900,6.146700,1.229700
1,1,22.045622,6.242398,2.172300,6.164300,1.299400
1,1,22.051304,5.682100,2.159400,6.083200,1.208100
1,1,22.057963,6.659400,1.751100,6.331900,1.653000
1,1,22.062468,4.505202,2.342900,4.738600,1.367900
1,1,22.068497,6.028198,1.853200,5.998200,1.474200
1,1,22.074337,5.840700,1.949400,5.839900,1.395100
1,1,22.079627,5.289700,1.896200,5.377700,1.407200
1,1,22.085812,6.185200,1.871500,5.960700,1.279900
1,1,22.092850,7.037699,2.011200,7.158200,1.431000
1,1,22.098780,5.929902,2.082900,5.346100,1.392000
1,1,22.104592,5.811799,2.545100,6.134800,1.443800
1,1,22.109168,4.576199,2.157700,4.814000,1.441200
1,1,22.114862,5.694203,1.886800,5.321600,1.236600
1,1,22.120253,5.390797,2.276900,5.850500,1.337800
1,1,22.127104,6.851502,1.727300,6.465300,1.638900
1,1,22.133050,5.945798,2.267900,6.303700,1.278700
1,1,22.138563,5.512800,1.773700,5.230400,1.434400
1,1,22.143683,5.120002,2.009300,5.421600,1.178300
1,1,22.150696,7.013299,1.745000,6.611400,1.494600
1,1,22.155146,4.449401,2.176900,4.707000,1.260800
1,1,22.160361,5.215202,1.944700,5.198900,1.385400
1,1,22.166429,6.068200,2.142100,6.030000,1.262900
1,1,22.173087,6.658297,1.926600,6.763700,1.254700
1,1,22.180502,7.414401,1.895800,6.846100,1.274800
1,1,22.186034,5.532701,2.432500,5.969700,1.215000
1,1,22.191671,5.636200,2.031100,5.414000,1.557100
1,1,22.196549,4.878499,2.159600,5.160700,1.209300
1,1,22.203221,6.671503,1.786100,6.596600,1.362900
1,1,22.207897,4.676297,2.093000,4.744600,1.546700
1,1,22.214560,6.663002,2.730700,6.208100,1.380200
1,1,22.222062,7.502001,2.432900,7.843700,1.616300
1,1,22.226943,4.880697,2.170100,4.963500,1.517400
1,1,22.232886,5.943403,1.947900,6.021000,1.436500
1,1,22.238681,5.794998,1.807000,5.683500,1.291000
1,1,22.243895,5.214300,1.935300,5.253900,1.276900
1,1,22.249831,5.935401,1.966000,5.913900,1.255400
1,1,22.256235,6.404001,1.896100,6.292300,1.441400
1,1,22.262908,6.673500,2.105800,6.700700,1.419500
1,1,22.267950,5.041800,1.909000,4.910200,1.756500
1,1,22.274376,6.425798,2.309800,6.298600,1.672800
1,1,22.278884,4.508100,2.223900,4.982200,1.251500
1,1,22.285237,6.352600,1.706600,5.860800,1.144600
1,1,22.290004,4.767701,2.204400,5.128900,1.405500
1,1,22.295901,5.897198,1.802700,5.892300,1.332700
1,1,22.303289,7.388003,1.793300,7.346600,1.389200
1,1,22.308080,4.790500,1.994400,4.867700,1.474300
1,1,22.313431,5.351499,1.777900,5.343000,1.394100
1,1,22.318962,5.530100,1.869500,5.359400,1.354600
1,1,22.324949,5.987901,1.979100,6.114300,1.607200
1,1,22.330251,5.301498,1.778800,5.345600,1.388200
1,1,22.337313,7.062599,1.841400,7.009900,1.398000
1,1,22.344875,7.562000,1.964400,7.068400,1.703900
1,1,22.349243,4.367400,2.360000,4.725200,1.211200
1,1,22.354406,5.162701,1.926900,5.328600,1.260900
1,1,22.359982,5.576599,1.754200,5.245400,1.339000
1,1,22.365475,5.493101,2.093800,5.216100,1.356500
1,1,22.370699,5.223501,2.290200,5.422600,1.434500
1,1,22.376800,6.101698,2.213300,5.855400,1.371900
1,1,22.383213,6.412700,2.549400,7.044500,1.372900
1,1,22.391645,8.432101,1.696600,8.247100,1.353600
1,1,22.396652,5.006701,2.017200,5.189700,1.357400
1,1,22.401889,5.236898,1.720500,5.128400,1.495400
1,1,22.408497,6.608102,1.858900,6.541400,1.202300
1,1,22.413306,4.809100,2.020200,4.844400,1.410900
1,1,22.418543,5.236898,1.942400,5.317200,1.470200
1,1,22.425670,7.126801,1.764400,6.550400,1.461100
1,1,22.432239,6.569300,2.514000,7.043700,1.501100
1,1,22.437932,5.693100,1.952800,5.329300,1.510700
1,1,22.443079,5.146500,2.182600,5.243500,1.373300
1,1,22.448382,5.303498,1.933800,5.262000,1.459200
1,1,22.453675,5.292702,1.957000,5.600700,1.463600
1,1,22.459706,6.031398,1.705900,5.921100,1.337000
1,1,22.465726,6.019600,1.897000,5.555200,1.425400
1,1,22.471572,5.846500,2.395300,6.464300,1.338700
1,1,22.477801,6.228600,1.817100,5.829500,1.388300
1,1,22.483779,5.977701,2.160200,5.907000,1.465600
1,1,22.488421,4.641999,2.201400,5.027000,1.586700
1,1,22.493885,5.464502,1.694400,5.265600,1.309300
1,1,22.499592,5.706999,2.052200,5.900700,1.417100
1,1,22.505534,5.941801,1.745000,5.614800,1.497900
1,1,22.511801,6.267499,2.152700,6.510000,1.382500
1,1,22.517595,5.794000,2.029500,5.799400,1.428100
1,1,22.523432,5.836602,2.047500,5.713500,1.197800
1,1,22.528466,5.034197,2.000800,4.983800,1.156000
1,1,22.535143,6.676901,1.961000,6.792100,1.239500
1,1,22.541091,5.947500,1.931200,5.979400,1.320400
1,1,22.546042,4.951499,1.990800,5.005200,1.393100
1,1,22.552477,6.434802,1.799600,6.135300,1.229200
1,1,22.557457,4.979499,2.068800,5.278400,1.356200
1,1,22.563214,5.757000,1.853800,5.515000,1.534600
1,1,22.568502,5.288601,2.127700,5.223200,1.443700
1,1,22.574505,6.002799,2.169600,6.099400,1.547800
1,1,22.580644,6.139498,1.954400,5.948600,1.775200
1,1,22.586973,6.328903,2.275600,6.618800,1.545700
1,1,22.592434,5.460400,1.984200,5.370900,1.545600
1,1,22.598864,6.430697,1.928900,6.085100,1.592300
1,1,22.603807,4.942700,2.475100,5.204700,1.530100
1,1,22.609219,5.411603,2.775700,5.523200,1.605500
1,1,22.615264,6.045498,1.930200,5.745900,1.601500
1,1,22.619939,4.674800,2.198200,4.991800,1.511900
1,1,22.626425,6.485600,1.972100,6.479800,1.224300
1,1,22.632557,6.132800,1.788900,5.613100,1.360400
1,1,22.638579,6.022003,2.804100,6.598900,1.489100
1,1,22.643463,4.883800,1.832800,4.679800,1.416800
1,1,22.648704,5.240899,2.094000,5.336200,1.388900
1,1,22.655872,7.168099,1.901600,6.776500,1.326600
1,1,22.662926,7.054299,2.293600,7.066300,1.345800
1,1,22.666997,4.070301,2.199700,4.631000,1.393000
1,1,22.673715,6.718602,2.520600,6.483700,1.234200
1,1,22.679807,6.091800,1.927800,5.946000,1.476700
1,1,22.684757,4.950099,2.281800,5.044000,1.353300
1,1,22.690503,5.745903,2.068200,5.329600,1.491700
1,1,22.696639,6.135497,2.274700,6.444400,1.429700
1,1,22.703044,6.405201,2.206000,6.481100,1.519300
1,1,22.707659,4.615299,2.182200,4.642000,1.583000
1,1,22.714280,6.620701,2.011000,6.579000,1.552100
1,1,22.720361,6.080799,2.058800,6.015500,1.663400
1,1,22.725437,5.076800,2.123800,5.058800,1.479300
1,1,22.732596,7.158700,2.250600,6.965600,1.488200
1,1,22.738528,5.932100,2.381300,5.971500,1.455400
1,1,22.743695,5.167101,2.323800,5.514200,1.430000
1,1,22.750180,6.484799,1.971800,6.121300,1.404800
1,1,22.754936,4.755601,2.210500,5.108400,1.309100
1,1,22.760192,5.256299,2.535400,4.876700,1.791900
1,1,22.765791,5.599201,2.368100,5.953500,1.287600
1,1,22.772691,6.900001,1.814800,6.444300,1.362200
1,1,22.778227,5.536098,2.647100,5.869300,1.694800
1,1,22.783091,4.863102,2.001000,4.661100,1.492200
1,1,22.789558,6.467599,2.206400,6.754600,1.401600
1,1,22.795520,5.961798,1.905800,5.981600,1.267700
1,1,22.801103,5.582802,1.856000,5.495700,1.467500
1,1,22.806157,5.054001,1.843500,4.938900,1.512000
1,1,22.811710,5.553599,2.162800,5.644000,1.423900
1,1,22.817538,5.827397,1.938700,5.847600,1.590100
1,1,22.822646,5.107801,1.926400,4.942900,1.539700
1,1,22.828850,6.204002,2.213900,6.417600,1.485900
1,1,22.835638,6.788399,2.009000,6.413100,1.493000
1,1,22.841175,5.536698,1.978200,5.858900,1.363400
1,1,22.847025,5.850703,2.031200,5.818800,1.378100
1,1,22.851724,4.698999,1.917500,4.748600,1.354800
1,1,22.859404,7.679898,1.872100,7.467500,1.356000
1,1,22.864717,5.312603,2.063000,5.441900,1.510700
1,1,22.869566,4.849199,2.408600,4.983100,1.569300
1,1,22.875486,5.920399,1.730600,5.635700,1.464900
1,1,22.881002,5.515102,2.067400,5.412700,1.323100
1,1,22.886771,5.769197,2.335300,5.756800,1.451800
1,1,22.892580,5.809300,2.261400,6.096600,1.397600
1,1,22.899192,6.612103,1.791400,6.478800,1.293000
1,1,22.906085,6.892998,2.116500,6.715700,1.465100
1,1,22.911878,5.792502,2.196900,5.656500,1.393200
1,1,22.918664,6.786499,2.438300,6.678700,1.333500
1,1,22.923290,4.626099,2.517100,5.040900,1.406100
1,1,22.928438,5.147800,2.051600,5.289200,1.393100
1,1,22.935210,6.772500,1.823800,6.318600,1.371900
1,1,22.941620,6.409600,2.307200,6.841100,1.226600
1,1,22.947646,6.025899,1.712900,5.882600,1.315800
1,1,22.952867,5.220801,2.080400,5.212000,1.383600
1,1,22.960576,7.709000,1.986500,7.471800,1.415400
1,1,22.965455,4.879199,2.231800,5.122900,1.467900
1,1,22.971648,6.192900,2.018300,6.222600,1.775000
1,1,22.977106,5.458400,2.045400,5.493600,1.530500
1,1,22.984239,7.132500,1.948000,6.826800,1.421000
1,1,22.990055,5.816601,2.184900,6.173100,1.188700
1,1,22.998189,8.133501,1.925600,7.662000,1.474500
1,1,23.004089,5.900100,2.412100,5.894700,1.696200
1,1,23.008884,4.794598,2.305000,5.188000,1.641700
1,1,23.015462,6.578900,1.935200,6.515500,1.209300
1,1,23.022570,7.107902,1.973800,7.054300,1.584400
1,1,23.027330,4.759200,1.964400,4.847500,1.321200
1,1,23.033558,6.228000,1.909300,5.571500,1.304100
1,1,23.039732,6.174501,2.603100,6.604500,1.604500
1,1,23.045432,5.700298,2.245400,5.739700,1.412300
1,1,23.050267,4.834302,2.253200,4.993000,1.470900
1,1,23.056163,5.895998,1.940700,5.846900,1.350600
1,1,23.063333,7.169999,1.960000,6.739200,1.604500
1,1,23.068451,5.118303,2.332400,5.212700,1.433900
1,1,23.074562,6.111298,2.342200,6.436000,1.283300
1,1,23.082509,7.947102,1.875100,7.063200,1.384300
1,1,23.089499,6.990097,2.838700,7.602600,1.492000
1,1,23.096293,6.793700,2.126200,6.959900,1.693600
1,1,23.102517,6.223600,2.078600,6.207700,1.591600
1,1,23.107776,5.259600,2.075300,5.357800,1.363000
1,1,23.114264,6.487202,1.894500,6.034500,1.501500
1,1,23.119776,5.512599,2.422100,5.982100,1.421800
1,1,23.125136,5.359601,2.121700,4.963900,1.524600
1,1,23.131763,6.627198,2.190800,6.820300,1.321700
1,1,23.138239,6.476499,2.135800,6.604400,1.535700
1,1,23.142945,4.705101,1.932900,4.669700,1.428400
1,1,23.150656,7.711299,2.115800,7.889900,1.383500
1,1,23.155852,5.196400,2.054700,4.844900,1.444100
1,1,23.161460,5.607303,2.240400,5.903800,1.312700
1,1,23.168412,6.952100,1.772500,6.760400,1.351700
1,1,23.175780,7.368498,2.097600,7.150000,1.437200
1,1,23.180640,4.860099,2.178000,5.159700,1.317400
1,1,23.187159,6.519102,2.000200,6.402700,1.273400
1,1,23.192395,5.235799,1.956300,5.302300,1.377700
1,1,23.199366,6.971102,2.099500,6.907500,1.661900
1,1,23.204808,5.441699,2.073600,5.513400,1.549500
1,1,23.210502,5.694401,1.978500,5.323500,1.750800
1,1,23.218779,8.276299,2.333300,8.208300,1.190100
1,1,23.224265,5.486701,2.446900,5.861500,1.820700
1,1,23.229608,5.342700,2.043000,5.039400,1.453500
1,1,23.236402,6.794300,2.425900,6.994500,1.686000
1,1,23.243395,6.992202,2.152200,6.936100,1.894100
1,1,23.247964,4.569098,2.061000,4.806400,1.599000
1,1,23.253160,5.196799,1.896100,5.148800,1.425700
1,1,23.259711,6.550703,1.915400,6.399900,1.575600
1,1,23.265539,5.827598,2.080400,5.950800,1.382400
1,1,23.270709,5.170502,2.110200,5.090900,1.511600
1,1,23.277398,6.688498,2.031700,6.413300,1.752400
1,1,23.284216,6.818000,2.264100,7.223200,1.361600
1,1,23.289111,4.895199,1.797200,4.876800,1.583000
1,1,23.294949,5.837701,1.941100,5.403500,1.194400
1,1,23.301743,6.793801,2.250700,6.710300,1.428200
1,1,23.306662,4.919298,2.597400,5.357100,1.785400
1,1,23.312028,5.365901,2.724200,5.386800,1.441200
1,1,23.318130,6.102301,1.942100,5.658200,1.365400
1,1,23.324738,6.607998,2.450200,6.550600,1.860900
1,1,23.330701,5.963299,2.714600,6.549300,1.696700
1,1,23.335847,5.145703,1.780600,5.051100,1.410000
1,1,23.341911,6.063599,1.887900,5.948000,1.513600
1,1,23.347598,5.687099,1.926900,5.689200,1.665600
1,1,23.355696,8.097801,2.399900,8.046400,1.210300
1,1,23.361413,5.717900,1.997400,5.699900,1.700400
1,1,23.366806,5.392101,2.191200,5.024800,1.486600
1,1,23.373230,6.424699,3.638200,6.823000,1.247800
1,1,23.377909,4.679099,1.951000,4.783900,1.368800
1,1,23.383652,5.743001,1.836500,5.361700,1.267400
1,1,23.390428,6.776001,2.274100,7.164800,1.275500
1,1,23.396787,6.358400,1.927100,5.986900,1.326400
1,1,23.402770,5.983099,2.314600,6.031500,1.313700
1,1,23.408702,5.931702,2.176300,6.014600,1.393500
1,1,23.414001,5.299598,1.909800,5.297900,1.475400
1,1,23.419109,5.107500,2.097900,5.299000,1.533700
1,1,23.424437,5.328801,1.946000,5.324100,1.241800
1,1,23.430858,6.420702,1.815900,6.396800,1.134200
1,1,23.436654,5.795900,1.953400,5.896000,1.427900
1,1,23.442636,5.981699,1.846700,5.845300,1.445000
1,1,23.447874,5.238399,1.865900,5.203700,1.388700
1,1,23.453245,5.370803,1.882300,5.474300,1.303900
1,1,23.458374,5.128697,1.880300,5.147300,1.407600
1,1,23.465318,6.944101,1.852300,6.355800,1.284200
1,1,23.471645,6.327700,2.445500,6.791200,1.867800
1,1,23.478218,6.572802,1.903000,6.435300,1.393000
1,1,23.483246,5.027801,2.068600,4.911500,1.448600
1,1,23.488772,5.526200,2.245700,5.342900,1.464900
1,1,23.494516,5.743697,2.590800,6.175000,1.589700
1,1,23.500181,5.665600,1.942900,5.718000,1.573500
1,1,23.506247,6.065499,1.899900,5.847800,1.359700
1,1,23.512552,6.305400,2.106800,6.125100,1.457800
1,1,23.518192,5.639102,2.242000,5.755400,1.523500
1,1,23.523771,5.579598,2.101300,5.372200,1.388500
1,1,23.528392,4.620902,2.362400,5.151300,1.460100
1,1,23.533931,5.539000,1.683600,5.417800,1.381000
1,1,23.539302,5.371097,1.796700,5.185600,1.435000
1,1,23.544528,5.226202,2.086600,5.458300,1.360600
1,1,23.551722,7.193699,1.872600,7.062700,1.455800
1,1,23.557289,5.567200,1.932100,5.502700,1.395200
1,1,23.564936,7.646497,2.256900,7.324000,1.508100
1,1,23.571179,6.243203,2.266600,6.698600,1.730200
1,1,23.576887,5.708497,1.877000,5.641900,1.534100
1,1,23.582371,5.484100,2.019000,5.504600,1.518000
1,1,23.589038,6.666802,1.950000,6.305900,1.180900
1,1,23.593338,4.299399,2.214100,4.614400,1.273900
1,1,23.598806,5.468700,1.857000,5.499600,1.433900
1,1,23.605400,6.593801,1.836200,6.184700,1.410500
1,1,23.611751,6.351098,2.305400,6.885800,1.466100
1,1,23.616760,5.008802,1.993500,4.866000,1.473800
1,1,23.621950,5.189799,1.925900,5.299600,1.405300
1,1,23.627513,5.563099,1.773500,5.472500,1.475100
1,1,23.632786,5.272802,1.938700,5.239200,1.323900
1,1,23.638213,5.427402,1.859500,5.365200,1.356500
1,1,23.645454,7.240497,1.962200,6.910400,1.338600
1,1,23.651778,6.324202,2.301100,6.648600,1.325700
1,1,23.657202,5.424298,2.054800,5.409600,1.302300
1,1,23.663847,6.644402,1.908200,6.348500,1.627400
1,1,23.669576,5.729001,2.400700,5.754000,1.377900
1,1,23.675201,5.625300,3.047500,5.704000,1.630400
1,1,23.682517,7.315598,3.142300,7.116700,1.546800
1,1,23.687868,5.351301,2.446600,5.484000,1.871800
1,1,23.695040,7.172298,2.272000,6.502100,1.574300
1,1,23.700119,5.078901,2.814900,5.812800,1.689700
1,1,23.706183,6.064001,2.138200,6.041200,1.540200
1,1,23.711116,4.932500,2.053200,4.851500,1.401400
1,1,23.717457,6.341897,2.109200,6.430000,1.412600
1,1,23.722466,5.008601,2.107000,4.890400,1.449400
1,1,23.727771,5.304601,2.267800,5.431400,1.709400
1,1,23.734775,7.003900,1.898300,6.578700,1.655500
1,1,23.740868,6.093901,2.540200,6.582600,1.430200
1,1,23.746876,6.007399,1.899800,5.706000,1.368300
1,1,23.753773,6.897099,2.100800,7.036200,1.272700
1,1,23.758991,5.217601,2.001400,5.387800,1.348500
1,1,23.764519,5.528599,1.921400,5.311000,1.357000
1,1,23.770485,5.965702,2.068900,6.011700,1.312100
1,1,23.775257,4.771899,2.098600,4.836300,1.507900
1,1,23.781213,5.955800,1.946200,5.696000,1.331400
1,1,23.787818,6.605100,2.316800,6.943900,1.416700
1,1,23.793658,5.840600,1.799500,5.698300,1.356200
1,1,23.798932,5.274199,2.036600,5.430100,1.284700
1,1,23.805034,6.102100,1.711100,5.894000,1.244300
1,1,23.809418,4.383501,2.114700,4.528600,1.496100
1,1,23.814879,5.460501,2.471400,5.317200,1.438500
1,1,23.821028,6.149698,1.915200,6.290800,1.234800
1,1,23.826344,5.315900,1.732600,5.193700,1.509600
1,1,23.833138,6.793603,2.209300,6.625700,1.331200
1,1,23.838976,5.838599,2.066000,5.772400,1.310000
1,1,23.844802,5.825199,2.152600,6.175800,1.186400
1,1,23.850275,5.473100,1.804700,5.044100,1.563300
1,1,23.856013,5.737901,2.244800,6.053300,1.360100
1,1,23.861365,5.352400,2.027100,5.394000,1.486100
1,1,23.868425,7.060599,1.830800,6.653900,1.362300
1,1,23.874951,6.525502,2.356900,7.017300,1.299800
1,1,23.881831,6.879501,1.865200,6.624600,1.370800
1,1,23.888754,6.923400,2.116300,6.842800,1.396600
1,1,23.894149,5.394798,2.252600,5.648200,1.557000
1,1,23.899680,5.531002,1.819700,5.175800,1.656100
1,1,23.906582,6.902099,2.301800,7.068300,1.360300
1,1,23.911512,4.930202,1.918900,5.012900,1.291300
1,1,23.917116,5.604398,2.011800,5.631200,1.434400
1,1,23.923288,6.171301,1.982200,5.991200,1.354200
1,1,23.930629,7.341299,2.089500,7.436100,1.354500
1,1,23.936878,6.248500,1.967200,6.068100,1.481500
1,1,23.943096,6.218400,1.914000,6.048200,1.477800
1,1,23.947408,4.311901,2.259300,4.717000,1.297500
1,1,23.954255,6.847098,1.910400,6.514600,1.278700
1,1,23.961385,7.130403,2.171900,7.229900,1.574000
1,1,23.965577,4.191898,2.129300,4.439600,1.564800
1,1,23.972481,6.903600,2.519600,6.807600,1.527700
1,1,23.978352,5.871300,1.916200,5.849500,1.314600
1,1,23.983618,5.265903,1.925900,5.220400,1.259300
1,1,23.990073,6.455097,1.956700,6.243100,1.422900
1,1,23.994608,4.534401,2.303600,4.865000,1.398800
1,1,24.000489,5.881999,1.797700,5.459700,1.694400
1,1,24.006482,5.992401,2.268900,6.212000,1.322600
1,1,24.014502,8.020401,2.174600,7.686900,1.656300
1,1,24.021183,6.680798,2.513400,7.214100,1.614500
1,1,24.027457,6.273702,1.916000,5.858200,1.385800
1,1,24.033552,6.095499,2.339100,6.425000,1.517000
1,1,24.039544,5.992100,1.805600,5.991500,1.256200
1,1,24.045408,5.863499,1.989300,5.547300,1.349300
1,1,24.050630,5.222302,2.221600,5.478500,1.347400
1,1,24.055759,5.128600,1.904900,4.949900,1.477400
1,1,24.061336,5.577300,1.967600,5.856300,1.234200
1,1,24.066683,5.347099,1.762400,5.002700,1.394100
1,1,24.073823,7.139500,2.182100,7.431400,1.202700
1,1,24.080234,6.411303,1.845600,6.196400,1.469000
1,1,24.085265,5.030699,2.046900,5.131400,1.298700
1,1,24.090234,4.968800,2.002900,5.103700,1.392900
1,1,24.096384,6.150298,1.899500,5.914100,1.463600
1,1,24.100598,4.214201,2.088800,4.446600,1.627500
1,1,24.108187,7.589400,1.945100,7.205000,1.489000
1,1,24.114365,6.177500,2.265600,6.526900,1.343300
1,1,24.119266,4.900802,1.711500,4.895000,1.331200
1,1,24.126761,7.495798,1.727800,7.456800,1.272900
1,1,24.132658,5.896799,1.900100,5.661100,1.240400
1,1,24.138062,5.403701,1.967500,5.585600,1.261300
1,1,24.143648,5.586300,1.899300,5.287900,1.248300
1,1,24.149569,5.920999,2.156300,5.902000,1.467700
1,1,24.155620,6.050702,2.099000,5.931800,1.283900
1,1,24.160860,5.239598,2.265800,5.068700,1.520900
1,1,24.167939,7.079203,2.551900,7.505100,1.393700
1,1,24.173530,5.590897,2.047700,5.528400,1.423400
1,1,24.179440,5.910102,2.152800,5.856100,1.665400
1,1,24.186730,7.290598,2.086700,7.227600,1.250600
1,1,24.190928,4.198000,2.268300,4.638100,1.453600
1,1,24.196365,5.436800,1.662600,5.355700,1.254300
1,1,24.202087,5.722001,1.876700,5.469100,1.275500
1,1,24.207403,5.315900,2.084800,5.522200,1.382000
1,1,24.212462,5.058799,1.903600,4.979800,1.441900
1,1,24.219130,6.668102,1.940100,6.406200,1.389300
1,1,24.225907,6.777298,2.284900,6.929000,1.434000
1,1,24.231093,5.185701,1.987000,5.056700,1.388200
1,1,24.236506,5.412500,2.231800,5.556300,1.245200
1,1,24.242287,5.781401,2.181200,5.563400,1.299300
1,1,24.247848,5.560998,2.190100,5.792500,1.360800
1,1,24.254175,6.327100,2.030100,6.424800,1.645300
1,1,24.259895,5.720500,2.081700,5.526900,1.362700
1,1,24.267335,7.439300,2.044900,7.585900,1.255500
1,1,24.271817,4.481900,2.001400,4.551700,1.387600
1,1,24.277999,6.182201,2.741600,5.853100,1.517000
1,1,24.283161,5.162500,2.109000,5.113400,1.231900
1,1,24.288882,5.720600,2.167100,6.024100,1.231600
1,1,24.294092,5.209897,1.965700,5.125200,1.159100
1,1,24.299721,5.629301,1.943100,5.657200,1.528900
1,1,24.306831,7.109400,1.879700,6.820600,1.537300
1,1,24.312676,5.844902,2.173100,5.885400,1.268900
1,1,24.318121,5.445797,2.173600,5.685600,1.253500
1,1,24.324155,6.033503,1.941900,6.048900,1.399900
1,1,24.328856,4.701298,1.937100,4.718000,1.332700
1,1,24.334109,5.252402,1.822300,5.322800,1.426600
1,1,24.341607,7.498700,1.840800,7.273900,1.404700
1,1,24.347922,6.314401,2.098000,6.028000,1.624800
1,1,24.354451,6.529000,2.528300,6.818300,1.830400
1,1,24.360665,6.214399,1.989600,6.261300,1.667600
1,1,24.365773,5.107600,2.030000,5.231700,1.245800
1,1,24.372025,6.252099,1.739700,5.964300,1.228600
1,1,24.377132,5.106900,1.862100,5.368300,1.343900
1,1,24.383541,6.409701,1.967000,6.031900,1.401900
1,1,24.387860,4.318401,2.167300,4.805500,1.263200
1,1,24.394476,6.616399,1.724100,6.061600,1.241100
1,1,24.400407,5.931299,2.609700,6.393200,1.446700
1,1,24.406958,6.550200,1.657200,6.532100,1.618000
1,1,24.412584,5.625900,2.028100,5.530400,1.379100
1,1,24.417849,5.265102,1.846000,5.303400,1.330800
1,1,24.423075,5.226098,1.948100,5.099000,1.271400
1,1,24.428354,5.279601,1.910300,5.090800,1.409200
1,1,24.435603,7.249001,2.065300,6.962700,1.403500
1,1,24.440811,5.207498,2.357200,5.750800,1.564900
1,1,24.446946,6.135002,2.044100,6.154400,1.240900
1,1,24.451887,4.940700,1.850700,4.853600,1.283700
1,1,24.457234,5.347300,1.986500,5.327800,1.237600
1,1,24.462792,5.557999,1.940500,5.576800,1.257200
1,1,24.468166,5.374499,1.849200,5.328300,1.297300
1,1,24.474836,6.669603,2.003300,6.168300,1.279400
1,1,24.481898,7.062398,2.607200,7.702100,1.627400
1,1,24.488914,7.015899,1.975800,6.636000,1.403200
1,1,24.494513,5.598500,2.164000,5.894500,1.366000
1,1,24.500951,6.438300,1.834700,6.120700,1.170400
1,1,24.506747,5.796403,2.239900,6.043400,1.332200
1,1,24.512295,5.547997,1.887100,5.304700,1.369400
1,1,24.517861,5.565703,2.273200,5.568600,1.289400
1,1,24.524168,6.306898,2.058000,6.587400,1.369600
1,1,24.531609,7.440701,1.805600,7.042000,1.382500
1,1,24.536895,5.286500,2.273900,5.726000,1.206100
1,1,24.541752,4.856300,2.475300,4.822100,1.291700
1,1,24.548971,7.219199,1.813800,6.835100,1.390900
1,1,24.553909,4.938401,2.409800,5.389900,1.524300
1,1,24.560145,6.235600,1.758600,5.830500,1.279000
1,1,24.566354,6.209400,2.144100,6.184000,1.269500
1,1,24.570883,4.529100,2.137100,4.917200,1.284900
1,1,24.576783,5.899902,1.818500,5.671500,1.141000
1,1,24.582598,5.814698,1.929700,5.992800,1.337300
1,1,24.588020,5.422700,1.837700,5.392300,1.278700
1,1,24.595870,7.849101,1.791900,7.694700,1.281300
1,1,24.600698,4.828401,2.073800,4.889900,1.325200
1,1,24.608458,7.759597,1.921300,7.567700,1.363600
1,1,24.613438,4.980702,2.329500,5.158300,1.250300
1,1,24.620760,7.321700,1.961500,7.279900,1.379400
1,1,24.627106,6.345998,2.033300,6.472000,1.206000
1,1,24.632038,4.931901,1.930100,4.709500,1.294900
1,1,24.637523,5.485199,1.945700,5.678900,1.352500
1,1,24.642701,5.178001,1.818600,5.081800,1.231000
1,1,24.648642,5.941201,1.981200,5.690400,1.421000
1,1,24.654423,5.780701,2.125400,5.846600,1.221500
1,1,24.661265,6.841898,2.108900,6.641000,1.607900
1,1,24.668363,7.098101,2.193400,7.459400,1.680900
1,1,24.673629,5.266000,3.051300,5.324800,1.931200
1,1,24.678741,5.111698,1.976600,5.066900,1.367100
1,1,24.686152,7.410903,1.904500,6.952100,1.346800
1,1,24.691688,5.536601,2.355100,6.050500,1.413800
1,1,24.697037,5.348999,1.947800,5.250700,1.292000
1,1,24.702684,5.647298,1.955800,5.575700,1.397900
1,1,24.708356,5.671103,2.018700,5.619800,1.449900
1,1,24.715135,6.779399,2.093600,6.589600,1.272600
1,1,24.719821,4.685700,2.350200,4.866600,1.608300
1,1,24.727144,7.323101,2.782400,7.405800,1.612700
1,1,24.734207,7.063299,2.257600,6.794100,1.334700
1,1,24.739240,5.033001,2.227900,5.346200,1.799300
1,1,24.746804,7.563699,1.846100,7.209000,1.230700
1,1,24.752322,5.517699,2.323200,5.817400,1.485200
1,1,24.757661,5.339000,2.021200,5.444000,1.292900
1,1,24.765188,7.527899,1.756500,7.136600,1.545100
1,1,24.773294,8.105401,2.302300,7.794300,1.738800
1,1,24.780317,7.023301,2.629100,7.504500,1.584100
1,1,24.786023,5.705800,2.106900,5.727500,1.447300
1,1,24.793839,7.816598,2.003900,7.543200,1.401400
1,1,24.799535,5.695403,2.359600,6.098600,1.762500
1,1,24.805145,5.610399,1.781700,5.393500,1.309500
1,1,24.810646,5.500399,2.222500,5.700400,1.439700
1,1,24.815801,5.154900,1.936300,5.135800,1.428800
1,1,24.821361,5.560700,1.965000,5.450600,1.344400
1,1,24.827665,6.303903,2.003800,5.948200,1.527800
1,1,24.834439,6.773498,2.372700,7.177300,1.382500
1,1,24.840159,5.720101,1.858000,5.648200,1.433000
1,1,24.846678,6.518699,1.991400,6.293500,1.435900
1,1,24.851926,5.248800,2.169300,5.476300,1.438300
1,1,24.857517,5.590599,1.995900,5.713800,1.270800
1,1,24.863995,6.477799,1.860100,5.968300,1.379500
1,1,24.870531,6.535802,2.363800,6.957800,1.404200
1,1,24.876544,6.013401,1.945200,5.962600,1.430100
1,1,24.882914,6.370097,1.886800,6.002900,1.410300
1,1,24.889520,6.605800,2.387300,6.898300,1.594100
1,1,24.894381,4.861001,2.068800,5.059500,1.515600
1,1,24.902574,8.193400,1.803700,7.990700,1.207900
1,1,24.908715,6.140899,2.076300,6.250400,1.457500
1,1,24.914257,5.542003,1.871700,5.214900,1.360700
1,1,24.919925,5.667400,2.212500,5.948000,1.442600
1,1,24.927850,7.925801,1.936800,7.585000,1.431800
1,1,24.933479,5.628400,2.385300,5.901900,1.483800
1,1,24.939576,6.096900,1.957900,5.859100,1.636200
1,1,24.945920,6.343998,2.358600,6.460500,1.519600
1,1,24.951717,5.797900,2.173600,5.978300,1.290700
1,1,24.957476,5.758300,2.046400,5.779400,1.227500
1,1,24.965271,7.794701,1.844000,7.409300,1.415000
1,1,24.970586,5.315199,2.250400,5.656200,1.256300
1,1,24.976316,5.729802,1.797500,5.580100,1.479500
1,1,24.983090,6.774299,2.198700,6.862900,1.398000
1,1,24.989848,6.757800,1.972300,6.485900,1.472800
1,1,24.996279,6.431300,2.201400,6.360400,1.351300
1,1,25.001718,5.438801,2.017100,5.453700,1.434100
1,1,25.006524,4.805900,2.265200,5.140300,1.417900
1,1,25.012841,6.317098,1.833000,5.986200,1.216100
1,1,25.017885,5.044103,2.158400,5.121000,1.670100
1,1,25.023235,5.350597,2.051200,5.530800,1.327600
1,1,25.031046,7.811002,1.928100,7.929200,1.718600
1,1,25.036547,5.500600,1.777900,5.061100,1.367900
1,1,25.042869,6.321598,2.198000,6.370600,1.393800
1,1,25.048374,5.505200,2.317900,5.769300,1.847100
1,1,25.053335,4.961099,1.894000,4.986000,1.271700
1,1,25.058915,5.580500,1.747600,5.422000,1.299900
1,1,25.065166,6.251100,2.196600,6.075700,1.271900
1,1,25.072216,7.049203,2.217100,7.215800,1.394000
1,1,25.077815,5.599700,2.101600,5.706500,1.379800
1,1,25.083560,5.744498,1.878500,5.308700,1.515000
1,1,25.089424,5.864002,2.319400,5.870900,1.289100
1,1,25.094581,5.157400,2.568400,5.352000,1.535100
1,1,25.100952,6.370299,2.146800,6.441400,1.287700
1,1,25.107408,6.456699,2.110800,6.165600,1.846100
1,1,25.114808,7.399600,2.480900,7.708600,1.401800
1,1,25.120139,5.331501,1.997200,5.391200,1.633700
1,1,25.125902,5.762100,1.882800,5.780600,1.351700
1,1,25.131427,5.525298,1.856700,5.383800,1.328000
1,1,25.136450,5.023699,2.175800,5.151600,1.387700
1,1,25.141823,5.372200,1.855000,5.068500,1.465800
1,1,25.149398,7.574901,2.119600,7.430900,1.303900
1,1,25.154736,5.338300,2.483600,5.813100,1.716700
1,1,25.159825,5.089398,1.997100,5.060300,1.372600
1,1,25.167114,7.289100,1.809100,6.864900,1.235200
1,1,25.171931,4.816301,2.545300,5.256500,1.243300
1,1,25.178440,6.508902,1.814500,6.097300,1.488500
1,1,25.183245,4.804898,2.246900,5.106000,1.302300
1,1,25.190722,7.477801,1.911600,7.146500,1.446200
1,1,25.196253,5.530998,2.370600,5.835500,1.346500
1,1,25.201454,5.200800,2.487100,5.208000,1.725000
1,1,25.207326,5.871501,2.056200,5.826200,1.302900
1,1,25.212337,5.011402,2.048700,5.060700,1.393600
1,1,25.217309,4.971597,1.931100,5.028500,1.353900
1,1,25.224981,7.672802,1.859900,7.016300,1.192000
1,1,25.232045,7.063799,2.349500,7.249100,1.484900
1,1,25.236601,4.555799,2.336100,5.021800,1.307600
1,1,25.241950,5.349301,2.243300,5.172600,1.330800
1,1,25.248213,6.262902,1.915300,6.390700,1.518100
1,1,25.254925,6.711598,2.046900,6.613900,1.394500
1,1,25.262488,7.563401,1.955500,7.248100,1.589100
1,1,25.267706,5.217999,2.377300,5.667500,1.546500
1,1,25.273775,6.068300,2.319100,5.959200,1.420800
1,1,25.280233,6.458301,2.072500,6.480900,1.609800
1,1,25.286038,5.805597,1.874400,5.767700,1.503000
1,1,25.293039,7.000901,1.933700,6.599600,1.572400
1,1,25.297685,4.645400,2.291700,4.912400,1.345100
1,1,25.303952,6.267402,2.886000,6.327000,1.292900
1,1,25.309734,5.782001,1.810800,5.849600,1.356800
1,1,25.316287,6.552897,1.948600,5.907700,1.355400
1,1,25.321205,4.917800,2.555600,5.575300,1.256100
1,1,25.327790,6.585300,1.914700,6.604200,1.387500
1,1,25.333743,5.953200,1.928400,5.382200,1.256400
1,1,25.341086,7.342201,2.561900,7.518200,1.451800
1,1,25.346662,5.576499,2.319900,5.706300,1.422400
1,1,25.351759,5.096700,2.211500,5.196800,1.551300
1,1,25.358459,6.700199,1.998400,6.780600,1.413100
1,1,25.363965,5.506303,1.880700,5.302900,1.642900
1,1,25.369667,5.701497,2.147300,5.853600,1.189000
1,1,25.374869,5.202401,1.973200,5.260600,1.351400
1,1,25.381229,6.359600,1.752200,6.382500,1.482600
1,1,25.387486,6.257500,1.817000,5.884800,1.343300
1,1,25.392968,5.481500,2.293200,5.690000,1.354300
1,1,25.398480,5.512401,2.186100,5.628000,1.417500
1,1,25.403493,5.012900,1.857700,5.041300,1.349400
1,1,25.408841,5.347900,1.744400,5.246600,1.316000
1,1,25.414529,5.687598,1.850600,5.325500,1.383100
1,1,25.421412,6.883200,2.399100,7.334000,1.552200
1,1,25.427787,6.375398,1.780800,6.344600,1.646100
1,1,25.433891,6.104201,2.450100,5.711800,1.498200
1,1,25.439513,5.621299,2.265000,5.604400,1.415800
1,1,25.445743,6.230701,2.252800,6.549100,1.402600
1,1,25.452737,6.993901,1.875200,7.010300,1.266900
1,1,25.457894,5.156599,1.987600,5.287500,1.174800
1,1,25.464277,6.383501,2.040200,5.997300,1.227700
1,1,25.470227,5.949900,2.292100,6.177700,1.533700
1,1,25.475358,5.130801,1.896000,5.027400,1.280900
1,1,25.480357,4.998997,1.821300,5.105200,1.333500
1,1,25.486852,6.494503,1.900600,6.086300,1.463000
1,1,25.494500,7.648800,2.321100,7.770000,1.654000
1,1,25.502065,7.564697,2.116000,7.764800,1.379400
1,1,25.507079,5.014200,1.980900,5.070900,1.614000
1,1,25.512440,5.360402,1.867800,5.278800,1.538800
1,1,25.518588,6.147999,2.038800,6.129300,1.399400
1,1,25.524546,5.958602,2.051200,6.097500,1.350400
1,1,25.529273,4.727297,1.877300,4.629400,1.271200
1,1,25.536051,6.777700,2.060800,6.574700,1.357300
1,1,25.542523,6.472003,2.269100,6.339400,1.705700
1,1,25.547360,4.836898,2.340400,5.039000,1.544100
1,1,25.553136,5.775500,2.270900,5.827200,1.431000
1,1,25.559064,5.928800,1.968300,5.830000,1.478900
1,1,25.564720,5.655300,2.254000,5.738500,1.621500
1,1,25.569335,4.615299,2.555500,4.694400,1.541800
1,1,25.574645,5.310200,1.960400,5.431400,1.414200
1,1,25.582259,7.614203,1.817000,7.345600,1.332700
1,1,25.587814,5.554598,2.162700,5.627000,1.437900
1,1,25.592897,5.082801,1.940000,5.027100,1.490200
1,1,25.599344,6.447200,2.063500,6.564400,1.439100
1,1,25.605016,5.671799,1.897900,5.652500,1.327600
1,1,25.610009,4.993200,1.926600,4.836200,1.304100
1,1,25.616120,6.110802,2.019400,6.194300,1.590300
1,1,25.622245,6.124899,2.026700,6.146000,1.523300
1,1,25.629147,6.902799,1.881600,6.416000,1.765500
1,1,25.634769,5.621802,2.407100,6.006600,1.495100
1,1,25.639653,4.883699,2.116000,5.050800,1.443200
1,1,25.645843,6.190099,1.880200,6.034500,1.534900
1,1,25.650743,4.900102,2.050500,4.901800,1.363300
1,1,25.657958,7.214498,2.104800,7.301800,1.274100
1,1,25.664301,6.343603,1.899800,6.195400,1.631000
1,1,25.669364,5.063098,2.304700,5.147100,1.547000
1,1,25.676642,7.277399,1.885400,7.113000,1.414700
1,1,25.681558,4.916601,2.449400,5.030700,1.760000
1,1,25.687710,6.151799,1.991900,5.909500,1.400800
1,1,25.694108,6.397501,2.215200,6.296600,1.151400
1,1,25.700356,6.248001,2.232400,6.448300,1.353300
1,1,25.706852,6.496698,2.194500,6.250000,1.181900
1,1,25.711255,4.402302,2.326600,4.789700,1.356100
1,1,25.716397,5.141899,1.981800,5.232100,1.599900
1,1,25.723555,7.158201,1.827100,7.019800,1.400400
1,1,25.729786,6.231401,1.906200,6.303700,1.714600
1,1,25.735302,5.515698,1.877100,5.435200,1.313600
1,1,25.741888,6.586399,2.091000,6.704300,1.524400
1,1,25.747764,5.876001,1.973100,5.650200,1.450600
1,1,25.753085,5.320501,2.123200,5.436000,1.460700
1,1,25.759918,6.833401,1.905800,6.947500,1.469500
1,1,25.765984,6.065797,1.816000,5.794800,1.388800
1,1,25.771668,5.684100,2.022600,5.570300,1.324100
1,1,25.777113,5.444903,2.275000,5.546700,1.235600
1,1,25.784156,7.042900,2.043600,6.808900,1.395500
1,1,25.788840,4.684299,2.394800,4.798800,1.554800
1,1,25.795100,6.259602,2.114800,6.531900,1.359000
1,1,25.800872,5.772099,1.814000,5.766600,1.657900
1,1,25.808338,7.465899,1.812300,7.036600,1.518400
1,1,25.814006,5.667701,2.357200,6.075200,1.631500
1,1,25.819337,5.331598,1.918800,5.269000,1.430500
1,1,25.825982,6.645299,1.984100,6.450100,1.498700
1,1,25.831299,5.317003,2.101800,5.621400,1.703100
1,1,25.836617,5.317200,1.820400,5.191700,1.366100
1,1,25.844053,7.436100,1.955600,7.137500,1.453000
1,1,25.850124,6.071400,2.418100,6.098200,1.287500
1,1,25.855492,5.368199,2.200100,5.611700,1.388700
1,1,25.862784,7.291798,2.102700,6.904300,1.456200
1,1,25.867482,4.697502,2.255000,4.923700,1.567800
1,1,25.874058,6.576601,2.328800,6.421300,1.326500
1,1,25.880953,6.894898,2.207800,7.338800,1.371800
1,1,25.887504,6.550401,1.945500,6.377600,1.289700
1,1,25.892744,5.240798,1.995800,5.246300,1.404000
1,1,25.898973,6.228302,2.030000,5.985800,1.268800
1,1,25.904499,5.526800,2.171500,5.765300,1.392600
1,1,25.910801,6.301899,1.996600,6.272800,1.590700
1,1,25.917409,6.607503,2.157000,6.660300,1.429200
1,1,25.923714,6.305698,2.078600,5.691400,1.568200
1,1,25.930138,6.423000,2.562800,6.821600,1.578000
1,1,25.935754,5.616602,2.066800,5.587700,1.422600
1,1,25.941698,5.943600,2.137600,6.259100,1.543200
1,1,25.948589,6.891698,2.085400,6.443500,1.535300
1,1,25.955048,6.458301,2.327200,6.812000,1.370400
1,1,25.960791,5.743101,2.077200,5.759500,1.596200
1,1,25.968315,7.523701,1.819800,7.049700,1.347500
1,1,25.973000,4.685096,2.374200,5.104200,1.545900
1,1,25.979469,6.469402,1.915500,6.213000,1.492200
1,1,25.985023,5.553998,2.092900,5.577100,1.329200
1,1,25.991867,6.844401,2.149100,6.715800,1.382400
1,1,25.997403,5.535800,2.391600,6.005000,1.245700
1,1,26.003737,6.333899,2.025500,6.076700,1.385500
1,1,26.008919,5.181700,2.104700,5.318600,1.453500
1,1,26.014363,5.444102,1.940200,5.366500,1.303700
1,1,26.020335,5.972300,2.016800,6.023900,1.402700
1,1,26.026982,6.646499,1.797200,6.726000,1.198500
1,1,26.033494,6.512601,1.874800,6.025700,1.396800
1,1,26.039642,6.147500,2.361500,6.574200,1.535500
1,1,26.045562,5.920000,1.863600,5.921200,1.214000
1,1,26.050422,4.859898,1.796000,4.861600,1.408100
1,1,26.055659,5.237602,1.877500,5.156200,1.359800
1,1,26.061584,5.924199,1.851500,5.463500,1.296400
1,1,26.067637,6.053202,2.518200,6.200000,1.470400
1,1,26.073172,5.535498,2.327000,5.834600,1.539100
1,1,26.079442,6.269999,1.954300,6.023400,1.672400
1,1,26.085970,6.527800,1.865100,6.443900,1.342700
1,1,26.091940,5.969699,2.353600,6.145300,1.730600
1,1,26.098018,6.078202,2.039600,6.111300,1.621400
1,1,26.103946,5.927999,2.175500,5.905900,1.570800
1,1,26.111295,7.348802,1.926200,7.450300,1.317400
1,1,26.117078,5.783200,1.914800,5.734900,1.389100
1,1,26.123864,6.786499,1.992200,6.505100,1.307000
1,1,26.128479,4.614800,2.299800,4.998800,1.286000
1,1,26.134991,6.511800,1.695700,6.393600,1.479000
1,1,26.141043,6.051600,1.951800,5.756700,1.316300
1,1,26.147412,6.369099,2.175100,6.366400,1.423800
1,1,26.152162,4.750401,2.301400,5.128000,1.347400
1,1,26.158399,6.236900,1.835400,6.097600,1.407800
1,1,26.165129,6.729599,2.077100,6.387100,1.284300
1,1,26.170833,5.704802,2.296800,5.600100,1.413900
1,1,26.176274,5.440898,2.532700,5.580000,1.385000
1,1,26.182440,6.165501,2.754000,6.130800,1.509600
1,1,26.189371,6.931100,2.267800,7.130300,1.625000
1,1,26.194403,5.032100,2.314500,4.947700,1.560400
1,1,26.200294,5.890701,2.269800,6.110000,1.344800
1,1,26.206085,5.791698,1.923600,5.720000,1.575600
1,1,26.211069,4.983202,2.059800,5.072900,1.344300
1,1,26.216469,5.400602,1.837400,5.353200,1.518200
1,1,26.223753,7.283799,1.912300,6.980800,1.360500
1,1,26.229123,5.369700,2.233900,5.700300,1.541800
1,1,26.235055,5.932797,1.910000,5.470700,1.301700
1,1,26.241126,6.070103,2.339500,6.485300,1.556500
1,1,26.246832,5.706497,2.003600,5.662500,1.388900
1,1,26.252569,5.736601,2.025600,5.746000,1.346000
1,1,26.259184,6.615501,1.921800,6.221400,1.420000
1,1,26.265612,6.428201,2.302800,6.777200,1.528100
1,1,26.270402,4.789501,2.064800,4.930300,1.488100
1,1,26.276882,6.480597,1.821400,6.031100,1.358800
1,1,26.282304,5.421001,2.415600,5.708200,1.588900
1,1,26.289144,6.840099,2.146900,6.607200,1.403200
1,1,26.295998,6.854299,2.190300,6.694500,1.572500
1,1,26.300470,4.471801,2.335500,4.932300,1.463500
1,1,26.306393,5.923502,2.006500,5.643200,1.523500
1,1,26.311625,5.231697,2.177900,5.207600,1.561500
1,1,26.317037,5.412001,2.160000,5.496500,1.774800
1,1,26.322778,5.741399,2.198300,5.795400,1.672600
1,1,26.329860,7.081300,2.143700,6.820800,1.703900
1,1,26.335420,5.560800,2.330800,5.738400,1.484800
1,1,26.341047,5.626600,2.150100,5.726900,1.392100
1,1,26.346186,5.139101,1.933300,5.230100,1.377700
1,1,26.352634,6.447598,1.964200,6.094000,1.530900
1,1,26.357740,5.105902,2.201700,5.468400,1.384300
1,1,26.363992,6.252598,1.894300,5.939800,1.387700
1,1,26.370159,6.166901,2.242100,6.195500,1.514300
1,1,26.375906,5.747199,2.294900,5.972300,1.643500
1,1,26.381344,5.437601,1.860600,5.226300,1.353100
1,1,26.387440,6.096400,2.031500,6.281000,1.311900
1,1,26.392008,4.567601,2.044700,4.686400,1.563300
1,1,26.397203,5.195498,1.982900,5.031000,1.242400
1,1,26.403328,6.124400,2.007200,5.832400,1.369000
1,1,26.410310,6.982099,2.194000,7.095500,1.340200
1,1,26.416712,6.402500,2.020900,6.657400,1.379600
1,1,26.423733,7.020500,1.896700,6.389200,1.318400
1,1,26.428169,4.436500,2.223700,5.030200,1.671000
1,1,26.433580,5.410302,1.883800,5.399100,1.395800
1,1,26.439637,6.057598,1.813800,5.901100,1.339800
1,1,26.446205,6.567400,2.128900,6.348400,1.296300
1,1,26.451843,5.638301,2.179900,5.631600,1.326000
1,1,26.458329,6.486401,2.685000,6.506600,1.679700
1,1,26.465417,7.087398,2.277100,7.063600,1.325000
1,1,26.471609,6.192598,2.294100,6.337000,1.761400
1,1,26.476408,4.798301,2.068500,4.838600,1.623700
1,1,26.482762,6.354500,2.025200,6.156300,1.319100
1,1,26.488912,6.150100,2.097300,6.398200,1.734300
1,1,26.495527,6.615002,2.056500,6.360000,1.514000
1,1,26.500236,4.708901,2.178200,5.052800,1.529400
1,1,26.505599,5.362697,1.939600,5.228700,1.412100
1,1,26.511435,5.835801,1.920700,5.909000,1.376900
1,1,26.517507,6.072599,1.837900,5.692400,1.394000
1,1,26.523841,6.333601,2.429800,6.497000,1.454000
1,1,26.529308,5.466901,2.244000,5.427200,1.856900
1,1,26.535325,6.017398,2.185800,5.839200,1.359800
1,1,26.540528,5.202699,2.200600,5.458500,1.381600
1,1,26.547269,6.741300,2.002000,6.502600,1.447000
1,1,26.552128,4.858501,2.192200,5.218900,1.442100
1,1,26.558423,6.295402,1.854700,5.860800,1.400600
1,1,26.563725,5.301997,2.402700,5.614100,1.524500
1,1,26.571304,7.579103,1.975400,7.522700,1.437100
1,1,26.576399,5.094398,2.134000,5.248300,1.591900
1,1,26.581513,5.114101,1.886900,5.055200,1.492600
1,1,26.588178,6.665599,1.869600,6.649400,1.339900
1,1,26.595394,7.215403,1.929300,7.275300,1.447900
1,1,26.601957,6.563097,1.956000,6.544600,1.592200
1,1,26.608735,6.777801,1.776700,6.837400,1.343200
1,1,26.614614,5.879700,1.988600,5.835600,1.439800
1,1,26.620485,5.871199,1.809700,5.473500,1.402900
1,1,26.625983,5.497701,2.217900,5.473400,1.384200
1,1,26.632296,6.312300,2.245600,6.306300,1.300800
1,1,26.637058,4.762299,2.395400,5.181700,1.496600
1,1,26.642452,5.394001,1.885000,5.196400,1.408500
1,1,26.649241,6.788801,2.067400,6.523900,1.436200
1,1,26.655256,6.015297,2.243100,6.291200,1.401500
1,1,26.660727,5.470902,1.948500,5.159600,1.342200
1,1,26.668774,8.047301,2.225400,8.037300,1.554600
1,1,26.674030,5.255498,2.386300,5.706500,1.400400
1,1,26.679381,5.351800,1.917800,5.174900,1.293500
1,1,26.686025,6.643601,2.129500,6.869100,1.494400
1,1,26.692820,6.795000,1.849500,6.515000,1.676200
1,1,26.698263,5.442601,2.024700,5.512600,1.186800
1,1,26.704078,5.815599,2.065400,5.968000,1.545500
1,1,26.710472,6.393701,2.091900,5.986100,1.678400
1,1,26.715241,4.768997,2.353200,5.105000,1.725800
1,1,26.721440,6.199103,2.070700,5.911100,1.452800
1,1,26.726891,5.450699,2.170900,5.702900,1.438700
1,1,26.733156,6.265000,1.916100,6.276600,1.293900
1,1,26.738130,4.974198,1.845400,5.017600,1.306500
1,1,26.744514,6.384302,2.017000,5.810000,1.402000
1,1,26.750790,6.275699,2.442700,6.384700,1.523700
1,1,26.756557,5.767502,2.415000,6.202900,1.416400
1,1,26.761674,5.116198,1.914600,5.097300,1.331700
1,1,26.768462,6.788403,1.883900,6.720600,1.357600
1,1,26.775115,6.653398,1.930500,6.545800,1.454200
1,1,26.780715,5.599301,2.133700,5.757900,1.485300
1,1,26.787011,6.295897,1.893000,6.321700,1.354000
1,1,26.793695,6.684400,1.877200,6.296400,1.221600
1,1,26.799551,5.856100,2.409200,6.125800,1.370500
1,1,26.806004,6.452501,1.938400,6.100800,1.652200
1,1,26.810941,4.937001,2.282500,5.378700,1.309700
1,1,26.817441,6.500501,1.957900,6.196100,1.144600
1,1,26.822640,5.198497,2.300700,5.222800,1.260700
1,1,26.828322,5.682100,2.035600,5.852400,1.602300
1,1,26.834631,6.309502,1.846300,6.314400,1.324600
1,1,26.843364,8.733299,1.922000,8.245600,1.365700
1,1,26.847653,4.288800,2.479300,4.652800,1.441500
1,1,26.853149,5.495399,2.020600,5.574800,1.242300
1,1,26.859513,6.364200,1.969500,6.190400,1.959100
1,1,26.866035,6.521601,2.000400,6.355900,1.341900
1,1,26.871129,5.094502,2.655900,5.506800,1.398200
1,1,26.877415,6.285697,2.105000,5.852300,1.354600
1,1,26.885205,7.790800,2.351500,7.730200,1.353300
1,1,26.890047,4.841201,2.383100,4.843600,1.510300
1,1,26.896217,6.170798,3.282600,6.540100,1.459100
1,1,26.902001,5.783003,1.958700,5.770200,1.561700
1,1,26.908153,6.152499,2.195800,6.171900,1.401800
1,1,26.913949,5.796298,1.837100,5.417100,1.173200
1,1,26.921226,7.276300,2.310200,7.307500,1.591000
1,1,26.926235,5.009599,2.269300,5.375500,1.458600
1,1,26.933605,7.369801,2.052600,7.234200,1.402800
1,1,26.938890,5.285099,1.955100,5.435000,1.417900
1,1,26.943897,5.006902,1.968600,5.010700,1.241400
1,1,26.949630,5.733099,1.873700,5.444000,1.481400
1,1,26.956606,6.975599,2.245600,7.211900,1.337700
1,1,26.962804,6.198503,1.919100,6.161400,1.607600
1,1,26.968127,5.322900,2.012800,5.240700,1.389500
1,1,26.976885,8.758299,1.948300,8.713100,1.506900
1,1,26.982108,5.222201,2.070000,5.028300,1.403900
1,1,26.987246,5.138300,2.212300,5.577200,1.345600
1,1,26.994897,7.650699,1.700200,7.301900,1.346000
1,1,27.000612,5.715098,2.124200,6.018000,1.511600
1,1,27.006131,5.519301,1.754900,5.233900,1.289200
1,1,27.013766,7.635102,2.049700,7.661900,1.509900
1,1,27.018781,5.014800,2.563700,5.088300,1.437100
1,1,27.024801,6.019898,2.156900,5.813100,1.478200
1,1,27.030196,5.394801,2.115300,5.386300,1.391000
1,1,27.039288,9.092700,2.250600,8.604500,1.536100
1,1,27.044878,5.589798,2.803900,6.136600,2.792900
1,1,27.049968,5.090300,2.290600,5.199200,1.747200
1,1,27.056925,6.956201,2.302100,6.669200,1.869900
1,1,27.063482,6.557699,2.352900,6.789900,1.769500
1,1,27.068277,4.795101,2.101200,4.828200,1.694600
1,1,27.073488,5.210701,1.998300,5.144100,1.601200
1,1,27.079750,6.261498,2.163400,6.360200,1.477100
1,1,27.086783,7.033601,1.949500,7.091600,1.460800
1,1,27.093093,6.309599,1.853600,5.990000,1.435500
1,1,27.098003,4.909903,2.130700,5.103500,1.412800
1,1,27.104944,6.941300,2.010500,6.555600,1.344600
1,1,27.109438,4.493900,2.592800,4.838800,1.410900
1,1,27.114971,5.532898,1.949700,5.397000,1.542300
1,1,27.121863,6.892502,1.967600,6.735500,1.250600
1,1,27.127014,5.150497,2.436900,5.365000,1.320000
1,1,27.133081,6.066702,2.010500,6.046200,1.369100
1,1,27.138907,5.826000,2.001900,5.476300,1.201800
1,1,27.145619,6.712798,2.353700,6.981800,1.456400
1,1,27.150968,5.348701,2.183800,5.460200,1.328500
1,1,27.157076,6.108202,2.078000,6.201600,1.423300
1,1,27.163430,6.353300,1.979200,6.146200,1.439100
1,1,27.170386,6.956398,2.086400,7.050200,1.427200
1,1,27.175267,4.881099,1.994400,4.885400,1.307400
1,1,27.181662,6.395500,1.945800,5.563200,1.331700
1,1,27.187295,5.632300,2.772300,6.526400,1.385300
1,1,27.191938,4.643001,1.888800,4.715800,1.723500
1,1,27.197630,5.691700,1.961400,5.400700,1.536600
1,1,27.203768,6.138701,2.502500,6.379900,1.368800
1,1,27.210380,6.611500,1.893500,6.427000,1.413700
1,1,27.216223,5.843300,1.978400,5.879000,1.379800
1,1,27.221566,5.342700,2.122200,5.279500,1.301300
1,1,27.228454,6.888200,2.005300,6.973300,1.562200
1,1,27.233297,4.843399,2.228000,4.916900,1.356400
1,1,27.239441,6.143402,1.824400,5.752800,1.241900
1,1,27.246468,7.027000,2.246100,7.182000,1.258100
1,1,27.251727,5.259000,2.065300,5.573100,1.283600
1,1,27.258380,6.653000,1.827300,6.452500,1.284100
1,1,27.263745,5.365100,1.922000,5.171100,1.309300
1,1,27.269460,5.715601,2.603100,6.001800,1.455200
1,1,27.274906,5.445696,1.911700,5.087700,1.469800
1,1,27.281847,6.941400,2.629000,6.860400,1.378800
1,1,27.287897,6.049301,2.302500,6.433000,1.389500
1,1,27.293524,5.627599,1.987000,5.567400,1.527300
1,1,27.298892,5.367801,2.008900,5.173200,1.431400
1,1,27.305463,6.571200,2.244500,6.736700,1.333000
1,1,27.310433,4.969701,2.034100,5.032500,1.684800
1,1,27.315565,5.131498,1.877800,5.152400,1.256100
1,1,27.322294,6.729603,1.794700,6.640600,1.293500
1,1,27.330205,7.910497,2.011400,7.902500,1.695100
1,1,27.335519,5.313903,1.934900,5.220600,1.634700
1,1,27.340393,4.874598,2.039000,5.127700,1.375000
1,1,27.346758,6.365199,1.762300,5.962100,1.530100
1,1,27.354151,7.393003,2.033300,7.741500,1.202500
1,1,27.358816,4.664399,1.879000,4.709100,1.281000
1,1,27.364821,6.005600,1.868900,5.723600,1.400000
1,1,27.371885,7.063400,2.036500,7.021600,1.497600
1,1,27.378419,6.533898,2.302300,6.667600,1.493200
1,1,27.385146,6.726801,1.905900,6.802400,1.490800
1,1,27.390913,5.767301,1.963200,5.386400,1.276200
1,1,27.396878,5.964700,2.176500,6.068700,1.369000
1,1,27.404194,7.316001,2.345100,7.079300,1.473500
1,1,27.409171,4.976999,2.633000,5.466300,1.479900
1,1,27.415246,6.075900,1.909100,5.620400,1.351700
1,1,27.420588,5.341798,2.378400,5.420000,1.352600
1,1,27.428202,7.613301,1.911100,7.560600,1.516900
1,1,27.433398,5.196001,2.332700,5.539000,1.709600
1,1,27.438657,5.259000,1.991000,5.185300,1.516300
1,1,27.445108,6.451998,1.940000,6.190300,1.300300
1,1,27.449964,4.855502,2.218100,5.302800,1.650900
1,1,27.455565,5.600598,1.703000,5.412200,1.297100
1,1,27.461098,5.533502,1.926600,5.211600,1.350100
1,1,27.467857,6.758999,2.223900,6.975000,1.719800
1,1,27.475064,7.206701,2.210000,7.034800,1.763300
1,1,27.479764,4.699800,2.298600,5.114100,1.364500
1,1,27.486030,6.266400,1.848300,5.759300,1.546100
1,1,27.491768,5.737998,2.309000,5.874100,1.285200
1,1,27.496857,5.089100,2.146500,5.298400,1.436600
1,1,27.503616,6.758701,1.983900,6.662600,1.351400
1,1,27.509433,5.817499,2.055500,5.714100,1.337200
1,1,27.516925,7.491503,2.056800,7.697200,1.234100
1,1,27.523421,6.496500,1.848400,6.344600,1.390000
1,1,27.528296,4.874598,2.018800,5.071800,1.419300
1,1,27.533598,5.302101,1.858400,5.194600,1.414900
1,1,27.539341,5.742799,1.858700,5.598700,1.424300
1,1,27.544609,5.267899,2.252800,5.241000,1.522800
1,1,27.550322,5.713001,1.990200,5.559600,1.361300
1,1,27.557495,7.173300,2.412300,7.164500,1.401500
1,1,27.563841,6.345600,2.297500,6.470900,1.406200
1,1,27.568997,5.156297,2.054900,5.260900,1.417000
1,1,27.575127,6.130002,1.987600,6.178600,1.406000
1,1,27.582483,7.356100,1.945000,6.927600,1.606300
1,1,27.587765,5.282000,2.342100,5.755000,1.796100
1,1,27.593352,5.586501,1.956600,5.144400,1.400500
1,1,27.599929,6.577700,2.288700,6.593800,1.625000
1,1,27.605055,5.125999,2.381200,5.389400,1.489600
1,1,27.609995,4.940297,2.081500,5.057700,1.390800
1,1,27.616186,6.190501,1.870400,5.774700,1.563600
1,1,27.622203,6.017402,2.211300,6.295100,1.365600
1,1,27.627905,5.701199,2.116900,5.840400,1.378400
1,1,27.633280,5.375598,1.996800,5.343700,1.331700
1,1,27.638906,5.626202,1.729300,5.160900,1.581300
1,1,27.644294,5.387802,2.384600,5.466100,1.520200
1,1,27.649753,5.458899,2.235800,5.429100,1.536800
1,1,27.654920,5.166400,2.205100,5.451200,1.360600
1,1,27.662111,7.191099,2.018100,7.178900,1.490300
1,1,27.667803,5.692799,1.979300,5.830000,1.515600
1,1,27.673643,5.839903,1.909900,5.526600,1.410900
1,1,27.680893,7.250000,2.094600,7.390800,1.682900
1,1,27.685918,5.024500,2.177600,5.145000,1.616600
1,1,27.692448,6.530397,1.779400,6.131700,1.392000
1,1,27.697212,4.763901,2.258400,5.050800,1.398600
1,1,27.705572,8.359402,1.916300,8.215600,1.641300
1,1,27.711067,5.495798,2.207200,5.604000,1.556900
1,1,27.716228,5.160302,2.881600,5.189700,1.531000
1,1,27.722676,6.448798,1.931900,6.188800,1.651700
1,1,27.728315,5.638599,2.002100,6.019100,1.751400
1,1,27.733403,5.087502,1.916700,4.995100,1.391900
1,1,27.740388,6.985299,1.888900,6.633400,1.452700
1,1,27.747275,6.887600,2.465000,7.017600,1.490500
1,1,27.752295,5.019199,2.222200,5.125400,1.547500
1,1,27.758129,5.834702,1.884400,5.861700,1.566600
1,1,27.763485,5.356099,2.014400,5.209600,1.471900
1,1,27.769102,5.616099,2.132600,5.799000,1.364800
1,1,27.775008,5.906802,1.866300,5.564700,1.425500
1,1,27.780213,5.204499,2.198900,5.426100,1.307900
1,1,27.786780,6.566700,2.038500,6.743200,1.333600
1,1,27.792284,5.504198,1.854300,5.389600,1.398300
1,1,27.798896,6.612200,1.875300,6.228600,1.351000
1,1,27.804156,5.259901,2.352700,5.443500,1.618400
1,1,27.810992,6.835900,2.070400,6.735300,1.772100
1,1,27.817555,6.562900,2.322200,6.380200,1.221400
1,1,27.823268,5.713198,2.305300,5.975000,1.344200
1,1,27.828551,5.282901,2.097500,5.464100,1.346700
1,1,27.833557,5.005900,1.809500,5.005600,1.418400
1,1,27.839794,6.237000,1.902800,5.971300,1.611900
1,1,27.846487,6.693199,2.153400,6.976200,1.390300
1,1,27.852202,5.715203,1.963800,5.707200,1.721200
1,1,27.858812,6.610300,1.868600,6.331200,1.246100
1,1,27.863961,5.148597,2.271000,5.230100,1.539500
1,1,27.870628,6.667502,2.008100,6.490700,1.249000
1,1,27.875247,4.618298,2.233700,4.929500,1.338500
1,1,27.881301,6.053802,1.961800,6.063100,1.583300
1,1,27.888645,7.344000,2.008300,7.001100,1.314800
1,1,27.894785,6.140899,2.420100,6.379500,1.524100
1,1,27.901772,6.986100,2.477500,6.863600,1.685900
1,1,27.907715,5.943101,2.121700,6.062300,1.568400
1,1,27.913661,5.946200,1.862500,5.867500,1.773100
1,1,27.919135,5.474400,2.124300,5.549900,1.590300
1,1,27.924794,5.658500,2.051000,5.661400,1.398500
1,1,27.932220,7.425997,1.902700,7.226300,1.661400
1,1,27.938026,5.806703,2.337700,5.864400,1.460100
1,1,27.943278,5.251598,2.044600,5.086700,1.639100
1,1,27.950126,6.847702,2.111700,6.733900,1.417300
1,1,27.956000,5.874299,2.394000,6.214800,1.670800
1,1,27.960878,4.877500,2.020000,4.920300,1.370000
1,1,27.966274,5.396899,1.835900,5.431700,1.354600
1,1,27.974243,7.968601,1.809100,7.601700,1.338200
1,1,27.979536,5.293500,2.175300,5.634500,1.457400
1,1,27.985488,5.951501,1.906300,5.885800,1.401200
1,1,27.990430,4.942201,2.050200,5.040900,1.537600
1,1,27.995876,5.445600,1.690200,5.343100,1.254900
1,1,28.001775,5.898997,1.860200,5.752600,1.431600
1,1,28.008761,6.986402,2.174100,6.889800,1.582000
1,1,28.015930,7.168498,2.109000,7.236300,1.392100
1,1,28.022212,6.282501,2.026700,6.366600,1.261100
1,1,28.028024,5.812101,1.933500,5.945000,1.311900
1,1,28.033322,5.298100,1.793600,5.007900,1.470800
1,1,28.038524,5.201899,2.073900,5.420300,1.308800
1,1,28.044992,6.467402,1.975100,6.351800,1.309100
1,1,28.049827,4.835598,1.964100,5.039200,1.432800
1,1,28.055837,6.010100,1.788200,5.851000,1.260300
1,1,28.062642,6.804101,1.987500,6.635300,1.194000
1,1,28.067695,5.053401,2.115900,5.291200,1.385900
1,1,28.073056,5.360898,1.804500,5.440400,1.402600
1,1,28.078445,5.389500,2.055800,5.351900,1.398600
1,1,28.083825,5.379401,1.788300,5.331000,1.404400
1,1,28.089832,6.007098,1.854200,5.538100,1.453700
1,1,28.095194,5.362201,2.303500,5.946700,1.415500
1,1,28.102611,7.417399,1.725900,7.169400,1.459700
1,1,28.107807,5.195800,1.969100,5.254500,1.361200
1,1,28.113362,5.554602,1.981100,5.176400,1.471200
1,1,28.118893,5.531400,2.325300,5.662800,1.535500
1,1,28.124405,5.511697,2.128300,5.652400,1.194700
1,1,28.131525,7.119901,1.991400,6.476200,1.470800
1,1,28.138862,7.337000,2.699500,7.793500,2.666400
1,1,28.145803,6.941199,2.483100,6.656300,1.981300
1,1,28.151800,5.997200,2.735600,6.189200,1.850200
1,1,28.157849,6.049201,2.840900,6.285900,1.875700
1,1,28.163595,5.745199,2.282600,5.586800,1.879100
1,1,28.170409,6.814599,2.156200,6.933700,1.492800
1,1,28.175850,5.440600,2.115700,5.455100,1.622000
1,1,28.181041,5.191501,1.992500,5.116500,1.422200
1,1,28.188235,7.193401,2.052300,6.687500,1.493600
1,1,28.194424,6.188899,2.577300,6.385800,1.359200
1,1,28.201995,7.571600,2.402700,7.693700,1.813900
1,1,28.207786,5.791198,2.383000,5.574500,2.463800
1,1,28.213329,5.542301,2.558500,5.604800,1.557400
1,1,28.219095,5.766101,2.424100,6.183800,1.603600
1,1,28.226298,7.202998,1.912600,6.837200,1.511400
1,1,28.231369,5.071301,2.287700,5.503000,1.381400
1,1,28.237426,6.056499,1.911900,5.993200,1.306600
1,1,28.243567,6.141502,1.841700,5.954200,1.524000
1,1,28.248355,4.787900,2.186400,5.037600,1.258800
1,1,28.253942,5.586699,1.838100,5.425000,1.536000
1,1,28.260650,6.707899,1.957600,6.235500,1.305400
1,1,28.267167,6.517701,2.517100,7.164900,1.508900
1,1,28.275096,7.928602,1.838200,7.490500,1.445600
1,1,28.280854,5.758498,2.088800,5.691000,1.361700
1,1,28.286669,5.814999,2.448100,6.156700,1.405700
1,1,28.291956,5.286302,2.042700,5.156800,1.541700
1,1,28.297455,5.499698,2.069200,5.371000,1.542000
1,1,28.302808,5.352702,2.256900,5.495500,1.409000
1,1,28.308068,5.259898,2.210000,5.394300,1.259400
1,1,28.314420,6.352201,1.880800,6.303400,1.399600
1,1,28.320291,5.870700,2.100400,5.926500,1.638800
1,1,28.326372,6.081201,1.771100,5.837900,1.486400
1,1,28.332439,6.067097,2.053600,5.748700,1.444900
1,1,28.337266,4.826602,2.362200,5.310600,1.431500
1,1,28.342999,5.732700,1.997800,5.449600,1.507800
1,1,28.349306,6.307598,2.229200,6.168800,1.466700
1,1,28.356717,7.410500,2.362800,7.774700,1.479100
1,1,28.362451,5.734403,1.981200,5.765400,1.342900
1,1,28.368456,6.005198,1.853200,5.715000,1.485400
1,1,28.373471,5.014502,2.371900,5.331300,1.559000
1,1,28.378745,5.273901,1.946400,5.112000,1.392800
1,1,28.384301,5.555898,1.921400,5.602200,1.316300
1,1,28.390529,6.228000,1.984400,5.976300,1.477800
1,1,28.398284,7.755000,2.180200,7.767600,1.323800
1,1,28.402837,4.553899,2.181200,4.842300,1.209900
1,1,28.407959,5.121201,1.812800,5.192100,1.310700
1,1,28.413638,5.679600,1.835100,5.544600,1.190900
1,1,28.418705,5.067099,1.972500,5.227600,1.546200
1,1,28.425125,6.419901,1.694100,6.284900,1.426300
1,1,28.431208,6.082900,1.946200,5.822600,1.361500
1,1,28.438022,6.814200,2.280200,6.762000,1.327500
1,1,28.443728,5.706001,2.229300,5.996600,1.385900
1,1,28.448816,5.088098,1.917300,5.157500,1.361500
1,1,28.454169,5.353000,1.802600,5.209500,1.422700
1,1,28.459491,5.321700,1.793700,5.355400,1.224100
1,1,28.465941,6.449800,1.989800,6.393500,1.189900
1,1,28.473424,7.483099,2.028500,7.578900,1.377200
1,1,28.478893,5.469203,1.788000,5.359300,1.310900
1,1,28.484600,5.706999,2.019600,5.346300,1.419100
1,1,28.490512,5.912099,2.389500,6.436700,1.452100
1,1,28.495937,5.424600,1.869300,5.013400,1.396000
1,1,28.501247,5.309600,2.190800,5.583800,1.456100
1,1,28.508366,7.119801,2.000000,6.839600,1.307900
1,1,28.515109,6.742898,2.193900,6.767900,1.448400
1,1,28.522826,7.716801,2.119100,6.935300,1.243800
1,1,28.529357,6.531101,3.001000,7.628500,1.660500
1,1,28.535430,6.072801,1.993100,6.009800,1.407000
1,1,28.540946,5.515698,1.869700,5.399000,1.236800
1,1,28.547099,6.152999,2.150600,6.181700,1.280600
1,1,28.552586,5.487502,2.045300,5.183400,1.311600
1,1,28.559144,6.557401,2.102200,6.828500,1.612000
1,1,28.565966,6.822798,2.119600,6.787400,1.442200
1,1,28.571362,5.396001,2.175200,5.348800,1.273200
1,1,28.576591,5.228698,2.194100,5.445900,1.658900
1,1,28.581783,5.192399,1.996400,5.172300,1.300300
1,1,28.587137,5.353902,1.781300,5.290400,1.293200
1,1,28.594235,7.097300,1.860200,6.896000,1.540500
1,1,28.600260,6.025400,2.187900,6.153600,1.502500
1,1,28.606551,6.291199,2.035600,6.380800,1.699000
1,1,28.611498,4.946802,1.905800,4.979700,1.278200
1,1,28.617973,6.475098,1.845500,6.394800,1.381900
1,1,28.623030,5.056798,1.803500,5.138000,1.519700
1,1,28.628820,5.789801,1.816200,5.750400,1.576500
1,1,28.636523,7.703502,1.848300,7.720300,1.363900
1,1,28.642647,6.123498,2.287700,5.923500,1.276300
1,1,28.648337,5.690299,1.895100,5.539200,1.509900
1,1,28.654438,6.101303,2.250200,6.362900,1.592200
1,1,28.659415,4.976399,1.871500,4.699100,1.406700
1,1,28.665101,5.686399,2.150000,5.666200,1.388400
1,1,28.670172,5.070701,2.136000,5.457500,1.310500
1,1,28.677846,7.674098,1.769600,7.377900,1.189500
1,1,28.684166,6.320003,2.040400,6.475700,1.485100
1,1,28.689122,4.956398,1.994500,4.871500,1.772100
1,1,28.695871,6.748699,1.910300,6.442800,1.379500
1,1,28.701295,5.423803,2.373800,5.651000,1.629300
1,1,28.706261,4.966598,2.111600,5.072000,1.336500
1,1,28.713361,7.099599,2.033800,6.648200,1.489000
1,1,28.719818,6.457001,2.836700,6.824100,1.675600
1,1,28.724969,5.150802,2.129800,5.086500,1.504800
1,1,28.730477,5.508397,2.115100,5.532500,1.676700
1,1,28.736153,5.675800,2.117500,5.708100,1.314700
1,1,28.741503,5.350202,1.953800,5.397900,1.395500
1,1,28.748987,7.483300,1.951500,7.246800,1.456000
1,1,28.754095,5.108301,2.191300,5.404000,1.186000
1,1,28.759406,5.311098,1.830800,5.293700,1.521800
1,1,28.764785,5.378600,1.809000,5.383500,1.341800
1,1,28.770408,5.623799,1.935200,5.175600,1.438200
1,1,28.775771,5.362403,2.308600,5.725300,1.473700
1,1,28.781122,5.351000,2.078200,5.421300,1.497400
1,1,28.788573,7.451098,2.013200,7.257600,1.469800
1,1,28.794311,5.737800,2.165600,5.801900,1.330700
1,1,28.800206,5.895201,1.951200,5.976600,1.363600
1,1,28.806114,5.907699,2.003700,5.639900,1.503600
1,1,28.811713,5.599201,2.122000,6.004300,1.325000
1,1,28.817009,5.296599,1.662800,5.057200,1.261300
1,1,28.822122,5.113199,1.927800,5.141700,1.322900
1,1,28.829478,7.355701,2.006700,7.098700,1.440700
1,1,28.835302,5.823601,2.149600,5.742800,1.362300
1,1,28.840350,5.047899,2.308700,5.484600,1.370000
1,1,28.845723,5.373400,1.791100,5.290500,1.554200
1,1,28.851495,5.771499,1.745600,5.387000,1.288100
1,1,28.857139,5.644303,2.628900,5.946300,1.247600
1,1,28.864241,7.101998,2.059700,6.706800,1.743700
1,1,28.870306,6.064702,2.298000,6.644000,1.250600
1,1,28.875708,5.402301,1.820100,5.246500,1.303900
1,1,28.881337,5.628899,1.941000,5.572700,1.402300
1,1,28.886975,5.637702,2.020700,5.742800,1.442800
1,1,28.891721,4.746400,1.898000,4.835200,1.333100
1,1,28.898074,6.352600,1.736500,5.950300,1.380200
1,1,28.904564,6.490897,2.325200,6.833500,1.448600
1,1,28.911432,6.867602,1.897400,6.555200,1.767900
1,1,28.917345,5.912799,2.086100,5.912400,1.293200
1,1,28.924779,7.434301,2.188200,7.334500,1.550100
1,1,28.931332,6.553300,2.214800,6.606600,1.396900
1,1,28.935856,4.523598,2.104400,4.826900,1.396100
1,1,28.943563,7.706802,1.857100,7.244000,1.423200
1,1,28.948211,4.648298,2.367000,5.102800,1.441400
1,1,28.954667,6.455600,1.794400,6.274400,1.246100
1,1,28.959758,5.091600,2.088200,5.227800,1.392700
1,1,28.965898,6.139200,1.857500,5.896500,1.576400
1,1,28.972156,6.258499,2.118900,6.459000,1.432300
1,1,28.977149,4.993100,1.876700,5.044000,1.560100
1,1,28.982687,5.538203,1.934400,5.459500,1.323600
1,1,28.987929,5.241398,1.800800,5.153900,1.249500
1,1,28.993923,5.993903,2.003000,5.994100,1.377900
1,1,29.000404,6.481700,1.942100,6.405400,1.373600
1,1,29.007592,7.188100,2.140900,7.283500,1.387300
1,1,29.013396,5.803198,1.890200,5.743600,1.325100
1,1,29.018980,5.584702,2.046400,5.390900,1.358800
1,1,29.024847,5.866300,2.289300,6.176000,1.393500
1,1,29.029852,5.005199,1.796100,4.890400,1.285200
1,1,29.037225,7.373098,2.045800,7.422900,1.399700
1,1,29.044521,7.295899,2.435600,6.884300,1.549200
1,1,29.048945,4.423901,2.240000,4.919400,1.379000
1,1,29.054956,6.011698,2.171400,5.879900,1.396400
1,1,29.059997,5.040601,1.878800,5.067600,1.323700
1,1,29.065549,5.551800,2.053400,5.556300,1.365900
1,1,29.070624,5.074799,1.778000,5.122200,1.350900
1,1,29.076895,6.271102,1.810200,6.147300,1.379400
1,1,29.083275,6.379999,1.956600,6.514400,1.306100
1,1,29.089651,6.376401,1.790800,6.151600,1.178000
1,1,29.095386,5.735200,1.928300,5.496900,1.282300
1,1,29.100086,4.700102,2.286100,5.217000,1.391700
1,1,29.105843,5.756300,1.752800,5.588900,1.267900
1,1,29.111194,5.351398,1.932800,5.451600,1.315300
1,1,29.117068,5.873501,1.700000,5.672800,1.210500
1,1,29.123617,6.549198,2.176900,6.510400,1.330100
1,1,29.129040,5.422801,2.119000,5.641900,1.353200
1,1,29.135022,5.982202,1.784100,5.461700,1.484700
1,1,29.139886,4.864100,2.358900,5.413800,1.303000
1,1,29.146110,6.223697,1.829600,6.070400,1.312500
1,1,29.151326,5.216800,1.901200,5.242000,1.516400
1,1,29.158228,6.901402,1.932400,6.568200,1.207000
1,1,29.164882,6.653801,2.183900,7.117100,1.273300
1,1,29.170154,5.271900,1.739700,5.088200,1.256400
1,1,29.176264,6.110299,1.930200,6.002400,1.393600
1,1,29.181954,5.690698,1.992500,5.875900,1.240100
1,1,29.187068,5.113401,1.798100,5.090900,1.337500
1,1,29.192825,5.756900,1.892900,5.366700,1.651600
1,1,29.199355,6.530400,2.244700,6.377900,1.660200
1,1,29.205693,6.338201,2.296200,6.726700,1.637900
1,1,29.210556,4.862998,2.108100,5.018700,1.180500
1,1,29.216274,5.717501,1.895600,5.360500,1.333000
1,1,29.222328,6.054401,2.126100,5.713800,1.274600
1,1,29.227907,5.579099,2.550300,6.183800,1.477200
1,1,29.233343,5.435701,1.868800,5.034000,1.305400
1,1,29.239950,6.606799,2.296200,6.685400,1.439300
1,1,29.246482,6.532401,2.267700,6.446000,1.323300
1,1,29.252247,5.764797,2.414300,5.909300,1.588400
1,1,29.259300,7.052504,2.133200,6.981600,1.355000
1,1,29.265836,6.535999,2.185100,6.356500,1.233900
1,1,29.271022,5.186599,2.342200,5.347500,1.331100
1,1,29.277012,5.989801,3.015300,6.372500,1.337100
1,1,29.283112,6.100398,1.888600,5.945300,1.475400
1,1,29.288439,5.326200,2.053300,5.390700,1.408200
1,1,29.294629,6.190002,1.831800,6.174900,1.478700
1,1,29.299826,5.197000,1.823300,5.077300,1.297100
1,1,29.306315,6.489698,1.868000,6.231200,1.294100
1,1,29.312784,6.468203,2.410200,6.443600,1.337800
1,1,29.317875,5.091600,2.216600,5.328000,1.675300
1,1,29.324060,6.184399,2.038900,6.012200,1.420100
1,1,29.329008,4.948501,2.035100,5.251700,1.212600
1,1,29.334541,5.532701,2.582300,5.279000,1.460800
1,1,29.339914,5.372897,2.112000,5.261400,1.432600
1,1,29.345277,5.363602,2.196000,5.702400,1.431300
1,1,29.350293,5.015600,1.762800,5.004400,1.276500
1,1,29.357154,6.861400,1.828300,6.716300,1.260300
1,1,29.362823,5.668700,1.949100,5.724500,1.819300
1,1,29.369196,6.373201,2.041100,6.522400,1.396500
1,1,29.374711,5.514998,1.807500,5.037100,1.218300
1,1,29.379730,5.019199,2.321300,5.397400,1.215400
1,1,29.387041,7.310603,1.947400,7.044500,1.406000
1,1,29.393394,6.352700,2.126900,6.351500,1.306900
1,1,29.398637,5.243298,1.989700,5.199300,1.417300
1,1,29.403896,5.259499,2.181600,5.388200,1.335100
1,1,29.409151,5.254503,1.911200,5.403300,1.579000
1,1,29.414492,5.340900,1.833600,5.259300,1.375600
1,1,29.420368,5.875997,1.842600,5.622900,1.349600
1,1,29.425945,5.577199,2.197200,5.490100,1.353500
1,1,29.432798,6.853200,2.276200,7.173800,1.252800
1,1,29.437790,4.991703,2.123500,4.941900,1.529000
1,1,29.443649,5.858898,2.063800,5.618100,1.230000
1,1,29.450492,6.843399,2.199700,7.086300,1.650200
1,1,29.457136,6.644201,1.965300,6.808400,1.312200
1,1,29.464113,6.976899,1.893700,6.757700,1.360600
1,1,29.470673,6.559603,1.845500,6.373700,1.376000
1,1,29.475641,4.967898,2.328600,5.283300,1.313800
1,1,29.481176,5.535502,1.861100,5.494500,1.304500
1,1,29.487084,5.907599,1.815800,5.783500,1.406300
1,1,29.492507,5.422901,2.003700,5.290500,1.382100
1,1,29.497924,5.416799,2.375100,5.358000,1.459200
1,1,29.504113,6.189201,2.225400,6.339800,1.632500
1,1,29.510013,5.899899,2.337000,5.843500,1.355800
1,1,29.515780,5.766898,2.118600,5.868200,1.355900
1,1,29.521064,5.284101,1.974500,5.099600,1.492700
1,1,29.527098,6.033901,1.999800,6.192200,1.384100
1,1,29.534020,6.922200,2.241200,6.914800,1.541600
1,1,29.539747,5.726799,1.937100,5.718200,1.417600
1,1,29.545772,6.025698,2.248800,6.108200,1.471600
1,1,29.551115,5.342603,2.026200,5.295600,1.351900
1,1,29.557195,6.080300,1.985200,6.072100,1.221000
1,1,29.562336,5.140398,1.953300,5.217100,1.412100
1,1,29.568501,6.164901,1.971000,5.952000,1.371800
1,1,29.576235,7.734101,2.264900,7.816200,1.888500
1,1,29.582619,6.384000,2.115500,6.380800,1.625900
1,1,29.588825,6.206099,2.009700,5.917000,1.452700
1,1,29.594142,5.317401,2.206500,5.374700,1.532900
1,1,29.602385,8.242998,2.179000,8.512500,1.503000
1,1,29.607235,4.849501,1.984800,4.577800,1.484800
1,1,29.612903,5.668599,2.161900,5.884800,1.242700
1,1,29.618948,6.044600,2.034700,6.094800,1.347300
1,1,29.624351,5.402800,1.874800,5.483500,1.531100
1,1,29.630793,6.442800,1.665000,5.997400,1.401600
1,1,29.636693,5.899500,2.224200,5.999000,1.284700
1,1,29.643326,6.633401,2.132600,6.912600,1.203600
1,1,29.648657,5.330998,1.904500,5.264100,1.301000
1,1,29.655047,6.389901,1.986600,6.040600,1.534100
1,1,29.661597,6.549500,2.285800,6.934600,1.378400
1,1,29.667447,5.850099,1.764200,5.726600,1.161400
1,1,29.672606,5.159199,1.950100,5.343500,1.309300
1,1,29.679905,7.298701,1.844800,7.034600,1.277400
1,1,29.685419,5.513802,2.016600,5.736200,1.265500
1,1,29.690663,5.244598,1.911300,5.226800,1.452500
1,1,29.696600,5.937200,1.789500,5.506300,1.494800
1,1,29.702834,6.234001,2.159800,6.557400,1.350200
1,1,29.708299,5.464301,1.919100,5.556100,1.419700
1,1,29.714562,6.263398,2.051300,6.204100,1.464600
1,1,29.720778,6.216001,1.894000,6.276700,1.417300
1,1,29.727132,6.353602,2.068600,6.135100,1.338800
1,1,29.732083,4.951101,2.086400,4.865800,1.295900
1,1,29.739907,7.824298,2.102000,7.414400,1.376500
1,1,29.745494,5.587302,2.524700,6.011500,1.635400
1,1,29.751868,6.373297,2.251700,6.501300,1.402600
1,1,29.757209,5.341802,2.053600,5.296000,1.416300
1,1,29.762942,5.732398,2.077100,5.650000,1.597400
1,1,29.769642,6.699800,2.005700,6.588400,1.357300
1,1,29.778023,8.381099,2.038200,8.170200,1.440000
1,1,29.782813,4.790202,2.489500,5.189800,1.646900
1,1,29.787887,5.073998,1.711300,5.162300,1.297700
1,1,29.793318,5.430903,1.961200,5.384300,1.540000
1,1,29.799555,6.237298,2.143700,6.161500,1.416900
1,1,29.804933,5.377401,2.041800,5.306400,1.425000
1,1,29.810830,5.897000,2.035800,5.861100,1.364900
1,1,29.817559,6.729599,2.022400,6.521800,1.436700
1,1,29.822900,5.341198,2.277500,5.524200,1.568000
1,1,29.829357,6.456900,2.153200,6.507400,1.679600
1,1,29.835492,6.134599,3.251300,5.718100,1.660900
1,1,29.840979,5.487103,2.706100,6.109800,1.537600
1,1,29.847533,6.554499,1.806300,6.462800,1.670200
1,1,29.853877,6.343100,2.135100,6.370500,1.296500
1,1,29.859154,5.277701,1.830900,5.017300,1.487500
1,1,29.864669,5.514897,2.250800,5.714100,1.267500
1,1,29.870175,5.505502,1.819300,5.569700,1.261900
1,1,29.876425,6.250098,1.884700,6.184900,1.473200
1,1,29.884179,7.754102,1.922700,7.344700,1.473300
1,1,29.889222,5.042899,2.426300,5.549000,1.557400
1,1,29.896141,6.919399,1.731000,6.466500,1.537400
1,1,29.901790,5.649000,2.284300,5.331400,1.322600
1,1,29.909451,7.660601,2.500700,8.002400,1.354600
1,1,29.916597,7.146697,2.166100,7.057600,1.477200
1,1,29.921813,5.215801,2.165100,5.448400,1.495800
1,1,29.926689,4.876100,3.033200,4.947800,1.592700
1,1,29.932811,6.121799,2.539400,6.089700,1.327100
1,1,29.940407,7.596299,1.944800,7.412300,1.306100
1,1,29.946764,6.356202,2.268700,6.478400,1.929700
1,1,29.951830,5.066000,2.097400,5.149900,1.416300
1,1,29.958801,6.971199,1.919200,7.022400,1.367800
1,1,29.965052,6.251600,1.987200,6.286000,1.504400
1,1,29.969825,4.772402,1.848800,4.836600,1.514900
1,1,29.978433,8.608099,1.717500,8.497700,1.401100
1,1,29.984104,5.671099,1.969800,5.530400,1.692400
1,1,29.990074,5.970299,2.220600,6.120300,1.695400
1,1,29.996316,6.241202,1.832600,5.720300,1.372000
1,1,30.001683,5.367499,2.607200,5.900400,1.546000
1,1,30.007242,5.559102,1.899700,5.325500,1.324300
1,1,30.012633,5.390998,2.038100,5.272400,1.382400
1,1,30.019546,6.912801,2.208900,6.836200,1.311000
1,1,30.025376,5.829901,2.255200,6.161100,1.393600
1,1,30.031894,6.517898,2.004200,6.449000,1.381500
1,1,30.037122,5.228601,1.996800,5.395200,1.297400
1,1,30.043897,6.774798,1.913700,6.204400,1.816600
1,1,30.048599,4.701503,2.458300,5.303700,1.441000
1,1,30.054817,6.218199,1.789300,5.981400,1.457300
1,1,30.061845,7.028598,2.011700,7.178400,1.486500
1,1,30.066788,4.943002,1.929200,4.945200,1.299200
1,1,30.072384,5.595401,1.852200,5.400500,1.339800
1,1,30.078770,6.385997,2.173200,6.601100,1.400900
1,1,30.084154,5.383901,1.725800,5.113200,1.298400
1,1,30.089640,5.486000,2.208200,5.622700,1.460500
1,1,30.095544,5.904201,1.930300,5.947100,1.462600
1,1,30.102663,7.119097,1.909500,6.629300,1.350600
1,1,30.107680,5.017102,2.443700,5.406600,1.298000
1,1,30.114493,6.813198,2.192200,6.372800,1.309500
1,1,30.119617,5.124100,2.477800,5.577000,1.513300
1,1,30.124952,5.334701,1.974500,5.311500,1.936400
1,1,30.130708,5.755600,2.033000,5.587100,1.409200
1,1,30.137617,6.909002,2.305100,7.008900,1.584300
1,1,30.143906,6.288800,2.055000,6.367100,1.823800
1,1,30.149471,5.565900,2.086200,5.411400,1.500800
1,1,30.155709,6.237797,2.056400,5.991300,1.622700
1,1,30.160679,4.969999,2.543800,5.292400,1.633000
1,1,30.168201,7.521901,1.967600,6.918300,1.522200
1,1,30.173287,5.085699,2.878200,5.723500,1.605300
1,1,30.178789,5.501803,1.951700,5.248300,1.511500
1,1,30.185583,6.794300,2.296700,6.894700,1.414200
1,1,30.190328,4.745398,2.080000,4.920100,1.374800
1,1,30.195817,5.488601,1.912100,5.453500,1.202600
1,1,30.200691,4.873801,1.895400,4.948400,1.332600
1,1,30.207964,7.272899,1.933100,7.102800,1.239600
1,1,30.215129,7.164899,1.906400,7.333900,1.322900
1,1,30.220029,4.900102,2.031500,4.862400,1.350500
1,1,30.225875,5.846597,1.785800,5.723900,1.409400
1,1,30.232555,6.679703,1.955300,6.458000,1.649300
1,1,30.237617,5.062301,2.217300,5.494600,1.184000
1,1,30.244144,6.526299,1.808000,6.292000,1.323100
1,1,30.250412,6.268699,1.915300,5.880700,1.378300
1,1,30.255885,5.473003,2.464400,5.966300,1.712600
1,1,30.261571,5.685698,1.891500,5.709600,1.401500
1,1,30.267883,6.311901,1.819700,6.212400,1.741200
1,1,30.273560,5.677398,1.964800,5.306500,1.475400
1,1,30.278832,5.271301,2.608600,5.641200,1.563500
1,1,30.285919,7.087301,1.911600,7.056000,1.372900
1,1,30.292091,6.171800,2.139800,6.138500,1.411500
1,1,30.298394,6.303497,1.971800,6.102700,1.481500
1,1,30.303600,5.205702,2.300000,5.392200,1.244000
1,1,30.309107,5.507398,1.856600,5.622100,1.461800
1,1,30.314698,5.590502,1.950700,5.241100,1.494500
1,1,30.319985,5.287301,2.098400,5.300500,1.593300
1,1,30.326401,6.416097,2.187300,6.725300,1.287000
1,1,30.333814,7.412501,1.859300,7.131300,1.316200
1,1,30.338637,4.823502,2.235700,5.097900,1.332700
1,1,30.344176,5.539298,1.851500,5.526200,1.366200
1,1,30.350634,6.457601,1.926200,6.366600,1.528200
1,1,30.361579,10.944501,1.975300,9.044100,1.643400
1,1,30.365932,4.353598,3.938900,5.954600,2.525300
1,1,30.370668,4.735902,2.657700,4.923500,2.411300
1,1,30.376329,5.660601,2.536700,5.373200,1.684600
1,1,30.382608,6.279700,3.100500,6.547600,1.849900
1,1,30.388186,5.578000,2.595600,5.557200,1.721600
1,1,30.394412,6.225698,2.086500,6.041200,1.762700
1,1,30.400074,5.661801,2.230000,5.921800,1.608000
1,1,30.405393,5.319502,1.827900,5.312000,1.247500
1,1,30.410961,5.567297,1.997900,5.637500,1.408200
1,1,30.417345,6.384403,1.820800,6.003700,1.332100
1,1,30.424689,7.344298,2.296400,7.570800,1.437300
1,1,30.430050,5.360499,1.996800,5.323500,1.389300
1,1,30.435489,5.438801,2.089100,5.447200,1.363800
1,1,30.441280,5.791400,1.958800,5.848300,1.402900
1,1,30.446329,5.049400,2.003400,5.077700,1.257600
1,1,30.452024,5.694799,1.990900,5.721000,1.263300
1,1,30.458938,6.913900,1.826400,6.990100,1.388000
1,1,30.465168,6.230202,1.746500,5.787500,1.412100
1,1,30.469998,4.829798,2.212300,5.106000,1.327900
1,1,30.476967,6.968603,1.853900,7.061000,1.441600
1,1,30.482470,5.503699,1.911600,5.407800,1.532800
1,1,30.487438,4.967600,1.904400,5.084400,1.321800
1,1,30.492764,5.326100,1.883200,5.107500,1.277800
1,1,30.499517,6.752599,2.015700,6.635000,1.403700
1,1,30.506239,6.722800,2.096200,6.414300,1.393100
1,1,30.512225,5.985700,2.401500,6.216500,1.399400
1,1,30.518627,6.401703,2.264900,6.358200,1.296300
1,1,30.524830,6.203398,2.268300,6.487800,1.507900
1,1,30.529686,4.856098,1.921000,4.909600,1.413800
1,1,30.535423,5.736601,1.863600,5.380300,1.533800
1,1,30.541885,6.462403,2.420600,6.732400,1.306600
1,1,30.548799,6.913997,1.850200,6.614400,1.451300
1,1,30.553363,4.563503,2.248700,4.841100,1.460600
1,1,30.558735,5.371798,1.858700,5.501200,1.259600
1,1,30.566900,8.164801,1.896200,7.695200,1.384300
1,1,30.572052,5.152300,2.275300,5.429800,1.578800
1,1,30.577538,5.485799,2.054700,5.571800,1.325000
1,1,30.582616,5.077902,1.921200,4.875400,1.439900
1,1,30.588055,5.439498,2.116000,5.621500,1.265900
1,1,30.592886,4.831102,1.949200,4.710400,1.782400
1,1,30.598600,5.714301,1.976500,5.802600,1.528900
1,1,30.604226,5.625799,1.898900,5.705100,1.418500
1,1,30.611676,7.450100,1.889400,7.426700,1.395900
1,1,30.617535,5.858600,1.839000,5.650800,1.221300
1,1,30.624289,6.754499,2.160300,6.778400,1.340000
1,1,30.629058,4.768100,1.964100,4.941500,1.455700
1,1,30.634641,5.583901,1.736100,5.297700,1.395900
1,1,30.640628,5.986799,2.182200,5.835600,1.360400
1,1,30.647634,7.006101,2.363500,6.950800,1.390200
1,1,30.653596,5.961999,2.359700,6.239500,1.552500
1,1,30.660450,6.853800,2.231700,6.573900,1.469400
1,1,30.665165,4.715100,2.484800,5.210900,1.513200
1,1,30.671053,5.888298,1.748600,5.652700,1.406900
1,1,30.675711,4.657201,2.051800,4.774900,1.671400
1,1,30.682909,7.197801,2.018300,7.159400,1.342000
1,1,30.688918,6.009798,1.800200,6.015700,1.664700
1,1,30.695236,6.317601,2.167400,6.376600,1.631300
1,1,30.702451,7.215399,1.834400,6.825700,1.564800
1,1,30.708179,5.727302,2.371600,6.068400,1.566400
1,1,30.714132,5.952999,1.908700,5.974400,1.277100
1,1,30.720345,6.213401,2.070700,6.134000,1.427700
1,1,30.726735,6.389897,1.864300,6.005300,1.396700
1,1,30.731457,4.721701,2.613900,5.154200,1.369300
1,1,30.738381,6.924700,1.883300,6.931900,1.612800
1,1,30.744765,6.383702,1.793700,6.339300,1.309400
1,1,30.750165,5.399797,1.847500,5.489700,1.505200
1,1,30.756493,6.328300,1.820200,6.237100,1.455600
1,1,30.761987,5.493902,1.828600,5.531800,1.400800
1,1,30.766907,4.920401,1.910100,4.881600,1.399100
1,1,30.772834,5.926900,1.884700,5.498700,1.266400
1,1,30.779520,6.685700,2.181300,6.813000,1.354700
1,1,30.785978,6.458398,2.158400,6.702400,1.276600
1,1,30.791717,5.739100,2.094600,5.420800,1.559700
1,1,30.797580,5.862501,2.182100,5.632300,1.722300
1,1,30.803123,5.543299,2.574300,5.991600,1.547200
1,1,30.809109,5.986102,2.036300,5.929900,1.361900
1,1,30.815249,6.139901,1.954700,5.637100,1.356300
1,1,30.820350,5.100500,2.638200,5.696700,1.457100
1,1,30.826749,6.399099,1.962300,6.510000,1.351100
1,1,30.831821,5.072102,1.766300,4.919600,1.343500
1,1,30.837983,6.161798,1.974400,6.256200,1.379900
1,1,30.844341,6.358601,1.887500,6.018200,1.308400
1,1,30.848614,4.272200,2.102000,4.681600,1.369800
1,1,30.855732,7.118300,1.665600,6.689300,1.234300
1,1,30.862134,6.402101,2.257100,6.646900,1.362900
1,1,30.867630,5.495999,1.974400,5.384300,1.833000
1,1,30.872820,5.190000,2.247300,5.137800,1.243400
1,1,30.879567,6.746799,2.013300,6.862900,1.416600
1,1,30.884815,5.248200,2.106200,5.226600,1.482600
1,1,30.890099,5.284499,2.042400,5.374100,1.458300
1,1,30.897341,7.241502,1.949200,6.919300,1.234400
1,1,30.904734,7.393200,2.109400,7.493600,1.523300
1,1,30.909760,5.025897,2.166600,5.034200,1.684900
1,1,30.918793,9.032901,2.073200,8.781400,1.496100
1,1,30.925895,7.101901,2.342400,7.037700,1.672100
1,1,30.931037,5.142100,2.461800,5.669100,1.336800
1,1,30.937124,6.086998,1.879300,5.624600,1.491000
1,1,30.944154,7.029600,2.823100,6.926000,1.407900
1,1,30.949982,5.828802,2.563000,6.277300,1.746000
1,1,30.954725,4.742201,2.019700,4.656400,1.542500
1,1,30.960073,5.347900,1.973100,5.415600,1.267100
1,1,30.966544,6.471399,1.922600,6.505500,1.546500
1,1,30.972231,5.687498,2.102400,5.579700,1.542300
1,1,30.977782,5.550101,1.759700,5.758900,1.299400
1,1,30.986780,8.998100,1.763500,8.879800,1.390700
1,1,30.992172,5.392399,1.928700,5.366000,1.543200
1,1,30.999147,6.974902,1.984200,6.675500,1.366800
1,1,31.005258,6.111398,2.200800,5.992700,1.352700
1,1,31.010579,5.320903,2.347900,5.909500,1.491000
1,1,31.018002,7.422697,1.781500,6.921100,1.629100
1,1,31.023294,5.291801,2.309100,5.491100,1.514900
1,1,31.029938,6.644100,2.141000,6.391800,1.514600
1,1,31.034897,4.959099,2.155200,5.252500,1.398000
1,1,31.041747,6.849602,1.945300,6.628700,1.271800
1,1,31.047729,5.982500,2.119400,5.993000,1.598100
1,1,31.053622,5.893301,2.352400,6.038100,1.515200
1,1,31.060043,6.420199,1.976200,6.406700,1.470500
1,1,31.067269,7.226098,2.252800,7.160200,1.630200
1,1,31.074243,6.974000,2.101000,7.070400,1.659500
1,1,31.080121,5.878299,2.049500,5.732500,1.428400
1,1,31.087080,6.958902,2.219700,7.102100,1.381900
1,1,31.092622,5.542301,2.075700,5.445200,1.451200
1,1,31.098878,6.256200,2.155500,6.393500,1.507100
1,1,31.104710,5.831201,2.024800,5.523100,1.265200
1,1,31.112137,7.427000,2.126400,7.418800,1.424400
1,1,31.116354,4.217800,2.140500,4.662600,1.412500
1,1,31.122302,5.948000,1.639600,5.728600,1.302700
1,1,31.129699,7.396199,2.205100,7.155100,1.523700
1,1,31.135311,5.612202,2.285500,5.805200,1.458100
1,1,31.140745,5.434498,2.691900,5.260200,1.386500
1,1,31.146307,5.562000,2.078800,5.774600,1.505000
1,1,31.154052,7.744901,1.923800,7.358700,1.288900
1,1,31.160410,6.357498,2.374700,6.809300,1.641400
1,1,31.165948,5.538002,1.951800,5.475300,1.373200
1,1,31.172595,6.647699,1.932200,6.136700,1.647700
1,1,31.177161,4.565399,2.999100,5.182100,1.334500
1,1,31.183321,6.160002,1.739200,6.027000,1.367700
1,1,31.191993,8.672100,1.859500,8.225300,1.523100
1,1,31.197944,5.951099,2.515400,6.164200,1.308400
1,1,31.203298,5.354200,2.187500,5.319300,1.378300
1,1,31.208519,5.220402,2.261700,5.561500,1.226900
1,1,31.215275,6.756898,1.840700,6.621300,1.388400
1,1,31.221338,6.062701,2.018100,6.156300,1.322200
1,1,31.227178,5.839899,1.816600,5.843200,1.329700
1,1,31.234508,7.329602,1.920600,7.212900,1.744400
1,1,31.239827,5.318899,1.944400,5.464000,1.383800
1,1,31.245758,5.932000,1.800300,5.786200,1.462700
1,1,31.252577,6.818902,1.923000,6.762100,1.356100
1,1,31.258974,6.396499,2.370900,6.384600,1.986300
1,1,31.264974,5.999900,2.038900,5.647800,1.462800
1,1,31.270558,5.583800,2.468900,5.994300,1.512000
1,1,31.277363,6.805498,1.910800,6.696500,2.039200
1,1,31.284288,6.925002,2.306500,6.874900,1.519100
1,1,31.290314,6.026201,2.013700,6.198400,1.222400
1,1,31.296767,6.452899,1.851300,6.120200,1.449800
1,1,31.304167,7.399600,2.150900,7.668000,1.545500
1,1,31.309602,5.435098,2.070300,5.412000,1.393100
1,1,31.314942,5.340002,1.966700,5.166200,1.372100
1,1,31.322256,7.314298,2.111500,7.134000,1.297700
1,1,31.327578,5.321600,2.230700,5.698400,1.592400
1,1,31.333194,5.615801,1.824200,5.592300,1.595500
1,1,31.342070,8.876100,1.928900,8.873000,1.453100
1,1,31.348452,6.382499,2.073600,6.148400,1.541800
1,1,31.354433,5.980700,2.124900,5.881100,1.966900
1,1,31.363044,8.611400,2.317700,8.577600,1.529400
1,1,31.369808,6.763700,2.651400,6.892600,1.755200
1,1,31.375523,5.715102,2.181500,5.798200,1.753400
1,1,31.380869,5.345598,2.162800,5.270600,1.611600
1,1,31.389218,8.349299,2.157500,8.400600,1.485700
1,1,31.396051,6.832801,2.143400,7.006800,1.665000
1,1,31.402212,6.160703,1.935000,5.972300,1.463000
1,1,31.407288,5.076997,2.161900,5.187000,1.441900
1,1,31.412946,5.657502,1.845800,5.588200,1.342200
1,1,31.419317,6.371301,2.117000,6.251100,1.445700
1,1,31.424455,5.137999,2.131000,5.107300,1.459800
1,1,31.430600,6.144501,1.960700,6.048200,1.502300
1,1,31.437591,6.991398,2.250100,7.033700,1.713700
1,1,31.443947,6.355502,2.321100,6.309000,1.358300
1,1,31.449321,5.374301,2.336000,5.265300,1.399000
1,1,31.455530,6.208699,2.264100,6.310300,1.263400
1,1,31.460897,5.367000,2.347400,5.433200,1.455800
1,1,31.465829,4.932001,2.240200,5.181100,1.568100
1,1,31.471845,6.015997,1.877200,5.786500,1.617800
1,1,31.479293,7.448003,2.164700,7.263100,1.537800
1,1,31.484932,5.639400,2.305800,5.714600,1.472600
1,1,31.490322,5.389400,2.456300,5.183200,1.646800
1,1,31.497233,6.911900,3.100600,6.833400,1.480400
1,1,31.503868,6.634798,2.518700,7.041000,1.585100
1,1,31.510229,6.360400,1.984000,6.249600,1.576400
1,1,31.515607,5.378801,2.177700,5.586400,1.406400
1,1,31.523160,7.552598,1.828700,7.404200,1.430800
1,1,31.528727,5.567200,2.442700,5.491000,1.679100
1,1,31.533727,4.999999,2.786000,5.046000,1.800700
1,1,31.540130,6.402701,2.198300,6.455500,1.435100
1,1,31.546422,6.291900,2.000200,6.058700,1.397400
1,1,31.551688,5.266599,2.323200,5.496800,1.567400
1,1,31.557189,5.500801,2.026900,5.486100,1.465200
1,1,31.563632,6.442901,2.071800,6.333200,1.505700
1,1,31.569168,5.536199,2.122800,5.652500,1.626400
1,1,31.574473,5.304202,1.903200,5.172800,1.471700
1,1,31.580730,6.257799,2.075300,6.439300,1.574400
1,1,31.587822,7.091802,1.879300,6.878300,1.471500
1,1,31.593857,6.034598,2.108700,6.244200,1.640700
1,1,31.600326,6.468803,1.987900,6.429700,1.473700
1,1,31.605716,5.390797,1.888400,5.351800,1.313700
1,1,31.612158,6.441500,2.016600,6.122900,1.727500
1,1,31.618703,6.545600,2.258000,6.472000,1.629100
1,1,31.624842,6.138101,2.399800,6.254800,1.865100
1,1,31.630302,5.460601,2.232700,5.654900,1.533500
1,1,31.636206,5.903598,2.113200,5.698200,1.356700
1,1,31.641782,5.576100,2.180300,5.815900,1.312700
1,1,31.649222,7.439900,2.064400,7.161400,1.644600
1,1,31.653902,4.680101,2.245400,5.084000,1.438900
1,1,31.662305,8.403100,1.838800,8.049400,1.416000
1,1,31.667295,4.989602,2.425000,5.264200,1.651100
1,1,31.672346,5.050998,2.121700,5.054900,1.348300
1,1,31.677984,5.638402,1.866300,5.304800,1.373300
1,1,31.684327,6.342698,2.244800,6.375900,1.551300
1,1,31.690483,6.155901,2.233900,6.435600,1.335900
1,1,31.696445,5.961999,1.891400,5.809400,1.507600
1,1,31.703899,7.454801,2.122500,7.514100,1.542100
1,1,31.709106,5.206797,2.107200,5.153900,1.556700
1,1,31.714151,5.044702,2.135300,5.122700,1.606600
1,1,31.720202,6.051399,1.915500,5.899600,1.633500
1,1,31.727353,7.151000,2.054800,7.133700,1.529000
1,1,31.733055,5.701602,2.087300,5.853400,1.532100
1,1,31.739132,6.077498,2.057100,5.769000,1.489100
1,1,31.745475,6.342202,2.280700,6.682300,1.564300
1,1,31.750345,4.870098,1.956600,4.861500,1.286400
1,1,31.755661,5.316701,1.844500,5.244400,1.248700
1,1,31.761518,5.856499,1.922900,5.843400,1.438900
1,1,31.769289,7.771499,1.887900,7.510300,1.383500
1,1,31.775703,6.413300,2.232700,6.674100,1.457700
1,1,31.781988,6.285001,1.845500,6.342100,1.440700
1,1,31.788751,6.763700,1.839000,6.325100,1.528500
1,1,31.795016,6.264701,2.182900,6.549200,1.491800
1,1,31.800414,5.398199,2.116200,5.385500,1.573900
1,1,31.807518,7.103398,2.113100,7.071400,1.313900
1,1,31.812359,4.841503,2.116100,4.940100,1.570800
1,1,31.818693,6.333999,2.678600,6.082200,1.608900
1,1,31.824053,5.360398,2.161100,5.481500,1.425000
1,1,31.829828,5.774301,2.695700,5.769700,1.291600
1,1,31.836041,6.213401,2.101800,6.109900,1.313000
1,1,31.841441,5.400099,2.103800,5.146700,1.357700
1,1,31.846849,5.407799,2.445800,5.604100,1.497300
1,1,31.852117,5.267702,2.110100,5.470600,1.430400
1,1,31.857511,5.394399,1.939700,5.371600,1.286600
1,1,31.864669,7.157702,1.968100,7.078800,1.399900
1,1,31.870677,6.007798,2.180400,5.879700,1.429400
1,1,31.876901,6.224301,2.524600,6.107000,1.439300
1,1,31.882297,5.396001,2.270400,5.313100,1.497500
1,1,31.888664,6.366801,2.409700,6.841500,1.643300
1,1,31.894699,6.035499,2.031100,5.990300,1.302400
1,1,31.900298,5.598899,1.948000,5.631400,1.559200
1,1,31.906871,6.572600,1.938800,6.443200,1.322200
1,1,31.912826,5.954701,2.098500,5.806900,1.400200
1,1,31.917842,5.016100,2.190200,4.970200,1.497600
1,1,31.923168,5.326297,2.264800,5.555000,1.508700
1,1,31.929816,6.648600,2.081700,6.568300,1.271600
1,1,31.935945,6.128602,1.941300,6.282400,1.403300
1,1,31.942201,6.255500,2.026100,5.995200,1.510500
1,1,31.947493,5.291998,2.150000,5.080200,1.392200
1,1,31.953581,6.088100,3.517800,6.508500,1.526400
1,1,31.959911,6.329902,1.801700,6.299100,1.339400
1,1,31.964753,4.842300,2.108100,4.907300,1.444500
1,1,31.970985,6.232500,1.755400,5.834500,1.269200
1,1,31.979761,8.775499,2.321500,8.897900,1.330000
1,1,31.986138,6.376699,2.218600,6.457900,1.472800
1,1,31.993109,6.971601,2.080500,6.926700,1.512000
1,1,31.998572,5.463000,2.177400,5.671100,1.279800
1,1,32.004791,6.218500,1.842400,5.796700,1.388000
1,1,32.010821,6.029800,2.296200,6.030700,1.358700
1,1,32.015542,4.721500,2.215600,4.965900,1.422900
1,1,32.020724,5.182099,2.098400,5.386800,1.365800
1,1,32.026508,5.783901,1.832900,5.599500,1.494000
1,1,32.034494,7.985901,1.960500,7.999800,1.432900
1,1,32.039611,5.117498,1.928700,5.190700,1.441200
1,1,32.045819,6.207902,2.276700,6.132700,1.294000
1,1,32.051220,5.401101,2.031600,5.334500,1.426000
1,1,32.056968,5.747497,2.306000,5.775500,1.660500
1,1,32.062211,5.242802,2.002600,5.008700,1.770100
1,1,32.069536,7.325299,2.423800,7.323300,1.446000
1,1,32.076347,6.811000,2.347100,6.975600,1.599600
1,1,32.081206,4.859101,1.963400,4.978700,1.440800
1,1,32.086564,5.357597,1.933500,5.352300,1.428200
1,1,32.093610,7.046800,1.999800,6.992700,1.275100
1,1,32.099237,5.626701,2.029400,5.657600,1.408200
1,1,32.105923,6.685901,1.877400,6.395700,1.638900
1,1,32.110778,4.854999,2.191700,5.239800,1.278100
1,1,32.117007,6.228600,1.766700,6.116600,1.342400
1,1,32.122659,5.652100,1.863200,5.648500,1.551200
1,1,32.128118,5.458802,1.942000,5.225100,1.438500
1,1,32.135824,7.706400,2.006900,7.343700,1.309000
1,1,32.141743,5.918499,2.551600,6.467300,1.706600
1,1,32.147648,5.905498,2.064300,5.873800,1.403800
1,1,32.154144,6.496102,2.051200,6.200700,1.407900
1,1,32.160865,6.721299,2.257200,7.012300,1.376400
1,1,32.166636,5.770501,1.989800,5.125300,1.185900
1,1,32.173516,6.880298,2.500300,7.632900,1.796000
1,1,32.179361,5.845301,1.776900,5.443000,1.449300
1,1,32.184762,5.400199,2.176200,5.707400,1.521400
1,1,32.190295,5.532801,1.850900,5.499100,1.318300
1,1,32.196818,6.523799,1.867300,6.445400,1.314000
1,1,32.201923,5.104400,2.123800,4.913200,1.373200
1,1,32.207982,6.059702,2.315200,6.131600,1.531300
1,1,32.215406,7.423799,2.141300,7.573200,1.416300
1,1,32.220582,5.176000,1.977000,5.121200,1.383100
1,1,32.225844,5.261399,1.984100,5.400000,1.725300
1,1,32.231732,5.888600,1.842300,5.611400,1.386300
1,1,32.237312,5.579699,2.082900,5.873100,1.341600
1,1,32.242657,5.345102,1.804800,5.215100,1.308200
1,1,32.248765,6.107997,2.106100,5.904000,1.364000
1,1,32.255801,7.036101,2.137600,7.353400,1.350100
1,1,32.261277,5.475700,1.797000,5.459400,1.494100
1,1,32.266449,5.172599,1.790000,5.229900,1.195400
1,1,32.272780,6.330401,1.815200,6.122300,1.270300
1,1,32.279176,6.395701,1.955300,6.505900,1.520900
1,1,32.285992,6.816298,2.014300,6.855900,1.384600
1,1,32.291365,5.373500,1.828500,5.275700,1.487000
1,1,32.299126,7.760901,1.952900,7.442200,1.242400
1,1,32.304068,4.941702,2.373800,5.323900,1.219400
1,1,32.309478,5.409900,1.875100,5.367600,1.729300
1,1,32.315080,5.602099,1.810700,5.431900,1.235300
1,1,32.320492,5.412098,2.086400,5.593700,1.328300
1,1,32.326485,5.993102,1.856700,6.028500,1.423500
1,1,32.331988,5.502600,1.938700,5.163700,1.633200
1,1,32.338467,6.479397,2.091700,6.362600,1.256100
1,1,32.345046,6.578702,2.207400,6.704700,1.488200
1,1,32.351073,6.027199,2.115600,6.339700,1.338100
1,1,32.357335,6.262202,1.912200,5.823500,1.274700
1,1,32.363893,6.557599,2.278100,6.753400,1.213700
1,1,32.369930,6.037500,2.153100,6.063600,1.746100
1,1,32.375304,5.374100,2.094300,5.344300,1.381000
1,1,32.380848,5.543899,2.072500,5.344500,1.455800
1,1,32.385889,5.041100,2.249900,5.431400,1.501700
1,1,32.392722,6.832801,1.843300,6.677400,1.324900
1,1,32.398311,5.588800,1.893600,5.353400,1.126300
1,1,32.404920,6.608799,2.303000,6.694100,1.533200
1,1,32.410048,5.128503,2.048300,5.230500,1.205000
1,1,32.417193,7.144298,1.943200,7.087800,1.492100
1,1,32.423994,6.801698,2.071500,6.840200,1.671900
1,1,32.431174,7.179700,2.001500,6.926300,1.332400
1,1,32.436905,5.731303,2.289800,6.019800,1.325600
1,1,32.444199,7.293299,2.117600,7.219600,1.345800
1,1,32.449950,5.751200,2.109900,5.877700,1.472900
1,1,32.455547,5.597200,1.907200,5.358500,1.430300
1,1,32.460594,5.047198,2.065300,5.277000,1.341400
1,1,32.466638,6.043900,1.854300,5.981000,1.811200
1,1,32.472008,5.369700,1.884200,5.211300,1.382500
1,1,32.478941,6.932702,2.281700,6.713700,1.412500
1,1,32.485894,6.953798,2.300600,7.015700,1.544900
1,1,32.490718,4.823599,2.472100,5.102200,1.566000
1,1,32.495864,5.145803,1.834500,5.213900,1.294500
1,1,32.501637,5.773697,2.017200,5.487600,1.229400
1,1,32.506908,5.270600,2.016800,5.534700,1.386400
1,1,32.511944,5.036302,1.962800,5.124900,1.439900
1,1,32.518599,6.654199,1.804700,6.550600,1.531300
1,1,32.525780,7.181998,2.060000,7.143200,1.511400
1,1,32.531038,5.257800,1.809800,5.301300,1.355800
1,1,32.536546,5.508002,1.844700,5.552600,1.451900
1,1,32.544237,7.691000,1.869000,7.510700,1.394900
1,1,32.550802,6.564800,2.013800,6.523900,1.306000
1,1,32.557983,7.180601,2.521000,7.386000,1.463300
1,1,32.565877,7.893898,1.924600,7.748700,1.444200
1,1,32.570865,4.988302,1.947100,5.096300,1.526200
1,1,32.576165,5.299699,2.042500,5.254100,1.415100
1,1,32.581691,5.526002,1.933500,5.239700,1.431300
1,1,32.588049,6.357998,2.394200,6.492200,1.390600
1,1,32.594176,6.127201,2.061200,6.085300,1.436500
1,1,32.599067,4.891600,2.211200,5.144600,1.310900
1,1,32.604507,5.439900,1.799700,5.390700,1.408800
1,1,32.611662,7.154401,1.852300,6.786800,1.368400
1,1,32.617880,6.217800,2.201800,6.096600,1.596800
1,1,32.623807,5.927797,2.533300,6.405300,1.437900
1,1,32.629183,5.376101,1.859900,5.207400,1.573800
1,1,32.635081,5.897202,2.110800,6.045200,1.324000
1,1,32.640451,5.370498,1.784400,5.361400,1.381900
1,1,32.646451,6.000001,1.813300,5.865700,1.531600
1,1,32.653046,6.595299,2.018800,6.407200,1.691800
1,1,32.658911,5.864602,2.232400,5.972100,1.363600
1,1,32.665287,6.375901,2.112700,6.373300,1.510300
1,1,32.670392,5.105499,2.150000,5.243100,1.371700
1,1,32.675753,5.360600,1.892400,5.225000,1.333700
1,1,32.680861,5.108200,1.996500,5.307600,1.430900
1,1,32.686725,5.863801,1.781800,5.464600,1.387100
1,1,32.693130,6.405298,2.261900,6.584200,1.334600
1,1,32.699254,6.123800,1.966200,5.929000,1.343200
1,1,32.704773,5.518802,2.237000,5.561500,1.342600
1,1,32.710711,5.938198,2.205100,5.528900,1.419700
1,1,32.716138,5.426802,2.636800,6.122700,1.748900
1,1,32.721409,5.271100,1.842600,5.101000,1.577200
1,1,32.726585,5.176499,2.153100,5.425500,1.274900
1,1,32.733388,6.802402,1.763300,6.513800,1.595800
1,1,32.739569,6.180998,2.086000,6.307200,1.600900
1,1,32.745838,6.269101,2.026200,6.247200,1.463000
1,1,32.751857,6.019399,2.069500,6.013500,1.550600
1,1,32.757613,5.755201,2.064400,5.455700,1.490300
1,1,32.764180,6.567098,2.044500,6.510000,1.390000
1,1,32.769348,5.168401,2.358900,5.546700,1.485600
1,1,32.775864,6.515801,1.903200,6.034500,1.468000
1,1,32.781221,5.356800,2.291100,5.877300,1.355400
1,1,32.787320,6.098900,1.989700,6.067200,1.343800
1,1,32.792585,5.265299,1.816000,5.207700,1.530800
1,1,32.798728,6.143101,1.968700,5.917800,1.351700
1,1,32.803546,4.818499,2.385400,5.168400,1.282800
1,1,32.810206,6.659903,1.706600,6.150700,1.390000
1,1,32.816447,6.240100,2.263500,6.136900,1.841200
1,1,32.822168,5.721498,2.633800,6.198500,1.600100
1,1,32.829606,7.438399,1.925200,7.083000,1.595300
1,1,32.835153,5.546402,2.286800,5.614900,1.662600
1,1,32.840920,5.767599,2.118100,5.982100,1.327800
1,1,32.846770,5.849499,1.892700,5.394100,1.434700
1,1,32.852928,6.158203,2.344700,6.305500,1.628500
1,1,32.857417,4.488800,2.313500,4.790800,1.423400
1,1,32.863427,6.010197,1.965000,5.300100,1.423600
1,1,32.870185,6.758202,2.625200,7.072700,1.541600
1,1,32.876331,6.145202,2.412900,6.326500,1.424300
1,1,32.882769,6.438699,2.095400,6.442300,1.414100
1,1,32.890294,7.524800,2.178600,7.268000,1.628700
1,1,32.894535,4.241198,2.515700,4.817100,1.393800
1,1,32.900775,6.239302,1.733400,5.444200,1.363800
1,1,32.906083,5.308300,2.244200,5.404300,1.325200
1,1,32.911983,5.900498,2.349300,6.237400,1.387100
1,1,32.916770,4.786700,1.941700,4.771900,1.483200
1,1,32.923116,6.346099,1.875100,6.209400,1.437400
1,1,32.929722,6.606203,2.044700,6.617400,1.429000
1,1,32.935803,6.080199,2.023100,6.125000,1.581700
1,1,32.941309,5.506601,1.987500,5.243800,1.394300
1,1,32.948349,7.040299,2.251200,7.003600,1.459200
1,1,32.953979,5.629301,2.487400,5.455300,1.255600
1,1,32.958799,4.820596,2.293000,5.186800,1.277100
1,1,32.964602,5.802602,2.182800,5.881700,1.410000
1,1,32.971013,6.410800,1.910000,6.231500,1.582800
1,1,32.976230,5.217101,2.112800,5.442800,1.532100
1,1,32.982362,6.132100,1.903200,5.635000,1.335700
1,1,32.987280,4.917800,2.275700,5.429100,1.560200
1,1,32.992563,5.283497,1.919700,4.980300,1.323900
1,1,32.997726,5.162500,2.243000,5.366400,1.516600
1,1,33.005203,7.476803,1.846700,7.154900,1.444400
1,1,33.011697,6.494500,2.186000,6.697800,1.261300
1,1,33.017064,5.366698,2.011700,5.147000,1.569300
1,1,33.022569,5.504999,2.314700,5.849000,1.478900
1,1,33.029158,6.589301,1.861600,6.109700,1.341700
1,1,33.034143,4.985102,2.487700,5.386200,1.387100
1,1,33.040556,6.412700,1.878200,6.449000,1.508700
1,1,33.046492,5.936299,1.771900,5.845300,1.405900
1,1,33.052569,6.076999,2.319700,6.217700,1.380600
1,1,33.059197,6.628200,1.880500,6.472700,1.410600
1,1,33.064003,4.806101,1.928400,4.805900,1.427200
1,1,33.069688,5.684700,2.068800,5.769200,1.451600
1,1,33.075452,5.763602,1.865000,5.533200,1.643300
1,1,33.081394,5.941898,2.030300,5.919300,1.536700
1,1,33.088825,7.431403,2.148300,7.188700,1.376800
1,1,33.093510,4.685398,2.463400,5.026100,1.606700
1,1,33.098661,5.150199,2.058900,5.259200,1.388500
1,1,33.103679,5.018603,1.953200,5.082100,1.255400
1,1,33.109659,5.979899,1.825200,5.909500,1.444900
1,1,33.114862,5.202800,2.141500,5.263300,1.369800
1,1,33.121667,6.805100,1.757600,6.689800,1.521000
1,1,33.128747,7.079899,2.135000,6.826900,1.353800
1,1,33.134489,5.741902,2.155300,6.030900,1.590600
1,1,33.139860,5.370997,1.872700,5.008500,1.404500
1,1,33.145638,5.778402,2.453800,5.968700,1.420800
1,1,33.151053,5.414698,1.998300,5.266000,1.337300
1,1,33.157273,6.220400,2.000100,6.076600,1.405100
1,1,33.162584,5.310200,2.513200,5.532400,1.293400
1,1,33.170004,7.420700,2.148500,7.233800,1.729100
1,1,33.174789,4.785299,2.334500,4.952000,1.406700
1,1,33.180294,5.504202,2.077700,5.348200,1.382300
1,1,33.187372,7.078700,2.420400,7.263500,1.550000
1,1,33.194501,7.128298,2.121100,6.885500,1.579900
1,1,33.200231,5.729802,2.434500,5.719600,1.544700
1,1,33.208162,7.931698,2.270900,8.246700,1.630400
1,1,33.213926,5.764000,2.103100,5.710300,1.797300
1,1,33.219715,5.789202,1.974100,5.968000,1.655400
1,1,33.225171,5.455799,1.852200,5.109100,1.419200
1,1,33.230974,5.803000,2.149100,6.017200,1.346000
1,1,33.235844,4.870199,2.068800,4.954200,1.815900
1,1,33.241719,5.874801,1.781700,5.263100,1.357400
1,1,33.249007,7.287499,2.440200,7.458600,1.301200
1,1,33.254872,5.865600,2.275300,5.951900,1.553900
1,1,33.260611,5.738202,2.278400,6.065700,1.366800
1,1,33.265913,5.302399,1.818500,5.104600,1.390400
1,1,33.271268,5.354799,2.426500,5.184100,1.484800
1,1,33.277232,5.964100,2.246100,6.022800,1.499700
1,1,33.282331,5.098999,2.043500,5.186300,1.399900
1,1,33.290013,7.681902,2.078200,7.399400,1.380400
1,1,33.297544,7.531699,2.201500,7.682800,1.531400
1,1,33.302994,5.449798,2.308500,5.808900,1.306600
1,1,33.308791,5.796302,1.789200,5.248500,1.545200
1,1,33.315720,6.929699,2.339100,7.469700,1.434000
1,1,33.321373,5.653098,1.919000,5.525700,1.423800
1,1,33.327118,5.744301,1.944700,5.397100,1.472400
1,1,33.332475,5.357202,2.316200,5.621100,1.359600
1,1,33.339169,6.694499,1.930800,6.376500,1.354300
1,1,33.343590,4.420698,2.412400,4.814600,1.456500
1,1,33.349241,5.650502,1.888100,5.368100,1.458500
1,1,33.355768,6.527700,2.267800,6.811400,1.490800
1,1,33.361837,6.068800,2.077100,5.964300,1.566900
1,1,33.367119,5.282000,2.179000,5.327000,1.540400
1,1,33.372804,5.684700,2.054400,5.686900,1.426200
1,1,33.379150,6.346703,1.869400,6.051900,1.674300
1,1,33.385751,6.600700,2.220400,6.643400,1.421500
1,1,33.392453,6.702200,2.264800,6.653000,1.359800
1,1,33.397624,5.170397,2.202400,5.509600,1.331700
1,1,33.403251,5.627301,1.909600,5.584600,1.355500
1,1,33.409093,5.841602,1.875700,5.740100,1.474600
1,1,33.415548,6.455500,2.089900,6.297800,1.576400
1,1,33.420108,4.559901,2.125700,4.849900,1.284200
1,1,33.426861,6.752700,2.034000,6.728300,1.608700
1,1,33.433964,7.103201,2.101200,6.914000,1.613000
1,1,33.438884,4.920200,2.076000,5.099500,1.671200
1,1,33.444361,5.476400,1.930700,5.421100,1.541200
1,1,33.449896,5.534999,1.896600,5.206900,1.550900
1,1,33.457162,7.266100,2.524200,7.182000,1.457300
1,1,33.464080,6.918497,2.484400,7.203400,1.455500
1,1,33.470242,6.162200,2.034600,6.119000,1.504400
1,1,33.477224,6.981403,2.144200,6.381000,1.735700
1,1,33.481296,4.072398,2.696200,4.853200,1.605800
1,1,33.487748,6.452102,2.022500,6.007900,1.371400
1,1,33.493426,5.677398,2.313000,6.043800,1.374500
1,1,33.499841,6.415602,2.023500,6.084700,1.427800
1,1,33.506369,6.527700,2.240800,6.517900,1.497700
1,1,33.512536,6.167099,2.303400,6.406700,1.539400
1,1,33.517988,5.451601,2.083600,5.284100,1.463700
1,1,33.524091,6.102901,2.895900,6.045400,1.637800
1,1,33.529628,5.537298,2.225900,5.679500,2.510200
1,1,33.536882,7.254101,2.412700,6.955100,1.630300
1,1,33.544365,7.483099,2.430200,7.803300,1.636400
1,1,33.550394,6.029099,2.132800,5.943000,2.269400
1,1,33.556892,6.497800,2.303300,6.534700,1.557700
1,1,33.562008,5.115800,2.231900,5.169900,1.411100
1,1,33.569045,7.037602,2.157700,7.069800,1.834800
1,1,33.575799,6.754000,2.192800,6.733400,1.813100
1,1,33.583094,7.294700,2.334900,6.929600,1.785500
1,1,33.589562,6.468400,2.331500,6.439000,2.018400
1,1,33.594534,4.971500,2.567000,5.114100,1.633500
1,1,33.599414,4.880298,2.242200,5.241200,1.446300
1,1,33.606055,6.641202,1.899100,6.144000,1.412100
1,1,33.612833,6.777499,2.479200,7.002200,1.459000
1,1,33.618230,5.396899,2.113600,5.499400,1.682700
1,1,33.623699,5.469102,2.105300,5.556600,1.472000
1,1,33.628850,5.151201,1.848900,4.998100,1.616500
1,1,33.636293,7.442698,1.993800,7.189000,1.472000
1,1,33.641205,4.912000,2.227400,5.385400,1.438800
1,1,33.647198,5.993102,1.949000,5.607900,1.412000
1,1,33.652885,5.687200,2.182100,5.806000,1.562200
1,1,33.657350,4.465099,2.121100,4.574400,1.754000
1,1,33.662934,5.583301,2.023000,5.361000,1.544400
1,1,33.668392,5.458497,2.130500,5.712800,1.600300
1,1,33.675439,7.046901,1.833300,6.858600,1.473600
1,1,33.680917,5.478401,2.148600,5.658800,1.398400
1,1,33.686641,5.723700,1.874600,5.351700,1.578100
1,1,33.694128,7.487200,2.253700,7.263400,1.449800
1,1,33.700194,6.065700,2.513900,6.392600,1.579400
1,1,33.706945,6.751299,2.341900,6.908300,1.535200
1,1,33.712256,5.310502,1.968400,5.290900,1.490200
1,1,33.718007,5.751699,2.226500,5.736800,1.478100
1,1,33.723456,5.448300,2.175300,5.370700,1.621400
1,1,33.728619,5.163599,2.106800,5.248600,1.399800
1,1,33.734076,5.457100,1.979200,5.289600,1.482300
1,1,33.740527,6.451100,2.326600,6.650100,1.556200
1,1,33.746392,5.865000,1.920300,5.721200,1.514700
1,1,33.752554,6.161399,2.105700,6.212000,1.530400
1,1,33.757933,5.379003,1.989700,5.439200,1.479400
1,1,33.762540,4.607398,1.975100,4.674800,1.466200
1,1,33.768030,5.489800,1.859800,5.501100,1.563500
1,1,33.774585,6.555200,1.873000,6.504700,1.437800
1,1,33.780668,6.083000,1.789300,5.761600,1.505400
1,1,33.788212,7.543601,2.275900,7.792000,1.456400
1,1,33.794152,5.940199,1.962800,5.602200,1.440000
1,1,33.799030,4.877802,2.268400,5.327400,1.241300
1,1,33.806828,7.797800,1.801800,7.555200,1.264700
1,1,33.813241,6.412998,2.101900,6.456200,1.348300
1,1,33.818090,4.849300,1.982900,4.908400,1.559300
1,1,33.823963,5.872902,2.034100,5.493300,1.697900
1,1,33.829791,5.827699,2.269700,5.881300,1.333000
1,1,33.836218,6.427299,2.221900,6.293600,1.455600
1,1,33.841597,5.378902,2.300000,5.875200,1.657100
1,1,33.850283,8.685801,2.070700,8.600400,1.568100
1,1,33.856062,5.779497,1.874200,5.853000,1.502900
1,1,33.862005,5.943000,1.730800,5.882700,1.489800
1,1,33.867834,5.829301,2.068700,5.808000,1.321500
1,1,33.872692,4.857801,1.938900,4.868400,1.552800
1,1,33.877930,5.237300,1.893300,5.086600,1.561300
1,1,33.883072,5.142998,2.084000,5.384300,1.474300
1,1,33.888920,5.847100,1.829900,5.775100,1.444400
1,1,33.896587,7.667802,1.876300,7.544500,1.324200
1,1,33.902053,5.465500,2.055400,5.540000,1.519400
1,1,33.907203,5.149700,1.857900,5.217600,1.506100
1,1,33.913059,5.856201,1.874800,5.534500,1.569500
1,1,33.918250,5.191498,2.237600,5.273500,1.401900
1,1,33.923869,5.619001,2.129200,5.726200,1.516100
1,1,33.929923,6.053999,2.032600,5.507900,1.886700
1,1,33.936821,6.898101,2.562300,6.947400,1.430400
1,1,33.942264,5.442198,2.381400,5.668100,1.539500
1,1,33.947301,5.037002,2.336200,5.200300,1.467600
1,1,33.952385,5.084299,2.014200,5.113100,1.470300
1,1,33.959255,6.870501,1.930400,6.947800,1.385800
1,1,33.964132,4.877001,1.936000,4.853800,1.377200
1,1,33.970245,6.112698,2.073700,6.155900,1.409400
1,1,33.977875,7.630199,1.813800,7.564700,1.386400
1,1,33.983849,5.973902,1.978600,5.794200,1.311600
1,1,33.990634,6.784499,2.084800,6.636500,1.613100
1,1,33.997549,6.915201,2.306000,7.154700,1.515600
1,1,34.002983,5.433600,2.129500,5.449800,1.336900
1,1,34.008185,5.202301,2.121400,5.142000,1.609100
1,1,34.016278,8.093297,2.270200,7.652600,1.547400
1,1,34.021077,4.799202,2.574800,5.361900,1.417400
1,1,34.027335,6.258000,1.876800,5.982700,1.417300
1,1,34.032715,5.380001,2.069400,5.634800,1.411700
1,1,34.037707,4.991598,1.902400,4.988200,1.335800
1,1,34.042910,5.203400,1.996600,5.275500,1.584200
1,1,34.048273,5.362600,1.791000,5.301900,1.325200
1,1,34.055236,6.963402,1.878100,6.488500,1.734700
1,1,34.060818,5.581800,2.309000,5.856500,1.398400
1,1,34.067889,7.071100,2.153800,7.206900,1.472800
1,1,34.073950,6.060697,2.226400,5.834600,1.403400
1,1,34.079907,5.957101,2.157400,6.083700,1.544000
1,1,34.086073,6.166499,1.982000,5.888100,1.354900
1,1,34.091617,5.543802,2.181500,5.687900,1.274000
1,1,34.096734,5.116899,2.165600,5.243700,1.454900
1,1,34.102722,5.987801,2.036000,5.923900,1.610500
1,1,34.109258,6.535500,2.123100,6.281600,1.495000
1,1,34.114763,5.505402,2.363000,5.955700,1.402000
1,1,34.120078,5.314998,1.821600,5.157100,1.435200
1,1,34.125531,5.453199,1.930900,5.351100,1.469500
1,1,34.130899,5.368102,2.093600,5.402600,1.601000
1,1,34.138094,7.195000,2.125800,7.078600,1.433800
1,1,34.143578,5.483501,2.316200,5.611100,1.562200
1,1,34.148938,5.360298,2.024700,5.385900,1.534000
1,1,34.155333,6.395001,1.954700,6.069800,1.489900
1,1,34.160165,4.832301,2.409000,5.271400,1.371900
1,1,34.165948,5.782697,1.970000,5.751500,1.486300
1,1,34.171669,5.721200,1.889000,5.690600,1.438800
1,1,34.179318,7.649202,1.971400,7.626000,1.284000
1,1,34.185216,5.897798,1.898700,5.771100,1.344400
1,1,34.190069,4.852302,1.934600,4.999400,1.365500
1,1,34.195859,5.790100,1.923100,5.711700,1.222900
1,1,34.201005,5.145900,1.895000,5.222500,1.709000
1,1,34.206667,5.662501,1.815100,5.592500,1.374500
1,1,34.214550,7.882997,1.932700,7.479100,1.339300
1,1,34.221175,6.625000,2.472600,6.537500,1.351700
1,1,34.225982,4.806601,2.307000,5.375800,1.301700
1,1,34.231138,5.156498,1.872800,5.037100,1.480900
1,1,34.237075,5.936701,1.896900,6.057000,1.341100
1,1,34.242372,5.297102,1.712200,5.089700,1.345900
1,1,34.248416,6.043699,1.980000,6.137300,1.289100
1,1,34.254879,6.463598,1.932000,6.423000,1.435200
1,1,34.260504,5.624402,1.901700,5.696500,1.438700
1,1,34.266667,6.163199,2.085600,6.002600,1.358500
1,1,34.272040,5.373299,2.082500,5.483700,1.326100
1,1,34.278189,6.148703,1.916200,5.874200,1.411600
1,1,34.284832,6.643698,2.289600,6.866300,1.531300
1,1,34.291331,6.498300,1.998800,6.220800,1.501000
1,1,34.296720,5.389202,2.265000,5.501800,1.361100
1,1,34.302997,6.277498,2.364500,6.099800,1.589800
1,1,34.309461,6.463002,2.218100,6.444600,1.492400
1,1,34.315464,6.003499,2.339200,6.412600,1.362400
1,1,34.320848,5.383600,1.970700,5.312300,1.317200
1,1,34.326668,5.820300,2.120800,5.824300,1.394100
1,1,34.331604,4.936099,1.806600,4.997900,1.365800
1,1,34.337834,6.230302,1.769400,6.147300,1.377700
1,1,34.344380,6.545797,1.933200,6.356300,1.469800
1,1,34.350859,6.478403,2.096500,6.570800,1.576600
1,1,34.355853,4.994199,1.958300,5.081300,1.276400
1,1,34.362560,6.707001,1.936800,6.789400,1.602800
1,1,34.368100,5.539898,1.737800,5.191700,1.398700
1,1,34.374315,6.214999,2.180000,6.337600,1.312900
1,1,34.379876,5.561002,2.052800,5.681900,1.317600
1,1,34.387229,7.353302,1.945800,7.312600,1.261600
1,1,34.393406,6.176997,1.880500,6.271800,1.399000
1,1,34.398962,5.555801,1.745300,5.595600,1.511800
1,1,34.404793,5.830999,1.737200,5.344400,1.292900
1,1,34.410016,5.223099,2.629600,5.579500,1.476300
1,1,34.416685,6.669100,1.798000,6.306200,1.381700
1,1,34.421531,4.845601,2.198400,5.154600,1.404100
1,1,34.429479,7.948000,1.861600,7.912000,1.275000
1,1,34.436108,6.629299,1.921900,6.645800,1.456200
1,1,34.441369,5.261201,1.878000,5.356300,1.367600
1,1,34.447383,6.014101,2.073900,5.545700,1.347300
1,1,34.453875,6.492298,2.414700,6.906600,1.500800
1,1,34.461580,7.704899,1.894500,7.339600,1.497500
1,1,34.466751,5.170401,2.200400,5.154100,1.411000
1,1,34.472932,6.181002,2.183500,6.576100,1.261500
1,1,34.478941,6.008998,1.680400,5.643400,1.229200
1,1,34.484079,5.138602,2.251200,5.194700,1.391100
1,1,34.491132,7.053100,2.042700,6.953300,1.545900
1,1,34.497347,6.214898,2.277900,6.570400,1.438500
1,1,34.504015,6.667402,1.961100,6.581800,1.425300
1,1,34.510148,6.133098,1.927800,5.753100,1.434400
1,1,34.516830,6.682001,2.234000,7.084800,1.292600
1,1,34.523544,6.714102,1.973600,6.572600,1.279300
1,1,34.528928,5.383700,1.973500,5.164400,1.394000
1,1,34.534933,6.005097,2.079500,6.227000,1.445900
1,1,34.540515,5.582601,1.978900,5.378200,1.435100
1,1,34.547728,7.212300,2.166000,7.496800,1.274300
1,1,34.554681,6.953102,1.800500,6.618200,1.312500
1,1,34.560762,6.081600,2.285700,6.371800,1.409800
1,1,34.569094,8.331601,1.888000,8.143500,1.476500
1,1,34.575164,6.070100,2.185000,6.189300,1.305900
1,1,34.581493,6.329101,1.958000,6.117400,1.455700
1,1,34.586842,5.348898,2.112500,5.603000,1.161300
1,1,34.593181,6.338701,1.845200,6.250600,1.511800
1,1,34.598723,5.542699,2.101600,5.360700,1.519400
1,1,34.605465,6.741501,2.167400,6.680900,1.364000
1,1,34.612850,7.385198,2.287600,7.670900,1.277000
1,1,34.618110,5.259402,2.010800,5.248400,1.624200
1,1,34.624426,6.316397,2.250200,5.957000,1.441600
1,1,34.629391,4.965000,2.293600,5.167900,1.528200
1,1,34.636490,7.098902,2.268900,7.228600,1.573500
1,1,34.643555,7.064801,1.984700,6.562700,1.759700
1,1,34.650516,6.961700,2.573800,6.969900,1.632900
1,1,34.655951,5.434699,2.711400,5.893000,1.566200
1,1,34.662391,6.439801,2.047900,6.358400,1.622000
1,1,34.668604,6.212998,2.013900,6.330300,1.675300
1,1,34.674756,6.152000,2.085600,6.117300,1.317700
1,1,34.680602,5.846601,1.948800,5.740400,1.541600
1,1,34.686579,5.976900,2.408000,6.010600,1.437800
1,1,34.695215,8.636098,2.031900,8.068100,1.570400
1,1,34.701933,6.717499,2.918200,7.197300,1.685000
1,1,34.707326,5.393501,2.005800,5.437900,1.487400
1,1,34.713687,6.360199,2.016200,6.230600,1.470100
1,1,34.720014,6.327700,2.189200,6.537400,1.563900
1,1,34.725454,5.440000,2.131100,5.239000,1.609700
1,1,34.731722,6.267302,2.860300,6.341000,1.539800
1,1,34.737847,6.124999,1.984800,5.880300,1.559100
1,1,34.743891,6.044697,2.264800,6.422500,1.394400
1,1,34.749901,6.009601,1.987000,6.004500,1.592400
1,1,34.756051,6.150000,1.863500,5.909500,1.549400
1,1,34.762646,6.595302,2.172700,6.626400,1.468600
1,1,34.768638,5.992100,2.117400,6.020600,1.550200
1,1,34.775969,7.331099,2.090000,7.007000,1.452700
1,1,34.781984,6.014798,2.362200,6.419900,1.401400
1,1,34.787014,5.029600,2.000500,4.913400,1.414300
1,1,34.792861,5.847301,2.188800,5.490600,1.505600
1,1,34.799747,6.885700,2.623500,7.218900,1.508500
1,1,34.805308,5.561601,2.071200,5.537900,1.526600
1,1,34.811034,5.725998,2.131500,5.428700,1.696900
1,1,34.815821,4.786599,2.323600,5.106600,1.529000
1,1,34.821174,5.352601,2.171600,5.296200,1.723900
1,1,34.826539,5.365100,2.173300,5.551200,1.365400
1,1,34.832209,5.670000,1.844500,5.366300,1.370900
1,1,34.837300,5.091399,2.232100,5.323200,1.748700
1,1,34.845029,7.729203,2.143200,7.243300,1.474200
1,1,34.849981,4.951999,2.370700,5.197000,1.633600
1,1,34.856085,6.103601,2.506900,6.365400,1.709500
1,1,34.862217,6.132297,1.948300,5.970000,1.626200
1,1,34.866657,4.439700,2.011800,4.489400,1.382500
1,1,34.871781,5.124100,2.076100,5.194400,1.360700
1,1,34.878240,6.459001,1.939800,6.272100,1.530700
1,1,34.885589,7.348999,2.061700,7.433300,1.577100
1,1,34.891832,6.242599,2.320800,6.133500,1.713400
1,1,34.896867,5.035803,2.378700,4.974300,1.444100
1,1,34.902080,5.212400,2.165400,5.248900,1.609500
1,1,34.908753,6.673299,2.101900,6.690600,1.479400
1,1,34.915642,6.889399,2.367400,6.678900,1.647200
1,1,34.921652,6.009802,2.460300,5.733300,1.748900
1,1,34.926942,5.289700,2.833700,5.467400,1.764500
1,1,34.932088,5.145900,2.439600,5.664600,1.678400
1,1,34.937260,5.171899,1.869300,5.133700,1.609100
1,1,34.943856,6.596498,1.902300,6.117300,1.398300
1,1,34.950884,7.027302,3.151700,7.271800,1.718800
1,1,34.956333,5.449299,2.124100,5.590500,1.620200
1,1,34.962654,6.320700,2.046600,5.653100,1.653800
1,1,34.969245,6.591700,2.689300,7.097600,1.676900
1,1,34.973922,4.676402,2.323500,4.804900,1.574900
1,1,34.978849,4.927099,2.026100,5.014800,1.537000
1,1,34.985853,7.004499,2.088400,6.638500,1.535900
1,1,34.994068,8.214902,2.222300,8.120000,1.541400
1,1,34.999376,5.307399,2.477000,5.726000,1.601500
1,1,35.005650,6.274100,1.921700,6.286900,1.422100
1,1,35.013422,7.771801,1.982100,7.635700,1.448700
1,1,35.018026,4.604898,2.026800,4.665500,1.555200
1,1,35.024259,6.232701,2.055700,6.084500,1.503600
1,1,35.030272,6.012999,2.017300,5.992300,1.486100
1,1,35.036469,6.197300,2.200600,6.358200,1.509700
1,1,35.041415,4.945602,2.301900,4.806200,1.670200
1,1,35.048313,6.897599,2.216000,6.639500,1.914700
1,1,35.056121,7.808201,2.454200,8.118200,1.753700
1,1,35.062546,6.424699,2.132600,6.105200,1.827300
1,1,35.068115,5.569100,2.277400,5.883700,1.822700
1,1,35.074191,6.076898,2.205200,5.864700,1.599100
1,1,35.081076,6.884802,2.207000,6.984400,1.883500
1,1,35.087493,6.416798,2.290700,6.090300,1.688300
1,1,35.093625,6.131403,2.555200,6.259100,1.614300
1,1,35.098027,4.402697,2.504800,4.678200,1.832700
1,1,35.105002,6.974701,1.936800,6.830000,1.668700
1,1,35.112449,7.447500,2.202100,7.081200,1.700900
1,1,35.118286,5.836602,2.569100,6.113600,1.898700
1,1,35.124269,5.983200,2.381300,6.027700,1.984200
1,1,35.129732,5.463198,2.263100,5.366000,2.153300
1,1,35.136294,6.561600,2.522500,6.770500,1.765100
1,1,35.143119,6.824799,1.978200,6.555400,1.757600
1,1,35.149126,6.007701,2.317200,6.058100,1.692300
1,1,35.156521,7.394902,2.211700,7.436600,1.660400
1,1,35.162655,6.133400,2.327300,5.997400,1.420500
1,1,35.168434,5.778700,2.391900,5.993600,1.606400
1,1,35.175909,7.475797,2.201500,7.106200,1.590600
1,1,35.181489,5.579703,2.428800,5.663600,1.683200
1,1,35.188597,7.108297,2.492100,7.472000,1.681700
1,1,35.193814,5.216703,2.171000,5.254700,1.673900
1,1,35.200553,6.738797,1.919800,6.497900,1.613700
1,1,35.206312,5.759001,2.193200,5.475400,1.536000
1,1,35.212717,6.404903,2.524200,6.729700,1.629500
1,1,35.218822,6.105199,2.060900,5.812500,1.692000
1,1,35.224195,5.373500,3.068600,5.689900,1.552000
1,1,35.231589,7.393599,2.097200,7.137700,1.764300
1,1,35.237794,6.205201,2.383000,6.448900,1.507200
1,1,35.244030,6.235700,2.228100,6.113400,1.650700
1,1,35.250380,6.349899,2.414800,6.281400,1.765600
1,1,35.255338,4.958000,2.197500,5.231500,1.562800
1,1,35.261846,6.508201,1.936200,6.436100,1.521300
1,1,35.267655,5.809400,2.240200,5.747600,1.470800
1,1,35.274005,6.349400,2.181100,6.151800,1.629800
1,1,35.280466,6.461099,2.346300,6.477000,1.687200
1,1,35.287387,6.921198,2.427400,7.085300,1.709800
1,1,35.293036,5.648803,2.072000,5.634300,1.494000
1,1,35.298319,5.283099,2.137700,5.346900,1.608900
1,1,35.306619,8.299600,2.033400,8.124200,1.493900
1,1,35.312447,5.827900,2.226300,5.725100,1.840100
1,1,35.317487,5.040899,2.212600,5.353800,1.688300
1,1,35.323633,6.145999,2.096900,6.132800,1.397400
1,1,35.332270,8.636303,1.800300,8.581800,1.258700
1,1,35.337945,5.675599,2.061200,5.592500,1.635500
1,1,35.343798,5.852401,1.937800,5.964200,1.484500
1,1,35.350454,6.655999,1.953300,6.418800,1.521300
1,1,35.356000,5.546398,2.149500,5.635900,1.858600
1,1,35.362032,6.032303,2.181200,5.919100,1.471300
1,1,35.367609,5.576398,2.165000,5.339100,1.448500
1,1,35.373934,6.324802,2.110800,6.690800,1.481600
1,1,35.381241,7.307198,2.070200,7.060000,1.592600
1,1,35.386879,5.638100,2.377000,5.785400,1.586500
1,1,35.391916,5.037401,2.183000,5.036100,1.478200
1,1,35.398527,6.610699,2.333500,6.769000,1.402400
1,1,35.405194,6.666802,2.192700,6.081600,1.578000
1,1,35.411903,6.709199,2.508500,6.851500,1.432200
1,1,35.418446,6.543100,2.373600,6.821800,1.599300
1,1,35.423780,5.333599,2.156800,5.388100,1.577000
1,1,35.430827,7.047500,2.030800,6.992100,1.748100
1,1,35.436255,5.427901,2.282400,5.138100,1.733000
1,1,35.443013,6.757800,2.262800,6.841700,1.446600
1,1,35.449003,5.989701,2.364800,6.030700,1.948100
1,1,35.453591,4.588399,2.335400,4.864700,1.854600
1,1,35.458656,5.064901,2.044400,4.994100,1.630100
1,1,35.465609,6.952900,2.107600,6.666400,1.631400
1,1,35.473103,7.494397,2.335900,7.390600,1.612300
1,1,35.478246,5.143203,2.365500,5.544800,1.585200
1,1,35.483215,4.968699,2.072500,4.883900,1.788300
1,1,35.491662,8.446999,2.038100,8.061600,1.485400
1,1,35.496477,4.815102,2.491600,5.126400,1.594700
1,1,35.502739,6.261799,2.050000,6.267000,1.531800
1,1,35.509341,6.602101,1.994700,6.432300,1.438500
1,1,35.516695,7.353697,2.271900,7.516600,1.483200
1,1,35.522513,5.818203,2.252400,5.848200,1.725900
1,1,35.529802,7.289298,2.077100,7.024500,1.539900
1,1,35.535262,5.459402,2.293200,5.655000,1.456300
1,1,35.540668,5.406197,2.088000,5.511400,1.719500
1,1,35.548171,7.502802,1.965100,7.056500,1.429200
1,1,35.554778,6.607302,2.400000,7.070200,1.631600
1,1,35.560971,6.193299,2.025200,6.161300,1.475800
1,1,35.567224,6.253000,2.015600,6.081000,1.415000
1,1,35.574565,7.340200,2.223200,7.017200,1.420300
1,1,35.579529,4.964598,2.513800,5.331300,1.639100
1,1,35.584989,5.459603,2.078700,5.361900,1.530600
1,1,35.592425,7.436600,2.127900,7.339200,1.644600
1,1,35.597432,5.006999,2.466800,5.291800,1.853500
1,1,35.602754,5.322199,2.078600,5.236300,1.589700
1,1,35.611202,8.447401,2.076800,8.531300,1.571700
1,1,35.616183,4.980799,1.947100,4.878300,1.801100
1,1,35.622305,6.121900,2.288600,5.753500,1.574700
1,1,35.628511,6.206501,2.597200,6.312000,1.440700
1,1,35.633960,5.448498,3.122500,5.516200,1.480200
1,1,35.641408,7.448200,2.213500,7.606200,1.664300
1,1,35.647378,5.970202,2.103300,5.903300,1.692000
1,1,35.653064,5.686399,2.503800,5.570600,1.710100
1,1,35.658827,5.762901,2.332100,5.760700,1.626100
1,1,35.664586,5.758800,2.376000,5.904900,1.680300
1,1,35.671031,6.444599,2.067200,6.400000,1.763700
1,1,35.675885,4.854299,2.080100,4.909400,1.649400
1,1,35.682669,6.783802,2.104300,6.724900,1.626000
1,1,35.688238,5.569398,2.266600,5.669600,1.578800
1,1,35.694113,5.874399,1.983500,5.617700,1.389500
1,1,35.701467,7.354103,2.310100,7.048700,1.689700
1,1,35.707383,5.916398,2.578800,6.226000,1.795500
1,1,35.713944,6.560899,2.417800,6.583000,1.682200
1,1,35.719050,5.105503,2.226600,5.005400,1.477000
1,1,35.724893,5.843900,2.340800,6.091300,1.747600
1,1,35.731707,6.813798,1.972000,6.807000,1.774300
1,1,35.740421,8.714098,2.289700,8.343200,1.455200
1,1,35.745591,5.169902,2.499700,5.202200,1.476600
1,1,35.750975,5.383801,2.783000,5.260300,1.420100
1,1,35.755713,4.737999,2.568100,5.227200,1.548300
1,1,35.763167,7.454000,1.948700,6.822500,1.670300
1,1,35.768580,5.413201,2.627400,5.794000,1.533600
1,1,35.776110,7.529899,2.237100,7.596100,1.579000
1,1,35.781385,5.275197,2.346700,5.475700,1.396100
1,1,35.787357,5.971503,1.901700,5.850800,1.387500
1,1,35.792864,5.507000,2.304500,5.438800,1.377500
1,1,35.798173,5.309600,2.170100,5.381700,1.549500
1,1,35.804064,5.890701,2.062700,5.666100,1.508700
1,1,35.809322,5.258199,2.179200,5.416300,1.495100
1,1,35.815645,6.322701,2.181200,6.212000,1.530400
1,1,35.823319,7.674199,2.199800,7.693300,1.584100
1,1,35.828256,4.936501,2.096000,5.064600,1.489800
1,1,35.834159,5.903099,1.944800,5.744800,1.466400
1,1,35.840946,6.787300,2.328000,6.921800,1.726400
1,1,35.845940,4.993901,1.994600,4.861400,1.432900
1,1,35.854348,8.407798,2.333400,8.365600,1.417200
1,1,35.859561,5.213700,2.344400,4.996300,1.864900
1,1,35.864823,5.261403,2.164100,5.553300,1.747600
1,1,35.871054,6.230999,2.087400,5.969800,1.502800
1,1,35.877005,5.950600,2.461400,6.117100,1.436000
1,1,35.882566,5.561400,2.172600,5.458800,1.583700
1,1,35.889164,6.598201,2.356300,6.810600,1.783700
1,1,35.894340,5.175401,2.179300,5.109300,1.533900
1,1,35.899777,5.437799,1.952200,5.403000,1.397000
1,1,35.906346,6.568599,2.313600,6.776600,1.463200
1,1,35.912640,6.294001,1.978400,6.013100,1.593600
1,1,35.918050,5.410299,2.098200,5.440500,1.510000
1,1,35.924693,6.642502,2.121900,6.775500,1.748300
1,1,35.930911,6.217901,2.080400,6.208700,1.485200
1,1,35.937023,6.112698,1.930500,5.746000,1.586100
1,1,35.943019,5.995501,2.491000,6.247200,1.368800
1,1,35.948555,5.535997,2.140200,5.636900,1.396500
1,1,35.953810,5.255003,1.949200,5.173600,1.481400
1,1,35.960538,6.728299,1.919300,6.490800,1.554000
1,1,35.966527,5.989302,2.353200,5.908900,1.654000
1,1,35.973742,7.214598,2.316100,7.013600,1.568900
1,1,35.978331,4.588801,2.693800,5.244000,1.613200
1,1,35.985409,7.077899,2.551500,6.666900,1.506500
1,1,35.992116,6.707199,2.327800,6.641700,1.532200
1,1,35.999312,7.195700,2.305600,7.167300,1.487200
1,1,36.004928,5.616602,2.493500,6.001000,1.393700
1,1,36.010207,5.279098,1.996400,5.151400,1.588300
1,1,36.017711,7.503901,2.207400,7.176400,1.710000
1,1,36.024930,7.218502,2.510900,7.020400,1.508500
1,1,36.030221,5.291600,3.323700,5.426600,2.484700
1,1,36.037941,7.719498,2.516100,7.832000,2.144100
1,1,36.042949,5.008500,2.471100,5.197100,2.221100
1,1,36.048418,5.469199,2.108900,5.359000,1.799200
1,1,36.055394,6.975099,2.398800,7.148500,1.733400
1,1,36.061370,5.976800,2.252900,5.579400,1.946300
1,1,36.067361,5.990401,2.112300,6.233800,1.735200
1,1,36.074012,6.650802,2.435400,6.262900,1.714000
1,1,36.080303,6.291699,3.510000,6.661400,2.011500
1,1,36.088177,7.873300,2.292900,7.736300,1.885800
1,1,36.093187,5.010299,2.515700,4.881100,2.405300
1,1,36.098746,5.559500,2.487700,5.952200,1.621100
1,1,36.104837,6.090801,2.044300,5.829000,1.634500
1,1,36.109738,4.900500,2.391800,5.074000,2.052900
1,1,36.115679,5.940899,2.236900,5.916100,1.774300
1,1,36.122174,6.495699,2.137400,5.859400,1.802100
1,1,36.128632,6.457400,3.383400,6.731200,1.666800
1,1,36.135872,7.240102,2.878400,7.159500,1.969100
1,1,36.141082,5.210098,2.609200,5.560300,1.740200
1,1,36.146776,5.694300,2.395700,5.600900,1.713700
1,1,36.152823,6.047100,2.561400,6.023000,1.715000
1,1,36.159624,6.800402,3.237100,6.821400,1.864300
1,1,36.167534,7.910598,2.406900,7.845400,2.015600
1,1,36.174957,7.423002,2.457700,7.228700,2.027700
1,1,36.180653,5.695999,2.873000,5.795200,2.029500
1,1,36.186757,6.103899,2.464100,6.082100,2.179000
1,1,36.194580,7.822402,2.865200,7.814800,1.710500
1,1,36.201732,7.151999,2.420800,7.178600,2.056000
1,1,36.208216,6.484400,2.810400,6.507800,1.706900
1,1,36.214968,6.751899,2.320200,6.528000,1.884400
1,1,36.221682,6.714001,3.655300,7.086100,1.963800
1,1,36.228211,6.528601,2.234800,6.381900,2.321200
1,1,36.235985,7.774301,2.494300,7.898100,1.854100
1,1,36.243181,7.195897,2.237700,6.922600,1.952300
1,1,36.250119,6.938800,2.616000,6.837700,1.773300
1,1,36.256603,6.483302,3.257200,6.704300,1.811700
1,1,36.263572,6.969199,2.332000,6.813300,2.108600
1,1,36.268911,5.339000,2.511400,5.603900,1.979500
1,1,36.274164,5.253099,2.356000,5.252500,1.822400
1,1,36.280174,6.009903,2.061500,5.654900,2.460900
1,1,36.288437,8.262597,2.665300,8.037900,1.682100
1,1,36.295136,6.699003,2.672700,7.041600,2.029900
1,1,36.301332,6.196398,2.479300,6.280900,2.216600
1,1,36.307989,6.657001,2.420600,6.271900,1.719500
1,1,36.314471,6.481700,3.509000,6.658600,1.831100
1,1,36.322057,7.586598,2.410900,7.766100,1.912200
1,1,36.327959,5.901203,2.298000,5.718000,1.810300
1,1,36.335942,7.983398,2.586500,8.042500,1.978700
1,1,36.341253,5.311202,2.762700,5.458000,2.123200
1,1,36.347968,6.714400,2.345600,6.436200,1.949700
1,1,36.353195,5.227398,2.681500,5.563600,2.161200
1,1,36.361650,8.454602,2.101100,8.407200,2.165300
1,1,36.369052,7.402398,2.187300,7.260800,1.909300
1,1,36.375621,6.569400,2.556600,6.478000,1.975300
1,1,36.382942,7.320702,2.425700,7.313400,1.901700
1,1,36.389557,6.614998,2.472700,6.752400,1.769300
1,1,36.396511,6.953802,2.401400,6.777800,1.833900
1,1,36.402786,6.275300,2.393800,6.451900,2.056000
1,1,36.409403,6.616797,2.300300,6.159300,2.131100
1,1,36.416135,6.732002,2.724500,7.209800,1.785400
1,1,36.422415,6.280199,2.437700,6.282600,2.539800
1,1,36.429100,6.684702,2.162600,6.372700,1.904600
1,1,36.434072,4.972298,2.622500,5.002300,1.607800
1,1,36.440378,6.305803,2.418600,6.474600,1.642600
1,1,36.445292,4.914399,2.143800,5.020800,2.264700
1,1,36.451505,6.212801,2.445000,6.194600,1.662300
1,1,36.458954,7.448897,2.154900,7.032600,1.616000
1,1,36.464187,5.233202,2.457900,5.613600,2.106900
1,1,36.469401,5.214199,2.117000,5.042800,1.557700
1,1,36.475357,5.956098,2.161900,5.864200,1.703000
1,1,36.481851,6.493602,2.503800,6.767600,1.748800
1,1,36.487567,5.715899,2.014000,5.468500,1.742700
1,1,36.492687,5.120199,2.350700,5.337800,1.522800
1,1,36.499856,7.169202,2.110700,6.788000,1.570100
1,1,36.505609,5.752400,2.380600,6.087000,1.432700
1,1,36.510389,4.780699,1.989400,4.808800,1.811500
1,1,36.517408,7.018503,2.166300,6.987600,1.456700
1,1,36.523909,6.500598,2.003600,6.015700,1.607200
1,1,36.528120,4.211001,2.570600,4.691800,1.502400
1,1,36.533729,5.609099,2.371400,5.420300,1.384600
1,1,36.540598,6.869402,2.328900,6.603100,1.757700
1,1,36.546431,5.833197,2.488900,6.208200,1.531900
1,1,36.552574,6.142702,2.204900,6.128800,1.546600
1,1,36.557762,5.187999,2.165000,5.178100,1.775900
1,1,36.563480,5.718000,2.935200,5.579000,1.538400
1,1,36.569190,5.710099,2.199000,5.884300,1.658000
1,1,36.576127,6.937400,2.104600,6.805600,1.442900
1,1,36.582095,5.967602,2.122600,6.116100,1.538100
1,1,36.588086,5.991001,2.125100,5.959900,1.698700
1,1,36.593550,5.464099,2.245700,5.367300,1.417300
1,1,36.598910,5.359899,2.078700,5.204400,1.449700
1,1,36.604092,5.182199,2.647600,5.410100,1.356500
1,1,36.611174,7.082101,2.102500,6.860300,1.587300
1,1,36.617904,6.729800,2.283800,6.868200,1.367200
1,1,36.623774,5.869400,2.364400,5.811100,1.501100
1,1,36.629030,5.256500,2.077400,5.110900,1.420000
1,1,36.634904,5.874198,2.472700,6.130900,1.711800
1,1,36.642910,8.005403,2.855600,7.786400,1.695200
1,1,36.648223,5.312998,2.425100,5.546900,1.495000
1,1,36.653733,5.510300,1.954800,5.223300,1.746300
1,1,36.659518,5.784702,2.373200,6.109300,1.495900
1,1,36.665829,6.311201,1.949500,5.828100,1.529400
1,1,36.673646,7.817298,2.489500,7.192000,1.553800
1,1,36.678190,4.543599,3.144700,5.597500,1.785400
1,1,36.684044,5.853701,2.044300,5.548400,1.651600
1,1,36.689835,5.791500,2.469000,6.008500,1.687700
1,1,36.695247,5.411901,2.724700,5.325500,1.510300
1,1,36.700379,5.132001,2.987200,5.064000,1.615200
1,1,36.706512,6.133098,2.118300,5.921500,1.475800
1,1,36.713699,7.187199,2.368500,7.461100,1.465600
1,1,36.720207,6.507702,2.179800,6.246600,1.711900
1,1,36.727141,6.934300,2.195800,7.295200,1.507100
1,1,36.731835,4.693899,2.059000,4.765100,1.510000
1,1,36.738387,6.552201,2.502600,6.065200,1.313700
1,1,36.745239,6.851699,2.388700,7.137600,1.684500
1,1,36.749729,4.489798,1.957800,4.560500,1.564400
1,1,36.757651,7.921901,2.036900,7.885500,1.650600
1,1,36.764564,6.913703,2.030300,6.563500,1.533900
1,1,36.768821,4.256699,2.609200,4.740100,1.358200
1,1,36.776018,7.196598,2.803000,6.670300,1.346300
1,1,36.782039,6.021302,2.357300,6.400700,1.483700
1,1,36.787103,5.063798,1.987500,5.113800,1.481800
1,1,36.792392,5.289599,2.269500,5.250100,1.672500
1,1,36.798625,6.232101,1.996500,5.975300,1.463900
1,1,36.803628,5.003400,2.243700,5.185900,1.506300
1,1,36.810216,6.588500,2.116900,6.676300,1.650400
1,1,36.817625,7.408898,2.030100,7.221500,1.663600
1,1,36.822811,5.185902,2.209300,5.236600,1.666600
1,1,36.829623,6.811898,2.307500,6.766000,1.485600
1,1,36.835775,6.151602,2.082000,5.900600,1.677400
1,1,36.840903,5.128298,2.380100,5.278300,1.676700
1,1,36.846158,5.254902,2.236100,5.376000,1.708500
1,1,36.853684,7.526301,2.115500,7.252300,1.423300
1,1,36.859949,6.264500,2.315200,6.375900,1.286900
1,1,36.865791,5.842097,2.293900,6.007400,1.456800
1,1,36.871002,5.211003,2.059600,5.299800,1.457600
1,1,36.877339,6.336898,1.979900,6.239200,1.393900
1,1,36.882468,5.129602,1.987900,5.241500,1.561200
1,1,36.888850,6.381501,2.081400,6.403200,1.355300
1,1,36.895261,6.411597,1.921500,5.933000,1.457200
1,1,36.902204,6.942403,2.418900,7.051200,1.452100
1,1,36.907468,5.263999,2.188900,5.426800,1.723400
1,1,36.913672,6.203998,2.197100,6.239800,1.627300
1,1,36.919015,5.342800,2.051600,5.460600,1.567800
1,1,36.925327,6.312400,1.904100,6.200400,1.492100
1,1,36.931704,6.377000,1.999000,6.480100,1.405300
1,1,36.938774,7.070001,2.008500,6.885000,1.582200
1,1,36.944314,5.539998,2.051300,5.692900,1.398900
1,1,36.951433,7.119000,1.918000,6.551400,1.341500
1,1,36.956912,5.478602,2.470000,5.741300,1.440300
1,1,36.961744,4.832301,2.357900,5.041900,1.304200
1,1,36.968464,6.719898,1.914000,6.428000,1.376000
1,1,36.975592,7.128101,2.493500,7.488100,1.509200
1,1,36.980373,4.780699,1.794200,4.778700,1.397000
1,1,36.986054,5.681299,1.886000,5.605400,1.287300
1,1,36.991207,5.153202,1.929700,5.256000,1.555600
1,1,36.997565,6.358299,1.989100,6.002400,1.351500
1,1,37.002628,5.063001,2.283900,5.346100,1.387100
1,1,37.010406,7.777601,1.902600,7.374000,1.318300
1,1,37.017655,7.248700,2.265600,7.078400,1.462100
1,1,37.024933,7.278699,2.475200,7.278500,1.494300
1,1,37.030749,5.815800,2.459800,6.062700,1.549600
1,1,37.036731,5.981300,2.309000,6.303500,1.407800
1,1,37.042562,5.831201,1.856700,5.599300,1.444600
1,1,37.048053,5.491499,2.258600,5.511700,1.260500
1,1,37.053414,5.360398,1.958500,5.291800,1.448500
1,1,37.061430,8.016203,2.175900,8.089000,1.723600
1,1,37.069670,8.240398,2.091000,7.854800,1.868900
1,1,37.074096,4.425500,2.779900,4.935200,1.420700
1,1,37.079752,5.655900,1.950500,5.491300,1.328200
1,1,37.085887,6.134901,2.252000,6.341700,1.382300
1,1,37.092707,6.820198,1.971700,6.693200,1.623500
1,1,37.099707,7.000603,2.098600,6.619200,1.867100
1,1,37.105225,5.517498,2.622900,6.052000,2.083200
1,1,37.110729,5.504601,1.908700,4.996700,1.625400
1,1,37.116334,5.604401,2.284800,5.589700,1.654500
1,1,37.122141,5.806800,2.583800,6.017200,1.488300
1,1,37.129242,7.101201,2.022500,7.156400,1.516500
1,1,37.136038,6.796598,2.277900,6.884800,1.433700
1,1,37.142028,5.989101,1.901200,5.881600,1.369000
1,1,37.147411,5.383700,2.180600,5.166200,1.597400
1,1,37.152420,5.008899,2.270300,5.316200,1.365300
1,1,37.158609,6.188802,1.945000,6.121200,1.504600
1,1,37.164909,6.299697,1.933300,6.236100,1.463400
1,1,37.171442,6.533600,2.149400,6.590300,1.489100
1,1,37.178563,7.120602,2.056700,6.755900,2.025800
1,1,37.185360,6.796699,2.434200,6.880900,1.369300
1,1,37.192668,7.308099,2.168200,7.325300,1.477500
1,1,37.198963,6.295200,2.362000,6.235400,1.418900
1,1,37.204348,5.384702,2.226600,5.512400,1.435500
1,1,37.209372,5.024899,2.206300,5.181900,1.284900
1,1,37.216557,7.184599,1.920000,7.062700,1.438200
1,1,37.222048,5.490500,2.213800,5.702100,1.391900
1,1,37.227889,5.841698,1.865000,5.815800,1.424400
1,1,37.234210,6.321002,1.884700,5.910600,1.437400
1,1,37.239400,5.189698,2.178900,5.625200,1.350000
1,1,37.245353,5.953103,1.889100,5.585100,1.255800
1,1,37.250926,5.572699,2.154700,5.444800,1.483300
1,1,37.257416,6.490201,2.307400,6.954300,1.318700
1,1,37.265185,7.769398,1.939200,7.637100,1.271100
1,1,37.271140,5.954400,1.975800,5.666600,1.323800
1,1,37.276097,4.957300,2.248500,5.365200,1.475600
1,1,37.282535,6.437901,2.003800,6.177900,1.327100
1,1,37.287701,5.165998,2.099700,5.285100,1.620800
1,1,37.294232,6.530903,2.059800,6.275500,1.410600
1,1,37.299137,4.905697,2.239600,4.847400,1.606900
1,1,37.306267,7.129002,2.412400,6.783000,1.506300
1,1,37.312104,5.837798,2.638000,6.472700,1.854500
1,1,37.317637,5.532600,2.193000,5.606300,1.524100
1,1,37.324485,6.847899,1.895200,6.331200,1.505300
1,1,37.331287,6.802700,2.451900,6.981100,1.557400
1,1,37.336220,4.932001,2.264700,5.145400,1.293500
1,1,37.343353,7.133901,1.969300,7.063200,1.511600
1,1,37.349794,6.440498,2.108600,6.506200,1.755700
1,1,37.355793,5.998701,2.202200,6.044500,1.602200
1,1,37.362887,7.094201,1.888700,6.963000,1.657800
1,1,37.368121,5.234499,2.084400,5.128400,1.461500
1,1,37.373309,5.187299,2.156800,5.443800,1.321200
1,1,37.378508,5.199701,1.813700,5.186100,1.411000
1,1,37.384822,6.313700,1.872500,5.976000,1.492000
1,1,37.390039,5.217399,2.314000,5.124700,1.460900
1,1,37.397677,7.637400,2.602400,7.888100,1.452800
1,1,37.403628,5.950801,2.123100,5.797300,1.899000
1,1,37.409193,5.565699,2.247800,5.878600,1.605400
1,1,37.415346,6.152801,1.998800,5.840700,1.301200
1,1,37.421932,6.586298,2.135200,6.870000,1.364700
1,1,37.428858,6.926000,2.351200,6.605800,1.464800
1,1,37.435275,6.416801,2.246900,6.372800,1.386400
1,1,37.440765,5.489599,2.192700,5.603900,1.448200
1,1,37.446513,5.748499,2.129100,5.977600,1.379200
1,1,37.451958,5.444903,2.010500,5.361100,1.320500
1,1,37.459768,7.809300,1.957200,7.420600,1.375800
1,1,37.465611,5.843598,2.467100,6.296000,1.324200
1,1,37.470843,5.231999,2.022700,5.054600,1.615700
1,1,37.476481,5.638100,2.052000,5.452100,1.490800
1,1,37.482158,5.676500,2.232900,5.662000,1.520200
1,1,37.487519,5.361401,2.230000,5.456800,1.483900
1,1,37.493789,6.269801,2.104700,6.154100,1.463700
1,1,37.499585,5.796198,2.361300,6.230500,1.557000
1,1,37.506892,7.307000,2.304900,7.032400,1.414200
1,1,37.513039,6.147202,2.045300,5.838900,1.237300
1,1,37.519463,6.423898,2.456800,6.883700,1.516700
1,1,37.525792,6.328799,2.037500,6.070100,1.928400
1,1,37.532017,6.224800,2.104700,6.085000,1.349800
1,1,37.538036,6.019302,2.493800,6.371700,1.358800
1,1,37.545129,7.093102,2.030300,7.154400,1.543400
1,1,37.550253,5.124200,1.907500,4.914700,1.459600
1,1,37.556561,6.307997,2.147700,6.403400,1.318900
1,1,37.560986,4.424203,2.134300,4.484100,1.472000
1,1,37.566092,5.105998,1.876600,5.065900,1.616600
1,1,37.571630,5.538501,2.115400,5.355700,1.600100
1,1,37.578215,6.584398,2.129000,6.746300,1.602700
1,1,37.584948,6.733801,2.274000,6.841200,1.689400
1,1,37.590279,5.330399,1.903000,5.165200,1.421200
1,1,37.595729,5.449802,2.119300,5.403100,1.893300
1,1,37.601609,5.880099,2.112900,6.085500,1.543900
1,1,37.607648,6.039299,1.861300,5.551700,1.515200
1,1,37.613038,5.390301,2.398400,5.617800,1.605700
1,1,37.620236,7.198200,2.215700,7.304100,1.539400
1,1,37.625918,5.681600,2.043800,5.629500,2.055800
1,1,37.631037,5.119398,2.129100,5.249400,1.479100
1,1,37.636736,5.698800,1.842800,5.685300,1.441900
1,1,37.643092,6.355800,2.003200,6.246000,1.612400
1,1,37.648036,4.943803,2.082900,5.005800,1.551500
1,1,37.653866,5.829901,1.975700,5.470000,1.555700
1,1,37.661251,7.384896,2.284100,7.446400,1.886700
1,1,37.667152,5.901303,2.415900,6.011900,1.814900
1,1,37.672134,4.981600,2.204800,5.120500,1.734300
1,1,37.678524,6.390199,2.528400,5.882100,1.318900
1,1,37.685737,7.213499,2.464400,7.627300,1.529600
1,1,37.691905,6.167401,2.222000,6.225500,1.629700
1,1,37.697781,5.876500,2.051500,5.806400,1.545300
1,1,37.702985,5.204398,2.121500,5.306500,1.625300
1,1,37.710029,7.043201,1.873400,6.603000,1.668700
1,1,37.714818,4.788902,2.472100,5.054900,2.095000
1,1,37.721580,6.762799,2.124400,6.946500,1.483100
1,1,37.728446,6.866001,1.904200,6.451700,1.486800
1,1,37.733440,4.993100,2.273300,5.141900,1.519900
1,1,37.742118,8.678798,2.343700,8.083900,1.514700
1,1,37.748405,6.286301,2.704500,7.017100,1.767800
1,1,37.752993,4.588801,2.580400,4.658100,1.394300
1,1,37.760159,7.165398,2.578100,7.054700,1.488900
1,1,37.767318,7.159200,2.104400,7.079800,1.692900
1,1,37.773900,6.581903,2.258300,6.452500,1.674900
1,1,37.780383,6.483398,2.273900,6.710400,1.556800
1,1,37.785234,4.851099,2.216600,4.934700,1.562100
1,1,37.790587,5.352203,1.851500,5.315000,1.354400
1,1,37.796730,6.143797,1.977200,5.773000,1.513100
1,1,37.801204,4.473403,2.276400,4.920400,1.419100
1,1,37.808028,6.824598,2.600200,6.406800,1.614800
1,1,37.813966,5.937502,2.339700,5.856300,1.628700
1,1,37.822081,8.115597,2.393300,8.422100,1.662900
1,1,37.827248,5.166803,2.008000,5.098100,1.385000
1,1,37.835461,8.212999,2.107700,7.976100,1.378200
1,1,37.840775,5.313702,2.153800,5.778800,1.455600
1,1,37.846055,5.280297,1.863700,5.074300,1.385600
1,1,37.851736,5.680501,1.973100,5.634800,1.352900
1,1,37.856941,5.205601,2.110100,5.266300,1.349200
1,1,37.863111,6.170098,1.918200,6.032900,1.482600
1,1,37.868298,5.186100,2.215200,5.334100,1.483800
1,1,37.875183,6.885201,1.868500,6.977200,1.425400
1,1,37.881758,6.575700,1.788600,6.079400,1.270700
1,1,37.887075,5.316500,2.346100,5.620700,2.144000
1,1,37.892032,4.956599,2.306600,4.983300,1.405300
1,1,37.898311,6.279901,2.109300,6.081600,1.621900
1,1,37.904754,6.442100,2.206800,6.293200,1.328200
1,1,37.910300,5.546100,2.278800,5.979900,1.468900
1,1,37.916563,6.263502,1.860400,6.102300,1.484500
1,1,37.921764,5.200397,2.050400,5.326100,1.376000
1,1,37.928164,6.400503,2.040600,6.216900,1.417200
1,1,37.933059,4.894700,2.152200,4.969400,1.476500
1,1,37.939886,6.827097,1.968700,6.856300,1.423300
1,1,37.945761,5.875502,1.882900,5.909600,1.205300
1,1,37.951290,5.528700,2.008000,5.464100,1.399000
1,1,37.956510,5.220398,1.910200,5.337000,1.409400
1,1,37.962521,6.010402,1.840900,5.782400,1.338300
1,1,37.967931,5.410399,2.188900,5.539500,1.433900
1,1,37.975554,7.622499,1.915300,6.841400,1.463100
1,1,37.980490,4.936300,2.671800,5.767800,1.404300
1,1,37.986072,5.581602,1.952300,5.352100,1.397000
1,1,37.992067,5.995099,2.032100,5.642600,1.243100
1,1,37.997058,4.991300,2.478500,5.493300,1.273500
1,1,38.003714,6.655999,2.621900,6.350900,1.340600
1,1,38.008603,4.889201,2.162800,4.856400,1.462000
1,1,38.015661,7.057700,2.112500,7.460900,1.536900
1,1,38.021458,5.797401,1.883900,5.497800,1.366400
1,1,38.027929,6.470200,2.144000,6.516400,1.462600
1,1,38.032963,5.033899,2.145100,4.844600,1.474000
1,1,38.039341,6.378401,2.947000,6.676100,1.702600
1,1,38.045938,6.597597,1.929400,6.493400,1.507400
1,1,38.052034,6.095700,2.021400,6.233100,1.652400
1,1,38.057263,5.229000,1.974800,5.299200,1.465900
1,1,38.062883,5.619701,1.761800,5.292500,1.309700
1,1,38.068845,5.962301,2.162200,6.126100,1.354800
1,1,38.073753,4.907399,2.185500,4.898200,1.357100
1,1,38.081039,7.286601,2.066800,7.323900,1.599500
1,1,38.086935,5.895600,2.007100,5.575800,1.517700
1,1,38.093386,6.451298,2.323900,6.290300,1.408200
1,1,38.098140,4.754003,2.375500,5.150400,1.368400
1,1,38.105029,6.889001,2.029300,6.884000,1.327500
1,1,38.112825,7.795997,2.090400,7.511000,1.463100
1,1,38.117419,4.594203,2.286500,4.704900,1.384200
1,1,38.122432,5.012698,2.452600,5.218200,1.761800
1,1,38.127845,5.412601,2.026100,5.477600,1.449000
1,1,38.133321,5.476199,1.856000,5.271800,1.502200
1,1,38.139806,6.485298,2.138400,6.462500,1.406700
1,1,38.146620,6.814301,2.059300,6.297200,1.595400
1,1,38.152279,5.658202,2.810800,6.209100,1.715300
1,1,38.157561,5.282000,2.762600,5.153600,1.661100
1,1,38.163465,5.904600,2.332300,5.960700,1.524200
1,1,38.170115,6.649498,2.165800,6.605700,1.611700
1,1,38.177037,6.921802,2.129700,6.818300,1.499200
1,1,38.181814,4.777700,2.186800,4.826400,1.614500
1,1,38.188246,6.431598,3.127700,6.232600,1.728300
1,1,38.194397,6.151203,2.390100,6.178700,1.521400
1,1,38.201147,6.750200,2.372100,6.785500,1.379300
1,1,38.207030,5.882997,2.240300,6.134400,1.364800
1,1,38.212818,5.787600,1.993700,5.700800,1.496000
1,1,38.218206,5.388603,2.167400,5.621400,1.417200
1,1,38.224043,5.836297,2.478800,5.621600,1.430600
1,1,38.229120,5.077701,1.989200,5.146800,1.529300
1,1,38.234079,4.958499,2.099100,4.924500,1.515400
1,1,38.240917,6.838400,2.013200,6.940300,1.629700
1,1,38.246696,5.778603,1.943300,5.580700,1.708800
1,1,38.253280,6.584298,2.218400,6.721900,1.314400
1,1,38.258834,5.554300,2.024900,5.523800,1.629600
1,1,38.263800,4.965901,1.927200,4.851600,1.575200
1,1,38.270588,6.787200,2.090600,6.491800,1.510600
1,1,38.277196,6.608400,2.437900,7.002100,1.617900
1,1,38.284233,7.036798,2.039800,6.518000,1.277400
1,1,38.291328,7.095501,2.518700,7.295400,1.518000
1,1,38.297469,6.140999,2.353800,6.340700,1.593300
1,1,38.302951,5.481303,2.036700,5.288300,1.480100
1,1,38.308518,5.567100,2.382300,5.812700,1.266400
1,1,38.314519,6.001398,2.064900,6.093800,1.282400
1,1,38.319245,4.725501,2.029700,4.787100,1.460500
1,1,38.324972,5.726900,1.880000,5.288500,1.469100
1,1,38.331723,6.751001,2.278600,6.599400,1.423100
1,1,38.338511,6.788798,2.243300,7.312700,1.227500
1,1,38.344829,6.317303,1.990700,5.958400,1.671000
1,1,38.350012,5.183097,2.199500,5.350000,1.517300
1,1,38.355246,5.234201,2.164300,5.401200,1.263300
1,1,38.360750,5.503900,1.823400,5.388300,1.282700
1,1,38.366475,5.724702,1.866700,5.359600,1.606800
1,1,38.372290,5.815297,2.254000,5.886100,1.431600
1,1,38.380519,8.229502,2.257300,8.350100,1.445100
1,1,38.386953,6.433301,2.091300,6.235100,1.328200
1,1,38.391701,4.748199,2.229900,4.863600,1.358200
1,1,38.397387,5.685899,2.653500,5.811500,1.406100
1,1,38.403314,5.927201,2.062000,5.876400,1.403000
1,1,38.410798,7.484198,1.973200,7.241000,1.346400
1,1,38.415796,4.998300,2.346000,5.437900,1.491900
1,1,38.421425,5.628303,1.904700,5.254500,1.706700
1,1,38.427560,6.135698,1.984600,6.293500,1.355500
1,1,38.432308,4.747499,2.060000,4.929400,1.493400
1,1,38.437704,5.396500,1.968200,5.147900,1.371900
1,1,38.443190,5.485203,2.018700,5.494500,1.614800
1,1,38.449902,6.712697,2.039000,6.598000,1.350900
1,1,38.455948,6.045800,2.149800,6.196500,1.379900
1,1,38.460898,4.949600,2.037700,4.992000,1.329900
1,1,38.468318,7.420003,1.968200,7.328600,1.448200
1,1,38.476341,8.023098,2.201200,8.034600,2.129900
1,1,38.481411,5.070101,2.279100,5.293600,1.561700
1,1,38.487393,5.981598,1.808600,5.480100,1.374900
1,1,38.493427,6.034102,2.355500,6.149800,1.291000
1,1,38.499937,6.510597,2.228500,6.693100,1.410300
1,1,38.506312,6.374303,1.954700,6.129000,1.473200
1,1,38.511514,5.202699,2.251600,5.556900,1.438800
1,1,38.516990,5.476199,1.842300,5.245800,1.636900
1,1,38.522343,5.352899,2.063300,5.291800,1.478300
1,1,38.527563,5.219799,2.121700,5.364100,1.396500
1,1,38.534784,7.220503,1.991300,7.207400,1.342400
1,1,38.540597,5.813200,2.034900,5.829600,1.311200
1,1,38.546103,5.506501,1.905300,5.462000,1.408400
1,1,38.552183,6.079499,1.965100,5.915400,1.500000
1,1,38.559346,7.162899,2.262800,7.125400,1.299000
1,1,38.565455,6.109100,2.181800,6.340800,1.501200
1,1,38.571713,6.258402,2.361200,6.357300,1.275200
1,1,38.578801,7.087398,1.953600,6.930500,1.215500
1,1,38.583874,5.073600,2.011000,5.072900,1.256200
1,1,38.589939,6.064601,1.930700,6.145700,1.315100
1,1,38.595623,5.684000,1.972300,5.412700,1.296600
1,1,38.599952,4.329402,2.814200,4.550800,1.473600
1,1,38.606859,6.906599,2.000600,6.543600,1.657300
1,1,38.612939,6.080098,2.257100,6.561700,1.294100
1,1,38.618990,6.050702,1.891200,5.887200,1.406000
1,1,38.624600,5.610399,1.891500,5.629800,1.223800
1,1,38.629557,4.957199,2.070900,5.078800,1.373200
1,1,38.635104,5.546499,1.783600,5.536700,1.354400
1,1,38.640571,5.467001,1.721200,5.192300,1.240300
1,1,38.646789,6.218400,2.077300,6.017900,1.363400
1,1,38.652930,6.140899,2.383800,6.438300,1.571400
1,1,38.659513,6.582502,2.033800,6.707300,1.488500
1,1,38.667012,7.499401,1.844200,7.015600,1.580600
1,1,38.672626,5.614597,2.278100,5.930800,1.296400
1,1,38.680020,7.393602,2.045300,6.977600,1.362800
1,1,38.685922,5.901698,2.409500,6.215700,1.553600
1,1,38.691684,5.762201,2.117300,5.789600,1.260400
1,1,38.696928,5.244002,2.041300,5.257300,1.283100
1,1,38.703161,6.232698,1.981800,6.196100,1.484300
1,1,38.708496,5.335100,2.043400,5.513700,1.519100
1,1,38.714291,5.795199,1.977400,5.784800,1.367900
1,1,38.722422,8.131403,2.015000,7.971700,1.543900
1,1,38.728016,5.593698,2.223200,5.689300,1.296300
1,1,38.733293,5.276900,2.048300,4.862400,1.371200
1,1,38.739955,6.661501,2.329700,7.097900,1.465100
1,1,38.744782,4.827999,1.840200,4.864100,1.430800
1,1,38.751262,6.479401,1.875400,6.003800,1.197400
1,1,38.756578,5.316101,2.339200,5.707800,1.496800
1,1,38.763974,7.396400,2.093400,7.297100,1.412900
1,1,38.769708,5.733397,2.129900,5.698200,1.501300
1,1,38.775552,5.843900,2.041800,5.907100,1.444000
1,1,38.780772,5.220402,2.027900,5.274300,1.419700
1,1,38.786647,5.874701,1.981200,5.506200,1.487300
1,1,38.790775,4.128199,2.275700,4.590300,1.537500
1,1,38.798428,7.653099,2.563000,7.512000,1.430400
1,1,38.804481,6.053302,1.976700,5.620500,1.491700
1,1,38.809453,4.971698,2.563400,5.410900,1.403300
1,1,38.814799,5.346201,1.826100,5.348000,1.310100
1,1,38.822035,7.235900,1.912100,7.055000,1.724600
1,1,38.827468,5.432501,2.036300,5.648600,1.681600
1,1,38.833149,5.681399,1.805000,5.565500,1.592300
1,1,38.839219,6.069697,1.859500,6.122200,1.483200
1,1,38.844784,5.564801,1.951200,5.340200,1.277500
1,1,38.851495,6.711099,2.137900,6.533600,2.179700
1,1,38.857786,6.290801,2.348500,6.475000,1.598900
1,1,38.863709,5.923901,2.101300,6.104600,1.431800
1,1,38.870540,6.831098,2.002600,6.592300,1.375200
1,1,38.876386,5.845800,2.136700,6.030000,1.411600
1,1,38.881606,5.219299,2.031600,5.262100,1.416200
1,1,38.889148,7.541902,1.885900,7.346400,1.518000
1,1,38.894187,5.039100,2.045400,5.028000,1.555000
1,1,38.899252,5.065698,2.080800,5.164100,1.487600
1,1,38.905190,5.937703,2.088800,5.710900,1.493300
1,1,38.910957,5.766697,2.036200,5.999900,1.415800
1,1,38.917881,6.924801,2.498500,6.933200,1.471200
1,1,38.922582,4.700501,1.981000,4.629400,1.504400
1,1,38.929053,6.471101,1.993300,6.170800,1.391600
1,1,38.934880,5.826797,2.389300,5.811200,1.333300
1,1,38.942387,7.506803,2.314300,7.499600,1.430300
1,1,38.947705,5.318698,2.244200,5.712000,1.502200
1,1,38.953478,5.772103,2.013600,5.582900,1.386500
1,1,38.961404,7.926699,2.212200,7.718800,1.384400
1,1,38.967541,6.136600,2.370700,6.004800,1.313300
1,1,38.971747,4.206400,2.456100,4.759300,1.458900
1,1,38.978334,6.587099,2.732900,6.513000,1.480300
1,1,38.984109,5.774502,1.806100,5.720400,1.515000
1,1,38.991764,7.654898,2.043500,7.325700,1.596300
1,1,38.996757,4.993800,2.397300,5.398000,1.316700
1,1,39.002741,5.983401,1.817800,5.856700,1.518700
1,1,39.008730,5.988799,1.971300,5.974700,1.582300
1,1,39.015428,6.698299,2.140800,6.786300,1.391400
1,1,39.020676,5.247600,1.867900,5.127000,1.393000
1,1,39.027342,6.666802,2.078000,6.232100,1.462100
1,1,39.032866,5.523700,2.451000,5.854500,1.505200
1,1,39.037889,5.023099,2.043900,5.169800,1.380300
1,1,39.043954,6.064698,1.927700,6.125900,1.408900
1,1,39.051155,7.200703,1.951400,6.799700,1.397700
1,1,39.057672,6.517500,2.189300,6.832300,1.385100
1,1,39.062872,5.199898,2.090700,4.973100,1.556500
1,1,39.070034,7.161800,2.178500,7.108800,1.403500
1,1,39.075507,5.473301,2.291200,5.739000,1.469100
1,1,39.081252,5.745299,1.902300,5.439400,1.626500
1,1,39.087501,6.248701,2.263200,6.154400,1.389900
1,1,39.095811,8.309700,2.396600,8.204800,1.647000
1,1,39.100260,4.449401,2.891600,4.709700,1.686700
1,1,39.107459,7.198598,2.115900,7.252800,1.360500
1,1,39.113401,5.942099,2.034000,5.807100,1.528200
1,1,39.119863,6.461903,2.302100,6.570600,1.559200
1,1,39.124676,4.813198,2.214000,4.820400,1.383600
1,1,39.131903,7.227302,2.792100,7.117800,1.479800
1,1,39.139234,7.330898,2.435900,7.548300,1.569200
1,1,39.144515,5.280800,2.053300,5.389000,1.715600
1,1,39.152199,7.683899,1.757400,7.438800,1.275800
1,1,39.159418,7.219300,2.093100,7.098700,1.345900
1,1,39.164740,5.321901,2.363000,5.489800,1.445900
1,1,39.170339,5.598601,2.000900,5.344200,1.350500
1,1,39.175506,5.167000,2.330400,5.560300,1.489800
1,1,39.183262,7.756598,1.818400,7.549700,1.312800
1,1,39.190433,7.171001,1.986200,6.941800,1.505600
1,1,39.196275,5.842000,2.435200,6.246800,1.492600
1,1,39.201864,5.588699,2.144200,5.522100,1.646700
1,1,39.208069,6.205101,1.859800,5.948300,1.399200
1,1,39.216685,8.616101,2.320900,8.456800,1.341600
1,1,39.221587,4.901897,2.360400,4.966300,1.478500
1,1,39.228051,6.463602,1.890900,5.975800,1.335700
1,1,39.234949,6.897900,2.898000,7.706400,1.613300
1,1,39.240968,6.019000,1.971900,5.965200,1.366300
1,1,39.246724,5.756497,2.007900,5.438600,1.498600
1,1,39.252757,6.033301,2.289400,6.415800,1.526000
1,1,39.258140,5.382299,2.013400,5.230300,1.521300
1,1,39.263997,5.857401,1.976500,5.503900,1.548100
1,1,39.271072,7.075001,2.450600,7.208800,1.715100
1,1,39.276496,5.424000,2.724900,5.728000,1.433800
1,1,39.282188,5.691998,1.932800,5.698900,1.505700
1,1,39.288088,5.899500,1.950200,5.634600,1.401600
1,1,39.295191,7.103503,2.340600,7.214700,1.776300
1,1,39.302956,7.764898,2.078200,7.026800,1.540100
1,1,39.308126,5.170200,3.192100,5.828700,1.786500
1,1,39.314545,6.418999,2.903200,6.422200,1.710400
1,1,39.321829,7.283702,2.077100,7.339600,2.302900
1,1,39.326422,4.593398,1.970000,4.662100,1.530200
1,1,39.333044,6.621800,2.070900,6.428100,1.663900
1,1,39.338666,5.621400,2.082100,5.532200,1.751300
1,1,39.344114,5.448099,2.477200,5.715100,1.648400
1,1,39.351336,7.222403,2.687700,6.994800,1.581600
1,1,39.358068,6.732099,2.354600,6.700600,1.479500
1,1,39.363995,5.926799,2.334300,5.980400,1.587800
1,1,39.370048,6.052699,2.471100,6.083100,1.711400
1,1,39.375864,5.816102,2.326200,5.585800,1.648800
1,1,39.383868,8.003999,3.292500,7.983300,1.772500
1,1,39.389578,5.710799,2.671900,5.860000,2.432500
1,1,39.395661,6.082103,2.563400,5.933600,1.731900
1,1,39.403166,7.505897,2.549300,7.389100,1.459400
1,1,39.409663,6.496102,3.851800,6.515700,1.717100
1,1,39.416665,7.002000,3.097600,6.967700,1.723000
1,1,39.422074,5.408999,3.630700,5.564700,1.756800
1,1,39.429163,7.089801,3.417400,7.119000,1.679500
1,1,39.436041,6.877102,2.339700,6.866200,1.671100
1,1,39.442198,6.157197,3.100400,6.049400,1.856800
1,1,39.449835,7.637501,4.027300,7.404900,2.154400
1,1,39.457333,7.497501,2.729100,7.683300,1.867300
1,1,39.464913,7.580101,3.896800,7.390300,1.826500
1,1,39.471319,6.405998,4.040000,6.405400,1.827800
1,1,39.477297,5.978402,3.917000,6.258900,1.998100
1,1,39.483442,6.145097,3.444500,5.941000,2.009800
1,1,39.490259,6.816503,2.545700,6.794800,1.946300
1,1,39.496168,5.908798,2.504600,6.176600,1.897200
1,1,39.501257,5.089700,2.202700,5.157500,1.607700
1,1,39.508835,7.577900,2.126800,7.611500,1.540400
1,1,39.515812,6.976400,2.136300,6.284600,1.814000
1,1,39.521985,6.173402,2.722500,6.847800,1.521600
1,1,39.529151,7.165998,2.096900,7.080600,1.683600
1,1,39.534771,5.619600,2.090900,5.522600,1.784800
1,1,39.540623,5.852699,2.306200,5.862800,1.639200
1,1,39.545664,5.040500,2.284300,4.913600,1.613500
1,1,39.552232,6.568201,2.434600,6.328100,1.974400
1,1,39.558941,6.709300,2.565300,7.063500,1.703000
1,1,39.564807,5.865701,2.291400,5.544800,1.450300
1,1,39.569796,4.989401,2.460900,5.060400,1.570700
1,1,39.574667,4.870400,2.821000,5.355700,1.491700
1,1,39.580470,5.803097,2.626100,5.568200,1.423500
1,1,39.588082,7.611703,2.066300,7.283200,1.694600
1,1,39.594273,6.191198,2.916300,6.615600,1.756000
1,1,39.599965,5.691901,2.094000,5.532900,1.782600
1,1,39.607554,7.589400,2.202100,7.244800,1.974700
1,1,39.614289,6.734900,2.721600,6.876000,1.672200
1,1,39.619119,4.830401,2.854100,5.169900,1.596400
1,1,39.625064,5.944997,1.960400,5.859600,1.539300
1,1,39.631288,6.223902,2.053900,6.140800,1.843100
1,1,39.635970,4.681200,2.228100,4.832500,1.655000
1,1,39.642203,6.233800,2.672700,6.117800,1.658500
1,1,39.648507,6.303500,2.275200,6.053200,1.556300
1,1,39.654991,6.484400,2.831600,6.783900,1.504800
1,1,39.662081,7.089999,2.094400,6.615100,1.828000
1,1,39.667110,5.029298,2.545800,5.645800,1.638300
1,1,39.672466,5.355101,2.057300,5.198900,1.562400
1,1,39.678300,5.834699,2.023800,5.526000,1.629900
1,1,39.684488,6.187402,2.324700,6.585300,1.443700
1,1,39.691002,6.514199,1.925300,5.816900,1.416000
1,1,39.696061,5.058900,2.720500,5.625700,1.544700
1,1,39.704667,8.606501,2.773700,8.410900,1.503000
1,1,39.710021,5.353302,2.340800,5.683800,1.541600
1,1,39.715901,5.880099,2.451300,5.700800,1.513900
1,1,39.722969,7.068001,2.035200,7.115400,1.351200
1,1,39.728744,5.775198,2.023400,5.626500,1.297100
1,1,39.735013,6.269000,2.212500,6.226900,1.402300
1,1,39.742693,7.679999,2.176500,7.747100,1.571800
1,1,39.748603,5.910303,2.175000,5.800400,1.593500
1,1,39.755084,6.480496,2.183500,6.467100,1.396600
1,1,39.761191,6.106801,2.191100,5.990500,1.434900
1,1,39.767247,6.056402,2.288600,6.002300,1.405900
1,1,39.773711,6.463800,2.394600,6.661900,1.420500
1,1,39.779651,5.940199,2.326900,6.019100,1.446600
1,1,39.786822,7.171102,2.155100,6.911200,1.350700
1,1,39.791439,4.617300,2.216600,4.955000,1.605200
1,1,39.797743,6.303798,1.935300,6.250600,1.401200
1,1,39.803352,5.608801,1.958900,5.635400,1.271300
1,1,39.808338,4.985601,2.007000,4.937900,1.532600
1,1,39.814438,6.100100,2.115600,6.167600,1.298700
1,1,39.821294,6.855998,2.077900,6.766600,1.514800
1,1,39.828802,7.508002,2.073000,7.158300,1.680500
1,1,39.833499,4.697297,2.352700,4.957700,1.482300
1,1,39.838856,5.357102,2.092000,5.274800,1.368200
1,1,39.843941,5.084898,2.149300,5.361000,1.517900
1,1,39.850497,6.555803,1.877400,6.069300,1.403800
1,1,39.856840,6.343000,2.469100,6.426700,1.428900
1,1,39.864416,7.576298,2.309000,7.645200,1.315400
1,1,39.869141,4.724503,2.250500,4.928000,1.440100
1,1,39.874596,5.455397,2.019400,5.386600,1.548800
1,1,39.881049,6.452903,2.162700,6.448000,1.672100
1,1,39.886470,5.420700,2.038200,5.417300,1.724400
1,1,39.891669,5.199697,2.125900,5.223900,1.531300
1,1,39.897960,6.290402,2.062300,5.981000,1.506800
1,1,39.905100,7.140700,2.287800,7.502000,1.446800
1,1,39.911130,6.029598,1.896100,5.637700,1.348100
1,1,39.919023,7.893201,2.416300,8.222500,1.676400
1,1,39.925844,6.821200,2.840300,6.521800,2.115800
1,1,39.931930,6.085802,2.672500,6.330500,1.810300
1,1,39.937863,5.932897,2.055500,5.912600,1.529200
1,1,39.943745,5.882300,2.196800,5.825600,1.551700
1,1,39.949993,6.247502,2.679400,6.151400,1.512600
1,1,39.956244,6.251600,2.300300,6.031000,1.804800
1,1,39.961184,4.939698,2.421900,4.891300,1.549700
1,1,39.968001,6.816901,3.080900,7.169800,1.741400
1,1,39.974322,6.321002,2.175000,6.011500,1.702500
1,1,39.979280,4.957799,2.369800,4.959200,1.796500
1,1,39.985876,6.595798,2.903900,6.895900,1.595700
1,1,39.991539,5.663700,2.045100,5.505400,1.685500
1,1,39.996981,5.442001,2.289700,5.381100,1.558500
1,1,40.004556,7.574800,2.467600,7.497500,1.551400
1,1,40.009661,5.105298,2.475900,5.391400,1.879900
1,1,40.015119,5.457200,2.046500,5.416600,1.617100
1,1,40.021792,6.673202,2.066700,6.458000,1.787900
1,1,40.026816,5.024400,2.485400,5.322800,1.796500
1,1,40.034684,7.867999,3.085300,7.290100,1.765600
1,1,40.040365,5.681101,2.700100,5.924100,1.790200
1,1,40.048412,8.047100,2.482000,7.778600,1.740800
1,1,40.055486,7.073298,2.641200,6.959100,1.913100
1,1,40.060479,4.993603,4.053800,5.502100,1.728500
1,1,40.065916,5.436800,2.288200,5.280700,1.770300
1,1,40.072345,6.429397,2.540900,6.472700,1.912400
1,1,40.078997,6.651901,2.438700,6.752300,1.780500
1,1,40.086808,7.810600,2.096000,7.386400,1.712500
1,1,40.093372,6.564099,2.546500,6.884500,1.793100
1,1,40.101194,7.822003,2.268600,7.592900,1.870800
1,1,40.107710,6.515797,2.593600,6.587900,2.067700
1,1,40.114282,6.571703,2.501000,6.581700,1.932500
1,1,40.120812,6.530099,2.582200,6.545900,1.821900
1,1,40.128754,7.941999,2.302900,7.936700,1.906700
1,1,40.135306,6.551802,2.588100,6.622500,2.102500
1,1,40.143362,8.056600,2.424100,7.396200,1.981400
1,1,40.149343,5.981199,3.069000,6.603100,2.239000
1,1,40.156087,6.743502,2.410400,6.671300,1.927700
1,1,40.162929,6.842598,2.482700,6.726700,2.032400
1,1,40.170389,7.459302,2.526100,7.413200,1.916600
1,1,40.177213,6.824497,4.188800,6.974800,1.871700
1,1,40.183010,5.797002,2.562000,5.390100,2.954000
1,1,40.190328,7.317699,2.972700,7.557100,2.039000
1,1,40.197216,6.887801,2.610100,7.003700,2.183700
1,1,40.202594,5.378198,2.617400,5.556900,1.760500
1,1,40.210355,7.760901,2.078700,7.629700,1.861700
1,1,40.217381,7.025998,2.388000,7.053700,1.939100
1,1,40.224962,7.581502,2.251600,7.490900,2.111500
1,1,40.231275,6.312598,2.396500,6.096400,2.004800
1,1,40.238098,6.822601,2.577500,6.863300,2.130500
1,1,40.244458,6.360602,2.624200,6.503000,1.884700
1,1,40.251276,6.818101,2.322400,6.671900,1.933900
1,1,40.258095,6.818697,2.689800,6.840100,1.894500
1,1,40.265728,7.633001,3.252100,7.564000,2.057800
1,1,40.272770,7.042199,2.810900,7.031200,2.171600
1,1,40.280500,7.730201,2.827400,7.723000,2.523600
1,1,40.287626,7.126100,2.706000,7.273700,2.021100
1,1,40.294003,6.376501,2.407100,6.407700,2.404300
1,1,40.300160,6.157197,2.328800,5.807700,2.151800
1,1,40.307573,7.413100,2.816200,7.754300,2.121000
1,1,40.313691,6.117400,2.808600,5.937700,2.294000
1,1,40.320514,6.823700,2.693300,6.862300,1.948900
1,1,40.325485,4.970703,2.480200,4.754500,1.865300
1,1,40.331975,6.490100,2.586500,6.916300,2.134800
1,1,40.339522,7.546898,2.335300,7.118100,2.113400
1,1,40.344036,4.514199,2.646300,4.832300,1.576400
1,1,40.351199,7.163100,2.771300,7.167800,1.730500
1,1,40.356771,5.571600,2.204500,5.669900,1.727900
1,1,40.363550,6.779402,2.251700,6.153000,1.865100
1,1,40.370215,6.664898,2.770500,7.203000,1.844900
1,1,40.378107,7.892001,2.430400,7.506900,1.961600
1,1,40.384615,6.507300,2.425900,6.638900,1.645400
1,1,40.389467,4.852299,2.403300,5.295500,1.608800
1,1,40.395456,5.989499,1.889400,5.736000,1.565500
1,1,40.400501,5.044401,2.267700,5.045200,1.613600
1,1,40.408428,7.927202,2.253000,7.776900,1.708200
1,1,40.414600,6.172299,2.420200,6.108900,2.000300
1,1,40.419335,4.734900,2.532000,4.936700,2.116800
1,1,40.425378,6.042700,2.352200,5.713600,1.780100
1,1,40.432748,7.369701,2.713300,7.452900,2.194900
1,1,40.439238,6.490998,2.772500,6.537200,2.239200
1,1,40.444130,4.891202,2.411300,4.795800,2.595600
1,1,40.451089,6.959599,2.554400,6.842800,1.807400
1,1,40.457560,6.470900,2.597200,6.591000,1.630500
1,1,40.464674,7.114299,2.509000,7.060300,1.843000
1,1,40.470203,5.528200,2.434700,5.568700,1.651700
1,1,40.477807,7.604700,2.499400,7.593800,1.534100
1,1,40.482092,4.284702,2.383200,4.394700,1.628000
1,1,40.489540,7.447798,2.484400,7.464700,1.447800
1,1,40.495135,5.595300,2.298700,5.792700,1.583200
1,1,40.501797,6.661501,2.099100,6.438100,1.866500
1,1,40.508929,7.132202,2.256900,6.988700,1.931400
1,1,40.515467,6.537698,2.682400,6.832000,1.536300
1,1,40.520669,5.202800,2.028700,5.114300,1.882900
1,1,40.528426,7.756699,2.192000,7.389200,1.543100
1,1,40.535098,6.672300,2.551500,6.784800,1.524800
1,1,40.539679,4.580799,2.804400,4.908400,1.504800
1,1,40.547677,7.997800,2.746500,7.559700,1.596000
1,1,40.553463,5.785700,2.598900,6.041600,2.205800
1,1,40.558316,4.852902,2.133600,4.860700,1.933300
1,1,40.565327,7.011399,2.158600,6.780300,1.580800
1,1,40.573092,7.765099,2.411400,7.705600,1.797500
1,1,40.580088,6.996401,2.542700,7.055400,1.609700
1,1,40.586186,6.097000,2.480900,6.228700,1.643000
1,1,40.591597,5.411699,2.407400,5.533200,2.184200
1,1,40.599274,7.676899,2.176900,7.337700,1.583000
1,1,40.604778,5.503900,2.802900,5.905800,2.377600
1,1,40.611044,6.266400,2.067200,6.277700,1.715900
1,1,40.616414,5.369402,2.313200,5.374000,1.506500
1,1,40.621642,5.228400,2.149800,5.247300,1.452700
1,1,40.627961,6.318998,2.183700,6.003600,1.407700
1,1,40.634051,6.089799,2.332500,6.231200,1.794800
1,1,40.640133,6.081801,2.428300,5.933200,1.494000
1,1,40.646074,5.941503,2.313400,6.045300,1.755000
1,1,40.652205,6.130297,2.258100,6.112700,1.774800
1,1,40.657692,5.487300,2.927800,5.302500,1.879300
1,1,40.663908,6.215900,2.480300,6.470500,1.802800
1,1,40.671728,7.819802,2.108600,7.571900,1.558800
1,1,40.677187,5.459700,2.353500,5.680000,1.832400
1,1,40.683922,6.735198,2.144200,6.729000,1.744300
1,1,40.690908,6.985400,2.182400,6.851100,1.681100
1,1,40.696123,5.215000,2.300400,5.109400,1.807000
1,1,40.700987,4.864302,2.500200,5.273200,1.930800
1,1,40.707333,6.345600,1.869300,6.097500,1.830400
1,1,40.713471,6.138399,2.356900,5.809100,1.752100
1,1,40.718567,5.096201,2.504500,5.463500,1.826000
1,1,40.724960,6.392501,2.210900,6.291900,1.650400
1,1,40.732681,7.721096,2.280600,7.542200,1.644600
1,1,40.739680,6.999001,2.748500,7.264800,2.460200
1,1,40.745163,5.482502,2.303600,5.511900,1.665500
1,1,40.751237,6.074898,2.138400,5.798700,1.751000
1,1,40.757527,6.289802,2.562100,6.476900,1.904500
1,1,40.763276,5.749200,2.381200,5.492800,1.637000
1,1,40.768576,5.300000,2.382300,5.692000,1.616300
1,1,40.774141,5.564399,2.376600,5.456600,1.592100
1,1,40.781186,7.045399,2.092300,7.142300,1.511400
1,1,40.787393,6.206501,1.977800,5.984700,1.453100
1,1,40.794287,6.894499,2.295800,6.713800,1.463000
1,1,40.800046,5.759299,2.642200,5.894100,1.644300
1,1,40.805937,5.890101,2.369400,5.832900,1.839500
1,1,40.811238,5.301200,2.374100,5.381800,1.521600
1,1,40.817051,5.812999,2.086200,5.583400,1.695400
1,1,40.823499,6.448001,2.460900,6.343700,2.042300
1,1,40.829061,5.562499,2.422400,6.003500,1.751400
1,1,40.835476,6.414901,2.109800,6.320400,1.729400
1,1,40.841882,6.406099,2.128400,5.873200,1.678500
1,1,40.848397,6.515000,2.806200,6.683100,1.785800
1,1,40.853079,4.681800,2.568600,4.983300,2.143500
1,1,40.858168,5.088702,2.298800,5.070500,1.843600
1,1,40.865243,7.075399,2.294700,6.870700,1.515500
1,1,40.872840,7.596500,2.431100,7.646300,1.702800
1,1,40.878380,5.540602,2.396500,5.608100,1.782500
1,1,40.886262,7.881697,2.422200,8.039800,1.609800
1,1,40.891587,5.324502,2.121100,5.079000,2.120300
1,1,40.898359,6.772101,2.313200,6.991500,1.800400
1,1,40.904953,6.593898,2.053200,6.249000,1.678200
1,1,40.911617,6.664701,2.587600,6.899900,1.787000
1,1,40.918146,6.528798,2.294500,6.605800,1.831000
1,1,40.923937,5.790800,2.318400,5.668900,1.846900
1,1,40.930521,6.584000,3.098300,6.275300,1.905300
1,1,40.937784,7.263303,2.623100,7.493200,1.936800
1,1,40.943987,6.202500,2.237900,6.254500,1.777000
1,1,40.948927,4.940297,2.219700,5.061700,1.736200
1,1,40.954961,6.034002,2.143100,5.985100,1.608200
1,1,40.960575,5.614098,2.567900,5.219700,1.613200
1,1,40.967827,7.251702,2.431200,7.474600,2.175700
1,1,40.974717,6.890699,2.702300,6.591800,2.011600
1,1,40.980017,5.300000,2.635500,5.705900,1.944700
1,1,40.984891,4.873801,2.120900,4.877100,2.516500
1,1,40.990439,5.547799,2.414200,5.705000,1.545000
1,1,40.997007,6.567501,1.863300,6.118000,1.392800
1,1,41.003518,6.511897,2.340800,6.673200,1.720500
1,1,41.009308,5.789202,2.418600,5.968900,1.931600
1,1,41.016272,6.964199,2.115600,6.852800,1.747000
1,1,41.023293,7.021200,2.236500,7.054900,1.731900
1,1,41.028547,5.254500,2.193600,5.117200,2.037600
1,1,41.034670,6.122600,3.172000,6.189000,1.709200
1,1,41.041811,7.141203,2.085900,7.022700,2.080200
1,1,41.047819,6.007399,2.522200,5.867400,1.874800
1,1,41.053509,5.690601,2.633800,5.387700,1.704600
1,1,41.058610,5.100299,2.817400,5.691900,1.737600
1,1,41.066235,7.625800,2.125100,7.517300,1.488500
1,1,41.071794,5.558401,2.200700,5.583900,1.589700
1,1,41.078566,6.772198,2.167900,6.853800,1.552000
1,1,41.085732,7.165901,2.512400,6.828700,1.366400
1,1,41.091132,5.399898,2.317800,5.280500,1.632700
1,1,41.096731,5.599100,2.737800,6.029600,1.616400
1,1,41.103201,6.470103,2.084600,5.961200,1.617600
1,1,41.108852,5.650900,2.551800,5.842200,1.603700
1,1,41.114686,5.834397,2.335100,5.877600,1.885600
1,1,41.121898,7.211301,2.475700,7.347800,1.725900
1,1,41.127760,5.861901,2.262600,5.567600,1.909400
1,1,41.133601,5.841799,2.555100,5.633200,1.819700
1,1,41.138950,5.348500,2.646900,5.831800,1.620200
1,1,41.144322,5.371902,2.167100,5.263400,2.025800
1,1,41.149547,5.225100,2.344400,5.241700,2.048800
1,1,41.155314,5.766999,2.450500,5.361200,1.915900
1,1,41.162370,7.056400,2.797600,7.305300,1.777400
1,1,41.169494,7.123299,2.582800,7.173500,2.031900
1,1,41.177548,8.054901,2.590300,7.804600,2.079700
1,1,41.182479,4.930701,2.872600,5.214000,1.885800
1,1,41.188509,6.030098,2.445300,6.077500,1.977600
1,1,41.193964,5.454902,2.347500,5.366400,1.815100
1,1,41.201241,7.276401,2.365100,7.264600,1.977600
1,1,41.207582,6.341297,2.977900,6.523600,2.243500
1,1,41.215153,7.571101,2.288200,7.213400,2.031900
1,1,41.220586,5.433101,2.636200,5.627100,2.291000
1,1,41.226984,6.398298,2.117600,6.419000,1.569600
1,1,41.233652,6.667502,2.374000,6.626700,1.664200
1,1,41.239885,6.233599,2.293800,6.290300,1.581600
1,1,41.247230,7.344700,2.140000,7.340800,1.690400
1,1,41.253797,6.566498,2.193400,6.385900,1.833600
1,1,41.259916,6.119899,2.245400,6.188000,1.671800
1,1,41.267382,7.465400,2.289100,7.558500,1.610600
1,1,41.272408,5.025901,2.267200,5.194200,1.651400
1,1,41.278992,6.584201,2.142300,6.296500,1.525700
1,1,41.284529,5.537301,2.272500,5.713000,1.549900
1,1,41.290591,6.061599,2.037600,5.972900,1.571800
1,1,41.296084,5.492900,2.129800,5.289000,1.591300
1,1,41.301584,5.500302,2.365200,5.871300,1.628100
1,1,41.308874,7.290397,1.976500,7.220800,1.498700
1,1,41.314931,6.056502,1.989100,6.101500,1.460300
1,1,41.320399,5.467899,2.101700,5.305000,1.562100
1,1,41.325737,5.337998,2.477500,5.360500,1.550900
1,1,41.331291,5.553700,1.996200,5.640400,1.421300
1,1,41.337363,6.072201,1.895200,5.838200,1.532000
1,1,41.342059,4.696600,2.238200,4.847300,1.694400
1,1,41.348880,6.821100,2.559000,6.442400,1.372200
1,1,41.356576,7.695701,2.381200,7.679800,1.533300
1,1,41.363031,6.454900,2.685800,6.785300,1.689600
1,1,41.370266,7.234801,2.229400,6.972300,1.466600
1,1,41.377268,7.002499,2.250300,6.920400,1.438700
1,1,41.384276,7.007699,2.508500,7.036000,1.592600
1,1,41.389875,5.598903,2.620400,5.903700,1.857000
1,1,41.395969,6.093998,2.033300,5.637100,1.778600
1,1,41.401403,5.434401,2.648600,5.951100,1.861100
1,1,41.407867,6.463598,2.720700,6.346000,1.710700
1,1,41.414862,6.995302,2.000700,6.711100,1.625800
1,1,41.421963,7.100400,2.451100,7.118800,1.780700
1,1,41.428697,6.733801,2.383300,6.666000,1.989100
1,1,41.433372,4.675597,2.399700,4.984700,1.728000
1,1,41.439760,6.387901,2.119800,6.424300,1.421500
1,1,41.444738,4.977699,2.093300,4.977800,1.588900
1,1,41.450786,6.048501,1.960500,5.868600,1.703900
1,1,41.455640,4.854001,2.402800,4.991700,1.627800
1,1,41.463751,8.110300,2.114000,7.785700,1.901400
1,1,41.470873,7.122401,2.423500,7.319300,1.893300
1,1,41.476082,5.208898,2.427400,5.066200,2.493000
1,1,41.482937,6.854802,3.273800,6.941200,1.593300
1,1,41.488570,5.633499,2.146900,5.725400,1.663300
1,1,41.494313,5.742498,2.137100,5.689000,1.589100
1,1,41.499254,4.941400,2.177700,4.922600,1.805800
1,1,41.504863,5.608801,2.201900,5.685200,1.732200
1,1,41.510340,5.476899,2.217100,5.388900,2.716200
1,1,41.516167,5.827501,2.358400,5.614600,1.656600
1,1,41.521536,5.368900,2.448100,5.403200,1.897500
1,1,41.528893,7.356498,2.370000,7.187800,1.938800
1,1,41.534056,5.163401,2.586800,5.607200,1.601700
