Cycle,Round,ReadWallSeconds,UniqueGPUFrameMS,Disjoint
1,1,13.542917,5.040400,0
1,1,13.550102,5.074200,0
1,1,13.556498,5.534500,0
1,1,13.561348,4.974700,0
1,1,13.566796,4.731700,0
1,1,13.572091,4.917300,0
1,1,13.578772,5.099300,0
1,1,13.583515,4.890000,0
1,1,13.590617,5.872300,0
1,1,13.596981,5.552600,0
1,1,13.602328,4.816500,0
1,1,13.607057,4.772500,0
1,1,13.613682,5.315100,0
1,1,13.620267,5.596700,0
1,1,13.625560,5.602300,0
1,1,13.630222,4.774200,0
1,1,13.636266,4.820100,0
1,1,13.642006,4.808900,0
1,1,13.648552,5.190400,0
1,1,13.654883,5.568900,0
1,1,13.660990,5.688600,0
1,1,13.665774,4.909300,0
1,1,13.670945,4.774100,0
1,1,13.676863,4.994500,0
1,1,13.681668,5.106300,0
1,1,13.686983,4.691400,0
1,1,13.693637,5.660400,0
1,1,13.701683,5.432800,0
1,1,13.705661,5.072400,0
1,1,13.712366,5.707700,0
1,1,13.719003,5.035800,0
1,1,13.726213,6.190700,0
1,1,13.733111,5.398400,0
1,1,13.738315,4.881300,0
1,1,13.743759,4.788400,0
1,1,13.748791,4.782000,0
1,1,13.754604,4.778300,0
1,1,13.760724,4.926100,0
1,1,13.766771,5.650700,0
1,1,13.772330,5.351800,0
1,1,13.778051,4.777800,0
1,1,13.783008,5.095200,0
1,1,13.788232,4.837600,0
1,1,13.793695,4.843300,0
1,1,13.799616,4.699200,0
1,1,13.805968,6.160700,0
1,1,13.812720,5.101600,0
1,1,13.817095,5.068100,0
1,1,13.822299,4.862300,0
1,1,13.828158,4.831600,0
1,1,13.833687,4.859500,0
1,1,13.839835,4.805500,0
1,1,13.845685,5.508500,0
1,1,13.851444,4.837700,0
1,1,13.856468,5.082000,0
1,1,13.862139,5.170600,0
1,1,13.868342,5.149400,0
1,1,13.873795,5.301900,0
1,1,13.880761,5.679500,0
1,1,13.886988,5.743800,0
1,1,13.892769,4.984000,0
1,1,13.898277,5.301100,0
1,1,13.903740,5.039100,0
1,1,13.908620,5.064100,0
1,1,13.915272,5.011200,0
1,1,13.921270,6.237700,0
1,1,13.928221,5.755900,0
1,1,13.934006,5.005400,0
1,1,13.940458,5.374300,0
1,1,13.946268,5.276400,0
1,1,13.951250,5.083900,0
1,1,13.958660,5.731100,0
1,1,13.965126,5.680100,0
1,1,13.970727,5.117800,0
1,1,13.976571,4.899900,0
1,1,13.982283,5.212600,0
1,1,13.987823,5.045900,0
1,1,13.992746,4.976600,0
1,1,13.999583,6.212300,0
1,1,14.006168,5.747400,0
1,1,14.011514,5.063500,0
1,1,14.016686,5.099600,0
1,1,14.023488,5.097300,0
1,1,14.028185,5.048900,0
1,1,14.034977,5.480900,0
1,1,14.041821,6.331200,0
1,1,14.047725,5.162700,0
1,1,14.052997,5.013300,0
1,1,14.058270,4.933800,0
1,1,14.063437,4.958800,0
1,1,14.069206,4.963000,0
1,1,14.075303,5.821900,0
1,1,14.082110,6.259000,0
1,1,14.087282,5.034000,0
1,1,14.093447,4.890100,0
1,1,14.098148,4.950700,0
1,1,14.104190,5.014300,0
1,1,14.108923,4.953600,0
1,1,14.115847,5.512400,0
1,1,14.121796,6.180100,0
1,1,14.127406,4.921400,0
1,1,14.133956,4.858800,0
1,1,14.138317,5.201000,0
1,1,14.143932,5.059400,0
1,1,14.149701,4.839500,0
1,1,14.157758,5.803400,0
1,1,14.163151,6.411900,0
1,1,14.169019,4.885900,0
1,1,14.174718,5.031700,0
1,1,14.179617,4.976200,0
1,1,14.185020,4.946800,0
1,1,14.190286,4.981600,0
1,1,14.198404,5.935100,0
1,1,14.205056,5.716700,0
1,1,14.210015,5.058800,0
1,1,14.215564,4.869300,0
1,1,14.221039,4.890400,0
1,1,14.227257,5.163300,0
1,1,14.231846,4.975700,0
1,1,14.238701,6.116500,0
1,1,14.244357,5.614300,0
1,1,14.249812,4.862100,0
1,1,14.256321,4.901600,0
1,1,14.261069,5.242700,0
1,1,14.267007,5.009700,0
1,1,14.273489,4.839300,0
1,1,14.280148,5.774800,0
1,1,14.286510,5.600000,0
1,1,14.291099,5.026200,0
1,1,14.296696,5.046400,0
1,1,14.302945,5.064700,0
1,1,14.307904,4.979000,0
1,1,14.313892,5.336600,0
1,1,14.320727,5.650900,0
1,1,14.325771,5.096900,0
1,1,14.331797,4.860100,0
1,1,14.336598,4.937800,0
1,1,14.342248,4.703300,0
1,1,14.347294,4.895700,0
1,1,14.354070,6.038600,0
1,1,14.360055,5.694300,0
1,1,14.365162,4.830700,0
1,1,14.370956,4.834100,0
1,1,14.376518,4.965800,0
1,1,14.381377,5.195200,0
1,1,14.386954,4.948900,0
1,1,14.395181,5.894900,0
1,1,14.400036,5.045200,0
1,1,14.405944,5.049000,0
1,1,14.411171,5.100300,0
1,1,14.417258,4.863200,0
1,1,14.422417,4.937100,0
1,1,14.428202,5.484500,0
1,1,14.434503,6.199900,0
1,1,14.439940,4.769400,0
1,1,14.445499,4.788400,0
1,1,14.450604,4.762200,0
1,1,14.456360,5.154800,0
1,1,14.463004,4.858600,0
1,1,14.468686,5.595300,0
1,1,14.474237,4.889900,0
1,1,14.479797,4.837600,0
1,1,14.484878,4.981700,0
1,1,14.490237,4.905800,0
1,1,14.495884,4.795400,0
1,1,14.503169,6.065400,0
1,1,14.510240,6.046700,0
1,1,14.516181,6.203600,0
1,1,14.522117,4.885900,0
1,1,14.527148,5.109900,0
1,1,14.533397,4.810300,0
1,1,14.538654,5.230100,0
1,1,14.546103,4.927300,0
1,1,14.551200,6.220500,0
1,1,14.556344,4.833400,0
1,1,14.562767,4.792800,0
1,1,14.567901,4.946200,0
1,1,14.572669,4.860800,0
1,1,14.577645,4.804000,0
1,1,14.584971,5.520000,0
1,1,14.590630,5.111700,0
1,1,14.596664,5.102600,0
1,1,14.602718,4.869100,0
1,1,14.608301,4.924700,0
1,1,14.613754,4.910000,0
1,1,14.619722,4.971900,0
1,1,14.627683,6.057600,0
1,1,14.632120,5.160600,0
1,1,14.638149,4.974000,0
1,1,14.644245,5.024300,0
1,1,14.648895,5.133400,0
1,1,14.655325,4.891400,0
1,1,14.661458,5.536800,0
1,1,14.667086,6.044200,0
1,1,14.673184,4.748200,0
1,1,14.678089,4.929200,0
1,1,14.685515,5.600800,0
1,1,14.692955,5.467100,0
1,1,14.698917,5.542000,0
1,1,14.705049,4.920400,0
1,1,14.709833,5.043300,0
1,1,14.715169,4.754300,0
1,1,14.721015,4.770500,0
1,1,14.725653,5.019600,0
1,1,14.733398,5.323400,0
1,1,14.738938,6.643000,0
1,1,14.744390,4.993500,0
1,1,14.752268,4.967400,0
1,1,14.757650,5.715300,0
1,1,14.763408,4.894600,0
1,1,14.769626,4.997600,0
1,1,14.776338,4.900400,0
1,1,14.782017,5.596700,0
1,1,14.788059,5.650800,0
1,1,14.793782,4.790300,0
1,1,14.798666,4.812300,0
1,1,14.804473,4.794800,0
1,1,14.809612,5.057600,0
1,1,14.816402,4.804000,0
1,1,14.822461,5.639400,0
1,1,14.828506,4.829900,0
1,1,14.833655,4.734100,0
1,1,14.839517,5.074100,0
1,1,14.844778,5.384400,0
1,1,14.851820,4.783300,0
1,1,14.856957,5.627100,0
1,1,14.861861,4.785400,0
1,1,14.867406,4.722600,0
1,1,14.873307,4.778000,0
1,1,14.879998,5.022200,0
1,1,14.884663,5.788300,0
1,1,14.891323,5.613400,0
1,1,14.896422,4.945700,0
1,1,14.902188,4.849200,0
1,1,14.909287,5.928000,0
1,1,14.915585,5.579000,0
1,1,14.921402,5.393100,0
1,1,14.926277,4.761000,0
1,1,14.932847,5.377100,0
1,1,14.938068,4.689600,0
1,1,14.944874,5.054700,0
1,1,14.951113,4.966000,0
1,1,14.957842,5.488400,0
1,1,14.964041,6.270600,0
1,1,14.969371,4.938400,0
1,1,14.974508,4.887700,0
1,1,14.982183,5.954300,0
1,1,14.987544,5.449200,0
1,1,14.993111,4.785200,0
1,1,15.000040,6.318000,0
1,1,15.005358,4.798600,0
1,1,15.010983,4.699600,0
1,1,15.017751,4.950100,0
1,1,15.024040,5.582600,0
1,1,15.031397,5.450600,0
1,1,15.036902,5.521200,0
1,1,15.042272,4.880500,0
1,1,15.048227,5.406800,0
1,1,15.052804,4.744100,0
1,1,15.058590,4.734800,0
1,1,15.065271,5.646300,0
1,1,15.071060,5.462200,0
1,1,15.076371,4.907100,0
1,1,15.084947,6.337700,0
1,1,15.089685,5.425700,0
1,1,15.095337,4.911400,0
1,1,15.101566,5.491700,0
1,1,15.106584,5.575200,0
1,1,15.112805,5.326400,0
1,1,15.118629,5.080800,0
1,1,15.124424,4.963400,0
1,1,15.129889,4.859300,0
1,1,15.135563,5.431000,0
1,1,15.142834,5.753900,0
1,1,15.147418,4.922800,0
1,1,15.153221,4.789300,0
1,1,15.159283,5.766500,0
1,1,15.164917,4.971300,0
1,1,15.170640,5.011900,0
1,1,15.177385,4.739400,0
1,1,15.183513,5.548700,0
1,1,15.188252,4.963200,0
1,1,15.196307,6.039600,0
1,1,15.201370,5.326800,0
1,1,15.208366,4.903800,0
1,1,15.215734,6.099500,0
1,1,15.220658,5.753300,0
1,1,15.226082,4.685900,0
1,1,15.231188,5.113000,0
1,1,15.237639,5.452200,0
1,1,15.243584,5.346400,0
1,1,15.249830,4.722900,0
1,1,15.256458,5.708400,0
1,1,15.263960,5.043500,0
1,1,15.271077,5.688700,0
1,1,15.276795,6.093100,0
1,1,15.283399,5.045100,0
1,1,15.288602,6.168300,0
1,1,15.294403,4.715000,0
1,1,15.301103,4.956100,0
1,1,15.306285,6.192300,0
1,1,15.312052,4.892600,0
1,1,15.317022,4.729000,0
1,1,15.324996,5.583300,0
1,1,15.329800,5.593500,0
1,1,15.334726,4.757100,0
1,1,15.342484,5.594200,0
1,1,15.349269,6.046800,0
1,1,15.355594,6.463000,0
1,1,15.361198,4.997700,0
1,1,15.367942,5.339800,0
1,1,15.372639,4.845800,0
1,1,15.378598,4.675100,0
1,1,15.384826,4.966400,0
1,1,15.390573,5.576800,0
1,1,15.396169,5.556200,0
1,1,15.402533,4.846600,0
1,1,15.407697,4.833500,0
1,1,15.413974,5.088900,0
1,1,15.420095,5.693100,0
1,1,15.425608,5.374400,0
1,1,15.430807,4.841400,0
1,1,15.436582,5.107000,0
1,1,15.442090,4.732000,0
1,1,15.449414,5.079300,0
1,1,15.454488,4.955900,0
1,1,15.459739,4.858300,0
1,1,15.465776,4.931100,0
1,1,15.470417,4.824200,0
1,1,15.476407,4.736200,0
1,1,15.482918,5.138200,0
1,1,15.489441,5.440000,0
1,1,15.496858,5.447300,0
1,1,15.502646,6.135500,0
1,1,15.508862,5.043900,0
1,1,15.513863,5.192800,0
1,1,15.519117,4.960000,0
1,1,15.525045,4.876500,0
1,1,15.529857,4.756700,0
1,1,15.537088,5.308300,0
1,1,15.543121,5.616000,0
1,1,15.549557,4.811100,0
1,1,15.555563,6.250900,0
1,1,15.560950,4.758500,0
1,1,15.567813,5.018400,0
1,1,15.572233,5.510000,0
1,1,15.578111,4.757800,0
1,1,15.583033,5.005500,0
1,1,15.590110,4.827400,0
1,1,15.595970,5.605200,0
1,1,15.600810,4.796700,0
1,1,15.607946,4.825300,0
1,1,15.614747,5.333900,0
1,1,15.621572,5.580600,0
1,1,15.626388,5.216700,0
1,1,15.631390,4.961600,0
1,1,15.636898,4.706700,0
1,1,15.642988,5.024900,0
1,1,15.647913,5.132400,0
1,1,15.655799,5.286900,0
1,1,15.660500,5.589300,0
1,1,15.666932,4.851300,0
1,1,15.671641,4.827900,0
1,1,15.677345,4.754500,0
1,1,15.684687,5.739100,0
1,1,15.691850,5.545400,0
1,1,15.698980,5.173700,0
1,1,15.705368,6.210500,0
1,1,15.710024,5.540600,0
1,1,15.718113,4.722800,0
1,1,15.723670,5.510500,0
1,1,15.729227,4.884700,0
1,1,15.735178,5.185500,0
1,1,15.742287,4.815300,0
1,1,15.747536,6.260700,0
1,1,15.753358,4.699200,0
1,1,15.759327,4.915000,0
1,1,15.765380,5.300300,0
1,1,15.770379,5.008100,0
1,1,15.777020,4.790700,0
1,1,15.783455,6.182200,0
1,1,15.790407,4.990200,0
1,1,15.796987,4.958400,0
1,1,15.805157,6.151000,0
1,1,15.810487,5.665000,0
1,1,15.815714,4.892600,0
1,1,15.822713,4.657600,0
1,1,15.828218,5.507300,0
1,1,15.834017,4.787700,0
1,1,15.839513,4.880400,0
1,1,15.845465,4.973100,0
1,1,15.852245,4.834800,0
1,1,15.858549,6.273200,0
1,1,15.863892,4.857300,0
1,1,15.870090,5.130800,0
1,1,15.875094,4.926600,0
1,1,15.880958,4.900500,0
1,1,15.886076,4.966800,0
1,1,15.892815,5.597800,0
1,1,15.897777,4.922000,0
1,1,15.903931,4.818300,0
1,1,15.909021,4.869900,0
1,1,15.915644,4.898800,0
1,1,15.922780,5.011000,0
1,1,15.928963,5.569700,0
1,1,15.934934,5.763000,0
1,1,15.941414,4.902800,0
1,1,15.948355,4.984500,0
1,1,15.953586,5.164500,0
1,1,15.958983,5.013600,0
1,1,15.965814,4.962800,0
1,1,15.971516,6.339700,0
1,1,15.976901,4.938200,0
1,1,15.983495,4.955100,0
1,1,15.988276,5.255700,0
1,1,15.993689,5.043900,0
1,1,16.001688,5.791100,0
1,1,16.007414,5.776200,0
1,1,16.012403,4.937400,0
1,1,16.019110,5.639200,0
1,1,16.024973,5.114100,0
1,1,16.029594,4.952600,0
1,1,16.035386,4.816300,0
1,1,16.042133,6.232100,0
1,1,16.048289,5.476800,0
1,1,16.054792,4.856700,0
1,1,16.060091,5.348100,0
1,1,16.065898,5.401000,0
1,1,16.070676,4.813700,0
1,1,16.077494,6.055700,0
1,1,16.083586,5.517200,0
1,1,16.089227,4.851000,0
1,1,16.095324,5.315000,0
1,1,16.101721,5.106000,0
1,1,16.108844,5.050500,0
1,1,16.115857,5.767200,0
1,1,16.121401,5.116900,0
1,1,16.127938,5.072600,0
1,1,16.133560,5.062400,0
1,1,16.138660,5.073500,0
1,1,16.144856,5.064400,0
1,1,16.151628,5.726400,0
1,1,16.157726,5.494000,0
1,1,16.162540,5.014500,0
1,1,16.169864,5.846800,0
1,1,16.174851,5.015800,0
1,1,16.179944,4.886300,0
1,1,16.185346,4.997600,0
1,1,16.192085,6.035500,0
1,1,16.197864,5.714000,0
1,1,16.203240,4.976100,0
1,1,16.210007,5.230800,0
1,1,16.216917,5.755400,0
1,1,16.222908,5.187200,0
1,1,16.229247,5.095500,0
1,1,16.234181,5.164400,0
1,1,16.240355,4.834200,0
1,1,16.245841,5.192000,0
1,1,16.252207,6.047800,0
1,1,16.257794,5.658300,0
1,1,16.263031,4.887700,0
1,1,16.269838,4.963700,0
1,1,16.275149,5.348800,0
1,1,16.281065,5.019000,0
1,1,16.286463,4.974200,0
1,1,16.292368,6.007100,0
1,1,16.298791,5.658800,0
1,1,16.304244,4.846300,0
1,1,16.309858,5.108400,0
1,1,16.316042,5.104400,0
1,1,16.321332,5.015600,0
1,1,16.326532,4.914600,0
1,1,16.332636,6.025900,0
1,1,16.338769,5.443800,0
1,1,16.344360,4.809000,0
1,1,16.349597,5.409700,0
1,1,16.354858,4.803900,0
1,1,16.360959,4.763500,0
1,1,16.365808,5.107700,0
1,1,16.373188,5.473100,0
1,1,16.379143,5.717300,0
1,1,16.385464,5.064100,0
1,1,16.390007,5.416800,0
1,1,16.395668,4.802400,0
1,1,16.401361,4.773100,0
1,1,16.407698,5.557900,0
1,1,16.413961,6.336500,0
1,1,16.419499,4.944600,0
1,1,16.425116,4.746400,0
1,1,16.430459,5.140300,0
1,1,16.435446,4.897700,0
1,1,16.441419,4.681300,0
1,1,16.447244,5.620000,0
1,1,16.453711,5.244600,0
1,1,16.458816,5.483900,0
1,1,16.465047,4.814100,0
1,1,16.469658,5.070200,0
1,1,16.474977,4.730400,0
1,1,16.480064,5.060400,0
1,1,16.486899,4.713800,0
1,1,16.494187,6.839000,0
1,1,16.499042,4.972900,0
1,1,16.504758,4.901000,0
1,1,16.510132,5.361400,0
1,1,16.515963,5.060300,0
1,1,16.521688,4.973700,0
1,1,16.528949,5.579800,0
1,1,16.534443,4.896200,0
1,1,16.539520,4.868800,0
1,1,16.545005,5.120200,0
1,1,16.550893,4.750700,0
1,1,16.556910,4.996300,0
1,1,16.561380,5.114600,0
1,1,16.568165,5.523300,0
1,1,16.573781,5.533500,0
1,1,16.579629,4.802300,0
1,1,16.586733,5.418100,0
1,1,16.591133,4.910200,0
1,1,16.596501,4.895000,0
1,1,16.602196,5.443800,0
1,1,16.609719,5.983500,0
1,1,16.614610,4.997100,0
1,1,16.620870,4.808800,0
1,1,16.626364,5.169200,0
1,1,16.632468,4.804300,0
1,1,16.637858,5.255500,0
1,1,16.644869,6.190800,0
1,1,16.650663,5.572400,0
1,1,16.655544,5.108200,0
1,1,16.662723,5.851100,0
1,1,16.669063,4.687500,0
1,1,16.675481,6.636500,0
1,1,16.680326,4.803500,0
1,1,16.687332,5.286500,0
1,1,16.693346,4.921200,0
1,1,16.697742,4.871300,0
1,1,16.704281,4.729400,0
1,1,16.710291,6.203100,0
1,1,16.717005,5.623900,0
1,1,16.721338,4.955800,0
1,1,16.727541,5.567000,0
1,1,16.733799,4.825200,0
1,1,16.738348,4.974700,0
1,1,16.744756,4.962200,0
1,1,16.750995,5.484700,0
1,1,16.756507,5.431300,0
1,1,16.763208,4.795400,0
1,1,16.768047,5.537600,0
1,1,16.773211,4.771300,0
1,1,16.778935,5.079600,0
1,1,16.785620,4.878400,0
1,1,16.791181,5.567600,0
1,1,16.797808,4.815700,0
1,1,16.803443,5.086500,0
1,1,16.809243,5.563000,0
1,1,16.815871,5.096900,0
1,1,16.821628,5.575900,0
1,1,16.828419,5.445000,0
1,1,16.833841,5.084600,0
1,1,16.839374,5.014900,0
1,1,16.844720,4.913700,0
1,1,16.849554,4.847900,0
1,1,16.856246,5.193900,0
1,1,16.861888,5.397100,0
1,1,16.869104,5.555000,0
1,1,16.873697,4.846700,0
1,1,16.880094,5.491500,0
1,1,16.886546,5.007900,0
1,1,16.891987,5.106800,0
1,1,16.897193,5.436800,0
1,1,16.904478,5.267500,0
1,1,16.909525,5.052700,0
1,1,16.915561,5.226200,0
1,1,16.920306,4.797100,0
1,1,16.925630,4.818100,0
1,1,16.930988,5.069700,0
1,1,16.937936,4.837800,0
1,1,16.943478,6.348600,0
1,1,16.948819,4.871400,0
1,1,16.956320,4.820000,0
1,1,16.963247,6.502800,0
1,1,16.969511,5.660200,0
1,1,16.974461,5.026000,0
1,1,16.980302,5.047100,0
1,1,16.986312,4.937500,0
1,1,16.990972,5.161000,0
1,1,16.996187,4.896300,0
1,1,17.002839,6.292000,0
1,1,17.008744,5.430900,0
1,1,17.014063,4.868300,0
1,1,17.020333,4.911700,0
1,1,17.025182,4.947400,0
1,1,17.030411,5.042000,0
1,1,17.036395,5.000600,0
1,1,17.043758,6.282900,0
1,1,17.049273,5.754900,0
1,1,17.055599,4.866000,0
1,1,17.060537,5.101300,0
1,1,17.066428,5.107000,0
1,1,17.073566,4.877700,0
1,1,17.079126,5.677000,0
1,1,17.085204,5.055000,0
1,1,17.091304,4.942400,0
1,1,17.096035,5.216100,0
1,1,17.101121,4.984200,0
1,1,17.106696,4.883900,0
1,1,17.113291,5.625800,0
1,1,17.120429,6.110300,0
1,1,17.126012,5.069000,0
1,1,17.131091,5.191400,0
1,1,17.136737,4.901000,0
1,1,17.141811,4.934500,0
1,1,17.147933,4.836600,0
1,1,17.155008,6.381700,0
1,1,17.161347,5.656500,0
1,1,17.167161,5.109700,0
1,1,17.171804,5.092800,0
1,1,17.176859,4.772200,0
1,1,17.183651,4.817700,0
1,1,17.187907,5.138500,0
1,1,17.194227,6.009500,0
1,1,17.200606,5.750000,0
1,1,17.206269,5.007300,0
1,1,17.211462,5.029700,0
1,1,17.217003,5.025900,0
1,1,17.222137,5.003000,0
1,1,17.227982,4.977100,0
1,1,17.236107,6.330100,0
1,1,17.242534,5.735300,0
1,1,17.249395,5.498800,0
1,1,17.254500,5.217500,0
1,1,17.260260,4.946200,0
1,1,17.265197,4.774100,0
1,1,17.270474,4.858500,0
1,1,17.276684,4.887300,0
1,1,17.282157,6.026700,0
1,1,17.288259,5.635200,0
1,1,17.293606,5.012200,0
1,1,17.299315,4.949800,0
1,1,17.304580,5.058700,0
1,1,17.309972,4.984300,0
1,1,17.317625,5.603900,0
1,1,17.323187,6.396400,0
1,1,17.329305,5.513200,0
1,1,17.335240,4.859900,0
1,1,17.340436,4.993200,0
1,1,17.346003,5.044100,0
1,1,17.351674,5.042500,0
1,1,17.358439,5.770600,0
1,1,17.365021,5.451300,0
1,1,17.370303,5.021900,0
1,1,17.375785,4.796200,0
1,1,17.381426,5.292300,0
1,1,17.387224,4.949800,0
1,1,17.392354,5.063600,0
1,1,17.399501,6.270200,0
1,1,17.406650,5.465200,0
1,1,17.412252,5.640100,0
1,1,17.417685,5.009200,0
1,1,17.423359,4.953500,0
1,1,17.429398,4.881600,0
1,1,17.435009,4.941800,0
1,1,17.440534,4.957100,0
1,1,17.447259,6.218100,0
1,1,17.452948,5.713000,0
1,1,17.458196,4.759900,0
1,1,17.464981,5.325800,0
1,1,17.469688,5.191100,0
1,1,17.475788,4.855500,0
1,1,17.480768,5.203100,0
1,1,17.487667,6.174400,0
1,1,17.493064,5.507300,0
1,1,17.498333,4.818800,0
1,1,17.503770,4.793800,0
1,1,17.510088,4.892100,0
1,1,17.514998,5.314000,0
1,1,17.520958,4.863100,0
1,1,17.527754,6.302200,0
1,1,17.534910,5.518600,0
1,1,17.543122,6.253600,0
1,1,17.548098,5.161800,0
1,1,17.553847,5.100900,0
1,1,17.559257,4.928400,0
1,1,17.564452,4.897100,0
1,1,17.570310,4.728500,0
1,1,17.576885,5.744800,0
1,1,17.582694,5.443200,0
1,1,17.589141,4.884500,0
1,1,17.593391,5.027400,0
1,1,17.598519,4.890100,0
1,1,17.605560,5.008500,0
1,1,17.612588,5.609300,0
1,1,17.618777,5.557800,0
1,1,17.624689,5.725000,0
1,1,17.630823,5.148600,0
1,1,17.636116,5.101800,0
1,1,17.642034,4.878200,0
1,1,17.648140,4.984200,0
1,1,17.653690,4.940700,0
1,1,17.659518,5.636700,0
1,1,17.665599,5.502300,0
1,1,17.675759,4.908500,0
1,1,17.679521,6.429000,0
1,1,17.684990,4.952900,0
1,1,17.690075,4.763300,0
1,1,17.696485,4.980200,0
1,1,17.701333,5.138700,0
1,1,17.706891,5.022400,0
1,1,17.714750,5.701400,0
1,1,17.720033,5.639100,0
1,1,17.725502,4.950900,0
1,1,17.731484,5.402900,0
1,1,17.736477,4.805200,0
1,1,17.742573,4.831300,0
1,1,17.747367,5.143100,0
1,1,17.754882,6.048100,0
1,1,17.760331,5.469700,0
1,1,17.765787,4.954800,0
1,1,17.770693,4.917700,0
1,1,17.776165,4.899600,0
1,1,17.781243,4.879400,0
1,1,17.786933,4.826600,0
1,1,17.794573,6.229000,0
1,1,17.799486,5.786200,0
1,1,17.806025,4.922100,0
1,1,17.811115,4.948800,0
1,1,17.817084,4.888800,0
1,1,17.823898,5.059000,0
1,1,17.830149,5.404700,0
1,1,17.835344,5.239800,0
1,1,17.841334,5.049600,0
1,1,17.847125,5.073900,0
1,1,17.852220,5.282700,0
1,1,17.858010,5.096400,0
1,1,17.866692,5.653300,0
1,1,17.870734,5.701300,0
1,1,17.876335,4.992800,0
1,1,17.881687,4.966200,0
1,1,17.886934,5.023100,0
1,1,17.893312,5.085200,0
1,1,17.899884,5.766400,0
1,1,17.906750,5.510900,0
1,1,17.913542,4.998500,0
1,1,17.918874,6.275200,0
1,1,17.924212,4.987300,0
1,1,17.929665,5.371100,0
1,1,17.935315,4.904700,0
1,1,17.940408,4.894800,0
1,1,17.945549,4.870100,0
1,1,17.951570,5.432800,0
1,1,17.959102,6.210000,0
1,1,17.964308,5.204300,0
1,1,17.969529,4.982400,0
1,1,17.976539,5.709000,0
1,1,17.981504,5.307400,0
1,1,17.986683,4.964600,0
1,1,17.993646,5.407300,0
1,1,18.000300,5.616600,0
1,1,18.005277,4.880500,0
1,1,18.010766,4.944600,0
1,1,18.015876,4.905200,0
1,1,18.021265,4.918000,0
1,1,18.028758,4.925200,0
1,1,18.035271,6.538800,0
1,1,18.040512,5.525800,0
1,1,18.045785,5.260100,0
1,1,18.051297,5.034900,0
1,1,18.056802,5.020600,0
1,1,18.063080,5.164900,0
1,1,18.070497,5.859800,0
1,1,18.075407,5.786600,0
1,1,18.081114,5.080800,0
1,1,18.086727,5.170000,0
1,1,18.093036,4.924300,0
1,1,18.097835,5.260900,0
1,1,18.105220,5.507700,0
1,1,18.111229,5.580200,0
1,1,18.117263,4.915600,0
1,1,18.123363,6.130900,0
1,1,18.128981,5.510000,0
1,1,18.134347,4.821800,0
1,1,18.139914,4.832200,0
1,1,18.145101,4.958300,0
1,1,18.150343,4.940500,0
1,1,18.156117,4.989500,0
1,1,18.163555,6.089300,0
1,1,18.168407,5.073100,0
1,1,18.175172,5.069600,0
1,1,18.181087,5.504300,0
1,1,18.187304,5.684300,0
1,1,18.193082,5.033600,0
1,1,18.198513,4.969200,0
1,1,18.204561,4.852700,0
1,1,18.209482,5.109900,0
1,1,18.214934,4.873100,0
1,1,18.221801,6.278900,0
1,1,18.229673,5.544800,0
1,1,18.234677,6.499000,0
1,1,18.240461,5.005600,0
1,1,18.245860,5.062800,0
1,1,18.251992,5.005000,0
1,1,18.257630,5.062300,0
1,1,18.262826,5.167000,0
1,1,18.271249,6.228300,0
1,1,18.277183,5.824100,0
1,1,18.284265,5.736200,0
1,1,18.289031,4.914600,0
1,1,18.294854,5.210100,0
1,1,18.299622,4.895300,0
1,1,18.305734,4.865100,0
1,1,18.311384,5.308000,0
1,1,18.318880,6.201600,0
1,1,18.323909,4.941500,0
1,1,18.329254,4.915400,0
1,1,18.334537,4.867800,0
1,1,18.339743,4.871000,0
1,1,18.345813,4.842800,0
1,1,18.351041,5.115700,0
1,1,18.358886,5.812100,0
1,1,18.364330,5.668300,0
1,1,18.371610,5.780600,0
1,1,18.377336,5.546800,0
1,1,18.382030,4.907200,0
1,1,18.387761,4.881400,0
1,1,18.392797,4.866700,0
1,1,18.398285,4.935400,0
1,1,18.403556,4.945800,0
1,1,18.409975,6.048100,0
1,1,18.416365,5.751900,0
1,1,18.422370,5.772000,0
1,1,18.427302,4.980300,0
1,1,18.432797,4.974300,0
1,1,18.438147,4.776100,0
1,1,18.445103,4.880400,0
1,1,18.450825,6.285300,0
1,1,18.456698,5.559000,0
1,1,18.462671,4.839800,0
1,1,18.467813,5.218500,0
1,1,18.473474,4.891300,0
1,1,18.478690,4.935800,0
1,1,18.486392,4.884900,0
1,1,18.491491,6.337400,0
1,1,18.496712,4.936000,0
1,1,18.502350,4.938800,0
1,1,18.507448,4.979700,0
1,1,18.513305,5.039900,0
1,1,18.519699,5.065700,0
1,1,18.526921,6.536400,0
1,1,18.531941,5.009200,0
1,1,18.537836,4.897700,0
1,1,18.543498,5.132600,0
1,1,18.548549,5.098900,0
1,1,18.554605,4.915100,0
1,1,18.560900,5.537100,0
1,1,18.567299,5.903400,0
1,1,18.572513,5.311600,0
1,1,18.577784,4.808700,0
1,1,18.583921,4.934000,0
1,1,18.589472,4.992200,0
1,1,18.594871,4.865400,0
1,1,18.602276,5.593600,0
1,1,18.609141,5.568200,0
1,1,18.616159,5.033100,0
1,1,18.620936,4.842200,0
1,1,18.626684,4.894300,0
1,1,18.631589,4.835900,0
1,1,18.637422,4.780900,0
1,1,18.642735,4.994900,0
1,1,18.649003,5.361800,0
1,1,18.656353,5.098600,0
1,1,18.661283,4.998600,0
1,1,18.666312,4.945400,0
1,1,18.673327,5.459500,0
1,1,18.678182,5.086600,0
1,1,18.683116,4.902700,0
1,1,18.689320,5.452600,0
1,1,18.696201,5.526400,0
1,1,18.701381,4.981700,0
1,1,18.706774,4.867100,0
1,1,18.712301,4.876400,0
1,1,18.717051,4.854300,0
1,1,18.722099,4.787000,0
1,1,18.728530,4.798700,0
1,1,18.734589,6.310300,0
1,1,18.740814,4.801500,0
1,1,18.746969,5.122300,0
1,1,18.752868,5.813900,0
1,1,18.758589,5.086900,0
1,1,18.764113,5.179100,0
1,1,18.770913,5.407900,0
1,1,18.776988,5.445600,0
1,1,18.781750,5.139200,0
1,1,18.787071,4.839100,0
1,1,18.792447,4.770500,0
1,1,18.798292,4.847400,0
1,1,18.803533,5.070400,0
1,1,18.810958,5.444100,0
1,1,18.817105,6.164200,0
1,1,18.822110,5.084500,0
1,1,18.828703,4.792000,0
1,1,18.834543,5.713700,0
1,1,18.840950,5.616500,0
1,1,18.845870,4.814000,0
1,1,18.851025,4.884800,0
1,1,18.856292,4.857200,0
1,1,18.862583,4.838600,0
1,1,18.867902,5.102300,0
1,1,18.874729,6.198500,0
1,1,18.880259,5.456600,0
1,1,18.886358,5.084400,0
1,1,18.891358,5.278700,0
1,1,18.897252,4.776300,0
1,1,18.902795,5.135600,0
1,1,18.909993,4.788200,0
1,1,18.915456,6.146900,0
1,1,18.922933,4.843700,0
1,1,18.930454,6.892700,0
1,1,18.935257,4.854500,0
1,1,18.940390,4.804700,0
1,1,18.946810,5.463200,0
1,1,18.951670,5.100300,0
1,1,18.957929,4.771000,0
1,1,18.964107,5.604300,0
1,1,18.970541,5.524800,0
1,1,18.975988,4.914700,0
1,1,18.981887,4.819500,0
1,1,18.988681,5.895700,0
1,1,18.993871,5.205300,0
1,1,18.999116,4.907800,0
1,1,19.006430,5.640800,0
1,1,19.012115,6.290000,0
1,1,19.017687,5.009700,0
1,1,19.025778,6.163000,0
1,1,19.030916,5.207600,0
1,1,19.036268,4.915500,0
1,1,19.042714,4.723300,0
1,1,19.049707,6.078700,0
1,1,19.054990,4.845400,0
1,1,19.061025,4.767700,0
1,1,19.067479,5.670700,0
1,1,19.072081,5.180000,0
1,1,19.077471,4.727500,0
1,1,19.083981,5.336400,0
1,1,19.090618,5.765600,0
1,1,19.096770,4.866000,0
1,1,19.102346,5.734100,0
1,1,19.108315,5.019100,0
1,1,19.113573,4.828800,0
1,1,19.120205,5.532500,0
1,1,19.126468,5.657400,0
1,1,19.132479,4.720300,0
1,1,19.139620,5.883100,0
1,1,19.144691,5.060600,0
1,1,19.149281,4.949500,0
1,1,19.155032,4.817200,0
1,1,19.162015,5.483800,0
1,1,19.167211,4.938000,0
1,1,19.172604,5.042900,0
1,1,19.179361,5.666600,0
1,1,19.184910,4.846800,0
1,1,19.189952,5.136100,0
1,1,19.197210,5.408800,0
1,1,19.202467,5.499900,0
1,1,19.207604,4.866100,0
1,1,19.214515,5.732100,0
1,1,19.220479,4.950100,0
1,1,19.227932,5.040700,0
1,1,19.234667,6.562500,0
1,1,19.240137,5.373600,0
1,1,19.246387,4.990000,0
1,1,19.252140,5.478600,0
1,1,19.257925,5.239300,0
1,1,19.262869,4.805200,0
1,1,19.269242,5.342400,0
1,1,19.274093,4.948100,0
1,1,19.279788,4.816700,0
1,1,19.285279,5.516500,0
1,1,19.292404,6.062800,0
1,1,19.298866,4.932700,0
1,1,19.304524,5.257800,0
1,1,19.311089,5.290000,0
1,1,19.316611,5.047000,0
1,1,19.322380,4.878100,0
1,1,19.328834,5.164000,0
1,1,19.333586,5.342800,0
1,1,19.338976,4.985600,0
1,1,19.345134,5.513500,0
1,1,19.351694,5.646200,0
1,1,19.357588,5.507900,0
1,1,19.363184,4.923100,0
1,1,19.369925,5.510300,0
1,1,19.375495,5.097900,0
1,1,19.381665,4.930200,0
1,1,19.386895,5.801600,0
1,1,19.393029,6.046100,0
1,1,19.398656,4.756100,0
1,1,19.403644,4.729300,0
1,1,19.409336,5.012500,0
1,1,19.414884,4.808700,0
1,1,19.422067,4.723000,0
1,1,19.427487,6.219100,0
1,1,19.432667,4.848900,0
1,1,19.438499,4.780400,0
1,1,19.443521,5.181500,0
1,1,19.448932,4.924900,0
1,1,19.454890,4.987300,0
1,1,19.461988,5.900300,0
1,1,19.467386,6.232700,0
1,1,19.473892,4.720300,0
1,1,19.479507,4.951600,0
1,1,19.484359,4.819800,0
1,1,19.489154,4.746400,0
1,1,19.495218,4.754800,0
1,1,19.502784,6.266200,0
1,1,19.508874,5.677400,0
1,1,19.513500,5.026600,0
1,1,19.521647,4.796700,0
1,1,19.528324,5.572700,0
1,1,19.534708,5.579100,0
1,1,19.539748,4.885300,0
1,1,19.544952,4.785200,0
1,1,19.550432,4.832800,0
1,1,19.555373,4.982000,0
1,1,19.560975,4.790500,0
1,1,19.567698,5.009600,0
1,1,19.572801,6.235400,0
1,1,19.578887,5.485400,0
1,1,19.584079,4.849800,0
1,1,19.590978,4.716700,0
1,1,19.597616,5.018200,0
1,1,19.602730,5.133200,0
1,1,19.607897,4.848800,0
1,1,19.614139,4.783200,0
1,1,19.618289,5.012800,0
1,1,19.624032,4.890100,0
1,1,19.631128,6.229100,0
1,1,19.638199,5.690200,0
1,1,19.644346,5.036200,0
1,1,19.650763,5.500600,0
1,1,19.655615,4.900000,0
1,1,19.661566,5.458600,0
1,1,19.668240,4.974300,0
1,1,19.673233,5.004300,0
1,1,19.678006,4.867000,0
1,1,19.685213,5.330900,0
1,1,19.691894,5.513500,0
1,1,19.697277,4.927100,0
1,1,19.702269,4.903500,0
1,1,19.707613,4.871700,0
1,1,19.712822,4.810600,0
1,1,19.718321,4.881800,0
1,1,19.725745,5.911600,0
1,1,19.730349,4.996800,0
1,1,19.737258,5.022600,0
1,1,19.742842,5.879300,0
1,1,19.747710,4.862000,0
1,1,19.753815,4.794200,0
1,1,19.759378,5.793900,0
1,1,19.767356,6.197200,0
1,1,19.771829,4.960500,0
1,1,19.777859,4.761600,0
1,1,19.784205,4.975000,0
1,1,19.788682,5.149100,0
1,1,19.793911,4.862000,0
1,1,19.801402,5.516500,0
1,1,19.806638,5.571300,0
1,1,19.811861,4.882200,0
1,1,19.818066,4.761500,0
1,1,19.823061,4.981700,0
1,1,19.828368,4.871800,0
1,1,19.833186,4.866900,0
1,1,19.840909,5.535100,0
1,1,19.847518,6.293200,0
1,1,19.851889,5.120000,0
1,1,19.858460,4.780700,0
1,1,19.864181,5.167300,0
1,1,19.871426,5.144900,0
1,1,19.877231,5.574100,0
1,1,19.882966,4.977700,0
1,1,19.889109,5.912100,0
1,1,19.895590,4.756900,0
1,1,19.901047,4.985500,0
1,1,19.906804,5.229700,0
1,1,19.912737,5.340300,0
1,1,19.919719,5.282900,0
1,1,19.925400,6.142100,0
1,1,19.929950,4.871300,0
1,1,19.936556,5.693600,0
1,1,19.941622,4.830100,0
1,1,19.946929,4.969800,0
1,1,19.952571,4.903000,0
1,1,19.958584,5.452600,0
1,1,19.965776,5.394800,0
1,1,19.970449,4.884800,0
1,1,19.977718,5.779100,0
1,1,19.983622,5.098800,0
1,1,19.988241,5.005200,0
1,1,19.993709,4.931400,0
1,1,20.000319,6.064500,0
1,1,20.007098,5.796600,0
1,1,20.011592,4.969300,0
1,1,20.017930,5.268800,0
1,1,20.023669,5.001400,0
1,1,20.028616,4.794600,0
1,1,20.035492,4.797700,0
1,1,20.040485,6.138700,0
1,1,20.046955,5.533700,0
1,1,20.051872,4.918100,0
1,1,20.058624,5.014700,0
1,1,20.065323,4.737600,0
1,1,20.071150,6.207700,0
1,1,20.076004,4.894400,0
1,1,20.081506,4.835500,0
1,1,20.086305,4.768100,0
1,1,20.092920,4.836800,0
1,1,20.097472,5.092900,0
1,1,20.104031,4.734500,0
1,1,20.109805,5.658500,0
1,1,20.115355,4.895300,0
1,1,20.121867,4.846800,0
1,1,20.128404,5.374700,0
1,1,20.134105,6.124300,0
1,1,20.139732,4.806200,0
1,1,20.146999,5.107000,0
1,1,20.153788,5.739600,0
1,1,20.158443,5.537200,0
1,1,20.163827,4.934100,0
1,1,20.169462,4.878600,0
1,1,20.175269,4.777600,0
1,1,20.180003,4.977700,0
1,1,20.188209,5.733700,0
1,1,20.193384,5.628600,0
1,1,20.199655,4.827100,0
1,1,20.205964,5.857400,0
1,1,20.210948,5.078900,0
1,1,20.216289,4.821900,0
1,1,20.223522,5.563000,0
1,1,20.229502,5.639000,0
1,1,20.235859,5.039700,0
1,1,20.240701,5.227300,0
1,1,20.247345,4.885400,0
1,1,20.252581,5.042600,0
1,1,20.259609,5.770300,0
1,1,20.265226,5.633000,0
1,1,20.271538,5.173700,0
1,1,20.277056,5.472700,0
1,1,20.282116,4.888300,0
1,1,20.287540,4.966700,0
1,1,20.292936,4.959500,0
1,1,20.300778,6.486300,0
1,1,20.306274,5.727700,0
1,1,20.312132,4.877100,0
1,1,20.318050,5.240900,0
1,1,20.323705,4.996100,0
1,1,20.330466,4.872900,0
1,1,20.337069,5.993200,0
1,1,20.342783,4.997200,0
1,1,20.347940,4.916500,0
1,1,20.354373,5.375400,0
1,1,20.359451,5.017500,0
1,1,20.364740,4.963200,0
1,1,20.370827,5.674900,0
1,1,20.377205,6.187000,0
1,1,20.383026,4.857100,0
1,1,20.390347,4.972200,0
1,1,20.395495,5.377000,0
1,1,20.401395,4.940400,0
1,1,20.406785,5.022200,0
1,1,20.413806,6.173000,0
1,1,20.419529,5.616900,0
1,1,20.426885,5.127400,0
1,1,20.432492,5.429200,0
1,1,20.439016,4.792900,0
1,1,20.444354,5.191900,0
1,1,20.448740,4.908300,0
1,1,20.455661,4.803500,0
1,1,20.463539,6.249700,0
1,1,20.468419,5.006100,0
1,1,20.474402,4.994700,0
1,1,20.479908,5.647400,0
1,1,20.485410,4.956500,0
1,1,20.490539,4.866800,0
1,1,20.496675,5.414300,0
1,1,20.503425,5.354100,0
1,1,20.510203,5.720300,0
1,1,20.515851,5.782800,0
1,1,20.521940,5.147100,0
1,1,20.527717,5.510400,0
1,1,20.533856,4.861600,0
1,1,20.538445,5.101900,0
1,1,20.544999,4.836500,0
1,1,20.551177,6.137100,0
1,1,20.557364,5.593000,0
1,1,20.562799,4.807000,0
1,1,20.568056,5.203200,0
1,1,20.573094,4.885700,0
1,1,20.578187,4.866400,0
1,1,20.584450,4.815000,0
1,1,20.591246,5.795300,0
1,1,20.596671,5.701300,0
1,1,20.601817,5.016300,0
1,1,20.608449,5.646900,0
1,1,20.614427,4.887100,0
1,1,20.619277,4.953500,0
1,1,20.625708,4.899500,0
1,1,20.632575,6.060200,0
1,1,20.638011,5.601400,0
1,1,20.643621,4.990100,0
1,1,20.649183,5.199100,0
1,1,20.654745,4.734000,0
1,1,20.660624,5.017900,0
1,1,20.666881,4.968800,0
1,1,20.673002,6.507200,0
1,1,20.678192,5.484400,0
1,1,20.683716,4.881400,0
1,1,20.689309,5.408200,0
1,1,20.695018,4.939700,0
1,1,20.700459,4.865800,0
1,1,20.705271,4.885700,0
1,1,20.712599,6.198800,0
1,1,20.717925,5.397500,0
1,1,20.724981,5.091400,0
1,1,20.731180,5.241200,0
1,1,20.735700,4.967800,0
1,1,20.741877,5.600500,0
1,1,20.748832,5.542700,0
1,1,20.753617,4.881300,0
1,1,20.758789,4.945400,0
1,1,20.764656,5.347100,0
1,1,20.770148,4.955400,0
1,1,20.776267,4.845000,0
1,1,20.781319,5.662500,0
1,1,20.788327,6.298500,0
1,1,20.794011,5.026100,0
1,1,20.798909,4.947800,0
1,1,20.806063,5.507800,0
1,1,20.812313,4.921200,0
1,1,20.818282,6.342800,0
1,1,20.823684,4.976800,0
1,1,20.828758,4.755000,0
1,1,20.834851,4.887300,0
1,1,20.841164,5.081600,0
1,1,20.846244,5.272000,0
1,1,20.853381,6.186400,0
1,1,20.860002,5.633500,0
1,1,20.865294,5.098100,0
1,1,20.871376,5.542800,0
1,1,20.877378,5.187200,0
1,1,20.883324,5.073700,0
1,1,20.888849,5.710100,0
1,1,20.896918,6.288500,0
1,1,20.902908,5.348900,0
1,1,20.909256,5.856500,0
1,1,20.916335,5.989600,0
1,1,20.921480,5.208200,0
1,1,20.926819,4.993000,0
1,1,20.933284,4.959600,0
1,1,20.937871,5.091700,0
1,1,20.945633,5.457100,0
1,1,20.951849,5.740200,0
1,1,20.956803,5.162400,0
1,1,20.964840,6.366000,0
1,1,20.969476,4.989600,0
1,1,20.974893,5.045100,0
1,1,20.982092,5.133500,0
1,1,20.988206,6.285300,0
1,1,20.994339,5.004000,0
1,1,20.999097,4.969900,0
1,1,21.006180,5.285800,0
1,1,21.010903,5.318400,0
1,1,21.016446,5.084700,0
1,1,21.022642,5.662200,0
1,1,21.029822,6.387600,0
1,1,21.035395,5.276100,0
1,1,21.040838,5.017400,0
1,1,21.047244,5.436500,0
1,1,21.052837,5.255400,0
1,1,21.057947,4.919300,0
1,1,21.065605,6.332000,0
1,1,21.071826,5.800900,0
1,1,21.077868,4.918000,0
1,1,21.082894,5.480200,0
1,1,21.088592,5.048100,0
1,1,21.093732,4.962700,0
1,1,21.100504,4.923800,0
1,1,21.107597,4.952100,0
1,1,21.113091,5.814400,0
1,1,21.118865,5.116300,0
1,1,21.124831,4.980600,0
1,1,21.130794,4.937500,0
1,1,21.136683,5.798300,0
1,1,21.142709,6.239200,0
1,1,21.148531,4.984600,0
1,1,21.154924,5.105700,0
1,1,21.160919,5.600100,0
1,1,21.166848,5.194900,0
1,1,21.173003,5.041400,0
1,1,21.180080,6.520300,0
1,1,21.185909,5.582100,0
1,1,21.191502,5.124000,0
1,1,21.197482,5.513000,0
1,1,21.202703,5.079700,0
1,1,21.208292,4.992100,0
1,1,21.214330,5.625800,0
1,1,21.220081,5.607500,0
1,1,21.227150,5.594800,0
1,1,21.232539,5.043700,0
1,1,21.238551,5.499600,0
1,1,21.243743,4.972000,0
1,1,21.249833,4.853900,0
1,1,21.256934,5.498600,0
1,1,21.262681,5.603600,0
1,1,21.267483,5.027200,0
1,1,21.274927,5.668200,0
1,1,21.279469,5.247500,0
1,1,21.285924,5.126200,0
1,1,21.292740,5.488000,0
1,1,21.298471,5.491400,0
1,1,21.304018,4.860000,0
1,1,21.309418,5.202600,0
1,1,21.314417,4.881100,0
1,1,21.320015,4.902400,0
1,1,21.327036,4.831900,0
1,1,21.332611,5.727000,0
1,1,21.339088,5.653500,0
1,1,21.344035,4.990200,0
1,1,21.350562,5.613900,0
1,1,21.355789,5.328300,0
1,1,21.363208,4.870600,0
1,1,21.368255,6.378300,0
1,1,21.374853,4.923600,0
1,1,21.379510,4.912800,0
1,1,21.385763,4.854600,0
1,1,21.390617,5.043900,0
1,1,21.396765,4.847900,0
1,1,21.403981,6.271700,0
1,1,21.409847,4.976900,0
1,1,21.415391,4.923400,0
1,1,21.421397,5.652600,0
1,1,21.428918,5.127700,0
1,1,21.434880,5.279600,0
1,1,21.439997,5.039200,0
1,1,21.446285,5.342100,0
1,1,21.451728,4.796700,0
1,1,21.457306,4.881300,0
1,1,21.463443,4.962700,0
1,1,21.468964,5.474600,0
1,1,21.475098,5.668000,0
1,1,21.480591,4.902200,0
1,1,21.487025,5.068800,0
1,1,21.491509,5.269900,0
1,1,21.497294,4.826100,0
1,1,21.503201,5.346700,0
1,1,21.510215,5.606400,0
1,1,21.515972,5.553300,0
1,1,21.521601,5.102300,0
1,1,21.527777,5.535400,0
1,1,21.533590,5.062900,0
1,1,21.538873,4.963600,0
1,1,21.544713,5.926000,0
1,1,21.552048,6.244500,0
1,1,21.557107,4.953600,0
1,1,21.564042,5.293200,0
1,1,21.569071,5.209400,0
1,1,21.574333,4.750600,0
1,1,21.581324,5.055400,0
1,1,21.587483,6.332100,0
1,1,21.593728,5.460700,0
1,1,21.598592,5.222500,0
1,1,21.604854,5.131400,0
1,1,21.609772,5.144500,0
1,1,21.615366,4.840700,0
1,1,21.620502,4.866200,0
1,1,21.628468,6.239000,0
1,1,21.634047,5.593900,0
1,1,21.639321,4.995800,0
1,1,21.645622,5.212600,0
1,1,21.650322,4.925200,0
1,1,21.655763,4.976800,0
1,1,21.661308,4.938800,0
1,1,21.668507,5.464700,0
1,1,21.674866,5.760000,0
1,1,21.679412,4.904800,0
1,1,21.685693,5.405000,0
1,1,21.690764,4.922100,0
1,1,21.696299,4.863300,0
1,1,21.704183,4.917200,0
1,1,21.709975,5.636600,0
1,1,21.715119,5.004900,0
1,1,21.722483,5.962100,0
1,1,21.728108,5.351900,0
1,1,21.733781,5.071500,0
1,1,21.739840,5.299300,0
1,1,21.747017,5.478100,0
1,1,21.751774,5.619700,0
1,1,21.758463,4.862600,0
1,1,21.765128,5.815400,0
1,1,21.770736,5.493100,0
1,1,21.776492,5.023800,0
1,1,21.781568,4.971900,0
1,1,21.786852,4.924900,0
1,1,21.791933,4.971900,0
1,1,21.797608,4.924700,0
1,1,21.804211,6.169600,0
1,1,21.810247,5.587200,0
1,1,21.816362,4.818400,0
1,1,21.822662,5.201700,0
1,1,21.827566,4.986900,0
1,1,21.832611,4.766800,0
1,1,21.839327,5.070900,0
1,1,21.845768,5.543600,0
1,1,21.851787,5.473000,0
1,1,21.858431,5.762500,0
1,1,21.864237,5.784000,0
1,1,21.869908,4.897000,0
1,1,21.876929,4.904500,0
1,1,21.882423,5.567600,0
1,1,21.887255,4.831300,0
1,1,21.895052,4.956200,0
1,1,21.899647,5.653000,0
1,1,21.905851,5.105300,0
1,1,21.910888,4.838800,0
1,1,21.917642,5.945300,0
1,1,21.923637,5.526300,0
1,1,21.931047,5.521100,0
1,1,21.937440,5.764100,0
1,1,21.942861,5.161100,0
1,1,21.948366,4.928500,0
1,1,21.954025,4.935000,0
1,1,21.960691,5.585900,0
1,1,21.967967,6.146100,0
1,1,21.972175,4.882900,0
1,1,21.978673,4.833400,0
1,1,21.983360,5.198700,0
1,1,21.988470,4.978700,0
1,1,21.994989,4.823000,0
1,1,22.002085,5.677100,0
1,1,22.007417,5.589800,0
1,1,22.013602,4.951500,0
1,1,22.020551,5.907900,0
1,1,22.027353,5.618300,0
1,1,22.032977,5.648800,0
1,1,22.039379,5.482200,0
1,1,22.045622,4.830000,0
1,1,22.051304,5.801200,0
1,1,22.057963,5.492900,0
1,1,22.062468,4.872600,0
1,1,22.068497,4.850000,0
1,1,22.074337,5.014300,0
1,1,22.079627,5.019300,0
1,1,22.085812,4.971300,0
1,1,22.092850,5.525000,0
1,1,22.098780,5.137900,0
1,1,22.104592,4.868300,0
1,1,22.109168,5.201500,0
1,1,22.114862,4.828000,0
1,1,22.120253,5.077600,0
1,1,22.127104,5.694700,0
1,1,22.133050,6.406500,0
1,1,22.138563,4.797100,0
1,1,22.143683,4.760400,0
1,1,22.150696,5.082200,0
1,1,22.155146,5.171900,0
1,1,22.160361,4.883000,0
1,1,22.166429,5.447300,0
1,1,22.173087,5.329600,0
1,1,22.180502,5.110300,0
1,1,22.186034,6.328000,0
1,1,22.191671,4.991700,0
1,1,22.196549,5.027600,0
1,1,22.203221,5.123300,0
1,1,22.207897,5.122000,0
1,1,22.214560,4.896300,0
1,1,22.222062,5.622900,0
1,1,22.226943,5.079400,0
1,1,22.232886,5.026900,0
1,1,22.238681,5.071800,0
1,1,22.243895,5.267900,0
1,1,22.249831,4.792800,0
1,1,22.256235,5.459600,0
1,1,22.262908,6.395000,0
1,1,22.267950,4.830800,0
1,1,22.274376,5.112700,0
1,1,22.278884,5.109800,0
1,1,22.285237,4.822100,0
1,1,22.290004,5.076600,0
1,1,22.295901,5.429000,0
1,1,22.303289,5.404600,0
1,1,22.308080,5.845700,0
1,1,22.313431,4.988200,0
1,1,22.318962,4.783300,0
1,1,22.324949,5.024100,0
1,1,22.330251,4.892300,0
1,1,22.337313,5.860800,0
1,1,22.344875,5.775300,0
1,1,22.349243,4.970700,0
1,1,22.354406,4.914000,0
1,1,22.359982,4.866300,0
1,1,22.365475,4.892100,0
1,1,22.370699,4.902700,0
1,1,22.376800,5.511600,0
1,1,22.383213,5.456500,0
1,1,22.391645,6.167400,0
1,1,22.396652,5.004400,0
1,1,22.401889,5.102600,0
1,1,22.408497,4.841700,0
1,1,22.413306,5.164900,0
1,1,22.418543,4.896800,0
1,1,22.425670,5.429000,0
1,1,22.432239,6.425600,0
1,1,22.437932,4.998300,0
1,1,22.443079,4.957500,0
1,1,22.448382,4.932100,0
1,1,22.453675,4.870900,0
1,1,22.459706,4.907200,0
1,1,22.465726,5.688800,0
1,1,22.471572,6.250000,0
1,1,22.477801,4.973400,0
1,1,22.483779,5.025600,0
1,1,22.488421,4.936000,0
1,1,22.493885,4.858800,0
1,1,22.499592,4.803500,0
1,1,22.505534,5.755500,0
1,1,22.511801,6.026900,0
1,1,22.517595,4.803200,0
1,1,22.523432,5.001300,0
1,1,22.528466,5.015500,0
1,1,22.535143,4.832500,0
1,1,22.541091,6.156500,0
1,1,22.546042,4.815300,0
1,1,22.552477,4.842700,0
1,1,22.557457,5.571700,0
1,1,22.563214,4.899700,0
1,1,22.568502,4.898100,0
1,1,22.574505,5.532100,0
1,1,22.580644,5.974400,0
1,1,22.586973,4.778100,0
1,1,22.592434,5.607800,0
1,1,22.598864,5.405600,0
1,1,22.603807,4.711800,0
1,1,22.609219,4.771300,0
1,1,22.615264,4.933400,0
1,1,22.619939,5.062000,0
1,1,22.626425,4.819200,0
1,1,22.632557,6.175700,0
1,1,22.638579,5.310000,0
1,1,22.643463,4.889100,0
1,1,22.648704,4.835200,0
1,1,22.655872,4.735900,0
1,1,22.662926,6.033200,0
1,1,22.666997,4.914200,0
1,1,22.673715,5.512600,0
1,1,22.679807,5.053200,0
1,1,22.684757,5.108600,0
1,1,22.690503,4.894700,0
1,1,22.696639,5.951300,0
1,1,22.703044,5.323300,0
1,1,22.707659,4.923200,0
1,1,22.714280,5.750800,0
1,1,22.720361,5.059900,0
1,1,22.725437,4.971900,0
1,1,22.732596,5.346800,0
1,1,22.738528,6.136400,0
1,1,22.743695,5.773000,0
1,1,22.750180,4.779200,0
1,1,22.754936,4.941100,0
1,1,22.760192,4.888000,0
1,1,22.765791,4.825400,0
1,1,22.772691,4.811500,0
1,1,22.778227,5.550100,0
1,1,22.783091,4.785500,0
1,1,22.789558,4.723300,0
1,1,22.795520,5.626600,0
1,1,22.801103,4.913000,0
1,1,22.806157,4.818900,0
1,1,22.811710,4.791700,0
1,1,22.817538,5.071100,0
1,1,22.822646,4.990000,0
1,1,22.828850,5.368900,0
1,1,22.835638,6.054600,0
1,1,22.841175,4.986400,0
1,1,22.847025,5.009800,0
1,1,22.851724,5.063100,0
1,1,22.859404,4.721400,0
1,1,22.864717,5.520000,0
1,1,22.869566,4.968300,0
1,1,22.875486,4.922100,0
1,1,22.881002,5.055200,0
1,1,22.886771,4.853800,0
1,1,22.892580,5.076700,0
1,1,22.899192,5.984600,0
1,1,22.906085,5.716300,0
1,1,22.911878,5.094300,0
1,1,22.918664,5.731600,0
1,1,22.923290,5.050400,0
1,1,22.928438,4.911100,0
1,1,22.935210,4.857400,0
1,1,22.941620,5.615900,0
1,1,22.947646,5.598300,0
1,1,22.952867,4.997200,0
1,1,22.960576,6.059900,0
1,1,22.965455,5.392900,0
1,1,22.971648,4.917200,0
1,1,22.977106,5.826300,0
1,1,22.984239,5.434200,0
1,1,22.990055,5.064300,0
1,1,22.998189,6.353500,0
1,1,23.004089,5.844300,0
1,1,23.008884,4.929300,0
1,1,23.015462,4.921800,0
1,1,23.022570,5.024500,0
1,1,23.027330,5.731000,0
1,1,23.033558,4.960900,0
1,1,23.039732,5.563600,0
1,1,23.045432,5.189500,0
1,1,23.050267,4.992300,0
1,1,23.056163,5.559000,0
1,1,23.063333,6.128700,0
1,1,23.068451,4.864600,0
1,1,23.074562,5.016600,0
1,1,23.082509,5.897800,0
1,1,23.089499,5.632500,0
1,1,23.096293,5.261500,0
1,1,23.102517,5.652700,0
1,1,23.107776,4.902600,0
1,1,23.114264,5.444900,0
1,1,23.119776,4.993200,0
1,1,23.125136,5.117600,0
1,1,23.131763,4.773500,0
1,1,23.138239,5.524000,0
1,1,23.142945,4.957800,0
1,1,23.150656,6.019500,0
1,1,23.155852,5.265700,0
1,1,23.161460,4.803800,0
1,1,23.168412,5.164300,0
1,1,23.175780,5.051300,0
1,1,23.180640,6.045900,0
1,1,23.187159,5.000100,0
1,1,23.192395,5.183300,0
1,1,23.199366,5.597700,0
1,1,23.204808,5.551800,0
1,1,23.210502,4.938000,0
1,1,23.218779,5.505100,0
1,1,23.224265,5.986800,0
1,1,23.229608,5.086200,0
1,1,23.236402,4.897500,0
1,1,23.243395,6.579600,0
1,1,23.247964,5.051800,0
1,1,23.253160,4.864900,0
1,1,23.259711,5.404600,0
1,1,23.265539,5.195100,0
1,1,23.270709,4.930000,0
1,1,23.277398,5.405800,0
1,1,23.284216,6.175900,0
1,1,23.289111,4.986800,0
1,1,23.294949,4.906800,0
1,1,23.301743,5.490100,0
1,1,23.306662,5.210000,0
1,1,23.312028,4.831300,0
1,1,23.318130,5.784700,0
1,1,23.324738,6.041200,0
1,1,23.330701,4.855200,0
1,1,23.335847,5.103700,0
1,1,23.341911,5.046500,0
1,1,23.347598,5.721900,0
1,1,23.355696,5.646000,0
1,1,23.361413,5.379700,0
1,1,23.366806,4.976900,0
1,1,23.373230,5.216100,0
1,1,23.377909,5.033500,0
1,1,23.383652,4.900900,0
1,1,23.390428,5.625500,0
1,1,23.396787,5.544800,0
1,1,23.402770,4.820300,0
1,1,23.408702,5.470600,0
1,1,23.414001,5.190800,0
1,1,23.419109,4.910200,0
1,1,23.424437,4.896100,0
1,1,23.430858,5.997300,0
1,1,23.436654,5.554700,0
1,1,23.442636,4.872200,0
1,1,23.447874,5.161200,0
1,1,23.453245,4.977300,0
1,1,23.458374,5.025300,0
1,1,23.465318,4.916500,0
1,1,23.471645,6.330000,0
1,1,23.478218,5.905100,0
1,1,23.483246,5.056400,0
1,1,23.488772,5.011300,0
1,1,23.494516,5.142800,0
1,1,23.500181,5.114900,0
1,1,23.506247,5.571700,0
1,1,23.512552,5.620600,0
1,1,23.518192,5.490600,0
1,1,23.523771,4.970700,0
1,1,23.528392,4.985500,0
1,1,23.533931,4.975800,0
1,1,23.539302,4.918500,0
1,1,23.544528,4.949100,0
1,1,23.551722,6.090700,0
1,1,23.557289,5.417100,0
1,1,23.564936,5.115400,0
1,1,23.571179,6.214500,0
1,1,23.576887,5.120300,0
1,1,23.582371,5.275200,0
1,1,23.589038,4.934400,0
1,1,23.593338,5.157600,0
1,1,23.598806,4.899300,0
1,1,23.605400,5.931700,0
1,1,23.611751,5.469700,0
1,1,23.616760,5.229500,0
1,1,23.621950,5.014400,0
1,1,23.627513,4.940300,0
1,1,23.632786,4.997500,0
1,1,23.638213,4.959900,0
1,1,23.645454,5.698900,0
1,1,23.651778,5.676000,0
1,1,23.657202,5.158200,0
1,1,23.663847,5.533900,0
1,1,23.669576,5.126200,0
1,1,23.675201,5.245700,0
1,1,23.682517,4.933900,0
1,1,23.687868,6.405700,0
1,1,23.695040,4.819200,0
1,1,23.700119,5.556500,0
1,1,23.706183,5.444100,0
1,1,23.711116,4.859400,0
1,1,23.717457,5.387400,0
1,1,23.722466,5.023600,0
1,1,23.727771,4.746400,0
1,1,23.734775,5.454600,0
1,1,23.740868,6.600400,0
1,1,23.746876,4.783000,0
1,1,23.753773,4.904700,0
1,1,23.758991,6.182500,0
1,1,23.764519,4.810100,0
1,1,23.770485,4.794400,0
1,1,23.775257,4.996300,0
1,1,23.781213,4.795300,0
1,1,23.787818,5.163900,0
1,1,23.793658,5.597600,0
1,1,23.798932,4.971800,0
1,1,23.805034,4.936500,0
1,1,23.809418,4.878900,0
1,1,23.814879,4.827100,0
1,1,23.821028,4.764200,0
1,1,23.826344,5.799600,0
1,1,23.833138,6.091300,0
1,1,23.838976,4.866400,0
1,1,23.844802,5.119600,0
1,1,23.850275,5.227800,0
1,1,23.856013,4.961600,0
1,1,23.861365,5.138600,0
1,1,23.868425,5.423500,0
1,1,23.874951,6.195600,0
1,1,23.881831,5.704200,0
1,1,23.888754,5.447900,0
1,1,23.894149,5.519000,0
1,1,23.899680,4.884100,0
1,1,23.906582,5.264100,0
1,1,23.911512,5.681300,0
1,1,23.917116,4.827900,0
1,1,23.923288,5.045100,0
1,1,23.930629,5.704500,0
1,1,23.936878,5.154600,0
1,1,23.943096,5.030200,0
1,1,23.947408,5.102800,0
1,1,23.954255,5.383100,0
1,1,23.961385,6.569300,0
1,1,23.965577,4.798500,0
1,1,23.972481,4.783200,0
1,1,23.978352,5.668600,0
1,1,23.983618,4.803200,0
1,1,23.990073,4.784300,0
1,1,23.994608,5.190900,0
1,1,24.000489,4.938600,0
1,1,24.006482,5.033500,0
1,1,24.014502,6.134600,0
1,1,24.021183,4.963500,0
1,1,24.027457,4.992300,0
1,1,24.033552,5.845800,0
1,1,24.039544,5.478200,0
1,1,24.045408,5.067500,0
1,1,24.050630,5.111300,0
1,1,24.055759,4.829600,0
1,1,24.061336,4.768800,0
1,1,24.066683,5.138300,0
1,1,24.073823,5.506900,0
1,1,24.080234,6.384300,0
1,1,24.085265,4.981600,0
1,1,24.090234,4.869000,0
1,1,24.096384,4.849300,0
1,1,24.100598,4.889500,0
1,1,24.108187,4.855500,0
1,1,24.114365,6.506600,0
1,1,24.119266,5.077500,0
1,1,24.126761,4.856100,0
1,1,24.132658,5.631400,0
1,1,24.138062,4.964100,0
1,1,24.143648,4.806500,0
1,1,24.149569,5.005700,0
1,1,24.155620,5.053900,0
1,1,24.160860,4.958100,0
1,1,24.167939,5.517600,0
1,1,24.173530,4.917200,0
1,1,24.179440,4.787100,0
1,1,24.186730,4.888000,0
1,1,24.190928,5.664200,0
1,1,24.196365,4.953600,0
1,1,24.202087,4.917600,0
1,1,24.207403,4.868600,0
1,1,24.212462,4.900300,0
1,1,24.219130,5.434200,0
1,1,24.225907,5.091300,0
1,1,24.231093,5.687100,0
1,1,24.236506,4.996800,0
1,1,24.242287,5.101800,0
1,1,24.247848,5.076700,0
1,1,24.254175,4.946200,0
1,1,24.259895,5.894600,0
1,1,24.267335,6.185600,0
1,1,24.271817,5.117900,0
1,1,24.277999,4.786500,0
1,1,24.283161,5.028500,0
1,1,24.288882,4.840300,0
1,1,24.294092,5.124200,0
1,1,24.299721,5.393800,0
1,1,24.306831,6.442600,0
1,1,24.312676,4.815700,0
1,1,24.318121,5.028600,0
1,1,24.324155,5.139900,0
1,1,24.328856,4.902100,0
1,1,24.334109,4.864500,0
1,1,24.341607,5.426200,0
1,1,24.347922,6.258800,0
1,1,24.354451,5.519800,0
1,1,24.360665,6.543100,0
1,1,24.365773,4.968600,0
1,1,24.372025,4.790400,0
1,1,24.377132,5.046200,0
1,1,24.383541,4.818500,0
1,1,24.387860,4.996800,0
1,1,24.394476,5.580300,0
1,1,24.400407,6.179800,0
1,1,24.406958,5.001700,0
1,1,24.412584,4.946600,0
1,1,24.417849,4.983900,0
1,1,24.423075,4.909700,0
1,1,24.428354,4.834100,0
1,1,24.435603,5.873500,0
1,1,24.440811,5.389500,0
1,1,24.446946,4.864400,0
1,1,24.451887,5.201700,0
1,1,24.457234,4.979500,0
1,1,24.462792,5.031600,0
1,1,24.468166,5.026500,0
1,1,24.474836,5.589400,0
1,1,24.481898,6.077100,0
1,1,24.488914,5.919100,0
1,1,24.494513,5.514900,0
1,1,24.500951,5.764700,0
1,1,24.506747,5.619500,0
1,1,24.512295,4.967500,0
1,1,24.517861,4.992900,0
1,1,24.524168,5.025400,0
1,1,24.531609,5.646600,0
1,1,24.536895,5.565200,0
1,1,24.541752,5.017900,0
1,1,24.548971,4.914800,0
1,1,24.553909,5.684200,0
1,1,24.560145,5.530500,0
1,1,24.566354,4.964700,0
1,1,24.570883,5.146500,0
1,1,24.576783,4.836500,0
1,1,24.582598,4.820400,0
1,1,24.588020,5.002200,0
1,1,24.595870,5.659700,0
1,1,24.600698,5.636100,0
1,1,24.608458,4.884400,0
1,1,24.613438,5.650800,0
1,1,24.620760,4.999500,0
1,1,24.627106,5.700200,0
1,1,24.632038,4.870400,0
1,1,24.637523,4.756400,0
1,1,24.642701,5.078300,0
1,1,24.648642,4.819700,0
1,1,24.654423,4.947300,0
1,1,24.661265,6.224200,0
1,1,24.668363,6.091000,0
1,1,24.673629,5.564700,0
1,1,24.678741,4.876700,0
1,1,24.686152,4.823700,0
1,1,24.691688,5.611900,0
1,1,24.697037,4.943400,0
1,1,24.702684,4.929400,0
1,1,24.708356,5.109000,0
1,1,24.715135,5.032700,0
1,1,24.719821,5.381300,0
1,1,24.727144,5.135500,0
1,1,24.734207,6.040500,0
1,1,24.739240,5.221600,0
1,1,24.746804,5.770900,0
1,1,24.752322,5.511600,0
1,1,24.757661,5.352400,0
1,1,24.765188,5.955900,0
1,1,24.773294,6.538400,0
1,1,24.780317,6.317900,0
1,1,24.786023,5.820400,0
1,1,24.793839,5.772900,0
1,1,24.799535,5.863800,0
1,1,24.805145,5.221300,0
1,1,24.810646,4.923500,0
1,1,24.815801,4.948500,0
1,1,24.821361,4.912800,0
1,1,24.827665,5.723000,0
1,1,24.834439,5.979200,0
1,1,24.840159,5.892000,0
1,1,24.846678,5.238000,0
1,1,24.851926,5.228000,0
1,1,24.857517,5.271200,0
1,1,24.863995,5.155700,0
1,1,24.870531,6.486300,0
1,1,24.876544,5.212100,0
1,1,24.882914,5.141400,0
1,1,24.889520,5.491000,0
1,1,24.894381,5.432500,0
1,1,24.902574,5.122100,0
1,1,24.908715,6.588900,0
1,1,24.914257,5.334900,0
1,1,24.919925,5.128200,0
1,1,24.927850,5.263300,0
1,1,24.933479,5.623600,0
1,1,24.939576,5.141700,0
1,1,24.945920,6.128500,0
1,1,24.951717,4.934700,0
1,1,24.957476,5.023600,0
1,1,24.965271,5.122200,0
1,1,24.970586,5.776300,0
1,1,24.976316,5.154100,0
1,1,24.983090,5.799800,0
1,1,24.989848,5.779100,0
1,1,24.996279,5.724600,0
1,1,25.001718,5.235900,0
1,1,25.006524,4.878700,0
1,1,25.012841,4.899900,0
1,1,25.017885,5.093000,0
1,1,25.023235,4.955600,0
1,1,25.031046,5.034300,0
1,1,25.036547,5.773200,0
1,1,25.042869,5.141600,0
1,1,25.048374,5.665400,0
1,1,25.053335,5.017300,0
1,1,25.058915,4.975300,0
1,1,25.065166,5.618200,0
1,1,25.072216,6.562100,0
1,1,25.077815,5.066700,0
1,1,25.083560,5.206200,0
1,1,25.089424,5.419900,0
1,1,25.094581,5.107100,0
1,1,25.100952,5.214500,0
1,1,25.107408,5.988000,0
1,1,25.114808,6.367700,0
1,1,25.120139,5.175500,0
1,1,25.125902,5.408200,0
1,1,25.131427,4.893900,0
1,1,25.136450,4.932400,0
1,1,25.141823,4.875500,0
1,1,25.149398,5.504700,0
1,1,25.154736,6.332600,0
1,1,25.159825,4.909700,0
1,1,25.167114,5.035100,0
1,1,25.171931,5.512100,0
1,1,25.178440,4.932100,0
1,1,25.183245,4.897800,0
1,1,25.190722,6.075900,0
1,1,25.196253,5.612300,0
1,1,25.201454,4.898600,0
1,1,25.207326,5.169200,0
1,1,25.212337,4.824900,0
1,1,25.217309,4.868800,0
1,1,25.224981,4.792000,0
1,1,25.232045,6.083200,0
1,1,25.236601,4.963300,0
1,1,25.241950,5.011700,0
1,1,25.248213,5.595800,0
1,1,25.254925,5.089400,0
1,1,25.262488,5.265800,0
1,1,25.267706,5.003500,0
1,1,25.273775,5.186900,0
1,1,25.280233,4.935100,0
1,1,25.286038,5.779600,0
1,1,25.293039,4.844700,0
1,1,25.297685,4.940300,0
1,1,25.303952,5.551100,0
1,1,25.309734,4.936300,0
1,1,25.316287,5.084100,0
1,1,25.321205,5.580100,0
1,1,25.327790,6.115400,0
1,1,25.333743,5.037400,0
1,1,25.341086,5.138800,0
1,1,25.346662,5.559700,0
1,1,25.351759,5.006900,0
1,1,25.358459,5.569500,0
1,1,25.363965,4.933700,0
1,1,25.369667,4.846000,0
1,1,25.374869,4.985300,0
1,1,25.381229,5.973000,0
1,1,25.387486,5.449500,0
1,1,25.392968,4.897200,0
1,1,25.398480,5.191500,0
1,1,25.403493,4.871100,0
1,1,25.408841,4.927500,0
1,1,25.414529,4.892000,0
1,1,25.421412,6.297000,0
1,1,25.427787,5.646200,0
1,1,25.433891,5.212700,0
1,1,25.439513,5.371800,0
1,1,25.445743,5.167200,0
1,1,25.452737,5.036400,0
1,1,25.457894,5.075900,0
1,1,25.464277,5.174700,0
1,1,25.470227,5.442200,0
1,1,25.475358,5.048000,0
1,1,25.480357,4.917400,0
1,1,25.486852,5.489800,0
1,1,25.494500,6.053500,0
1,1,25.502065,6.183800,0
1,1,25.507079,5.728800,0
1,1,25.512440,4.982900,0
1,1,25.518588,5.435800,0
1,1,25.524546,5.009500,0
1,1,25.529273,4.883300,0
1,1,25.536051,5.739800,0
1,1,25.542523,6.184600,0
1,1,25.547360,4.784600,0
1,1,25.553136,4.774900,0
1,1,25.559064,5.225200,0
1,1,25.564720,4.812300,0
1,1,25.569335,5.158300,0
1,1,25.574645,5.023900,0
1,1,25.582259,4.842200,0
1,1,25.587814,4.951100,0
1,1,25.592897,5.010200,0
1,1,25.599344,5.295700,0
1,1,25.605016,5.076400,0
1,1,25.610009,4.973800,0
1,1,25.616120,5.739500,0
1,1,25.622245,5.927900,0
1,1,25.629147,4.750800,0
1,1,25.634769,5.665400,0
1,1,25.639653,4.888700,0
1,1,25.645843,4.845600,0
1,1,25.650743,4.736900,0
1,1,25.657958,6.520000,0
1,1,25.664301,4.934800,0
1,1,25.669364,5.102400,0
1,1,25.676642,6.066100,0
1,1,25.681558,4.830200,0
1,1,25.687710,4.760800,0
1,1,25.694108,5.623300,0
1,1,25.700356,5.670100,0
1,1,25.706852,4.771200,0
1,1,25.711255,4.901100,0
1,1,25.716397,4.816700,0
1,1,25.723555,5.369700,0
1,1,25.729786,5.826500,0
1,1,25.735302,5.252800,0
1,1,25.741888,5.950600,0
1,1,25.747764,5.285900,0
1,1,25.753085,5.129100,0
1,1,25.759918,5.246100,0
1,1,25.765984,6.430900,0
1,1,25.771668,5.489900,0
1,1,25.777113,4.785300,0
1,1,25.784156,5.453500,0
1,1,25.788840,5.088000,0
1,1,25.795100,5.180200,0
1,1,25.800872,5.963900,0
1,1,25.808338,6.411800,0
1,1,25.814006,5.265100,0
1,1,25.819337,5.128000,0
1,1,25.825982,5.434200,0
1,1,25.831299,5.276700,0
1,1,25.836617,5.074400,0
1,1,25.844053,5.550700,0
1,1,25.850124,6.378000,0
1,1,25.855492,5.160300,0
1,1,25.862784,5.787400,0
1,1,25.867482,5.257400,0
1,1,25.874058,5.206600,0
1,1,25.880953,5.706800,0
1,1,25.887504,5.787600,0
1,1,25.892744,5.277100,0
1,1,25.898973,5.375500,0
1,1,25.904499,5.147700,0
1,1,25.910801,5.275600,0
1,1,25.917409,5.215500,0
1,1,25.923714,5.716000,0
1,1,25.930138,5.802000,0
1,1,25.935754,5.021000,0
1,1,25.941698,5.012100,0
1,1,25.948589,6.003200,0
1,1,25.955048,6.527300,0
1,1,25.960791,4.945100,0
1,1,25.968315,5.173900,0
1,1,25.973000,5.582600,0
1,1,25.979469,4.994000,0
1,1,25.985023,5.159500,0
1,1,25.991867,6.207500,0
1,1,25.997403,5.676300,0
1,1,26.003737,4.918600,0
1,1,26.008919,5.506200,0
1,1,26.014363,5.105800,0
1,1,26.020335,4.960000,0
1,1,26.026982,5.114700,0
1,1,26.033494,6.527700,0
1,1,26.039642,4.955400,0
1,1,26.045562,5.205300,0
1,1,26.050422,4.926400,0
1,1,26.055659,4.982800,0
1,1,26.061584,4.891600,0
1,1,26.067637,5.609600,0
1,1,26.073172,5.448900,0
1,1,26.079442,5.642000,0
1,1,26.085970,5.160800,0
1,1,26.091940,5.804700,0
1,1,26.098018,5.464300,0
1,1,26.103946,5.324700,0
1,1,26.111295,5.979000,0
1,1,26.117078,5.713200,0
1,1,26.123864,4.959500,0
1,1,26.128479,5.285800,0
1,1,26.134991,5.000300,0
1,1,26.141043,5.824900,0
1,1,26.147412,5.548900,0
1,1,26.152162,4.888100,0
1,1,26.158399,4.871600,0
1,1,26.165129,5.652900,0
1,1,26.170833,5.068900,0
1,1,26.176274,5.162500,0
1,1,26.182440,5.600400,0
1,1,26.189371,6.201800,0
1,1,26.194403,4.912500,0
1,1,26.200294,4.803400,0
1,1,26.206085,5.349700,0
1,1,26.211069,5.104200,0
1,1,26.216469,4.849500,0
1,1,26.223753,4.788200,0
1,1,26.229123,5.103100,0
1,1,26.235055,4.786000,0
1,1,26.241126,5.112800,0
1,1,26.246832,5.124800,0
1,1,26.252569,4.924700,0
1,1,26.259184,5.666500,0
1,1,26.265612,6.202400,0
1,1,26.270402,4.993300,0
1,1,26.276882,4.948600,0
1,1,26.282304,4.967300,0
1,1,26.289144,5.098000,0
1,1,26.295998,5.476200,0
1,1,26.300470,4.947400,0
1,1,26.306393,5.201000,0
1,1,26.311625,4.940900,0
1,1,26.317037,4.917100,0
1,1,26.322778,4.904200,0
1,1,26.329860,6.052800,0
1,1,26.335420,5.636900,0
1,1,26.341047,4.847500,0
1,1,26.346186,5.431500,0
1,1,26.352634,4.744500,0
1,1,26.357740,5.247100,0
1,1,26.363992,5.053100,0
1,1,26.370159,6.348700,0
1,1,26.375906,5.581800,0
1,1,26.381344,4.891700,0
1,1,26.387440,5.234900,0
1,1,26.392008,4.987000,0
1,1,26.397203,4.836400,0
1,1,26.403328,4.832000,0
1,1,26.410310,5.808700,0
1,1,26.416712,5.881400,0
1,1,26.423733,5.158800,0
1,1,26.428169,5.500700,0
1,1,26.433580,5.021000,0
1,1,26.439637,5.016600,0
1,1,26.446205,5.033500,0
1,1,26.451843,6.269700,0
1,1,26.458329,5.593800,0
1,1,26.465417,5.027800,0
1,1,26.471609,4.885800,0
1,1,26.476408,5.792800,0
1,1,26.482762,4.753200,0
1,1,26.488912,5.885000,0
1,1,26.495527,6.464400,0
1,1,26.500236,4.892700,0
1,1,26.505599,4.909800,0
1,1,26.511435,4.812900,0
1,1,26.517507,4.995200,0
1,1,26.523841,5.045100,0
1,1,26.529308,5.538300,0
1,1,26.535325,5.471800,0
1,1,26.540528,4.919500,0
1,1,26.547269,5.208200,0
1,1,26.552128,5.066200,0
1,1,26.558423,4.828300,0
1,1,26.563725,5.697700,0
1,1,26.571304,5.391300,0
1,1,26.576399,5.018400,0
1,1,26.581513,4.934100,0
1,1,26.588178,5.527600,0
1,1,26.595394,4.936400,0
1,1,26.601957,5.741700,0
1,1,26.608735,5.340200,0
1,1,26.614614,6.404300,0
1,1,26.620485,5.045600,0
1,1,26.625983,5.104000,0
1,1,26.632296,4.879200,0
1,1,26.637058,5.044800,0
1,1,26.642452,4.982500,0
1,1,26.649241,5.579100,0
1,1,26.655256,5.663100,0
1,1,26.660727,5.059200,0
1,1,26.668774,6.356700,0
1,1,26.674030,5.168700,0
1,1,26.679381,5.201800,0
1,1,26.686025,4.881800,0
1,1,26.692820,5.610900,0
1,1,26.698263,5.574200,0
1,1,26.704078,4.834500,0
1,1,26.710472,5.275600,0
1,1,26.715241,5.171900,0
1,1,26.721440,4.916400,0
1,1,26.726891,5.579900,0
1,1,26.733156,5.573900,0
1,1,26.738130,4.917700,0
1,1,26.744514,4.902200,0
1,1,26.750790,6.003800,0
1,1,26.756557,5.197200,0
1,1,26.761674,5.297000,0
1,1,26.768462,5.737100,0
1,1,26.775115,6.202300,0
1,1,26.780715,4.890100,0
1,1,26.787011,5.076400,0
1,1,26.793695,5.372600,0
1,1,26.799551,5.782500,0
1,1,26.806004,5.371900,0
1,1,26.810941,4.734400,0
1,1,26.817441,5.589200,0
1,1,26.822640,5.111000,0
1,1,26.828322,4.896800,0
1,1,26.834631,5.255700,0
1,1,26.843364,6.331800,0
1,1,26.847653,4.971500,0
1,1,26.853149,5.007900,0
1,1,26.859513,5.605300,0
1,1,26.866035,5.343000,0
1,1,26.871129,5.337200,0
1,1,26.877415,5.710200,0
1,1,26.885205,5.986800,0
1,1,26.890047,5.017000,0
1,1,26.896217,4.967900,0
1,1,26.902001,5.482000,0
1,1,26.908153,5.010700,0
1,1,26.913949,5.005900,0
1,1,26.921226,6.183100,0
1,1,26.926235,5.614400,0
1,1,26.933605,4.881500,0
1,1,26.938890,5.388500,0
1,1,26.943897,4.940100,0
1,1,26.949630,4.924100,0
1,1,26.956606,5.621500,0
1,1,26.962804,5.566100,0
1,1,26.968127,4.862800,0
1,1,26.976885,6.192000,0
1,1,26.982108,5.502700,0
1,1,26.987246,4.931700,0
1,1,26.994897,5.448100,0
1,1,27.000612,5.225100,0
1,1,27.006131,5.221200,0
1,1,27.013766,6.068400,0
1,1,27.018781,5.171800,0
1,1,27.024801,4.863100,0
1,1,27.030196,5.512400,0
1,1,27.039288,5.583000,0
1,1,27.044878,5.064100,0
1,1,27.049968,5.780400,0
1,1,27.056925,4.964500,0
1,1,27.063482,5.624400,0
1,1,27.068277,4.909200,0
1,1,27.073488,4.903200,0
1,1,27.079750,5.451000,0
1,1,27.086783,5.082400,0
1,1,27.093093,5.878000,0
1,1,27.098003,5.075000,0
1,1,27.104944,5.060500,0
1,1,27.109438,5.168100,0
1,1,27.114971,4.813700,0
1,1,27.121863,4.835200,0
1,1,27.127014,6.423400,0
1,1,27.133081,5.576600,0
1,1,27.138907,5.082200,0
1,1,27.145619,5.028400,0
1,1,27.150968,5.349800,0
1,1,27.157076,5.106700,0
1,1,27.163430,5.919100,0
1,1,27.170386,6.154400,0
1,1,27.175267,5.118000,0
1,1,27.181662,4.944400,0
1,1,27.187295,5.307200,0
1,1,27.191938,4.950400,0
1,1,27.197630,4.859000,0
1,1,27.203768,5.493100,0
1,1,27.210380,6.327200,0
1,1,27.216223,4.934800,0
1,1,27.221566,5.256100,0
1,1,27.228454,5.685900,0
1,1,27.233297,5.147800,0
1,1,27.239441,5.116400,0
1,1,27.246468,5.059100,0
1,1,27.251727,6.919300,0
1,1,27.258380,4.823200,0
1,1,27.263745,5.017000,0
1,1,27.269460,4.931900,0
1,1,27.274906,5.039400,0
1,1,27.281847,5.694700,0
1,1,27.287897,5.849900,0
1,1,27.293524,5.011700,0
1,1,27.298892,5.031700,0
1,1,27.305463,5.629300,0
1,1,27.310433,5.250400,0
1,1,27.315565,4.803400,0
1,1,27.322294,5.425600,0
1,1,27.330205,6.704300,0
1,1,27.335519,5.611300,0
1,1,27.340393,4.861100,0
1,1,27.346758,4.937800,0
1,1,27.354151,5.522800,0
1,1,27.358816,5.664700,0
1,1,27.364821,5.056400,0
1,1,27.371885,5.464000,0
1,1,27.378419,6.677000,0
1,1,27.385146,5.591900,0
1,1,27.390913,5.115300,0
1,1,27.396878,5.498500,0
1,1,27.404194,5.018200,0
1,1,27.409171,5.655400,0
1,1,27.415246,4.985000,0
1,1,27.420588,5.129200,0
1,1,27.428202,4.814500,0
1,1,27.433398,5.641700,0
1,1,27.438657,4.844100,0
1,1,27.445108,5.016200,0
1,1,27.449964,4.919700,0
1,1,27.455565,4.828500,0
1,1,27.461098,5.112900,0
1,1,27.467857,6.498700,0
1,1,27.475064,4.877000,0
1,1,27.479764,5.260600,0
1,1,27.486030,4.948400,0
1,1,27.491768,5.143400,0
1,1,27.496857,5.227300,0
1,1,27.503616,5.056200,0
1,1,27.509433,6.085900,0
1,1,27.516925,5.699900,0
1,1,27.523421,5.576500,0
1,1,27.528296,4.919600,0
1,1,27.533598,4.957600,0
1,1,27.539341,4.911900,0
1,1,27.544609,5.038000,0
1,1,27.550322,5.060000,0
1,1,27.557495,6.304300,0
1,1,27.563841,5.152300,0
1,1,27.568997,5.234600,0
1,1,27.575127,5.187000,0
1,1,27.582483,5.197800,0
1,1,27.587765,5.574400,0
1,1,27.593352,4.900100,0
1,1,27.599929,4.906200,0
1,1,27.605055,5.174600,0
1,1,27.609995,5.086000,0
1,1,27.616186,4.893400,0
1,1,27.622203,6.353300,0
1,1,27.627905,5.529200,0
1,1,27.633280,4.905300,0
1,1,27.638906,4.882900,0
1,1,27.644294,4.917200,0
1,1,27.649753,4.879500,0
1,1,27.654920,4.921400,0
1,1,27.662111,5.537700,0
1,1,27.667803,6.423100,0
1,1,27.673643,5.031600,0
1,1,27.680893,6.227600,0
1,1,27.685918,5.159800,0
1,1,27.692448,4.956100,0
1,1,27.697212,5.061200,0
1,1,27.705572,6.267100,0
1,1,27.711067,5.172400,0
1,1,27.716228,4.964500,0
1,1,27.722676,5.675000,0
1,1,27.728315,5.165800,0
1,1,27.733403,5.076800,0
1,1,27.740388,5.498400,0
1,1,27.747275,6.550700,0
1,1,27.752295,4.979700,0
1,1,27.758129,4.891600,0
1,1,27.763485,5.116500,0
1,1,27.769102,4.885000,0
1,1,27.775008,4.896300,0
1,1,27.780213,5.731000,0
1,1,27.786780,6.271600,0
1,1,27.792284,5.060700,0
1,1,27.798896,5.073300,0
1,1,27.804156,5.297200,0
1,1,27.810992,5.554000,0
1,1,27.817555,6.501000,0
1,1,27.823268,5.128400,0
1,1,27.828551,5.132100,0
1,1,27.833557,4.941700,0
1,1,27.839794,4.878200,0
1,1,27.846487,5.177100,0
1,1,27.852202,5.100400,0
1,1,27.858812,5.204100,0
1,1,27.863961,5.295100,0
1,1,27.870628,5.034200,0
1,1,27.875247,5.001200,0
1,1,27.881301,5.865000,0
1,1,27.888645,6.136700,0
1,1,27.894785,5.120700,0
1,1,27.901772,5.287500,0
1,1,27.907715,5.620900,0
1,1,27.913661,5.027900,0
1,1,27.919135,5.719500,0
1,1,27.924794,5.018800,0
1,1,27.932220,5.104300,0
1,1,27.938026,6.519900,0
1,1,27.943278,4.832300,0
1,1,27.950126,5.875900,0
1,1,27.956000,5.063900,0
1,1,27.960878,5.095800,0
1,1,27.966274,4.863100,0
1,1,27.974243,6.061100,0
1,1,27.979536,4.956900,0
1,1,27.985488,4.974200,0
1,1,27.990430,5.021500,0
1,1,27.995876,4.965800,0
1,1,28.001775,5.054100,0
1,1,28.008761,5.487000,0
1,1,28.015930,6.251800,0
1,1,28.022212,5.560200,0
1,1,28.028024,5.621300,0
1,1,28.033322,5.237700,0
1,1,28.038524,5.013200,0
1,1,28.044992,4.929900,0
1,1,28.049827,5.176900,0
1,1,28.055837,5.534700,0
1,1,28.062642,6.178300,0
1,1,28.067695,4.919900,0
1,1,28.073056,4.976400,0
1,1,28.078445,4.941200,0
1,1,28.083825,5.025600,0
1,1,28.089832,5.040100,0
1,1,28.095194,5.637700,0
1,1,28.102611,5.705200,0
1,1,28.107807,5.669700,0
1,1,28.113362,4.926300,0
1,1,28.118893,4.988100,0
1,1,28.124405,5.079500,0
1,1,28.131525,5.067900,0
1,1,28.138862,4.886000,0
1,1,28.145803,6.151900,0
1,1,28.151800,5.661700,0
1,1,28.157849,4.977500,0
1,1,28.163595,5.662700,0
1,1,28.170409,5.812100,0
1,1,28.175850,4.808000,0
1,1,28.181041,5.236700,0
1,1,28.188235,4.961700,0
1,1,28.194424,5.677500,0
1,1,28.201995,5.614100,0
1,1,28.207786,5.717800,0
1,1,28.213329,5.119400,0
1,1,28.219095,4.988900,0
1,1,28.226298,5.169700,0
1,1,28.231369,6.322200,0
1,1,28.237426,4.847800,0
1,1,28.243567,4.912800,0
1,1,28.248355,5.169200,0
1,1,28.253942,5.046100,0
1,1,28.260650,5.025300,0
1,1,28.267167,6.630300,0
1,1,28.275096,5.622900,0
1,1,28.280854,5.698700,0
1,1,28.286669,5.106300,0
1,1,28.291956,4.982700,0
1,1,28.297455,4.921600,0
1,1,28.302808,4.982700,0
1,1,28.308068,4.922600,0
1,1,28.314420,5.562600,0
1,1,28.320291,5.469200,0
1,1,28.326372,5.031200,0
1,1,28.332439,4.986600,0
1,1,28.337266,5.236700,0
1,1,28.342999,5.061500,0
1,1,28.349306,5.149500,0
1,1,28.356717,5.638600,0
1,1,28.362451,5.347100,0
1,1,28.368456,5.122600,0
1,1,28.373471,4.996200,0
1,1,28.378745,5.017200,0
1,1,28.384301,5.012700,0
1,1,28.390529,5.477900,0
1,1,28.398284,6.212400,0
1,1,28.402837,5.159300,0
1,1,28.407959,4.902600,0
1,1,28.413638,4.936500,0
1,1,28.418705,4.891900,0
1,1,28.425125,4.861100,0
1,1,28.431208,5.693400,0
1,1,28.438022,6.296600,0
1,1,28.443728,4.869800,0
1,1,28.448816,5.217700,0
1,1,28.454169,5.029000,0
1,1,28.459491,4.941800,0
1,1,28.465941,5.032000,0
1,1,28.473424,6.291800,0
1,1,28.478893,4.992000,0
1,1,28.484600,5.114200,0
1,1,28.490512,5.254000,0
1,1,28.495937,5.119900,0
1,1,28.501247,5.044200,0
1,1,28.508366,5.601300,0
1,1,28.515109,6.124700,0
1,1,28.522826,5.754800,0
1,1,28.529357,5.616300,0
1,1,28.535430,5.751500,0
1,1,28.540946,5.083300,0
1,1,28.547099,5.166300,0
1,1,28.552586,5.150400,0
1,1,28.559144,5.534000,0
1,1,28.565966,5.551400,0
1,1,28.571362,4.954800,0
1,1,28.576591,5.046300,0
1,1,28.581783,5.002700,0
1,1,28.587137,4.942800,0
1,1,28.594235,4.975800,0
1,1,28.600260,5.661000,0
1,1,28.606551,5.630300,0
1,1,28.611498,5.148800,0
1,1,28.617973,4.982500,0
1,1,28.623030,5.228600,0
1,1,28.628820,5.136100,0
1,1,28.636523,5.764000,0
1,1,28.642647,6.733600,0
1,1,28.648337,5.153200,0
1,1,28.654438,4.939300,0
1,1,28.659415,5.296300,0
1,1,28.665101,5.020800,0
1,1,28.670172,5.075200,0
1,1,28.677846,5.706800,0
1,1,28.684166,5.057200,0
1,1,28.689122,5.254300,0
1,1,28.695871,5.378900,0
1,1,28.701295,4.956900,0
1,1,28.706261,4.919900,0
1,1,28.713361,4.785500,0
1,1,28.719818,4.939800,0
1,1,28.724969,5.668400,0
1,1,28.730477,4.875300,0
1,1,28.736153,5.715100,0
1,1,28.741503,4.950700,0
1,1,28.748987,4.827500,0
1,1,28.754095,5.574200,0
1,1,28.759406,4.973600,0
1,1,28.764785,4.893600,0
1,1,28.770408,5.018100,0
1,1,28.775771,4.995400,0
1,1,28.781122,5.068500,0
1,1,28.788573,5.793300,0
1,1,28.794311,6.397600,0
1,1,28.800206,4.957200,0
1,1,28.806114,4.947300,0
1,1,28.811713,5.207500,0
1,1,28.817009,5.014300,0
1,1,28.822122,5.035500,0
1,1,28.829478,6.051000,0
1,1,28.835302,5.629600,0
1,1,28.840350,5.025000,0
1,1,28.845723,5.035400,0
1,1,28.851495,5.037100,0
1,1,28.857139,4.903100,0
1,1,28.864241,5.201800,0
1,1,28.870306,5.732600,0
1,1,28.875708,5.708200,0
1,1,28.881337,4.989500,0
1,1,28.886975,4.979100,0
1,1,28.891721,5.037900,0
1,1,28.898074,4.926500,0
1,1,28.904564,5.550200,0
1,1,28.911432,5.935800,0
1,1,28.917345,5.117700,0
1,1,28.924779,5.216200,0
1,1,28.931332,6.167100,0
1,1,28.935856,5.189000,0
1,1,28.943563,5.978300,0
1,1,28.948211,4.937600,0
1,1,28.954667,4.920800,0
1,1,28.959758,5.492700,0
1,1,28.965898,5.485200,0
1,1,28.972156,5.450100,0
1,1,28.977149,4.926500,0
1,1,28.982687,5.022900,0
1,1,28.987929,4.941300,0
1,1,28.993923,4.810700,0
1,1,29.000404,5.720800,0
1,1,29.007592,5.724800,0
1,1,29.013396,5.334100,0
1,1,29.018980,5.170600,0
1,1,29.024847,4.980600,0
1,1,29.029852,5.087500,0
1,1,29.037225,5.598600,0
1,1,29.044521,5.767000,0
1,1,29.048945,5.691600,0
1,1,29.054956,4.975400,0
1,1,29.059997,4.986200,0
1,1,29.065549,4.944600,0
1,1,29.070624,5.000700,0
1,1,29.076895,5.558200,0
1,1,29.083275,5.567700,0
1,1,29.089651,4.955500,0
1,1,29.095386,5.234800,0
1,1,29.100086,5.081400,0
1,1,29.105843,4.995600,0
1,1,29.111194,4.981500,0
1,1,29.117068,5.612700,0
1,1,29.123617,6.064800,0
1,1,29.129040,5.093400,0
1,1,29.135022,5.033700,0
1,1,29.139886,5.093300,0
1,1,29.146110,4.988900,0
1,1,29.151326,5.250100,0
1,1,29.158228,5.724200,0
1,1,29.164882,6.256500,0
1,1,29.170154,4.957400,0
1,1,29.176264,4.966000,0
1,1,29.181954,4.928400,0
1,1,29.187068,5.168800,0
1,1,29.192825,4.980600,0
1,1,29.199355,5.532100,0
1,1,29.205693,6.093000,0
1,1,29.210556,5.085100,0
1,1,29.216274,5.018100,0
1,1,29.222328,5.042400,0
1,1,29.227907,5.218200,0
1,1,29.233343,5.177700,0
1,1,29.239950,6.294500,0
1,1,29.246482,5.631800,0
1,1,29.252247,5.109100,0
1,1,29.259300,5.226500,0
1,1,29.265836,6.369500,0
1,1,29.271022,4.855600,0
1,1,29.277012,5.519200,0
1,1,29.283112,5.683100,0
1,1,29.288439,5.046500,0
1,1,29.294629,5.053100,0
1,1,29.299826,4.972000,0
1,1,29.306315,5.200500,0
1,1,29.312784,5.152200,0
1,1,29.317875,5.632100,0
1,1,29.324060,5.565000,0
1,1,29.329008,4.926800,0
1,1,29.334541,4.947300,0
1,1,29.339914,4.970600,0
1,1,29.345277,4.909300,0
1,1,29.350293,4.964500,0
1,1,29.357154,6.088500,0
1,1,29.362823,5.489600,0
1,1,29.369196,4.945200,0
1,1,29.374711,5.275700,0
1,1,29.379730,5.073100,0
1,1,29.387041,5.785000,0
1,1,29.393394,6.576900,0
1,1,29.398637,5.030500,0
1,1,29.403896,4.924800,0
1,1,29.409151,4.869600,0
1,1,29.414492,4.981500,0
1,1,29.420368,4.933900,0
1,1,29.425945,5.587000,0
1,1,29.432798,6.041500,0
1,1,29.437790,5.055400,0
1,1,29.443649,5.047500,0
1,1,29.450492,5.081000,0
1,1,29.457136,6.537900,0
1,1,29.464113,6.338000,0
1,1,29.470673,5.709100,0
1,1,29.475641,5.003700,0
1,1,29.481176,4.998500,0
1,1,29.487084,4.914900,0
1,1,29.492507,4.928000,0
1,1,29.497924,4.976900,0
1,1,29.504113,6.095600,0
1,1,29.510013,5.645000,0
1,1,29.515780,5.039200,0
1,1,29.521064,5.034300,0
1,1,29.527098,5.139200,0
1,1,29.534020,5.227100,0
1,1,29.539747,6.347300,0
1,1,29.545772,5.127000,0
1,1,29.551115,5.205400,0
1,1,29.557195,4.864400,0
1,1,29.562336,5.207200,0
1,1,29.568501,4.894600,0
1,1,29.576235,6.302900,0
1,1,29.582619,5.034100,0
1,1,29.588825,6.385500,0
1,1,29.594142,5.028600,0
1,1,29.602385,5.188500,0
1,1,29.607235,5.829000,0
1,1,29.612903,5.082400,0
1,1,29.618948,5.144000,0
1,1,29.624351,5.314200,0
1,1,29.630793,4.861200,0
1,1,29.636693,5.851200,0
1,1,29.643326,6.230100,0
1,1,29.648657,5.127400,0
1,1,29.655047,4.895600,0
1,1,29.661597,4.931700,0
1,1,29.667447,5.574000,0
1,1,29.672606,4.978500,0
1,1,29.679905,5.732900,0
1,1,29.685419,5.321700,0
1,1,29.690663,5.159400,0
1,1,29.696600,4.905300,0
1,1,29.702834,6.030800,0
1,1,29.708299,5.454800,0
1,1,29.714562,4.870000,0
1,1,29.720778,6.002000,0
1,1,29.727132,5.161200,0
1,1,29.732083,5.355700,0
1,1,29.739907,5.063300,0
1,1,29.745494,5.754500,0
1,1,29.751868,5.155800,0
1,1,29.757209,5.090100,0
1,1,29.762942,5.064300,0
1,1,29.769642,5.102800,0
1,1,29.778023,6.298800,0
1,1,29.782813,5.876200,0
1,1,29.787887,5.215000,0
1,1,29.793318,4.930600,0
1,1,29.799555,4.928700,0
1,1,29.804933,5.018700,0
1,1,29.810830,5.517900,0
1,1,29.817559,6.314100,0
1,1,29.822900,4.953400,0
1,1,29.829357,5.014700,0
1,1,29.835492,5.284600,0
1,1,29.840979,5.183500,0
1,1,29.847533,4.891900,0
1,1,29.853877,6.596900,0
1,1,29.859154,5.278300,0
1,1,29.864669,5.087700,0
1,1,29.870175,5.140400,0
1,1,29.876425,5.243700,0
1,1,29.884179,5.863700,0
1,1,29.889222,5.749900,0
1,1,29.896141,5.736000,0
1,1,29.901790,5.259200,0
1,1,29.909451,5.693600,0
1,1,29.916597,5.901900,0
1,1,29.921813,5.730600,0
1,1,29.926689,5.070300,0
1,1,29.932811,5.836600,0
1,1,29.940407,5.083300,0
1,1,29.946764,5.132000,0
1,1,29.951830,5.019600,0
1,1,29.958801,5.818500,0
1,1,29.965052,5.583800,0
1,1,29.969825,5.284400,0
1,1,29.978433,6.090700,0
1,1,29.984104,6.458200,0
1,1,29.990074,4.976800,0
1,1,29.996316,5.329600,0
1,1,30.001683,5.161100,0
1,1,30.007242,5.159800,0
1,1,30.012633,4.986800,0
1,1,30.019546,6.320100,0
1,1,30.025376,5.723100,0
1,1,30.031894,5.248800,0
1,1,30.037122,5.572900,0
1,1,30.043897,5.014000,0
1,1,30.048599,5.162100,0
1,1,30.054817,5.556600,0
1,1,30.061845,5.743700,0
1,1,30.066788,4.967200,0
1,1,30.072384,5.041900,0
1,1,30.078770,5.681100,0
1,1,30.084154,5.229600,0
1,1,30.089640,4.971900,0
1,1,30.095544,5.616200,0
1,1,30.102663,6.272700,0
1,1,30.107680,5.094300,0
1,1,30.114493,4.984600,0
1,1,30.119617,5.407200,0
1,1,30.124952,5.032700,0
1,1,30.130708,5.064000,0
1,1,30.137617,5.719900,0
1,1,30.143906,6.309200,0
1,1,30.149471,5.112300,0
1,1,30.155709,5.077600,0
1,1,30.160679,5.002200,0
1,1,30.168201,4.936500,0
1,1,30.173287,5.509500,0
1,1,30.178789,4.915200,0
1,1,30.185583,5.009400,0
1,1,30.190328,5.267100,0
1,1,30.195817,4.972600,0
1,1,30.200691,4.969800,0
1,1,30.207964,6.150200,0
1,1,30.215129,6.181000,0
1,1,30.220029,5.305900,0
1,1,30.225875,5.210800,0
1,1,30.232555,4.936800,0
1,1,30.237617,5.200500,0
1,1,30.244144,5.152500,0
1,1,30.250412,5.591800,0
1,1,30.255885,5.440100,0
1,1,30.261571,4.877100,0
1,1,30.267883,5.517800,0
1,1,30.273560,5.052000,0
1,1,30.278832,5.085300,0
1,1,30.285919,5.791600,0
1,1,30.292091,6.521100,0
1,1,30.298394,5.081100,0
1,1,30.303600,5.189900,0
1,1,30.309107,5.387400,0
1,1,30.314698,4.953400,0
1,1,30.319985,4.988100,0
1,1,30.326401,5.484700,0
1,1,30.333814,6.444000,0
1,1,30.338637,5.073000,0
1,1,30.344176,5.043500,0
1,1,30.350634,5.277500,0
1,1,30.361579,5.073200,0
1,1,30.361579,5.801500,0
1,1,30.370668,4.971400,0
1,1,30.376329,5.174900,0
1,1,30.382608,5.142400,0
1,1,30.388186,5.527600,0
1,1,30.394412,4.836300,0
1,1,30.400074,5.138300,0
1,1,30.405393,5.065000,0
1,1,30.410961,5.088500,0
1,1,30.417345,5.845200,0
1,1,30.424689,6.189900,0
1,1,30.430050,4.904300,0
1,1,30.435489,4.932900,0
1,1,30.441280,5.411200,0
1,1,30.446329,5.028600,0
1,1,30.452024,5.008100,0
1,1,30.458938,4.758700,0
1,1,30.465168,6.336800,0
1,1,30.469998,4.914900,0
1,1,30.476967,4.968100,0
1,1,30.482470,5.219900,0
1,1,30.487438,4.951900,0
1,1,30.492764,4.878500,0
1,1,30.499517,6.116400,0
1,1,30.506239,5.507800,0
1,1,30.512225,4.899300,0
1,1,30.518627,5.962100,0
1,1,30.524830,5.653100,0
1,1,30.529686,4.868800,0
1,1,30.535423,4.837700,0
1,1,30.541885,4.788300,0
1,1,30.548799,5.541900,0
1,1,30.553363,4.959100,0
1,1,30.558735,5.279800,0
1,1,30.566900,4.983900,0
1,1,30.572052,6.314700,0
1,1,30.577538,4.897600,0
1,1,30.582616,4.842500,0
1,1,30.588055,4.801000,0
1,1,30.592886,4.834600,0
1,1,30.598600,4.738100,0
1,1,30.604226,5.675800,0
1,1,30.611676,5.474400,0
1,1,30.617535,4.910200,0
1,1,30.624289,5.861500,0
1,1,30.629058,5.210800,0
1,1,30.634641,4.956700,0
1,1,30.640628,5.013100,0
1,1,30.647634,6.265500,0
1,1,30.653596,5.933000,0
1,1,30.660450,4.771200,0
1,1,30.665165,5.659900,0
1,1,30.671053,4.909600,0
1,1,30.675711,4.850100,0
1,1,30.682909,5.552900,0
1,1,30.688918,5.636600,0
1,1,30.695236,4.994600,0
1,1,30.702451,6.183600,0
1,1,30.708179,5.633400,0
1,1,30.714132,5.668600,0
1,1,30.720345,4.881600,0
1,1,30.726735,5.630600,0
1,1,30.731457,4.936800,0
1,1,30.738381,4.892600,0
1,1,30.744765,5.468200,0
1,1,30.750165,5.249900,0
1,1,30.756493,5.262600,0
1,1,30.761987,4.790700,0
1,1,30.766907,5.234200,0
1,1,30.772834,4.990400,0
1,1,30.779520,6.251300,0
1,1,30.785978,5.623500,0
1,1,30.791717,4.823700,0
1,1,30.797580,5.223300,0
1,1,30.803123,5.018700,0
1,1,30.809109,5.104800,0
1,1,30.815249,5.498900,0
1,1,30.820350,5.575000,0
1,1,30.826749,5.388600,0
1,1,30.831821,4.825500,0
1,1,30.837983,5.482200,0
1,1,30.844341,4.944800,0
1,1,30.848614,5.121100,0
1,1,30.855732,5.494400,0
1,1,30.862134,6.748500,0
1,1,30.867630,4.927700,0
1,1,30.872820,4.918600,0
1,1,30.879567,5.563400,0
1,1,30.884815,5.159500,0
1,1,30.890099,5.083500,0
1,1,30.897341,5.815200,0
1,1,30.904734,5.577600,0
1,1,30.909760,5.113600,0
1,1,30.918793,6.430200,0
1,1,30.925895,6.024100,0
1,1,30.931037,6.403700,0
1,1,30.937124,5.032000,0
1,1,30.944154,6.309300,0
1,1,30.949982,5.148400,0
1,1,30.954725,5.052400,0
1,1,30.960073,4.851700,0
1,1,30.966544,5.913100,0
1,1,30.972231,5.455800,0
1,1,30.977782,4.826600,0
1,1,30.986780,6.603400,0
1,1,30.992172,5.879300,0
1,1,30.999147,5.664300,0
1,1,31.005258,5.574500,0
1,1,31.010579,5.183600,0
1,1,31.018002,6.493000,0
1,1,31.023294,5.030200,0
1,1,31.029938,4.827100,0
1,1,31.034897,5.604500,0
1,1,31.041747,6.325500,0
1,1,31.047729,5.046800,0
1,1,31.053622,4.969900,0
1,1,31.060043,6.240500,0
1,1,31.067269,5.416700,0
1,1,31.074243,6.998000,0
1,1,31.080121,5.467200,0
1,1,31.087080,6.138000,0
1,1,31.092622,5.464100,0
1,1,31.098878,4.999500,0
1,1,31.104710,5.897100,0
1,1,31.112137,6.209700,0
1,1,31.116354,5.041400,0
1,1,31.122302,5.027400,0
1,1,31.129699,5.895800,0
1,1,31.135311,5.500400,0
1,1,31.140745,5.051700,0
1,1,31.146307,5.734400,0
1,1,31.154052,6.490800,0
1,1,31.160410,5.204800,0
1,1,31.165948,5.749400,0
1,1,31.172595,5.232800,0
1,1,31.177161,5.186500,0
1,1,31.183321,5.623600,0
1,1,31.191993,6.446700,0
1,1,31.197944,5.953900,0
1,1,31.203298,5.201200,0
1,1,31.208519,5.040000,0
1,1,31.215275,6.265700,0
1,1,31.221338,5.729400,0
1,1,31.227178,5.086400,0
1,1,31.234508,6.504700,0
1,1,31.239827,5.117500,0
1,1,31.245758,5.188500,0
1,1,31.252577,6.076200,0
1,1,31.258974,6.286200,0
1,1,31.264974,5.050800,0
1,1,31.270558,5.100300,0
1,1,31.277363,6.076800,0
1,1,31.284288,6.499300,0
1,1,31.290314,5.650200,0
1,1,31.296767,4.887700,0
1,1,31.304167,6.505500,0
1,1,31.309602,5.435100,0
1,1,31.314942,4.936400,0
1,1,31.322256,4.961500,0
1,1,31.327578,5.702300,0
1,1,31.333194,5.036600,0
1,1,31.342070,6.492000,0
1,1,31.348452,5.865500,0
1,1,31.354433,5.836000,0
1,1,31.363044,5.705800,0
1,1,31.369808,6.055300,0
1,1,31.375523,5.630000,0
1,1,31.380869,5.030300,0
1,1,31.389218,5.606000,0
1,1,31.396051,6.132800,0
1,1,31.402212,4.956100,0
1,1,31.407288,5.020500,0
1,1,31.412946,5.282600,0
1,1,31.419317,4.886900,0
1,1,31.424455,5.163500,0
1,1,31.430600,5.672700,0
1,1,31.437591,5.731600,0
1,1,31.443947,5.045200,0
1,1,31.449321,5.287600,0
1,1,31.455530,5.848800,0
1,1,31.460897,4.947100,0
1,1,31.465829,4.830100,0
1,1,31.471845,5.488300,0
1,1,31.479293,5.523600,0
1,1,31.484932,5.759200,0
1,1,31.490322,5.040400,0
1,1,31.497233,6.145500,0
1,1,31.503868,5.050400,0
1,1,31.510229,6.588600,0
1,1,31.515607,4.878900,0
1,1,31.523160,6.087200,0
1,1,31.528727,5.113400,0
1,1,31.533727,5.097100,0
1,1,31.540130,4.856400,0
1,1,31.546422,5.547400,0
1,1,31.551688,5.500200,0
1,1,31.557189,4.844300,0
1,1,31.563632,6.193000,0
1,1,31.569168,4.825400,0
1,1,31.574473,4.793600,0
1,1,31.580730,4.862000,0
1,1,31.587822,4.934100,0
1,1,31.593857,5.199200,0
1,1,31.600326,4.931000,0
1,1,31.605716,5.648700,0
1,1,31.612158,5.589400,0
1,1,31.618703,5.113400,0
1,1,31.624842,5.976700,0
1,1,31.630302,5.152800,0
1,1,31.636206,5.065500,0
1,1,31.641782,5.828000,0
1,1,31.649222,6.047600,0
1,1,31.653902,5.023200,0
1,1,31.662305,5.506500,0
1,1,31.667295,5.778000,0
1,1,31.672346,4.832700,0
1,1,31.677984,4.838900,0
1,1,31.684327,5.941400,0
1,1,31.690483,5.432900,0
1,1,31.696445,4.935000,0
1,1,31.703899,6.207100,0
1,1,31.709106,4.996900,0
1,1,31.714151,4.871800,0
1,1,31.720202,5.308200,0
1,1,31.727353,5.881400,0
1,1,31.733055,4.927500,0
1,1,31.739132,4.797700,0
1,1,31.745475,6.112000,0
1,1,31.750345,4.957300,0
1,1,31.755661,4.846100,0
1,1,31.761518,5.464200,0
1,1,31.769289,5.491100,0
1,1,31.775703,5.027000,0
1,1,31.781988,6.113500,0
1,1,31.788751,5.862300,0
1,1,31.795016,5.641500,0
1,1,31.800414,5.074700,0
1,1,31.807518,6.126400,0
1,1,31.812359,4.722900,0
1,1,31.818693,4.870700,0
1,1,31.824053,4.846900,0
1,1,31.829828,6.215500,0
1,1,31.836041,5.382400,0
1,1,31.841441,4.846400,0
1,1,31.846849,5.150300,0
1,1,31.852117,4.913000,0
1,1,31.857511,5.046600,0
1,1,31.864669,5.018600,0
1,1,31.870677,6.388500,0
1,1,31.876901,5.080000,0
1,1,31.882297,5.109200,0
1,1,31.888664,5.182400,0
1,1,31.894699,6.415500,0
1,1,31.900298,4.821200,0
1,1,31.906871,4.871000,0
1,1,31.912826,5.547000,0
1,1,31.917842,5.012600,0
1,1,31.923168,4.918300,0
1,1,31.929816,4.901000,0
1,1,31.935945,5.637700,0
1,1,31.942201,4.894400,0
1,1,31.947493,5.118100,0
1,1,31.953581,5.961100,0
1,1,31.959911,5.057700,0
1,1,31.964753,5.215300,0
1,1,31.970985,5.573100,0
1,1,31.979761,6.346500,0
1,1,31.986138,5.713900,0
1,1,31.993109,5.660300,0
1,1,31.998572,6.462500,0
1,1,32.004791,5.140500,0
1,1,32.010821,5.057600,0
1,1,32.015542,5.051200,0
1,1,32.020724,4.825700,0
1,1,32.026508,4.797500,0
1,1,32.034494,5.781300,0
1,1,32.039611,5.079900,0
1,1,32.045819,5.113400,0
1,1,32.051220,5.225100,0
1,1,32.056968,5.007600,0
1,1,32.062211,5.088100,0
1,1,32.069536,5.663700,0
1,1,32.076347,5.021400,0
1,1,32.081206,5.228300,0
1,1,32.086564,5.117400,0
1,1,32.093610,5.098800,0
1,1,32.099237,5.601700,0
1,1,32.105923,5.670200,0
1,1,32.110778,4.976900,0
1,1,32.117007,4.920500,0
1,1,32.122659,5.374300,0
1,1,32.128118,5.097700,0
1,1,32.135824,5.456700,0
1,1,32.141743,6.400000,0
1,1,32.147648,4.893900,0
1,1,32.154144,5.090200,0
1,1,32.160865,5.762400,0
1,1,32.166636,5.107000,0
1,1,32.173516,5.077100,0
1,1,32.179361,5.612600,0
1,1,32.184762,5.076200,0
1,1,32.190295,5.003700,0
1,1,32.196818,4.968900,0
1,1,32.201923,5.033600,0
1,1,32.207982,5.100200,0
1,1,32.215406,5.784800,0
1,1,32.220582,5.004900,0
1,1,32.225844,4.974300,0
1,1,32.231732,5.072000,0
1,1,32.237312,5.138100,0
1,1,32.242657,5.115900,0
1,1,32.248765,5.518300,0
1,1,32.255801,5.719400,0
1,1,32.261277,4.968700,0
1,1,32.266449,4.982800,0
1,1,32.272780,5.140800,0
1,1,32.279176,5.171200,0
1,1,32.285992,5.782100,0
1,1,32.291365,4.963600,0
1,1,32.299126,4.900500,0
1,1,32.304068,6.413100,0
1,1,32.309478,5.029600,0
1,1,32.315080,4.917900,0
1,1,32.320492,5.072500,0
1,1,32.326485,5.186600,0
1,1,32.331988,4.979300,0
1,1,32.338467,6.159200,0
1,1,32.345046,5.959300,0
1,1,32.351073,4.940900,0
1,1,32.357335,5.153100,0
1,1,32.363893,5.657000,0
1,1,32.369930,5.511600,0
1,1,32.375304,5.195400,0
1,1,32.380848,4.927800,0
1,1,32.385889,4.963600,0
1,1,32.392722,4.925400,0
1,1,32.398311,5.712300,0
1,1,32.404920,5.677600,0
1,1,32.410048,5.158700,0
1,1,32.417193,5.493500,0
1,1,32.423994,5.737500,0
1,1,32.431174,5.269500,0
1,1,32.436905,6.374100,0
1,1,32.444199,5.536900,0
1,1,32.449950,5.572600,0
1,1,32.455547,4.927700,0
1,1,32.460594,4.756500,0
1,1,32.466638,5.099700,0
1,1,32.472008,5.094400,0
1,1,32.478941,4.929900,0
1,1,32.485894,5.716300,0
1,1,32.490718,5.699400,0
1,1,32.495864,4.937600,0
1,1,32.501637,4.941700,0
1,1,32.506908,4.953200,0
1,1,32.511944,4.938100,0
1,1,32.518599,5.034100,0
1,1,32.525780,5.870800,0
1,1,32.531038,5.101000,0
1,1,32.536546,5.096500,0
1,1,32.544237,5.083400,0
1,1,32.550802,6.572700,0
1,1,32.557983,5.304200,0
1,1,32.565877,6.425100,0
1,1,32.570865,5.269000,0
1,1,32.576165,5.286900,0
1,1,32.581691,5.003900,0
1,1,32.588049,5.524600,0
1,1,32.594176,5.523200,0
1,1,32.599067,4.887600,0
1,1,32.604507,5.001200,0
1,1,32.611662,5.029400,0
1,1,32.617880,5.048200,0
1,1,32.623807,5.748500,0
1,1,32.629183,4.905900,0
1,1,32.635081,5.114400,0
1,1,32.640451,5.007300,0
1,1,32.646451,5.062600,0
1,1,32.653046,5.604000,0
1,1,32.658911,5.681900,0
1,1,32.665287,5.208400,0
1,1,32.670392,5.498700,0
1,1,32.675753,4.977000,0
1,1,32.680861,4.956500,0
1,1,32.686725,4.930300,0
1,1,32.693130,6.061800,0
1,1,32.699254,5.723300,0
1,1,32.704773,5.046700,0
1,1,32.710711,5.177500,0
1,1,32.716138,5.545900,0
1,1,32.721409,5.029000,0
1,1,32.726585,5.039700,0
1,1,32.733388,6.115700,0
1,1,32.739569,5.726800,0
1,1,32.745838,5.161100,0
1,1,32.751857,5.919400,0
1,1,32.757613,5.129300,0
1,1,32.764180,5.153400,0
1,1,32.769348,5.303300,0
1,1,32.775864,5.647100,0
1,1,32.781221,4.823500,0
1,1,32.787320,5.088900,0
1,1,32.792585,5.076500,0
1,1,32.798728,4.867500,0
1,1,32.803546,5.162800,0
1,1,32.810206,5.842100,0
1,1,32.816447,5.706100,0
1,1,32.822168,5.696600,0
1,1,32.829606,5.106100,0
1,1,32.835153,5.596500,0
1,1,32.840920,4.893600,0
1,1,32.846770,4.942700,0
1,1,32.852928,4.923100,0
1,1,32.857417,5.232000,0
1,1,32.863427,5.010900,0
1,1,32.870185,6.499100,0
1,1,32.876331,5.490600,0
1,1,32.882769,5.157200,0
1,1,32.890294,5.575700,0
1,1,32.894535,4.961500,0
1,1,32.900775,5.065000,0
1,1,32.906083,5.010100,0
1,1,32.911983,5.076100,0
1,1,32.916770,5.175700,0
1,1,32.923116,5.540900,0
1,1,32.929722,6.364400,0
1,1,32.935803,5.595000,0
1,1,32.941309,5.147900,0
1,1,32.948349,5.874700,0
1,1,32.953979,5.049900,0
1,1,32.958799,4.925500,0
1,1,32.964602,5.566300,0
1,1,32.971013,6.136600,0
1,1,32.976230,4.991400,0
1,1,32.982362,4.920900,0
1,1,32.987280,4.949400,0
1,1,32.992563,4.889100,0
1,1,32.997726,4.908400,0
1,1,33.005203,4.951900,0
1,1,33.011697,6.477100,0
1,1,33.017064,5.097100,0
1,1,33.022569,4.966500,0
1,1,33.029158,5.078100,0
1,1,33.034143,5.143300,0
1,1,33.040556,5.155400,0
1,1,33.046492,5.646400,0
1,1,33.052569,5.590800,0
1,1,33.059197,5.131000,0
1,1,33.064003,5.223000,0
1,1,33.069688,5.129500,0
1,1,33.075452,4.951700,0
1,1,33.081394,5.525200,0
1,1,33.088825,5.498800,0
1,1,33.093510,5.682700,0
1,1,33.098661,4.816700,0
1,1,33.103679,4.876900,0
1,1,33.109659,4.888600,0
1,1,33.114862,5.116700,0
1,1,33.121667,5.461100,0
1,1,33.128747,5.755100,0
1,1,33.134489,5.226200,0
1,1,33.139860,5.103300,0
1,1,33.145638,5.179800,0
1,1,33.151053,5.153000,0
1,1,33.157273,4.986000,0
1,1,33.162584,5.599200,0
1,1,33.170004,6.272300,0
1,1,33.174789,5.027800,0
1,1,33.180294,5.030700,0
1,1,33.187372,4.922300,0
1,1,33.194501,6.333700,0
1,1,33.200231,5.635400,0
1,1,33.208162,5.527500,0
1,1,33.213926,5.694500,0
1,1,33.219715,4.879000,0
1,1,33.225171,5.056400,0
1,1,33.230974,4.821400,0
1,1,33.235844,5.116600,0
1,1,33.241719,4.845400,0
1,1,33.249007,5.420500,0
1,1,33.254872,6.431000,0
1,1,33.260611,5.089700,0
1,1,33.265913,5.201100,0
1,1,33.271268,4.875800,0
1,1,33.277232,4.992900,0
1,1,33.282331,5.149800,0
1,1,33.290013,6.349700,0
1,1,33.297544,5.548900,0
1,1,33.302994,5.581200,0
1,1,33.308791,5.034000,0
1,1,33.315720,5.060000,0
1,1,33.321373,5.692400,0
1,1,33.327118,4.806400,0
1,1,33.332475,5.018900,0
1,1,33.339169,4.960100,0
1,1,33.343590,4.989600,0
1,1,33.349241,4.960000,0
1,1,33.355768,6.237500,0
1,1,33.361837,5.651900,0
1,1,33.367119,5.054900,0
1,1,33.372804,5.016500,0
1,1,33.379150,4.975600,0
1,1,33.385751,5.025600,0
1,1,33.392453,5.801800,0
1,1,33.397624,5.854800,0
1,1,33.403251,4.932100,0
1,1,33.409093,4.861300,0
1,1,33.415548,5.133100,0
1,1,33.420108,5.279000,0
1,1,33.426861,5.757600,0
1,1,33.433964,6.319000,0
1,1,33.438884,4.918800,0
1,1,33.444361,4.861800,0
1,1,33.449896,4.900200,0
1,1,33.457162,4.813200,0
1,1,33.464080,6.380600,0
1,1,33.470242,5.736400,0
1,1,33.477224,5.598800,0
1,1,33.481296,5.095800,0
1,1,33.487748,5.658900,0
1,1,33.493426,5.035400,0
1,1,33.499841,4.926900,0
1,1,33.506369,5.944300,0
1,1,33.512536,5.922900,0
1,1,33.517988,4.968900,0
1,1,33.524091,5.011800,0
1,1,33.529628,4.971900,0
1,1,33.536882,5.872200,0
1,1,33.544365,5.705900,0
1,1,33.550394,5.025800,0
1,1,33.556892,5.758800,0
1,1,33.562008,4.986800,0
1,1,33.569045,5.472100,0
1,1,33.575799,5.771400,0
1,1,33.583094,6.188100,0
1,1,33.589562,5.495000,0
1,1,33.594534,4.959600,0
1,1,33.599414,4.934200,0
1,1,33.606055,4.770700,0
1,1,33.612833,5.013200,0
1,1,33.618230,6.280800,0
1,1,33.623699,4.917600,0
1,1,33.628850,4.919900,0
1,1,33.636293,4.926100,0
1,1,33.641205,5.600000,0
1,1,33.647198,4.952800,0
1,1,33.652885,4.941300,0
1,1,33.657350,4.921000,0
1,1,33.662934,4.872800,0
1,1,33.668392,4.970700,0
1,1,33.675439,5.574600,0
1,1,33.680917,5.685900,0
1,1,33.686641,5.618900,0
1,1,33.694128,5.563600,0
1,1,33.700194,6.205900,0
1,1,33.706945,5.808500,0
1,1,33.712256,5.190900,0
1,1,33.718007,5.568600,0
1,1,33.723456,4.998200,0
1,1,33.728619,4.939300,0
1,1,33.734076,4.883700,0
1,1,33.740527,6.051500,0
1,1,33.746392,5.539000,0
1,1,33.752554,4.900000,0
1,1,33.757933,4.961200,0
1,1,33.762540,4.954100,0
1,1,33.768030,5.084600,0
1,1,33.774585,5.019700,0
1,1,33.780668,5.601600,0
1,1,33.788212,5.441500,0
1,1,33.794152,5.091500,0
1,1,33.799030,5.056900,0
1,1,33.806828,5.116400,0
1,1,33.813241,5.829000,0
1,1,33.818090,5.177500,0
1,1,33.823963,5.054700,0
1,1,33.829791,5.123900,0
1,1,33.836218,5.112600,0
1,1,33.841597,5.281100,0
1,1,33.850283,6.263800,0
1,1,33.856062,5.649200,0
1,1,33.862005,6.553900,0
1,1,33.867834,4.944600,0
1,1,33.872692,4.902400,0
1,1,33.877930,4.896500,0
1,1,33.883072,4.863100,0
1,1,33.888920,4.778400,0
1,1,33.896587,5.953800,0
1,1,33.902053,6.322100,0
1,1,33.907203,4.947500,0
1,1,33.913059,4.865000,0
1,1,33.918250,4.960600,0
1,1,33.923869,4.877900,0
1,1,33.929923,4.995600,0
1,1,33.936821,5.565800,0
1,1,33.942264,6.013900,0
1,1,33.947301,4.973500,0
1,1,33.952385,4.962600,0
1,1,33.959255,5.773900,0
1,1,33.964132,5.231900,0
1,1,33.970245,4.885700,0
1,1,33.977875,6.170500,0
1,1,33.983849,5.983900,0
1,1,33.990634,4.849600,0
1,1,33.997549,5.615500,0
1,1,34.002983,5.097000,0
1,1,34.008185,5.098800,0
1,1,34.016278,4.876800,0
1,1,34.021077,5.628100,0
1,1,34.027335,5.099800,0
1,1,34.032715,4.906700,0
1,1,34.037707,4.987200,0
1,1,34.042910,4.961500,0
1,1,34.048273,4.907900,0
1,1,34.055236,6.032500,0
1,1,34.060818,5.501700,0
1,1,34.067889,4.890300,0
1,1,34.073950,6.293200,0
1,1,34.079907,4.933300,0
1,1,34.086073,5.136300,0
1,1,34.091617,5.287200,0
1,1,34.096734,5.228400,0
1,1,34.102722,4.892000,0
1,1,34.109258,6.270300,0
1,1,34.114763,5.534100,0
1,1,34.120078,4.928200,0
1,1,34.125531,4.907800,0
1,1,34.130899,4.923500,0
1,1,34.138094,4.866500,0
1,1,34.143578,5.679900,0
1,1,34.148938,5.021800,0
1,1,34.155333,5.080000,0
1,1,34.160165,4.917200,0
1,1,34.165948,4.922600,0
1,1,34.171669,4.870900,0
1,1,34.179318,6.205500,0
1,1,34.185216,5.070300,0
1,1,34.190069,4.967300,0
1,1,34.195859,5.041300,0
1,1,34.201005,5.033000,0
1,1,34.206667,4.764900,0
1,1,34.214550,5.519300,0
1,1,34.221175,6.195900,0
1,1,34.225982,5.085800,0
1,1,34.231138,4.990000,0
1,1,34.237075,4.928700,0
1,1,34.242372,4.995400,0
1,1,34.248416,4.997900,0
1,1,34.254879,6.236500,0
1,1,34.260504,5.613700,0
1,1,34.266667,4.884500,0
1,1,34.272040,4.944000,0
1,1,34.278189,4.875400,0
1,1,34.284832,5.249100,0
1,1,34.291331,5.766400,0
1,1,34.296720,5.018300,0
1,1,34.302997,5.093000,0
1,1,34.309461,6.234800,0
1,1,34.315464,5.695400,0
1,1,34.320848,5.131600,0
1,1,34.326668,4.900800,0
1,1,34.331604,5.114000,0
1,1,34.337834,4.886100,0
1,1,34.344380,4.956200,0
1,1,34.350859,4.920600,0
1,1,34.355853,5.729800,0
1,1,34.362560,5.089300,0
1,1,34.368100,5.428400,0
1,1,34.374315,5.091000,0
1,1,34.379876,5.461300,0
1,1,34.387229,6.110200,0
1,1,34.393406,5.301100,0
1,1,34.398962,5.132200,0
1,1,34.404793,5.085100,0
1,1,34.410016,5.094200,0
1,1,34.416685,5.264500,0
1,1,34.421531,5.365800,0
1,1,34.429479,6.696100,0
1,1,34.436108,6.060500,0
1,1,34.441369,5.271000,0
1,1,34.447383,5.081900,0
1,1,34.453875,5.220700,0
1,1,34.461580,5.798800,0
1,1,34.466751,5.304900,0
1,1,34.472932,5.363500,0
1,1,34.478941,5.145700,0
1,1,34.484079,5.165400,0
1,1,34.491132,5.857400,0
1,1,34.497347,6.645300,0
1,1,34.504015,5.289900,0
1,1,34.510148,5.194300,0
1,1,34.516830,5.135400,0
1,1,34.523544,6.571500,0
1,1,34.528928,5.327100,0
1,1,34.534933,5.110500,0
1,1,34.540515,5.196600,0
1,1,34.547728,5.301000,0
1,1,34.554681,5.810500,0
1,1,34.560762,5.892300,0
1,1,34.569094,5.669200,0
1,1,34.575164,6.476900,0
1,1,34.581493,5.033100,0
1,1,34.586842,5.148000,0
1,1,34.593181,4.910300,0
1,1,34.598723,5.282300,0
1,1,34.605465,5.176900,0
1,1,34.612850,7.034200,0
1,1,34.618110,5.122600,0
1,1,34.624426,5.155400,0
1,1,34.629391,5.139800,0
1,1,34.636490,4.882100,0
1,1,34.643555,5.312200,0
1,1,34.650516,5.707600,0
1,1,34.655951,5.720300,0
1,1,34.662391,5.319700,0
1,1,34.668604,6.254400,0
1,1,34.674756,5.781200,0
1,1,34.680602,5.080000,0
1,1,34.686579,4.993400,0
1,1,34.695215,5.649100,0
1,1,34.701933,5.076700,0
1,1,34.707326,5.757000,0
1,1,34.713687,4.986800,0
1,1,34.720014,5.813400,0
1,1,34.725454,5.196800,0
1,1,34.731722,4.958100,0
1,1,34.737847,5.772400,0
1,1,34.743891,5.552700,0
1,1,34.749901,5.161600,0
1,1,34.756051,5.221800,0
1,1,34.762646,5.525500,0
1,1,34.768638,5.703500,0
1,1,34.775969,5.087000,0
1,1,34.781984,5.615800,0
1,1,34.787014,5.176200,0
1,1,34.792861,4.992700,0
1,1,34.799747,4.888400,0
1,1,34.805308,6.352200,0
1,1,34.811034,4.951000,0
1,1,34.815821,4.924800,0
1,1,34.821174,4.944300,0
1,1,34.826539,4.808700,0
1,1,34.832209,4.853900,0
1,1,34.837300,5.449300,0
1,1,34.845029,5.977900,0
1,1,34.849981,4.992000,0
1,1,34.856085,4.962300,0
1,1,34.862217,5.044900,0
1,1,34.866657,4.984400,0
1,1,34.871781,4.946300,0
1,1,34.878240,5.511900,0
1,1,34.885589,5.549700,0
1,1,34.891832,5.100600,0
1,1,34.896867,5.178100,0
1,1,34.902080,5.004900,0
1,1,34.908753,5.704900,0
1,1,34.915642,6.406000,0
1,1,34.921652,4.946900,0
1,1,34.926942,5.029100,0
1,1,34.932088,4.921500,0
1,1,34.937260,4.907700,0
1,1,34.943856,4.938400,0
1,1,34.950884,5.470900,0
1,1,34.956333,5.802700,0
1,1,34.962654,4.978200,0
1,1,34.969245,6.161500,0
1,1,34.973922,5.142500,0
1,1,34.978849,4.814800,0
1,1,34.985853,5.391700,0
1,1,34.994068,6.122900,0
1,1,34.999376,6.075500,0
1,1,35.005650,5.091100,0
1,1,35.013422,5.600400,0
1,1,35.018026,5.950200,0
1,1,35.024259,4.962800,0
1,1,35.030272,5.699800,0
1,1,35.036469,5.073900,0
1,1,35.041415,5.187200,0
1,1,35.048313,5.532200,0
1,1,35.056121,5.575300,0
1,1,35.062546,6.240100,0
1,1,35.068115,4.995900,0
1,1,35.074191,5.547800,0
1,1,35.081076,6.084000,0
1,1,35.087493,5.461100,0
1,1,35.093625,5.458000,0
1,1,35.098027,4.966800,0
1,1,35.105002,4.819700,0
1,1,35.112449,5.852800,0
1,1,35.118286,5.052000,0
1,1,35.124269,5.539800,0
1,1,35.129732,5.168900,0
1,1,35.136294,4.964400,0
1,1,35.143119,5.627900,0
1,1,35.149126,5.550000,0
1,1,35.156521,4.955300,0
1,1,35.162655,4.983500,0
1,1,35.168434,5.171000,0
1,1,35.175909,5.115700,0
1,1,35.181489,6.313800,0
1,1,35.188597,5.101500,0
1,1,35.193814,5.774700,0
1,1,35.200553,5.630700,0
1,1,35.206312,5.194500,0
1,1,35.212717,5.538100,0
1,1,35.218822,5.315700,0
1,1,35.224195,5.062300,0
1,1,35.231589,6.360500,0
1,1,35.237794,5.184700,0
1,1,35.244030,5.345200,0
1,1,35.250380,5.803200,0
1,1,35.255338,5.089300,0
1,1,35.261846,5.027300,0
1,1,35.267655,5.639600,0
1,1,35.274005,4.815700,0
1,1,35.280466,5.533400,0
1,1,35.287387,5.113500,0
1,1,35.293036,6.292300,0
1,1,35.298319,5.016500,0
1,1,35.306619,6.165000,0
1,1,35.312447,5.404700,0
1,1,35.317487,5.087400,0
1,1,35.323633,5.699000,0
1,1,35.332270,5.950800,0
1,1,35.337945,5.883100,0
1,1,35.343798,5.095000,0
1,1,35.350454,4.977800,0
1,1,35.356000,6.369500,0
1,1,35.362032,5.479200,0
1,1,35.367609,4.980000,0
1,1,35.373934,6.102600,0
1,1,35.381241,4.739100,0
1,1,35.386879,5.525100,0
1,1,35.391916,4.875900,0
1,1,35.398527,5.946500,0
1,1,35.405194,4.899400,0
1,1,35.411903,5.607500,0
1,1,35.418446,6.032300,0
1,1,35.423780,4.900700,0
1,1,35.430827,5.921400,0
1,1,35.436255,5.269300,0
1,1,35.443013,5.383500,0
1,1,35.449003,5.678000,0
1,1,35.453591,4.967500,0
1,1,35.458656,4.798500,0
1,1,35.465609,5.455700,0
1,1,35.473103,5.171500,0
1,1,35.478246,5.530500,0
1,1,35.483215,4.954700,0
1,1,35.491662,5.312500,0
1,1,35.496477,5.928800,0
1,1,35.502739,4.945500,0
1,1,35.509341,5.650300,0
1,1,35.516695,5.631000,0
1,1,35.522513,6.037800,0
1,1,35.529802,4.994000,0
1,1,35.535262,5.556800,0
1,1,35.540668,5.029600,0
1,1,35.548171,5.813400,0
1,1,35.554778,4.978800,0
1,1,35.560971,5.670400,0
1,1,35.567224,4.959000,0
1,1,35.574565,6.172300,0
1,1,35.579529,5.004300,0
1,1,35.584989,4.990400,0
1,1,35.592425,5.592200,0
1,1,35.597432,5.622600,0
1,1,35.602754,4.956700,0
1,1,35.611202,6.335400,0
1,1,35.616183,5.522800,0
1,1,35.622305,4.733500,0
1,1,35.628511,4.892300,0
1,1,35.633960,6.176700,0
1,1,35.641408,5.334900,0
1,1,35.647378,6.073700,0
1,1,35.653064,4.889400,0
1,1,35.658827,4.884800,0
1,1,35.664586,5.420200,0
1,1,35.671031,5.415600,0
1,1,35.675885,5.243500,0
1,1,35.682669,6.046900,0
1,1,35.688238,4.783300,0
1,1,35.694113,4.761200,0
1,1,35.701467,5.537100,0
1,1,35.707383,5.693400,0
1,1,35.713944,5.017100,0
1,1,35.719050,5.252300,0
1,1,35.724893,5.068600,0
1,1,35.731707,5.427200,0
1,1,35.740421,6.121100,0
1,1,35.745591,5.849900,0
1,1,35.750975,4.995200,0
1,1,35.755713,4.898500,0
1,1,35.763167,6.249100,0
1,1,35.768580,5.564800,0
1,1,35.776110,5.382600,0
1,1,35.781385,5.488900,0
1,1,35.787357,5.598400,0
1,1,35.792864,4.857500,0
1,1,35.798173,4.988600,0
1,1,35.804064,4.916300,0
1,1,35.809322,4.983900,0
1,1,35.815645,5.824500,0
1,1,35.823319,6.222100,0
1,1,35.828256,5.109900,0
1,1,35.834159,5.108900,0
1,1,35.840946,5.594400,0
1,1,35.845940,5.114400,0
1,1,35.854348,5.124100,0
1,1,35.859561,5.853200,0
1,1,35.864823,4.903100,0
1,1,35.871054,4.980800,0
1,1,35.877005,5.014200,0
1,1,35.882566,5.619600,0
1,1,35.889164,5.705800,0
1,1,35.894340,5.029100,0
1,1,35.899777,4.928000,0
1,1,35.906346,5.708400,0
1,1,35.912640,5.234600,0
1,1,35.918050,4.994500,0
1,1,35.924693,5.609300,0
1,1,35.930911,5.055500,0
1,1,35.937023,4.901100,0
1,1,35.943019,5.683800,0
1,1,35.948555,4.963300,0
1,1,35.953810,5.039600,0
1,1,35.960538,5.046900,0
1,1,35.966527,5.651100,0
1,1,35.973742,4.877800,0
1,1,35.978331,5.231700,0
1,1,35.985409,5.008000,0
1,1,35.992116,5.722800,0
1,1,35.999312,5.662500,0
1,1,36.004928,5.664900,0
1,1,36.010207,5.062100,0
1,1,36.017711,5.382100,0
1,1,36.024930,4.833300,0
1,1,36.030221,5.695800,0
1,1,36.037941,5.591500,0
1,1,36.042949,5.204500,0
1,1,36.048418,5.012800,0
1,1,36.055394,5.344900,0
1,1,36.061370,5.727700,0
1,1,36.067361,5.583500,0
1,1,36.074012,4.965700,0
1,1,36.080303,5.049800,0
1,1,36.088177,6.225400,0
1,1,36.093187,5.348900,0
1,1,36.098746,5.408300,0
1,1,36.104837,5.077900,0
1,1,36.109738,5.337100,0
1,1,36.115679,5.021400,0
1,1,36.122174,6.079800,0
1,1,36.128632,5.713200,0
1,1,36.135872,4.965200,0
1,1,36.141082,5.657200,0
1,1,36.146776,4.987200,0
1,1,36.152823,5.438700,0
1,1,36.159624,5.511100,0
1,1,36.167534,6.060900,0
1,1,36.174957,5.792200,0
1,1,36.180653,5.349600,0
1,1,36.186757,5.187000,0
1,1,36.194580,5.268000,0
1,1,36.201732,5.551100,0
1,1,36.208216,5.772600,0
1,1,36.214968,5.082000,0
1,1,36.221682,5.198400,0
1,1,36.228211,5.015900,0
1,1,36.235985,5.369700,0
1,1,36.243181,5.117100,0
1,1,36.250119,5.665600,0
1,1,36.256603,5.071300,0
1,1,36.263572,4.928400,0
1,1,36.268911,5.500200,0
1,1,36.274164,5.017200,0
1,1,36.280174,5.019400,0
1,1,36.288437,5.623100,0
1,1,36.295136,5.041300,0
1,1,36.301332,5.034300,0
1,1,36.307989,5.049600,0
1,1,36.314471,5.477100,0
1,1,36.322057,6.983000,0
1,1,36.327959,5.745200,0
1,1,36.335942,5.684100,0
1,1,36.341253,5.781000,0
1,1,36.347968,5.182200,0
1,1,36.353195,4.995000,0
1,1,36.361650,5.715300,0
1,1,36.369052,6.360200,0
1,1,36.375621,5.754100,0
1,1,36.382942,5.080800,0
1,1,36.389557,5.079700,0
1,1,36.396511,5.214800,0
1,1,36.402786,5.622200,0
1,1,36.409403,5.109400,0
1,1,36.416135,4.921700,0
1,1,36.422415,4.913000,0
1,1,36.429100,5.202700,0
1,1,36.434072,5.263600,0
1,1,36.440378,5.066000,0
1,1,36.445292,4.911500,0
1,1,36.451505,5.451400,0
1,1,36.458954,5.005700,0
1,1,36.464187,5.648700,0
1,1,36.469401,4.971700,0
1,1,36.475357,5.230100,0
1,1,36.481851,4.935700,0
1,1,36.487567,5.514300,0
1,1,36.492687,4.861100,0
1,1,36.499856,4.811700,0
1,1,36.505609,5.585400,0
1,1,36.510389,4.927200,0
1,1,36.517408,5.409700,0
1,1,36.523909,5.238200,0
1,1,36.528120,4.921400,0
1,1,36.533729,4.945000,0
1,1,36.540598,5.939900,0
1,1,36.546431,5.285300,0
1,1,36.552574,5.139700,0
1,1,36.557762,5.226500,0
1,1,36.563480,4.948300,0
1,1,36.569190,5.601100,0
1,1,36.576127,6.274800,0
1,1,36.582095,4.986800,0
1,1,36.588086,5.177100,0
1,1,36.593550,5.003900,0
1,1,36.598910,4.928600,0
1,1,36.604092,4.948900,0
1,1,36.611174,5.611500,0
1,1,36.617904,5.506200,0
1,1,36.623774,5.202700,0
1,1,36.629030,4.914400,0
1,1,36.634904,4.855500,0
1,1,36.642910,5.550200,0
1,1,36.648223,5.136200,0
1,1,36.653733,4.971100,0
1,1,36.659518,5.437500,0
1,1,36.665829,5.095300,0
1,1,36.673646,5.600300,0
1,1,36.678190,6.622400,0
1,1,36.684044,5.016500,0
1,1,36.689835,4.717200,0
1,1,36.695247,5.242600,0
1,1,36.700379,4.848700,0
1,1,36.706512,4.770400,0
1,1,36.713699,5.771100,0
1,1,36.720207,4.917900,0
1,1,36.727141,5.725700,0
1,1,36.731835,4.954300,0
1,1,36.738387,4.884900,0
1,1,36.745239,5.995900,0
1,1,36.749729,5.001100,0
1,1,36.757651,6.271300,0
1,1,36.764564,5.019400,0
1,1,36.768821,5.090200,0
1,1,36.776018,5.012900,0
1,1,36.782039,5.469200,0
1,1,36.787103,4.831500,0
1,1,36.792392,4.825500,0
1,1,36.798625,4.805500,0
1,1,36.803628,5.043600,0
1,1,36.810216,5.147600,0
1,1,36.817625,5.718200,0
1,1,36.822811,5.157200,0
1,1,36.829623,5.218400,0
1,1,36.835775,5.572400,0
1,1,36.840903,5.163300,0
1,1,36.846158,5.116500,0
1,1,36.853684,5.705400,0
1,1,36.859949,6.379300,0
1,1,36.865791,5.099200,0
1,1,36.871002,5.336000,0
1,1,36.877339,5.005900,0
1,1,36.882468,5.041300,0
1,1,36.888850,5.637500,0
1,1,36.895261,5.734900,0
1,1,36.902204,5.723600,0
1,1,36.907468,5.226900,0
1,1,36.913672,5.543100,0
1,1,36.919015,5.153700,0
1,1,36.925327,4.983500,0
1,1,36.931704,5.919200,0
1,1,36.938774,5.633700,0
1,1,36.944314,5.238100,0
1,1,36.951433,5.968700,0
1,1,36.956912,5.289600,0
1,1,36.961744,4.972800,0
1,1,36.968464,5.762100,0
1,1,36.975592,6.162400,0
1,1,36.980373,5.184200,0
1,1,36.986054,5.074200,0
1,1,36.991207,5.109800,0
1,1,36.997565,5.162700,0
1,1,37.002628,5.263700,0
1,1,37.010406,5.686200,0
1,1,37.017655,6.226000,0
1,1,37.024933,5.333100,0
1,1,37.030749,5.230900,0
1,1,37.036731,5.165300,0
1,1,37.042562,5.235500,0
1,1,37.048053,4.977700,0
1,1,37.053414,5.000000,0
1,1,37.061430,5.762400,0
1,1,37.069670,6.134600,0
1,1,37.074096,5.877200,0
1,1,37.079752,5.100500,0
1,1,37.085887,5.089600,0
1,1,37.092707,4.892500,0
1,1,37.099707,5.576700,0
1,1,37.105225,5.533100,0
1,1,37.110729,5.233800,0
1,1,37.116334,5.118100,0
1,1,37.122141,5.236100,0
1,1,37.129242,5.885200,0
1,1,37.136038,5.661200,0
1,1,37.142028,5.185100,0
1,1,37.147411,5.006500,0
1,1,37.152420,5.061400,0
1,1,37.158609,5.150200,0
1,1,37.164909,5.550700,0
1,1,37.171442,6.413000,0
1,1,37.178563,5.244400,0
1,1,37.185360,5.840000,0
1,1,37.192668,5.847900,0
1,1,37.198963,6.516000,0
1,1,37.204348,5.171600,0
1,1,37.209372,4.954300,0
1,1,37.216557,4.914200,0
1,1,37.222048,6.238700,0
1,1,37.227889,4.857300,0
1,1,37.234210,5.120700,0
1,1,37.239400,5.024800,0
1,1,37.245353,5.098200,0
1,1,37.250926,5.090500,0
1,1,37.257416,6.037200,0
1,1,37.265185,5.629400,0
1,1,37.271140,5.641400,0
1,1,37.276097,5.028100,0
1,1,37.282535,5.499600,0
1,1,37.287701,4.909400,0
1,1,37.294232,4.854600,0
1,1,37.299137,5.210800,0
1,1,37.306267,5.561800,0
1,1,37.312104,5.556600,0
1,1,37.317637,4.972000,0
1,1,37.324485,5.592500,0
1,1,37.331287,5.980200,0
1,1,37.336220,5.174400,0
1,1,37.343353,4.922100,0
1,1,37.349794,6.350500,0
1,1,37.355793,5.702600,0
1,1,37.362887,6.136600,0
1,1,37.368121,5.206300,0
1,1,37.373309,4.951200,0
1,1,37.378508,4.955800,0
1,1,37.384822,4.900600,0
1,1,37.390039,4.996000,0
1,1,37.397677,6.247400,0
1,1,37.403628,6.399500,0
1,1,37.409193,5.123000,0
1,1,37.415346,5.139300,0
1,1,37.421932,5.539600,0
1,1,37.428858,5.818400,0
1,1,37.435275,5.118000,0
1,1,37.440765,5.594000,0
1,1,37.446513,5.522200,0
1,1,37.451958,5.015600,0
1,1,37.459768,4.965500,0
1,1,37.465611,5.651500,0
1,1,37.470843,5.006800,0
1,1,37.476481,5.013200,0
1,1,37.482158,5.090500,0
1,1,37.487519,5.164100,0
1,1,37.493789,4.929800,0
1,1,37.499585,6.551300,0
1,1,37.506892,5.787400,0
1,1,37.513039,5.131900,0
1,1,37.519463,5.667300,0
1,1,37.525792,5.751600,0
1,1,37.532017,5.078800,0
1,1,37.538036,5.080400,0
1,1,37.545129,5.701200,0
1,1,37.550253,4.991700,0
1,1,37.556561,4.978300,0
1,1,37.560986,5.161100,0
1,1,37.566092,4.910200,0
1,1,37.571630,4.915800,0
1,1,37.578215,4.849300,0
1,1,37.584948,6.532400,0
1,1,37.590279,5.809400,0
1,1,37.595729,5.018100,0
1,1,37.601609,5.437300,0
1,1,37.607648,4.919200,0
1,1,37.613038,5.194900,0
1,1,37.620236,5.690900,0
1,1,37.625918,5.614400,0
1,1,37.631037,5.018200,0
1,1,37.636736,4.807000,0
1,1,37.643092,5.133100,0
1,1,37.648036,5.075000,0
1,1,37.653866,5.030700,0
1,1,37.661251,6.260100,0
1,1,37.667152,5.844100,0
1,1,37.672134,4.883700,0
1,1,37.678524,5.586900,0
1,1,37.685737,5.103900,0
1,1,37.691905,6.799300,0
1,1,37.697781,4.960800,0
1,1,37.702985,4.909600,0
1,1,37.710029,4.920900,0
1,1,37.714818,5.393800,0
1,1,37.721580,5.113700,0
1,1,37.728446,5.738600,0
1,1,37.733440,4.964900,0
1,1,37.742118,5.780000,0
1,1,37.748405,5.704100,0
1,1,37.752993,5.028000,0
1,1,37.760159,5.061400,0
1,1,37.767318,5.947600,0
1,1,37.773900,5.057700,0
1,1,37.780383,5.810600,0
1,1,37.785234,4.832900,0
1,1,37.790587,4.870300,0
1,1,37.796730,4.854500,0
1,1,37.801204,5.068400,0
1,1,37.808028,4.903500,0
1,1,37.813966,5.771300,0
1,1,37.822081,6.376000,0
1,1,37.827248,5.698100,0
1,1,37.835461,5.640000,0
1,1,37.840775,5.567700,0
1,1,37.846055,4.949500,0
1,1,37.851736,5.080100,0
1,1,37.856941,5.024400,0
1,1,37.863111,5.042300,0
1,1,37.868298,5.111400,0
1,1,37.875183,5.485800,0
1,1,37.881758,6.298000,0
1,1,37.887075,5.038400,0
1,1,37.892032,4.954600,0
1,1,37.898311,4.986200,0
1,1,37.904754,5.663800,0
1,1,37.910300,5.442400,0
1,1,37.916563,5.148600,0
1,1,37.921764,5.173200,0
1,1,37.928164,4.966500,0
1,1,37.933059,5.105300,0
1,1,37.939886,5.121500,0
1,1,37.945761,6.255700,0
1,1,37.951290,5.461100,0
1,1,37.956510,5.034000,0
1,1,37.962521,5.458800,0
1,1,37.967931,4.941800,0
1,1,37.975554,4.892300,0
1,1,37.980490,5.513600,0
1,1,37.986072,5.019200,0
1,1,37.992067,5.010100,0
1,1,37.997058,4.822700,0
1,1,38.003714,4.946000,0
1,1,38.008603,5.236000,0
1,1,38.015661,6.165900,0
1,1,38.021458,5.126500,0
1,1,38.027929,5.098100,0
1,1,38.032963,4.978900,0
1,1,38.039341,4.980500,0
1,1,38.045938,5.640200,0
1,1,38.052034,5.546200,0
1,1,38.057263,5.210100,0
1,1,38.062883,4.965900,0
1,1,38.068845,4.926500,0
1,1,38.073753,4.996900,0
1,1,38.081039,5.456700,0
1,1,38.086935,5.696100,0
1,1,38.093386,4.877100,0
1,1,38.098140,4.961300,0
1,1,38.105029,4.891700,0
1,1,38.112825,6.567600,0
1,1,38.117419,5.087000,0
1,1,38.122432,4.880600,0
1,1,38.127845,4.965800,0
1,1,38.133321,5.010800,0
1,1,38.139806,4.974300,0
1,1,38.146620,5.061800,0
1,1,38.152279,5.564700,0
1,1,38.157561,4.898600,0
1,1,38.163465,4.964900,0
1,1,38.170115,4.993100,0
1,1,38.177037,5.042100,0
1,1,38.181814,4.982700,0
1,1,38.188246,4.892000,0
1,1,38.194397,5.657400,0
1,1,38.201147,4.901500,0
1,1,38.207030,5.646800,0
1,1,38.212818,4.926300,0
1,1,38.218206,4.950600,0
1,1,38.224043,5.096400,0
1,1,38.229120,4.936300,0
1,1,38.234079,4.883300,0
1,1,38.240917,5.998800,0
1,1,38.246696,5.564300,0
1,1,38.253280,4.884200,0
1,1,38.258834,5.246200,0
1,1,38.263800,4.783500,0
1,1,38.270588,5.478200,0
1,1,38.277196,5.770700,0
1,1,38.284233,6.455800,0
1,1,38.291328,6.361000,0
1,1,38.297469,6.334700,0
1,1,38.302951,4.761100,0
1,1,38.308518,5.051900,0
1,1,38.314519,5.043500,0
1,1,38.319245,4.909200,0
1,1,38.324972,4.877600,0
1,1,38.331723,5.432500,0
1,1,38.338511,5.520600,0
1,1,38.344829,5.534300,0
1,1,38.350012,5.425000,0
1,1,38.355246,4.895500,0
1,1,38.360750,5.051400,0
1,1,38.366475,5.087700,0
1,1,38.372290,5.059700,0
1,1,38.380519,5.690400,0
1,1,38.386953,5.970100,0
1,1,38.391701,5.081100,0
1,1,38.397387,5.179000,0
1,1,38.403314,4.911200,0
1,1,38.410798,4.914300,0
1,1,38.415796,5.658300,0
1,1,38.421425,5.180600,0
1,1,38.427560,5.003200,0
1,1,38.432308,4.981400,0
1,1,38.437704,4.939000,0
1,1,38.443190,4.892800,0
1,1,38.449902,6.400500,0
1,1,38.455948,5.589700,0
1,1,38.460898,4.859100,0
1,1,38.468318,4.872300,0
1,1,38.476341,5.646800,0
1,1,38.481411,5.575200,0
1,1,38.487393,4.992200,0
1,1,38.493427,4.884900,0
1,1,38.499937,5.022500,0
1,1,38.506312,5.713900,0
1,1,38.511514,4.858200,0
1,1,38.516990,4.923000,0
1,1,38.522343,4.949100,0
1,1,38.527563,4.950500,0
1,1,38.534784,4.815100,0
1,1,38.540597,5.660700,0
1,1,38.546103,5.075300,0
1,1,38.552183,4.996400,0
1,1,38.559346,5.209200,0
1,1,38.565455,5.710500,0
1,1,38.571713,5.542600,0
1,1,38.578801,5.760800,0
1,1,38.583874,5.102000,0
1,1,38.589939,4.795100,0
1,1,38.595623,4.909500,0
1,1,38.599952,4.926000,0
1,1,38.606859,4.831800,0
1,1,38.612939,5.676700,0
1,1,38.618990,4.835900,0
1,1,38.624600,4.971600,0
1,1,38.629557,4.983800,0
1,1,38.635104,4.959100,0
1,1,38.640571,4.960500,0
1,1,38.646789,5.497300,0
1,1,38.652930,6.161900,0
1,1,38.659513,4.901800,0
1,1,38.667012,5.809900,0
1,1,38.672626,4.941600,0
1,1,38.680020,5.242500,0
1,1,38.685922,5.778200,0
1,1,38.691684,4.968200,0
1,1,38.696928,5.092000,0
1,1,38.703161,5.024100,0
1,1,38.708496,5.038900,0
1,1,38.714291,5.521800,0
1,1,38.722422,6.290300,0
1,1,38.728016,5.009600,0
1,1,38.733293,4.900600,0
1,1,38.739955,5.793300,0
1,1,38.744782,5.228000,0
1,1,38.751262,4.777000,0
1,1,38.756578,5.794900,0
1,1,38.763974,5.546500,0
1,1,38.769708,4.986300,0
1,1,38.775552,5.092600,0
1,1,38.780772,5.000500,0
1,1,38.786647,4.925300,0
1,1,38.790775,4.895400,0
1,1,38.798428,5.956400,0
1,1,38.804481,5.923500,0
1,1,38.809453,4.937500,0
1,1,38.814799,4.920000,0
1,1,38.822035,4.883700,0
1,1,38.827468,5.713000,0
1,1,38.833149,5.085700,0
1,1,38.839219,5.037200,0
1,1,38.844784,5.101400,0
1,1,38.851495,5.480900,0
1,1,38.857786,5.773800,0
1,1,38.863709,5.032800,0
1,1,38.870540,5.121300,0
1,1,38.876386,5.551000,0
1,1,38.881606,5.039400,0
1,1,38.889148,6.008300,0
1,1,38.894187,4.926900,0
1,1,38.899252,5.000300,0
1,1,38.905190,4.875900,0
1,1,38.910957,6.062600,0
1,1,38.917881,5.400700,0
1,1,38.922582,5.256200,0
1,1,38.929053,5.723500,0
1,1,38.934880,5.136800,0
1,1,38.942387,5.135100,0
1,1,38.947705,6.487100,0
1,1,38.953478,5.154400,0
1,1,38.961404,6.382400,0
1,1,38.967541,5.159200,0
1,1,38.971747,4.927900,0
1,1,38.978334,4.776100,0
1,1,38.984109,5.603400,0
1,1,38.991764,5.571000,0
1,1,38.996757,5.712100,0
1,1,39.002741,4.820800,0
1,1,39.008730,4.839000,0
1,1,39.015428,5.637900,0
1,1,39.020676,5.037300,0
1,1,39.027342,4.995000,0
1,1,39.032866,5.665100,0
1,1,39.037889,5.093300,0
1,1,39.043954,4.897900,0
1,1,39.051155,5.821600,0
1,1,39.057672,5.738900,0
1,1,39.062872,5.182600,0
1,1,39.070034,5.750000,0
1,1,39.075507,5.509100,0
1,1,39.081252,5.290600,0
1,1,39.087501,5.834000,0
1,1,39.095811,6.401200,0
1,1,39.100260,5.453400,0
1,1,39.107459,5.272300,0
1,1,39.113401,6.480500,0
1,1,39.119863,5.318200,0
1,1,39.124676,5.367000,0
1,1,39.131903,5.579300,0
1,1,39.139234,6.041100,0
1,1,39.144515,5.212200,0
1,1,39.152199,5.932500,0
1,1,39.159418,6.107100,0
1,1,39.164740,5.755800,0
1,1,39.170339,5.099900,0
1,1,39.175506,5.107500,0
1,1,39.183262,6.405400,0
1,1,39.190433,5.880600,0
1,1,39.196275,5.585800,0
1,1,39.201864,5.120600,0
1,1,39.208069,5.136400,0
1,1,39.216685,5.920400,0
1,1,39.221587,5.142700,0
1,1,39.228051,5.216600,0
1,1,39.234949,4.990200,0
1,1,39.240968,5.831700,0
1,1,39.246724,5.134300,0
1,1,39.252757,5.189900,0
1,1,39.258140,5.271600,0
1,1,39.263997,5.013200,0
1,1,39.271072,5.558100,0
1,1,39.276496,6.386800,0
1,1,39.282188,5.488600,0
1,1,39.288088,4.919600,0
1,1,39.295191,5.665400,0
1,1,39.302956,5.673700,0
1,1,39.308126,5.072700,0
1,1,39.314545,5.001100,0
1,1,39.321829,5.059500,0
1,1,39.326422,5.111100,0
1,1,39.333044,5.140300,0
1,1,39.338666,5.435400,0
1,1,39.344114,5.134900,0
1,1,39.351336,5.689100,0
1,1,39.358068,5.473800,0
1,1,39.363995,5.214900,0
1,1,39.370048,5.635300,0
1,1,39.375864,5.012700,0
1,1,39.383868,5.018100,0
1,1,39.389578,5.106900,0
1,1,39.395661,5.053600,0
1,1,39.403166,5.358300,0
1,1,39.409663,5.148600,0
1,1,39.416665,5.304400,0
1,1,39.422074,5.508900,0
1,1,39.429163,4.951100,0
1,1,39.436041,5.659700,0
1,1,39.442198,5.448900,0
1,1,39.449835,5.341100,0
1,1,39.457333,6.034300,0
1,1,39.464913,6.404300,0
1,1,39.471319,6.840700,0
1,1,39.477297,4.890100,0
1,1,39.483442,5.113700,0
1,1,39.490259,5.457000,0
1,1,39.496168,5.679600,0
1,1,39.501257,4.958300,0
1,1,39.508835,5.466000,0
1,1,39.515812,5.735700,0
1,1,39.521985,5.652600,0
1,1,39.529151,6.437100,0
1,1,39.534771,5.038900,0
1,1,39.540623,4.969400,0
1,1,39.545664,5.186800,0
1,1,39.552232,5.526200,0
1,1,39.558941,5.555500,0
1,1,39.564807,4.905800,0
1,1,39.569796,5.009800,0
1,1,39.574667,5.050900,0
1,1,39.580470,4.961500,0
1,1,39.588082,4.923200,0
1,1,39.594273,5.767600,0
1,1,39.599965,5.002100,0
1,1,39.607554,5.700600,0
1,1,39.614289,5.811900,0
1,1,39.619119,4.933000,0
1,1,39.625064,4.898000,0
1,1,39.631288,4.980100,0
1,1,39.635970,5.047400,0
1,1,39.642203,4.986200,0
1,1,39.648507,5.705100,0
1,1,39.654991,4.994800,0
1,1,39.662081,5.310100,0
1,1,39.667110,5.877500,0
1,1,39.672466,5.124500,0
1,1,39.678300,4.991600,0
1,1,39.684488,6.195900,0
1,1,39.691002,5.633200,0
1,1,39.696061,4.944700,0
1,1,39.704667,5.970300,0
1,1,39.710021,5.947200,0
1,1,39.715901,5.362200,0
1,1,39.722969,5.002500,0
1,1,39.728744,6.400000,0
1,1,39.735013,5.039100,0
1,1,39.742693,6.505800,0
1,1,39.748603,5.342300,0
1,1,39.755084,5.585100,0
1,1,39.761191,5.678200,0
1,1,39.767247,5.063100,0
1,1,39.773711,5.369400,0
1,1,39.779651,5.284200,0
1,1,39.786822,5.725500,0
1,1,39.791439,4.975400,0
1,1,39.797743,4.967600,0
1,1,39.803352,5.017400,0
1,1,39.808338,4.946100,0
1,1,39.814438,4.942900,0
1,1,39.821294,5.628300,0
1,1,39.828802,6.214300,0
1,1,39.833499,5.276500,0
1,1,39.838856,5.079800,0
1,1,39.843941,4.939400,0
1,1,39.850497,4.886600,0
1,1,39.856840,5.162800,0
1,1,39.864416,6.248800,0
1,1,39.869141,5.734700,0
1,1,39.874596,4.870800,0
1,1,39.881049,4.914800,0
1,1,39.886470,5.163300,0
1,1,39.891669,5.124700,0
1,1,39.897960,5.600600,0
1,1,39.905100,6.247800,0
1,1,39.911130,5.035900,0
1,1,39.919023,5.254200,0
1,1,39.925844,6.014500,0
1,1,39.931930,5.740300,0
1,1,39.937863,5.520000,0
1,1,39.943745,5.179400,0
1,1,39.949993,5.267500,0
1,1,39.956244,4.910400,0
1,1,39.961184,4.942000,0
1,1,39.968001,5.541800,0
1,1,39.974322,6.254400,0
1,1,39.979280,4.930900,0
1,1,39.985876,6.047200,0
1,1,39.991539,5.031000,0
1,1,39.996981,5.106900,0
1,1,40.004556,4.973600,0
1,1,40.009661,5.568200,0
1,1,40.015119,4.912500,0
1,1,40.021792,4.805900,0
1,1,40.026816,5.748200,0
1,1,40.034684,4.845900,0
1,1,40.040365,5.668000,0
1,1,40.048412,5.445400,0
1,1,40.055486,5.129400,0
1,1,40.060479,5.395200,0
1,1,40.065916,5.018000,0
1,1,40.072345,4.931800,0
1,1,40.078997,5.098300,0
1,1,40.086808,5.038900,0
1,1,40.093372,5.669300,0
1,1,40.101194,5.354100,0
1,1,40.107710,6.374700,0
1,1,40.114282,5.144800,0
1,1,40.120812,5.101400,0
1,1,40.128754,5.938800,0
1,1,40.135306,5.176100,0
1,1,40.143362,6.209200,0
1,1,40.149343,4.929000,0
1,1,40.156087,5.055900,0
1,1,40.162929,4.931700,0
1,1,40.170389,5.000600,0
1,1,40.177213,5.121100,0
1,1,40.183010,5.702300,0
1,1,40.190328,5.509300,0
1,1,40.197216,5.702000,0
1,1,40.202594,5.735100,0
1,1,40.210355,5.045700,0
1,1,40.217381,5.767800,0
1,1,40.224962,5.376100,0
1,1,40.231275,5.728800,0
1,1,40.238098,4.959700,0
1,1,40.244458,5.206800,0
1,1,40.251276,5.018700,0
1,1,40.258095,5.079700,0
1,1,40.265728,5.525600,0
1,1,40.272770,5.002200,0
1,1,40.280500,5.211900,0
1,1,40.287626,7.066800,0
1,1,40.294003,5.017400,0
1,1,40.300160,5.592400,0
1,1,40.307573,5.407800,0
1,1,40.313691,5.370300,0
1,1,40.320514,5.006900,0
1,1,40.325485,4.953000,0
1,1,40.331975,4.838700,0
1,1,40.339522,5.694900,0
1,1,40.344036,5.119300,0
1,1,40.351199,4.795700,0
1,1,40.356771,5.703000,0
1,1,40.363550,5.141800,0
1,1,40.370215,6.217000,0
1,1,40.378107,5.832300,0
1,1,40.384615,5.678400,0
1,1,40.389467,5.612900,0
1,1,40.395456,4.930100,0
1,1,40.400501,5.235600,0
1,1,40.408428,5.621600,0
1,1,40.414600,5.696600,0
1,1,40.419335,4.945900,0
1,1,40.425378,5.087100,0
1,1,40.432748,4.982500,0
1,1,40.439238,5.880200,0
1,1,40.444130,5.015600,0
1,1,40.451089,5.353900,0
1,1,40.457560,5.734100,0
1,1,40.464674,4.946400,0
1,1,40.470203,5.110200,0
1,1,40.477807,5.125600,0
1,1,40.482092,5.751900,0
1,1,40.489540,5.259200,0
1,1,40.495135,6.419100,0
1,1,40.501797,5.115500,0
1,1,40.508929,5.568700,0
1,1,40.515467,5.087100,0
1,1,40.520669,4.961900,0
1,1,40.528426,4.903900,0
1,1,40.535098,6.237000,0
1,1,40.539679,5.110200,0
1,1,40.547677,5.969800,0
1,1,40.553463,5.616200,0
1,1,40.558316,4.918300,0
1,1,40.565327,5.483000,0
1,1,40.573092,5.304700,0
1,1,40.580088,5.839600,0
1,1,40.586186,4.971800,0
1,1,40.591597,5.572000,0
1,1,40.599274,5.979200,0
1,1,40.604778,5.179400,0
1,1,40.611044,5.650300,0
1,1,40.616414,4.888200,0
1,1,40.621642,5.012400,0
1,1,40.627961,5.026100,0
1,1,40.634051,6.137700,0
1,1,40.640133,5.707200,0
1,1,40.646074,5.174900,0
1,1,40.652205,4.930200,0
1,1,40.657692,5.240900,0
1,1,40.663908,5.881700,0
1,1,40.671728,5.655100,0
1,1,40.677187,5.829700,0
1,1,40.683922,5.036200,0
1,1,40.690908,5.665500,0
1,1,40.696123,5.032100,0
1,1,40.700987,5.209400,0
1,1,40.707333,4.998000,0
1,1,40.713471,5.045200,0
1,1,40.718567,4.925600,0
1,1,40.724960,6.129400,0
1,1,40.732681,5.547400,0
1,1,40.739680,5.546000,0
1,1,40.745163,6.240500,0
1,1,40.751237,4.953200,0
1,1,40.757527,6.162700,0
1,1,40.763276,5.040300,0
1,1,40.768576,4.879000,0
1,1,40.774141,5.137900,0
1,1,40.781186,5.954000,0
1,1,40.787393,5.763200,0
1,1,40.794287,4.773100,0
1,1,40.800046,5.559100,0
1,1,40.805937,5.317800,0
1,1,40.811238,5.304100,0
1,1,40.817051,4.999900,0
1,1,40.823499,4.999800,0
1,1,40.829061,5.685400,0
1,1,40.835476,5.525700,0
1,1,40.841882,5.135800,0
1,1,40.848397,5.567500,0
1,1,40.853079,5.155800,0
1,1,40.858168,4.948400,0
1,1,40.865243,5.474800,0
1,1,40.872840,6.567300,0
1,1,40.878380,5.083000,0
1,1,40.886262,4.655700,0
1,1,40.891587,4.965100,0
1,1,40.898359,5.294800,0
1,1,40.904953,5.783300,0
1,1,40.911617,5.213800,0
1,1,40.918146,5.877800,0
1,1,40.923937,5.248700,0
1,1,40.930521,5.574000,0
1,1,40.937784,6.403900,0
1,1,40.943987,5.070800,0
1,1,40.948927,5.160600,0
1,1,40.954961,5.023800,0
1,1,40.960575,4.921800,0
1,1,40.967827,5.955600,0
1,1,40.974717,5.803900,0
1,1,40.980017,5.033200,0
1,1,40.984891,4.755800,0
1,1,40.990439,5.676900,0
1,1,40.997007,5.664100,0
1,1,41.003518,5.552400,0
1,1,41.009308,5.280800,0
1,1,41.016272,5.562000,0
1,1,41.023293,5.120600,0
1,1,41.028547,5.159300,0
1,1,41.034670,5.129200,0
1,1,41.041811,5.210600,0
1,1,41.047819,5.628900,0
1,1,41.053509,5.094800,0
1,1,41.058610,4.884900,0
1,1,41.066235,4.966200,0
1,1,41.071794,6.376700,0
1,1,41.078566,5.060000,0
1,1,41.085732,5.718800,0
1,1,41.091132,5.098500,0
1,1,41.096731,5.149500,0
1,1,41.103201,5.574200,0
1,1,41.108852,4.956200,0
1,1,41.114686,5.045300,0
1,1,41.121898,5.761700,0
1,1,41.127760,5.029400,0
1,1,41.133601,4.928700,0
1,1,41.138950,5.361000,0
1,1,41.144322,4.980000,0
1,1,41.149547,4.937700,0
1,1,41.155314,4.973600,0
1,1,41.162370,6.130300,0
1,1,41.169494,5.122700,0
1,1,41.177548,6.318400,0
1,1,41.182479,5.875500,0
1,1,41.188509,4.870600,0
1,1,41.193964,5.368300,0
1,1,41.201241,5.692800,0
1,1,41.207582,5.459800,0
1,1,41.215153,5.729800,0
1,1,41.220586,5.045000,0
1,1,41.226984,4.883100,0
1,1,41.233652,5.027900,0
1,1,41.239885,5.740500,0
1,1,41.247230,5.765200,0
1,1,41.253797,5.773000,0
1,1,41.259916,5.108900,0
1,1,41.267382,5.259800,0
1,1,41.272408,5.688400,0
1,1,41.278992,5.063500,0
1,1,41.284529,5.578800,0
1,1,41.290591,5.484800,0
1,1,41.296084,4.958100,0
1,1,41.301584,5.094500,0
1,1,41.308874,4.995000,0
1,1,41.314931,6.373100,0
1,1,41.320399,4.979600,0
1,1,41.325737,4.992400,0
1,1,41.331291,4.958500,0
1,1,41.337363,4.962400,0
1,1,41.342059,5.034500,0
1,1,41.348880,5.995800,0
1,1,41.356576,5.702100,0
1,1,41.363031,5.765800,0
1,1,41.370266,5.642000,0
1,1,41.377268,5.641500,0
1,1,41.384276,5.051200,0
1,1,41.389875,6.430400,0
1,1,41.395969,5.119700,0
1,1,41.401403,4.949700,0
1,1,41.407867,5.227100,0
1,1,41.414862,5.660300,0
1,1,41.421963,5.573500,0
1,1,41.428697,6.872400,0
1,1,41.433372,4.859600,0
1,1,41.439760,5.387300,0
1,1,41.444738,4.898900,0
1,1,41.450786,4.759600,0
1,1,41.455640,5.103500,0
1,1,41.463751,6.377000,0
1,1,41.470873,5.826200,0
1,1,41.476082,5.635100,0
1,1,41.482937,4.872500,0
1,1,41.488570,5.666100,0
1,1,41.494313,4.976800,0
1,1,41.499254,5.043500,0
1,1,41.504863,4.898800,0
1,1,41.510340,4.969700,0
1,1,41.516167,4.885300,0
1,1,41.521536,5.610300,0
1,1,41.528893,6.378200,0
1,1,41.534056,5.127100,0
