Cycle,Round,WallSeconds,FrameMS,GameBusyMS,RenderBusyMS,RHIBusyMS
1,1,5.123515,30.311100,2.901300,30.273701,2.079500
1,1,5.152410,28.895203,2.678100,28.940001,2.425600
1,1,5.175140,22.730298,2.729100,22.461901,2.014900
1,1,5.201724,26.584201,2.877100,26.773800,1.776500
1,1,5.225195,23.470599,2.501300,23.548599,2.055800
1,1,5.253757,28.561801,2.685200,28.325500,1.958100
1,1,5.277233,23.476500,2.791100,23.786100,1.979300
1,1,5.305632,28.398901,2.494700,28.154900,1.870300
1,1,5.334567,28.934799,2.587900,29.015100,2.680200
1,1,5.357956,23.388598,3.000400,22.860901,1.928000
1,1,5.386023,28.067499,3.410000,28.443600,2.015800
1,1,5.407758,21.734800,2.716600,21.760401,2.033800
1,1,5.436314,28.556500,2.675000,28.521799,2.357800
1,1,5.459842,23.527604,3.135200,23.680901,2.081100
1,1,5.487048,27.206097,2.820700,27.068100,2.030300
1,1,5.510584,23.535602,2.597300,23.606899,4.058300
1,1,5.539118,28.534099,2.893200,28.332600,2.123600
1,1,5.568104,28.986402,2.750800,29.064899,2.603100
1,1,5.591657,23.552299,3.063000,23.239799,3.012500
1,1,5.617856,26.199900,3.292100,26.643400,2.564800
1,1,5.641784,23.927599,2.731900,23.459299,2.644200
1,1,5.666442,24.658401,3.101400,24.546801,2.859300
1,1,5.692427,25.984399,3.300500,25.909000,2.137300
1,1,5.719228,26.801601,3.190900,27.186501,2.036700
1,1,5.741638,22.409599,2.821300,22.561501,1.772000
1,1,5.770521,28.882701,2.429200,28.475800,2.450600
1,1,5.794419,23.898501,3.118100,23.686199,3.411400
1,1,5.822371,27.952000,3.997100,28.224400,1.979200
1,1,5.845645,23.273699,2.994600,23.313601,2.064400
1,1,5.874055,28.409600,3.003200,28.174601,1.894900
1,1,5.900568,26.513100,3.640200,27.052200,2.090400
1,1,5.926273,25.705799,3.085500,24.810600,2.007200
1,1,5.953116,26.842300,3.576300,27.668100,2.320700
1,1,5.975979,22.863101,2.466400,22.693300,2.042400
1,1,6.003006,27.026799,2.679600,27.196199,2.533000
1,1,6.028296,25.290001,2.328600,24.886101,1.750300
1,1,6.055595,27.299698,2.948300,27.424101,1.926300
1,1,6.085757,30.161399,3.185400,30.057100,2.055600
1,1,6.108380,22.623103,3.153600,22.862801,1.731300
1,1,6.135610,27.229797,3.515800,27.171600,1.579300
1,1,6.159337,23.727700,2.569700,23.786800,1.707300
1,1,6.188143,28.805301,2.547200,28.785700,1.867900
1,1,6.216216,28.072901,2.472300,27.858900,2.257900
1,1,6.238189,21.973301,2.850500,22.077900,2.259900
1,1,6.261108,22.918798,2.898200,23.008400,2.332400
1,1,6.288220,27.112301,2.551000,27.033400,2.012800
1,1,6.311161,22.941299,2.509400,23.023600,2.028300
1,1,6.340417,29.256001,2.522200,28.771601,1.903700
1,1,6.369244,28.826300,2.888300,29.366800,1.748800
1,1,6.392248,23.004498,2.290200,22.581600,2.311300
1,1,6.418565,26.317302,3.180200,26.594700,1.706000
1,1,6.441396,22.830199,2.430000,23.011900,1.752100
1,1,6.468493,27.096998,2.191900,26.983999,1.853600
1,1,6.491650,23.157503,2.244200,22.945999,1.471800
1,1,6.518081,26.430599,2.466800,26.506100,2.070700
1,1,6.541222,23.141097,2.515300,23.044701,1.537000
1,1,6.565178,23.956001,2.504200,24.103001,2.033100
1,1,6.591009,25.831502,2.346400,25.596500,2.103500
1,1,6.617521,26.511300,2.555800,26.764700,2.055200
1,1,6.641561,24.040800,2.259800,23.495800,1.755200
1,1,6.671211,29.649999,2.994500,30.090500,1.820800
1,1,6.693772,22.560600,2.326100,22.277599,2.051700
1,1,6.722133,28.361201,2.904400,28.435200,1.890800
1,1,6.748615,26.481498,2.960400,26.512800,2.393200
1,1,6.774775,26.160400,2.650800,25.741501,2.000500
1,1,6.803828,29.052999,2.891100,29.622499,1.766100
1,1,6.826550,22.722200,2.629700,22.813700,2.326500
1,1,6.852494,25.943503,2.250700,25.930201,1.726400
1,1,6.875803,23.308899,2.216700,23.344400,1.879100
1,1,6.902873,27.070798,2.161100,27.120001,1.683600
1,1,6.932162,29.288501,2.128500,28.888300,1.873900
1,1,6.954416,22.254102,2.536100,22.379200,1.621800
1,1,6.977812,23.396399,2.398600,23.414700,1.794500
1,1,7.007218,29.405501,2.572100,29.157900,1.574400
1,1,7.028789,21.570701,2.884400,21.869400,2.292000
1,1,7.056768,27.979098,2.465700,27.704500,1.902500
1,1,7.085255,28.487101,2.493700,28.363001,2.222700
1,1,7.111789,26.534397,2.745900,23.127399,2.142500
1,1,7.136955,25.165502,6.494600,28.374500,2.212700
1,1,7.159560,22.605699,2.772000,23.025400,1.560300
1,1,7.187508,27.947903,2.607800,27.854900,2.103400
1,1,7.210697,23.188297,2.302700,22.953800,1.389200
1,1,7.237264,26.567403,2.780200,26.782600,1.405800
1,1,7.260873,23.609199,2.389000,23.245399,1.708000
1,1,7.289559,28.685302,3.043600,28.580500,1.477600
1,1,7.312079,22.520300,2.847200,23.129400,1.764800
1,1,7.341812,29.733296,2.546500,28.876301,1.767300
1,1,7.370255,28.442901,3.219300,29.073700,2.090800
1,1,7.393268,23.012601,2.574200,22.893999,1.894300
1,1,7.421672,28.404601,2.676400,28.635000,2.027300
1,1,7.451963,30.290298,2.450800,30.132401,2.189700
1,1,7.475160,23.197401,2.490000,22.912300,1.833700
1,1,7.502588,27.428102,3.013600,27.726801,1.991100
1,1,7.525592,23.003798,3.055700,22.807699,1.854000
1,1,7.552557,26.965100,3.165700,26.879801,2.014300
1,1,7.575979,23.421600,3.606900,23.761101,1.763800
1,1,7.603760,27.780998,2.741900,27.638599,2.212100
1,1,7.629391,25.630999,2.933100,24.867599,2.131100
1,1,7.659358,29.967703,3.841200,30.757999,1.809800
1,1,7.689404,30.045800,2.598600,29.758900,2.490900
1,1,7.715963,26.559200,3.120200,25.972601,2.002900
1,1,7.742245,26.281398,3.709400,26.884800,1.766600
1,1,7.769748,27.503401,2.787000,27.876101,2.122500
1,1,7.800608,30.860398,2.496500,30.790501,2.082500
1,1,7.824783,24.174102,2.581800,23.974701,1.867500
1,1,7.849887,25.104299,2.739600,25.205900,1.878800
1,1,7.876389,26.502199,2.470100,25.745100,2.138600
1,1,7.902916,26.526403,2.622700,27.326599,2.021000
1,1,7.927354,24.438500,2.632200,24.266600,2.142800
1,1,7.957328,29.974200,2.665700,29.843000,1.710500
1,1,7.986023,28.694998,2.918400,29.226299,2.296100
1,1,8.009412,23.388699,2.208800,23.125900,2.091300
1,1,8.037392,27.979903,2.471000,28.165001,1.906900
1,1,8.061379,23.987699,2.279300,23.959499,1.726200
1,1,8.088991,27.611598,2.612100,27.508301,1.786500
1,1,8.117952,28.961301,2.435700,29.151800,1.981700
1,1,8.141771,23.818102,2.309400,23.065701,1.798700
1,1,8.169919,28.148599,2.877200,28.927601,1.948000
1,1,8.194203,24.283599,2.098800,23.785801,2.000600
1,1,8.222006,27.803201,2.596600,27.820700,1.788800
1,1,8.244741,22.734899,2.662700,23.125401,1.783100
1,1,8.275079,30.338500,2.151200,29.624500,1.621200
1,1,8.302622,27.542900,2.834900,27.920000,2.089800
1,1,8.326618,23.996100,2.564600,23.215700,1.660900
1,1,8.354019,27.400799,3.054000,28.242300,1.799400
1,1,8.378930,24.911202,2.461800,24.844200,1.855300
1,1,8.408530,29.600099,2.476000,29.427900,1.970000
1,1,8.437489,28.958499,2.786000,29.235201,1.899700
1,1,8.461468,23.979299,2.632700,22.932301,2.110300
1,1,8.490697,29.228702,3.638000,30.011999,2.180200
1,1,8.520952,30.254699,2.635000,30.551300,2.092800
1,1,8.546083,25.131900,2.579600,25.028000,1.675500
1,1,8.575111,29.027801,2.655400,28.537901,2.348100
1,1,8.604166,29.055100,3.047600,29.432501,2.099100
1,1,8.628168,24.001401,2.689800,23.637899,2.049400
1,1,8.659811,31.642798,3.251100,31.552900,2.298700
1,1,8.686853,27.042799,2.942600,27.282200,2.386700
1,1,8.712129,25.276102,2.961900,25.330500,2.111600
1,1,8.740186,28.056100,2.881600,28.268400,1.586000
1,1,8.768512,28.326798,2.371800,28.513800,1.687400
1,1,8.792190,23.677800,2.162600,23.521601,1.401800
1,1,8.814726,22.536300,2.220900,22.327900,1.688800
1,1,8.840935,26.209000,2.704000,26.332500,1.871600
1,1,8.868317,27.381800,2.340100,27.354000,1.847700
1,1,8.891798,23.480501,2.383700,23.650600,1.497900
1,1,8.918959,27.161699,2.070300,27.020901,1.566000
1,1,8.941411,22.451699,2.308000,22.480700,1.809700
1,1,8.968945,27.534302,2.357500,27.601999,2.090000
1,1,8.992432,23.486998,2.514700,22.939800,1.401400
1,1,9.021387,28.954200,3.424500,29.066900,2.140800
1,1,9.043874,22.487301,3.158900,22.162500,2.506900
1,1,9.070353,26.478801,3.424800,26.907200,2.025100
1,1,9.093645,23.292199,3.881800,23.215700,1.857600
1,1,9.122580,28.935499,3.006700,28.485500,2.092400
1,1,9.145511,22.930201,3.345700,23.375099,1.781700
1,1,9.175110,29.599499,2.866600,28.897699,1.735500
1,1,9.201016,25.906101,3.303800,26.777201,2.129900
1,1,9.225348,24.332199,2.706000,24.459499,1.788600
1,1,9.253349,28.000601,2.301300,27.895901,1.690200
1,1,9.275759,22.410300,2.361100,22.600401,1.715100
1,1,9.304078,28.318699,2.246500,28.246099,1.896900
1,1,9.326822,22.743601,2.084400,22.561001,1.678200
1,1,9.354408,27.585801,2.520200,27.819201,1.582800
1,1,9.377357,22.949498,1.961100,22.679399,1.976600
1,1,9.405907,28.550301,2.690000,28.521400,1.734000
1,1,9.435747,29.839899,2.460900,29.389200,1.812000
1,1,9.458810,23.062602,2.891700,22.525400,1.688600
1,1,9.484876,26.065800,3.524000,27.039400,2.170800
1,1,9.507602,22.726398,2.710800,22.137300,1.749800
1,1,9.534484,26.882399,2.865000,27.572001,1.816900
1,1,9.558550,24.065603,2.322300,23.427200,1.449300
1,1,9.586062,27.512297,3.079300,27.891899,2.190300
1,1,9.608687,22.624902,2.562500,22.519300,1.532400
1,1,9.635636,26.948798,2.590100,27.091299,1.885400
1,1,9.661694,26.057802,2.731100,25.717100,1.626900
1,1,9.687718,26.023999,2.853800,26.693199,1.976800
1,1,9.711584,23.866698,2.075600,23.620100,1.885200
1,1,9.740287,28.702203,2.561400,28.410999,1.898500
1,1,9.768147,27.859900,2.681900,28.055901,2.185600
1,1,9.792335,24.188098,2.750600,24.000900,1.867000
1,1,9.820288,27.953099,2.817600,28.258400,2.035300
1,1,9.843200,22.912700,2.481300,22.252199,1.756700
1,1,9.870262,27.061302,2.738200,27.590300,1.905700
1,1,9.894166,23.904201,2.669700,23.568199,1.623900
1,1,9.922447,28.280500,2.633700,28.836201,3.001200
1,1,9.947957,25.510099,2.196300,25.042000,1.796000
1,1,9.973473,25.516700,2.830300,25.265499,1.668900
1,1,10.000923,27.449299,2.996300,27.766800,1.893800
1,1,10.025618,24.695702,3.064700,24.762899,1.676400
1,1,10.052819,27.200598,2.418400,26.967899,1.935300
1,1,10.076627,23.807701,2.651300,23.783501,2.178600
1,1,10.104060,27.433299,2.595300,27.333401,1.882600
1,1,10.125644,21.583803,3.110600,21.837500,2.197600
1,1,10.152531,26.887499,2.964300,26.952600,2.749100
1,1,10.177484,24.953000,2.753600,24.544399,1.756600
1,1,10.202984,25.499899,3.106300,26.044701,1.899300
1,1,10.226832,23.848400,2.295000,22.898701,1.593200
1,1,10.252626,25.793903,3.151600,26.698099,2.082000
1,1,10.274984,22.357199,2.251800,22.365299,1.559200
1,1,10.302348,27.364399,2.356900,27.001301,2.117200
1,1,10.325537,23.189001,2.598100,23.480700,1.954300
1,1,10.353970,28.432898,2.290500,28.467501,1.481000
1,1,10.376241,22.270702,2.333100,22.091499,1.975400
1,1,10.402730,26.489899,2.481700,26.750401,1.684200
1,1,10.425271,22.540100,2.165500,22.370399,1.986500
1,1,10.449138,23.867600,2.272300,23.681601,1.981800
1,1,10.474177,25.038403,2.456100,25.258699,1.719000
1,1,10.501929,27.752198,2.247500,27.696899,1.811500
1,1,10.523462,21.533001,2.309000,21.730400,1.788300
1,1,10.548479,25.017001,2.043600,24.680000,1.929000
1,1,10.573994,25.515098,2.416000,25.844500,1.788500
1,1,10.601561,27.567599,2.076700,27.223499,1.759300
1,1,10.624084,22.522300,2.386200,22.550699,1.784600
1,1,10.652852,28.768301,2.453800,28.661699,1.913200
1,1,10.675705,22.852499,2.548900,22.608200,1.706300
1,1,10.700232,24.527002,2.859900,24.084000,1.679000
1,1,10.724975,24.743099,3.166700,25.434401,1.600100
1,1,10.752357,27.382299,2.497500,27.644699,1.870700
1,1,10.775747,23.390200,2.225500,23.077999,1.781500
1,1,10.802152,26.404701,2.378000,26.388201,1.775300
1,1,10.825056,22.904299,2.438600,22.847601,1.713000
1,1,10.847358,22.302099,2.471800,22.109800,1.715200
1,1,10.875173,27.814500,2.964600,27.893299,1.468400
1,1,10.896808,21.635201,2.571500,21.759600,1.804200
1,1,10.924923,28.115101,2.604900,27.863100,1.865900
1,1,10.951618,26.694499,2.856500,26.994200,1.683800
1,1,10.973832,22.214402,2.452500,22.304399,1.776000
1,1,10.998610,24.778400,2.396800,24.939501,1.856200
1,1,11.023234,24.623200,2.279000,24.253901,1.828200
1,1,11.050080,26.846200,2.481600,26.941401,1.554800
1,1,11.073379,23.298901,2.227000,22.993799,1.927900
1,1,11.096045,22.666499,2.886400,22.975500,1.805500
1,1,11.122124,26.078798,2.866700,26.159700,1.716200
1,1,11.145497,23.372702,2.322500,23.354300,2.301400
1,1,11.174546,29.049199,2.723100,28.611200,1.603000
1,1,11.201872,27.325898,2.721600,27.390301,1.628400
1,1,11.223596,21.724403,2.714300,22.150999,1.863200
1,1,11.252797,29.200900,2.239000,29.180700,2.357600
1,1,11.275794,22.996698,2.441800,22.332500,1.759300
1,1,11.302168,26.374299,2.887600,26.597500,2.357300
1,1,11.323818,21.650001,2.792100,22.086300,2.110200
1,1,11.346644,22.826299,2.069900,22.726000,2.492300
1,1,11.373269,26.624702,2.353400,26.653099,1.876700
1,1,11.401846,28.577000,2.570500,28.290100,1.878500
1,1,11.425271,23.424901,2.518900,22.858900,1.785500
1,1,11.451890,26.618697,3.055400,26.761700,2.407500
1,1,11.475418,23.528002,2.727900,23.770201,1.882100
1,1,11.502066,26.648600,2.676300,26.785601,2.118200
1,1,11.523784,21.717601,2.645200,22.016399,1.524500
1,1,11.553209,29.425398,2.088600,29.103701,2.053500
1,1,11.575276,22.067100,2.588200,22.232401,1.814900
1,1,11.602598,27.321700,2.302300,26.995800,1.712500
1,1,11.625291,22.693001,2.603700,22.771000,1.556700
1,1,11.652616,27.325001,2.591300,27.590700,1.813500
1,1,11.677345,24.729200,2.386600,24.488199,1.567700
1,1,11.703651,26.305702,2.540700,26.464500,1.706500
1,1,11.726829,23.178499,2.181200,23.129499,1.508200
1,1,11.756167,29.337600,2.640800,29.316900,1.832700
1,1,11.785139,28.971601,2.372700,28.949699,1.746300
1,1,11.808351,23.211900,2.441800,23.164101,1.581800
1,1,11.837316,28.965097,2.361000,29.100800,2.026200
1,1,11.861814,24.497803,2.359900,24.203199,2.927100
1,1,11.888391,26.577100,2.638700,26.871300,1.323700
1,1,11.913546,25.155898,2.077800,24.760000,1.972200
1,1,11.938665,25.118802,3.058700,25.215300,1.711300
1,1,11.966697,28.031200,2.384200,28.166300,2.386000
1,1,11.989486,22.789598,2.545000,22.628000,1.860700
1,1,12.016175,26.688602,2.641500,26.957199,1.889500
1,1,12.039023,22.848099,2.063500,22.940399,1.875000
1,1,12.063749,24.725899,2.103200,24.483999,1.863500
1,1,12.092987,29.238500,2.253800,29.191999,2.016500
1,1,12.119810,26.823200,2.531300,26.708099,1.829900
1,1,12.141734,21.923602,2.413200,22.012699,2.219800
1,1,12.173088,31.354200,2.308800,31.252199,1.788000
1,1,12.196333,23.245100,2.505200,23.667299,2.096300
1,1,12.230023,33.690199,1.877700,29.971600,1.726900
1,1,12.253883,23.859300,5.777300,27.197001,1.578500
1,1,12.279049,25.166299,2.596700,24.959000,1.813800
1,1,12.306963,27.914401,2.659000,27.385700,2.127600
1,1,12.337908,30.944198,3.482800,31.216400,2.139200
1,1,12.360702,22.794001,3.008400,22.797899,1.614700
1,1,12.389307,28.605402,3.198400,29.004000,1.871000
1,1,12.415460,26.152700,2.366600,25.660299,2.086800
1,1,12.442697,27.237397,2.964900,27.200300,1.979500
1,1,12.471078,28.381102,3.051300,28.613899,2.768300
1,1,12.493463,22.384699,2.667000,22.673100,1.621400
1,1,12.520657,27.194001,2.410000,27.132700,1.572500
1,1,12.543301,22.643998,2.377000,22.499800,1.645000
1,1,12.571813,28.511602,2.677200,28.552799,1.800900
1,1,12.595089,23.276601,2.427400,23.416100,1.931200
1,1,12.622332,27.243197,2.515700,27.377899,1.657600
1,1,12.647719,25.386199,2.209700,24.923599,2.009900
1,1,12.676079,28.360702,2.704900,28.395100,2.212800
1,1,12.703397,27.317699,2.793000,27.650101,1.853600
1,1,12.726631,23.234401,2.376000,22.875900,1.497400
1,1,12.755757,29.125500,3.148700,29.465900,1.791300
1,1,12.780705,24.948400,2.175100,24.947800,1.659200
1,1,12.805825,25.120199,2.650500,25.026400,1.914700
1,1,12.831628,25.802501,2.271100,25.896700,1.759500
1,1,12.855130,23.502000,2.280200,23.542801,1.975700
1,1,12.878541,23.410801,2.375200,23.266701,1.493700
1,1,12.906823,28.282698,2.813500,28.246000,1.446300
1,1,12.929334,22.510603,2.357100,22.397200,1.987600
1,1,12.956932,27.597599,2.438100,27.631300,1.553000
1,1,12.979836,22.904500,2.384500,22.781799,1.669400
1,1,13.006393,26.556399,2.635900,26.952700,1.457900
1,1,13.034547,28.154101,2.122700,28.093100,2.056500
1,1,13.057294,22.747301,2.075000,22.486700,1.505200
1,1,13.086398,29.104497,2.375900,29.084700,2.020000
1,1,13.108933,22.534501,2.509600,22.492500,2.081600
1,1,13.135755,26.821900,2.566400,27.200899,1.782000
1,1,13.160405,24.650302,2.074900,24.435600,1.584200
1,1,13.188144,27.738400,2.244500,27.398800,1.566300
1,1,13.211450,23.306001,2.501600,23.329100,1.737100
1,1,13.238556,27.106699,2.752100,27.115200,1.736900
1,1,13.261092,22.535898,2.513400,22.917200,1.751400
1,1,13.288377,27.285203,2.332900,26.960100,2.044900
1,1,13.312605,24.227500,2.383400,24.195499,1.869800
1,1,13.339172,26.567500,2.501000,26.833500,1.441600
1,1,13.365914,26.741799,2.196900,26.271900,1.929200
1,1,13.393068,27.153399,2.683800,26.943001,2.134100
1,1,13.421520,28.452002,2.869700,28.821100,1.580400
1,1,13.444652,23.132797,2.466400,23.253099,1.684800
1,1,13.473953,29.300202,2.536300,29.058300,1.604800
1,1,13.501927,27.974099,2.525100,28.424299,1.784000
1,1,13.524675,22.748701,2.296400,22.629900,1.606300
1,1,13.549320,24.644200,2.278200,24.401300,1.934100
1,1,13.575002,25.681902,2.689600,25.592501,1.643000
1,1,13.603432,28.430197,2.634100,28.580999,1.904800
1,1,13.627159,23.727201,2.708800,23.837999,2.000300
1,1,13.657720,30.560698,2.212700,30.299000,2.095400
1,1,13.686220,28.500203,2.510500,28.350401,2.299900
1,1,13.709496,23.276500,2.746600,23.241100,1.404700
1,1,13.738099,28.602999,2.635100,28.599300,1.582300
1,1,13.761289,23.189601,2.627700,23.786100,2.235500
1,1,13.788729,27.440000,2.025600,27.267799,1.787700
1,1,13.811463,22.733897,2.170300,22.803200,1.659600
1,1,13.838460,26.997402,2.227300,26.505501,1.587300
1,1,13.866303,27.843200,2.650500,27.367599,1.615100
1,1,13.891498,25.194701,3.249000,25.638599,1.977800
1,1,13.918615,27.117301,2.811100,27.224701,1.784600
1,1,13.942575,23.959197,2.884400,24.054001,1.639100
1,1,13.971022,28.447200,2.471500,28.262300,2.052200
1,1,13.994840,23.818400,2.855000,23.912201,1.470900
1,1,14.023116,28.275400,2.469900,28.324200,1.633100
1,1,14.050594,27.478900,2.381600,27.470301,1.695900
1,1,14.074910,24.315003,2.230200,24.167400,1.830500
1,1,14.103033,28.123397,2.696700,28.296200,1.685200
1,1,14.125821,22.788201,2.810500,22.626200,1.458400
1,1,14.153097,27.276300,2.583100,27.135201,1.538500
1,1,14.176908,23.810502,2.738500,23.890400,2.022200
1,1,14.204034,27.126197,2.512600,26.909700,1.772800
1,1,14.225994,21.960400,2.629200,22.266899,1.612400
1,1,14.253953,27.958401,2.593800,27.057301,2.191100
1,1,14.276151,22.198200,3.359000,23.129999,1.366200
1,1,14.305108,28.956402,3.484300,28.967600,2.023300
1,1,14.327649,22.541199,2.506200,22.309700,2.177200
1,1,14.356814,29.165201,2.714400,29.321100,2.171200
1,1,14.379663,22.848900,2.454000,22.801201,1.660000
1,1,14.407474,27.811397,2.657000,27.828699,1.762400
1,1,14.434425,26.950702,2.507600,27.198700,2.017400
1,1,14.457954,23.529500,2.365600,23.190100,1.661000
1,1,14.485289,27.334101,2.532300,27.730101,1.754100
1,1,14.506130,20.841297,2.177200,20.780100,1.757200
1,1,14.534631,28.501101,2.065300,28.229900,2.240000
1,1,14.557066,22.434700,2.289800,22.739000,1.865600
1,1,14.582335,25.269002,2.023600,24.639200,1.839700
1,1,14.606030,23.695800,3.153600,24.228500,1.814500
1,1,14.634330,28.299797,2.313400,27.932800,1.871800
1,1,14.659927,25.597002,2.856700,25.728701,2.029600
1,1,14.688594,28.666899,2.619800,28.496500,1.832900
1,1,14.710002,21.407600,2.863900,21.464100,1.919000
1,1,14.737393,27.391598,2.954600,27.851801,2.073600
1,1,14.760014,22.620603,2.115000,22.245100,1.781000
1,1,14.783186,23.172200,2.478100,23.360001,1.596300
1,1,14.809247,26.060998,2.166100,25.943399,1.822000
1,1,14.835130,25.882900,2.384700,26.185801,1.817800
1,1,14.859145,24.014901,1.938100,23.612801,1.714100
1,1,14.882753,23.607600,2.439000,23.808901,1.676900
1,1,14.907993,25.240500,2.506800,25.206600,2.794100
1,1,14.936808,28.815400,2.113300,28.960800,1.916500
1,1,14.959780,22.971701,2.589200,22.056900,1.423500
1,1,14.986886,27.105998,2.951500,28.200500,1.918200
1,1,15.009550,22.663601,2.019700,21.909800,1.530700
1,1,15.037509,27.959500,2.724800,28.332199,1.929500
1,1,15.061018,23.508601,2.580900,23.213699,1.785700
1,1,15.080866,19.847799,2.700100,20.237600,1.759700
1,1,15.108920,28.054599,2.085700,27.522200,1.977600
1,1,15.132675,23.754802,2.793400,24.174299,1.811000
1,1,15.158087,25.411699,2.253800,25.452900,1.831700
1,1,15.185535,27.448799,2.324500,27.582399,1.950400
1,1,15.207154,21.618500,2.401200,21.209700,1.926200
1,1,15.235097,27.942702,2.513600,27.884701,1.779200
1,1,15.256930,21.833200,2.783600,22.008699,2.058800
1,1,15.278750,21.820098,2.321700,21.803101,1.730100
1,1,15.308262,29.511999,2.891000,29.539900,1.703700
1,1,15.336161,27.898703,2.477900,28.111200,1.860900
1,1,15.358861,22.700697,2.178100,22.157600,2.189300
1,1,15.383251,24.390101,2.834100,24.343201,1.914900
1,1,15.408179,24.928000,2.746900,25.062700,1.730800
1,1,15.432335,24.155300,2.576800,24.448099,1.832400
1,1,15.457251,24.916198,2.475100,24.813499,1.759400
1,1,15.484865,27.614303,2.242100,27.662399,1.681000
1,1,15.506491,21.625597,2.141000,21.851601,1.614500
1,1,15.530190,23.699202,1.985000,23.088400,1.832000
1,1,15.556616,26.425499,2.606700,26.763599,1.479000
1,1,15.583487,26.871700,2.137200,26.786800,1.799100
1,1,15.607067,23.579702,2.249000,23.576599,1.896800
1,1,15.635252,28.185397,2.783900,28.445700,2.000000
1,1,15.657713,22.460703,2.295500,22.237900,1.981400
1,1,15.687265,29.552098,2.352700,29.749001,2.354900
1,1,15.710370,23.104802,2.575800,22.546101,1.870400
1,1,15.737129,26.758898,2.882300,27.148500,1.726100
1,1,15.759705,22.575900,2.050500,22.489201,1.614300
1,1,15.787414,27.708702,2.586700,27.733801,1.549600
1,1,15.810667,23.253899,2.246300,23.246300,2.126800
1,1,15.838350,27.682200,2.573000,27.531500,1.796800
1,1,15.864888,26.538700,2.731600,26.392099,1.498100
1,1,15.890428,25.540199,2.643400,25.763300,1.712800
1,1,15.919904,29.475302,2.436600,29.336201,1.636800
1,1,15.942367,22.463698,2.502400,22.263500,1.773300
1,1,15.968017,25.649600,2.656500,26.112400,1.873400
1,1,15.990970,22.953101,2.103300,22.805599,1.721700
1,1,16.019967,28.996602,2.177600,29.135599,1.785400
1,1,16.041842,21.875098,2.225100,21.959600,1.490900
1,1,16.071401,29.559601,2.037000,29.159500,1.639700
1,1,16.091887,20.485200,2.667600,20.936899,1.584000
1,1,16.120500,28.613701,2.027900,28.141701,1.935200
1,1,16.143187,22.686899,2.508700,22.470900,1.507100
1,1,16.170564,27.376700,2.808000,27.947599,1.925300
1,1,16.195196,24.631899,2.195700,24.230101,1.806600
1,1,16.220114,24.917800,2.510800,25.184700,1.793200
1,1,16.244653,24.539102,1.887600,24.521601,1.595500
1,1,16.271922,27.268700,2.464900,26.944099,2.057700
1,1,16.294841,22.919498,2.610100,23.108999,1.832100
1,1,16.322086,27.245499,2.993400,27.077600,1.546500
1,1,16.344356,22.269201,2.355900,22.569300,2.168500
1,1,16.372053,27.697202,2.268400,27.442301,1.706500
1,1,16.398620,26.566900,2.436300,26.547300,1.860400
1,1,16.425754,27.133897,2.532600,26.607800,2.193300
1,1,16.451911,26.157003,3.353600,26.666201,1.954700
1,1,16.474609,22.698600,2.461000,22.657600,2.185200
1,1,16.502358,27.748700,2.939100,27.718800,2.235400
1,1,16.525713,23.354597,2.810700,23.484699,1.657800
1,1,16.548574,22.861000,2.214500,23.114401,1.542400
1,1,16.573681,25.107402,2.112800,25.130301,2.069700
1,1,16.597466,23.785498,2.079400,23.369101,1.636400
1,1,16.624158,26.691101,2.334100,26.457001,1.940500
1,1,16.646885,22.727098,2.681500,22.854300,2.354800
1,1,16.675540,28.655499,2.883800,28.300800,2.471900
1,1,16.701515,25.974702,3.439700,26.555099,1.949600
1,1,16.723947,22.431999,2.690900,22.507601,1.867500
1,1,16.752533,28.586101,2.607700,28.615499,1.723000
1,1,16.774421,21.888100,2.143800,21.560600,1.747500
1,1,16.802415,27.993601,2.726700,27.753700,1.758100
1,1,16.824460,22.045497,2.807100,22.011900,2.158500
1,1,16.851771,27.311202,2.772900,27.971701,1.904500
1,1,16.874539,22.767201,2.127600,22.267700,2.050700
1,1,16.901843,27.304899,2.788000,27.453501,1.819000
1,1,16.924111,22.267699,2.602400,22.381399,1.713100
1,1,16.951136,27.025200,2.288400,27.055300,2.089600
1,1,16.973989,22.852901,2.571800,22.795500,1.516300
1,1,17.004815,30.826099,2.281300,29.510700,1.985600
1,1,17.024188,19.372400,3.566800,20.607000,2.140600
1,1,17.050969,26.781000,2.934600,27.135599,1.971800
1,1,17.074282,23.312800,2.181200,22.994301,1.721400
1,1,17.102082,27.800001,2.290000,27.788300,1.856700
1,1,17.123991,21.909300,2.504500,21.990801,1.692700
1,1,17.148281,24.289697,2.182300,24.342800,2.015200
1,1,17.173622,25.341801,2.364800,25.268000,1.306200
1,1,17.195792,22.170100,2.846500,22.093599,1.923400
1,1,17.223498,27.705599,2.273000,27.591299,1.610600
1,1,17.250407,26.909299,2.244800,27.318100,1.749600
1,1,17.272408,22.000600,1.930500,22.081400,1.611000
1,1,17.300652,28.244302,1.715600,23.860399,1.974800
1,1,17.323649,22.996999,6.301700,26.666599,1.972500
1,1,17.346618,22.969101,2.933100,23.210501,1.633500
1,1,17.373046,26.427999,2.670000,26.594500,2.279200
1,1,17.397365,24.318900,2.225600,24.179001,1.885400
1,1,17.426821,29.455300,2.368500,29.252300,1.729400
1,1,17.455225,28.404299,2.409400,28.478399,1.768100
1,1,17.478395,23.169901,2.417400,23.293400,1.565800
1,1,17.507908,29.513098,2.262600,29.127701,1.625500
1,1,17.529936,22.027802,2.653600,22.641199,1.876100
1,1,17.558001,28.065600,2.242800,27.539900,1.689500
1,1,17.586206,28.204702,2.696700,28.215401,1.832800
1,1,17.609446,23.239799,2.500600,23.361401,2.225200
1,1,17.633355,23.909502,2.411600,23.985800,2.026900
1,1,17.660691,27.335398,2.288300,27.351500,1.942700
1,1,17.688037,27.346201,2.542000,27.460300,2.042700
1,1,17.711288,23.250699,2.301800,23.119801,1.726500
1,1,17.738968,27.680900,2.662200,27.739000,1.910200
1,1,17.765176,26.207302,2.333400,25.825001,1.791600
1,1,17.789883,24.707098,3.138000,24.914499,1.893100
1,1,17.818871,28.987799,2.584500,28.900801,1.837400
1,1,17.841318,22.447102,3.135500,22.517500,1.854700
1,1,17.864162,22.844698,2.478700,23.025999,1.838800
1,1,17.892790,28.627302,2.596000,28.118099,1.871200
1,1,17.919496,26.706100,3.082000,26.921101,1.734700
1,1,17.941296,21.799698,2.706800,21.981501,2.064400
1,1,17.966057,24.761200,2.328700,24.647600,1.881400
1,1,17.991821,25.764402,2.659800,25.846500,1.741200
1,1,18.020297,28.475899,2.424600,27.921000,1.496600
1,1,18.045047,24.749499,3.652700,24.267700,2.008900
1,1,18.071746,26.699699,3.392000,27.624599,1.792000
1,1,18.096335,24.588402,2.363100,24.665600,1.927100
1,1,18.122767,26.432000,2.562500,26.338600,1.772600
1,1,18.152734,29.967699,2.434900,30.139799,2.064200
1,1,18.174524,21.789800,2.619900,21.650499,1.746200
1,1,18.203380,28.856300,2.516700,28.637899,2.232300
1,1,18.225866,22.485599,2.920600,22.495501,1.531800
1,1,18.253302,27.435999,2.585900,27.402399,1.599200
1,1,18.276584,23.281503,2.588200,22.400101,1.425300
1,1,18.303857,27.273398,3.475800,28.085300,1.772200
1,1,18.326144,22.287000,2.870400,22.614201,1.697300
1,1,18.354004,27.860001,2.329900,27.372101,1.661400
1,1,18.376255,22.250898,2.924500,22.523800,1.662300
1,1,18.403375,27.120203,3.268300,27.112801,2.179300
1,1,18.426216,22.841100,2.428800,22.705299,1.397000
1,1,18.453274,27.057398,2.588400,27.192600,1.887400
1,1,18.477241,23.967803,2.356400,23.364300,1.600600
1,1,18.504114,26.872497,3.133700,27.716900,1.858900
1,1,18.529118,25.003802,2.440300,25.003300,1.553200
1,1,18.557822,28.704200,2.219200,28.346800,1.582400
1,1,18.582983,25.160898,2.521100,25.542900,1.926200
1,1,18.609623,26.640400,2.335900,26.436399,1.745500
1,1,18.637361,27.737502,2.463300,27.578400,1.609500
1,1,18.660073,22.712398,2.501700,23.013800,1.545000
1,1,18.690224,30.151401,2.234900,29.826599,1.666300
1,1,18.719388,29.164001,2.881200,29.340200,1.669500
1,1,18.742780,23.391698,2.347700,23.563700,1.819200
1,1,18.769862,27.081601,2.328400,26.483500,2.153400
1,1,18.792083,22.221100,2.981900,22.491301,1.595100
1,1,18.819420,27.337100,2.676700,27.474600,1.934900
1,1,18.842659,23.238800,2.360400,22.977400,1.856500
1,1,18.869863,27.204499,2.667200,27.183001,1.859600
1,1,18.892693,22.829901,2.521900,23.269300,1.696300
1,1,18.921379,28.685700,2.177100,28.483900,1.951300
1,1,18.946100,24.720799,2.709300,24.897499,1.871700
1,1,18.974804,28.704301,2.695500,28.394100,2.205200
1,1,19.001997,27.193300,2.411800,27.415100,1.653000
1,1,19.025577,23.579299,2.322500,23.239201,1.925400
1,1,19.054184,28.607201,2.657400,28.869801,1.817700
1,1,19.078484,24.299901,2.292900,24.019899,1.974000
1,1,19.105347,26.863098,2.445600,26.832001,1.761300
1,1,19.127506,22.159301,2.688500,22.520300,1.569300
1,1,19.155777,28.271198,2.460000,27.919901,1.959100
1,1,19.179358,23.580600,2.668500,23.518499,1.876700
1,1,19.207751,28.393000,2.812100,28.509501,1.522100
1,1,19.234177,26.426502,2.411600,26.510900,1.993100
1,1,19.257048,22.870600,2.478600,22.750999,1.834800
1,1,19.286932,29.884499,2.726400,29.566601,2.057100
1,1,19.310074,23.141500,2.782900,22.751900,1.778700
1,1,19.338239,28.164603,3.115100,26.812401,1.947700
1,1,19.360844,22.605598,4.621800,24.445601,1.718500
1,1,19.389545,28.700899,3.100300,29.028200,1.778900
1,1,19.412623,23.077600,2.191100,23.265499,2.051100
1,1,19.441334,28.711002,2.159500,28.312799,1.621100
1,1,19.470135,28.800897,2.549000,28.537201,2.059400
1,1,19.492766,22.631202,2.967300,22.689199,1.971800
1,1,19.520183,27.417298,2.741200,27.519300,1.796500
1,1,19.542629,22.445403,2.554400,22.606701,1.885000
1,1,19.569554,26.925597,2.436800,27.007099,2.134900
1,1,19.592922,23.368001,2.274100,23.241501,1.691000
1,1,19.619957,27.034700,2.451900,27.093700,1.751800
1,1,19.643449,23.492102,2.603100,23.403999,2.069800
1,1,19.672110,28.661199,2.518300,28.221100,2.227900
1,1,19.695675,23.564998,3.030100,24.272499,1.544000
1,1,19.723063,27.388103,2.284300,27.105101,1.567300
1,1,19.751287,28.223500,2.393700,28.370300,2.093100
1,1,19.774494,23.207400,2.221300,22.899500,1.977400
1,1,19.805650,31.155497,2.619100,31.320601,2.384300
1,1,19.828328,22.678800,2.384000,22.656300,2.012600
1,1,19.856894,28.565802,2.700300,28.580700,1.612900
1,1,19.886944,30.049700,2.479700,29.970900,1.809300
1,1,19.910220,23.276098,2.435600,23.400101,1.661900
1,1,19.938703,28.483402,2.389700,28.271700,1.756600
1,1,19.968712,30.008301,2.635700,30.122601,1.633300
1,1,19.991055,22.343300,2.757300,22.366199,1.699900
1,1,20.019241,28.185699,2.426400,28.258301,1.898400
1,1,20.042598,23.357701,2.410900,23.051300,1.628900
1,1,20.071036,28.437600,2.679800,28.717800,1.747700
1,1,20.095115,24.078600,2.269200,23.806999,1.709900
1,1,20.124251,29.136799,2.594700,29.079700,1.849900
1,1,20.155599,31.347699,2.604400,31.344000,2.444200
1,1,20.179208,23.608699,2.862900,23.990900,2.071700
1,1,20.208348,29.140402,3.760700,28.498301,1.689200
1,1,20.238320,29.972199,2.924900,30.475800,1.890800
1,1,20.261905,23.584701,2.866300,23.466200,1.640700
1,1,20.291008,29.102501,2.527100,28.764700,1.570300
1,1,20.320252,29.243998,2.970100,29.729000,2.152100
1,1,20.345377,25.125500,2.532900,24.848499,1.780400
1,1,20.373760,28.383300,2.640000,28.538300,1.610400
1,1,20.402416,28.655402,2.715300,28.563700,1.816000
1,1,20.428264,25.848698,2.860200,26.029800,1.974100
1,1,20.455858,27.593400,2.356600,27.379299,1.668000
1,1,20.479895,24.037302,2.485400,24.065100,1.899100
1,1,20.508712,28.817099,3.000100,28.734600,2.155300
1,1,20.537837,29.124402,2.859100,28.842899,1.906200
1,1,20.561501,23.664799,3.118500,23.846600,1.695500
1,1,20.588108,26.606299,2.668200,26.673401,1.624000
1,1,20.612336,24.228200,2.522500,24.225000,1.511100
1,1,20.641965,29.628802,2.762600,29.459499,1.789100
1,1,20.664383,22.418097,2.913300,22.636999,2.186800
1,1,20.693145,28.761901,2.821300,28.552200,1.960500
1,1,20.720471,27.326301,3.063700,27.371201,2.556900
1,1,20.743261,22.790100,3.011500,23.081600,2.276200
1,1,20.770737,27.476199,2.370700,27.045000,2.034200
1,1,20.793654,22.916600,2.967500,22.669600,1.853600
1,1,20.822166,28.511900,3.220500,28.942900,1.874100
1,1,20.844450,22.283699,2.586200,22.539101,1.759900
1,1,20.872659,28.209802,2.318300,27.928900,1.892500
1,1,20.895579,22.919297,2.483700,22.843300,1.713300
1,1,20.924983,29.404100,3.219800,28.652500,1.705600
1,1,20.946627,21.644302,3.753700,22.860500,2.099500
1,1,20.974460,27.832501,2.683400,27.184601,1.884100
1,1,20.997484,23.024399,2.938500,23.097799,2.434500
1,1,21.025645,28.160900,3.696200,28.413300,2.058100
1,1,21.053113,27.467899,2.561000,27.567200,2.034400
1,1,21.077594,24.480902,2.758100,24.163200,1.540900
1,1,21.104427,26.833300,2.615500,27.154600,1.808400
1,1,21.126418,21.991301,2.382300,22.010799,1.827700
1,1,21.156250,29.831398,2.257400,30.046301,1.541400
1,1,21.178301,22.051699,2.056400,21.571199,1.676200
1,1,21.207332,29.030900,2.494800,29.016100,1.406500
1,1,21.230531,23.198299,2.577900,23.330900,1.915100
1,1,21.258658,28.127503,2.326100,27.788799,1.619800
1,1,21.286103,27.444597,2.820400,27.444000,1.545600
1,1,21.308301,22.198603,2.793900,22.334700,1.871200
1,1,21.335640,27.338400,3.027900,27.635700,1.774300
1,1,21.358086,22.446200,2.486100,22.201200,1.928000
1,1,21.385185,27.098998,2.529100,27.199800,1.930100
1,1,21.407712,22.527099,2.596100,22.500601,1.838800
1,1,21.430407,22.694901,2.542000,22.612700,1.777800
1,1,21.458110,27.703401,2.450100,27.568899,1.620200
1,1,21.485340,27.229998,2.639900,27.689800,1.704800
1,1,21.508256,22.916000,2.207800,22.274500,1.800200
1,1,21.536472,28.215703,3.566800,28.504801,1.775500
1,1,21.560243,23.771398,2.882700,23.983700,2.350800
1,1,21.588906,28.662402,2.438600,28.618299,1.748900
1,1,21.613088,24.181899,2.467700,24.205200,1.587500
1,1,21.640610,27.522400,2.371500,27.304899,1.577600
1,1,21.671135,30.524701,2.486800,30.683300,1.665300
1,1,21.693386,22.251401,2.307300,22.079700,1.770200
1,1,21.722203,28.817099,2.650700,29.054300,1.944700
1,1,21.745493,23.289498,2.622200,22.253201,2.400600
1,1,21.773040,27.547702,3.206200,28.506701,1.875800
1,1,21.797854,24.813801,2.229500,24.712999,2.063900
1,1,21.827043,29.188599,3.249500,28.884501,1.735000
1,1,21.853761,26.717801,3.215800,26.889700,2.088900
1,1,21.878178,24.416998,2.930000,23.986401,1.886800
1,1,21.904051,25.873702,2.892700,26.599300,1.809900
1,1,21.927419,23.367800,2.021300,22.424000,1.548600
1,1,21.954459,27.040098,3.078700,27.704000,2.034700
1,1,21.976512,22.052202,2.388100,22.071800,2.229100
1,1,22.004306,27.794797,2.769800,28.183500,2.907200
1,1,22.028484,24.178199,2.498800,23.498100,1.645700
1,1,22.055647,27.162101,2.694600,27.678499,1.634400
1,1,22.081799,26.152600,2.203800,26.027599,1.531100
1,1,22.106819,25.019702,2.572300,24.783001,1.844000
1,1,22.129580,22.761300,2.690900,22.758699,1.887300
1,1,22.157180,27.599599,2.780300,27.471001,1.961900
1,1,22.179485,22.305001,2.810700,22.690800,1.959900
1,1,22.205961,26.476000,2.435200,26.343100,1.493900
1,1,22.228549,22.588201,2.313000,22.603701,1.805100
1,1,22.255537,26.988201,2.970300,26.681900,1.451900
1,1,22.279782,24.244599,2.647000,24.552200,1.648700
1,1,22.309740,29.958401,2.540900,29.436001,1.720700
1,1,22.336256,26.515499,3.125000,27.096201,1.877000
1,1,22.364232,27.976200,2.718000,23.032200,1.706200
1,1,22.387198,22.965901,7.497600,27.442499,1.785600
1,1,22.412580,25.382601,2.875800,24.884501,1.912200
1,1,22.440277,27.696900,3.189300,28.532400,2.109900
1,1,22.469434,29.156998,3.409500,28.932800,2.191800
1,1,22.493635,24.200801,3.676600,23.793900,1.955900
1,1,22.520996,27.360700,3.180700,27.400101,2.099800
1,1,22.544973,23.977399,3.570400,24.131500,2.417600
1,1,22.573308,28.334502,2.740800,28.822100,1.865200
1,1,22.596997,23.689300,2.177800,23.383600,2.014300
1,1,22.625560,28.563499,2.692000,28.619101,1.997300
1,1,22.654648,29.087298,2.843800,29.202999,1.937900
1,1,22.678135,23.487102,2.769500,23.075399,2.237400
1,1,22.705029,26.894398,3.291700,27.222200,1.972100
1,1,22.729840,24.811100,2.507500,24.675600,1.919500
1,1,22.756114,26.273701,2.924900,26.368500,1.883800
1,1,22.778871,22.756401,2.606600,22.940001,1.799200
1,1,22.805952,27.081300,2.607200,26.687201,1.720500
1,1,22.828733,22.780798,2.602200,23.113100,1.728000
1,1,22.858085,29.352702,2.456300,29.013700,2.133200
1,1,22.880243,22.157699,2.471600,22.667200,1.941600
1,1,22.907909,27.665999,2.189500,27.280199,1.614600
1,1,22.932676,24.767302,2.557300,24.943600,1.597900
1,1,22.957901,25.224999,2.374300,25.316299,1.904300
1,1,22.985104,27.203001,2.247100,27.193800,1.566100
1,1,23.008047,22.942297,2.305800,22.619699,1.775500
1,1,23.036913,28.866801,2.577400,28.963800,2.753900
1,1,23.059752,22.838201,2.751500,22.786301,1.933500
1,1,23.088184,28.432701,2.584900,28.387600,2.151900
1,1,23.110085,21.900300,2.830300,21.854000,1.944900
1,1,23.137383,27.298700,2.777200,27.277100,1.730300
1,1,23.161967,24.583399,2.746900,24.547800,1.499700
1,1,23.188902,26.935298,2.585200,26.924900,1.703500
1,1,23.211108,22.206102,2.936100,22.607201,1.578900
1,1,23.239333,28.225098,2.284400,28.156601,1.454000
1,1,23.261436,22.102900,2.371900,21.718500,1.828100
1,1,23.288243,26.806701,2.870600,26.889601,1.786200
1,1,23.310749,22.506002,2.485600,22.470699,1.805500
1,1,23.337386,26.636999,2.623100,26.924700,1.614100
1,1,23.361745,24.358798,2.490700,24.329800,1.807100
1,1,23.390875,29.130403,2.480500,28.994301,1.592200
1,1,23.418309,27.433697,2.360400,27.374500,1.623600
1,1,23.441412,23.103800,2.440500,23.002300,1.614000
1,1,23.469293,27.880501,2.491500,28.073299,1.842200
1,1,23.492056,22.762701,2.387100,22.559799,1.708200
1,1,23.520707,28.651498,3.525800,28.643801,2.416300
1,1,23.542939,22.231903,2.525600,22.527399,1.663300
1,1,23.570238,27.298700,2.403600,26.991100,2.104400
1,1,23.593546,23.308299,2.643900,23.500900,1.630400
1,1,23.617738,24.192300,2.367000,23.645000,1.784800
1,1,23.643552,25.813401,3.466000,26.017300,1.971400
1,1,23.672511,28.958999,3.071600,29.028200,1.918900
1,1,23.699706,27.195100,2.820700,27.103001,1.944000
1,1,23.727612,27.906399,3.141900,27.915300,1.822100
1,1,23.755624,28.011400,3.010600,27.728399,2.192500
1,1,23.784149,28.525602,3.482900,28.516899,2.107100
1,1,23.815180,31.030297,3.548200,31.514601,2.355800
1,1,23.847795,32.615803,2.879300,32.437000,2.416300
1,1,23.879912,32.116700,3.066500,30.913500,2.212800
1,1,23.908715,28.802499,4.277800,29.399401,2.614600
1,1,23.937628,28.913099,4.327200,29.555500,2.265100
1,1,23.971600,33.971999,3.646800,33.770100,2.608500
1,1,23.997939,26.339103,3.064700,26.200701,1.958800
1,1,24.028555,30.616097,3.079700,30.817801,2.133300
1,1,24.060758,32.202803,3.319700,32.236900,1.906800
1,1,24.094009,33.251397,3.167500,33.233898,2.121300
1,1,24.121104,27.094502,3.037700,27.355900,2.490000
1,1,24.145825,24.721000,2.602800,24.495399,2.054500
1,1,24.174092,28.267700,2.778900,28.416500,2.031600
1,1,24.203457,29.364798,3.046600,29.484501,2.271600
1,1,24.227490,24.032801,2.458300,23.140900,2.025200
1,1,24.249170,21.680500,3.290400,22.253300,1.882000
1,1,24.278402,29.231198,2.499000,29.469400,1.800400
1,1,24.305350,26.948500,2.245100,26.717899,1.820400
1,1,24.327969,22.618800,2.556000,22.606100,2.013800
1,1,24.355840,27.870901,2.641700,28.120501,2.061000
1,1,24.380492,24.651799,2.372100,24.301800,3.017100
1,1,24.406839,26.347201,3.069000,26.807100,1.786400
1,1,24.436475,29.636297,2.146900,29.273701,2.021400
1,1,24.458853,22.378400,2.671900,22.591801,1.623900
1,1,24.483708,24.854802,2.340700,23.436701,1.921900
1,1,24.511443,27.734298,3.890500,28.548500,1.583200
1,1,24.538609,27.166702,3.425800,27.518499,2.426200
1,1,24.564199,25.589798,3.003200,25.511900,2.274800
1,1,24.594686,30.486502,2.809800,30.479401,1.848800
1,1,24.622851,28.165899,2.457600,28.384399,2.018200
1,1,24.650591,27.739499,2.352300,27.771700,1.836200
1,1,24.678111,27.520500,2.517000,26.599100,1.588400
1,1,24.706739,28.627802,3.464800,28.706100,2.182500
1,1,24.731114,24.374399,3.393300,24.342199,2.618100
1,1,24.758050,26.936200,4.153400,27.643801,2.482600
1,1,24.787739,29.689003,2.638800,29.102699,2.264800
1,1,24.814551,26.811697,3.732900,26.923100,2.341200
1,1,24.843201,28.650101,3.369000,28.868900,2.244000
1,1,24.872968,29.767599,3.380600,29.832199,2.353100
1,1,24.898783,25.814600,3.614400,25.848801,2.060200
1,1,24.930207,31.424101,2.877800,31.249901,1.880300
1,1,24.958493,28.286099,3.083400,28.258801,2.325100
1,1,24.984425,25.932100,2.864200,25.819099,2.849500
1,1,25.012004,27.578700,3.208900,27.931499,2.147300
1,1,25.040642,28.638300,2.964900,28.611300,2.454700
1,1,25.070898,30.255802,3.158400,30.325800,2.114900
1,1,25.094788,23.889899,2.622000,23.468201,1.806400
1,1,25.123381,28.593101,3.054700,29.070700,1.910100
1,1,25.146826,23.444798,2.390400,23.172899,1.932800
1,1,25.173432,26.605703,2.572200,26.747900,1.702200
1,1,25.196596,23.164697,2.265100,23.179399,2.018300
1,1,25.228498,31.902302,2.889400,31.182400,2.043300
1,1,25.257551,29.052500,3.617000,29.471600,2.326900
1,1,25.283119,25.567800,3.373600,24.640900,2.125600
1,1,25.309845,26.726000,3.828900,27.353300,2.206800
1,1,25.337202,27.357399,4.020900,27.597000,2.222800
1,1,25.362561,25.358599,3.336900,24.630699,2.285700
1,1,25.391852,29.290900,3.897200,29.663300,1.943100
1,1,25.413413,21.561801,3.246200,22.003000,2.205900
1,1,25.443059,29.645700,2.992700,29.684401,2.077500
1,1,25.464762,21.702599,2.830600,21.697100,2.000100
1,1,25.493239,28.477602,3.132300,28.204700,2.157600
1,1,25.518401,25.161300,2.834200,25.419100,2.037400
1,1,25.544054,25.653601,2.562600,25.471201,1.901500
1,1,25.571886,27.831201,2.952400,28.016199,2.663000
1,1,25.595027,23.141399,2.626300,23.342199,2.080100
1,1,25.625251,30.224200,2.417300,29.346701,2.186200
1,1,25.647167,21.916099,3.536100,22.165199,3.173000
1,1,25.678058,30.891299,3.896200,30.776800,2.054800
1,1,25.703978,25.919702,3.241700,26.513201,2.458300
1,1,25.726308,22.329301,2.676100,21.916800,2.211700
1,1,25.754537,28.229497,3.003300,28.291300,2.297400
1,1,25.776538,22.001203,2.866800,22.015301,2.165300
1,1,25.805326,28.787699,3.020100,28.981001,1.918100
1,1,25.827769,22.443399,2.753100,22.322701,1.954100
1,1,25.856866,29.096402,2.755800,29.300600,1.995100
1,1,25.884002,27.136400,2.263500,26.781799,1.905000
1,1,25.907916,23.913797,3.522300,24.211300,1.672900
1,1,25.936692,28.776202,2.514500,28.914101,2.302300
1,1,25.959855,23.162600,2.238400,22.826900,2.028400
1,1,25.988497,28.642301,2.737000,28.594400,2.822900
1,1,26.012814,24.316899,2.951700,24.070700,3.110200
1,1,26.039902,27.088098,2.936100,27.170200,1.801700
1,1,26.065594,25.692102,3.131200,25.974701,2.147700
1,1,26.090122,24.527799,2.562400,24.647301,1.909900
1,1,26.113761,23.638699,2.426100,23.623800,1.819000
1,1,26.141984,28.223302,2.668700,28.116400,1.562700
1,1,26.170607,28.623600,2.640100,28.928699,1.796600
1,1,26.194466,23.858599,2.351500,23.148300,1.882000
1,1,26.221685,27.218599,3.015000,27.341101,1.830300
1,1,26.243637,21.951802,2.784800,22.277700,2.003200
1,1,26.272368,28.731499,2.670500,28.483400,1.847500
1,1,26.295308,22.939600,2.922100,23.154800,1.821100
1,1,26.322208,26.900802,2.726900,26.664200,1.566000
1,1,26.346725,24.516400,2.599800,24.831301,1.892300
1,1,26.375676,28.951198,2.280900,28.533199,1.888700
1,1,26.402473,26.796699,3.042700,27.281401,1.882600
1,1,26.426989,24.516400,2.816100,24.349701,1.820700
1,1,26.453946,26.957303,2.449900,27.137199,1.709700
1,1,26.477655,23.708299,3.228400,23.279301,1.711800
1,1,26.504461,26.806198,2.550700,27.144899,2.037000
1,1,26.527761,23.300003,2.207300,22.803101,1.672500
1,1,26.556059,28.297700,2.957700,28.404100,1.793800
1,1,26.578410,22.350997,2.717100,22.792000,1.903500
1,1,26.605287,26.877202,2.149800,26.712601,1.767200
1,1,26.628238,22.951398,2.282400,22.648600,1.889700
1,1,26.652693,24.454802,2.689800,24.632000,2.254400
1,1,26.679647,26.954200,2.631300,25.984501,2.399400
1,1,26.703191,23.543797,3.439200,24.610800,1.858700
1,1,26.730560,27.369000,2.352000,27.351299,2.069000
1,1,26.757138,26.578501,2.353400,26.783300,1.738700
1,1,26.780027,22.888500,2.166200,22.604500,1.588300
1,1,26.808519,28.492499,2.592100,28.177401,2.520600
1,1,26.836728,28.208800,2.720800,28.669500,1.926300
1,1,26.860484,23.755603,2.375800,23.512100,1.874100
1,1,26.887742,27.257901,2.640100,27.452299,1.840800
1,1,26.911179,23.437098,2.418200,23.061001,1.627200
1,1,26.937509,26.330300,2.764200,26.513201,1.785400
1,1,26.960641,23.131803,2.299400,22.851700,1.737300
1,1,26.987898,27.256798,3.000100,27.752501,2.175000
1,1,27.010137,22.239100,2.812300,22.098801,1.736800
1,1,27.037085,26.947699,2.536100,26.831200,1.815600
1,1,27.061162,24.077602,2.528900,23.462299,1.409400
1,1,27.088680,27.518198,3.144600,28.060400,1.719100
1,1,27.113196,24.515603,2.630900,24.846800,2.028400
1,1,27.140501,27.305398,2.757700,27.065901,1.658900
1,1,27.168091,27.590100,2.434600,27.477900,1.831100
1,1,27.193368,25.276102,2.738800,25.407499,1.993900
1,1,27.222411,29.043898,2.787300,29.137899,1.869700
1,1,27.247068,24.656400,2.488700,24.414301,1.842100
1,1,27.273779,26.711401,2.561200,26.983500,1.599400
1,1,27.296759,22.979300,2.288600,22.843800,1.829700
1,1,27.323862,27.103201,2.746200,27.144800,2.678500
1,1,27.347337,23.474898,2.414000,23.436701,2.244700
1,1,27.376077,28.740101,2.815300,28.641800,1.930300
1,1,27.404273,28.196201,2.587200,28.267099,2.178300
1,1,27.429237,24.964001,2.822700,24.717400,2.824300
1,1,27.455548,26.310898,2.793800,26.422400,1.690700
1,1,27.482800,27.251601,2.460700,22.348400,1.654000
1,1,27.502407,19.607998,7.534800,24.469400,1.998400
1,1,27.529468,27.061000,3.060200,27.202000,1.913400
1,1,27.557501,28.032001,2.666800,27.856800,2.568900
1,1,27.580837,23.336500,2.540300,23.319401,1.915300
1,1,27.611471,30.633699,2.765800,29.221901,1.761000
1,1,27.632346,20.875499,4.411600,22.075500,2.441400
1,1,27.660753,28.406501,3.690600,28.390600,1.932200
1,1,27.691298,30.545302,2.878000,30.724501,2.117300
1,1,27.713251,21.953300,2.984300,22.263300,2.153000
1,1,27.744021,30.770198,3.678200,30.118099,1.962400
1,1,27.772745,28.723802,3.165200,29.121799,2.688800
1,1,27.795388,22.642300,3.239800,22.363199,2.451500
1,1,27.823156,27.768601,2.939200,27.717600,1.777200
1,1,27.852482,29.326297,2.870200,29.724100,2.129600
1,1,27.878016,25.533400,2.528500,25.083099,2.979300
1,1,27.906526,28.510001,3.238500,28.929800,1.915500
1,1,27.933062,26.535999,2.597000,26.761600,1.884400
1,1,27.961254,28.191801,2.421600,27.521000,1.967500
1,1,27.990326,29.072601,3.038600,29.266701,2.345400
1,1,28.012832,22.505399,2.839700,22.922199,1.837600
1,1,28.042354,29.522002,2.591500,28.936399,1.962500
1,1,28.065855,23.501698,2.844200,23.931900,2.141400
1,1,28.095671,29.815499,2.664900,29.918600,1.656600
1,1,28.123964,28.293300,2.264000,28.258499,1.665700
1,1,28.147899,23.935102,2.227000,23.948000,1.556100
1,1,28.175323,27.423900,2.492100,27.538700,1.773700
1,1,28.197770,22.446699,2.126700,22.376101,1.899500
1,1,28.226778,29.008199,2.281000,28.732201,1.441600
1,1,28.254115,27.336802,2.554900,27.233500,1.903400
1,1,28.276475,22.359699,2.554500,22.224100,1.717900
1,1,28.303843,27.368300,2.749300,27.534500,1.727800
1,1,28.325899,22.055700,2.795000,22.188499,1.858000
1,1,28.354511,28.612800,2.432900,28.508400,1.881900
1,1,28.377908,23.396902,2.647000,23.580601,1.681600
1,1,28.406028,28.119899,2.281900,27.995501,2.285900
1,1,28.427874,21.846000,2.436700,21.777100,1.669500
1,1,28.455275,27.400699,2.887400,27.378000,1.834700
1,1,28.477871,22.596002,2.456900,22.724001,1.484400
1,1,28.505239,27.367897,2.369900,27.463499,2.088800
1,1,28.528254,23.014903,3.848800,22.769199,1.461600
1,1,28.555197,26.943699,2.792800,26.946899,1.634700
1,1,28.577792,22.594299,2.481100,22.733299,1.388500
1,1,28.601268,23.476500,2.304200,23.220100,1.867400
1,1,28.630334,29.065602,2.652400,29.179600,2.168500
1,1,28.660509,30.174900,2.580100,29.978600,1.942500
1,1,28.683699,23.189899,3.080400,23.184099,2.639100
1,1,28.712135,28.436899,3.054800,28.571501,2.121500
1,1,28.739660,27.524900,2.560100,27.545900,2.041000
1,1,28.764063,24.402201,2.923200,24.244499,2.290000
1,1,28.792718,28.655302,2.658700,28.645599,1.768000
1,1,28.820622,27.904000,2.534200,28.069099,2.116200
1,1,28.845072,24.450298,2.526300,23.911800,1.999600
1,1,28.871702,26.629899,2.895800,27.284401,1.943400
1,1,28.896276,24.573501,2.353500,24.560499,1.639000
1,1,28.923286,27.010199,2.186100,27.050200,1.737500
1,1,28.947177,23.891300,2.203300,23.868500,1.949900
1,1,28.975720,28.543402,2.307800,28.287001,1.972900
1,1,28.997764,22.043601,2.477800,22.257000,1.604500
1,1,29.026736,28.971601,2.220600,28.754700,1.755800
1,1,29.051500,24.764299,2.551300,24.650801,2.095100
1,1,29.077291,25.790598,2.930400,25.709600,1.690500
1,1,29.104408,27.116902,2.930900,27.334499,2.162100
1,1,29.127339,22.931397,2.539800,22.882000,1.591600
1,1,29.156477,29.138103,2.528200,28.965401,2.128700
1,1,29.181028,24.550799,2.861200,24.634100,1.535200
1,1,29.209750,28.722297,2.509600,28.453300,1.796500
1,1,29.232035,22.284802,2.820900,22.506701,1.982900
1,1,29.258444,26.409298,2.775600,26.381800,1.515700
1,1,29.282181,23.736700,2.422300,24.220699,2.205300
1,1,29.311261,29.080503,2.070300,28.355900,1.679800
1,1,29.338418,27.156297,2.947100,27.234501,1.795000
1,1,29.363984,25.566701,2.622600,24.772600,1.519600
1,1,29.391144,27.159400,3.451700,28.605499,1.972800
1,1,29.418440,27.296700,2.056500,26.841900,1.699000
1,1,29.443841,25.400702,2.394100,25.557899,1.678900
1,1,29.468683,24.841599,2.215300,24.311399,2.060400
1,1,29.495004,26.320901,2.787200,26.412201,1.794900
1,1,29.522937,27.933598,2.709400,27.179701,1.776100
1,1,29.544644,21.706600,3.392700,22.739901,1.765400
1,1,29.573806,29.161900,2.577700,28.983400,1.760000
1,1,29.597679,23.873501,2.705600,24.165501,2.023200
1,1,29.626066,28.386202,2.259400,27.984301,1.626900
1,1,29.653840,27.774598,2.676400,27.901699,1.840100
1,1,29.677895,24.055000,2.829800,23.428400,1.885400
1,1,29.704780,26.885100,3.252400,27.592100,1.771300
1,1,29.728118,23.337599,2.571400,23.275999,1.651500
1,1,29.752846,24.727803,2.445200,24.582800,1.987400
1,1,29.778309,25.463700,2.539600,25.542000,1.650900
1,1,29.804905,26.595999,2.489200,26.757799,1.957200
1,1,29.827841,22.936199,2.552200,22.959000,1.685500
1,1,29.854874,27.032502,2.435200,26.936100,1.915300
1,1,29.878037,23.163099,2.444100,22.733500,1.398700
1,1,29.904875,26.838299,2.929900,27.554199,1.756800
1,1,29.928185,23.309201,2.197800,23.061300,1.586000
1,1,29.956611,28.426699,2.266900,28.573000,1.960600
1,1,29.987011,30.399501,2.182100,30.325500,1.541100
1,1,30.011878,24.867199,2.274000,24.496500,1.558200
1,1,30.039630,27.751900,2.624000,28.020201,1.591400
1,1,30.062551,22.921599,2.507600,22.903999,1.577900
1,1,30.091153,28.601799,2.358700,28.058800,1.608300
1,1,30.111790,20.636801,3.184700,21.181601,2.941900
1,1,30.138349,26.558701,2.985600,26.620899,2.073000
1,1,30.161746,23.397200,2.331300,23.089199,1.649400
1,1,30.188641,26.894800,2.610000,27.291201,1.674400
1,1,30.213475,24.834000,2.238400,24.732401,1.527400
1,1,30.242239,28.764501,2.333500,28.381599,1.689400
1,1,30.271149,28.909400,2.627000,29.233801,1.970500
1,1,30.294290,23.141600,2.261000,22.840500,1.813700
1,1,30.323767,29.476799,2.762800,29.714100,2.084100
1,1,30.350119,26.351798,2.453900,25.723600,1.897900
1,1,30.374163,24.044503,3.164800,24.744400,1.683400
1,1,30.397181,23.017298,2.545700,23.090099,1.483800
1,1,30.425757,28.575901,2.345800,28.385700,1.435200
1,1,30.448390,22.633098,2.868100,22.693800,1.655100
1,1,30.476103,27.713701,2.934100,27.469000,1.325400
1,1,30.503409,27.306098,2.557200,27.478100,1.763200
1,1,30.526345,22.935402,3.177900,23.180500,1.609500
1,1,30.553832,27.487099,2.080600,27.088499,1.902100
1,1,30.577171,23.338601,3.057000,23.220900,1.653100
1,1,30.604697,27.526200,2.698300,27.773300,1.972000
1,1,30.628222,23.525499,2.551800,23.529499,1.906600
1,1,30.656043,27.820300,2.308700,27.695101,1.737400
1,1,30.678941,22.898402,2.592100,22.644699,1.954700
1,1,30.703053,24.112299,2.936800,24.378599,1.970400
1,1,30.728285,25.231801,2.373400,25.332500,1.516100
1,1,30.755713,27.427800,2.259800,27.398701,1.715300
1,1,30.778687,22.974201,2.322700,23.195101,1.596000
1,1,30.806493,27.805999,2.201100,27.624599,1.779600
1,1,30.829276,22.783298,2.251300,22.737400,1.516400
1,1,30.857711,28.435100,2.336700,28.330999,1.916700
1,1,30.880816,23.104701,2.492400,23.257000,1.724900
1,1,30.908650,27.834199,2.568700,27.873400,1.608900
1,1,30.937915,29.264301,2.320600,29.162399,2.105000
1,1,30.960979,23.064401,2.450300,22.869699,1.847900
1,1,30.985018,24.038699,2.668700,24.058599,1.770100
1,1,31.010074,25.055800,2.596100,25.029600,1.479900
1,1,31.034959,24.885401,2.574200,24.878700,2.072300
1,1,31.059924,24.965398,2.554400,25.255899,1.659900
1,1,31.085798,25.873903,2.209900,25.495501,1.694700
1,1,31.112024,26.226196,2.624600,26.213100,1.905300
1,1,31.138689,26.664503,2.703300,26.991501,2.066900
1,1,31.161989,23.299899,2.258400,22.857201,1.665900
1,1,31.188860,26.871599,2.713000,27.170900,1.648000
1,1,31.211224,22.363599,2.355500,22.297400,1.531200
1,1,31.239437,28.212599,2.571700,28.210600,1.779600
1,1,31.261737,22.300303,2.423900,22.264000,1.427200
1,1,31.288867,27.130097,2.406100,27.326900,1.574000
1,1,31.311885,23.017902,2.293400,22.649000,2.172300
1,1,31.339006,27.121201,2.629900,27.356400,1.641100
1,1,31.361993,22.986799,2.377600,22.556700,1.830100
1,1,31.388756,26.763398,2.741200,26.962299,1.854600
1,1,31.412965,24.208300,2.806300,24.205799,1.771600
1,1,31.441371,28.406702,2.683500,28.663401,1.666800
1,1,31.470299,28.927498,2.379200,28.745800,1.818400
1,1,31.494214,23.915403,2.574200,23.922400,1.599100
1,1,31.519251,25.036898,2.696400,24.518000,1.975900
1,1,31.544361,25.110003,3.006000,25.019600,1.800300
1,1,31.572622,28.260399,3.424200,28.905500,2.181600
1,1,31.596682,24.060600,2.644900,24.113600,1.750000
1,1,31.623625,26.942700,2.445100,26.839899,1.639700
1,1,31.647493,23.868501,2.888300,23.943800,1.760000
1,1,31.676080,28.586101,2.736700,28.350500,2.168000
1,1,31.700390,24.310000,2.625700,24.551399,1.934000
1,1,31.729292,28.902598,3.618300,29.056299,1.759500
1,1,31.758982,29.689599,2.259500,29.592699,1.681100
1,1,31.786996,28.014600,2.204400,27.762600,1.681000
1,1,31.809979,22.982601,2.519300,23.019300,1.547100
1,1,31.838958,28.978702,2.595300,28.784000,1.577800
1,1,31.862804,23.846399,3.509700,24.234100,1.467400
1,1,31.892847,30.043099,2.221000,29.520800,1.574600
1,1,31.918803,25.956202,2.756300,25.981199,1.854300
1,1,31.944785,25.981698,3.135400,26.162600,2.212800
1,1,31.973460,28.674800,2.719800,28.833099,1.702100
1,1,31.996629,23.169100,2.492000,22.817801,2.231300
1,1,32.025310,28.680701,2.885300,28.837099,2.091700
1,1,32.048570,23.259901,2.638300,23.415800,1.709000
1,1,32.077633,29.063597,2.579400,28.492599,1.543300
1,1,32.105852,28.219000,3.153800,28.908199,2.108400
1,1,32.129508,23.656003,2.856900,23.289301,1.938200
1,1,32.158604,29.095598,2.795600,28.727100,2.124000
1,1,32.180808,22.204202,3.145300,23.014799,1.687400
1,1,32.208195,27.387500,2.288000,27.034599,1.662100
1,1,32.233661,25.465898,2.709600,25.451200,1.730700
1,1,32.260980,27.318500,3.215000,26.615700,1.581700
1,1,32.285567,24.587203,3.414900,25.192200,1.801800
1,1,32.310478,24.911098,2.756700,24.876200,1.871700
1,1,32.339028,28.550100,2.697700,28.428400,1.715000
1,1,32.361661,22.633102,3.116700,22.527700,1.919600
1,1,32.388643,26.981797,2.907000,26.671400,1.758100
1,1,32.412084,23.440603,3.500800,24.002100,1.981000
1,1,32.438753,26.669599,2.779500,26.791599,1.875000
1,1,32.461710,22.956800,2.698600,22.533100,1.707300
1,1,32.488234,26.524201,2.904200,26.971100,1.792800
1,1,32.511248,23.013499,2.272600,22.932800,1.932900
1,1,32.542220,30.972701,2.666200,27.597799,2.098700
1,1,32.561877,19.656599,5.901000,22.730200,1.562600
1,1,32.589340,27.462900,3.473600,27.656000,1.811800
1,1,32.612355,23.015101,2.790400,22.816900,1.795800
1,1,32.639086,26.730902,2.815500,27.102400,1.611300
1,1,32.662570,23.484398,2.300700,22.744200,1.771300
1,1,32.689694,27.124003,3.082700,27.797501,2.170900
1,1,32.713749,24.054900,2.472500,24.232800,1.702400
1,1,32.741601,27.851596,2.626200,27.611799,1.456600
1,1,32.764218,22.617202,2.380200,22.499901,1.549300
1,1,32.792057,27.839098,2.636100,28.424700,1.891600
1,1,32.815263,23.205303,1.812100,22.822599,2.003200
1,1,32.843110,27.847100,2.371800,27.813601,1.695500
1,1,32.871603,28.493397,2.353500,28.645000,1.889200
1,1,32.895559,23.955900,2.171300,23.783800,1.618600
1,1,32.922465,26.906200,2.322900,26.595900,1.903700
1,1,32.944030,21.564502,2.595200,21.786200,1.512500
1,1,32.972583,28.553501,2.561600,27.940599,2.226000
1,1,32.996090,23.507200,3.688300,23.888700,1.588500
1,1,33.022915,26.824400,3.290500,26.938000,1.965900
1,1,33.045697,22.782199,2.596100,22.604500,1.737400
1,1,33.072000,26.303299,2.586700,26.785999,2.103700
1,1,33.096336,24.335701,2.117900,24.060499,1.621700
1,1,33.123252,26.916500,2.511500,26.724001,1.696600
1,1,33.146484,23.231398,2.639100,22.776800,1.507800
1,1,33.174159,27.675100,3.147600,28.050501,2.165000
1,1,33.197748,23.589402,2.827400,23.878700,1.511500
1,1,33.223827,26.079200,2.387600,26.198200,1.437500
1,1,33.246938,23.110200,2.214700,22.782301,1.557200
1,1,33.273274,26.335999,2.725000,26.572701,1.429200
1,1,33.296881,23.606900,2.283400,23.477200,1.361100
1,1,33.324505,27.624801,2.611900,27.776100,2.042200
1,1,33.348496,23.990799,2.587000,23.772400,2.017200
1,1,33.377427,28.931301,3.590000,28.788601,1.654900
1,1,33.405374,27.946398,3.052200,27.933500,2.119800
1,1,33.428055,22.681303,3.327100,22.663200,1.865600
1,1,33.450017,21.961696,3.159700,22.384899,2.104900
1,1,33.478266,28.249603,2.374700,27.873301,1.635000
1,1,33.506897,28.630298,2.573900,28.477699,2.027900
1,1,33.529789,22.892401,2.848400,23.098200,1.465600
1,1,33.556732,26.942801,2.611100,27.038500,1.777200
1,1,33.580022,23.289800,2.563400,23.505600,2.084700
1,1,33.609735,29.713601,2.244900,29.219700,1.631200
1,1,33.632187,22.452001,2.782800,22.507500,2.039300
1,1,33.660447,28.260000,2.666000,28.226101,1.627300
1,1,33.689261,28.813798,2.581400,29.017200,1.996700
1,1,33.712446,23.184601,2.513500,23.089800,1.529500
1,1,33.740869,28.423101,2.440300,28.284800,1.517200
1,1,33.763563,22.693697,2.988300,22.115101,1.493700
1,1,33.789928,26.365202,3.482200,26.964701,1.845100
1,1,33.812273,22.345498,2.643300,22.623899,1.523000
1,1,33.839814,27.540401,2.295700,27.303600,1.864800
1,1,33.862103,22.289701,2.522300,22.509501,1.917600
1,1,33.889535,27.431700,2.368100,27.170300,1.839500
1,1,33.913078,23.543201,2.526200,23.878401,1.498200
1,1,33.941570,28.492000,2.166100,28.350599,1.433400
1,1,33.963375,21.804497,2.235900,21.788601,1.524100
1,1,33.991650,28.275602,2.594700,28.349800,2.521600
1,1,34.014769,23.118500,2.348400,23.005301,1.968000
1,1,34.043682,28.913401,2.639400,28.746500,1.901700
1,1,34.072903,29.220898,2.448400,29.050699,1.779000
1,1,34.095711,22.808302,2.666200,22.944401,1.751300
1,1,34.124422,28.710298,2.676500,28.708599,1.752000
1,1,34.147484,23.062501,2.470500,22.930500,1.482500
1,1,34.175012,27.527399,2.749800,27.678101,1.465100
1,1,34.197456,22.443902,2.369600,22.684299,2.150100
1,1,34.225824,28.368000,2.351500,28.316299,1.796500
1,1,34.255371,29.547699,2.178100,28.906799,1.834900
1,1,34.278491,23.119699,3.093000,22.975800,1.643700
1,1,34.303306,24.815403,3.588700,25.194000,2.062800
1,1,34.328446,25.139499,2.855800,25.363600,1.751000
1,1,34.355432,26.986398,2.318400,26.796101,1.794800
1,1,34.378351,22.919200,2.590700,22.930599,1.975200
1,1,34.405662,27.310900,2.633400,27.270000,2.106300
1,1,34.429951,24.288200,2.941100,24.610201,1.600400
1,1,34.456815,26.864402,2.348000,26.596800,1.989500
1,1,34.479546,22.731397,2.451000,23.000799,1.458800
1,1,34.507088,27.541500,2.350100,27.178400,1.974300
1,1,34.530874,23.786500,2.939500,24.066799,1.741500
1,1,34.560060,29.186003,2.427800,28.465900,1.572200
1,1,34.583772,23.711700,3.183600,23.650801,2.042900
1,1,34.611625,27.853198,2.843700,28.275299,1.719200
1,1,34.633237,21.611799,2.615100,22.160900,2.009000
1,1,34.664023,30.785803,2.610000,30.617701,2.015200
1,1,34.691961,27.938098,2.295600,27.721600,1.690600
1,1,34.714772,22.811402,2.432700,23.025700,1.946400
1,1,34.743940,29.167101,2.488200,28.945601,1.935300
1,1,34.773068,29.128499,2.625800,29.099701,1.892800
1,1,34.795575,22.507098,2.649900,22.526600,1.687000
1,1,34.821384,25.809001,2.923600,25.810600,2.000500
1,1,34.847870,26.485901,2.711200,26.566200,1.798300
1,1,34.875501,27.630899,2.364500,27.336000,1.667300
1,1,34.898506,23.004800,2.751800,23.165001,1.975600
1,1,34.927558,29.051900,2.739600,29.056000,1.908000
1,1,34.954860,27.302802,2.424200,27.043800,2.139100
1,1,34.978047,23.187097,2.918400,23.410900,1.484200
1,1,35.003250,25.203001,2.354800,25.220100,1.951300
1,1,35.029483,26.232701,2.858900,25.871000,1.942800
1,1,35.056061,26.577398,3.315100,27.093700,1.731000
1,1,35.081400,25.339901,2.455400,23.771500,1.742400
1,1,35.109018,27.617101,3.966600,29.135099,1.850500
1,1,35.130209,21.191299,2.563900,21.170000,2.141900
1,1,35.158382,28.173301,2.670600,27.683500,1.985600
1,1,35.181806,23.424000,2.919200,23.702200,1.651900
1,1,35.209879,28.072998,2.696200,28.212700,1.417100
1,1,35.237131,27.252201,2.309600,27.477301,1.789400
1,1,35.262369,25.237601,2.723300,25.043301,1.584900
1,1,35.288782,26.413098,2.448300,26.319500,2.277600
1,1,35.312213,23.431003,2.687400,23.397301,2.109500
1,1,35.340712,28.498698,2.503400,27.489599,1.699900
1,1,35.364231,23.518801,3.771400,24.360399,1.509300
1,1,35.393042,28.811701,2.478200,28.848200,1.543500
1,1,35.418213,25.171198,2.334400,24.460699,1.696100
1,1,35.442150,23.936503,3.096700,24.979900,1.765200
1,1,35.465256,23.106497,2.061900,22.773399,2.018300
1,1,35.491794,26.537802,2.486500,26.561701,1.683900
1,1,35.514895,23.101199,2.241600,23.493200,1.598000
1,1,35.541639,26.743401,2.056400,26.568100,1.601000
1,1,35.564973,23.334600,2.046800,23.029100,1.561100
1,1,35.595398,30.424099,2.519700,30.269800,1.947000
1,1,35.617297,21.899801,2.547600,22.476101,1.941300
1,1,35.645126,27.829099,2.082900,27.506399,1.885500
1,1,35.668700,23.573998,2.329300,23.539200,1.949400
1,1,35.696122,27.421903,2.395100,27.329901,1.748900
1,1,35.722865,26.742898,2.372700,26.728001,1.946800
1,1,35.746848,23.982402,2.613500,24.110001,1.585600
1,1,35.775638,28.790597,2.297900,28.726801,1.774000
1,1,35.799052,23.414101,2.430800,22.587900,1.690300
1,1,35.826212,27.159601,3.474300,27.959999,1.916500
1,1,35.852039,25.826998,2.230300,25.581900,1.974900
1,1,35.879580,27.541500,2.900200,27.229601,1.693800
1,1,35.903385,23.804501,3.240000,24.074301,2.017700
1,1,35.927222,23.836799,2.837500,24.025000,1.877700
1,1,35.952474,25.251802,2.316100,25.219299,2.126500
1,1,35.980477,28.003499,2.584700,27.235300,1.560200
1,1,36.009753,29.275700,3.321600,29.867599,1.939600
1,1,36.038983,29.229999,2.566900,29.177099,2.301300
1,1,36.064431,25.448702,2.788300,25.767099,1.841100
1,1,36.094002,29.570900,2.188600,29.083799,1.815500
1,1,36.123176,29.173501,2.738100,29.428499,2.496200
1,1,36.145498,22.322100,2.532600,22.104200,1.672900
1,1,36.172797,27.298599,2.773400,27.376699,2.022000
1,1,36.195276,22.479799,2.699800,22.826900,1.771600
1,1,36.223153,27.876303,2.144700,27.606100,1.771200
1,1,36.246601,23.448497,2.396900,23.781401,1.641900
1,1,36.274054,27.452402,2.244800,27.033800,1.442200
1,1,36.298866,24.812400,2.571600,24.703199,1.549500
1,1,36.325557,26.690997,2.681700,26.777700,1.709900
1,1,36.352292,26.734702,2.477400,27.127800,1.434300
1,1,36.378188,25.896601,2.224000,25.356899,1.326300
1,1,36.405620,27.431697,2.656100,27.826900,1.610200
1,1,36.429581,23.961000,2.297900,23.630501,1.585600
1,1,36.456012,26.430700,2.438600,26.838900,1.667200
1,1,36.478782,22.770002,2.039700,22.505100,1.670900
1,1,36.506324,27.542301,2.416300,27.687799,2.481200
1,1,36.529119,22.795498,2.955000,22.695700,1.433200
1,1,36.553470,24.350800,2.295100,24.184299,2.436900
1,1,36.579477,26.007101,2.386200,25.780001,1.574800
1,1,36.607380,27.902801,2.852200,28.228901,1.920500
1,1,36.629842,22.461601,2.407900,22.634399,1.571600
1,1,36.659608,29.766500,2.138800,29.561001,1.720300
1,1,36.683552,23.944199,2.483200,23.815300,2.185800
1,1,36.710462,26.910000,2.909200,27.013800,1.636500
1,1,36.735938,25.475699,2.320400,25.030899,1.688400
1,1,36.760436,24.498202,2.868100,25.168699,2.005700
1,1,36.784436,23.999799,2.614200,23.358700,1.888100
1,1,36.812818,28.381400,2.609800,28.399700,1.671100
1,1,36.837075,24.257798,2.519200,24.649099,1.825800
1,1,36.862824,25.748700,2.216800,25.443800,1.825400
1,1,36.889744,26.920401,2.557400,27.127399,1.690000
1,1,36.912801,23.056101,2.477200,22.811100,2.009900
1,1,36.940481,27.680799,2.586700,27.816401,2.056600
1,1,36.963125,22.643600,2.587300,22.853901,1.518500
1,1,36.990313,27.188201,2.127100,27.252100,2.215000
1,1,37.014121,23.807302,2.138300,23.472300,1.637900
1,1,37.041089,26.968498,2.375100,26.931299,1.621400
1,1,37.064173,23.083802,2.703700,22.326401,1.434900
1,1,37.090614,26.441500,3.100500,27.447800,2.033500
1,1,37.112981,22.366397,2.231700,22.429701,1.747000
1,1,37.140658,27.677003,2.185500,27.537600,2.546300
1,1,37.164641,23.983099,2.345500,23.934299,1.543300
1,1,37.192621,27.980100,2.310700,28.042500,1.736000
1,1,37.216650,24.028998,2.506300,23.786800,1.718500
1,1,37.244490,27.839702,2.684600,28.083401,1.710000
1,1,37.272194,27.704600,2.116600,27.562901,1.587100
1,1,37.295198,23.003798,2.218000,22.996500,1.578600
1,1,37.319641,24.442703,2.581800,24.557600,1.973000
1,1,37.345991,26.350200,2.255700,26.160200,1.430700
1,1,37.374386,28.395098,2.422400,28.334499,1.802600
1,1,37.397387,23.001101,2.670900,22.749500,1.387100
1,1,37.423945,26.558399,2.927300,26.831699,1.725700
1,1,37.446458,22.513002,2.291200,22.673401,1.863100
1,1,37.470640,24.181098,2.309200,24.174101,1.943300
1,1,37.496753,26.113201,2.360500,26.034000,1.714800
1,1,37.522710,25.956899,2.267400,25.953300,1.822500
1,1,37.545073,22.363402,2.233000,22.493500,1.433300
1,1,37.577543,32.470301,2.147300,28.520399,2.287600
1,1,37.598383,20.839300,7.067200,23.715099,2.002800
1,1,37.626389,28.006200,3.728800,29.032499,1.987100
1,1,37.652004,25.614999,2.052500,25.319300,1.565800
1,1,37.679765,27.761098,2.643000,27.329599,1.594200
1,1,37.706441,26.675601,2.954600,26.962900,1.789700
1,1,37.729734,23.293402,3.090700,23.611401,1.746000
1,1,37.757110,27.375698,2.223200,27.207701,1.882000
1,1,37.779528,22.418801,2.620000,22.250000,1.767800
1,1,37.808364,28.835900,2.672700,28.965099,1.939600
1,1,37.831941,23.577001,2.653400,22.586100,1.722200
1,1,37.859615,27.673200,3.619800,28.963100,1.452800
1,1,37.884852,25.237698,2.086400,25.139500,2.076400
1,1,37.911190,26.338100,2.292300,26.022800,1.959600
1,1,37.939947,28.756499,2.643100,28.941099,1.570200
1,1,37.962709,22.762600,2.426100,22.487301,1.625400
1,1,37.990588,27.878102,3.290800,27.931299,1.941600
1,1,38.012872,22.284698,2.926700,22.220900,1.570300
1,1,38.042980,30.107901,3.111600,29.733601,2.153300
1,1,38.066092,23.111600,3.468100,23.255400,1.670000
1,1,38.092600,26.508700,3.195100,26.815100,1.704400
1,1,38.116065,23.464501,2.586600,23.250799,1.990700
1,1,38.144010,27.944598,2.915700,28.099899,1.785800
1,1,38.171980,27.970001,2.550000,28.084101,2.060200
1,1,38.194806,22.826701,2.831300,22.637501,2.026000
1,1,38.219984,25.177497,2.558200,25.257000,2.410500
1,1,38.245546,25.562100,2.709500,25.688400,1.512100
1,1,38.268225,22.679303,2.793100,22.515499,2.040300
1,1,38.297365,29.140297,3.188700,28.865801,1.927900
1,1,38.325771,28.406002,2.932100,28.821699,1.981500
1,1,38.348900,23.128301,2.343800,23.003300,1.932400
1,1,38.375761,26.861399,2.483500,26.684401,1.780400
1,1,38.403543,27.781900,2.697800,27.517599,1.753300
1,1,38.426856,23.313001,3.283800,23.600201,1.748400
1,1,38.455252,28.395999,2.850700,28.491100,1.617800
1,1,38.479492,24.239600,2.844000,23.949600,2.132100
1,1,38.507605,28.113298,2.875000,28.386600,1.855800
1,1,38.532281,24.675600,2.702200,24.671101,1.762500
1,1,38.561228,28.947301,2.551200,28.718201,1.691700
1,1,38.588039,26.811399,2.625300,27.075701,2.015100
1,1,38.611462,23.422703,2.533700,23.110500,1.732700
1,1,38.642405,30.942798,2.959000,30.106100,2.055000
1,1,38.665278,22.873599,3.973500,23.917299,2.794600
1,1,38.693953,28.674502,2.786800,28.694000,1.893100
1,1,38.716540,22.587001,2.733400,22.770800,2.000200
1,1,38.745163,28.623398,2.227700,28.383900,1.944100
1,1,38.770176,25.012698,2.468900,24.880501,2.004100
1,1,38.795308,25.131702,2.903800,25.252300,1.860400
1,1,38.823929,28.621200,2.356300,28.107401,1.883300
1,1,38.846535,22.606298,3.981300,23.076799,1.478500
1,1,38.874626,28.090600,2.790600,28.119200,1.887900
1,1,38.897831,23.205101,2.339300,23.096100,1.677600
1,1,38.924823,26.992097,2.448000,27.050699,1.584900
1,1,38.949111,24.287701,2.384100,24.155600,1.740400
1,1,38.976923,27.812600,2.500000,28.277000,1.619500
1,1,39.005113,28.189301,1.931300,27.941799,1.543100
1,1,39.030704,25.591701,2.552200,25.372999,1.616700
1,1,39.057326,26.621599,2.603500,26.800501,1.967000
1,1,39.080127,22.800900,2.558600,22.405100,1.534700
1,1,39.107875,27.748298,2.992100,28.009701,1.770600
1,1,39.132619,24.743900,2.966900,23.349600,2.125900
1,1,39.153713,21.094400,4.054600,22.094000,1.534400
1,1,39.169894,16.180400,3.480700,15.276100,1.923700
1,1,39.186832,16.938701,4.611200,15.712600,1.991300
1,1,39.203330,16.497601,2.843800,15.690800,1.980600
1,1,39.220011,16.680598,4.156600,17.613300,1.810700
1,1,39.242626,22.615403,3.442700,24.864901,2.399000
1,1,39.265323,22.696998,2.800700,22.987499,1.782200
1,1,39.293441,28.117601,2.258800,28.208500,1.625700
1,1,39.320855,27.413901,2.050300,26.873501,1.523000
1,1,39.346804,25.949799,2.666900,25.884701,1.713100
1,1,39.370847,24.042301,2.784600,24.101101,1.646900
1,1,39.396252,25.405198,2.605800,25.284300,1.770100
1,1,39.423545,27.293302,2.782500,27.907801,1.841500
1,1,39.447754,24.208400,2.233000,23.701700,2.133200
1,1,39.476672,28.918799,2.624700,29.110100,1.794500
1,1,39.499437,22.765100,2.618700,23.003000,1.723200
1,1,39.528125,28.687000,2.447800,28.411200,1.456400
1,1,39.556373,28.248798,2.346200,28.230801,1.758800
1,1,39.580511,24.137899,2.369900,23.771601,1.701600
1,1,39.609045,28.533902,2.815300,27.398800,1.953700
1,1,39.631746,22.700898,3.999200,23.923201,2.127500
1,1,39.656836,25.089502,3.056400,24.856199,1.830800
1,1,39.690839,34.003098,2.980100,34.357399,2.088300
1,1,39.714226,23.387201,2.866300,23.262100,2.224600
1,1,39.744472,30.246299,3.638200,30.588400,2.107600
1,1,39.769311,24.839301,2.587800,24.591101,1.986800
1,1,39.797590,28.278902,2.630100,28.183800,2.343700
1,1,39.829119,31.528298,2.829200,31.618299,2.088000
1,1,39.856601,27.482599,3.099300,27.412500,2.158500
1,1,39.879992,23.391202,3.233900,23.403200,1.659700
1,1,39.907887,27.894698,3.088400,27.978901,1.851800
1,1,39.934415,26.528303,3.166800,26.364000,2.402200
1,1,39.962850,28.434798,2.818900,28.720400,1.802500
1,1,39.986001,23.151100,2.449400,23.185101,1.922200
1,1,40.016793,30.791700,2.729800,30.551399,1.951300
1,1,40.046919,30.126501,2.727500,29.987200,1.672900
1,1,40.069717,22.797499,2.726500,22.847700,1.802200
1,1,40.108390,38.672902,2.854900,38.634701,2.001500
1,1,40.132182,23.792598,2.644700,23.705200,2.110700
1,1,40.161094,28.911401,2.928700,29.088301,2.023100
1,1,40.189691,28.597601,2.574500,28.663500,1.768700
1,1,40.213325,23.633499,2.355800,23.415199,2.000100
1,1,40.242549,29.224500,2.610500,29.306499,2.331200
1,1,40.267244,24.694301,2.618100,24.783800,1.604800
1,1,40.293634,26.390102,2.365900,26.555201,2.185300
1,1,40.320981,27.347498,2.216200,27.227501,1.922400
1,1,40.346576,25.594302,2.860500,25.054899,1.971900
1,1,40.374967,28.391100,3.086000,28.973200,2.009600
1,1,40.398185,23.218397,2.711800,22.930799,1.996600
1,1,40.425128,26.942603,2.436800,27.254200,2.239900
1,1,40.448343,23.215499,2.241300,22.635500,1.622600
1,1,40.476214,27.870901,2.944000,28.320700,2.117300
1,1,40.498947,22.733297,2.493000,22.264000,1.973300
1,1,40.526584,27.636502,3.035500,28.077700,1.915500
1,1,40.549875,23.291301,2.562100,23.442699,1.783000
1,1,40.576258,26.382998,2.515800,26.357500,1.968200
1,1,40.599964,23.705501,2.326600,23.592501,1.781300
1,1,40.627092,27.127899,2.444300,27.361900,1.980300
1,1,40.650619,23.527499,2.000300,23.400499,1.622800
1,1,40.679064,28.444603,2.714600,28.043699,1.475100
1,1,40.702154,23.090497,2.577100,23.450100,1.828500
1,1,40.730983,28.829001,2.476600,27.749901,1.583300
1,1,40.754410,23.427099,3.261300,24.005899,1.784100
1,1,40.780420,26.009202,2.605100,26.057301,1.740100
1,1,40.807361,26.941400,2.541000,27.263000,1.971100
1,1,40.830688,23.327500,2.212800,22.627399,1.384900
1,1,40.856753,26.064198,2.936000,26.864100,1.903400
1,1,40.879662,22.909403,2.070500,22.577200,1.656700
1,1,40.902153,22.490598,2.441000,22.544701,1.791700
1,1,40.930123,27.970400,2.468800,28.087900,1.420600
1,1,40.954911,24.788201,2.298500,24.849501,2.086100
1,1,40.980007,25.095802,2.163800,24.790300,1.558500
1,1,41.007143,27.135897,2.493800,27.138399,2.046800
1,1,41.030688,23.545001,2.477900,23.544500,1.578400
1,1,41.059097,28.409500,2.712800,28.403099,1.993900
1,1,41.081667,22.569500,2.845200,22.572599,1.750600
1,1,41.108453,26.786000,3.363200,26.624300,1.697000
1,1,41.132269,23.816302,2.754800,24.251801,1.630800
1,1,41.161153,28.883997,2.271700,28.110201,1.706000
1,1,41.183141,21.987602,2.783400,22.870899,1.998600
1,1,41.210394,27.252700,1.943800,27.062700,2.204600
1,1,41.240639,30.245200,2.105300,30.241199,2.026700
1,1,41.262287,21.647800,2.314600,21.434500,1.636200
1,1,41.286879,24.592098,2.376800,24.583599,1.944600
1,1,41.312453,25.574300,2.824700,25.515600,1.944800
1,1,41.341548,29.095203,2.849400,28.927099,2.357200
1,1,41.363622,22.073898,2.512500,22.206600,1.739800
1,1,41.390411,26.788499,2.664200,27.072800,2.049300
1,1,41.414650,24.239700,2.163400,23.618700,1.553400
1,1,41.440911,26.260901,2.877200,26.789600,1.721200
1,1,41.465331,24.419598,2.272900,24.132500,1.434500
1,1,41.492835,27.503900,2.593500,27.527700,2.020800
1,1,41.515314,22.479199,2.483500,22.432100,1.689300
1,1,41.542471,27.156901,2.702100,27.203600,1.639700
1,1,41.565150,22.679303,2.420500,22.645300,1.465600
1,1,41.591232,26.081499,2.542800,26.547100,1.990500
1,1,41.614810,23.578200,2.036700,23.139500,1.506300
1,1,41.642228,27.418200,2.525200,27.765800,1.871700
1,1,41.665999,23.770999,2.481600,23.696301,1.540000
1,1,41.693397,27.398501,2.687100,27.329399,1.634100
1,1,41.720273,26.875701,2.144400,26.670700,1.609400
1,1,41.745126,24.852797,2.539100,25.061100,1.393900
1,1,41.774465,29.339101,2.501100,29.072800,1.852400
1,1,41.798407,23.942199,2.937300,24.130199,1.726400
1,1,41.825581,27.174000,2.227000,26.873699,1.798800
1,1,41.850109,24.527702,2.465600,24.699499,1.783100
1,1,41.878387,28.278399,2.486600,28.201599,1.703500
1,1,41.901361,22.973500,2.565300,22.737101,1.628700
1,1,41.929428,28.066602,2.941700,28.479300,2.210900
1,1,41.957403,27.975399,2.185000,28.083300,1.684800
1,1,41.981193,23.789700,2.344100,23.119200,1.752300
1,1,42.007233,26.040100,2.686800,26.196899,1.672000
1,1,42.030134,22.901800,2.500800,23.013800,1.866000
1,1,42.056825,26.690800,2.447900,26.691099,1.553800
1,1,42.079372,22.546399,2.438300,22.504999,1.457500
1,1,42.103477,24.105500,2.680900,24.257500,1.772700
1,1,42.129004,25.526501,2.714200,25.415899,1.816100
1,1,42.157881,28.877698,2.639100,29.003000,2.989400
1,1,42.180091,22.209801,2.719800,22.191900,1.579400
1,1,42.207489,27.398299,2.625200,27.171000,1.822200
1,1,42.229572,22.082102,2.521100,22.411800,1.549400
1,1,42.256894,27.322300,2.364200,27.389799,1.827300
1,1,42.279323,22.429500,2.060900,22.421101,1.328300
1,1,42.306765,27.441800,2.657900,27.204500,1.731900
1,1,42.330475,23.709502,3.470100,23.485500,1.641900
1,1,42.356979,26.503898,2.782900,26.937300,1.905800
1,1,42.381102,24.123199,2.095500,23.774799,1.962700
1,1,42.409771,28.669000,2.525700,28.555901,1.580400
1,1,42.432498,22.726901,2.568300,23.002501,1.681600
1,1,42.460437,27.939599,2.357700,28.123301,1.607100
1,1,42.489653,29.215500,1.898700,29.116501,1.805400
1,1,42.512523,22.870101,2.215700,22.507099,2.313200
1,1,42.535517,22.993900,2.591500,23.000700,1.559200
1,1,42.563685,28.168499,2.894500,27.885401,1.532000
1,1,42.590548,26.862700,3.277000,27.055201,1.515200
1,1,42.617548,26.999503,2.606100,23.239100,1.692900
1,1,42.641002,23.454897,6.826000,27.073299,2.100200
1,1,42.667133,26.130401,3.978800,25.637699,2.258800
1,1,42.690354,23.220800,3.460600,23.265400,2.973600
1,1,42.713535,23.180902,3.614700,23.317400,2.132700
1,1,42.742139,28.604098,3.160400,28.765600,1.997800
1,1,42.764989,22.850599,2.934200,22.724300,2.117500
1,1,42.791503,26.513901,3.034900,27.115900,1.967400
1,1,42.815646,24.143100,2.302500,23.631201,1.909500
1,1,42.843589,27.942702,2.856100,28.586300,1.652500
1,1,42.866266,22.676799,2.119900,22.192600,2.060500
1,1,42.893032,26.766501,2.761800,26.916599,1.878700
1,1,42.916544,23.511697,2.528100,22.535000,2.156200
1,1,42.943848,27.304500,3.675000,28.581400,1.979000
1,1,42.967202,23.353700,2.060100,22.682800,1.836000
1,1,42.995302,28.100103,2.976000,28.408800,1.456800
1,1,43.022986,27.684100,2.384400,27.683300,1.844200
1,1,43.045722,22.735599,2.533500,22.854900,1.830100
1,1,43.075562,29.840201,2.417200,29.501801,2.171800
1,1,43.098117,22.554699,3.087000,22.258200,2.047900
1,1,43.124471,26.353899,3.473200,26.937700,2.010400
1,1,43.148077,23.606200,2.349000,22.856300,2.391600
1,1,43.175901,27.824000,3.424900,28.527201,1.954400
1,1,43.198670,22.768602,2.496600,22.789600,1.797800
1,1,43.225494,26.824698,3.233300,26.479000,1.960900
1,1,43.249553,24.058599,2.715800,23.400000,1.695700
1,1,43.275885,26.331801,3.335300,27.007099,1.700700
1,1,43.298706,22.821501,2.624700,22.812099,1.536200
1,1,43.325226,26.519801,2.643300,26.771299,1.742800
1,1,43.348660,23.434598,2.338700,23.083200,1.979700
1,1,43.375350,26.689701,2.835200,27.166000,2.036700
1,1,43.398906,23.555499,2.223500,23.412600,1.675200
1,1,43.425988,27.082000,2.369000,27.101500,1.591200
1,1,43.448703,22.714902,2.307700,22.397699,1.827900
1,1,43.477095,28.392900,2.603600,28.835600,1.901700
1,1,43.499964,22.868700,2.625300,22.354000,1.685800
1,1,43.529064,29.099498,2.870800,28.801800,1.617700
1,1,43.554496,25.431901,3.092700,26.008301,1.835300
1,1,43.580315,25.819100,3.016200,25.582600,2.064800
1,1,43.608641,28.326500,2.903400,28.495501,1.856400
1,1,43.632806,24.164498,2.623200,23.260099,1.547500
1,1,43.663952,31.146400,3.572200,31.575001,1.827100
1,1,43.692625,28.673001,3.452600,28.812201,1.901200
1,1,43.715726,23.101300,2.919700,23.270599,2.050500
1,1,43.745397,29.670902,2.663800,30.047800,1.896800
1,1,43.774354,28.957099,2.633600,28.494200,2.079000
1,1,43.799583,25.228202,2.971400,25.247200,1.799400
1,1,43.829535,29.952899,2.626800,30.253401,1.710400
1,1,43.859172,29.636700,2.573600,29.574499,2.244900
1,1,43.882106,22.933599,2.776100,22.800400,1.635100
1,1,43.912157,30.050803,2.336500,30.237000,2.245300
1,1,43.941947,29.790599,2.203900,29.585300,1.763900
1,1,43.964682,22.734400,2.971400,22.899500,1.460000
1,1,43.991950,27.268101,2.541600,27.240499,1.561000
1,1,44.020896,28.946098,2.344500,28.659201,1.796300
1,1,44.044967,24.071302,2.687600,24.128401,1.605700
1,1,44.074293,29.325899,2.483500,29.209999,1.885400
1,1,44.100224,25.930699,2.687900,25.978500,1.959000
1,1,44.128418,28.194301,2.710000,28.035101,1.488300
1,1,44.153670,25.251999,2.745400,25.698999,1.869200
1,1,44.181199,27.528502,2.369000,27.164600,1.750900
1,1,44.207669,26.470199,2.681000,26.742300,1.997900
1,1,44.230804,23.134999,2.315800,22.975100,1.697100
1,1,44.257828,27.024101,2.508300,27.094200,1.999100
1,1,44.280466,22.638299,2.482100,22.424299,1.782100
1,1,44.307616,27.150400,2.705200,27.091299,1.959700
1,1,44.330263,22.646002,2.801600,22.708000,1.850300
1,1,44.357598,27.335797,2.648600,27.407600,1.705100
1,1,44.380437,22.838403,2.488500,22.799999,1.537300
1,1,44.410128,29.691700,2.703800,29.680700,2.100300
1,1,44.433170,23.041900,2.596100,23.601500,1.442400
1,1,44.462542,29.372100,2.664500,28.851500,1.715700
1,1,44.490801,28.258901,2.614500,28.398001,2.067200
1,1,44.514315,23.513798,2.903800,22.624901,1.695900
1,1,44.542215,27.899999,3.246100,28.519800,1.887700
1,1,44.564829,22.614103,2.903500,22.943701,1.683900
1,1,44.593111,28.281700,3.030200,27.932600,1.571700
1,1,44.615857,22.745900,2.896100,23.018700,1.696400
1,1,44.645450,29.592797,2.885800,28.905199,1.674300
1,1,44.671562,26.112702,3.079500,26.442200,2.077200
1,1,44.698214,26.652198,3.082700,26.874599,1.865600
1,1,44.725753,27.538102,2.785600,27.418200,1.940900
1,1,44.750708,24.955798,2.688200,24.368700,1.611200
1,1,44.777420,26.711103,3.354400,27.774401,1.836900
1,1,44.804693,27.273599,2.172300,26.616800,1.789500
1,1,44.829641,24.947401,2.822600,25.042700,2.077000
1,1,44.859160,29.519800,2.881700,29.622700,1.963500
1,1,44.881736,22.575498,2.772600,22.212099,2.052100
1,1,44.910643,28.907001,3.087700,29.390400,1.806500
1,1,44.939894,29.251099,2.323700,29.199400,1.638600
1,1,44.963007,23.113303,2.427800,22.859100,1.687600
1,1,44.990675,27.667399,2.703300,27.647900,1.841000
1,1,45.013512,22.837099,2.679400,22.775101,1.797700
1,1,45.037838,24.326701,2.828800,24.615801,1.976400
1,1,45.064169,26.330899,2.595400,25.760300,1.548200
1,1,45.088184,24.014499,3.112600,24.377199,1.826500
1,1,45.113922,25.738202,2.444800,25.969400,1.604200
1,1,45.141439,27.517401,2.364600,27.640100,1.539100
1,1,45.165650,24.210900,2.224800,24.276699,1.644800
1,1,45.193100,27.449898,2.151700,27.472900,1.847200
1,1,45.217633,24.532799,2.075700,23.948999,1.654400
1,1,45.244675,27.042203,2.922100,27.329700,1.638400
1,1,45.268927,24.251398,2.889400,23.971800,1.771200
1,1,45.297220,28.293200,2.727100,28.521799,1.649700
1,1,45.323782,26.562601,2.519400,26.878300,1.811300
1,1,45.349539,25.756899,2.157800,25.338200,1.913100
1,1,45.375331,25.792200,2.561000,26.181200,1.731600
1,1,45.399315,23.983799,2.092100,23.871000,1.342900
1,1,45.427647,28.331801,2.675000,28.287500,1.551200
1,1,45.452053,24.405401,2.452100,24.554001,1.770900
1,1,45.477054,25.001798,2.077900,24.763800,1.888500
1,1,45.502818,25.763702,2.386500,25.396500,1.506000
1,1,45.532332,29.513698,2.945100,29.268900,2.317900
1,1,45.560607,28.274901,3.690300,28.642799,1.983900
1,1,45.583026,22.419501,3.189400,22.513201,1.968100
1,1,45.611466,28.440200,3.037500,28.522800,1.953700
1,1,45.634629,23.163099,2.736800,22.277300,2.160600
1,1,45.661493,26.863299,3.488700,27.699800,2.655400
1,1,45.690945,29.452201,2.518600,29.398600,2.661900
1,1,45.716359,25.414102,2.900600,25.270000,2.211900
1,1,45.742902,26.543200,2.727000,26.465500,1.980000
1,1,45.766599,23.696899,2.975100,23.699301,2.038200
1,1,45.793516,26.916601,2.852200,26.905800,1.604300
1,1,45.815583,22.067796,3.048900,22.144600,1.960800
1,1,45.842532,26.948102,2.842500,27.090099,2.006000
1,1,45.867253,24.721600,2.559900,24.678499,1.634100
1,1,45.894536,27.283099,2.690600,27.463699,1.784800
1,1,45.925396,30.859500,2.251200,30.260201,1.848500
1,1,45.948339,22.943400,2.989100,23.028299,1.813700
1,1,45.975653,27.313702,2.879800,27.423500,2.256600
1,1,45.999812,24.158698,2.697600,24.256800,1.943600
1,1,46.026706,26.894502,2.599000,27.025101,1.823600
1,1,46.048959,22.253301,2.387900,22.325899,1.486000
1,1,46.076015,27.055599,2.356700,26.654600,1.766500
1,1,46.098516,22.501301,2.861000,22.543900,1.506300
1,1,46.126764,28.247200,2.763000,28.510700,2.315500
1,1,46.149907,23.143899,2.368900,22.831699,1.763000
1,1,46.179326,29.418901,2.651600,29.605200,1.611500
1,1,46.201520,22.194099,2.592200,22.327801,1.786800
1,1,46.229517,27.996402,2.453400,27.581400,1.778600
1,1,46.257151,27.634099,2.760900,27.940500,1.689400
1,1,46.281201,24.050198,2.742400,23.724199,1.710000
1,1,46.307744,26.542500,2.996600,26.921900,1.872200
1,1,46.331809,24.065901,2.458000,23.709101,1.500400
1,1,46.358445,26.635900,2.754700,26.594900,2.033700
1,1,46.380725,22.280000,3.038600,22.413300,1.997500
1,1,46.408799,28.073799,2.947900,28.034800,1.702000
1,1,46.430919,22.120301,3.169900,22.238100,2.039400
1,1,46.458989,28.069600,2.521500,28.091000,1.642800
1,1,46.481684,22.694699,2.490100,22.705200,1.248100
1,1,46.509131,27.446900,2.425700,27.641600,1.560300
1,1,46.533273,24.142802,2.443500,24.048000,1.642300
1,1,46.560487,27.213700,2.427800,26.913799,1.617400
1,1,46.584342,23.854598,3.034000,23.866400,1.648600
1,1,46.611305,26.963700,2.565100,27.206499,1.474800
1,1,46.638215,26.909500,2.158700,26.552500,1.581300
1,1,46.665195,26.980501,3.033100,27.082701,2.163000
1,1,46.692253,27.057499,3.388600,27.117300,1.715800
1,1,46.714713,22.460200,2.820400,22.397200,2.025300
1,1,46.742252,27.538501,2.788100,27.629101,2.156000
1,1,46.764746,22.494100,2.559000,22.327999,1.867800
1,1,46.793522,28.776601,2.715600,28.840500,1.977800
1,1,46.818168,24.645600,2.789400,24.324400,1.779700
1,1,46.844880,26.711501,3.166700,27.032400,1.776600
1,1,46.868060,23.180600,2.533400,23.290100,1.828100
1,1,46.894659,26.598599,2.660500,26.632000,1.845000
1,1,46.917999,23.340199,2.332700,23.363001,1.825300
1,1,46.946014,28.015599,2.336300,27.794300,1.907600
1,1,46.968615,22.601001,2.551500,22.779400,1.951700
1,1,46.997038,28.422501,2.618200,27.676399,1.670600
1,1,47.024237,27.198900,3.015700,27.675200,1.732600
1,1,47.046894,22.656899,2.597400,22.696199,1.716300
1,1,47.072125,25.231503,2.503200,24.727900,1.752100
1,1,47.098386,26.260398,2.976900,26.772600,1.966900
1,1,47.127142,28.755900,2.652900,28.833900,1.636300
1,1,47.149776,22.634801,2.512400,22.429199,1.470300
1,1,47.178030,28.253999,2.701000,28.673800,1.449000
1,1,47.205381,27.350202,2.028700,27.201700,1.961700
1,1,47.228039,22.658698,3.428000,22.817801,1.733000
1,1,47.256924,28.884500,2.333500,28.694300,1.888000
1,1,47.280518,23.594100,2.432900,23.143400,1.934000
1,1,47.308493,27.974900,2.850900,28.105499,1.479100
1,1,47.332054,23.561601,2.683000,23.955999,1.777800
1,1,47.359783,27.728599,2.102300,27.518900,1.536700
1,1,47.382945,23.162000,2.419400,22.898500,1.327900
1,1,47.410724,27.779203,2.620400,28.146200,2.174800
1,1,47.433922,23.197800,2.387300,23.254801,1.820900
1,1,47.462583,28.661497,2.326400,28.093700,1.468600
1,1,47.484421,21.837402,2.738200,22.054501,1.789200
1,1,47.512479,28.057799,2.597600,28.043699,1.965800
1,1,47.537705,25.226399,2.537400,25.295799,2.040900
1,1,47.563694,25.989100,2.555500,25.852699,2.423200
1,1,47.594204,30.509401,2.743200,30.077499,2.640300
1,1,47.617925,23.721401,3.475100,24.163500,2.078600
1,1,47.645243,27.318399,2.500400,27.319700,1.988100
1,1,47.673871,28.627399,2.603600,24.491699,1.738800
1,1,47.697937,24.066500,6.641100,27.934500,1.890500
1,1,47.729050,31.112302,2.978600,31.255501,1.974900
1,1,47.758705,29.654998,3.030300,29.331900,2.169500
1,1,47.784380,25.675301,3.323100,25.772600,1.983400
1,1,47.814533,30.152898,3.347700,30.285999,2.024600
1,1,47.843055,28.522503,2.872100,28.451000,2.068500
1,1,47.866579,23.523498,2.980400,23.519300,2.107700
1,1,47.895988,29.409301,2.980200,29.648701,1.806400
1,1,47.925682,29.693700,2.485900,29.598400,1.643900
1,1,47.950702,25.019899,2.654700,25.153099,1.686600
1,1,47.979664,28.962199,2.402200,28.711100,2.040900
1,1,48.007817,28.153501,3.636600,28.003500,2.106500
1,1,48.031054,23.236401,2.998200,23.461500,1.961600
1,1,48.061845,30.791599,2.784100,30.867201,2.062000
1,1,48.084477,22.631798,2.948100,22.584900,1.903100
1,1,48.111876,27.399201,2.796200,27.415100,1.523100
1,1,48.142505,30.628301,2.487300,30.688700,1.703600
1,1,48.167098,24.592899,2.624400,24.755199,2.288700
1,1,48.196663,29.565401,2.568500,29.270500,1.720800
1,1,48.226615,29.951699,2.756700,29.926100,1.573300
1,1,48.250415,23.800701,3.701000,23.104401,1.838600
1,1,48.279751,29.335201,4.073100,29.684999,2.343100
1,1,48.302616,22.864997,3.666600,23.307501,1.979000
1,1,48.331281,28.665300,2.361400,28.584600,1.828600
1,1,48.353001,21.720503,2.427900,21.849800,2.169600
1,1,48.382261,29.259998,2.518700,28.902201,1.658000
1,1,48.410909,28.648101,2.990100,28.895100,1.946900
1,1,48.441185,30.275699,2.721200,30.587299,1.731200
1,1,48.466864,25.678601,2.443500,25.159401,1.920800
1,1,48.494013,27.149498,2.562000,27.209600,2.591800
1,1,48.517421,23.407202,2.633300,22.862101,2.241800
1,1,48.545804,28.383400,3.119500,28.932400,1.750200
1,1,48.572864,27.059600,2.555000,27.031300,1.992600
1,1,48.598783,25.919899,2.528100,26.061800,1.936100
1,1,48.627453,28.669700,2.360600,28.663900,1.600100
1,1,48.652013,24.560098,2.435400,24.549400,1.782000
1,1,48.682873,30.860301,2.666500,30.690001,1.799900
1,1,48.712004,29.130299,2.745900,29.054501,2.014400
1,1,48.735197,23.193102,2.906400,23.261400,2.532100
1,1,48.761566,26.369400,2.771800,26.844101,1.506800
1,1,48.787384,25.817800,1.887400,25.145399,1.712200
1,1,48.814782,27.397800,2.647600,27.448299,1.598700
1,1,48.841817,27.035497,2.645900,27.330900,1.927900
1,1,48.864360,22.542901,3.431300,22.449800,2.162900
1,1,48.893522,29.161301,2.273000,28.964800,1.760400
1,1,48.915555,22.032999,2.578800,22.124001,2.186500
1,1,48.944367,28.812800,2.574000,28.612499,2.849300
1,1,48.969081,24.713900,2.896700,25.205700,1.644400
1,1,48.998229,29.148102,2.432800,28.644600,1.462700
1,1,49.025554,27.324401,2.507300,27.776100,1.809400
1,1,49.047570,22.016197,2.064200,21.840000,1.724500
1,1,49.075128,27.558200,2.503200,27.516199,1.722100
1,1,49.099042,23.914300,2.508000,22.933399,1.349900
1,1,49.119738,20.695202,2.695200,21.955099,1.578400
1,1,49.149044,29.306598,1.993500,28.882900,1.418800
1,1,49.176438,27.394000,2.534800,27.250999,1.824400
1,1,49.200829,24.391100,2.746300,24.607000,1.691800
1,1,49.229626,28.796703,2.382400,28.841000,1.884800
1,1,49.257185,27.558498,2.248400,27.627300,1.636200
1,1,49.279781,22.596702,2.138000,22.562000,1.787500
1,1,49.308887,29.105298,2.432200,29.091299,1.542200
1,1,49.331976,23.089401,2.324100,22.812500,1.547900
1,1,49.359405,27.429000,2.477800,27.451500,1.890000
1,1,49.382170,22.764899,2.580600,22.749901,1.338300
1,1,49.410915,28.745301,2.538700,28.920799,1.495600
1,1,49.434248,23.332801,2.413600,23.055000,1.538000
1,1,49.462243,27.995098,2.701300,28.172300,1.827800
1,1,49.491891,29.647801,2.398600,29.815901,2.067700
1,1,49.516784,24.892800,2.536600,24.416901,1.573300
1,1,49.544875,28.090801,2.983400,28.690901,1.943800
1,1,49.570948,26.073597,2.330300,25.657499,1.884400
1,1,49.596427,25.478702,2.970100,25.248199,2.231500
1,1,49.619600,23.173399,3.470800,23.642200,2.130900
1,1,49.648580,28.979700,2.609100,28.487200,1.749600
1,1,49.677966,29.386498,2.963400,29.672800,1.960100
1,1,49.703221,25.254201,2.993800,23.873800,2.283600
1,1,49.730186,26.965100,4.399700,28.130199,2.116900
1,1,49.758620,28.434299,2.961300,28.543100,1.887300
1,1,49.781818,23.198400,2.594100,23.059700,1.872500
1,1,49.810947,29.128201,2.758700,29.261101,2.008600
1,1,49.832477,21.530800,2.689100,21.522600,1.896300
1,1,49.861723,29.245201,2.908100,29.397100,1.788200
1,1,49.884719,22.996698,2.372100,23.245399,1.648100
1,1,49.912510,27.790703,1.990000,27.477400,1.611400
1,1,49.935877,23.367498,2.369300,23.694401,2.022700
1,1,49.962984,27.106002,2.024500,26.687599,1.649800
1,1,49.991688,28.704099,2.485700,28.735701,1.800000
1,1,50.014688,23.000699,2.996200,23.153400,1.835500
1,1,50.041872,27.183302,2.343000,27.334299,1.864500
1,1,50.065515,23.643900,2.229800,23.294800,1.995200
1,1,50.093056,27.540199,2.442700,27.581600,1.671300
1,1,50.117578,24.522100,2.539100,24.547800,2.064600
1,1,50.145602,28.024100,2.331300,28.063400,2.710200
1,1,50.175082,29.479701,2.700300,29.410999,2.028900
1,1,50.199341,24.259001,2.349800,24.063900,1.911100
1,1,50.227952,28.611697,2.469200,28.812099,1.875100
1,1,50.250630,22.677403,2.352100,22.795799,1.888800
1,1,50.279642,29.012699,2.410000,28.601700,1.908800
1,1,50.307929,28.286200,2.859800,28.765600,1.830700
1,1,50.331538,23.608901,2.792300,23.073601,1.726700
1,1,50.359830,28.292000,2.572700,28.709700,1.856000
1,1,50.382728,22.898797,2.609600,22.474501,1.793400
1,1,50.411877,29.149003,2.908900,29.329399,1.878600
1,1,50.434935,23.057599,2.463100,23.383900,1.799000
1,1,50.461459,26.524201,2.129400,26.195499,1.572100
1,1,50.485705,24.245698,3.834300,24.432100,1.853800
1,1,50.512741,27.036302,2.458100,26.594801,1.848600
1,1,50.535797,23.056399,2.869300,23.382601,2.031800
1,1,50.564658,28.860699,2.170800,28.685400,1.945800
1,1,50.593488,28.829802,2.449100,28.879900,1.727500
1,1,50.615621,22.133000,2.510800,22.110001,1.688300
1,1,50.643334,27.713299,2.568700,27.817400,2.364900
1,1,50.666048,22.713300,2.391300,22.473000,1.893000
1,1,50.693891,27.843200,3.125500,27.856600,2.725300
1,1,50.717805,23.913901,2.643600,23.860701,2.199600
1,1,50.746336,28.531298,2.629400,28.672600,2.067500
1,1,50.769213,22.877201,2.334600,22.565399,2.044900
1,1,50.797146,27.932398,2.745100,27.961901,2.618800
1,1,50.820186,23.040403,2.733700,23.094801,1.909000
1,1,50.848138,27.951598,2.600400,27.867300,2.227700
1,1,50.870027,21.889802,2.765600,22.134001,2.069700
1,1,50.897464,27.437098,2.615100,27.706100,1.850600
1,1,50.924732,27.267702,1.981800,27.238600,1.707300
1,1,50.948543,23.811199,2.205000,23.274000,1.691700
1,1,50.975238,26.694600,2.440300,26.900000,1.546800
1,1,50.998685,23.447100,2.384900,23.272400,1.759000
1,1,51.022670,23.984499,2.812800,24.006201,2.213600
1,1,51.048683,26.013002,2.554100,25.868401,1.677900
1,1,51.076499,27.816799,2.546100,27.917900,2.115700
1,1,51.099829,23.329601,2.518000,23.599899,1.529500
1,1,51.126454,26.625399,2.294600,26.600300,1.635200
1,1,51.149012,22.558000,2.119100,22.666901,1.349900
1,1,51.175761,26.748300,2.089900,26.759800,1.609000
1,1,51.198649,22.888102,2.454500,22.419300,1.442600
1,1,51.225207,26.558101,2.472100,26.937099,1.743700
1,1,51.248524,23.317300,2.285600,22.869499,1.558800
1,1,51.269633,21.108400,2.661800,21.531000,1.694800
1,1,51.298340,28.707799,2.440300,28.239000,1.611200
1,1,51.323321,24.980199,2.530500,25.529900,2.179500
1,1,51.349063,25.742102,2.051600,25.125700,1.558100
1,1,51.375591,26.528098,2.361900,26.958599,1.733400
1,1,51.397922,22.331700,2.312700,22.180500,1.760600
1,1,51.424938,27.015503,2.330300,27.149099,1.741400
1,1,51.447978,23.039997,2.517900,22.524700,1.493600
1,1,51.475351,27.373303,3.318400,27.764900,1.845400
1,1,51.499619,24.267998,2.779000,24.074400,1.986600
1,1,51.527821,28.201401,2.939100,28.374800,1.788000
1,1,51.550689,22.868201,2.359500,22.890400,1.824100
1,1,51.579349,28.659899,2.708400,28.256599,1.713500
1,1,51.601310,21.961700,3.077500,22.247400,1.677300
1,1,51.631368,30.057099,2.669400,29.611200,1.769200
1,1,51.658398,27.030002,3.136700,27.252399,2.122000
1,1,51.683271,24.873000,3.021400,24.915701,2.292500
1,1,51.713310,30.039098,2.561100,29.853201,1.732400
1,1,51.736603,23.293301,3.155500,23.799601,1.846600
1,1,51.766229,29.625501,2.316100,28.712999,1.996100
1,1,51.794896,28.667998,3.496800,29.371099,2.265900
1,1,51.818004,23.107100,2.679800,22.939400,2.739800
1,1,51.847476,29.472101,3.437800,29.176500,1.961600
1,1,51.876221,28.744899,3.147700,28.853300,2.416400
1,1,51.899943,23.722000,3.509300,23.941700,1.726900
1,1,51.928171,28.228100,2.792000,28.042200,2.030300
1,1,51.955994,27.822901,3.004500,28.040199,2.064500
1,1,51.985973,29.979900,2.838400,30.015100,3.966100
1,1,52.015514,29.540900,2.750600,29.276199,1.875600
1,1,52.044980,29.465299,3.167000,29.831499,1.821200
1,1,52.078105,33.125401,2.786800,32.926998,1.889500
1,1,52.101945,23.839898,2.867700,23.572300,1.979400
1,1,52.132336,30.391101,3.857800,30.001499,2.428300
1,1,52.162935,30.598499,3.617900,31.156700,2.027600
1,1,52.194946,32.011002,2.522200,32.221600,1.613200
1,1,52.223924,28.978098,2.084600,28.726801,1.567700
1,1,52.248979,25.055703,2.712000,25.404699,1.416400
1,1,52.278747,29.767700,2.088900,29.117100,2.203700
1,1,52.309746,30.999299,3.806700,31.408100,2.044400
1,1,52.341903,32.156199,3.031400,32.263699,1.733300
1,1,52.367206,25.303598,2.858100,25.199200,1.833800
1,1,52.398204,30.998200,2.314200,30.418900,1.931000
1,1,52.431252,33.047501,3.474100,33.481300,2.115200
1,1,52.462830,31.577602,4.037200,31.716499,2.119800
1,1,52.493345,30.515298,2.427500,30.285601,1.846300
1,1,52.526558,33.213500,2.696600,33.617500,2.252700
1,1,52.552462,25.903501,2.167100,25.665400,1.669100
1,1,52.583454,30.992299,2.293300,30.730900,1.773800
1,1,52.614770,31.316102,3.319900,31.500401,1.937600
1,1,52.650048,35.278197,2.744400,34.772800,1.945800
1,1,52.677891,27.842700,3.380400,28.294399,2.131600
1,1,52.706125,28.234001,2.926400,27.906000,1.910300
1,1,52.738537,32.411698,2.881800,28.364000,1.907800
1,1,52.765736,27.199402,6.657300,31.126101,1.894600
1,1,52.798146,32.410201,2.945400,31.735701,1.844000
1,1,52.820588,22.441398,4.485100,23.599001,2.710800
1,1,52.849627,29.038701,2.716400,28.987000,1.996300
1,1,52.880021,30.394699,2.479800,30.143299,1.683500
1,1,52.911718,31.696599,3.341600,31.599701,1.911100
1,1,52.934700,22.982500,3.265700,23.320999,2.222900
1,1,52.968473,33.772901,2.578900,33.649700,1.640800
1,1,52.999904,31.430900,2.544200,30.921200,1.845900
1,1,53.032793,32.889299,3.027700,33.147400,1.968600
1,1,53.061995,29.201198,3.060000,29.220900,2.280700
1,1,53.085731,23.736600,2.596500,23.714701,1.779100
1,1,53.118470,32.738801,2.788800,32.637600,1.764600
1,1,53.148642,30.172400,2.727900,29.910900,1.882200
1,1,53.178625,29.982902,3.148900,30.465401,2.902100
1,1,53.205890,27.265098,2.636300,27.096001,2.113700
1,1,53.235519,29.628202,2.730700,29.923700,1.823900
1,1,53.269318,33.799499,2.334100,33.199501,1.775000
1,1,53.298979,29.661100,3.201100,29.670200,2.114100
1,1,53.330975,31.995300,3.620300,32.409199,2.105300
1,1,53.360104,29.129200,2.653300,28.554300,2.019200
1,1,53.385813,25.709499,3.454600,26.452499,1.861900
1,1,53.418642,32.829199,2.156300,32.388000,1.783400
1,1,53.451468,32.825202,2.847500,33.262299,2.232900
1,1,53.481981,30.513000,2.311300,30.008101,1.806900
1,1,53.515947,33.966299,2.977500,33.934200,1.993100
1,1,53.548582,32.635499,3.018600,32.682899,2.194300
1,1,53.582023,33.440500,2.888500,33.345299,1.987300
1,1,53.617440,35.417300,3.294000,35.348202,1.944800
1,1,53.650484,33.044301,3.131900,32.899601,2.393000
1,1,53.683471,32.986999,3.263000,33.216099,2.247400
1,1,53.714440,30.968200,3.165400,31.428301,2.149000
1,1,53.744899,30.458901,2.557600,30.411100,1.855600
1,1,53.775242,30.343302,2.361500,30.196501,2.173000
1,1,53.798989,23.747098,2.562500,23.242300,1.674700
1,1,53.829828,30.839302,2.921000,31.176800,2.045900
1,1,53.860568,30.740101,2.959000,31.131300,1.944000
1,1,53.892156,31.587899,2.425100,31.218800,2.298200
1,1,53.916827,24.671100,2.717700,24.407499,2.136000
1,1,53.947906,31.078201,3.706400,31.358900,1.830100
1,1,53.976784,28.878298,2.659700,28.882099,2.239200
1,1,54.001531,24.746701,2.668700,24.910700,1.898900
1,1,54.032639,31.108499,2.284800,30.802799,1.537000
1,1,54.061918,29.279202,2.603800,29.472099,1.778700
1,1,54.091206,29.288199,2.550700,28.895901,1.906200
1,1,54.113211,22.004399,3.153900,22.174299,1.954700
1,1,54.142087,28.876301,2.782300,28.844200,1.516900
1,1,54.164528,22.441201,2.663900,22.553400,1.793500
1,1,54.192845,28.316900,2.704900,28.295401,2.409300
1,1,54.215090,22.245001,3.295700,22.319000,1.641600
1,1,54.246583,31.493198,2.649200,31.240999,2.130100
1,1,54.276306,29.722702,2.766700,29.567801,2.018200
1,1,54.308418,32.111499,3.040900,32.253101,1.794800
1,1,54.342536,34.117900,2.959100,33.354401,1.867200
1,1,54.367925,25.389399,3.905900,26.294500,1.751800
1,1,54.399151,31.225901,3.210100,31.238701,1.806300
1,1,54.423222,24.070699,2.485600,24.280701,1.934200
1,1,54.450880,27.658701,2.450900,27.410400,1.668800
1,1,54.480430,29.549800,2.893800,29.011801,2.077800
1,1,54.508674,28.244298,3.280500,28.533001,2.065700
1,1,54.532346,23.671802,3.587600,24.241899,1.945400
1,1,54.560163,27.816799,2.326300,27.804800,1.582100
1,1,54.582760,22.596601,2.140400,22.398600,1.478900
1,1,54.610776,28.016400,2.081200,28.032101,1.502900
1,1,54.634147,23.370698,2.424700,23.210899,1.864600
1,1,54.664177,30.030601,2.670700,29.627001,1.856200
1,1,54.686740,22.563200,3.067400,23.176800,2.005000
1,1,54.715597,28.856199,2.270400,27.801500,1.717400
1,1,54.744974,29.377501,3.605800,29.661600,1.752800
1,1,54.767798,22.823699,3.152300,23.254000,2.105600
1,1,54.794547,26.748799,2.823500,26.754400,1.680400
1,1,54.817981,23.434002,2.489400,23.474001,1.805700
1,1,54.845084,27.103398,2.660900,27.479000,1.749000
1,1,54.868789,23.705103,2.232700,23.570400,1.791500
1,1,54.897230,28.440699,2.454800,27.853500,1.831000
1,1,54.926009,28.779399,2.799100,28.885500,1.849000
1,1,54.949722,23.712203,2.861400,22.955299,1.602600
1,1,54.976143,26.421998,3.661100,27.352200,1.719300
1,1,54.999089,22.945702,2.560800,22.804399,1.484700
1,1,55.026251,27.161598,2.666000,27.328199,2.110100
1,1,55.048940,22.689700,2.528800,22.435101,1.421200
1,1,55.075844,26.903402,2.807800,27.062099,2.157400
1,1,55.100656,24.812497,2.544800,24.550600,1.627700
1,1,55.128315,27.658802,2.943500,28.051800,1.653700
1,1,55.154446,26.130900,2.343900,26.015499,1.810000
1,1,55.182134,27.687900,2.873300,27.400801,1.932900
1,1,55.208847,26.713099,2.976700,26.872200,1.913500
1,1,55.231801,22.954300,2.907800,23.148600,1.868900
1,1,55.256318,24.516601,2.559400,24.250000,1.900800
1,1,55.282143,25.825199,2.972000,25.863300,2.024100
1,1,55.310083,27.939700,2.616600,28.174200,2.234300
1,1,55.333654,23.571301,2.341200,23.584299,1.979500
1,1,55.361366,27.711801,2.353000,27.442400,1.629500
1,1,55.383938,22.572298,2.577800,22.341999,1.909500
1,1,55.411153,27.214900,3.095700,27.562201,2.180400
1,1,55.436214,25.060400,2.513900,24.940500,1.767900
1,1,55.465193,28.979100,2.843800,28.780199,1.563700
1,1,55.493714,28.521299,2.804900,28.911900,2.345100
1,1,55.516128,22.414103,2.537200,22.228300,1.895100
1,1,55.543390,27.261999,2.890500,27.274799,1.928000
1,1,55.566424,23.033600,2.784000,22.999201,1.886300
1,1,55.595392,28.968498,2.548000,29.294500,1.779400
1,1,55.619616,24.224002,2.108200,23.807699,1.987100
1,1,55.647052,27.435500,2.563000,27.480801,1.685000
1,1,55.671986,24.934500,2.444200,25.010201,1.707200
1,1,55.696957,24.971299,2.726000,24.848700,1.965100
1,1,55.719532,22.574600,2.538700,22.919500,1.946200
1,1,55.747765,28.232899,2.180700,27.878201,1.792300
1,1,55.776830,29.064700,2.638100,29.044300,1.696700
1,1,55.799401,22.571404,2.516400,22.888300,1.754200
1,1,55.826771,27.369499,2.215700,26.980400,1.885500
1,1,55.849047,22.275999,2.628100,22.511900,1.463900
1,1,55.876392,27.345199,2.343700,27.452400,2.249200
1,1,55.899699,23.307599,2.181100,23.040199,1.342500
1,1,55.926277,26.578002,2.559500,26.515301,1.799500
1,1,55.948866,22.588398,2.638600,22.695999,1.461600
1,1,55.975920,27.054001,2.640300,27.153799,2.098300
1,1,56.001193,25.272902,2.293500,24.188299,1.693300
1,1,56.028115,26.922099,3.379900,27.789700,1.817300
1,1,56.057187,29.072098,2.323100,28.972401,1.555300
1,1,56.081254,24.067201,2.785600,23.740999,1.610900
1,1,56.107933,26.678599,3.040200,26.975599,2.088700
1,1,56.131097,23.164000,2.956300,23.045601,1.725500
1,1,56.160949,29.852401,2.616400,30.338100,1.461300
1,1,56.183781,22.832200,2.443200,22.494900,1.474700
1,1,56.210923,27.141500,2.745600,27.118099,1.861700
1,1,56.235855,24.932601,2.382500,24.780500,1.620600
1,1,56.260678,24.822898,2.696400,24.898701,2.261200
1,1,56.282989,22.311002,2.607400,22.450399,1.562100
1,1,56.311760,28.770998,2.571100,28.759100,1.709500
1,1,56.334858,23.097899,2.461700,23.274500,1.475000
1,1,56.361693,26.834600,2.486600,26.684500,1.975700
1,1,56.385065,23.372103,2.243500,23.331100,1.638600
1,1,56.414027,28.962299,2.624600,29.116800,1.646500
1,1,56.442625,28.597601,2.312700,28.269100,2.205000
1,1,56.467083,24.458699,3.106400,24.525400,1.607100
1,1,56.494337,27.253501,3.371200,27.185801,1.733600
1,1,56.517606,23.269299,2.463600,23.264999,1.646200
1,1,56.548535,30.929200,2.559000,30.668301,1.495700
1,1,56.575145,26.609298,2.781400,26.825399,2.127900
1,1,56.598947,23.802701,2.543200,23.636299,1.422000
1,1,56.625992,27.044300,2.617800,27.257401,1.618900
1,1,56.648446,22.453900,2.567600,22.249100,1.531000
1,1,56.676626,28.179899,2.633200,28.614599,2.041100
1,1,56.699276,22.650901,2.220600,22.671400,1.873800
1,1,56.727554,28.277099,2.150600,27.919100,1.551500
1,1,56.757253,29.699102,3.290200,29.861401,1.655500
1,1,56.783261,26.008297,3.128900,25.151699,1.305900
1,1,56.811229,27.968302,3.321500,28.512400,2.045700
1,1,56.835243,24.013698,2.824300,23.955900,1.905700
1,1,56.861811,26.567802,3.276700,26.915199,2.121400
1,1,56.891896,30.085400,2.300600,29.548700,1.664200
1,1,56.916443,24.546698,3.042100,24.493999,2.037300
1,1,56.944966,28.522603,3.340300,28.946100,1.886900
1,1,56.971677,26.711497,2.667000,26.808100,1.605900
1,1,56.997640,25.963001,2.572600,25.658300,2.015000
1,1,57.025406,27.766500,2.690000,27.787300,1.992300
1,1,57.050873,25.466800,2.748100,25.638100,1.947000
1,1,57.078936,28.063100,2.306900,28.143200,1.668600
1,1,57.108703,29.766500,2.121800,29.415600,2.052900
1,1,57.131814,23.111302,2.655600,23.404900,1.767500
1,1,57.158952,27.138200,2.224000,27.086300,2.040500
1,1,57.182453,23.500901,2.370900,23.298300,1.561700
1,1,57.211014,28.560497,2.512900,28.673901,2.106300
1,1,57.234310,23.296501,2.601800,23.247700,1.980200
1,1,57.265244,30.934099,2.326800,30.857500,2.137000
1,1,57.295899,30.654300,2.657100,30.922600,1.858800
1,1,57.324541,28.642002,2.345200,28.290800,2.015600
1,1,57.348894,24.353597,2.526300,24.406300,1.890800
1,1,57.373791,24.896599,2.399400,24.893299,1.725600
1,1,57.398958,25.166702,2.427100,24.899300,1.828600
1,1,57.424357,25.399800,2.695200,25.481800,2.054300
1,1,57.448855,24.498001,2.905200,24.120501,1.957800
1,1,57.475991,27.135100,3.227300,27.625900,1.806000
1,1,57.499308,23.317900,2.479900,23.156000,1.689100
1,1,57.527384,28.076001,2.782400,28.158400,2.084200
1,1,57.550398,23.013800,2.789700,23.080000,1.826700
1,1,57.576659,26.261099,2.477100,26.394100,1.776800
1,1,57.600846,24.186701,2.292200,24.286800,1.516000
1,1,57.627582,26.736099,2.231100,26.524000,1.461600
1,1,57.650785,23.203000,2.311100,23.102900,1.728200
1,1,57.681654,30.869298,2.572400,30.689699,1.502700
1,1,57.710934,29.279802,2.814200,29.575300,1.817900
1,1,57.733697,22.762898,2.355300,22.770000,1.967500
1,1,57.764073,30.375801,2.335700,26.218201,1.460100
1,1,57.784478,20.404901,6.467200,24.340401,1.500200
1,1,57.811214,26.736498,2.917200,26.928301,1.837200
1,1,57.834133,22.919100,2.388600,22.679899,2.010800
1,1,57.862269,28.135601,2.989300,28.091600,1.895000
1,1,57.884971,22.702001,2.518100,22.803200,1.921200
1,1,57.912610,27.639400,2.553100,26.772400,1.603300
1,1,57.935796,23.185197,3.187400,23.858801,1.683800
1,1,57.961642,25.846101,2.732100,26.156200,1.854900
1,1,57.984269,22.627600,2.373600,22.269800,1.647500
1,1,58.012644,28.374299,2.892300,28.556400,1.705200
1,1,58.040879,28.235901,2.454100,28.358400,2.063700
1,1,58.064658,23.778699,2.511800,23.022200,1.501900
1,1,58.092416,27.757701,3.088900,28.550501,1.823500
1,1,58.115631,23.215398,2.295100,22.972099,1.636100
1,1,58.144262,28.630700,2.512400,28.651199,1.957800
1,1,58.167294,23.032203,2.570600,23.147900,2.423500
1,1,58.196061,28.767098,2.480600,28.567699,1.671300
1,1,58.218623,22.562101,2.663900,22.776800,1.914400
1,1,58.245571,26.947200,2.375100,26.743999,1.769700
1,1,58.268333,22.762697,2.389900,22.694599,2.021900
1,1,58.295226,26.892502,2.879000,27.054501,1.762200
1,1,58.320602,25.376499,2.366800,25.198400,1.669200
1,1,58.345282,24.679702,2.826500,24.847300,1.655500
1,1,58.368741,23.458898,2.246500,23.553900,1.842500
1,1,58.397765,29.023800,2.954600,28.887400,1.608000
1,1,58.426653,28.888602,2.394700,29.024900,1.858400
1,1,58.449407,22.753898,2.568800,22.589001,1.944600
1,1,58.478474,29.066402,2.635200,29.123699,1.810100
1,1,58.501968,23.493998,2.562700,23.264900,1.882000
1,1,58.530514,28.546002,2.697800,28.111099,1.509600
1,1,58.557863,27.348999,2.951400,27.950701,1.715200
1,1,58.582309,24.446201,2.820600,24.297899,1.735900
1,1,58.611676,29.367499,2.647400,29.458401,1.761100
1,1,58.634139,22.462301,2.917600,22.625401,2.162300
1,1,58.665643,31.504702,2.823700,31.071800,1.703100
1,1,58.694473,28.829999,2.804200,29.163200,1.730300
1,1,58.717419,22.946101,2.647400,22.657600,1.672700
1,1,58.745705,28.285697,2.729300,28.637400,1.624900
1,1,58.773720,28.014701,2.246500,28.035000,1.580900
1,1,58.798472,24.751998,2.492000,24.304701,1.880400
1,1,58.826171,27.698901,2.870100,27.903601,2.057400
1,1,58.848779,22.608001,2.734700,22.794100,1.564900
1,1,58.875989,27.210601,2.282800,26.861700,1.718700
1,1,58.900353,24.364099,2.648200,24.365200,1.965000
1,1,58.928367,28.013501,2.520800,28.278799,1.666200
1,1,58.950966,22.599000,2.254000,22.241800,1.516700
1,1,58.977640,26.674200,2.844100,27.058599,1.689500
1,1,59.000944,23.304097,2.190300,23.313999,1.585800
1,1,59.028723,27.779102,2.249300,27.833300,1.770500
1,1,59.052215,23.491699,2.114700,23.235001,1.676600
1,1,59.079033,26.817702,2.553200,26.682400,1.683100
1,1,59.102500,23.467798,2.377300,23.489401,1.790300
1,1,59.128639,26.138403,2.692800,26.463600,1.610800
1,1,59.157853,29.213898,2.095400,28.673700,1.425100
1,1,59.182767,24.914101,3.014600,24.928699,1.794200
1,1,59.205041,22.274498,2.759000,22.677401,1.957200
1,1,59.232970,27.928401,2.215100,27.572901,2.034600
1,1,59.260180,27.210601,2.654200,27.484800,1.623900
1,1,59.283744,23.564000,2.251900,23.592501,1.809700
1,1,59.311714,27.970001,2.317400,27.804701,1.505800
1,1,59.336096,24.381198,2.373900,24.325199,1.836500
1,1,59.364662,28.566100,2.600400,28.797400,2.067700
1,1,59.387278,22.616200,2.610600,22.456100,1.778900
1,1,59.415780,28.502502,2.583300,28.448900,1.413900
1,1,59.443667,27.887002,2.535300,27.704901,1.628700
1,1,59.466152,22.484798,2.661000,22.708401,1.586200
1,1,59.494073,27.920999,2.417400,27.722799,1.977900
1,1,59.518235,24.161801,2.509200,24.180700,1.431400
1,1,59.545141,26.905600,2.501600,26.865700,1.541900
1,1,59.574344,29.203702,2.397300,29.173901,1.612700
1,1,59.597869,23.525100,2.779300,23.343599,1.843400
1,1,59.620776,22.906300,2.609000,23.049101,1.854300
1,1,59.649286,28.510798,2.657100,28.724600,1.549900
1,1,59.678920,29.633302,2.489100,29.210600,1.866400
1,1,59.702133,23.212798,2.858200,23.360001,1.859600
1,1,59.730883,28.750103,2.717500,28.844999,3.041000
1,1,59.757087,26.203800,2.555100,26.128500,2.036500
1,1,59.782699,25.612898,2.705100,24.891100,2.101100
1,1,59.810203,27.503800,3.419600,28.054600,1.783700
1,1,59.832954,22.751100,3.097700,22.760700,1.670800
1,1,59.859844,26.889801,2.876200,26.987600,2.109700
1,1,59.882674,22.830099,2.561600,22.648600,1.462100
1,1,59.911848,29.174201,2.839400,29.326500,1.828400
1,1,59.934589,22.740301,2.683700,22.849600,2.018400
1,1,59.961114,26.525099,2.772400,26.601500,1.331600
1,1,59.983308,22.193801,2.268700,22.180799,2.029300
1,1,60.013789,30.481398,2.563500,30.329000,1.983900
1,1,60.040426,26.637100,2.443800,26.945299,1.898200
1,1,60.063352,22.925701,2.268900,22.688400,2.139600
1,1,60.091007,27.655300,2.483300,27.488400,1.724400
1,1,60.114617,23.609500,2.576800,22.703600,1.557300
1,1,60.142893,28.276201,3.875700,29.329100,1.743200
1,1,60.167553,24.660300,2.514400,24.555901,1.665000
1,1,60.194845,27.291600,2.480300,27.552299,1.604900
1,1,60.217708,22.863798,2.233900,22.892700,1.770900
1,1,60.247349,29.640600,2.169700,28.773600,1.659300
1,1,60.276507,29.157899,3.251800,29.490101,1.877300
1,1,60.299419,22.912301,2.825300,23.135099,1.400100
1,1,60.326831,27.411401,3.273000,27.576401,1.960600
1,1,60.350079,23.248699,2.275900,22.885201,1.901800
1,1,60.376558,26.478201,2.740700,26.663900,1.722700
1,1,60.399768,23.210600,2.318100,23.063101,1.583200
1,1,60.429701,29.932398,2.671900,30.210501,2.127700
1,1,60.458849,29.148001,2.266000,28.689899,1.917500
1,1,60.483880,25.031600,2.704700,24.991400,2.038100
1,1,60.510248,26.367400,2.744800,26.696400,2.144200
1,1,60.534073,23.825102,2.492700,23.021200,1.857000
1,1,60.563148,29.075399,3.788100,29.771601,2.445300
1,1,60.587622,24.474397,3.395600,24.365700,2.268600
1,1,60.616952,29.330000,2.753800,28.467199,2.151400
1,1,60.644801,27.848400,4.474400,28.745800,2.820700
1,1,60.677383,32.582503,3.094800,32.484100,2.337500
1,1,60.701128,23.744699,2.907200,23.414900,2.126400
1,1,60.731352,30.223601,3.041300,30.528000,1.760300
1,1,60.760197,28.845601,2.907000,29.333900,2.130400
1,1,60.784169,23.971498,2.011000,23.211000,1.901500
1,1,60.813423,29.253900,2.967300,29.582701,2.243600
1,1,60.842551,29.128399,2.623200,29.497000,2.048500
1,1,60.869009,26.457801,2.233100,26.255501,1.774900
1,1,60.899343,30.333702,2.294500,29.794701,1.665900
1,1,60.927468,28.125200,3.021800,28.561100,1.859600
1,1,60.951874,24.406299,2.576900,24.583200,1.788100
1,1,60.981780,29.905599,2.296000,29.693600,1.712100
1,1,61.004221,22.441100,2.476000,22.438801,2.313300
1,1,61.034833,30.612100,2.666600,29.954399,1.924800
1,1,61.064807,29.974401,3.012000,30.620001,1.760400
1,1,61.091647,26.839700,2.497800,27.072599,1.929300
1,1,61.116243,24.595801,2.536300,24.031500,1.891300
1,1,61.144927,28.683998,2.790000,28.935301,2.010800
1,1,61.174357,29.430103,2.739200,29.446199,1.691700
1,1,61.199393,25.036599,2.704500,24.684500,1.907700
1,1,61.230022,30.628998,3.049900,30.573900,1.829700
1,1,61.253059,23.036402,3.260700,23.221399,2.528800
1,1,61.281086,28.026998,2.898600,27.956400,1.854300
1,1,61.309407,28.321002,2.709500,28.458500,1.967200
1,1,61.333445,24.038099,3.035000,23.957300,1.981600
1,1,61.361064,27.618900,2.747700,27.928699,1.777200
1,1,61.385695,24.630703,2.279600,24.491400,1.493700
1,1,61.415548,29.852998,2.403100,29.548300,1.806400
1,1,61.442638,27.090102,2.839700,27.160400,2.196900
1,1,61.466276,23.638699,3.465300,23.763000,1.633800
1,1,61.494886,28.609298,2.643100,28.429899,1.724300
1,1,61.517627,22.741102,2.822000,23.022200,1.765800
1,1,61.544604,26.977401,2.704800,27.022600,1.744200
1,1,61.568355,23.750398,2.181500,23.662399,1.701400
1,1,61.596780,28.425802,2.439300,28.350100,1.571500
1,1,61.619602,22.821900,2.603500,22.831900,2.298900
1,1,61.647983,28.380897,2.403400,28.087299,1.920600
1,1,61.676870,28.887201,2.775500,29.221100,2.075200
1,1,61.699139,22.269100,2.316600,22.154499,1.803400
1,1,61.723763,24.623200,2.564600,24.453600,1.715200
1,1,61.748746,24.983101,2.744600,25.175900,1.510900
1,1,61.776128,27.382098,2.306600,27.500601,1.721100
1,1,61.799138,23.010202,2.203200,22.612000,1.751200
1,1,61.823127,23.988701,2.509600,24.061899,1.744100
1,1,61.848937,25.810599,2.518700,25.947100,1.684000
1,1,61.875893,26.955500,2.431700,26.801901,1.996300
1,1,61.899565,23.672499,2.523000,23.745800,1.304500
1,1,61.927180,27.614299,2.494400,27.620300,1.858900
1,1,61.950391,23.210902,2.551800,22.919500,1.630400
1,1,61.977665,27.273901,2.859000,27.661400,1.867400
1,1,62.007315,29.650100,2.249200,29.769199,1.607100
1,1,62.030566,23.251601,2.235600,23.163900,1.850800
1,1,62.056323,25.756698,2.217500,25.748800,1.918100
1,1,62.081343,25.020499,2.322600,24.718599,1.513900
1,1,62.105634,24.291001,2.434700,24.301800,1.855700
1,1,62.130613,24.978399,2.723000,25.324100,1.638000
1,1,62.159866,29.253602,2.047300,29.259899,1.573400
1,1,62.182597,22.731099,2.125500,22.608801,1.615100
1,1,62.210316,27.718600,2.172000,27.418600,1.661900
1,1,62.234674,24.357699,2.597800,23.935699,1.813100
1,1,62.262683,28.009601,2.807600,28.548700,1.462900
1,1,62.286077,23.393299,2.231900,23.434099,1.902400
1,1,62.314780,28.703500,2.300500,28.572100,1.862200
1,1,62.340019,25.239002,2.423000,25.115200,1.905400
1,1,62.365588,25.569297,2.715300,25.624800,1.864500
1,1,62.392329,26.740201,2.524400,26.925900,1.811100
1,1,62.414717,22.388201,2.437600,22.307699,1.730700
1,1,62.439064,24.347600,2.422700,24.471201,2.024700
1,1,62.465194,26.129600,2.317300,25.731800,1.763300
1,1,62.490031,24.837099,2.644600,24.817900,2.059300
1,1,62.515409,25.377903,2.844400,25.472900,1.677300
1,1,62.543526,28.117098,2.498400,28.237700,1.905700
1,1,62.566818,23.292001,2.759000,23.381599,1.418900
1,1,62.594146,27.327999,2.337900,27.117599,1.611600
1,1,62.616223,22.076398,2.566600,21.990400,1.709000
1,1,62.640082,23.859203,2.647600,23.994499,1.949200
1,1,62.667622,27.540199,2.483500,27.583599,2.114000
1,1,62.694235,26.612900,2.289600,26.708200,2.163200
1,1,62.718153,23.918498,2.224400,23.662300,1.565200
1,1,62.744419,26.266001,2.498500,26.534201,1.801000
1,1,62.768074,23.654301,2.127800,23.511499,2.071500
1,1,62.798026,29.952798,2.406400,27.134800,1.716300
1,1,62.823741,25.714401,5.044100,28.191099,1.955600
1,1,62.848220,24.478998,2.775100,24.353600,2.032500
1,1,62.875969,27.749103,3.221800,27.879400,2.564200
1,1,62.898914,22.945099,2.959300,22.785801,1.725800
1,1,62.926083,27.169202,2.802600,27.392700,1.694400
1,1,62.949148,23.064598,2.598000,23.109200,1.578100
1,1,62.976421,27.273599,2.572100,27.198999,1.709300
1,1,62.998982,22.560600,2.739900,22.543699,1.642700
1,1,63.026749,27.767401,2.596000,27.802799,2.025400
1,1,63.050822,24.072800,2.687400,24.283100,1.624700
1,1,63.077999,27.176201,2.274600,27.082199,1.672600
1,1,63.103079,25.080498,2.277200,24.855000,1.828000
1,1,63.131017,27.938299,3.351300,28.056700,1.689600
1,1,63.159289,28.271500,2.440800,28.285000,1.729600
1,1,63.182923,23.634601,2.773500,23.769699,1.923100
1,1,63.210123,27.199700,2.443700,27.018999,1.768400
1,1,63.232289,22.166200,2.407600,22.189400,1.729800
1,1,63.259280,26.990201,2.434000,27.146200,1.910400
1,1,63.282241,22.961300,2.550700,22.734800,1.691200
1,1,63.306560,24.318799,2.662700,24.115999,1.669800
1,1,63.331170,24.610899,2.815800,24.933100,1.695300
1,1,63.360657,29.486898,2.401600,29.402599,2.052400
1,1,63.383369,22.711702,2.557600,22.375401,1.761600
1,1,63.411882,28.513301,2.916300,28.656000,1.796900
1,1,63.435678,23.795299,2.582400,24.132700,1.926900
1,1,63.461766,26.088100,2.451400,25.863199,1.736900
1,1,63.484395,22.629198,2.539400,22.567900,1.428100
1,1,63.667095,182.699900,181.816605,28.140600,2.570200
1,1,63.684272,17.177302,5.825300,3.507100,2.175800
1,1,63.700555,16.283099,5.777500,4.146000,2.175800
1,1,63.716995,16.440101,6.023200,6.099100,2.233800
1,1,63.733571,16.575899,3.197800,6.099100,2.016600
1,1,63.750182,16.610701,2.782400,19.771999,2.016600
1,1,63.769091,18.909302,2.818300,30.310200,1.959000
1,1,63.793947,24.855997,3.203000,25.171499,2.292200
1,1,63.818712,24.764899,2.652500,24.620800,2.685700
1,1,63.842320,23.607403,2.729800,23.646900,2.141400
1,1,63.870486,28.166898,3.047600,28.335100,1.957300
1,1,63.892869,22.382103,2.636000,22.533100,1.805500
1,1,63.923387,30.518100,2.245900,30.097300,1.823800
1,1,63.950180,26.792899,2.546100,26.943199,1.714100
1,1,63.979995,29.815301,2.366600,29.951000,1.944300
1,1,64.004151,24.156399,2.481900,23.815500,1.755500
1,1,64.031620,27.468201,2.722100,27.542601,1.901100
1,1,64.055903,24.283297,2.877200,24.526699,1.960400
1,1,64.083093,27.190100,2.262600,26.599300,1.668500
1,1,64.105617,22.524301,3.006700,22.770500,1.519900
1,1,64.134932,29.315200,2.915200,29.599199,2.265700
1,1,64.163729,28.796501,2.231900,28.788300,1.842000
1,1,64.188612,24.883199,2.208700,24.552700,2.091600
1,1,64.217029,28.416701,2.722100,28.192301,1.605700
1,1,64.239084,22.054899,3.154100,22.760599,2.003100
1,1,64.267407,28.323099,2.306300,28.327101,1.602200
1,1,64.291540,24.133202,2.119100,23.713600,1.816400
1,1,64.321101,29.561199,2.880000,29.612700,1.889800
1,1,64.348421,27.319901,2.637100,27.438601,1.806900
1,1,64.371408,22.987399,2.317900,22.439600,1.917000
1,1,64.398386,26.977498,2.989200,27.413401,1.824200
1,1,64.421175,22.789501,2.474100,22.421900,1.372200
1,1,64.449414,28.238799,2.917300,28.867100,1.754300
1,1,64.474493,25.078900,2.358200,24.761200,1.419100
1,1,64.502142,27.649101,2.620600,27.790701,1.854700
1,1,64.525437,23.294698,2.357600,23.310801,1.739900
1,1,64.555086,29.648703,2.352600,29.384501,1.873500
1,1,64.584716,29.630598,2.755200,30.179300,1.853500
1,1,64.615787,31.071100,2.046700,30.466200,1.904000
1,1,64.640948,25.160801,2.610500,25.288900,2.192700
1,1,64.672125,31.177100,2.824900,30.415501,1.472700
1,1,64.700075,27.949702,3.337200,28.937201,2.026600
1,1,64.724057,23.982100,2.584900,24.103800,1.788100
1,1,64.754971,30.913997,2.182300,29.142500,1.909700
1,1,64.781487,26.516002,4.091700,27.950899,2.072200
1,1,64.805719,24.231400,2.564200,23.851200,1.749300
1,1,64.839502,33.783000,2.953600,29.149000,1.905100
1,1,64.864481,24.979997,7.427200,30.273399,1.904200
1,1,64.892621,28.140001,2.786500,27.757200,1.919400
1,1,64.920109,27.487800,2.676700,27.614599,3.311200
1,1,64.946415,26.305802,2.752600,26.068300,1.944800
1,1,64.974892,28.476998,3.089900,28.549700,1.725000
1,1,65.002417,27.524501,2.507400,27.725300,1.610600
1,1,65.025297,22.880398,2.213200,22.859501,1.678100
1,1,65.055663,30.365702,2.350900,30.166700,1.611600
1,1,65.084853,29.190101,2.629600,29.412201,1.760200
1,1,65.108696,23.842998,2.500100,23.817699,1.657000
1,1,65.139098,30.402701,2.503900,29.768200,1.724200
1,1,65.170022,30.923899,2.832100,30.880199,1.970900
1,1,65.198643,28.620400,3.024200,29.076000,1.722900
1,1,65.223031,24.388500,2.939900,24.356199,2.326000
1,1,65.251645,28.613601,2.437900,28.849800,1.653600
1,1,65.276222,24.577502,2.169400,24.633900,1.548600
1,1,65.306990,30.767698,2.304500,30.262600,2.087100
1,1,65.333938,26.947901,2.701400,27.607800,2.340100
1,1,65.358223,24.285201,2.119000,23.865400,1.601300
1,1,65.387489,29.265899,2.538200,29.222000,1.543100
1,1,65.414954,27.464699,2.662900,27.495800,1.725200
1,1,65.438411,23.457602,2.603600,23.510201,1.512800
1,1,65.465772,27.360298,2.555600,27.227400,1.599400
1,1,65.490170,24.398200,2.461000,24.543900,1.580600
1,1,65.515747,25.577202,2.286500,25.442600,1.621900
1,1,65.538472,22.724900,2.331000,23.033400,1.376300
1,1,65.565658,27.185500,2.190800,26.810499,1.443300
1,1,65.588285,22.627298,2.431100,22.698900,1.448300
1,1,65.615053,26.768401,2.488100,26.769699,1.992900
1,1,65.638561,23.507498,2.376800,22.504499,1.444200
1,1,65.665980,27.419202,4.273900,28.270500,1.785500
1,1,65.688805,22.825301,2.643800,22.370800,1.662200
1,1,65.715826,27.020399,3.024800,27.731100,1.680500
1,1,65.738455,22.629499,2.189200,22.423300,1.570500
1,1,65.767775,29.319800,2.380000,29.579599,1.884000
1,1,65.794911,27.136199,2.148600,27.215099,2.043400
1,1,65.821459,26.547901,2.141900,26.104500,1.626700
1,1,65.845901,24.442300,2.614400,24.817699,1.843800
1,1,65.871382,25.480501,2.094700,24.937901,1.592700
1,1,65.895949,24.566799,2.526000,24.847000,1.504100
1,1,65.921019,25.070298,2.315900,25.008200,1.861000
1,1,65.949019,27.999900,2.276300,27.992100,1.700000
1,1,65.973257,24.238002,2.404800,23.950399,1.908000
1,1,66.000032,26.775498,2.853400,27.134100,2.034500
1,1,66.023844,23.811802,2.602500,23.629700,1.833300
1,1,66.050764,26.919998,3.133000,27.099899,2.163200
1,1,66.074444,23.679901,2.654100,23.241899,2.137100
1,1,66.102309,27.864698,3.143400,28.066500,2.109800
1,1,66.125229,22.920202,2.684800,22.667200,2.611400
1,1,66.155387,30.158497,2.784800,30.054800,1.796200
1,1,66.185083,29.695302,3.165500,30.237801,1.781100
1,1,66.213989,28.906099,2.232900,28.662300,1.949000
1,1,66.238636,24.646901,2.489000,24.073400,1.843400
1,1,66.262368,23.732100,3.174100,24.409700,2.101300
1,1,66.288072,25.704101,2.505000,25.597700,2.258300
1,1,66.316186,28.114300,2.570900,27.916100,1.890800
1,1,66.338931,22.744499,2.804100,22.039499,2.056300
1,1,66.364556,25.625501,3.311600,26.813000,1.849700
1,1,66.387550,22.993598,2.030600,22.364901,2.003300
1,1,66.414956,27.406700,2.887300,27.902000,2.129800
1,1,66.437966,23.009501,2.333000,22.498100,1.681100
1,1,66.464527,26.560698,2.745800,26.783899,1.727600
1,1,66.488146,23.618802,2.395700,23.332199,1.772600
1,1,66.515606,27.460098,2.784900,27.070000,2.076600
1,1,66.536730,21.124002,3.125100,22.041201,2.138300
1,1,66.564135,27.405500,2.270700,27.398701,2.226800
1,1,66.588171,24.035498,2.331300,23.577101,1.696700
1,1,66.616044,27.873401,2.541800,27.874001,2.121900
1,1,66.638312,22.268299,2.558800,22.393900,1.854400
1,1,66.664994,26.681300,2.459600,26.948500,1.975500
1,1,66.689944,24.950098,2.242100,24.382500,1.710600
1,1,66.719357,29.413700,2.737300,29.884800,1.936400
1,1,66.740842,21.484602,2.350000,21.542500,1.928000
1,1,66.769242,28.399598,2.203500,28.211201,2.179700
1,1,66.796805,27.563501,2.295400,27.723101,2.036600
1,1,66.819099,22.294000,2.191900,22.266199,2.142500
1,1,66.846653,27.553901,2.251300,27.201000,2.456600
1,1,66.869661,23.007501,2.486300,23.450600,1.717100
1,1,66.891828,22.167698,1.973600,22.026300,2.245600
1,1,66.920065,28.236501,2.533000,28.084900,1.799400
1,1,66.950634,30.569401,2.353400,30.332100,2.462700
1,1,66.973299,22.664599,2.799800,22.869400,2.474100
1,1,67.000008,26.708901,2.585600,26.548599,1.820800
1,1,67.022636,22.628698,2.460800,22.880699,1.727100
1,1,67.050868,28.231602,2.173100,28.185499,1.844100
1,1,67.073785,22.916898,2.205300,23.000200,2.327800
1,1,67.100583,26.797902,2.309400,26.729000,2.043700
1,1,67.123185,22.601999,2.197100,22.298401,1.810000
1,1,67.149712,26.527099,2.743400,26.770201,1.545400
1,1,67.173017,23.304801,2.215200,23.281900,1.632000
1,1,67.200840,27.823500,2.344800,27.276699,1.943200
1,1,67.223226,22.385798,2.928500,22.002600,2.529700
1,1,67.250124,26.898399,4.091800,27.477400,2.208200
1,1,67.274858,24.733599,2.639200,24.845501,2.126100
1,1,67.302262,27.404301,2.462900,26.636700,2.266700
1,1,67.325505,23.243301,3.423900,24.389799,1.821600
1,1,67.354051,28.545700,2.251600,28.064600,1.788500
1,1,67.378142,24.090800,2.833400,24.481501,2.495800
1,1,67.404673,26.530799,2.393600,26.000799,1.725400
1,1,67.432010,27.336903,2.681800,27.502199,2.404400
1,1,67.454346,22.336297,2.440300,22.276699,1.914200
1,1,67.478524,24.178002,2.552100,24.444599,2.104500
1,1,67.502628,24.104301,2.193700,24.039400,1.933900
1,1,67.525806,23.178000,2.283400,23.041000,1.529000
1,1,67.553843,28.037198,2.605300,28.000299,1.741200
1,1,67.578372,24.528302,2.431600,24.301001,1.917300
1,1,67.603351,24.979398,2.566700,25.079901,1.706700
1,1,67.631561,28.209999,2.597600,28.549000,2.323800
1,1,67.655037,23.476303,2.186300,23.096399,2.031000
1,1,67.683220,28.182700,2.872400,28.487101,1.989500
1,1,67.706601,23.380600,2.430900,22.864100,2.523900
1,1,67.732591,25.990300,3.052500,26.628401,2.435600
1,1,67.758023,25.432199,2.538200,24.953699,1.944400
1,1,67.785245,27.221400,2.605500,27.540501,1.632600
1,1,67.812384,27.139701,2.409900,27.292500,2.232100
1,1,67.842305,29.920798,2.344600,24.620100,1.706900
1,1,67.860466,18.160500,7.509900,22.820101,1.810800
1,1,67.887402,26.935901,2.965900,26.747299,1.748900
1,1,67.910058,22.656500,2.968800,22.804199,2.285500
1,1,67.938030,27.972098,2.792800,28.260000,2.174000
1,1,67.962194,24.163600,2.375900,23.884800,2.524200
1,1,67.987715,25.521502,2.660600,25.396700,2.032800
1,1,68.011562,23.846898,2.826400,24.332500,1.638000
1,1,68.036476,24.914000,2.693800,24.739799,1.598200
1,1,68.065002,28.525800,2.609000,28.559900,1.926100
1,1,68.087571,22.569399,2.900600,22.383400,1.806400
1,1,68.114287,26.716001,2.552500,27.100599,2.054600
1,1,68.136841,22.553701,2.190300,22.463499,1.697000
1,1,68.165168,28.326798,2.340400,28.518299,1.842400
1,1,68.188273,23.105402,2.229200,22.818399,1.644700
1,1,68.216715,28.441399,2.316900,28.664000,1.909500
1,1,68.239665,22.950701,2.155200,22.707399,1.877200
1,1,68.266926,27.260698,2.365100,26.710199,2.152000
1,1,68.288740,21.814201,2.843800,22.428600,1.716100
1,1,68.316037,27.296599,2.554400,27.367100,1.883700
1,1,68.340854,24.817500,2.201800,24.666000,1.416600
1,1,68.366411,25.556400,2.328900,25.561600,1.580500
1,1,68.391024,24.612799,2.307600,24.431299,1.739900
1,1,68.418858,27.834799,2.565400,28.100000,1.811600
1,1,68.442595,23.736402,2.179500,23.463400,1.668700
1,1,68.470608,28.013498,2.437800,27.897200,1.915400
1,1,68.499295,28.686702,2.662000,29.031700,2.789500
1,1,68.523487,24.191897,2.360100,24.183201,1.684200
1,1,68.553451,29.963803,2.266800,29.560699,1.773900
1,1,68.581402,27.951300,2.965500,28.316299,2.142500
1,1,68.605816,24.413999,2.425400,23.849600,2.101000
1,1,68.635890,30.074399,3.073900,30.246300,2.374700
1,1,68.665165,29.274300,2.896600,29.083000,2.441000
1,1,68.690048,24.883002,3.503700,24.903500,2.460700
1,1,68.717589,27.541298,3.631000,28.011101,2.296100
1,1,68.740460,22.870801,2.491400,22.588699,2.500200
1,1,68.768530,28.070398,2.708900,27.924200,1.779100
1,1,68.792958,24.427801,2.822600,24.743200,2.031800
1,1,68.822547,29.588599,2.670600,29.022400,1.858600
1,1,68.851282,28.735001,3.162600,29.296301,2.561300
1,1,68.874785,23.503900,2.872900,23.194500,1.959100
1,1,68.906819,32.033600,2.857500,32.318199,2.022800
1,1,68.934311,27.491502,2.430400,27.633400,1.792400
1,1,68.963248,28.936900,2.102500,28.531099,2.003300
1,1,68.987706,24.458997,2.986300,23.960300,1.681200
1,1,69.015293,27.586300,3.294400,28.070900,1.764300
1,1,69.038545,23.252402,2.801200,23.224199,2.077900
1,1,69.068505,29.959701,3.188300,30.434401,1.830100
1,1,69.091663,23.158498,2.874700,22.753201,2.030900
1,1,69.118366,26.702601,2.652900,26.754900,1.476100
1,1,69.141724,23.357600,2.364600,23.719500,1.890400
1,1,69.171858,30.134499,1.952500,29.857201,1.743600
1,1,69.198800,26.941802,2.393200,26.924101,2.101300
1,1,69.223795,24.994798,2.491500,24.623100,1.482200
1,1,69.252161,28.366301,2.772000,28.871201,1.612700
1,1,69.279415,27.253799,2.697600,26.842501,1.896700
1,1,69.304888,25.473300,3.290700,25.618500,1.774500
1,1,69.335233,30.345399,2.613400,30.577700,1.832100
1,1,69.363383,28.149500,2.166400,27.785500,1.877300
1,1,69.387763,24.379600,2.617800,23.994900,1.779500
1,1,69.414339,26.576702,2.963000,27.299801,1.792600
1,1,69.437974,23.634698,2.238900,23.025801,1.560900
1,1,69.466022,28.047800,3.104900,28.277500,1.761600
1,1,69.489435,23.413699,2.634500,23.368500,1.703800
1,1,69.515931,26.495401,2.726700,26.896299,1.644700
1,1,69.539660,23.729600,2.293600,23.701799,1.712000
1,1,69.566990,27.329501,2.374000,27.018101,1.642900
1,1,69.590092,23.102500,2.524500,23.015100,1.596100
1,1,69.618311,28.218701,2.740300,28.642700,1.716400
1,1,69.642965,24.653599,2.146700,24.402201,1.840500
1,1,69.668116,25.151402,2.503800,25.285601,1.646400
1,1,69.691660,23.543999,2.284900,23.198500,1.585600
1,1,69.719988,28.327301,2.725300,28.455500,1.594900
1,1,69.744108,24.120297,2.542600,24.439501,2.044400
1,1,69.770035,25.927402,2.746300,25.496000,2.193500
1,1,69.799047,29.011801,2.678600,28.870800,2.388200
1,1,69.821305,22.258498,2.909700,22.240101,1.773300
1,1,69.850640,29.334802,2.806300,29.450199,1.913100
1,1,69.874036,23.395300,2.757600,22.439199,1.768500
1,2,77.037462,29.699698,3.690500,30.873301,1.989100
1,2,77.062367,24.904501,2.707100,25.227100,1.874500
1,2,77.088683,26.315700,2.304900,25.586300,1.860200
1,2,77.116870,28.187498,2.863700,28.812300,1.919000
1,2,77.139972,23.101900,2.378500,22.746700,1.570300
1,2,77.170384,30.411702,2.570200,30.606501,1.773200
1,2,77.195083,24.699099,2.639000,25.003500,1.767000
1,2,77.223185,28.101999,2.048800,27.475901,1.974100
1,2,77.250435,27.250100,2.900800,27.689199,1.659900
1,2,77.275932,25.497202,2.352800,25.490999,1.576800
1,2,77.305795,29.863399,2.172500,29.590000,1.960400
1,2,77.333116,27.320702,2.877500,27.690599,1.843500
1,2,77.358753,25.637198,2.061000,25.615801,1.698900
1,2,77.386614,27.860202,2.076300,27.809200,1.599400
1,2,77.415088,28.474800,2.212000,28.110399,2.190200
1,2,77.438847,23.758300,2.560500,23.707899,2.165200
1,2,77.467427,28.579999,2.658500,28.494499,1.863200
1,2,77.490050,22.623301,2.728100,22.798599,1.819100
1,2,77.517763,27.713500,2.494600,27.900999,1.533800
1,2,77.544581,26.817601,2.319600,26.508600,1.873100
1,2,77.574782,30.201398,2.609400,30.470501,1.797700
1,2,77.603506,28.723102,2.252500,28.585100,1.796600
1,2,77.632429,28.923698,2.458500,28.904100,1.671800
1,2,77.663471,31.041402,2.518800,30.970800,2.102900
1,2,77.687720,24.249800,2.501400,24.063200,1.682900
1,2,77.712979,25.258400,2.668600,25.316500,1.741300
1,2,77.739311,26.331898,2.736500,26.408100,1.609000
1,2,77.770281,30.970700,2.581100,30.770901,1.853500
1,2,77.792665,22.383302,2.662600,22.848400,1.863700
1,2,77.821698,29.033300,2.320400,28.701900,1.765800
1,2,77.845418,23.719601,2.594600,23.914400,2.216100
1,2,77.871155,25.737599,3.284300,25.453100,1.818000
1,2,77.899779,28.624099,2.652900,28.882099,1.916500
1,2,77.923228,23.448300,2.382300,23.205900,1.599200
1,2,77.950063,26.835203,2.566200,27.172899,1.771400
1,2,77.972742,22.679299,2.141500,22.370399,1.421300
1,2,78.003542,30.799899,2.519600,30.623501,1.774700
1,2,78.025655,22.112701,2.605400,22.571301,1.763100
1,2,78.055078,29.422700,2.148200,29.046200,1.586300
1,2,78.082159,27.081598,2.703900,27.165701,1.978700
1,2,78.105912,23.753099,2.810100,24.002300,1.552000
1,2,78.133594,27.682301,2.657100,27.539101,1.751600
1,2,78.161113,27.518902,2.200500,27.396000,1.573300
1,2,78.185628,24.514999,2.600500,24.830700,1.649800
1,2,78.211668,26.039198,2.073200,25.040501,1.565800
1,2,78.236387,24.719901,3.236000,25.619200,1.701600
1,2,78.263839,27.451999,2.106700,27.161600,1.461000
1,2,78.286728,22.888903,2.367500,22.908600,1.870400
1,2,78.310458,23.729499,2.440400,23.919800,1.786800
1,2,78.339358,28.900400,2.235100,28.571600,1.597800
1,2,78.365829,26.470400,2.508600,26.783100,1.794200
1,2,78.390838,25.009699,2.149000,24.530800,1.646800
1,2,78.417476,26.637398,2.627900,27.147800,1.933800
1,2,78.441897,24.421200,2.158400,24.092100,2.234900
1,2,78.469648,27.751300,2.628100,28.040100,1.689200
1,2,78.492642,22.993501,2.129300,22.987400,2.161400
1,2,78.521697,29.054899,2.263900,28.580299,2.054300
1,2,78.551832,30.134901,2.742000,30.278099,2.109500
1,2,78.576385,24.553098,2.886100,24.771099,1.595600
1,2,78.605690,29.305302,2.428300,28.979200,1.642700
1,2,78.627417,21.727301,2.565300,21.802500,2.049000
1,2,78.656448,29.030398,2.398200,28.781300,1.414400
1,2,78.683735,27.287703,3.743300,27.803900,1.983600
1,2,78.712070,28.334897,2.306300,28.210199,1.512500
1,2,78.740264,28.193701,2.327100,27.180099,1.672900
1,2,78.767956,27.692102,3.378200,28.332100,1.762800
1,2,78.790880,22.923499,2.704300,23.262501,1.629600
1,2,78.819490,28.610699,2.628700,28.485500,1.895300
1,2,78.848497,29.006399,2.417300,28.783501,2.168900
1,2,78.871739,23.242801,2.761800,23.482901,1.936300
1,2,78.902911,31.171400,2.539900,30.975100,2.058500
1,2,78.930805,27.894400,3.188700,27.948500,2.112200
1,2,78.955519,24.714198,2.969400,24.270000,2.016700
1,2,78.984544,29.024102,3.188600,29.494101,1.983300
1,2,79.009227,24.683502,2.921400,24.669399,1.947700
1,2,79.038442,29.214498,2.497400,29.174801,1.774400
1,2,79.059053,20.611700,2.759900,20.822701,1.942500
1,2,79.087859,28.805699,2.489600,28.454201,1.627500
1,2,79.115887,28.028000,3.727000,28.248600,1.733700
1,2,79.141729,25.842000,2.937300,25.607401,2.157500
1,2,79.172426,30.696902,2.859800,30.538000,1.796000
1,2,79.197807,25.380798,3.066600,25.431400,1.963400
1,2,79.223703,25.896303,3.085300,25.254900,1.817400
1,2,79.251616,27.912997,3.435100,28.664801,1.897000
1,2,79.273813,22.197500,2.705100,21.940300,2.054100
1,2,79.302040,28.226703,3.019700,28.710600,1.908500
1,2,79.324859,22.818599,2.265500,22.838699,1.947300
1,2,79.353276,28.417699,2.527200,28.282600,1.914900
1,2,79.378363,25.086299,2.405600,25.149599,1.968900
1,2,79.405263,26.900001,2.204300,26.608101,1.775200
1,2,79.435602,30.339401,2.590000,30.555700,2.132000
1,2,79.461051,25.448900,2.289200,25.262199,1.638200
1,2,79.487801,26.749499,2.943200,26.808500,1.983900
1,2,79.515800,27.999502,2.675200,27.996000,2.053200
1,2,79.538469,22.669099,2.905200,22.674900,1.681100
1,2,79.567775,29.306300,2.815400,28.494200,1.936400
1,2,79.600116,32.340799,3.847800,33.111900,1.621400
1,2,79.623299,23.183100,2.805400,22.910000,2.410300
1,2,79.650283,26.983701,2.845000,27.377001,2.175700
1,2,79.674877,24.593700,2.304300,24.547001,1.547500
1,2,79.701741,26.864301,2.241600,26.896900,1.580300
1,2,79.725093,23.351498,2.144000,23.458099,1.408400
1,2,79.752740,27.647503,2.350600,27.714100,1.391900
1,2,79.781118,28.378099,2.023000,28.277800,1.881800
1,2,79.804122,23.003500,2.219200,22.716499,1.503600
1,2,79.829258,25.136299,2.343300,25.301701,1.537000
1,2,79.856549,27.290799,2.157900,26.226700,1.630500
1,2,79.884617,28.068203,3.259900,28.793200,1.789200
1,2,79.907669,23.052000,2.585200,23.361401,1.841600
1,2,79.934522,26.852500,2.237200,26.618099,2.363000
1,2,79.959082,24.560798,2.476200,24.915199,1.575800
1,2,79.986706,27.623802,2.262300,27.355600,1.721100
1,2,80.010763,24.056800,2.257000,24.105499,1.683600
1,2,80.042770,32.007299,2.187500,28.316500,1.573300
1,2,80.068327,25.556698,6.091600,28.560101,1.811100
1,2,80.090577,22.250403,3.152000,22.406401,1.602000
1,2,80.118868,28.291199,3.301000,28.636999,2.233800
1,2,80.142217,23.348998,2.386200,23.097000,1.745200
1,2,80.173976,31.758502,3.059000,31.795601,1.858700
1,2,80.198039,24.062898,2.686400,23.990999,2.587400
1,2,80.225092,27.052902,3.269800,27.513300,1.809500
1,2,80.254401,29.309098,2.178700,28.878099,1.950900
1,2,80.279252,24.851102,2.682500,25.015800,1.907000
1,2,80.306021,26.769299,3.099000,26.595501,1.803600
1,2,80.333398,27.376302,2.977600,27.463699,1.627800
1,2,80.356544,23.146600,2.752000,22.993900,1.637300
1,2,80.383540,26.996300,2.864000,27.321301,1.862500
1,2,80.407799,24.258800,2.724900,23.968000,1.578200
1,2,80.435580,27.780898,2.612800,28.109100,1.801000
1,2,80.458787,23.206700,2.277300,23.108601,2.231800
1,2,80.488099,29.312503,2.623500,28.822100,1.664400
1,2,80.516896,28.796300,3.444400,28.881001,1.960100
1,2,80.540179,23.283400,3.380300,23.426500,1.624100
1,2,80.570899,30.719601,2.860200,30.786600,1.919000
1,2,80.595946,25.047198,2.513900,25.257900,1.924300
1,2,80.623834,27.888499,2.216200,27.843201,1.584300
1,2,80.650369,26.534803,2.308900,26.665800,1.681600
1,2,80.674842,24.472900,2.313000,24.314400,1.701600
1,2,80.701969,27.126700,2.330300,27.174200,1.566600
1,2,80.726732,24.763297,2.317400,24.549801,2.020000
1,2,80.754598,27.866401,2.725200,28.235701,1.615000
1,2,80.783735,29.136300,2.177700,28.621799,1.841900
1,2,80.808895,25.160499,2.906600,25.688801,2.203200
1,2,80.836888,27.992301,2.152800,27.898600,1.785800
1,2,80.868748,31.860001,2.137600,31.808201,1.728700
1,2,80.892156,23.407999,2.105400,23.425301,1.981500
1,2,80.919320,27.164899,2.371300,27.280600,1.724000
1,2,80.943437,24.116602,1.914000,23.768801,1.583200
1,2,80.974043,30.605901,2.500700,30.377899,2.213600
1,2,81.001382,27.338799,2.643600,27.441299,1.743700
1,2,81.028536,27.154200,2.451500,27.162901,1.759000
1,2,81.057487,28.951198,2.709800,28.665701,1.668000
1,2,81.087493,30.006200,2.834400,30.445299,1.648500
1,2,81.116620,29.126201,2.285000,29.082899,1.828600
1,2,81.139264,22.644602,2.467800,22.426399,1.777600
1,2,81.168167,28.902698,2.614900,29.231899,2.052900
1,2,81.199015,30.848101,2.292300,30.529100,2.022400
1,2,81.222356,23.340601,2.824000,23.154699,1.893300
1,2,81.250708,28.352097,2.868100,28.722000,2.056400
1,2,81.275373,24.664901,2.584200,24.854000,1.496400
1,2,81.304227,28.854601,2.145000,28.765600,1.461300
1,2,81.333001,28.774001,2.180500,28.541100,1.940600
1,2,81.356245,23.243397,2.656300,22.993700,2.164400
1,2,81.385506,29.261000,2.720100,29.474600,1.795900
1,2,81.408529,23.023602,2.707300,23.100901,1.636900
1,2,81.435434,26.904400,2.584900,26.846500,1.758400
1,2,81.466211,30.777000,2.490700,30.721701,2.198200
1,2,81.491011,24.799999,2.729600,24.841499,2.018900
1,2,81.520414,29.403802,2.464900,29.480600,1.796800
1,2,81.547789,27.374297,2.270900,27.292000,1.758400
1,2,81.572451,24.662402,2.472400,24.145800,1.696000
1,2,81.596840,24.389099,3.049200,24.770700,1.888700
1,2,81.624706,27.865499,2.758100,27.754299,2.367400
1,2,81.652193,27.487300,2.909000,27.941999,1.457900
1,2,81.682641,30.447699,2.131800,30.192301,1.914800
1,2,81.705477,22.836801,2.577700,22.635201,2.462300
1,2,81.734467,28.989799,2.680700,28.927700,1.678200
1,2,81.757123,22.655699,2.833900,22.947100,2.001100
1,2,81.784644,27.521301,2.450500,27.306601,1.572900
1,2,81.807610,22.965301,2.505100,23.049801,1.763600
1,2,81.835893,28.283499,2.441500,28.356800,1.775100
1,2,81.858174,22.280801,2.290300,22.025900,1.570300
1,2,81.886171,27.996801,2.710400,28.230700,2.338100
1,2,81.915168,28.997701,2.310000,29.146299,1.796200
1,2,81.937769,22.600800,2.373400,22.547701,1.689000
1,2,81.968587,30.817598,2.206800,30.231300,1.945000
1,2,81.990836,22.248801,2.896100,22.606899,1.968300
1,2,82.018331,27.495101,2.798800,27.168301,1.906500
1,2,82.042827,24.496298,2.937200,24.201500,1.808200
1,2,82.071766,28.939102,3.297900,29.584499,1.869700
1,2,82.100142,28.375797,2.748300,28.597300,1.940600
1,2,82.124142,23.999803,2.610100,23.444099,2.169400
1,2,82.152909,28.767597,2.884700,29.120800,1.857300
1,2,82.178069,25.159203,2.321000,24.825899,1.610700
1,2,82.202635,24.566900,2.717000,24.765200,1.718600
1,2,82.225418,22.782598,2.370200,22.883699,1.674500
1,2,82.254772,29.354300,2.469700,29.258200,1.407700
1,2,82.277008,22.236202,2.405200,22.207199,1.692900
1,2,82.304342,27.333800,2.531500,27.511999,1.614700
1,2,82.332360,28.017499,2.294500,28.031401,1.976700
1,2,82.354747,22.387501,2.219000,22.403400,1.499300
1,2,82.377638,22.891000,2.244200,22.812000,1.650500
1,2,82.406042,28.403599,2.352400,28.083599,1.455500
1,2,82.434142,28.099902,2.716200,28.281401,1.896700
1,2,82.458223,24.081301,2.368200,24.218399,1.414700
1,2,82.485356,27.132597,2.333700,26.946100,1.997000
1,2,82.508530,23.174703,2.424000,23.342300,1.585600
1,2,82.534954,26.423898,2.339800,26.410999,1.895500
1,2,82.565805,30.850202,2.201800,30.584700,1.634000
1,2,82.590061,24.256099,2.578000,24.296900,1.500700
1,2,82.617808,27.747098,2.501000,27.622700,1.914000
1,2,82.640757,22.949703,2.685600,22.764999,1.897800
1,2,82.671858,31.100400,2.927500,31.331900,1.830600
1,2,82.699788,27.929798,2.452300,28.210199,1.909800
1,2,82.722950,23.162402,2.365800,22.427000,2.001900
1,2,82.750912,27.961697,2.992500,28.557400,1.801800
1,2,82.774860,23.948502,2.300700,23.714001,1.546600
1,2,82.802934,28.074000,2.585700,28.277300,1.631700
1,2,82.828587,25.653299,2.222700,25.539101,1.704900
1,2,82.854115,25.527801,2.499600,25.359100,1.460700
1,2,82.884103,29.987399,2.763300,30.191999,1.898700
1,2,82.906710,22.607002,2.724200,22.362301,1.546500
1,2,82.934375,27.664799,2.734600,28.118700,1.794000
1,2,82.957553,23.178600,2.173100,22.715401,1.972600
1,2,82.983908,26.354499,2.408300,26.876900,1.930700
1,2,83.007552,23.644000,1.841100,22.853600,1.497300
1,2,83.034923,27.371299,2.929100,27.504400,1.924700
1,2,83.059417,24.494000,2.788200,24.716101,1.661200
1,2,83.087175,27.758501,2.464700,27.779200,1.652200
1,2,83.110767,23.591500,2.315200,23.552099,1.857700
1,2,83.138610,27.843099,2.276300,27.729401,1.631700
1,2,83.167214,28.604399,2.441900,28.491100,1.776500
1,2,83.190752,23.537900,2.844200,23.679100,1.963800
1,2,83.217477,26.724800,2.764400,26.904100,2.131300
1,2,83.240022,22.545099,2.489600,22.506300,1.512300
1,2,83.268785,28.762303,2.613200,28.724001,1.684900
1,2,83.292499,23.714397,2.407300,23.632900,1.632100
1,2,83.319747,27.248099,2.567400,27.338200,1.538500
1,2,83.343962,24.215400,2.291400,24.370399,2.157400
1,2,83.371591,27.629100,2.183900,27.330799,1.944200
1,2,83.401105,29.513601,2.565600,29.788700,1.956500
1,2,83.423930,22.825200,2.835300,22.396999,1.451100
1,2,83.451916,27.986199,2.750500,28.019600,1.799900
1,2,83.475879,23.962703,2.542900,23.950899,1.660600
1,2,83.504428,28.549001,2.605400,28.618999,1.740300
1,2,83.530339,25.910500,2.568500,25.745701,2.175000
1,2,83.557753,27.414799,2.623600,27.276199,1.711700
1,2,83.584936,27.182698,2.766700,27.719400,2.047500
1,2,83.608805,23.869101,2.204900,23.274401,1.762400
1,2,83.636926,28.120700,2.942500,28.628799,2.249200
1,2,83.666760,29.834300,2.396300,29.489901,2.090200
1,2,83.691396,24.635300,2.685200,24.783600,1.848000
1,2,83.719868,28.472699,2.594300,28.506500,1.787500
1,2,83.748651,28.782502,2.405200,28.688400,1.938000
1,2,83.773241,24.589900,2.610900,24.663799,1.517800
1,2,83.802392,29.151000,2.329400,29.128099,1.983900
1,2,83.829180,26.788600,2.435400,26.904699,2.386800
1,2,83.854187,25.006600,2.490700,25.005699,1.932300
1,2,83.883027,28.840199,2.244600,28.607599,1.735500
1,2,83.907437,24.410401,2.533600,24.259100,1.944200
1,2,83.934462,27.024601,2.635400,27.285500,2.177700
1,2,83.957581,23.119297,2.351500,22.899799,1.726700
1,2,83.985596,28.014403,2.661500,28.079399,1.763100
1,2,84.009740,24.144597,2.558900,24.262600,1.936600
1,2,84.038034,28.293200,2.421800,28.072500,1.776000
1,2,84.063228,25.194701,3.139700,25.312201,1.891800
1,2,84.089278,26.049603,2.819700,25.703800,1.731400
1,2,84.119996,30.718397,3.020800,31.295401,2.194100
1,2,84.144958,24.962001,2.462800,24.878300,1.956400
1,2,84.172111,27.153101,2.556200,26.875099,1.844800
1,2,84.201043,28.931901,2.494900,28.986200,2.179600
1,2,84.224827,23.784198,2.729800,23.998600,1.559700
1,2,84.256352,31.524301,2.109300,30.912901,2.201300
1,2,84.283425,27.073599,2.791000,27.614401,2.053300
1,2,84.309494,26.069000,2.274000,26.121599,1.883300
1,2,84.338173,28.678201,2.133200,28.235901,1.571600
1,2,84.366029,27.856398,2.614300,27.819799,2.112400
1,2,84.388349,22.320002,3.079000,22.326401,1.679400
1,2,84.418201,29.852398,2.659300,30.121099,2.022200
1,2,84.443244,25.042903,2.928600,25.129999,1.934300
1,2,84.475901,32.657199,2.161800,32.258400,1.608200
1,2,84.503757,27.855601,2.575300,27.867599,1.780400
1,2,84.533727,29.969897,2.825200,29.890800,2.117200
1,2,84.558982,25.255002,2.814900,25.664600,1.687100
1,2,84.585537,26.554998,2.176300,26.182501,1.593600
1,2,84.616978,31.440802,2.622800,31.489300,1.837900
1,2,84.642485,25.507499,2.665600,25.222500,2.043900
1,2,84.669646,27.160700,2.897600,27.620399,2.822200
1,2,84.696671,27.025100,2.453300,27.085899,2.239200
1,2,84.725371,28.699502,2.864900,28.371099,1.991600
1,2,84.753436,28.065298,2.600500,28.180099,1.912400
1,2,84.783805,30.368801,2.480500,30.246901,1.928900
1,2,84.807231,23.426499,2.763500,22.895901,2.143400
1,2,84.834644,27.412798,3.242900,28.100300,1.758700
1,2,84.859213,24.568800,2.783500,24.308300,1.935900
1,2,84.891941,32.728400,2.826600,32.829601,1.668100
1,2,84.919631,27.689502,2.484200,27.197701,1.799300
1,2,84.943253,23.622300,4.412400,24.352200,2.017800
1,2,84.974202,30.949298,2.766400,30.676500,1.857800
1,2,85.001724,27.521502,2.342600,27.694099,2.044000
1,2,85.026495,24.771601,2.186500,24.468500,1.841100
1,2,85.056948,30.452900,2.870500,30.441700,1.540100
1,2,85.083026,26.077699,2.966900,22.924500,1.690500
1,2,85.108811,25.784601,6.128000,27.963699,1.698800
1,2,85.138909,30.098200,3.617100,31.033199,2.321000
1,2,85.167396,28.486900,2.641900,28.714300,2.130300
1,2,85.192132,24.736300,2.887100,24.504900,2.011600
1,2,85.224243,32.111298,2.797100,31.882900,1.812300
1,2,85.252106,27.862500,2.894500,28.150700,2.014700
1,2,85.276439,24.332702,2.564500,24.596100,1.823300
1,2,85.306956,30.517098,2.479300,30.325800,1.799000
1,2,85.333944,26.988201,2.367000,27.047300,2.026100
1,2,85.358477,24.533600,2.194800,23.965599,1.813200
1,2,85.385848,27.371101,2.894200,27.900999,2.845400
1,2,85.408915,23.066700,3.039500,23.182699,1.749000
1,2,85.437529,28.613500,2.412300,28.574400,2.132600
1,2,85.466676,29.147200,2.247600,28.850300,1.694400
1,2,85.488879,22.202898,2.568800,22.312599,1.783700
1,2,85.518187,29.308002,2.581200,29.049700,1.954000
1,2,85.541665,23.478400,2.839100,23.528099,1.656700
1,2,85.569587,27.921997,2.762200,28.340500,1.814600
1,2,85.594958,25.370702,2.080000,25.031000,1.690800
1,2,85.620204,25.246400,2.817900,25.253799,1.762400
1,2,85.648131,27.926698,2.603900,27.709600,1.878500
1,2,85.673263,25.132202,2.695200,25.253901,1.831200
1,2,85.697966,24.703000,2.589700,24.856600,1.947900
1,2,85.722735,24.769101,2.439200,24.721001,1.987000
1,2,85.750511,27.776100,2.470700,27.532499,1.633800
1,2,85.773661,23.149598,2.664100,23.381901,1.469300
1,2,85.800310,26.649401,2.439700,26.895300,1.672100
1,2,85.823082,22.772100,2.150700,22.665300,1.453500
1,2,85.850864,27.781900,2.198900,27.382601,1.940800
1,2,85.874805,23.941100,2.717200,24.491699,1.939600
1,2,85.901673,26.867300,2.099500,26.676300,1.593300
1,2,85.924749,23.076002,2.240400,23.182199,1.846400
1,2,85.953349,28.600197,3.579900,28.449600,1.976100
1,2,85.976924,23.575500,2.296000,23.342699,1.802900
1,2,86.005150,28.225202,2.404700,28.033001,1.890600
1,2,86.027284,22.134099,2.701000,22.730200,1.586600
1,2,86.056863,29.579200,2.226500,29.292400,1.456700
1,2,86.083541,26.677601,2.403600,26.919701,1.864000
1,2,86.106526,22.985399,2.130100,22.502600,1.931300
1,2,86.133418,26.891802,2.672000,27.417700,1.905100
1,2,86.159206,25.788497,2.040800,25.495800,2.117500
1,2,86.186336,27.129203,2.362300,27.392300,1.956100
1,2,86.210480,24.144098,2.118700,23.737801,1.777800
1,2,86.239912,29.432900,2.487700,29.544001,1.541300
1,2,86.267528,27.615901,2.391800,27.418400,2.068500
1,2,86.289856,22.328001,2.713600,22.314501,2.048300
1,2,86.317682,27.825799,2.834300,28.134399,1.935900
1,2,86.340836,23.153599,2.313700,22.666800,1.950500
1,2,86.368564,27.728502,2.799000,27.799801,1.877400
1,2,86.392665,24.100699,2.659200,24.417500,2.025000
1,2,86.421670,29.004700,2.396200,28.468500,1.714100
1,2,86.450003,28.333500,2.947400,28.886600,2.086500
1,2,86.474893,24.890199,2.419100,24.758600,1.671800
1,2,86.502094,27.201001,2.509800,27.156000,1.800500
1,2,86.526602,24.507899,2.569500,24.274300,2.173800
1,2,86.555243,28.640702,2.921900,29.052200,1.771600
1,2,86.583169,27.926300,2.323000,27.875401,2.189700
1,2,86.607732,24.563100,2.395000,24.400499,1.562600
1,2,86.635173,27.440298,2.492700,27.221901,1.785900
1,2,86.659170,23.997199,2.938500,24.306299,1.970800
1,2,86.685921,26.750803,2.233900,26.830099,1.550900
1,2,86.709842,23.921799,2.207300,23.999500,1.712800
1,2,86.738800,28.957199,3.215600,28.485300,1.623000
1,2,86.767462,28.662700,2.651800,29.004801,1.837700
1,2,86.792381,24.918299,2.663200,24.536900,2.152200
1,2,86.822923,30.542701,2.723200,30.542299,2.084000
1,2,86.847387,24.463199,2.964500,24.917299,2.692700
1,2,86.874804,27.417600,2.348500,26.883101,1.445100
1,2,86.902017,27.212899,2.773500,27.261299,2.125800
1,2,86.926220,24.203002,2.611200,24.490200,1.589400
1,2,86.954261,28.040498,2.388500,27.520901,1.811300
1,2,86.977141,22.880200,2.823300,23.297400,1.705500
1,2,87.005598,28.457299,2.377500,28.192499,1.783100
1,2,87.034555,28.956503,3.282200,29.145901,3.001600
1,2,87.057435,22.880800,3.156300,22.452299,1.872000
1,2,87.083916,26.480597,3.040500,27.013201,2.023100
1,2,87.108262,24.345703,2.806400,22.656200,2.128400
1,2,87.136148,27.886398,4.373100,29.486099,1.811600
1,2,87.159143,22.994898,2.633200,22.471001,1.739600
1,2,87.187331,28.188203,2.680000,28.910299,2.115500
1,2,87.212628,25.296599,2.215000,25.321800,2.021500
1,2,87.239349,26.721701,2.560500,26.239500,1.833600
1,2,87.266937,27.587298,2.801900,28.063900,1.890400
1,2,87.290659,23.722101,2.474800,23.649500,1.728900
1,2,87.319019,28.360099,2.126400,27.920200,2.634100
1,2,87.342052,23.033202,2.718600,23.238100,1.548300
1,2,87.368842,26.790299,2.344500,26.951700,1.695800
1,2,87.391346,22.503100,2.079700,22.571199,1.670200
1,2,87.418940,27.594000,1.986600,27.315100,2.012800
1,2,87.441226,22.286400,2.478900,22.227699,1.762600
1,2,87.468969,27.742799,2.500800,27.968300,1.704600
1,2,87.491122,22.153001,2.360500,22.026400,1.545800
1,2,87.518907,27.785100,2.339800,27.568399,1.694700
1,2,87.541268,22.361498,2.414800,22.568300,1.529100
1,2,87.568936,27.667701,2.470800,27.668100,2.226300
1,2,87.591776,22.840302,2.276900,22.916100,2.019800
1,2,87.620958,29.181696,2.190500,29.292400,1.678600
1,2,87.643740,22.782203,2.049200,22.740200,1.821800
1,2,87.673670,29.929999,1.963800,29.589500,1.741800
1,2,87.698009,24.338301,2.475700,24.480700,1.648700
1,2,87.724306,26.297100,2.237700,25.683901,2.042400
1,2,87.751644,27.337898,2.945200,28.057100,1.700000
1,2,87.775583,23.939602,2.227700,23.487301,1.723100
1,2,87.803664,28.080799,2.716900,28.559299,1.988200
1,2,87.827545,23.881100,2.210500,23.545700,1.896400
1,2,87.855892,28.346900,2.388600,28.225201,1.557100
1,2,87.878391,22.499200,2.561100,22.838301,1.615500
1,2,87.908001,29.609501,2.262800,29.556299,1.553200
1,2,87.935440,27.439497,2.175600,27.359301,1.877700
1,2,87.960532,25.091503,2.327600,24.873899,1.480800
1,2,87.987142,26.609998,2.467200,26.865999,1.662000
1,2,88.015806,28.664399,2.230200,28.405800,1.844200
1,2,88.039984,24.178103,2.728200,24.023100,1.563500
1,2,88.068137,28.152898,3.475100,28.617701,2.149000
1,2,88.091404,23.266900,2.300100,23.121401,1.706900
1,2,88.118695,27.291000,2.236800,26.722000,2.119800
1,2,88.141083,22.388201,2.785000,22.673700,1.853600
1,2,88.170022,28.938498,2.747300,29.119200,1.917500
1,2,88.200314,30.291900,2.518700,30.466499,2.407400
1,2,88.224646,24.332199,2.742400,23.892900,2.040200
1,2,88.251610,26.964601,2.673000,26.869301,2.117900
1,2,88.275767,24.156701,2.618700,24.402901,1.983900
1,2,88.306333,30.565500,2.512400,30.322300,1.930000
1,2,88.328635,22.302799,2.891800,22.858200,1.684200
1,2,88.358158,29.522300,2.392700,29.156401,2.014400
1,2,88.385932,27.774703,2.493200,27.797501,2.165200
1,2,88.410625,24.692897,2.353800,24.390100,2.137200
1,2,88.438270,27.644902,2.778400,27.992100,2.307900
1,2,88.469677,31.406399,2.257600,31.332199,2.139600
1,2,88.500717,31.040601,3.677100,31.292000,2.247200
1,2,88.524419,23.701999,2.328800,23.508600,1.718100
1,2,88.553990,29.570900,2.315600,29.304600,2.384100
1,2,88.584125,30.135300,5.124600,30.622101,2.222600
1,2,88.610094,25.968298,2.333800,25.208700,2.197600
1,2,88.639944,29.850099,2.854800,29.554800,2.496700
1,2,88.667373,27.429201,3.682200,28.445700,2.188600
1,2,88.692139,24.766400,2.583800,24.472900,2.261500
1,2,88.721720,29.580902,2.202800,29.589100,2.397200
1,2,88.752843,31.122897,2.877000,30.854300,2.101600
1,2,88.777763,24.919800,2.786800,25.219101,2.107000
1,2,88.806557,28.794400,2.460300,28.139799,2.165700
1,2,88.834963,28.405402,3.029500,28.650299,2.012000
1,2,88.859864,24.901100,3.094400,24.807301,2.248300
1,2,88.887470,27.605701,3.229100,27.875099,2.271800
1,2,88.910281,22.811897,2.815700,23.031900,1.836300
1,2,88.941352,31.070802,2.610100,30.821899,1.704900
1,2,88.970247,28.894298,2.459000,29.048401,1.903400
1,2,88.992005,21.758500,2.237800,21.813400,1.747200
1,2,89.022556,30.551199,2.031200,29.493099,1.523700
1,2,89.046606,24.049401,3.291600,25.044300,1.827000
1,2,89.074816,28.210301,2.689600,26.937500,1.657200
1,2,89.103740,28.923798,3.576900,30.163099,1.752900
1,2,89.126950,23.210000,2.157800,23.237200,2.013600
1,2,89.155623,28.673001,2.201700,28.482700,1.887200
1,2,89.186528,30.905601,2.386800,31.028799,1.905300
1,2,89.209395,22.866800,2.557100,22.781900,1.792700
1,2,89.238907,29.511899,2.284200,29.374500,1.547300
1,2,89.265132,26.224900,2.561800,26.094801,1.819200
1,2,89.292884,27.752399,3.260400,27.987801,2.221300
1,2,89.323564,30.679200,2.535400,30.670500,1.638300
1,2,89.356128,32.564301,2.392300,32.363400,2.494500
1,2,89.381400,25.272600,2.743200,25.485701,2.068300
1,2,89.409796,28.395001,2.566000,28.157000,1.879900
1,2,89.438416,28.620899,2.534900,28.754700,1.519600
1,2,89.461156,22.739101,2.190400,22.478201,2.073900
1,2,89.488815,27.659100,2.499900,27.859200,1.877800
1,2,89.515360,26.545800,2.502300,26.439100,1.930100
1,2,89.542223,26.862800,2.758500,27.092300,1.632800
1,2,89.571494,29.270899,2.129800,29.288099,1.820800
1,2,89.596965,25.470901,2.050600,25.317301,2.323800
1,2,89.625009,28.043799,2.321400,27.804600,1.678400
1,2,89.652356,27.347501,2.499500,27.622801,1.637100
1,2,89.678306,25.949400,2.251600,25.479300,1.824700
1,2,89.705814,27.507897,2.808400,28.176399,2.026300
1,2,89.735728,29.914003,2.071400,29.529100,1.944200
1,2,89.759967,24.239197,2.455800,24.399000,1.689200
1,2,89.789063,29.096201,2.187700,29.129299,1.908300
1,2,89.819606,30.543499,2.342000,30.564899,1.775300
1,2,89.843172,23.565102,2.190600,23.567499,1.669500
1,2,89.870134,26.962198,2.162700,26.766399,1.487400
1,2,89.893813,23.679100,2.500100,23.710699,1.498800
1,2,89.922016,28.203599,2.380800,28.327700,2.155800
1,2,89.950911,28.894503,2.178400,28.912800,1.787200
1,2,89.974525,23.613699,2.140200,23.450800,1.819800
1,2,90.004429,29.904600,2.166800,29.980200,1.766100
1,2,90.027938,23.508299,2.110400,23.688200,1.809600
1,2,90.056990,29.052801,1.978800,28.777000,1.650400
1,2,90.087078,30.087698,2.397500,30.082701,1.859300
1,2,90.119597,32.518599,2.295600,28.172899,1.796200
1,2,90.135733,16.135901,6.861400,19.746099,1.501100
1,2,90.163343,27.610600,3.348600,28.353600,1.462400
1,2,90.189434,26.091002,2.206000,25.902399,2.059700
1,2,90.216856,27.422298,2.449800,27.498899,1.975400
1,2,90.243375,26.518900,2.435800,26.475201,1.590300
1,2,90.271329,27.953401,2.239700,27.860100,1.579300
1,2,90.295510,24.181001,2.251900,24.184799,2.005900
1,2,90.324623,29.113397,2.240200,28.920700,1.697900
1,2,90.352186,27.563300,3.682100,27.800699,1.961100
1,2,90.376262,24.075203,2.496200,23.884701,2.319400
1,2,90.404395,28.133098,2.971100,28.423901,1.834800
1,2,90.428403,24.008602,2.202400,23.919201,1.916800
1,2,90.457199,28.795701,2.256900,28.719801,1.593000
1,2,90.484799,27.599499,2.347700,27.160900,2.100500
1,2,90.509144,24.345599,3.089700,24.517599,1.794000
1,2,90.537025,27.880602,2.804500,27.735100,2.007700
1,2,90.566791,29.765800,2.827700,30.244301,2.006200
1,2,90.589831,23.040898,2.531000,22.632099,1.861800
1,2,90.612513,22.681903,2.795900,22.583401,2.264700
1,2,90.642788,30.274298,3.256600,30.451900,1.663200
1,2,90.673258,30.470300,2.835100,30.096300,1.796800
1,2,90.698870,25.611699,3.257300,26.098900,1.758200
1,2,90.725367,26.497301,2.764100,25.947701,1.928800
1,2,90.752881,27.513802,2.998100,28.050100,2.082000
1,2,90.776860,23.979399,2.581200,23.863501,2.048200
1,2,90.805437,28.576899,2.607200,28.573099,1.695800
1,2,90.830691,25.253501,2.796100,25.351601,2.044800
1,2,90.857763,27.072798,2.425600,27.076599,1.802700
1,2,90.884994,27.230702,2.368800,27.380800,1.736000
1,2,90.907700,22.706099,2.237600,22.236900,1.609000
1,2,90.932168,24.467800,2.864500,24.604200,1.879000
1,2,90.958151,25.983300,2.650300,25.362000,1.932100
1,2,90.984891,26.739500,3.140600,27.199200,1.953400
1,2,91.009163,24.271898,2.755200,24.148500,1.915600
1,2,91.036548,27.385499,2.729600,27.449200,1.975100
1,2,91.060536,23.987703,2.841000,24.295900,1.790000
1,2,91.087843,27.307000,2.580700,26.917900,1.809600
1,2,91.110939,23.096200,2.628600,23.357500,1.743400
1,2,91.138904,27.964797,2.898400,27.889500,1.653100
1,2,91.168962,30.058101,2.721700,29.988100,2.169900
1,2,91.190844,21.882001,3.165600,21.885401,1.765600
1,2,91.220106,29.262200,3.055300,29.226101,1.730300
1,2,91.242540,22.434000,2.855300,22.505501,1.987200
1,2,91.271172,28.631799,2.968500,28.853701,2.328700
1,2,91.294457,23.284502,2.870200,23.340200,1.907800
1,2,91.324426,29.969800,2.437900,28.653400,1.828300
1,2,91.347910,23.484100,3.642900,24.418400,2.226800
1,2,91.372886,24.975199,2.726000,25.116899,2.150900
1,2,91.401810,28.924499,2.377800,28.774099,1.834800
1,2,91.423820,22.010099,2.815400,22.064199,1.960600
1,2,91.451204,27.383801,2.609700,27.724701,1.944400
1,2,91.474684,23.479503,2.232100,22.913401,1.540700
1,2,91.498912,24.228796,2.826500,24.559500,1.955000
1,2,91.525121,26.208904,2.296700,25.944500,1.654300
1,2,91.551672,26.551299,2.564900,26.862200,2.133900
1,2,91.574841,23.168501,2.414900,23.178301,1.750200
1,2,91.602108,27.267098,2.296000,26.956900,2.193800
1,2,91.622512,20.404302,2.573900,20.503700,1.735700
1,2,91.652463,29.950600,2.427200,30.088100,1.806400
1,2,91.675488,23.024797,2.316000,22.697001,1.911600
1,2,91.702125,26.637100,2.676300,26.812099,2.040600
1,2,91.724908,22.782803,2.534300,22.876499,1.521300
1,2,91.754991,30.082900,3.015500,29.900299,1.857300
1,2,91.784218,29.227898,2.680500,29.098101,1.888800
1,2,91.808570,24.351500,3.141500,23.968300,1.544200
1,2,91.836151,27.580902,3.175200,28.412100,1.874300
1,2,91.859687,23.536500,2.233900,23.069799,2.096200
1,2,91.886384,26.696999,2.922000,26.664600,2.053900
1,2,91.910516,24.131201,2.782800,24.390800,1.769000
1,2,91.938296,27.780000,2.391900,27.692900,2.037800
1,2,91.967456,29.160000,2.638300,29.381001,1.667100
1,2,91.991189,23.733098,2.423200,22.959801,2.072900
1,2,92.019018,27.829602,3.384300,28.383200,2.065300
1,2,92.042560,23.541499,2.644600,23.648899,1.968200
1,2,92.070089,27.529400,2.597200,27.518600,1.623700
1,2,92.093315,23.225900,2.328600,22.835899,1.962600
1,2,92.119212,25.897101,2.708700,26.167801,1.643100
1,2,92.143145,23.932599,2.422400,22.965500,2.107400
1,2,92.167301,24.156600,3.416100,24.767900,2.239100
1,2,92.195255,27.953301,2.907900,28.089100,2.363000
1,2,92.223361,28.106000,2.871500,28.082600,2.757300
1,2,92.252856,29.495500,2.802000,29.536501,2.398400
1,2,92.276452,23.595899,3.042600,23.539700,2.292900
1,2,92.307453,31.001102,2.845000,30.895599,1.855700
1,2,92.336818,29.365297,2.888200,29.245300,2.343200
1,2,92.358753,21.934800,3.034400,22.103100,2.238700
1,2,92.387167,28.413802,2.809500,28.539400,2.359000
1,2,92.412106,24.938598,3.036600,24.678400,2.270300
1,2,92.440481,28.375402,3.062100,28.316799,2.451700
1,2,92.467038,26.556700,3.038400,26.869400,2.200200
1,2,92.490434,23.395997,2.935000,23.105000,2.665800
1,2,92.520000,29.566500,3.106700,28.986500,2.455300
1,2,92.544581,24.580501,3.905600,24.743099,2.407000
1,2,92.575597,31.016301,3.368600,31.366199,2.597600
1,2,92.599494,23.897000,3.606700,24.113501,2.343200
1,2,92.626227,26.732698,3.565100,26.428699,2.266800
1,2,92.652496,26.269503,3.163700,24.931601,2.451100
1,2,92.680299,27.802899,4.807600,28.450899,2.483000
1,2,92.706812,26.513200,4.763800,27.316299,1.977500
1,2,92.734374,27.561497,2.628600,27.359200,2.454500
1,2,92.759035,24.661403,2.967100,24.622400,2.194000
1,2,92.785917,26.881699,2.859200,26.883699,2.072300
1,2,92.810264,24.346702,2.963700,24.372200,1.717500
1,2,92.840221,29.957499,2.769500,29.564400,2.327900
1,2,92.868062,27.840499,3.130500,28.653999,2.701900
1,2,92.891403,23.341700,2.721300,22.901199,2.215100
1,2,92.919660,28.256200,2.925700,28.452600,2.012200
1,2,92.943299,23.639698,2.539200,22.545099,2.102600
1,2,92.971187,27.887903,3.662500,29.069901,2.298000
1,2,92.996025,24.837699,2.383700,23.933800,2.195100
1,2,93.026126,30.100901,3.842000,30.198999,2.226900
1,2,93.051382,25.255900,4.328700,25.130699,2.580100
1,2,93.078186,26.803900,4.375700,26.622400,2.342700
1,2,93.104897,26.711300,4.333400,27.845501,2.219200
1,2,93.129808,24.911098,2.329700,24.292801,2.457000
1,2,93.160818,31.010002,3.406600,29.923700,2.392100
1,2,93.191716,30.898198,4.605700,32.273800,1.947700
1,2,93.221795,30.079301,3.211700,30.330500,2.165600
1,2,93.246439,24.643600,2.940700,24.445999,2.194500
1,2,93.275938,29.498801,2.596400,28.892900,1.812800
1,2,93.303583,27.645499,2.832200,27.517799,2.080100
1,2,93.327191,23.607701,3.720900,24.068001,1.956800
1,2,93.356455,29.263601,2.914100,29.042299,1.989700
1,2,93.381734,25.279798,3.390900,25.433599,2.365700
1,2,93.408798,27.063701,3.112300,27.304100,2.369500
1,2,93.437845,29.046800,2.518600,29.135500,2.002200
1,2,93.467579,29.733598,2.572100,29.583500,1.767900
1,2,93.493630,26.051801,3.091500,25.105600,1.601300
1,2,93.521808,28.177399,3.563100,29.345100,2.175700
1,2,93.550026,28.218001,2.302200,27.992001,2.142100
1,2,93.574633,24.607401,2.565200,24.452499,2.594300
1,2,93.603651,29.018000,2.746700,29.028099,2.378300
1,2,93.627961,24.309900,2.746800,24.387400,1.936000
1,2,93.656929,28.967801,2.716900,28.364901,2.038100
1,2,93.685264,28.335497,3.299200,28.947599,1.880600
1,2,93.707808,22.543602,3.175200,22.523399,1.789200
1,2,93.735326,27.518101,2.639200,27.667601,1.768100
1,2,93.759870,24.543498,2.498800,24.363199,1.707200
1,2,93.787111,27.241003,2.767400,27.511900,1.610700
1,2,93.814135,27.024597,2.346700,26.894501,2.055900
1,2,93.840420,26.285000,2.654000,25.948299,1.708000
1,2,93.869299,28.879002,2.886600,29.161301,2.133000
1,2,93.893027,23.727600,2.653700,23.596500,1.535200
1,2,93.920608,27.580898,2.878800,27.702700,1.861600
1,2,93.944218,23.609903,2.733100,23.581200,1.476400
1,2,93.974204,29.986199,3.051200,30.011299,1.721300
1,2,94.001476,27.272500,2.798500,27.182199,1.805400
1,2,94.025314,23.837999,2.916800,23.861601,1.856800
1,2,94.056818,31.504001,2.464600,31.044800,1.855300
1,2,94.084422,27.604099,3.030500,28.206400,1.962000
1,2,94.109515,25.093101,2.606400,25.028000,1.827600
1,2,94.137173,27.657099,2.174600,27.380600,1.894300
1,2,94.160369,23.196399,2.425100,23.078199,1.717200
1,2,94.187760,27.391002,2.823300,27.737700,2.223500
1,2,94.217160,29.400401,2.302100,29.294100,2.075400
1,2,94.240000,22.839900,2.634600,22.810900,1.913900
1,2,94.264468,24.468198,2.509400,24.441900,1.939000
1,2,94.291910,27.441099,3.075800,27.260201,1.642800
1,2,94.318903,26.993800,3.224600,27.087999,1.930400
1,2,94.343908,25.004502,2.765000,25.040800,1.787000
1,2,94.371794,27.886201,2.492300,27.962700,1.963500
1,2,94.401116,29.321600,2.195900,29.084000,1.685100
1,2,94.426176,25.060099,2.721600,25.186100,1.636600
1,2,94.453069,26.893102,2.425100,26.894899,2.094200
1,2,94.478125,25.056496,2.364700,24.794800,1.822800
1,2,94.506892,28.766502,2.566000,28.914101,1.949300
1,2,94.535642,28.750401,2.556100,28.884100,1.751300
1,2,94.559091,23.448598,2.508700,22.919201,1.653000
1,2,94.585966,26.874803,2.858200,27.234600,1.882400
1,2,94.608623,22.657298,2.716900,22.371599,2.042000
1,2,94.635790,27.167201,2.689200,27.464701,2.372200
1,2,94.660284,24.494000,2.401800,24.119200,1.827700
1,2,94.687973,27.689200,2.938000,28.270700,2.233700
1,2,94.712432,24.458800,2.231600,23.493500,1.930200
1,2,94.741065,28.632499,3.479500,29.103300,2.883400
1,2,94.770825,29.760800,3.518800,29.624701,2.264500
1,2,94.793831,23.005500,2.854400,23.181000,2.188500
1,2,94.822093,28.262202,2.979500,28.295099,1.686000
1,2,94.844900,22.806700,2.601200,22.830299,2.243300
1,2,94.874415,29.515300,2.385400,29.445900,1.842200
1,2,94.902251,27.835499,2.568400,27.681400,1.750500
1,2,94.927042,24.791598,2.900500,23.854200,1.819400
1,2,94.955466,28.423302,4.241200,29.451401,2.310900
1,2,94.985185,29.719800,2.496200,29.659901,1.678600
1,2,95.009680,24.494100,2.447900,23.813400,1.768400
1,2,95.037256,27.576998,3.269100,28.336201,2.374200
1,2,95.061566,24.309400,2.823400,24.414000,2.069000
1,2,95.088598,27.032100,2.526000,26.832399,1.870100
1,2,95.112750,24.151802,2.588600,24.147100,2.089200
1,2,95.141758,29.007997,2.528900,28.235399,1.666700
1,2,95.174851,33.092801,3.258600,28.872700,2.065600
1,2,95.193505,18.654201,7.648300,23.155800,2.288500
1,2,95.224426,30.921198,3.352100,31.161400,2.479900
1,2,95.251770,27.344000,2.921200,26.934299,2.913200
1,2,95.276920,25.149703,3.807800,25.433701,2.178700
1,2,95.304916,27.996499,2.910600,28.340200,1.964800
1,2,95.331774,26.857700,2.501400,26.618401,2.254100
1,2,95.360724,28.949700,2.880000,28.786600,1.929500
1,2,95.389290,28.566200,2.809300,28.814600,1.938300
1,2,95.417824,28.534099,2.561300,28.675100,2.052600
1,2,95.441720,23.896299,2.437600,23.522900,1.913700
1,2,95.468395,26.675101,2.962600,26.910101,1.942200
1,2,95.493081,24.685498,2.708200,24.333900,1.663400
1,2,95.519975,26.894301,3.072500,27.508801,1.884100
1,2,95.543848,23.872498,2.242200,23.786600,1.820900
1,2,95.572274,28.426800,2.341700,28.148701,1.583800
1,2,95.595374,23.100000,2.507400,23.408600,1.643400
1,2,95.624789,29.414501,2.147400,28.961800,2.452700
1,2,95.648935,24.146300,2.866700,24.487499,2.291700
1,2,95.676511,27.575802,3.010700,27.275801,1.707800
1,2,95.704972,28.460599,2.736800,28.934299,1.854000
1,2,95.734247,29.275298,2.215700,28.868999,1.815100
1,2,95.757067,22.820402,2.620300,22.949600,1.831700
1,2,95.785418,28.351199,2.677100,28.028999,2.200100
1,2,95.809290,23.871601,2.907100,23.987900,1.666000
1,2,95.838031,28.740600,2.629400,28.623199,1.738500
1,2,95.861180,23.149401,2.598600,23.204500,1.617100
1,2,95.887484,26.303597,2.500100,26.722401,2.144700
1,2,95.916097,28.613701,2.105300,28.498899,1.671700
1,2,95.941258,25.160801,2.423800,24.042000,1.650200
1,2,95.968991,27.732398,3.346900,28.703100,1.714100
1,2,95.992469,23.478203,2.331200,23.480499,1.972000
1,2,96.020523,28.054100,2.494600,27.736401,1.787100
1,2,96.042242,21.718800,2.733500,21.966200,1.787400
1,2,96.069487,27.245600,3.256400,27.089600,1.974600
1,2,96.091424,21.936499,2.727700,22.110901,1.826300
1,2,96.118891,27.467202,2.451400,27.467800,2.197300
1,2,96.142508,23.617197,2.379800,23.438700,1.849600
1,2,96.169969,27.461100,2.546800,27.763700,1.901300
1,2,96.194345,24.375603,2.582900,24.405600,1.730900
1,2,96.222454,28.109100,2.594700,28.035900,1.517800
1,2,96.245925,23.470599,2.170000,23.591101,1.717900
1,2,96.272177,26.252799,2.378100,26.169701,2.000500
1,2,96.300843,28.665200,2.269900,28.509701,2.062700
1,2,96.324887,24.044100,2.235400,24.020500,2.141400
1,2,96.354325,29.438701,2.365000,29.752800,1.563000
1,2,96.377994,23.668300,1.990200,23.109900,1.770500
1,2,96.404420,26.425898,2.803000,26.525499,1.691200
1,2,96.427681,23.261402,2.352200,23.306299,1.447700
1,2,96.456167,28.485801,2.633100,28.315100,1.819100
1,2,96.485644,29.477000,2.476500,29.759501,1.723500
1,2,96.509018,23.373798,2.679400,23.089300,2.260700
1,2,96.537272,28.254002,4.053700,28.264200,1.990700
1,2,96.559757,22.485800,2.781100,22.376200,1.719900
1,2,96.588699,28.941598,2.722200,29.292299,1.731000
1,2,96.609904,21.205101,2.366200,21.000700,1.814900
1,2,96.638139,28.235000,2.572100,28.284401,1.536500
1,2,96.663880,25.740702,2.593200,25.846701,2.470400
1,2,96.690236,26.356198,2.343200,25.922100,1.702200
1,2,96.718408,28.171502,3.062200,28.154400,2.165100
1,2,96.743294,24.886999,2.753800,25.197901,1.699600
1,2,96.771409,28.114498,2.217200,28.295799,1.666000
1,2,96.795344,23.935400,1.980700,23.493099,1.927200
1,2,96.823523,28.178703,2.792300,28.193100,1.786300
1,2,96.852638,29.114500,2.448300,28.969500,1.582200
1,2,96.874974,22.336397,2.725200,22.294600,1.512700
1,2,96.901801,26.826903,2.578300,26.895800,1.728100
1,2,96.925079,23.278099,2.604200,23.282499,1.515600
1,2,96.948833,23.754399,2.583900,24.059500,1.964000
1,2,96.974312,25.478102,2.262500,25.116199,2.173200
1,2,97.004401,30.089900,2.566500,29.913200,2.265400
1,2,97.026433,22.031199,2.784500,22.141399,1.871600
1,2,97.054602,28.169200,3.821200,28.403700,1.506700
1,2,97.077765,23.162801,2.194600,23.301399,1.633500
1,2,97.106313,28.548699,2.394200,28.395000,1.652600
1,2,97.130384,24.071001,2.368700,23.854099,1.939400
1,2,97.160892,30.507300,2.547400,30.757601,1.772300
1,2,97.191371,30.479301,2.268700,29.891701,2.096000
1,2,97.218839,27.467899,3.032300,26.848600,1.838700
1,2,97.242416,23.577098,3.534200,24.298300,1.622300
1,2,97.271557,29.141400,2.955100,29.511900,2.254900
1,2,97.294878,23.320701,2.485000,23.414400,1.963800
1,2,97.324321,29.442601,2.491500,29.380301,1.894600
1,2,97.352675,28.354898,2.333200,28.289900,2.037500
1,2,97.376910,24.234202,2.446800,23.863899,1.636700
1,2,97.407453,30.543398,2.774100,30.434099,1.823100
1,2,97.436644,29.191103,3.259200,29.494801,1.852500
1,2,97.459886,23.242000,3.202800,23.166500,1.750600
1,2,97.488442,28.555699,3.182600,28.723499,2.192900
1,2,97.512220,23.777701,2.406400,23.934200,1.853000
1,2,97.540188,27.968798,2.560500,27.906601,1.867600
1,2,97.568990,28.801899,2.363800,28.625401,1.963900
1,2,97.592221,23.230903,2.583100,22.974300,1.590300
1,2,97.620780,28.558597,2.817500,28.682800,2.008900
1,2,97.645535,24.755500,2.926000,24.766800,1.929900
1,2,97.676286,30.750502,2.769000,30.385000,1.762100
1,2,97.703297,27.011298,3.058500,27.289499,1.928800
1,2,97.725735,22.438303,3.051400,22.625200,1.498300
1,2,97.753742,28.006598,2.405600,27.901300,1.881600
1,2,97.776972,23.229800,2.444900,23.153999,1.869100
1,2,97.803953,26.981302,2.738100,26.806900,1.772100
1,2,97.827785,23.832198,2.625000,24.302999,1.908900
1,2,97.855726,27.940299,2.329900,27.980700,1.799000
1,2,97.882686,26.960801,2.465200,26.670300,1.608400
1,2,97.908229,25.542300,2.346000,25.323700,1.852900
1,2,97.934959,26.730500,2.713100,27.069300,2.064100
1,2,97.960325,25.365900,2.681600,25.326900,1.930100
1,2,97.987212,26.886500,2.243800,26.750999,1.761600
1,2,98.012123,24.911899,2.261300,24.695801,1.650600
1,2,98.038464,26.340600,2.806800,26.627100,1.737700
1,2,98.061622,23.157701,2.451800,23.261299,2.136900
1,2,98.090614,28.991997,2.412500,28.453800,1.731100
1,2,98.119647,29.032800,2.863600,29.337500,2.321100
1,2,98.143704,24.057802,3.103200,23.881800,2.177300
1,2,98.173561,29.856499,2.648300,29.624100,1.834700
1,2,98.198185,24.623699,2.979400,24.765699,1.877100
1,2,98.225542,27.357001,2.714400,27.711700,2.262400
1,2,98.252900,27.358100,2.467800,27.231300,1.902800
1,2,98.277250,24.349999,2.506300,24.471001,1.699300
1,2,98.304613,27.363200,2.268300,27.464600,1.628300
1,2,98.329292,24.678800,2.260400,24.347700,1.684800
1,2,98.357439,28.147701,2.597700,28.265900,1.659500
1,2,98.384694,27.254201,2.407300,27.138201,1.986600
1,2,98.408976,24.281900,2.828100,24.010700,1.759200
1,2,98.439495,30.519798,3.034000,30.880501,1.819700
1,2,98.468667,29.171400,2.622800,29.000700,1.972000
1,2,98.492661,23.993999,2.578600,23.514500,1.724800
1,2,98.520649,27.988300,3.116200,28.547100,1.810000
1,2,98.545029,24.380401,2.496200,24.390200,1.747500
1,2,98.574758,29.728901,2.403800,29.378000,1.837700
1,2,98.601913,27.154602,2.595600,27.475100,1.821600
1,2,98.624476,22.562798,2.390300,22.659500,1.792400
1,2,98.655916,31.440299,2.128700,31.220301,2.038200
1,2,98.684995,29.079501,2.908500,29.269300,2.224000
1,2,98.709578,24.582602,2.416800,24.371901,1.656900
1,2,98.739013,29.435098,2.349100,29.586800,1.854400
1,2,98.768530,29.516902,2.149500,29.456100,1.782600
1,2,98.791422,22.891797,2.256800,22.785801,1.753500
1,2,98.819906,28.483901,2.506900,28.823999,1.819400
1,2,98.843629,23.723301,2.540000,23.220100,1.664400
1,2,98.874938,31.309400,2.559700,31.439501,1.809700
1,2,98.904258,29.319700,2.485800,29.379601,1.772300
1,2,98.927867,23.609299,2.537000,23.757601,1.491400
1,2,98.955304,27.436700,2.237500,27.132601,1.929900
1,2,98.985203,29.899202,2.566000,30.220301,1.829200
1,2,99.008815,23.611899,2.185900,23.139299,1.641200
1,2,99.036578,27.762998,2.816500,27.991800,1.528300
1,2,99.061152,24.574000,3.209400,24.714199,1.780700
1,2,99.088964,27.811602,2.258500,27.730900,1.904800
1,2,99.115500,26.535898,2.239800,26.334000,2.364100
1,2,99.142829,27.329501,2.359600,27.430599,1.694100
1,2,99.172138,29.309101,2.447800,28.791000,1.955800
1,2,99.201461,29.322699,2.903200,29.846201,2.147400
1,2,99.225492,24.031200,2.361000,23.859200,1.396300
1,2,99.252704,27.212001,2.549500,27.418600,1.820400
1,2,99.278054,25.350198,2.452000,25.555201,2.077300
1,2,99.305054,26.999600,2.019600,26.737101,1.680100
1,2,99.334314,29.259801,2.124900,29.129801,2.188500
1,2,99.357948,23.634199,2.631300,23.616400,1.890400
1,2,99.385581,27.632702,2.426700,27.938499,2.325700
1,2,99.409072,23.490798,2.192900,23.040800,1.978200
1,2,99.438410,29.338099,2.723900,29.386801,1.868700
1,2,99.460820,22.410203,2.642100,22.305799,1.999000
1,2,99.488925,28.104700,2.857600,28.472601,1.828700
1,2,99.513014,24.089597,2.319700,23.963301,2.057500
1,2,99.541094,28.079603,3.709200,27.935499,1.689400
1,2,99.571837,30.743700,2.844300,30.867201,2.048700
1,2,99.599661,27.823400,2.769900,27.293600,1.945300
1,2,99.626146,26.485298,3.046700,26.526800,1.741000
1,2,99.649283,23.136403,2.976400,23.702700,1.826600
1,2,99.676392,27.108997,2.621200,26.722700,1.872900
1,2,99.703753,27.361803,2.841700,27.710600,1.855300
1,2,99.729293,25.539100,2.286400,25.073601,1.569000
1,2,99.756825,27.532198,2.722600,27.674200,1.832100
1,2,99.785579,28.754100,2.531500,28.743601,2.122000
1,2,99.808263,22.684202,2.568100,22.531000,2.328300
1,2,99.837476,29.213101,2.836900,29.226101,1.902900
1,2,99.859716,22.239599,3.590100,22.553801,1.578500
1,2,99.887371,27.655099,2.708200,27.473200,2.237400
1,2,99.912698,25.327299,2.645900,25.348200,1.941200
1,2,99.942320,29.621601,2.654100,29.452801,1.611100
1,2,99.965200,22.880100,2.675400,23.184200,2.149700
1,2,99.995181,29.981200,2.508700,29.944599,2.022500
1,2,100.024673,29.492501,2.389900,28.909500,2.092600
1,2,100.053013,28.339300,3.050500,28.756599,2.117900
1,2,100.075999,22.986401,3.239100,22.879299,1.999700
1,2,100.103306,27.307298,2.585200,27.299500,1.913900
1,2,100.127229,23.922302,2.519700,24.038401,1.819900
1,2,100.155820,28.591398,2.321900,28.630301,1.877500
1,2,100.182037,26.216500,2.258400,26.172600,1.462400
1,2,100.209705,27.668100,2.451200,27.136700,2.190900
1,2,100.234963,25.258102,2.995300,22.400600,2.180000
1,2,100.262290,27.326901,5.592500,29.638500,2.079700
1,2,100.288900,26.610300,3.336900,27.329700,2.047900
1,2,100.312147,23.247298,2.688100,22.983999,2.096300
1,2,100.340387,28.239701,3.028300,28.355700,1.977800
1,2,100.363918,23.530900,2.879000,23.810900,2.132000
1,2,100.392948,29.029999,2.596800,28.948999,1.700100
1,2,100.421074,28.126203,2.909700,28.202900,1.651000
1,2,100.443978,22.904299,2.453500,22.593399,1.597200
1,2,100.472252,28.273299,2.700900,28.960100,1.730800
1,2,100.496040,23.788299,2.325100,23.244200,1.783600
1,2,100.524046,28.006002,2.714300,28.120899,1.564800
1,2,100.552534,28.487500,2.577700,28.648800,2.329000
1,2,100.577727,25.193799,2.653600,23.959900,1.988700
1,2,100.605189,27.461398,4.043900,28.211800,1.869600
1,2,100.628926,23.737200,3.112400,23.573799,2.346500
1,2,100.659458,30.531902,3.577900,29.756001,1.981900
1,2,100.688154,28.696399,4.138200,29.419300,2.484900
1,2,100.711717,23.562301,3.542400,23.136200,2.800200
1,2,100.735188,23.471199,4.291600,23.577801,2.514100
1,2,100.763506,28.318599,3.702200,28.875200,2.368400
1,2,100.791219,27.712300,3.024600,27.021700,2.334900
1,2,100.813967,22.748303,3.681300,23.344000,3.029300
1,2,100.843592,29.625498,2.882400,29.243099,2.149200
1,2,100.871115,27.522102,3.558300,27.922800,2.366100
1,2,100.894859,23.744598,3.426400,23.315100,2.346800
1,2,100.921406,26.547100,3.657500,26.943100,2.220400
1,2,100.946503,25.097102,2.990500,25.207001,2.441200
1,2,100.975002,28.498497,2.651100,28.400299,2.276500
1,2,101.002832,27.830102,2.766800,27.457899,2.148400
1,2,101.026540,23.708198,3.369900,24.166401,2.127800
1,2,101.055710,29.169701,2.961900,29.261299,2.167000
1,2,101.081026,25.316600,2.692000,24.911400,2.115600
1,2,101.107579,26.552100,4.532400,26.834400,1.943100
1,2,101.137913,30.334000,2.859500,30.119801,2.136400
1,2,101.163170,25.257502,3.200700,25.762600,1.966400
1,2,101.192969,29.798999,2.249200,29.379299,1.998400
1,2,101.222665,29.696301,2.881000,29.945000,2.189000
1,2,101.253379,30.713201,2.759400,30.494301,1.895200
1,2,101.279103,25.724500,2.587900,25.987000,2.050800
1,2,101.307983,28.879497,2.363700,28.625799,1.893300
1,2,101.336199,28.216802,2.765900,28.464899,1.914200
1,2,101.360567,24.367500,2.443200,23.981100,1.978800
1,2,101.388790,28.222900,2.716800,28.297701,2.011800
1,2,101.413128,24.338100,2.621300,24.513100,1.888800
1,2,101.442352,29.224198,2.462600,28.821800,1.647100
1,2,101.472267,29.915102,2.931700,30.093201,2.430200
1,2,101.496386,24.119001,2.766700,24.149200,2.267000
1,2,101.523263,26.876900,2.900600,27.261299,1.995300
1,2,101.550255,26.991900,2.220800,26.326000,2.535800
1,2,101.577637,27.382199,2.886600,27.588699,2.055700
1,2,101.606492,28.854601,2.927700,29.312599,2.128100
1,2,101.634843,28.351698,2.252500,27.350201,2.660200
1,2,101.661753,26.909899,3.775700,27.436199,2.955700
1,2,101.690045,28.291501,3.497900,28.240101,2.414000
1,2,101.714789,24.744399,2.793700,24.559999,2.678400
1,2,101.742926,28.137002,3.474400,28.434000,2.217000
1,2,101.771129,28.202798,3.607700,27.999201,1.882900
1,2,101.795067,23.938000,3.115900,24.247000,2.130200
1,2,101.819993,24.926301,2.593500,24.190001,1.941100
1,2,101.846881,26.887901,3.020600,27.264700,1.989200
1,2,101.874857,27.975898,2.787900,28.124100,2.319700
1,2,101.904039,29.182002,2.583500,29.298300,2.289900
1,2,101.927583,23.544200,2.710000,23.088400,2.144300
1,2,101.955024,27.440500,3.569400,27.844700,2.318100
1,2,101.978550,23.525801,2.627700,23.130699,1.749100
1,2,102.007005,28.454900,2.910500,28.442400,1.783400
1,2,102.030201,23.196299,3.188100,23.392599,2.308000
1,2,102.058539,28.337602,2.875800,28.226700,2.112100
1,2,102.081802,23.263998,2.847500,23.242001,2.270500
1,2,102.112040,30.237101,3.324800,30.428600,1.840800
1,2,102.140857,28.816998,2.660700,28.756001,1.829500
1,2,102.170504,29.647902,2.810700,29.665701,2.542800
1,2,102.194410,23.905698,2.511800,23.452101,2.310000
1,2,102.222516,28.106302,3.580200,28.499201,2.518100
1,2,102.244647,22.130501,3.087400,22.026100,2.490500
1,2,102.273597,28.949600,3.304200,27.282301,2.276100
1,2,102.294880,21.283098,4.586500,22.751600,2.026000
1,2,102.322956,28.076101,3.181100,28.603001,2.038500
1,2,102.345001,22.045102,2.299700,21.890301,2.146800
1,2,102.372096,27.095199,2.516300,26.955099,1.946800
1,2,102.395967,23.870900,2.590100,24.307501,2.076200
1,2,102.425155,29.188100,2.053200,28.792101,1.958600
1,2,102.453760,28.605398,2.961100,28.553499,2.125500
1,2,102.477396,23.635700,3.196800,23.391500,2.402400
1,2,102.501706,24.310201,3.432400,24.485500,2.197200
1,2,102.527486,25.779702,2.755600,25.606100,2.117500
1,2,102.555619,28.133299,2.727900,28.390100,1.913100
1,2,102.579401,23.781698,2.512000,23.992201,1.800700
1,2,102.607976,28.575301,2.248900,28.139299,2.375900
1,2,102.629840,21.863502,2.684600,21.769199,1.802000
1,2,102.659025,29.185198,2.877200,29.132900,2.110700
1,2,102.687575,28.549500,3.009800,28.785801,2.973200
1,2,102.713886,26.310999,2.974200,25.504000,2.334000
1,2,102.740090,26.204500,3.488700,26.707001,2.797100
1,2,102.764295,24.204601,3.440200,24.359699,2.629400
1,2,102.791691,27.396102,2.824000,27.426201,2.645700
1,2,102.815261,23.570400,2.660700,23.716101,2.557600
1,2,102.844797,29.535398,2.647500,29.493601,2.175700
1,2,102.871681,26.884001,2.632100,27.167200,2.119600
1,2,102.894895,23.214400,2.307600,22.648399,2.140300
1,2,102.923542,28.647300,2.768400,29.199400,2.107100
1,2,102.947197,23.655001,2.307100,23.365601,2.384200
1,2,102.975609,28.411500,2.330000,28.633900,2.323500
1,2,103.004007,28.398100,2.361300,28.052700,2.063000
1,2,103.027571,23.564298,2.557900,23.358101,1.874600
1,2,103.055802,28.230902,2.820800,28.684500,2.228100
1,2,103.080744,24.941601,2.626900,25.015400,2.255100
1,2,103.108166,27.422100,2.111700,27.135599,1.756500
1,2,103.136877,28.711498,2.416700,28.808001,2.329900
1,2,103.160441,23.563500,2.945400,23.159500,2.213600
1,2,103.184460,24.018999,2.838700,24.163500,2.489900
1,2,103.212739,28.279699,3.130000,28.375000,2.098800
1,2,103.240177,27.437501,2.721900,27.541000,1.712000
1,2,103.263214,23.036901,2.590800,23.089600,1.964300
1,2,103.291348,28.134100,2.362100,27.593500,1.828900
1,2,103.321101,29.753499,3.102700,30.082199,2.111400
1,2,103.344199,23.097500,2.932100,23.215099,2.045200
1,2,103.374643,30.444000,2.563000,30.255699,1.755700
1,2,103.404631,29.988401,2.993200,30.108601,1.991500
1,2,103.427828,23.196902,2.535600,23.340200,1.750500
1,2,103.456158,28.329797,2.143700,28.290501,1.813100
1,2,103.484642,28.484400,2.561000,28.141600,1.833200
1,2,103.507918,23.275800,2.915700,23.615900,2.119500
1,2,103.539456,31.537801,2.253200,30.893499,2.546700
1,2,103.562624,23.167599,2.860500,23.679501,2.113700
1,2,103.591138,28.514002,2.464100,28.149099,1.780300
1,2,103.623364,32.225899,3.420200,31.494600,2.094200
1,2,103.645968,22.604302,3.881700,23.359501,3.161200
1,2,103.675583,29.615000,3.332400,29.961399,2.382300
1,2,103.706279,30.695897,2.301100,29.491100,2.246700
1,2,103.729977,23.698002,3.566300,24.717501,2.442500
1,2,103.758943,28.965801,2.994600,28.625299,2.022900
1,2,103.784769,25.826398,2.630100,24.957300,2.256300
1,2,103.811793,27.024001,4.022300,28.028400,2.609800
1,2,103.842653,30.860398,2.655000,30.673901,2.266800
1,2,103.864611,21.957502,2.961700,22.497601,3.148900
1,2,103.894043,29.432401,2.426500,29.133101,2.204000
1,2,103.919247,25.203399,2.582400,25.090500,2.367200
1,2,103.945153,25.906399,2.899600,24.984400,2.096900
1,2,103.972119,26.966099,3.699400,28.100700,2.585900
1,2,103.994861,22.741403,2.378200,22.452400,2.142400
1,2,104.023594,28.732900,2.664600,28.644199,2.323100
1,2,104.047034,23.440998,2.777300,23.471001,2.015600
1,2,104.077086,30.051399,2.807800,29.779100,1.743500
1,2,104.104463,27.377103,2.844200,28.060101,1.969900
1,2,104.127271,22.808198,2.313200,22.466600,2.342400
1,2,104.156270,28.999101,2.598400,29.164700,2.333900
1,2,104.181193,24.922598,2.310100,24.691900,2.230500
1,2,104.209353,28.160002,2.668700,27.993099,1.818800
1,2,104.238747,29.393699,2.536800,29.793301,2.559000
1,2,104.261823,23.076899,2.250200,22.794201,1.693900
1,2,104.291249,29.425703,2.621500,29.356701,1.546600
1,2,104.318329,27.079698,2.510100,27.442699,1.666000
1,2,104.342607,24.277799,2.367800,23.907700,1.829900
1,2,104.369159,26.551902,2.578600,27.020599,2.115900
1,2,104.393010,23.851700,2.188100,23.626699,1.726600
1,2,104.420691,27.681198,2.262100,27.652100,1.706300
1,2,104.444195,23.503900,2.215200,22.623800,1.681900
1,2,104.475137,30.942101,3.268000,31.162600,1.728800
1,2,104.502075,26.937399,3.214200,27.602800,1.762800
1,2,104.526563,24.488401,2.656800,24.208000,2.047600
1,2,104.554395,27.831603,2.713100,27.824600,2.265900
1,2,104.578230,23.834698,2.803800,23.232300,2.007200
1,2,104.608668,30.438602,3.384600,30.853600,2.267200
1,2,104.631682,23.014098,2.970400,23.376200,2.166400
1,2,104.663006,31.323299,2.302100,31.166901,1.930900
1,2,104.691875,28.868999,2.605400,28.844000,1.921200
1,2,104.717268,25.393803,2.502500,24.451099,2.256700
1,2,104.743450,26.181500,3.603400,27.245199,1.934900
1,2,104.774424,30.974299,2.325800,30.839100,1.849500
1,2,104.801860,27.436201,2.525600,27.324900,1.782300
1,2,104.824233,22.372201,2.396600,22.673401,1.654600
1,2,104.847865,23.632199,2.353800,23.378901,1.780200
1,2,104.876339,28.474100,2.350600,28.202999,1.803100
1,2,104.905252,28.912801,2.900000,29.031300,1.968100
1,2,104.927820,22.567898,2.576900,22.416000,1.868200
1,2,104.957538,29.718701,2.791400,30.103600,1.896400
1,2,104.983093,25.555100,2.207700,25.504400,1.912800
1,2,105.011000,27.906198,2.489800,27.614201,1.752900
1,2,105.038803,27.803402,2.886800,28.022600,2.062100
1,2,105.060974,22.171497,2.728500,21.786800,1.729200
1,2,105.087854,26.879102,2.855200,27.434099,1.773900
1,2,105.122516,34.662798,2.268000,34.259899,1.767500
1,2,105.145514,22.997603,2.679000,23.332001,1.944300
1,2,105.175740,30.226000,2.178000,30.080000,1.764200
1,2,105.200154,24.413798,2.709300,24.540100,1.986100
1,2,105.227269,27.114902,2.483700,27.099199,2.117600
1,2,105.257150,29.881600,2.257800,29.814800,1.901200
1,2,105.285064,27.914099,2.543000,22.630199,2.406800
1,2,105.308357,23.292199,8.014600,28.476900,2.022600
1,2,105.338480,30.123699,2.678300,29.527700,1.929400
1,2,105.362271,23.790501,3.403700,24.363701,2.008900
1,2,105.393423,31.152200,2.475300,30.486300,1.689100
1,2,105.422279,28.856199,3.202200,29.635401,1.895700
1,2,105.445155,22.875700,2.476900,22.744699,2.118500
1,2,105.472909,27.754299,2.408000,27.512501,1.923200
1,2,105.505269,32.360103,2.611900,32.317200,1.745100
1,2,105.528543,23.273800,2.852000,23.266500,2.189500
1,2,105.558176,29.632598,2.682000,29.603800,1.519300
1,2,105.584106,25.930002,2.675800,25.877100,1.979700
1,2,105.611976,27.870700,2.886200,27.073400,1.685000
1,2,105.638133,26.156697,3.643200,27.085800,1.905900
1,2,105.662797,24.663500,2.601900,24.959400,1.480900
1,2,105.692031,29.234000,2.145400,28.731100,1.929000
1,2,105.714111,22.080902,2.814600,22.604200,1.837300
1,2,105.742241,28.129701,2.363300,27.977400,1.887600
1,2,105.768377,26.135698,2.398700,25.929899,1.903900
1,2,105.793862,25.485102,2.684300,25.506901,1.853700
1,2,105.820787,26.924800,2.529600,27.121599,1.934200
1,2,105.843990,23.203697,2.807900,23.072399,1.875200
1,2,105.871320,27.329303,2.454000,27.218201,1.728300
1,2,105.893689,22.368897,2.592900,22.294701,1.548700
1,2,105.920361,26.672103,2.660400,26.873600,1.939600
1,2,105.942343,21.981899,2.578100,22.210100,2.113800
1,2,105.972293,29.949900,2.081400,29.461901,1.662700
1,2,105.996140,23.846999,2.621900,24.011999,1.688500
1,2,106.023324,27.184501,2.478900,27.248899,1.479300
1,2,106.046742,23.417402,2.306100,23.472601,2.765900
1,2,106.073297,26.555698,2.617000,26.700600,1.759600
1,2,106.100088,26.791099,2.150600,26.244900,2.249300
1,2,106.125727,25.638800,3.624200,26.049801,1.966400
1,2,106.154254,28.526999,2.607400,28.513901,2.141800
1,2,106.178777,24.522703,2.413700,24.100401,1.784600
1,2,106.206218,27.440898,2.702300,27.871000,1.734600
1,2,106.227819,21.601502,2.318900,21.412300,1.808000
1,2,106.255344,27.524699,2.573300,27.313299,2.255700
1,2,106.278531,23.187499,2.792600,22.468100,1.807000
1,2,106.306421,27.889300,3.367700,28.811800,1.763500
1,2,106.329462,23.040902,2.544200,23.084000,1.746800
1,2,106.356383,26.921399,2.475400,26.857700,1.663800
1,2,106.385348,28.964799,2.556100,29.180099,1.783400
1,2,106.409576,24.227902,2.336400,23.759701,2.036000
1,2,106.435390,25.814097,2.836800,25.993799,2.110900
1,2,106.461221,25.831401,2.880800,25.587500,2.222900
1,2,106.488399,27.177900,2.779600,27.313700,1.922100
1,2,106.511798,23.399301,2.701500,23.332500,2.207600
1,2,106.540358,28.559599,2.676200,28.651699,1.719000
1,2,106.563771,23.413301,2.623300,23.323601,2.042700
1,2,106.594146,30.374497,2.862700,30.395201,2.068800
1,2,106.622887,28.741103,2.682100,28.742100,1.946500
1,2,106.647394,24.506997,2.951700,24.840401,1.790100
1,2,106.676447,29.053502,2.189000,28.400400,1.874100
1,2,106.701452,25.004402,3.049400,25.210600,2.137900
1,2,106.728621,27.168997,2.666300,27.243700,1.601700
1,2,106.757213,28.592303,2.526700,28.275400,1.668300
1,2,106.780185,22.971999,2.113400,23.031200,1.810300
1,2,106.809203,29.017597,2.935300,29.363501,2.296200
1,2,106.834266,25.063302,2.429600,25.020300,2.076100
1,2,106.860991,26.725199,2.719100,26.470100,2.334600
1,2,106.889001,28.009601,2.729600,28.340700,2.139400
1,2,106.911057,22.056300,2.290300,22.049000,1.946200
1,2,106.935605,24.547998,2.635700,24.537100,1.667900
1,2,106.962300,26.694603,2.233900,26.731400,1.759500
1,2,106.989110,26.810598,2.269700,26.928200,1.421300
1,2,107.013163,24.052799,2.065700,23.449100,1.367500
1,2,107.037038,23.875203,2.782800,24.180401,2.140100
1,2,107.064061,27.022600,2.476100,27.102699,1.990700
1,2,107.091913,27.851999,2.323100,27.589500,2.340500
1,2,107.116103,24.190299,2.695700,24.579399,1.682200
1,2,107.143423,27.320001,2.053300,27.094700,1.781200
1,2,107.171587,28.163899,2.506700,28.027901,2.009100
1,2,107.195915,24.327900,2.673100,24.351000,1.611000
1,2,107.223792,27.876601,2.415900,27.990801,2.128200
1,2,107.253333,29.541899,2.187300,29.636000,1.711300
1,2,107.277341,24.007402,2.318100,23.828699,1.940000
1,2,107.305133,27.792498,2.391500,27.120701,1.781500
1,2,107.327232,22.098999,3.068200,22.685101,1.535300
1,2,107.354298,27.065501,2.711600,27.077600,1.940400
1,2,107.378702,24.403900,2.562200,24.201300,1.788800
1,2,107.405890,27.187999,2.474500,27.325399,1.812000
1,2,107.430748,24.858300,2.558200,24.831900,1.628800
1,2,107.459629,28.881103,2.300900,29.109600,1.924000
1,2,107.485466,25.837298,2.139500,25.814400,2.172200
1,2,107.511233,25.766499,2.701100,25.447300,1.839500
1,2,107.538261,27.028199,2.549100,27.406200,1.645700
1,2,107.560619,22.357900,2.178400,22.216499,1.701400
1,2,107.587914,27.294900,2.353100,27.309999,1.898600
1,2,107.610829,22.915002,2.490600,22.767099,1.920700
1,2,107.639842,29.013000,2.613400,29.278000,1.792900
1,2,107.669651,29.808600,2.471700,29.467400,2.288600
1,2,107.691903,22.252601,2.502900,22.535601,1.787900
1,2,107.718878,26.974898,2.131100,26.669500,2.012200
1,2,107.743852,24.974000,2.573600,24.997900,1.785500
1,2,107.772160,28.308101,2.581700,28.249901,2.426500
1,2,107.794604,22.443902,2.691400,22.275299,1.930700
1,2,107.822862,28.258000,2.985400,28.592400,1.919500
1,2,107.845841,22.978898,2.514700,22.638399,1.920100
1,2,107.875641,29.800400,2.880200,29.962601,1.834900
1,2,107.901495,25.853701,2.721000,25.771299,1.751300
1,2,107.926442,24.946600,2.373100,24.830500,1.652500
1,2,107.949174,22.732798,3.072200,22.803101,2.096700
1,2,107.978112,28.937403,2.777200,28.453100,1.776900
1,2,108.004787,26.675399,3.166800,27.142401,1.894600
1,2,108.027869,23.081798,2.792700,22.936399,1.599100
1,2,108.059603,31.733703,2.990600,31.453699,2.308400
1,2,108.081519,21.916199,3.380500,22.296400,1.708900
1,2,108.108726,27.207300,2.859700,27.492701,2.352800
1,2,108.135615,26.888900,2.378500,26.398899,1.949200
1,2,108.162338,26.722997,2.610300,26.885099,1.825500
1,2,108.189850,27.512200,2.482400,27.492500,2.128600
1,2,108.214491,24.640702,2.503700,24.520500,2.038600
1,2,108.241735,27.244400,2.708700,27.182699,1.722200
1,2,108.264836,23.100801,2.712800,23.190001,1.802400
1,2,108.293167,28.330699,2.695200,28.464800,1.792700
1,2,108.320203,27.036302,2.387900,26.931400,2.184000
1,2,108.343153,22.950199,2.545500,22.895399,2.018200
1,2,108.365924,22.770200,2.603500,22.849701,1.645700
1,2,108.394568,28.643999,2.406600,28.694300,1.613800
1,2,108.421489,26.920900,2.692700,26.868900,2.095800
1,2,108.444326,22.837803,2.322000,22.551701,2.281400
1,2,108.473367,29.040899,2.776300,29.362000,1.925300
1,2,108.499867,26.499499,2.402400,26.400400,2.012400
1,2,108.524626,24.759699,2.452000,25.149000,1.431500
1,2,108.548198,23.571003,1.967100,23.397699,1.674600
1,2,108.576479,28.281599,2.203500,28.191099,1.514300
1,2,108.603675,27.196299,2.368100,27.227800,1.558500
1,2,108.628027,24.351101,2.372400,23.915501,1.796800
1,2,108.658675,30.648798,2.702700,30.882000,2.129300
1,2,108.683993,25.317702,2.485800,25.320700,2.150600
1,2,108.711486,27.493298,2.269400,27.277300,1.536500
1,2,108.739714,28.227899,2.676600,28.388000,1.912600
1,2,108.764234,24.520200,2.616600,24.530001,1.665600
1,2,108.791367,27.132701,2.435300,27.339100,1.795900
1,2,108.821613,30.245699,2.091200,29.717300,1.587200
1,2,108.845662,24.049100,2.762600,24.161600,1.890200
1,2,108.873432,27.770501,2.443500,27.844500,1.925000
1,2,108.897959,24.526700,2.489400,24.533800,1.864700
1,2,108.925210,27.251400,2.514700,27.567101,1.855100
1,2,108.950721,25.510602,2.037100,25.442699,1.763300
1,2,108.976933,26.211798,2.367200,26.230400,1.933500
1,2,109.004776,27.843002,2.124000,27.595400,2.086400
1,2,109.028874,24.097700,2.631700,23.795700,2.215400
1,2,109.057365,28.490998,2.769300,28.801100,1.805700
1,2,109.081793,24.428099,2.347200,23.803101,1.834200
1,2,109.109938,28.144903,2.934500,28.669600,1.729800
1,2,109.140254,30.316398,2.640200,30.003401,2.151200
1,2,109.170698,30.444499,3.103100,30.937000,2.065800
1,2,109.198648,27.949303,2.613300,27.298201,2.001000
1,2,109.226605,27.957097,3.366400,28.274000,2.409700
1,2,109.255783,29.178303,2.653700,29.416901,2.612600
1,2,109.280803,25.019798,2.940600,24.959400,1.837900
1,2,109.312445,31.642001,2.314600,31.584700,1.962600
1,2,109.339880,27.435299,2.290000,27.162201,1.655800
1,2,109.364727,24.846699,2.526900,25.338600,1.677700
1,2,109.394905,30.177802,2.122200,29.806601,1.541000
1,2,109.424291,29.386699,2.521500,29.496901,1.598400
1,2,109.447400,23.108002,2.343000,23.113701,1.880800
1,2,109.476808,29.408798,2.375800,29.076700,1.973100
1,2,109.506227,29.418599,2.769500,29.474600,1.998200
1,2,109.530962,24.734803,3.328500,24.906401,1.901100
1,2,109.562551,31.589098,2.663100,31.232700,2.063200
1,2,109.591376,28.824802,3.061100,29.273199,2.144300
1,2,109.621700,30.324500,2.462700,29.941700,1.807700
1,2,109.644699,22.998698,2.981700,22.910299,1.774600
1,2,109.674802,30.103400,2.952200,30.346399,2.207200
1,2,109.697260,22.457901,2.580300,22.438601,1.710800
1,2,109.723980,26.720200,2.218200,26.772699,1.669400
1,2,109.746836,22.856098,2.493300,22.752100,1.580700
1,2,109.776971,30.134201,2.625200,30.212200,1.471700
1,2,109.805908,28.937001,2.570000,28.748199,2.322800
1,2,109.828518,22.609901,2.959000,22.509300,1.448900
1,2,109.855463,26.945397,2.756000,27.401501,2.145700
1,2,109.878697,23.234501,2.355900,22.927700,1.708900
1,2,109.906663,27.965501,2.676200,27.930799,1.701100
1,2,109.936928,30.265298,2.604700,29.996300,1.985600
1,2,109.959280,22.351403,2.891500,22.812201,1.532300
1,2,109.989083,29.803798,2.521100,29.556499,1.765000
1,2,110.011726,22.642203,2.949400,22.455799,1.712800
1,2,110.039833,28.106999,3.208600,28.602900,1.677000
1,2,110.064706,24.873298,2.381100,24.952499,1.363900
1,2,110.093177,28.471302,2.250700,28.116301,1.843700
1,2,110.122129,28.951399,2.512700,29.139099,1.870300
1,2,110.145074,22.945900,2.460400,22.805099,1.718100
1,2,110.172592,27.517103,2.710400,27.660400,2.222800
1,2,110.197263,24.670999,2.541800,24.489901,1.851600
1,2,110.225983,28.720699,2.660300,28.698799,1.760100
1,2,110.249052,23.068700,2.573400,23.018801,1.762600
1,2,110.278768,29.715501,2.523900,29.416500,1.680700
1,2,110.302951,24.183299,2.790400,24.437901,2.164700
1,2,110.332818,29.867198,2.577600,25.585899,1.736500
1,2,110.357202,24.383802,6.921200,28.542000,2.476400
1,2,110.379869,22.667501,2.809500,22.326401,1.905800
1,2,110.410846,30.976299,3.015400,30.803200,2.288600
1,2,110.433551,22.705700,3.288600,23.427900,2.022900
1,2,110.461282,27.730700,2.500700,27.446600,1.736400
1,2,110.484189,22.907298,3.178700,23.094900,1.876600
1,2,110.512192,28.002601,2.544900,27.616199,1.916300
1,2,110.539768,27.575999,2.974400,27.316999,1.773000
1,2,110.563945,24.177600,3.146400,24.996000,1.752900
1,2,110.592481,28.535903,2.739000,28.171200,2.052400
1,2,110.619499,27.017999,2.691900,27.001499,2.345100
1,2,110.647631,28.131697,2.855900,27.806700,2.359100
1,2,110.676249,28.618101,3.198100,28.975800,2.021600
1,2,110.705381,29.131599,3.288600,29.037001,2.543300
1,2,110.729964,24.583101,3.212000,24.516199,2.304300
1,2,110.758801,28.836899,3.028600,28.402901,2.281100
1,2,110.782849,24.047900,3.185100,24.381800,2.804400
1,2,110.811048,28.199401,3.108300,28.523500,1.933400
1,2,110.839009,27.961202,3.073000,27.810600,2.193700
1,2,110.862727,23.717899,2.847700,23.835899,2.325500
1,2,110.890815,28.087899,2.639300,28.097700,2.205000
1,2,110.912896,22.080902,2.609500,21.976101,1.811100
1,2,110.939996,27.100299,2.696600,27.285500,2.357600
1,2,110.962916,22.919502,2.749400,22.676600,1.751800
1,2,110.990259,27.342800,2.651200,27.264000,1.876000
1,2,111.013311,23.052298,2.675900,23.027100,1.794900
1,2,111.041513,28.201900,2.665900,28.322201,2.013700
1,2,111.064314,22.801701,2.519500,22.530899,1.900400
1,2,111.090869,26.554998,2.892000,26.998100,1.922200
1,2,111.115482,24.612803,2.354100,24.555300,2.215600
1,2,111.142124,26.641399,2.278200,26.583099,2.009700
1,2,111.168114,25.990602,2.260700,25.827299,1.920100
1,2,111.196517,28.402999,2.844500,28.240801,2.000900
1,2,111.224081,27.563401,2.869600,27.429100,2.240900
1,2,111.248224,24.143599,3.371700,24.374599,1.988700
1,2,111.275351,27.126800,3.022400,26.987200,2.352000
1,2,111.300224,24.873000,2.941000,25.182501,2.079400
1,2,111.329191,28.967399,3.341100,28.454500,2.103000
1,2,111.355859,26.667401,3.263800,27.062401,2.600400
1,2,111.380565,24.706200,2.977400,24.784201,2.175500
1,2,111.409828,29.263001,2.732500,28.944700,1.793000
1,2,111.437879,28.050900,2.872800,28.001801,2.082000
1,2,111.461655,23.775898,3.126200,24.074900,1.957200
1,2,111.488622,26.967499,2.729100,26.948700,2.219800
1,2,111.510904,22.281300,2.815800,22.339500,2.187500
1,2,111.539175,28.270803,2.722600,28.249399,1.928400
1,2,111.564436,25.261000,2.759600,25.256701,2.131800
1,2,111.593120,28.684597,2.640500,28.560900,1.918700
1,2,111.620956,27.835902,2.756200,27.929300,1.710900
1,2,111.642277,21.321397,2.784100,21.298901,2.008900
1,2,111.673506,31.228203,2.311600,31.267099,2.289900
1,2,111.697085,23.579098,2.630300,23.392401,2.188200
1,2,111.724933,27.848799,2.896000,27.775200,1.866600
1,2,111.753711,28.777502,2.690900,28.773500,2.308700
1,2,111.777501,23.790300,2.604100,23.635799,2.691600
1,2,111.802519,25.017899,2.875600,25.042900,1.855700
1,2,111.827874,25.355000,2.805400,25.613001,2.193900
1,2,111.858717,30.842502,2.639700,30.729900,2.208400
1,2,111.882167,23.450699,2.658700,23.712799,1.743100
1,2,111.912608,30.440502,2.359600,30.039600,1.892200
1,2,111.940581,27.972799,3.193500,28.133499,2.070300
1,2,111.963613,23.031801,3.487200,22.643999,1.957700
1,2,111.991854,28.241199,3.022100,28.724001,1.860000
1,2,112.021429,29.575098,2.640600,29.001301,2.091400
1,2,112.045016,23.587402,3.216700,23.920900,1.822200
1,2,112.074230,29.214200,2.840900,29.056101,1.921400
1,2,112.096324,22.093602,3.123800,22.306299,1.991000
1,2,112.124968,28.644100,2.744300,28.673500,2.150000
1,2,112.148367,23.398999,2.780900,23.233900,1.838700
1,2,112.177567,29.199798,2.689000,28.954201,1.738900
1,2,112.205193,27.626101,2.966100,28.112600,2.200500
1,2,112.228256,23.062799,2.544200,22.661900,1.755100
1,2,112.255086,26.830502,2.729400,27.268101,1.884900
1,2,112.278198,23.111600,2.271800,22.648300,1.453000
1,2,112.305721,27.523201,2.781600,27.788799,1.687600
1,2,112.328260,22.539400,2.772400,22.519899,1.740700
1,2,112.356006,27.745999,2.456600,27.328300,1.870300
1,2,112.380661,24.654198,2.919100,24.845400,1.797700
1,2,112.407016,26.355602,2.745500,26.694201,1.606600
1,2,112.429958,22.941601,2.277300,23.033300,1.609000
1,2,112.456825,26.867498,2.323300,26.803400,1.667600
1,2,112.482180,25.354501,2.293600,25.278601,1.841800
1,2,112.509730,27.550001,2.401000,27.526800,1.899500
1,2,112.538064,28.333701,2.327000,28.319099,2.039700
1,2,112.562316,24.252497,2.744500,23.969299,2.364300
1,2,112.589610,27.293403,2.615000,27.612801,1.816300
1,2,112.614340,24.730299,2.299300,24.699600,2.005800
1,2,112.641986,27.645901,2.449300,27.824499,1.772000
1,2,112.666671,24.685398,2.096000,24.453501,1.798600
1,2,112.697274,30.602600,2.322500,29.917900,2.088700
1,2,112.725657,28.383002,3.746300,29.276600,2.025800
1,2,112.749057,23.400500,2.313900,23.172199,1.980800
1,2,112.777738,28.680701,2.515500,28.458700,1.715100
1,2,112.805010,27.272098,2.748800,27.188801,2.139700
1,2,112.829152,24.141602,3.359700,24.053900,1.748400
1,2,112.856898,27.746398,2.860000,27.969400,2.018600
1,2,112.878762,21.864101,3.007900,21.664400,2.026700
1,2,112.906000,27.237598,2.698300,27.448400,1.925300
1,2,112.930574,24.574101,2.466300,24.678400,1.844100
1,2,112.957560,26.985999,2.377600,26.676500,1.911700
1,2,112.982527,24.967402,2.726700,25.408199,1.887700
1,2,113.010578,28.051000,2.260600,27.586500,1.723500
1,2,113.032988,22.409700,2.557200,22.775200,1.726800
1,2,113.060939,27.950797,2.383300,27.798800,1.827900
1,2,113.090980,30.041102,2.553900,29.824699,2.192900
1,2,113.113997,23.017198,2.626800,22.931200,1.880100
1,2,113.142191,28.193902,3.120900,28.700001,1.535700
1,2,113.172417,30.226298,2.090800,29.806400,1.709100
1,2,113.195800,23.382600,2.288900,22.914900,1.982300
1,2,113.223730,27.930401,3.020000,28.157499,2.067300
1,2,113.247453,23.722999,2.722400,23.910801,1.658200
1,2,113.277887,30.433901,2.543700,30.197599,1.774700
1,2,113.305462,27.574502,2.878700,28.015800,1.804500
1,2,113.331077,25.615700,2.467600,24.490000,1.868500
1,2,113.359059,27.981598,3.632000,28.972799,2.140800
1,2,113.388580,29.520802,2.712000,29.488001,2.014800
1,2,113.414740,26.159801,3.037500,26.126699,1.963800
1,2,113.444239,29.499996,2.345200,29.311600,2.001500
1,2,113.476608,32.368802,2.460700,32.256802,1.947300
1,2,113.501292,24.683900,3.172900,24.923300,2.410700
1,2,113.530224,28.932199,2.610800,28.845200,1.935600
1,2,113.561531,31.306501,2.501800,30.446800,2.223500
1,2,113.591203,29.671799,3.632800,30.520901,2.566000
1,2,113.615851,24.648800,2.929700,24.510300,1.963300
1,2,113.644632,28.780501,2.682700,28.382999,2.088800
1,2,113.669204,24.571598,3.238300,24.680500,2.014200
1,2,113.699266,30.062202,3.074100,30.338699,2.919100
1,2,113.727209,27.942900,2.865500,27.985500,1.948800
1,2,113.756183,28.974198,2.712700,29.006500,2.069700
1,2,113.780543,24.360102,2.784100,24.338301,2.022000
1,2,113.810384,29.841401,2.776500,29.605600,1.997100
1,2,113.837444,27.059499,2.961200,27.230200,2.006500
1,2,113.860843,23.399301,2.606000,23.092699,2.055600
1,2,113.888035,27.191699,2.872000,27.737200,1.974000
1,2,113.911940,23.905098,2.230300,23.580299,1.876200
1,2,113.940969,29.028703,2.516000,29.199600,1.822600
1,2,113.965804,24.835799,2.637300,24.850901,1.783100
1,2,113.993877,28.072700,2.529500,27.860701,1.642200
1,2,114.022771,28.893501,2.506300,28.985399,2.106800
1,2,114.045547,22.776600,2.536900,22.425100,1.832900
1,2,114.073191,27.643599,2.890000,28.042500,2.234900
1,2,114.098021,24.830200,2.344600,24.529499,1.547100
1,2,114.126717,28.695602,2.636400,28.948299,1.463600
1,2,114.154645,27.927898,2.786200,28.115000,1.845800
1,2,114.181210,26.565302,2.555700,25.938200,1.883900
1,2,114.210367,29.156800,2.852500,29.483101,2.004100
1,2,114.232913,22.546601,2.483600,22.582600,2.037100
1,2,114.260615,27.702000,2.601500,27.758801,1.529300
1,2,114.288067,27.451899,2.696600,27.462299,2.037400
1,2,114.311225,23.157399,2.456900,22.780800,2.068400
1,2,114.338704,27.479399,2.716500,27.878799,1.813300
1,2,114.361470,22.765800,2.322900,22.708000,1.545000
1,2,114.391068,29.598299,2.481700,29.215401,1.599300
1,2,114.413466,22.398300,2.795500,22.754601,1.522400
1,2,114.442005,28.538302,2.485600,28.453199,1.898300
1,2,114.472019,30.013900,2.582100,29.924299,2.035700
1,2,114.494164,22.145398,3.214300,22.343201,1.879500
1,2,114.519760,25.595900,2.562200,25.508101,2.233900
1,2,114.546120,26.360303,2.888900,25.174200,2.004000
1,2,114.573084,26.963498,3.635700,27.854900,1.904300
1,2,114.598874,25.789998,2.739300,25.414499,2.022800
1,2,114.626999,28.125800,3.353400,28.401300,2.421700
1,2,114.654085,27.085103,3.191800,27.346001,1.773400
1,2,114.681093,27.008899,3.061200,26.957100,1.959700
1,2,114.709723,28.629400,2.529200,28.415701,1.748100
1,2,114.737800,28.076999,2.703100,28.228800,1.588200
1,2,114.760367,22.566702,2.648700,22.475100,1.820000
1,2,114.787576,27.209099,2.505400,27.331100,1.848900
1,2,114.810093,22.517599,2.589000,22.486500,1.712200
1,2,114.839443,29.350102,2.476800,29.336700,2.680900
1,2,114.863731,24.288099,2.541400,24.177900,1.912200
1,2,114.892007,28.275400,2.559000,28.520599,1.417300
1,2,114.919846,27.839098,2.141400,27.929899,1.509800
1,2,114.942451,22.605199,2.060600,22.538099,1.476300
1,2,114.970518,28.067201,2.191600,27.799601,1.641600
1,2,114.993645,23.126598,2.481300,23.250799,1.676300
1,2,115.021736,28.091401,2.308300,27.841900,1.636100
1,2,115.044670,22.933200,3.390400,22.842600,1.459700
1,2,115.073341,28.671201,2.798900,29.147499,1.684900
1,2,115.096978,23.636799,2.244600,23.281601,1.451900
1,2,115.123508,26.530501,2.460300,26.845200,1.729200
1,2,115.146774,23.266099,2.157800,22.966900,1.824200
1,2,115.176202,29.427402,2.482100,29.125500,1.815800
1,2,115.198716,22.514597,3.053400,23.012100,1.771900
1,2,115.226829,28.112303,2.440300,27.950899,1.701300
1,2,115.255512,28.683398,2.482200,28.727600,1.682400
1,2,115.278431,22.918802,3.572400,22.647499,2.311400
1,2,115.308262,29.831499,2.846100,29.960400,1.809800
1,2,115.330777,22.515301,2.436000,22.752300,1.793800
1,2,115.362439,31.661998,2.391100,28.583700,1.724800
1,2,115.389261,26.821900,5.220800,29.341299,1.474300
1,2,115.412475,23.213699,3.074300,22.891500,1.747600
1,2,115.438724,26.249100,3.081500,26.932501,2.060000
1,2,115.461668,22.943702,2.416000,22.544800,1.684300
1,2,115.488925,27.257498,2.872400,27.341101,1.816500
1,2,115.511539,22.613801,2.744800,22.851601,1.563400
1,2,115.535774,24.235200,2.569600,24.283001,1.984100
1,2,115.561386,25.611602,2.420400,25.441799,1.595600
1,2,115.590396,29.010098,2.617800,28.615000,2.095800
1,2,115.612214,21.818202,3.101100,22.235800,1.781900
1,2,115.640678,28.463900,3.185500,28.717600,1.642500
1,2,115.665242,24.563897,2.218000,23.922800,1.571000
1,2,115.691566,26.323799,3.673100,26.697399,2.168500
1,2,115.714917,23.351602,2.451100,23.244200,1.482700
1,2,115.743559,28.641898,2.759300,28.747700,1.728400
1,2,115.772078,28.518800,2.754800,28.518000,1.720100
1,2,115.794398,22.320103,2.482300,22.397200,1.602500
1,2,115.817675,23.276597,2.540300,23.033100,2.130100
1,2,115.845293,27.618501,2.910700,27.955500,1.609700
1,2,115.873449,28.155401,2.212000,27.817699,2.077900
1,2,115.896397,22.948097,2.758500,23.170799,1.580800
1,2,115.919270,22.872802,3.167900,23.059799,1.727200
1,2,115.947827,28.556999,2.140400,27.281601,1.651300
1,2,115.974430,26.603401,3.465700,27.350100,1.629800
1,2,115.998633,24.203099,2.581400,24.236300,1.970600
1,2,116.026692,28.058700,2.502900,28.001499,1.695600
1,2,116.050924,24.232000,2.636100,24.681900,2.010600
1,2,116.080114,29.189602,2.800100,28.909100,1.883000
1,2,116.108728,28.614599,2.724300,28.673700,1.920100
1,2,116.131879,23.150899,2.941800,23.277399,1.687400
1,2,116.162453,30.574102,2.508500,30.335400,1.718300
1,2,116.185502,23.048900,2.572000,22.976999,2.050000
1,2,116.214542,29.039800,2.843800,28.821600,2.085200
1,2,116.242247,27.705397,2.944400,28.218901,1.998600
1,2,116.265932,23.685001,2.405000,23.493099,2.080700
1,2,116.294614,28.681599,2.755800,28.076599,1.790100
1,2,116.322326,27.711801,3.236300,28.023500,2.189100
1,2,116.344785,22.459399,3.027200,22.667601,1.746700
1,2,116.373639,28.853703,2.480100,28.580500,1.775600
1,2,116.396202,22.563197,2.791900,23.037201,1.549800
1,2,116.423275,27.073201,2.287500,27.019300,1.782400
1,2,116.445981,22.706199,2.242100,22.453199,1.552800
1,2,116.474494,28.512903,2.519400,28.624100,2.104100
1,2,116.496910,22.415698,2.372700,22.311199,1.364000
1,2,116.525767,28.857101,2.488100,28.870199,2.055800
1,2,116.548385,22.617999,2.400200,22.733000,1.882600
1,2,116.575093,26.707903,2.246300,26.871599,1.522400
1,2,116.604188,29.094897,2.176500,28.846100,2.029800
1,2,116.627514,23.326401,2.682100,23.040501,1.776300
1,2,116.656778,29.264100,2.795600,29.186701,2.556700
1,2,116.679030,22.251602,3.146600,22.379700,1.741700
1,2,116.708651,29.621299,2.600800,29.842501,1.697200
1,2,116.736826,28.175198,2.343700,27.943199,1.623200
1,2,116.761026,24.199802,2.655100,24.194901,1.570600
1,2,116.791158,30.131899,2.498300,30.185699,2.127500
1,2,116.814095,22.937000,3.612800,22.604900,2.049500
1,2,116.842637,28.541602,3.281800,28.998100,1.839900
1,2,116.870901,28.263897,2.375500,28.332600,1.873000
1,2,116.894065,23.164000,2.163700,23.140301,1.819600
1,2,116.923372,29.307202,2.236600,29.304199,1.733300
1,2,116.945645,22.273000,2.508700,22.365299,1.893300
1,2,116.973158,27.513400,2.197700,27.412800,1.713700
1,2,116.998139,24.980798,2.329300,24.808701,1.491900
1,2,117.025203,27.064502,2.531800,26.855499,1.503400
1,2,117.047933,22.729099,2.658700,22.708099,1.546000
1,2,117.075933,28.000299,2.821100,28.163900,1.706700
1,2,117.101187,25.254201,2.504900,25.208200,1.775300
1,2,117.128796,27.609199,2.714200,27.691000,1.560800
1,2,117.157767,28.970402,2.537400,28.743299,2.128700
1,2,117.181616,23.848999,2.941700,23.950800,1.903000
1,2,117.210203,28.587099,2.622900,28.488701,2.129200
1,2,117.238071,27.868502,2.592500,27.841499,2.111300
1,2,117.264754,26.683100,2.651800,26.684601,1.976300
1,2,117.292933,28.178800,2.609700,28.412701,1.794100
1,2,117.316921,23.988299,2.406600,23.767000,2.022600
1,2,117.347827,30.905299,2.685300,30.858200,1.596200
1,2,117.377188,29.360902,2.580300,29.446600,1.826500
1,2,117.407295,30.107699,2.586800,29.181999,1.742400
1,2,117.429914,22.618901,3.727400,24.007299,1.918300
1,2,117.457830,27.915999,2.311300,27.667900,1.603700
1,2,117.481308,23.478102,2.330700,23.410900,1.669400
1,2,117.512297,30.988798,2.593500,30.783701,2.049300
1,2,117.539651,27.353499,2.591200,27.376600,1.977800
1,2,117.563666,24.014901,2.775700,24.173300,1.762100
1,2,117.594687,31.020902,2.699300,31.108801,2.302800
1,2,117.617270,22.583697,2.648300,22.393000,2.024400
1,2,117.645073,27.802601,2.599000,27.860901,1.622800
1,2,117.672960,27.887002,2.547300,28.125000,1.887600
1,2,117.697906,24.946697,2.306700,24.356300,1.783700
1,2,117.725035,27.129002,2.769600,27.450800,1.880300
1,2,117.749892,24.856798,2.363400,24.704300,1.835700
1,2,117.778974,29.081300,2.820100,28.851801,1.717300
1,2,117.805658,26.684102,2.865900,26.816700,2.161600
1,2,117.830121,24.462800,2.661300,24.725800,1.755200
1,2,117.856924,26.803900,2.390600,26.896400,1.805400
1,2,117.879659,22.735100,2.458300,22.435600,1.493100
1,2,117.906735,27.075298,2.539100,27.299400,2.011800
1,2,117.929442,22.706799,2.333700,22.503700,2.107800
1,2,117.957045,27.603000,2.511600,27.385401,1.957200
1,2,117.979827,22.782203,2.639800,22.926901,1.397300
1,2,118.007236,27.409099,2.573000,27.366800,1.862300
1,2,118.031337,24.101399,2.764500,24.313299,2.207200
1,2,118.058640,27.302202,2.493400,27.244499,1.669000
1,2,118.087799,29.159799,2.188400,29.085600,2.122600
1,2,118.111969,24.169799,2.633400,23.937099,2.154500
1,2,118.138408,26.439101,3.070200,26.871700,1.714500
1,2,118.161787,23.378901,2.194000,22.916500,1.840200
1,2,118.189982,28.195098,2.899200,28.460300,2.729300
1,2,118.212924,22.941802,2.638900,22.778099,1.607900
1,2,118.240346,27.421698,2.870800,27.381399,2.366900
1,2,118.262764,22.418700,2.677900,22.552500,1.608000
1,2,118.289983,27.218301,2.489000,27.254400,1.851300
1,2,118.313179,23.196500,2.498600,23.040400,1.954900
1,2,118.341479,28.299600,2.636800,27.814199,2.095400
1,2,118.364657,23.177899,3.027600,24.070000,1.629200
1,2,118.394230,29.573601,2.102600,29.184799,1.592700
1,2,118.418567,24.336800,2.296400,24.395500,1.579400
1,2,118.444515,25.947500,2.310600,25.842800,1.791100
1,2,118.472232,27.717702,2.569900,27.758301,1.707200
1,2,118.495577,23.345098,2.390600,23.454901,1.453300
1,2,118.522701,27.124099,2.911100,27.224600,2.136400
1,2,118.545884,23.182102,2.207500,22.481400,1.834500
1,2,118.574533,28.649800,2.788900,29.337500,1.949400
1,2,118.598177,23.643401,2.260000,23.283199,1.667300
1,2,118.626878,28.700899,2.554100,28.882000,1.623400
1,2,118.649727,22.849400,2.245700,22.956301,1.992800
1,2,118.681322,31.594899,2.163200,30.535000,1.602100
1,2,118.708107,26.785001,3.221200,27.449800,2.185300
1,2,118.732112,24.005000,2.924900,24.523300,1.891100
1,2,118.761742,29.629800,2.373000,29.085800,1.846200
1,2,118.785579,23.837402,2.519600,24.174700,1.548500
1,2,118.811452,25.873099,2.214700,25.628799,1.703600
1,2,118.838379,26.926499,2.378700,27.103399,1.863000
1,2,118.862707,24.328001,2.253000,24.309601,1.824400
1,2,118.893776,31.069700,2.373800,30.641300,2.079400
1,2,118.924075,30.298699,3.007300,30.391701,2.034800
1,2,118.948735,24.659403,2.733000,24.939301,1.975500
1,2,118.977063,28.328799,2.319600,28.207300,2.216500
1,2,119.005057,27.993802,2.220500,27.668400,1.644200
1,2,119.029161,24.103399,2.708600,24.553801,1.820300
1,2,119.058046,28.885599,2.530300,28.693399,2.102300
1,2,119.080117,22.071000,2.566400,22.322399,1.765500
1,2,119.108667,28.550100,2.133000,28.243099,1.973400
1,2,119.130947,22.279799,2.870300,22.214600,1.746400
1,2,119.160018,29.070999,2.778400,28.946400,1.764500
1,2,119.185427,25.408901,3.060800,25.328400,2.071100
1,2,119.210268,24.840802,3.369500,25.114599,1.784600
1,2,119.238594,28.326299,2.845500,28.239401,1.749100
1,2,119.264502,25.907699,2.453400,25.201700,1.484000
1,2,119.289477,24.974801,3.066200,26.071199,1.865500
1,2,119.314334,24.857201,1.863300,24.308701,1.846900
1,2,119.341174,26.840400,2.902100,27.096300,1.542200
1,2,119.364881,23.706798,2.318000,23.965200,2.005200
1,2,119.395370,30.488800,1.922200,28.844000,1.508400
1,2,119.416332,20.962600,4.162900,22.185400,1.978600
1,2,119.444958,28.625600,3.036000,28.843100,1.643600
1,2,119.469472,24.514202,2.455400,24.372601,1.916300
1,2,119.497023,27.550701,2.337900,27.566299,1.890300
1,2,119.525855,28.832398,2.494400,28.954300,1.900900
1,2,119.548744,22.889100,2.128300,22.860300,1.633800
1,2,119.575714,26.969299,2.134300,26.646601,1.604000
1,2,119.599488,23.774102,2.578500,23.864799,1.680100
1,2,119.625496,26.008300,2.860700,26.247101,1.986500
1,2,119.649765,24.269398,2.244900,24.315399,1.526000
1,2,119.680671,30.905802,3.171400,30.744301,2.357100
1,2,119.709966,29.294398,2.419900,28.979700,2.020000
1,2,119.739401,29.435400,2.741100,29.631599,1.856500
1,2,119.761175,21.773700,2.419300,21.868200,1.578700
1,2,119.789997,28.822102,2.342100,28.857100,1.950300
1,2,119.812964,22.967499,2.356900,22.817801,1.928700
1,2,119.842046,29.081900,2.448400,29.379999,1.848100
1,2,119.866145,24.098299,2.070300,24.042101,1.821600
1,2,119.895476,29.331002,2.256600,29.228600,1.496800
1,2,119.924087,28.611798,2.320600,28.177900,2.081700
1,2,119.947476,23.388803,2.766700,23.642700,1.623800
1,2,119.977086,29.609397,2.414400,29.517099,1.659300
1,2,120.002503,25.417201,2.962100,25.431900,1.921100
1,2,120.027946,25.443502,2.585900,25.274799,1.796600
1,2,120.052386,24.439700,2.613700,24.496099,1.705300
1,2,120.079777,27.391098,2.689500,27.422400,1.520100
1,2,120.108781,29.003799,2.429400,28.886000,1.718500
1,2,120.132146,23.365002,2.793800,23.204100,1.772900
1,2,120.162254,30.108400,3.131000,29.885201,1.859500
1,2,120.191718,29.463299,3.163900,30.060301,2.130300
1,2,120.215517,23.799799,2.376400,23.789400,1.669900
1,2,120.245125,29.607702,2.399600,29.501499,1.977600
1,2,120.272350,27.224697,2.570800,27.347300,2.105900
1,2,120.296213,23.863401,2.186400,23.675900,1.906500
1,2,120.326351,30.137401,2.696200,30.251499,2.056800
1,2,120.355878,29.527698,2.820800,28.992500,2.049200
1,2,120.380525,24.646603,3.113800,23.959101,1.859100
1,2,120.409495,28.970599,3.949000,29.962200,1.993900
1,2,120.439614,30.118600,2.980000,25.441500,2.015800
1,2,120.464433,24.818901,7.724800,29.747900,1.793100
1,2,120.496042,31.609200,2.420900,30.511200,1.925700
1,2,120.524621,28.579198,3.792400,29.247801,2.402600
1,2,120.547458,22.837002,3.379000,22.638700,1.844000
1,2,120.576908,29.449400,3.356500,29.673100,1.908700
1,2,120.608293,31.385001,2.899600,31.399300,2.174000
1,2,120.631218,22.925198,3.014000,22.681400,3.131000
1,2,120.662379,31.161003,3.443100,31.006100,2.221200
1,2,120.697442,35.063200,3.544200,34.878502,2.516200
1,2,120.724611,27.168598,4.149500,27.828600,2.453800
1,2,120.747547,22.936203,2.951400,22.500200,2.124200
1,2,120.780389,32.842297,3.356600,32.852402,2.262300
1,2,120.809779,29.389400,3.142400,29.378599,2.239100
1,2,120.839626,29.847302,3.122600,29.887899,2.081500
1,2,120.862418,22.792101,3.456900,22.778999,1.882800
1,2,120.892134,29.716399,3.570000,30.101801,2.294500
1,2,120.918613,26.478399,3.213700,26.386999,2.006800
1,2,120.945736,27.123101,2.793000,27.121599,1.893300
1,2,120.973560,27.824100,2.612000,27.536200,2.082300
1,2,120.998897,25.336899,3.413900,25.139700,2.212100
1,2,121.027632,28.735500,3.281800,28.323700,1.790600
1,2,121.056011,28.378204,4.218000,28.785200,2.195800
1,2,121.077848,21.837097,3.116100,22.220600,1.911900
1,2,121.102588,24.739902,2.801800,24.725901,2.194500
1,2,121.128201,25.612898,3.000200,25.450001,2.144600
1,2,121.155314,27.113300,2.740500,27.297600,2.000300
1,2,121.179713,24.399500,2.763600,24.201599,2.625600
1,2,121.208263,28.549600,2.709100,28.850700,2.096800
1,2,121.231641,23.378100,2.345800,23.091700,1.892600
1,2,121.258639,26.998401,2.714800,27.064800,2.055300
1,2,121.281161,22.521399,2.632800,22.568800,2.092600
1,2,121.308442,27.281500,2.473400,27.217899,1.678100
1,2,121.331835,23.392402,2.523300,22.532700,1.715200
1,2,121.358786,26.951399,3.594300,27.689400,1.974800
1,2,121.382955,24.169099,2.718400,24.153200,2.110100
1,2,121.412548,29.593199,2.662900,29.441500,1.791700
1,2,121.440961,28.412402,3.023400,28.384800,2.092600
1,2,121.465186,24.225399,2.904900,24.706400,2.010800
1,2,121.493705,28.518800,2.332900,28.362801,1.865000
1,2,121.516984,23.278702,2.395800,23.251699,1.766300
1,2,121.545910,28.926101,2.549500,28.634399,2.145000
1,2,121.575008,29.098198,3.011600,29.147699,2.445500
1,2,121.598646,23.637600,2.744400,23.757200,1.851700
1,2,121.626801,28.155100,2.979900,28.306601,2.177400
1,2,121.650759,23.958001,2.425300,23.811899,2.205100
1,2,121.679784,29.025700,2.573700,29.090099,1.933200
1,2,121.707829,28.044499,2.542300,27.818199,1.909400
1,2,121.731762,23.933101,2.662900,24.098000,2.073300
1,2,121.759054,27.291898,2.558900,26.925600,1.796900
1,2,121.782881,23.827299,2.839800,24.462900,2.040500
1,2,121.811822,28.940801,2.477200,28.532301,1.731800
1,2,121.840591,28.768901,2.698400,28.703100,2.133800
1,2,121.866570,25.978599,3.097100,26.021400,1.851400
1,2,121.895086,28.516803,2.662500,28.372200,1.918600
1,2,121.919822,24.735600,2.966600,24.736700,2.133200
1,2,121.945092,25.270101,2.704100,25.119200,1.932500
1,2,121.972246,27.153797,2.931300,27.442101,1.857600
1,2,121.997003,24.757501,2.556200,24.662800,2.085600
1,2,122.021423,24.419501,2.601400,24.457600,1.826600
1,2,122.048262,26.838899,2.792700,26.459900,2.055600
1,2,122.076031,27.768999,3.136600,28.543699,2.256900
1,2,122.100294,24.263300,2.137100,23.692301,1.895000
1,2,122.128516,28.222401,2.716600,28.481400,2.509200
1,2,122.157365,28.848100,2.657200,28.811199,2.233700
1,2,122.179842,22.477299,2.622400,22.507799,1.825900
1,2,122.207264,27.422000,2.382600,27.455799,2.283900
1,2,122.230772,23.508601,2.443800,22.674500,1.802300
1,2,122.259759,28.986700,3.146900,29.727501,1.820600
1,2,122.287563,27.803600,2.317600,28.122000,1.854900
1,2,122.310461,22.898100,1.944300,22.375200,1.511700
1,2,122.332978,22.517100,2.627000,22.875200,1.644400
1,2,122.361394,28.416499,3.415200,27.600599,1.599400
1,2,122.383563,22.168502,3.310000,23.063499,1.716200
1,2,122.411755,28.191898,2.258000,27.793301,1.711100
1,2,122.441266,29.511001,2.490200,29.706301,1.688800
1,2,122.464706,23.439899,2.519500,22.266199,1.822500
1,3,129.620312,19.660801,3.064200,18.033001,1.933300
