Cycle,Round,WallSeconds,FrameMS,GameBusyMS,RenderBusyMS,RHIBusyMS
1,1,5.150102,27.525302,2.854500,27.363300,2.504800
1,1,5.172368,22.265997,3.493900,22.326799,1.811300
1,1,5.194922,22.553802,3.125700,22.613400,2.068900
1,1,5.221789,26.866999,2.733100,26.889200,1.720500
1,1,5.242806,21.016803,2.669300,21.146099,2.094700
1,1,5.269599,26.793100,2.712600,26.645300,2.332500
1,1,5.291950,22.351198,2.496200,22.431900,2.898900
1,1,5.319153,27.203001,2.515200,27.378500,2.014000
1,1,5.341273,22.119500,2.134600,21.399099,1.976300
1,1,5.362749,21.476202,3.105700,22.009701,2.205900
1,1,5.391587,28.838199,2.354400,28.595800,1.837600
1,1,5.414961,23.374099,2.765100,23.538300,2.355200
1,1,5.441112,26.150402,2.883300,25.660000,1.771100
1,1,5.468307,27.195599,3.057300,27.421499,2.756900
1,1,5.492314,24.006601,2.818400,23.889200,1.876300
1,1,5.519040,26.725799,2.801600,26.920000,2.433800
1,1,5.539092,20.052601,2.704000,20.136999,2.602200
1,1,5.567499,28.407000,2.681300,28.091600,2.578500
1,1,5.588379,20.879898,3.564200,20.891199,2.530000
1,1,5.609947,21.568500,3.467300,22.011600,2.790600
1,1,5.636340,26.392102,3.011300,25.818199,1.891600
1,1,5.660473,24.133500,2.911700,24.087200,2.201200
1,1,5.686389,25.915399,3.207800,26.149900,2.066400
1,1,5.708970,22.581700,3.376500,22.271999,2.373500
1,1,5.731566,22.595301,3.517000,23.018900,2.211900
1,1,5.755029,23.463398,2.722000,23.536301,1.997700
1,1,5.779846,24.817001,2.744000,24.624201,2.064200
1,1,5.803623,23.777097,3.842300,23.886299,2.544600
1,1,5.826271,22.647902,2.826300,22.347099,2.284700
1,1,5.853373,27.101800,3.224500,27.132900,1.801600
1,1,5.877761,24.388500,3.442200,24.514601,2.033400
1,1,5.903117,25.356099,2.643100,25.380600,1.747800
1,1,5.924595,21.477900,2.519800,21.327600,2.077800
1,1,5.946446,21.850400,3.109100,22.338200,2.359600
1,1,5.970864,24.418201,2.483500,24.294901,1.958300
1,1,5.994137,23.273401,2.961200,23.093901,2.076700
1,1,6.020724,26.586600,2.559100,26.712999,1.787300
1,1,6.042658,21.933898,2.216800,21.650499,1.964800
1,1,6.068859,26.200801,2.579000,26.345400,2.030100
1,1,6.091389,22.530198,2.424400,22.411100,1.886800
1,1,6.115956,24.567500,2.580400,24.243000,2.081300
1,1,6.139241,23.285002,2.848600,23.934099,1.972700
1,1,6.169011,29.770199,2.176800,29.018299,1.974100
1,1,6.190652,21.640901,3.167900,22.123199,2.714900
1,1,6.218716,28.064102,2.491000,27.874599,2.452200
1,1,6.241816,23.099598,2.736400,23.401300,1.903900
1,1,6.268647,26.831303,2.541900,26.821199,1.778200
1,1,6.292268,23.621198,2.178900,23.329500,1.843900
1,1,6.317134,24.865102,2.504000,25.303699,2.200300
1,1,6.338864,21.730799,2.037800,21.125500,1.886700
1,1,6.360736,21.871399,2.651400,21.779400,1.845100
1,1,6.387230,26.494600,2.852300,27.059200,2.079500
1,1,6.408719,21.488100,2.169900,21.121799,1.561500
1,1,6.435456,26.737101,2.506600,26.892099,1.940600
1,1,6.456980,21.523997,2.282500,21.319201,1.749100
1,1,6.485108,28.128501,2.606600,28.400999,2.004700
1,1,6.506279,21.171398,2.395800,21.124201,2.618500
1,1,6.527760,21.480802,2.391600,21.003401,2.174700
1,1,6.556223,28.462499,2.983900,28.542601,2.446200
1,1,6.577539,21.316301,2.809000,21.739401,2.642100
1,1,6.601805,24.265900,2.452500,24.280899,1.512300
1,1,6.624701,22.895798,2.025800,22.438299,1.602600
1,1,6.652553,27.852099,2.493800,27.350201,2.023400
1,1,6.675213,22.660200,3.223100,23.156200,2.393600
1,1,6.699781,24.567701,2.762600,25.021999,2.271800
1,1,6.722218,22.436801,2.078300,22.025999,1.697100
1,1,6.744330,22.112899,2.489400,22.117201,2.070200
1,1,6.770359,26.028901,2.538100,25.485800,1.618400
1,1,6.791588,21.228101,2.884100,21.490801,1.859100
1,1,6.818324,26.736397,3.068200,26.910700,1.980700
1,1,6.839730,21.406099,2.719300,21.097601,1.827100
1,1,6.866311,26.580703,2.695800,27.180099,1.740600
1,1,6.888459,22.147898,2.543100,22.103800,1.901500
1,1,6.910580,22.121001,2.197400,21.803801,2.224600
1,1,6.936179,25.599699,2.746500,25.562700,1.455900
1,1,6.958860,22.680901,2.503600,22.820801,1.755100
1,1,6.981619,22.758301,2.592300,22.532600,1.736800
1,1,7.005879,24.260499,2.670500,23.976299,1.726500
1,1,7.032086,26.207499,3.215600,26.529900,1.796300
1,1,7.055418,23.331899,4.513600,23.646900,1.751700
1,1,7.077356,21.938100,2.224600,22.005199,1.756100
1,1,7.109061,31.704202,2.357400,27.022699,1.721600
1,1,7.126929,17.868500,7.004300,21.324400,1.633000
1,1,7.154382,27.452998,3.659400,26.172501,1.666900
1,1,7.174449,20.067301,4.677700,21.981300,2.585400
1,1,7.202833,28.383300,2.998700,28.211000,2.176600
1,1,7.225520,22.687502,3.884100,22.963699,1.478100
1,1,7.252669,27.148698,3.043500,27.230200,1.986900
1,1,7.278205,25.536101,2.858000,24.655199,2.590800
1,1,7.305984,27.778499,3.482900,28.057600,1.882300
1,1,7.335078,29.094599,2.979200,29.422300,1.933500
1,1,7.359803,24.724502,2.769800,24.912100,2.013000
1,1,7.388269,28.466098,2.524900,28.436501,1.748500
1,1,7.414585,26.316300,2.671000,26.337601,2.072300
1,1,7.440526,25.941003,2.591900,24.776600,1.901500
1,1,7.468421,27.894899,3.957200,28.882299,1.929000
1,1,7.491992,23.571000,2.989100,23.230200,2.153100
1,1,7.520905,28.912898,3.356000,29.337400,2.127100
1,1,7.543394,22.489503,2.715900,22.548500,1.807700
1,1,7.571529,28.134499,2.778000,28.100700,1.659900
1,1,7.595084,23.554899,2.497800,23.343399,2.256200
1,1,7.623834,28.750401,2.957600,28.831301,1.550100
1,1,7.646609,22.774398,2.932300,23.056499,2.084300
1,1,7.678813,32.204203,3.065900,31.854700,2.517800
1,1,7.707614,28.801098,2.890200,28.485800,2.038400
1,1,7.733076,25.461800,3.378700,25.724400,2.168500
1,1,7.759019,25.943398,3.243300,26.146601,1.848200
1,1,7.787147,28.127700,2.582900,28.214199,1.710800
1,1,7.811414,24.267700,2.534900,23.928101,1.518400
1,1,7.840212,28.797403,3.002600,28.801901,1.992200
1,1,7.867859,27.647000,2.802000,27.725800,1.922900
1,1,7.893256,25.397100,3.060200,25.405800,1.712700
1,1,7.923792,30.535799,3.026900,30.457600,2.143100
1,1,7.951054,27.261700,3.166200,27.293600,2.207200
1,1,7.973603,22.549998,2.832100,22.604900,1.796300
1,1,8.001351,27.747102,2.842700,27.897900,1.851400
1,1,8.023830,22.479899,2.539500,22.595301,1.760900
1,1,8.053554,29.723100,2.205300,29.523199,2.063700
1,1,8.077231,23.677099,2.751300,23.499701,2.019600
1,1,8.107963,30.732002,2.817900,30.365801,1.945500
1,1,8.134992,27.028799,2.962900,27.591101,1.958700
1,1,8.158277,23.285501,2.705000,22.951000,2.161600
1,1,8.188212,29.934701,2.861500,30.245199,2.358700
1,1,8.211443,23.231599,2.657700,23.332199,2.143000
1,1,8.240337,28.893199,2.435000,28.259800,1.771900
1,1,8.261878,21.541901,3.240900,22.231001,1.956000
1,1,8.292562,30.683998,2.553400,30.368500,1.671000
1,1,8.322650,30.087601,2.478000,29.967501,2.260600
1,1,8.345179,22.529200,2.637100,22.740299,2.034800
1,1,8.374580,29.400501,2.340300,28.705999,1.962500
1,1,8.408051,33.471197,3.167400,32.805801,2.257300
1,1,8.434929,26.878502,4.185100,27.812300,2.061900
1,1,8.460738,25.808301,3.115600,25.892200,1.973900
1,1,8.490647,29.908899,2.993000,30.238800,1.897600
1,1,8.516358,25.711399,2.568300,25.318600,1.915800
1,1,8.545822,29.464200,3.072300,29.066299,1.525900
1,1,8.574478,28.656300,3.267700,28.760099,2.224700
1,1,8.603418,28.939001,3.381700,29.087200,1.949800
1,1,8.626922,23.504600,3.349100,23.285299,2.527600
1,1,8.656988,30.066200,3.685000,30.429300,1.848600
1,1,8.683998,27.009301,3.398600,27.222799,2.405100
1,1,8.708478,24.480399,2.945800,24.256100,2.115700
1,1,8.735669,27.190901,2.735700,27.623600,2.144600
1,1,8.760439,24.769600,2.303900,24.343599,1.777000
1,1,8.789157,28.718397,2.545500,28.556200,2.161400
1,1,8.814836,25.679599,2.747700,26.170900,1.812700
1,1,8.849857,35.020802,2.132100,34.990398,1.612300
1,1,8.874336,24.478599,2.284100,23.604799,1.602400
1,1,8.902125,27.789298,3.371300,28.292400,2.086600
1,1,8.924806,22.680402,2.633200,22.693100,1.476900
1,1,8.951374,26.568700,2.579500,26.831900,1.917700
1,1,8.974518,23.143400,2.275800,23.097200,1.610700
1,1,9.003078,28.560102,2.253700,28.199301,1.858100
1,1,9.026494,23.416199,2.781500,23.065399,2.269100
1,1,9.055368,28.873898,3.944500,28.031300,2.231900
1,1,9.076262,20.893902,4.376500,21.970301,2.229900
1,1,9.103000,26.738100,3.021200,27.343500,1.593500
1,1,9.126525,23.524702,2.287900,22.853901,2.082000
1,1,9.153443,26.918501,2.766100,27.317400,1.700400
1,1,9.179402,25.959298,2.492700,25.431200,1.692900
1,1,9.207002,27.600002,2.899300,27.708900,1.539100
1,1,9.231266,24.263401,2.940100,24.573601,1.702300
1,1,9.256215,24.949197,2.602500,24.819901,2.048300
1,1,9.284517,28.302200,2.507000,28.264999,1.787400
1,1,9.309343,24.825901,2.622900,23.707001,1.531300
1,1,9.336152,26.809201,3.666900,27.948500,1.942300
1,1,9.358548,22.395201,2.866400,22.496000,1.810200
1,1,9.385329,26.781898,2.677600,26.660299,1.786200
1,1,9.409213,23.883700,2.687900,23.743500,1.796000
1,1,9.437654,28.441001,2.486700,28.748100,1.889000
1,1,9.461877,24.223398,2.382100,24.167900,1.894400
1,1,9.490749,28.871402,2.483700,28.586901,1.775400
1,1,9.518123,27.374201,2.909900,27.507999,1.918400
1,1,9.540527,22.403400,2.704200,22.331699,1.596100
1,1,9.565203,24.676297,2.573900,24.606199,1.669100
1,1,9.590809,25.606200,2.673000,25.505600,1.735100
1,1,9.618385,27.575903,2.782700,27.783501,1.981700
1,1,9.641501,23.115698,2.565200,23.107800,1.885300
1,1,9.669036,27.535100,2.930100,27.710501,2.810300
1,1,9.691595,22.559501,2.561600,22.479900,2.073900
1,1,9.717725,26.129398,2.421600,26.250200,1.479400
1,1,9.740363,22.638600,2.201200,22.650900,1.769900
1,1,9.768148,27.785201,2.157700,27.542000,1.976200
1,1,9.793200,25.051400,2.741400,24.708099,1.791400
1,1,9.819622,26.422001,2.789800,26.407600,1.802500
1,1,9.842163,22.541299,2.642100,22.475599,1.807600
1,1,9.869690,27.527098,2.925700,27.661301,2.198400
1,1,9.894221,24.530701,3.035700,24.649300,2.033600
1,1,9.922009,27.788199,2.499600,28.000601,1.815700
1,1,9.950094,28.085303,2.390200,27.890100,1.884100
1,1,9.973171,23.077000,2.901400,22.993900,1.674500
1,1,9.996111,22.939499,2.636000,23.211599,1.757100
1,1,10.024981,28.870597,2.758800,28.146299,1.451300
1,1,10.051449,26.467603,3.042400,26.942101,2.479000
1,1,10.076381,24.931900,2.853200,24.211500,2.225200
1,1,10.104268,27.886700,4.100100,28.442101,1.937100
1,1,10.125831,21.563698,2.800600,21.568701,1.801800
1,1,10.152514,26.683100,2.865700,27.146299,1.839400
1,1,10.178273,25.758803,2.447700,24.981100,1.855700
1,1,10.207190,28.916899,2.926000,29.291800,1.812500
1,1,10.235663,28.472498,2.337400,28.568100,1.718600
1,1,10.258391,22.728302,2.258000,22.467899,1.797000
1,1,10.282061,23.670100,2.721100,24.100000,2.133300
1,1,10.307286,25.224999,2.262900,24.948700,1.797100
1,1,10.334783,27.497202,2.583200,27.680099,1.973700
1,1,10.359349,24.565600,2.679200,24.659401,1.544700
1,1,10.386239,26.889898,2.167800,26.351801,1.615100
1,1,10.410208,23.969602,2.619400,24.383600,1.893300
1,1,10.438161,27.952101,2.291200,27.469299,1.882000
1,1,10.460609,22.448398,2.629900,22.959801,1.811000
1,1,10.488356,27.747300,2.357500,27.518999,1.604200
1,1,10.511078,22.721302,2.329000,22.741301,2.061300
1,1,10.541095,30.017298,2.435800,28.757000,1.540900
1,1,10.567859,26.764400,3.794700,27.930099,1.891600
1,1,10.590724,22.864800,2.769600,22.787100,2.256200
1,1,10.612708,21.984100,2.795500,22.355499,1.881400
1,1,10.641745,29.036500,2.968600,27.705700,1.842000
1,1,10.669661,27.916402,3.815200,28.970200,2.350200
1,1,10.693473,23.811799,2.915900,23.636101,2.038400
1,1,10.722032,28.559301,2.680300,28.796000,1.735900
1,1,10.743813,21.781299,2.691400,21.555401,1.920200
1,1,10.772883,29.070001,3.188300,29.200800,1.539800
1,1,10.795341,22.458099,2.201700,22.626600,1.965400
1,1,10.825305,29.963899,2.535500,29.652000,1.580200
1,1,10.849934,24.629001,2.507600,24.870300,1.794100
1,1,10.877214,27.279802,2.476500,27.214100,1.637500
1,1,10.904723,27.509298,2.319900,26.943701,1.623300
1,1,10.928195,23.471400,2.669300,23.707899,1.531000
1,1,10.954226,26.030902,2.686800,26.084999,1.518300
1,1,10.977305,23.078900,2.383600,23.295700,1.907900
1,1,11.004816,27.510799,2.348500,27.830700,1.843400
1,1,11.028005,23.189999,1.864800,22.907700,1.650300
1,1,11.055671,27.665500,2.346000,27.337601,1.559600
1,1,11.079115,23.444500,2.450500,23.522499,1.517800
1,1,11.105450,26.334301,2.368900,26.381300,1.963700
1,1,11.128470,23.019701,2.230400,23.276600,1.963900
1,1,11.157011,28.541099,2.213100,27.816000,1.558500
1,1,11.183622,26.611201,2.921800,27.315500,1.878500
1,1,11.208628,25.006000,2.476400,24.293200,1.943800
1,1,11.230673,22.045199,2.908500,22.501499,1.966500
1,1,11.259124,28.451499,2.579800,28.371700,1.968600
1,1,11.286512,27.387101,2.509300,27.520500,1.955800
1,1,11.309048,22.536900,2.448400,22.173599,1.825800
1,1,11.333248,24.199300,2.836700,24.531799,2.103900
1,1,11.358353,25.105000,2.371000,24.909800,1.699500
1,1,11.382230,23.877602,2.553000,23.769600,1.883300
1,1,11.407466,25.235299,2.634000,25.246901,1.941000
1,1,11.430750,23.284301,2.553300,23.426701,2.274300
1,1,11.458906,28.155901,2.647400,27.931999,1.732400
1,1,11.483059,24.153098,2.763100,24.180901,2.197000
1,1,11.507602,24.542700,2.715200,24.478201,1.589700
1,1,11.533917,26.315000,2.582100,26.809799,2.017900
1,1,11.558571,24.654198,2.108600,24.172001,1.966000
1,1,11.582255,23.684200,2.547000,24.045799,2.224900
1,1,11.608192,25.936700,2.335700,25.491800,2.038600
1,1,11.635717,27.525399,2.576300,27.752399,1.959400
1,1,11.659919,24.201702,2.735100,23.998899,1.918100
1,1,11.688438,28.519299,2.591000,28.549000,1.613500
1,1,11.713382,24.943601,2.679800,24.799900,1.668300
1,1,11.738852,25.470201,2.948100,26.034901,1.595800
1,1,11.762176,23.324300,2.118000,23.109501,1.690800
1,1,11.791400,29.224098,2.773100,28.911200,1.662700
1,1,11.819503,28.102502,2.651000,27.880600,1.795300
1,1,11.841826,22.322699,2.909300,22.318899,1.890300
1,1,11.868164,26.338100,2.732900,26.837099,1.998000
1,1,11.892458,24.294499,2.657500,24.101200,1.697200
1,1,11.920323,27.864899,2.508700,27.550100,1.971400
1,1,11.945452,25.129300,2.761300,25.390699,2.673100
1,1,11.973687,28.234102,2.433000,28.377701,2.241600
1,1,11.997045,23.358498,2.502400,23.214899,1.935200
1,1,12.027743,30.698102,2.691000,30.354601,2.032600
1,1,12.055965,28.222300,2.886900,28.438400,1.835100
1,1,12.085175,29.210098,2.716300,29.437500,1.990000
1,1,12.109886,24.710800,2.445400,23.930000,1.848100
1,1,12.135604,25.717400,3.227600,26.292200,2.069400
1,1,12.158857,23.253702,2.714300,23.286501,1.755900
1,1,12.185837,26.979897,3.148900,26.953800,2.389800
1,1,12.212111,26.273701,3.128400,22.762100,1.541100
1,1,12.236719,24.608102,6.068100,27.915100,2.101600
1,1,12.259466,22.747099,2.825900,22.698400,1.667200
1,1,12.286813,27.346998,2.767200,27.687500,2.225300
1,1,12.312684,25.870901,2.510600,25.479099,1.950900
1,1,12.341643,28.958902,3.145900,29.003500,1.931800
1,1,12.369042,27.399197,2.963900,27.343901,1.844500
1,1,12.393330,24.287902,2.803100,24.396400,2.374300
1,1,12.422670,29.340301,2.550200,29.608900,1.843100
1,1,12.448952,26.281700,2.377100,26.088600,1.968700
1,1,12.475466,26.514098,2.584300,26.353800,1.955400
1,1,12.505088,29.621501,2.534600,29.913500,1.946400
1,1,12.526146,21.058701,3.730000,21.018999,1.619100
1,1,12.553573,27.426999,2.543500,27.104401,1.979700
1,1,12.577523,23.949299,2.534000,24.060301,1.549800
1,1,12.604814,27.291600,2.435100,27.329901,1.699000
1,1,12.627590,22.775903,2.434000,22.679899,1.562200
1,1,12.655204,27.613699,2.857800,27.749001,2.097300
1,1,12.684754,29.550597,2.933300,29.632099,1.951100
1,1,12.708043,23.288101,2.544400,23.096001,1.568500
1,1,12.737551,29.508103,2.795400,29.364901,1.848200
1,1,12.760095,22.543900,2.787100,22.479300,1.774100
1,1,12.787163,27.067900,2.932500,27.478901,2.172300
1,1,12.811633,24.470899,2.294000,24.486900,1.704700
1,1,12.838501,26.867799,2.432500,26.741600,1.701700
1,1,12.861683,23.182102,2.287200,23.404699,1.907400
1,1,12.890356,28.672397,2.215200,28.070400,1.482700
1,1,12.912623,22.266902,2.662500,22.788401,1.798300
1,1,12.941842,29.219400,2.200900,28.583500,1.784700
1,1,12.970302,28.460499,3.201800,28.922800,1.609400
1,1,12.992577,22.274800,2.722300,21.936600,1.634000
1,1,13.019907,27.329501,2.719400,27.305401,1.939500
1,1,13.041673,21.766201,2.622600,22.098301,1.635600
1,1,13.070659,28.986000,2.258600,28.748100,1.805200
1,1,13.093133,22.473998,2.588800,22.554300,1.919300
1,1,13.120306,27.172901,2.443100,26.962500,1.797600
1,1,13.142792,22.485700,3.088400,22.795799,1.710300
1,1,13.169744,26.952703,2.611300,27.168900,1.650300
1,1,13.194155,24.410900,2.076000,24.293301,1.541300
1,1,13.220886,26.730899,2.108900,26.709299,1.876200
1,1,13.244297,23.411199,2.167100,23.284500,2.029000
1,1,13.271209,26.912101,2.926900,26.980101,1.894500
1,1,13.295684,24.474900,2.196800,24.400600,1.886100
1,1,13.322381,26.697099,2.460600,26.642599,1.787200
1,1,13.345836,23.454599,2.341500,23.333900,1.854700
1,1,13.373994,28.157603,2.621700,28.098101,1.626300
1,1,13.401045,27.051598,2.948000,27.412201,2.243300
1,1,13.425952,24.906501,2.297100,24.264200,1.865700
1,1,13.453541,27.589299,2.912300,27.212799,2.781900
1,1,13.477444,23.903400,3.545000,24.430099,1.855700
1,1,13.505656,28.212000,2.607900,28.398300,1.727500
1,1,13.534708,29.052000,2.354200,29.205200,2.069400
1,1,13.557839,23.130901,2.320800,23.012400,1.527700
1,1,13.584925,27.085301,2.375400,27.163601,1.518600
1,1,13.609154,24.229199,2.364900,23.919701,1.719800
1,1,13.636788,27.634300,2.747600,27.927900,2.031000
1,1,13.661881,25.093101,2.722600,25.212099,1.750800
1,1,13.691628,29.746599,2.164400,29.268900,1.932000
1,1,13.719381,27.753100,2.575200,27.956600,1.779900
1,1,13.741853,22.472199,2.520400,22.546499,1.790800
1,1,13.769693,27.840201,2.314900,28.017401,2.024700
1,1,13.793119,23.425400,2.146800,22.603500,1.827400
1,1,13.820970,27.851399,2.924100,28.547100,1.852800
1,1,13.843619,22.649102,2.284500,22.606600,1.663200
1,1,13.871745,28.125897,2.430000,27.904900,1.348000
1,1,13.895520,23.774803,2.630300,23.998600,1.647000
1,1,13.922257,26.737500,2.353900,26.943800,1.613400
1,1,13.946429,24.172097,1.983100,23.715099,1.902500
1,1,13.975779,29.349200,2.702900,29.566299,2.175700
1,1,14.002606,26.827600,2.278400,26.983101,2.310500
1,1,14.026650,24.043500,2.065200,23.051399,1.757100
1,1,14.054029,27.378902,3.047400,28.397499,2.032100
1,1,14.077822,23.792800,1.959600,23.102699,2.238800
1,1,14.105916,28.094001,2.855400,28.151400,1.654000
1,1,14.133955,28.039198,2.588200,28.448000,1.545800
1,1,14.158850,24.895001,2.212200,24.190001,1.583700
1,1,14.186916,28.065898,3.202600,28.450899,1.762800
1,1,14.209292,22.376399,2.825300,22.384100,1.615000
1,1,14.236375,27.082801,2.796400,26.892799,2.426100
1,1,14.259585,23.209900,3.165700,22.716600,1.598900
1,1,14.284869,25.284600,3.694300,25.973301,1.714900
1,1,14.309878,25.008600,2.589100,24.413500,1.781600
1,1,14.337210,27.332503,3.027900,28.093399,2.166500
1,1,14.361512,24.301600,2.251700,24.261499,2.084800
1,1,14.391904,30.391600,2.359300,29.011999,1.682600
1,1,14.412572,20.668000,3.934000,21.872900,2.010700
1,1,14.442048,29.475998,2.627000,29.345301,1.631500
1,1,14.470326,28.278202,2.588700,28.298000,1.769600
1,1,14.492575,22.248797,2.575600,22.236900,1.802000
1,1,14.520388,27.813900,2.537600,28.155100,1.806100
1,1,14.543765,23.376700,2.115000,23.072201,2.354400
1,1,14.570956,27.190801,2.380500,27.051300,1.458600
1,1,14.595843,24.886902,2.537300,24.896799,1.339600
1,1,14.622038,26.194800,2.659700,26.389200,1.648900
1,1,14.645643,23.605198,3.197900,23.520000,2.170600
1,1,14.674578,28.934900,3.675500,28.921700,1.946300
1,1,14.702234,27.656302,2.560800,27.877501,1.741800
1,1,14.725874,23.639701,2.487800,23.026899,1.670300
1,1,14.752511,26.637100,2.824500,26.823000,1.994800
1,1,14.775803,23.291998,2.705500,23.093201,1.690300
1,1,14.803087,27.283601,2.753100,27.832800,2.022400
1,1,14.826641,23.554698,2.214200,23.109600,1.652000
1,1,14.854862,28.220903,2.725200,28.285200,1.969700
1,1,14.876491,21.629397,2.844900,21.534000,2.414000
1,1,14.903494,27.002003,3.104600,27.204800,1.692100
1,1,14.926603,23.109797,2.538800,22.916100,1.583300
1,1,14.953437,26.834000,2.647900,27.025900,1.879700
1,1,14.975966,22.529103,2.378400,22.341499,1.697000
1,1,15.003185,27.218498,2.671400,27.244699,1.654400
1,1,15.026432,23.247402,2.490400,23.291800,2.095800
1,1,15.053353,26.920397,2.623400,27.252501,2.078500
1,1,15.077113,23.760702,2.305300,23.238001,1.913200
1,1,15.104203,27.089499,2.604800,27.178801,1.464400
1,1,15.126535,22.332400,2.810300,22.423401,1.745200
1,1,15.153402,26.866600,3.489000,27.130100,1.722200
1,1,15.176859,23.457300,2.239300,22.369801,1.687100
1,1,15.207182,30.323099,3.217100,31.181299,2.056400
1,1,15.235819,28.637100,2.461600,28.601200,1.810100
1,1,15.261071,25.252100,2.457800,25.490601,1.598700
1,1,15.288415,27.343400,1.942000,27.142099,1.603200
1,1,15.317910,29.494800,2.247200,29.461100,1.783900
1,1,15.342761,24.851102,2.419100,24.721300,2.285500
1,1,15.370446,27.684897,2.531800,27.606800,1.824900
1,1,15.393034,22.588503,2.554600,22.237700,1.779200
1,1,15.419934,26.899301,3.326100,27.620001,1.716000
1,1,15.442403,22.468999,2.174300,22.177500,1.464000
1,1,15.470943,28.540798,2.981000,28.542400,1.633200
1,1,15.493509,22.565901,2.487900,22.573799,1.589000
1,1,15.520107,26.597600,2.587100,26.630699,1.548200
1,1,15.543657,23.550201,3.054000,22.465900,1.467400
1,1,15.569480,25.822598,3.512000,26.938999,2.202500
1,1,15.591835,22.355400,2.394500,22.332500,1.458100
1,1,15.617893,26.057702,2.400100,25.788601,2.142000
1,1,15.642712,24.819098,2.949600,24.875900,2.499400
1,1,15.666449,23.737200,2.614200,24.009600,1.604600
1,1,15.692248,25.798701,2.137800,25.775700,1.957400
1,1,15.719708,27.460199,2.212000,27.509501,2.192800
1,1,15.744447,24.739601,2.086800,24.534401,1.707000
1,1,15.775187,30.739501,2.274300,30.496201,2.003500
1,1,15.797236,22.048801,2.577100,22.495501,1.611800
1,1,15.825804,28.568499,2.289300,28.256800,1.394800
1,1,15.855100,29.295798,2.442100,29.299000,1.704400
1,1,15.882367,27.267203,2.489300,27.020100,1.734800
1,1,15.907876,25.508299,2.805000,25.487000,1.656000
1,1,15.935114,27.238000,2.746300,27.397400,2.114800
1,1,15.959525,24.411298,3.335500,24.372299,1.802600
1,1,15.984256,24.731599,2.618500,24.739700,1.809100
1,1,16.009819,25.562502,2.384800,25.333099,2.398900
1,1,16.036885,27.066398,2.716300,27.504601,2.085100
1,1,16.060142,23.256600,2.223300,22.938999,1.566300
1,1,16.089341,29.198602,2.829400,29.544901,1.682400
1,1,16.117695,28.354898,2.209200,28.108200,2.063300
1,1,16.144087,26.391301,2.489300,25.775299,1.782200
1,1,16.175115,31.028099,3.279900,31.315599,1.908100
1,1,16.202018,26.903402,2.620500,27.183201,1.880200
1,1,16.225682,23.663297,2.700800,23.497200,1.626000
1,1,16.255304,29.622700,2.730700,29.744699,1.821100
1,1,16.278399,23.094900,2.607300,23.124001,2.109700
1,1,16.305996,27.596999,2.618600,27.849899,2.482400
1,1,16.330222,24.225902,2.054900,23.712299,1.879800
1,1,16.358888,28.666299,2.670000,28.948799,1.618000
1,1,16.386383,27.494401,2.761100,27.544701,1.850000
1,1,16.411790,25.407001,2.636000,25.440901,1.510900
1,1,16.441611,29.821400,2.229100,29.668301,1.995200
1,1,16.468543,26.931599,2.777400,26.892700,1.899300
1,1,16.492389,23.846302,2.920100,23.391600,1.961000
1,1,16.520170,27.780399,2.841300,27.720301,1.691200
1,1,16.542646,22.476800,3.322200,22.796900,1.632600
1,1,16.569593,26.946601,2.399200,27.155100,2.033300
1,1,16.592753,23.159798,2.309400,22.695299,1.992200
1,1,16.621222,28.468899,3.108100,28.603201,1.813200
1,1,16.644221,22.999901,3.170700,22.885201,1.719000
1,1,16.677936,33.714600,3.524800,33.322899,2.122500
1,1,16.703975,26.039001,4.374400,26.691700,1.959800
1,1,16.728390,24.414800,2.699300,24.020100,1.738600
1,1,16.756585,28.195199,3.308300,28.679100,1.841000
1,1,16.780591,24.006102,2.362300,23.968500,1.896800
1,1,16.807719,27.127501,2.454100,26.756901,1.914800
1,1,16.834899,27.180098,2.609700,27.483500,1.987500
1,1,16.857497,22.598300,2.638100,22.454000,1.852500
1,1,16.884667,27.170200,2.680300,27.508101,2.007200
1,1,16.909529,24.861600,2.474000,24.340200,1.760800
1,1,16.935600,26.071001,2.766600,26.449600,2.007200
1,1,16.959259,23.659300,2.275400,23.447300,1.818200
1,1,16.980945,21.685500,2.650400,22.005800,1.914100
1,1,17.009530,28.585199,2.154700,28.267700,1.511700
1,1,17.036059,26.529100,2.454800,26.525101,1.675600
1,1,17.058828,22.769302,2.580300,22.688400,1.514100
1,1,17.083394,24.565499,2.557000,24.641800,1.883500
1,1,17.109440,26.046500,2.493100,25.691000,1.457500
1,1,17.133073,23.632500,2.735000,24.118700,1.976400
1,1,17.158390,25.316700,2.358300,25.008200,1.771700
1,1,17.186914,28.524000,2.585100,28.766500,2.004300
1,1,17.209835,22.921998,2.764000,22.765699,1.529900
1,1,17.238211,28.375402,3.005200,28.424700,1.825700
1,1,17.260550,22.339497,2.376100,22.483200,1.509800
1,1,17.290709,30.158702,2.368200,26.839300,1.574100
1,1,17.312679,21.970101,5.733400,24.954500,1.540300
1,1,17.339745,27.066100,2.665200,26.868900,1.565800
1,1,17.363287,23.541398,3.049100,23.475800,2.027900
1,1,17.389798,26.511200,3.174400,26.829901,1.650800
1,1,17.417579,27.781200,2.502000,27.553900,1.553500
1,1,17.439914,22.334602,2.765200,22.418200,1.710400
1,1,17.469003,29.089797,3.237200,28.951401,1.916000
1,1,17.491842,22.838503,2.754700,23.333000,1.779500
1,1,17.520889,29.046897,2.589400,28.828199,1.700800
1,1,17.543967,23.078203,2.666700,23.258301,1.841300
1,1,17.570563,26.595999,2.397400,26.513700,1.538200
1,1,17.593245,22.681698,2.324600,22.653299,1.434300
1,1,17.620531,27.286302,2.325700,26.999901,1.623700
1,1,17.643577,23.045801,2.778500,23.024799,1.534500
1,1,17.672251,28.673600,2.940200,28.728901,2.279900
1,1,17.695888,23.637597,2.855000,23.904400,1.753800
1,1,17.722167,26.278600,2.594500,26.278700,1.814900
1,1,17.745347,23.180801,2.201400,23.084101,1.848500
1,1,17.773023,27.675100,2.616300,27.547001,1.688900
1,1,17.795902,22.879601,2.506100,23.107901,1.944700
1,1,17.824676,28.773598,2.284400,28.496300,1.682400
1,1,17.851710,27.034502,2.613400,26.950899,1.597300
1,1,17.875989,24.278898,3.056300,24.336201,1.701100
1,1,17.900281,24.291500,2.779700,24.107401,2.374500
1,1,17.927171,26.890703,2.808900,26.275999,1.878900
1,1,17.950623,23.451600,3.368800,24.506399,1.854900
1,1,17.975859,25.236297,2.254200,24.955601,1.966000
1,1,18.003604,27.744900,2.525100,27.639099,1.984000
1,1,18.027873,24.268702,2.901200,24.079300,1.938900
1,1,18.055303,27.429599,2.801200,27.716400,1.935900
1,1,18.080921,25.618199,2.494000,25.908300,1.880900
1,1,18.105761,24.840601,2.295400,24.869600,1.636000
1,1,18.130523,24.761301,2.170600,24.240200,1.643000
1,1,18.157729,27.206101,3.051500,27.317699,1.920500
1,1,18.186217,28.488196,2.517200,28.398701,2.521000
1,1,18.208744,22.527002,2.966300,22.673401,1.679400
1,1,18.237080,28.336599,2.551400,28.448999,1.830900
1,1,18.259967,22.886202,2.523000,22.625200,1.538900
1,1,18.286852,26.884999,3.001400,26.856800,1.771500
1,1,18.309808,22.956099,2.644900,22.900299,1.827400
1,1,18.336086,26.277799,2.675900,26.544300,1.875900
1,1,18.359596,23.510102,2.298000,23.313000,1.522100
1,1,18.388597,29.001299,2.563700,28.698700,1.939700
1,1,18.410691,22.093900,2.798100,22.777000,1.832100
1,1,18.439154,28.463598,3.036500,28.262899,1.786800
1,1,18.462410,23.255203,2.208000,22.962500,1.439200
1,1,18.490614,28.204698,2.697900,28.334101,1.629200
1,1,18.513501,22.886101,2.546200,23.119600,1.731600
1,1,18.542114,28.613098,2.258100,28.195400,1.544000
1,1,18.570381,28.267100,2.698300,28.081301,1.836700
1,1,18.592889,22.508401,2.865900,22.650499,1.887000
1,1,18.619768,26.879001,2.649700,27.200199,1.652100
1,1,18.642972,23.203500,2.321900,23.012899,1.721300
1,1,18.671651,28.679300,2.604200,28.959900,1.882400
1,1,18.697786,26.135098,2.132100,26.027300,1.697900
1,1,18.724306,26.519999,2.822700,26.268600,1.780100
1,1,18.749322,25.015503,2.698400,25.214001,1.796300
1,1,18.775167,25.845598,2.451400,25.696699,1.754700
1,1,18.799511,24.344400,2.447300,24.185200,2.024400
1,1,18.824911,25.399901,2.629200,25.789499,2.095500
1,1,18.852645,27.733199,2.265100,27.638700,2.178000
1,1,18.875548,22.903498,2.995900,22.759399,1.487600
1,1,18.904192,28.644301,2.420400,28.588800,1.660400
1,1,18.927154,22.961900,2.449900,22.740101,1.559100
1,1,18.954128,26.974000,2.598100,27.219200,1.986800
1,1,18.977580,23.452099,2.416300,23.277700,1.438200
1,1,19.005858,28.277501,2.519700,28.926701,1.663600
1,1,19.035071,29.213302,1.788400,28.641100,1.886700
1,1,19.059547,24.476197,2.775400,24.845501,1.730600
1,1,19.083913,24.365503,2.085700,23.845501,1.451900
1,1,19.110461,26.548497,2.596500,26.855499,1.660200
1,1,19.138303,27.841900,2.349500,27.462500,1.495600
1,1,19.161017,22.713803,2.828000,22.981300,1.624700
1,1,19.188772,27.755197,2.530700,27.578199,1.847500
1,1,19.211618,22.845600,2.601400,22.767300,1.501000
1,1,19.239381,27.763400,2.759200,28.122999,1.589600
1,1,19.265329,25.947701,2.134700,25.563900,1.881600
1,1,19.290169,24.840202,2.705100,25.206800,1.449400
1,1,19.319527,29.358197,2.192500,28.792500,2.035100
1,1,19.342180,22.652902,3.038900,22.408001,1.654100
1,1,19.367055,24.874799,2.961800,25.367599,1.751600
1,1,19.393560,26.504699,2.727000,26.494200,1.986800
1,1,19.420295,26.735201,2.616700,27.054001,2.573800
1,1,19.443481,23.185600,2.396100,23.134701,1.892100
1,1,19.473751,30.270301,2.321400,30.136900,1.754600
1,1,19.502623,28.872199,2.389800,28.714399,1.720900
1,1,19.526279,23.655802,2.540100,23.638300,1.811400
1,1,19.554155,27.876597,2.389100,28.074900,1.711200
1,1,19.576809,22.653002,2.300000,22.041901,1.648600
1,1,19.603839,27.030900,3.150800,27.530800,1.556600
1,1,19.627220,23.380499,2.499300,22.876200,1.563600
1,1,19.656889,29.669300,3.328500,30.112400,1.614600
1,1,19.679092,22.202700,2.812600,22.305300,1.685200
1,1,19.707531,28.439399,2.514500,28.118000,1.500200
1,1,19.730312,22.781000,2.591600,22.953199,1.842700
1,1,19.758365,28.052602,2.702800,28.062099,1.514400
1,1,19.786455,28.090101,2.716100,27.982901,1.997600
1,1,19.809911,23.456298,2.551400,23.348000,1.727000
1,1,19.840534,30.622400,2.792300,30.481701,1.907400
1,1,19.865496,24.962399,2.892600,25.377899,1.852900
1,1,19.893288,27.792301,2.239800,27.369801,2.028600
1,1,19.921654,28.365899,2.670600,28.677000,2.038000
1,1,19.951091,29.436599,2.558900,29.357700,1.824500
1,1,19.975681,24.589803,2.480500,24.517500,1.715000
1,1,19.997693,22.012398,2.591900,22.320200,2.139300
1,1,20.028486,30.792899,2.233000,30.414801,1.843300
1,1,20.057223,28.736502,2.538200,28.415800,1.845800
1,1,20.085039,27.816299,3.007900,28.340000,2.037600
1,1,20.112260,27.220801,2.550300,26.985800,1.655200
1,1,20.141493,29.233702,2.506900,29.323900,1.404400
1,1,20.164241,22.747397,2.696000,22.581900,1.680200
1,1,20.194253,30.012600,2.598400,29.925200,1.810700
1,1,20.221334,27.080402,2.635600,27.492001,1.818800
1,1,20.244313,22.979099,2.225100,22.790701,1.633500
1,1,20.273117,28.804000,2.416200,28.884800,1.788800
1,1,20.301579,28.462000,2.366800,28.501699,1.596700
1,1,20.326357,24.777997,2.236000,24.481100,1.783900
1,1,20.351078,24.721403,2.741800,25.236000,1.746400
1,1,20.376397,25.318697,2.036000,24.863300,1.811900
1,1,20.404459,28.061803,2.328200,28.259701,1.957400
1,1,20.431176,26.717197,2.398400,26.622900,1.557200
1,1,20.455973,24.797302,2.352300,24.797199,1.866500
1,1,20.482499,26.526000,2.262800,26.292299,1.787000
1,1,20.509763,27.263500,3.030900,27.086399,1.708400
1,1,20.537868,28.104898,2.882800,28.537300,1.864300
1,1,20.561806,23.938902,2.419200,24.090099,1.671600
1,1,20.590674,28.867800,2.091400,28.618200,1.484000
1,1,20.614287,23.613099,2.186800,23.572800,1.744900
1,1,20.642623,28.335202,2.333400,27.377600,1.624400
1,1,20.668410,25.787897,3.568100,26.223801,1.937000
1,1,20.693333,24.922002,3.051400,25.011101,1.794100
1,1,20.720480,27.147200,2.883200,27.360600,2.207000
1,1,20.743225,22.745300,3.203400,22.329700,1.607600
1,1,20.770732,27.506799,2.977700,28.032301,1.751800
1,1,20.793839,23.106702,2.616300,22.359501,1.956400
1,1,20.821579,27.740300,3.260800,27.899300,1.704400
1,1,20.843947,22.368301,2.996700,22.474100,2.122800
1,1,20.872724,28.776597,3.773100,29.421600,1.980200
1,1,20.896446,23.722302,2.346400,23.573700,2.035100
1,1,20.926870,30.423701,2.788300,29.851000,1.742200
1,1,20.949526,22.656698,2.834000,23.104500,1.732200
1,1,20.980072,30.545600,2.900600,29.981800,1.639200
1,1,21.006445,26.373401,3.036700,27.176600,1.789500
1,1,21.029973,23.527998,2.102900,23.498199,1.954700
1,1,21.057051,27.077902,2.134100,26.775101,2.082200
1,1,21.085575,28.524198,2.537000,28.612000,1.751800
1,1,21.110247,24.671301,2.383600,24.697001,1.765400
1,1,21.136448,26.201501,2.315200,26.393900,1.727300
1,1,21.161188,24.739698,2.213500,24.120800,2.024900
1,1,21.188847,27.659100,3.388600,28.112801,1.753900
1,1,21.211809,22.962101,2.176700,22.791700,1.581600
1,1,21.241854,30.044399,2.797600,30.015900,1.742300
1,1,21.264107,22.253800,2.310300,22.265100,1.764900
1,1,21.291872,27.764503,3.279700,27.678600,1.945300
1,1,21.320192,28.320100,3.867800,28.593000,1.969800
1,1,21.342906,22.714097,2.369200,22.424900,1.897400
1,1,21.369641,26.735302,2.492100,26.893700,1.700900
1,1,21.392816,23.174997,2.335200,22.967100,1.530200
1,1,21.420092,27.275603,2.354200,27.212200,2.227900
1,1,21.442880,22.787597,2.675700,22.783501,1.930000
1,1,21.467282,24.402101,2.591400,24.455000,1.764600
1,1,21.493067,25.785502,2.862200,25.856800,1.472100
1,1,21.517147,24.079800,2.420000,23.913099,1.702100
1,1,21.542918,25.770999,2.713500,25.960100,1.923900
1,1,21.570446,27.527899,2.447100,27.630600,1.490100
1,1,21.592753,22.307202,2.058900,22.267000,1.443500
1,1,21.619503,26.749898,2.260800,26.607599,1.909100
1,1,21.644728,25.225200,2.423300,25.033501,1.883400
1,1,21.671147,26.418701,2.566400,26.657200,2.014100
1,1,21.694246,23.098800,2.315000,23.030701,1.490200
1,1,21.721313,27.067002,2.359300,26.999500,1.734900
1,1,21.745057,23.743998,2.687200,23.880600,1.915200
1,1,21.773386,28.329398,2.661100,28.393600,1.690000
1,1,21.801031,27.644701,2.327000,27.674400,1.689600
1,1,21.824307,23.276299,2.518600,22.358000,1.621200
1,1,21.853636,29.328901,3.194200,30.017099,1.889300
1,1,21.876646,23.009501,2.660400,22.712700,1.689800
1,1,21.903159,26.513197,2.791400,26.609501,2.017900
1,1,21.927089,23.930501,2.901300,24.041000,2.138600
1,1,21.954576,27.486600,2.511500,27.800501,1.833600
1,1,21.977189,22.613600,2.089600,22.487900,1.580700
1,1,22.004318,27.128700,2.333500,26.787600,1.917600
1,1,22.028443,24.124902,2.481900,24.404699,1.663300
1,1,22.055645,27.201600,2.263700,27.037100,1.890400
1,1,22.079262,23.617197,2.423800,23.545700,2.003400
1,1,22.108060,28.798401,2.599500,28.513599,1.755100
1,1,22.133491,25.430400,2.839000,25.835199,2.449400
1,1,22.161595,28.104801,2.559400,27.738400,1.979300
1,1,22.187895,26.299801,2.815400,26.502899,1.853000
1,1,22.210317,22.421900,2.565100,22.429100,1.787000
1,1,22.237934,27.617298,2.537500,27.694500,1.945600
1,1,22.260989,23.054402,2.596700,22.964600,1.920200
1,1,22.288114,27.125299,2.492800,27.319700,2.229500
1,1,22.313164,25.050100,2.770000,24.942699,1.840500
1,1,22.341004,27.839601,2.292600,27.707701,2.024200
1,1,22.367470,26.466198,2.355200,23.196600,1.846900
1,1,22.392664,25.193799,5.646300,28.306000,1.877200
1,1,22.414932,22.268001,2.479100,22.606701,2.032100
1,1,22.444367,29.435199,2.246000,28.974899,2.386800
1,1,22.472493,28.125800,2.623100,27.908100,2.198400
1,1,22.496065,23.572203,2.826100,24.036200,1.625000
1,1,22.524362,28.297096,2.892700,28.003901,2.337300
1,1,22.548814,24.451502,2.736700,24.647800,1.848800
1,1,22.576273,27.459700,2.662700,27.469601,1.788300
1,1,22.600893,24.619401,2.523600,24.840300,1.727700
1,1,22.626170,25.277499,2.297500,25.013599,2.391900
1,1,22.651105,24.934702,2.629500,24.542299,1.825400
1,1,22.678911,27.806599,2.808900,28.046801,1.638900
1,1,22.707219,28.307501,2.599900,28.458200,1.909800
1,1,22.730084,22.865299,2.316600,23.034300,2.112800
1,1,22.760516,30.432001,2.102800,30.092600,2.228200
1,1,22.786871,26.354600,2.785800,26.723301,2.193000
1,1,22.811955,25.084298,2.341600,24.592199,1.908500
1,1,22.839371,27.415503,2.856100,27.772400,1.788200
1,1,22.862293,22.921998,2.175000,22.948601,1.831800
1,1,22.891307,29.014699,2.569700,28.701900,1.961700
1,1,22.916517,25.209703,2.437500,25.080299,2.065200
1,1,22.942836,26.318800,2.848800,26.582100,1.662400
1,1,22.967465,24.629500,2.449900,24.212900,1.706000
1,1,22.992927,25.461800,3.073100,25.561300,1.781400
1,1,23.017293,24.365999,2.741100,24.645599,1.955100
1,1,23.042654,25.361001,2.672100,25.052999,2.197800
1,1,23.070241,27.587298,3.199600,27.458599,1.781100
1,1,23.093656,23.414999,3.325600,23.514999,1.992000
1,1,23.120244,26.587702,3.126000,26.875000,1.845700
1,1,23.142667,22.422899,3.028800,22.474001,1.738100
1,1,23.169971,27.304299,2.482300,27.402100,2.063200
1,1,23.193042,23.070499,2.262600,22.670300,1.962600
1,1,23.220916,27.874600,2.588000,28.268000,2.165200
1,1,23.245510,24.593901,2.423900,24.469999,1.696900
1,1,23.272730,27.220100,2.744700,27.092501,1.828000
1,1,23.295746,23.015700,2.251700,22.974600,1.584300
1,1,23.323652,27.905900,2.649700,27.784000,1.592500
1,1,23.351203,27.550600,2.497000,27.507299,1.869300
1,1,23.373294,22.091702,2.387400,22.188700,1.896000
1,1,23.399063,25.768500,2.376600,25.694799,1.565200
1,1,23.426014,26.951097,2.787100,26.783800,1.847200
1,1,23.449953,23.938902,2.688700,24.408199,1.755300
1,1,23.476767,26.813701,2.207500,26.237700,1.531200
1,1,23.503625,26.858598,2.716300,27.300301,2.579300
1,1,23.526467,22.842299,2.357300,22.420200,1.822800
1,1,23.553050,26.582800,2.849300,26.818800,1.698300
1,1,23.575953,22.903103,2.471500,22.785801,1.688800
1,1,23.600256,24.302199,2.646500,24.664900,1.965600
1,1,23.625623,25.367398,2.194700,24.797400,2.111700
1,1,23.654780,29.156502,3.575700,29.211399,1.881200
1,1,23.678822,24.042297,3.483800,24.230499,2.115400
1,1,23.705969,27.147200,2.880200,27.009199,2.204800
1,1,23.730462,24.492502,2.582400,24.671101,1.894100
1,1,23.759855,29.393200,2.775800,29.366301,1.975800
1,1,23.789270,29.415201,2.628600,29.353800,2.166900
1,1,23.821293,32.023497,2.840300,32.038601,2.489800
1,1,23.848554,27.260300,3.086300,26.933901,2.469800
1,1,23.882063,33.509202,3.211000,33.663799,1.998500
1,1,23.911996,29.933300,3.252700,29.365000,2.140100
1,1,23.940196,28.200001,3.535400,28.776300,2.857200
1,1,23.966404,26.207998,2.663300,26.086399,2.231700
1,1,23.993731,27.326699,2.918700,27.165701,1.839900
1,1,24.023742,30.011002,3.246700,30.231001,1.806800
1,1,24.054193,30.450899,2.814700,30.783199,1.616500
1,1,24.080372,26.179101,3.049600,25.677999,1.947200
1,1,24.109780,29.407799,3.024600,29.243500,1.972400
1,1,24.134871,25.091700,2.940600,25.517599,1.904300
1,1,24.160654,25.782499,2.685900,25.746500,2.097800
1,1,24.189175,28.520700,2.518400,28.644800,1.872400
1,1,24.216600,27.425699,2.391500,27.165199,2.135000
1,1,24.241641,25.040302,2.845400,25.334499,1.830100
1,1,24.271360,29.719099,2.403500,29.422600,2.309300
1,1,24.295207,23.846898,2.848400,23.799500,2.095900
1,1,24.323800,28.593000,2.914400,28.440800,1.975900
1,1,24.347306,23.506500,2.924200,23.353701,1.943700
1,1,24.375687,28.380901,3.081200,28.621799,1.937500
1,1,24.402916,27.228899,2.733300,27.000900,2.253300
1,1,24.426268,23.352202,3.813600,23.444201,1.825500
1,1,24.455210,28.942101,3.055200,28.360500,1.972200
1,1,24.478355,23.144398,4.193000,22.649799,1.819600
1,1,24.506781,28.426800,4.161000,29.605900,2.088500
1,1,24.535172,28.390203,2.889400,28.542999,1.951900
1,1,24.559037,23.865599,2.839600,23.719999,1.967500
1,1,24.586400,27.362499,2.781300,27.384701,2.076600
1,1,24.609726,23.325801,3.275800,23.134100,1.875900
1,1,24.636480,26.754100,3.187600,27.360600,2.261600
1,1,24.660585,24.105299,2.441900,23.355801,1.571400
1,1,24.689636,29.050600,3.069400,29.477301,2.650000
1,1,24.712158,22.522300,2.619300,22.287100,2.440700
1,1,24.739671,27.512699,3.068900,27.701900,2.518900
1,1,24.763829,24.158001,3.258200,23.918400,2.230300
1,1,24.793393,29.564198,3.170000,29.537901,2.346800
1,1,24.820258,26.864901,3.601200,27.058701,2.013700
1,1,24.845368,25.110699,3.101700,24.382200,2.006800
1,1,24.867727,22.358600,3.792900,22.819901,2.394100
1,1,24.896333,28.606299,2.860700,28.593201,3.861300
1,1,24.928667,32.334100,2.937500,32.373699,2.257300
1,1,24.958334,29.666401,3.484200,29.917000,2.189800
1,1,24.987109,28.775100,2.948500,28.558201,2.333900
1,1,25.011407,24.297900,2.880200,24.297501,2.424100
1,1,25.041413,30.006599,3.593300,29.614799,2.477900
1,1,25.068625,27.211402,3.682500,27.850901,2.008800
1,1,25.093542,24.917599,2.402100,24.470200,2.156700
1,1,25.121748,28.205201,3.597500,28.485201,2.084100
1,1,25.146264,24.516400,3.201900,24.052200,2.232200
1,1,25.173347,27.083300,3.605400,27.647800,1.998900
1,1,25.199845,26.497398,2.468800,26.126699,2.008100
1,1,25.228255,28.410800,3.840800,28.188601,2.335400
1,1,25.256685,28.430000,3.984500,28.699699,2.477600
1,1,25.282796,26.110101,3.340500,26.099600,2.662000
1,1,25.312520,29.724099,3.464000,29.860399,2.252100
1,1,25.340155,27.635001,3.357600,27.556000,2.005100
1,1,25.366898,26.742902,2.816500,26.751600,1.910200
1,1,25.395494,28.596498,3.659300,28.467100,2.032400
1,1,25.424741,29.247500,3.054200,29.343599,2.222400
1,1,25.447442,22.700600,2.944300,22.603901,1.977500
1,1,25.475533,28.090499,2.767900,28.373501,2.015300
1,1,25.500404,24.871901,2.300500,24.847000,2.027800
1,1,25.526744,26.339002,2.401400,25.827600,2.102900
1,1,25.554892,28.148700,3.250800,28.494600,2.004700
1,1,25.578261,23.368999,2.660700,22.650200,2.399300
1,1,25.604934,26.672699,3.094400,27.232401,1.955300
1,1,25.627756,22.822402,2.563500,22.832701,1.835900
1,1,25.654859,27.102899,2.655700,27.211300,1.875500
1,1,25.679467,24.607800,2.445300,24.753799,1.863100
1,1,25.707054,27.587399,2.236600,27.725100,2.311300
1,1,25.730627,23.573000,2.648000,23.082701,1.813800
1,1,25.760063,29.435400,2.558900,29.309200,2.026600
1,1,25.786938,26.875302,2.888600,27.293301,2.033600
1,1,25.809297,22.359099,2.585500,22.211100,2.335300
1,1,25.836893,27.596198,2.502400,27.607300,2.055900
1,1,25.861124,24.230301,2.991900,23.725000,1.797400
1,1,25.888326,27.201902,2.940100,27.793900,1.644500
1,1,25.912506,24.180297,2.164300,23.840099,2.026400
1,1,25.940197,27.690802,2.615800,28.155199,1.757900
1,1,25.964208,24.011601,2.242500,23.650000,1.834200
1,1,25.992161,27.952299,2.452500,27.879700,1.557400
1,1,26.016879,24.718501,2.460600,24.696600,1.721200
1,1,26.045393,28.514300,2.812200,27.659700,1.968800
1,1,26.071738,26.344702,3.838300,27.278000,2.743100
1,1,26.094618,22.879500,2.873700,22.972200,1.928800
1,1,26.123557,28.939098,2.459200,28.771400,2.128700
1,1,26.147229,23.671899,2.411400,23.768200,1.520700
1,1,26.175013,27.784202,2.574800,27.706301,1.756400
1,1,26.203723,28.710499,2.466200,28.548100,1.938600
1,1,26.227548,23.824599,2.627000,23.708500,1.686700
1,1,26.253844,26.296001,2.721400,26.549299,2.470600
1,1,26.277120,23.276299,2.475800,22.975300,1.763700
1,1,26.303251,26.130702,2.801600,26.563499,1.926300
1,1,26.327505,24.254199,2.441000,23.773500,1.777500
1,1,26.352089,24.583798,2.831700,24.821501,1.846600
1,1,26.378522,26.433300,2.586100,25.725300,1.781400
1,1,26.406284,27.762301,3.229500,28.378599,2.079200
1,1,26.431689,25.404599,2.545200,25.147699,2.007300
1,1,26.458528,26.839200,2.943000,27.068899,1.867900
1,1,26.486621,28.092802,2.429100,28.267700,1.651800
1,1,26.510180,23.558501,2.579400,23.563000,1.710500
1,1,26.537033,26.852999,2.279800,26.802999,2.025000
1,1,26.561218,24.185300,2.424600,24.244101,1.649600
1,1,26.588310,27.092401,2.596700,27.094101,1.604800
1,1,26.612101,23.790400,2.280100,23.763300,1.833600
1,1,26.642020,29.919699,2.386000,29.610500,2.115200
1,1,26.666668,24.648000,2.765400,25.088400,2.326900
1,1,26.692335,25.666699,2.352200,25.117500,1.578900
1,1,26.717061,24.725601,2.902100,24.823200,2.021000
1,1,26.743560,26.499301,2.577700,26.356701,1.794800
1,1,26.771388,27.828399,3.389300,28.320400,2.020600
1,1,26.795073,23.684800,2.399100,23.214199,1.981900
1,1,26.823450,28.376501,2.689100,28.306200,1.924000
1,1,26.845239,21.789599,2.659500,22.008600,2.058200
1,1,26.872118,26.878901,2.648100,27.040100,1.816500
1,1,26.894818,22.700097,2.257900,22.540800,1.946500
1,1,26.921575,26.756503,2.569200,26.881800,1.923600
1,1,26.945474,23.899198,2.256700,22.979401,1.538100
1,1,26.972480,27.006499,3.173300,27.539600,1.976000
1,1,26.994713,22.232603,2.691900,22.599100,1.875300
1,1,27.022941,28.227597,2.298800,28.269899,1.755500
1,1,27.051693,28.751902,2.221700,28.376699,1.892700
1,1,27.076080,24.387401,2.674000,24.760000,2.430600
1,1,27.104067,27.986597,2.136700,27.989901,1.958000
1,1,27.126793,22.726599,3.611600,21.785000,1.818500
1,1,27.156547,29.753901,3.493700,30.116800,1.739300
1,1,27.179415,22.868201,3.418000,23.161600,2.135700
1,1,27.206510,27.095001,2.664000,26.787201,1.842100
1,1,27.229999,23.488399,2.840400,23.717899,1.770300
1,1,27.256493,26.494700,3.256200,26.833300,1.694000
1,1,27.279397,22.903200,2.082600,22.793100,2.349500
1,1,27.309989,30.592099,2.273300,29.511700,1.935800
1,1,27.331773,21.784000,3.516000,22.562401,2.150200
1,1,27.360475,28.702602,2.731900,28.581900,2.058700
1,1,27.388932,28.456297,2.723400,28.214399,1.993000
1,1,27.411724,22.792600,3.088700,23.107100,2.242900
1,1,27.438875,27.150501,2.696200,27.359501,2.240800
1,1,27.460694,21.819100,2.903300,21.896601,1.616600
1,1,27.492770,32.076400,2.850000,24.220100,1.689300
1,1,27.510631,17.860901,10.087300,25.493299,1.884100
1,1,27.538028,27.396500,2.667100,27.111500,1.999100
1,1,27.561948,23.920100,3.170000,23.809500,2.256500
1,1,27.588640,26.692200,3.035400,26.822201,2.116500
1,1,27.613305,24.665099,2.641300,24.593800,1.849800
1,1,27.643799,30.494500,3.020900,29.710300,2.075500
1,1,27.666754,22.954702,4.319700,24.022301,2.878500
1,1,27.696278,29.524099,3.094600,29.304800,2.303400
1,1,27.723489,27.210798,2.923600,27.176701,1.975800
1,1,27.749194,25.705401,3.474500,25.284700,2.112400
1,1,27.778036,28.841801,3.457700,29.025499,2.361200
1,1,27.805635,27.598400,3.022900,27.895300,2.438200
1,1,27.829213,23.578200,2.805000,22.936800,1.911300
1,1,27.860590,31.376999,3.570900,31.624901,2.210100
1,1,27.889599,29.009599,3.307800,29.208300,1.767800
1,1,27.911993,22.393201,2.984300,22.555401,2.009300
1,1,27.939992,27.999099,2.603700,28.060499,2.190000
1,1,27.964763,24.770800,2.484300,24.849400,1.962700
1,1,27.994591,29.828303,2.425000,29.363600,2.050700
1,1,28.021568,26.977200,3.033200,27.180201,1.856700
1,1,28.045814,24.246201,2.580000,24.429300,2.471900
1,1,28.075046,29.232100,2.373800,29.027599,1.821800
1,1,28.101493,26.446499,2.512300,26.511700,1.721000
1,1,28.128969,27.475700,2.370100,27.003700,1.764800
1,1,28.155306,26.337400,2.935000,26.620399,1.905800
1,1,28.179719,24.413001,2.741300,24.426500,1.884900
1,1,28.208355,28.636098,2.699200,28.938200,1.685600
1,1,28.231157,22.801403,2.400800,22.693399,1.905100
1,1,28.259052,27.895696,2.262100,27.858000,1.514800
1,1,28.285056,26.004001,2.358100,25.291500,1.856900
1,1,28.311289,26.232500,3.251500,26.468500,2.054900
1,1,28.333180,21.891601,3.083000,22.538601,1.661400
1,1,28.361598,28.418001,2.396600,28.295700,1.749300
1,1,28.388878,27.279500,2.315200,27.257700,1.813800
1,1,28.411092,22.213999,2.342700,22.243099,1.706000
1,1,28.438040,26.948299,2.677100,27.065100,1.921500
1,1,28.460809,22.768699,2.302800,22.594299,1.912300
1,1,28.489822,29.013600,2.352800,28.769501,1.814000
1,1,28.513401,23.578603,2.669100,23.530100,2.154900
1,1,28.540107,26.705597,2.617900,26.407200,1.741100
1,1,28.562660,22.553403,3.080300,22.985001,1.741200
1,1,28.589215,26.554700,2.658000,26.608101,1.726000
1,1,28.612838,23.623299,2.388200,23.732300,1.727400
1,1,28.640778,27.939800,2.436800,27.596001,1.952700
1,1,28.664812,24.034001,2.814700,23.879000,2.144000
1,1,28.693157,28.345101,3.303300,28.688900,2.254400
1,1,28.720336,27.178999,2.680800,27.409700,1.757400
1,1,28.744865,24.529301,2.197400,24.309799,1.954800
1,1,28.773727,28.862000,2.420400,28.686701,1.967200
1,1,28.796616,22.888299,2.573100,23.172199,1.896800
1,1,28.825828,29.212099,2.565100,28.815800,1.963800
1,1,28.849669,23.841500,3.053500,23.900101,1.967300
1,1,28.877114,27.444903,3.039100,27.753700,1.655500
1,1,28.904691,27.576897,2.691800,27.685200,1.897800
1,1,28.928108,23.417301,3.069700,23.045900,1.603900
1,1,28.956538,28.429300,2.439100,28.789600,1.778800
1,1,28.979518,22.980399,2.213100,22.982401,1.730800
1,1,29.008633,29.114801,2.383000,28.902300,1.694200
1,1,29.036790,28.156999,2.415100,28.323500,1.851500
1,1,29.060012,23.222700,2.557000,22.797300,1.850900
1,1,29.088271,28.258100,2.618200,28.534100,1.871800
1,1,29.111496,23.225598,2.635800,23.207899,1.653500
1,1,29.138820,27.323801,2.419400,27.138500,1.743300
1,1,29.161943,23.122802,2.572700,22.658501,2.207600
1,1,29.189344,27.401797,2.941200,27.848499,1.532100
1,1,29.212015,22.670399,2.410300,22.869101,1.557000
1,1,29.240472,28.457202,2.571000,28.576401,2.165300
1,1,29.264405,23.933001,2.282700,23.793400,1.598100
1,1,29.292794,28.389297,2.338800,28.348000,1.838900
1,1,29.320604,27.809102,2.421400,27.474600,1.683000
1,1,29.344290,23.686297,2.696400,23.478100,1.780200
1,1,29.370874,26.584201,2.772800,27.227301,1.727800
1,1,29.394770,23.896202,2.256100,23.563700,1.619200
1,1,29.423053,28.282598,2.618700,28.283800,1.636300
1,1,29.447447,24.394102,2.503900,24.739401,1.684500
1,1,29.474727,27.280398,2.073000,27.337799,1.671400
1,1,29.503647,28.920002,1.925200,28.215401,2.244000
1,1,29.528389,24.741597,2.630600,23.891300,1.764200
1,1,29.555202,26.813403,3.613600,27.698799,1.677000
1,1,29.577588,22.385199,2.809300,22.351801,1.724200
1,1,29.605875,28.287400,3.227600,28.603600,1.881900
1,1,29.630586,24.710901,2.985800,24.426100,1.923700
1,1,29.658301,27.715601,2.716500,27.901300,1.776100
1,1,29.688145,29.843200,2.558000,29.851400,1.740500
1,1,29.710384,22.239298,2.423200,22.092199,1.700900
1,1,29.738652,28.268199,2.539700,28.363300,1.991100
1,1,29.761446,22.794001,2.532200,22.624599,1.549200
1,1,29.789905,28.459001,2.476800,28.197901,1.981900
1,1,29.812360,22.454999,2.792700,22.978500,1.953500
1,1,29.838905,26.545100,2.369600,26.433001,1.569900
1,1,29.861641,22.735700,2.496100,22.859699,1.487200
1,1,29.890973,29.332001,2.540500,29.074499,2.016700
1,1,29.916094,25.121398,2.468100,25.374201,1.801300
1,1,29.943253,27.159002,2.568000,26.711700,1.564000
1,1,29.965448,22.194497,2.663700,22.599199,1.982800
1,1,29.993849,28.401103,2.365600,27.947300,1.575700
1,1,30.021937,28.088298,2.815500,28.383301,1.594400
1,1,30.045196,23.258403,2.604400,23.061199,1.536300
1,1,30.072425,27.229000,2.720700,27.371700,1.981200
1,1,30.096867,24.442699,2.510700,24.110701,1.836400
1,1,30.124445,27.577698,2.916700,27.940201,2.865100
1,1,30.147796,23.351002,2.463600,23.074499,1.800500
1,1,30.176239,28.443199,2.721300,28.791300,1.590400
1,1,30.203990,27.751099,2.277900,27.598101,2.040600
1,1,30.226445,22.454202,2.460000,22.369200,1.985400
1,1,30.248955,22.510998,2.563800,22.585600,2.081900
1,1,30.276761,27.805999,2.917100,27.844900,1.677100
1,1,30.301307,24.545703,2.456600,24.524799,2.028800
1,1,30.328154,26.846997,2.454600,26.572300,2.054300
1,1,30.355963,27.809102,2.634200,27.775200,1.753900
1,1,30.378980,23.016900,2.588800,22.852800,1.365600
1,1,30.408716,29.735398,2.801800,29.987801,1.750300
1,1,30.431573,22.857003,2.605700,23.119499,1.872200
1,1,30.458909,27.336501,2.216500,27.246401,1.563200
1,1,30.487322,28.413199,2.269500,28.302000,1.734700
1,1,30.511305,23.983199,2.335600,23.247999,1.894100
1,1,30.535497,24.191801,3.150000,24.939301,1.639000
1,1,30.561000,25.502201,2.336700,25.315300,1.652300
1,1,30.588179,27.179997,2.481600,27.332500,1.969100
1,1,30.611699,23.519803,2.304100,23.107201,1.519000
1,1,30.638698,26.998200,3.472900,27.206800,1.908700
1,1,30.662836,24.138998,2.659500,24.254299,1.389600
1,1,30.691223,28.386600,2.565100,28.665899,1.590700
1,1,30.714935,23.712099,2.154100,23.329201,1.727600
1,1,30.742057,27.121902,2.304600,27.265900,1.443400
1,1,30.766525,24.467599,2.294200,24.594299,2.052900
1,1,30.792762,26.237503,2.146600,25.808100,1.492500
1,1,30.817582,24.819698,2.522500,25.020901,1.763800
1,1,30.844555,26.973199,2.534900,26.804100,1.602300
1,1,30.870911,26.355702,3.185600,26.501499,1.760700
1,1,30.893183,22.272300,2.474600,22.333500,1.576900
1,1,30.920745,27.562000,2.402800,27.632900,2.101000
1,1,30.943546,22.801001,2.559700,22.688101,1.624600
1,1,30.972152,28.605599,2.565200,28.650499,2.021600
1,1,30.993264,21.112200,2.536200,20.898001,1.743200
1,1,31.022299,29.035598,2.945900,28.855700,1.693700
1,1,31.044982,22.682201,2.838600,22.526899,1.461400
1,1,31.069427,24.445701,3.027000,24.646700,1.706500
1,1,31.095052,25.624100,2.628700,25.565300,1.292200
1,1,31.121554,26.502199,2.548200,26.734400,1.699100
1,1,31.145472,23.918301,2.367300,22.684200,1.345700
1,1,31.173187,27.714897,2.976500,28.805300,1.818800
1,1,31.195653,22.466201,2.477500,22.776699,1.424100
1,1,31.222602,26.948601,2.132500,26.653799,1.657900
1,1,31.244803,22.201501,2.499100,22.369499,1.632200
1,1,31.269631,24.827398,2.413200,24.372000,1.618400
1,1,31.294339,24.708502,2.672600,24.966600,1.694400
1,1,31.316927,22.587497,2.403800,22.663700,1.705600
1,1,31.344973,28.046302,2.360000,27.920099,1.846800
1,1,31.371626,26.653100,2.482100,26.910900,2.002800
1,1,31.394375,22.749498,2.118500,22.364901,1.925600
1,1,31.418523,24.147101,2.488900,24.366400,1.831000
1,1,31.445305,26.782598,2.301700,26.607700,1.778800
1,1,31.472347,27.041703,2.433400,27.294701,1.861800
1,1,31.496733,24.385698,2.208000,24.284901,1.954700
1,1,31.523174,26.441600,2.279700,26.397600,1.753400
1,1,31.545777,22.602301,2.250000,22.579399,1.979800
1,1,31.572624,26.847199,2.309800,27.137199,1.798500
1,1,31.596945,24.321102,2.450400,23.198700,1.869200
1,1,31.623859,26.914097,3.191400,27.586399,1.967600
1,1,31.647489,23.630202,2.589800,23.327700,1.977900
1,1,31.678769,31.280201,2.953300,31.460600,2.062200
1,1,31.707239,28.469298,2.698200,28.626801,2.020700
1,1,31.735258,28.019000,2.476100,28.233601,1.504300
1,1,31.761511,26.253100,2.332600,25.836399,1.440500
1,1,31.789243,27.732600,2.979500,28.031900,1.715300
1,1,31.814171,24.928100,2.711800,25.016899,1.824200
1,1,31.842363,28.191600,2.127400,28.111500,1.906700
1,1,31.871808,29.445101,2.309500,29.026199,1.686800
1,1,31.895819,24.010599,2.725500,23.921301,1.663300
1,1,31.923652,27.832802,3.027000,27.886700,1.983200
1,1,31.946333,22.681497,2.729700,23.100401,1.522800
1,1,31.973691,27.357802,2.264900,26.520300,1.699700
1,1,31.997111,23.420099,2.909600,24.217501,1.809200
1,1,32.025311,28.200399,2.114600,28.200800,1.703900
1,1,32.050743,25.431402,2.056500,25.482300,1.715700
1,1,32.078097,27.354199,2.380400,26.071301,1.516800
1,1,32.105883,27.786400,3.529700,28.487301,1.758900
1,1,32.130302,24.418399,2.788600,24.708799,1.840200
1,1,32.157200,26.897900,2.485700,26.716200,1.658400
1,1,32.184573,27.373601,2.573600,27.788799,1.792200
1,1,32.208361,23.787301,2.481500,23.811800,1.776900
1,1,32.236011,27.650498,2.541000,27.594400,1.845400
1,1,32.259955,23.943901,2.970500,23.526100,1.653200
1,1,32.288203,28.248101,2.734400,28.448099,1.911300
1,1,32.310378,22.175100,2.468400,21.952600,1.746300
1,1,32.339393,29.015299,2.640500,29.131500,1.775700
1,1,32.361571,22.177201,2.811400,22.150600,1.951200
1,1,32.389582,28.011400,2.547300,28.185801,1.836700
1,1,32.414412,24.830099,2.239800,24.657801,1.553800
1,1,32.442381,27.968701,2.192500,28.245501,1.689700
1,1,32.471188,28.806999,2.456100,28.635099,1.558900
1,1,32.495801,24.613101,2.150000,24.318501,1.806300
1,1,32.519390,23.589000,2.606200,23.772100,2.023500
1,1,32.548375,28.984800,2.558800,25.036800,1.666800
1,1,32.567226,18.850997,6.317200,22.609301,1.632300
1,1,32.595220,27.994301,2.744400,27.685200,1.790200
1,1,32.622901,27.681500,3.557800,28.168100,2.281000
1,1,32.646382,23.480702,2.275700,23.392000,1.834100
1,1,32.675143,28.760299,2.403200,28.806601,2.613200
1,1,32.701802,26.659701,2.470300,26.549801,1.701700
1,1,32.726098,24.295900,2.483100,23.846300,1.473200
1,1,32.751819,25.720600,2.724500,26.351801,1.550600
1,1,32.776924,25.105000,2.420100,24.859600,1.788600
1,1,32.805897,28.973497,2.576800,28.801500,2.161000
1,1,32.828003,22.105403,3.046200,22.267599,1.634100
1,1,32.850512,22.509400,2.537100,22.470501,1.874100
1,1,32.878936,28.424200,2.389500,27.455000,1.416400
1,1,32.903260,24.323497,3.416800,24.810400,2.145800
1,1,32.928471,25.211602,2.989000,25.188200,1.673300
1,1,32.955891,27.419299,3.041200,27.999300,2.214400
1,1,32.979115,23.224100,2.421300,23.127199,2.026700
1,1,33.003827,24.712302,2.575300,24.472000,1.875900
1,1,33.028892,25.064498,2.601800,24.969200,1.631600
1,1,33.055037,26.145201,2.652100,26.380199,1.853400
1,1,33.077739,22.702698,2.451600,22.439600,1.508300
1,1,33.104294,26.554801,2.868700,27.200500,2.036800
1,1,33.128736,24.441700,2.202700,23.827999,1.983300
1,1,33.155715,26.979499,2.725600,27.274799,1.921200
1,1,33.179572,23.856800,2.579200,23.505899,1.544000
1,1,33.205917,26.344802,2.918500,26.850300,2.198900
1,1,33.231382,25.464598,2.270700,25.201900,1.874400
1,1,33.258218,26.836000,2.507000,26.626400,1.417700
1,1,33.281037,22.819702,2.795600,23.135799,1.633100
1,1,33.307405,26.367698,2.347100,26.495100,1.887900
1,1,33.331269,23.864500,2.176700,23.785000,1.612800
1,1,33.357995,26.725899,2.336800,26.487301,1.792500
1,1,33.382248,24.253100,2.447100,24.184500,2.320000
1,1,33.408877,26.628003,2.859300,27.066299,1.634500
1,1,33.438035,29.158898,2.061200,28.948601,1.775200
1,1,33.463351,25.315803,2.337500,24.340900,1.622700
1,1,33.487318,23.966398,3.227700,25.037201,1.852600
1,1,33.512965,25.647599,2.316600,24.724001,1.923900
1,1,33.539586,26.620302,3.072900,27.276501,1.660300
1,1,33.562420,22.834800,2.841800,22.810801,2.015900
1,1,33.590273,27.852200,2.684200,27.980400,2.160100
1,1,33.615095,24.822000,2.541100,24.528700,1.604900
1,1,33.642059,26.964098,2.711900,27.419100,1.733500
1,1,33.670103,28.044101,2.085600,27.924000,1.553000
1,1,33.693250,23.147199,2.691200,23.091700,1.744400
1,1,33.722795,29.544700,2.433700,29.242300,1.795600
1,1,33.745465,22.670500,3.060100,22.470501,1.505700
1,1,33.773082,27.617101,2.793500,27.739700,1.701800
1,1,33.795455,22.373099,2.677900,22.535500,1.747100
1,1,33.822278,26.823200,2.654100,26.764200,1.725300
1,1,33.845547,23.268700,2.588500,23.200800,1.656600
1,1,33.872150,26.602499,2.527300,27.056400,2.087500
1,1,33.895989,23.839403,2.275700,23.759001,1.720200
1,1,33.923354,27.364600,2.158200,26.948700,1.856800
1,1,33.945520,22.166599,2.528600,22.503401,1.558100
1,1,33.973916,28.395999,2.191700,27.479401,1.872000
1,1,33.997630,23.713201,3.199300,24.316000,1.543400
1,1,34.024978,27.348097,3.188800,27.320700,1.697800
1,1,34.049623,24.645001,2.511800,24.650999,1.684900
1,1,34.076020,26.397400,2.780800,26.880199,1.980800
1,1,34.099421,23.400903,2.057600,23.356501,1.788300
1,1,34.128724,29.302999,2.142000,28.635099,1.831100
1,1,34.156057,27.332701,2.748200,27.349701,1.663200
1,1,34.178786,22.729598,3.192900,22.934900,1.524700
1,1,34.206723,27.936902,3.064800,28.157600,1.647000
1,1,34.231063,24.339899,2.267500,24.389000,1.764000
1,1,34.258813,27.750298,2.202700,27.884300,1.586600
1,1,34.285809,26.995700,1.907700,26.379299,2.316600
1,1,34.311120,25.311399,2.898400,25.790501,1.548000
1,1,34.338337,27.216204,2.796800,26.860399,2.211000
1,1,34.360665,22.328399,2.625600,22.689199,1.867000
1,1,34.389839,29.174000,2.275700,28.989000,2.005100
1,1,34.412888,23.049399,2.369400,22.707500,1.658600
1,1,34.436940,24.051901,2.710400,24.404200,1.630500
1,1,34.462371,25.430501,2.332100,25.293100,2.147800
1,1,34.489813,27.441896,2.421300,27.550400,1.840100
1,1,34.512588,22.775501,2.341400,22.659500,1.643300
1,1,34.540764,28.175402,2.389200,28.017700,1.700500
1,1,34.564454,23.690499,2.492400,22.969299,1.392900
1,1,34.590919,26.465099,3.189600,27.238501,1.621700
1,1,34.615813,24.893899,2.645900,24.945299,1.725900
1,1,34.644704,28.890502,2.433900,28.990000,1.728000
1,1,34.673190,28.486498,2.286100,28.615200,1.809700
1,1,34.697531,24.340700,2.412500,24.094400,1.856800
1,1,34.726921,29.390402,2.434400,29.327999,1.937000
1,1,34.750361,23.439500,2.472000,23.440100,1.531700
1,1,34.779290,28.928999,2.351700,28.594101,2.410600
1,1,34.801105,21.815799,2.816300,22.343201,1.806700
1,1,34.829457,28.351400,2.285700,28.145201,2.035700
1,1,34.856503,27.045801,2.545400,27.282801,1.542300
1,1,34.880185,23.681898,2.171700,22.943399,1.618200
1,1,34.906755,26.570801,2.936000,27.236099,2.206500
1,1,34.931542,24.786301,2.315600,24.696199,1.609800
1,1,34.960407,28.865699,2.247900,28.855101,1.580000
1,1,34.989672,29.264800,2.326800,29.294901,1.687000
1,1,35.013467,23.794901,2.244600,23.762899,1.642300
1,1,35.040620,27.152799,2.386300,27.107599,1.717100
1,1,35.063337,22.717401,2.329800,22.692200,1.565800
1,1,35.090661,27.323302,2.282000,27.364201,1.944600
1,1,35.113791,23.130197,2.462500,22.938999,1.774300
1,1,35.140833,27.041800,2.552400,27.419800,2.169400
1,1,35.164575,23.742501,2.512000,23.372400,1.800900
1,1,35.192270,27.695302,2.313100,28.074600,1.845000
1,1,35.216941,24.670597,2.022600,24.592800,1.678100
1,1,35.244686,27.744699,2.184600,27.620899,2.133400
1,1,35.271936,27.250003,2.212600,27.317699,1.897500
1,1,35.294621,22.685397,2.218900,22.340000,2.084700
1,1,35.323003,28.381903,2.672700,28.361900,2.292400
1,1,35.345862,22.858799,3.060200,22.723499,1.833600
1,1,35.373916,28.054699,2.876000,28.441299,1.656900
1,1,35.397456,23.539100,2.377700,22.799000,1.778600
1,1,35.423854,26.398700,3.064100,27.162800,1.678600
1,1,35.448927,25.072601,2.360500,24.708700,1.627300
1,1,35.475857,26.930001,2.670000,27.229200,1.615400
1,1,35.499435,23.577601,2.351000,23.414600,1.841100
1,1,35.525860,26.425399,2.438100,26.843500,1.554400
1,1,35.551082,25.222600,1.907800,24.874901,1.814200
1,1,35.575988,24.905901,2.462400,25.004101,1.653200
1,1,35.599174,23.185898,2.140200,23.183001,1.794100
1,1,35.626391,27.217001,2.559500,27.146700,1.851000
1,1,35.650295,23.904100,2.401800,23.748899,1.771600
1,1,35.679427,29.131699,2.371700,28.535999,1.495100
1,1,35.707557,28.130002,3.145400,28.733900,2.271000
1,1,35.729889,22.331998,2.669400,22.449900,1.819300
1,1,35.756635,26.745901,2.507400,26.626900,1.747100
1,1,35.779860,23.225401,2.502200,23.275101,1.787500
1,1,35.806476,26.615601,2.331900,26.544500,1.981600
1,1,35.830737,24.260700,2.462500,23.892401,1.788100
1,1,35.858456,27.719200,2.876700,27.860600,1.899900
1,1,35.883255,24.799500,2.549200,24.971399,1.643400
1,1,35.909700,26.444498,2.546400,26.483500,2.025500
1,1,35.935988,26.288301,2.344000,26.157900,1.836600
1,1,35.963133,27.145300,2.579300,26.974400,1.642500
1,1,35.987514,24.380703,2.783700,24.483200,1.872600
1,1,36.013780,26.265498,2.602300,26.267300,2.632100
1,1,36.044629,30.848999,2.722400,30.578800,1.953800
1,1,36.071584,26.955500,2.900100,27.415300,1.751600
1,1,36.097824,26.240200,2.267700,25.878000,1.566900
1,1,36.126512,28.688002,2.699500,28.946400,1.740300
1,1,36.150470,23.957599,3.122800,23.358101,1.558200
1,1,36.178064,27.593601,3.191100,28.248600,2.161900
1,1,36.207121,29.057797,2.226000,29.074301,1.719600
1,1,36.230052,22.930801,2.322000,22.804001,1.936300
1,1,36.256788,26.735902,3.078900,26.622900,1.889500
1,1,36.279523,22.734400,2.427500,22.805799,1.787500
1,1,36.306907,27.384598,2.414300,27.363701,1.600900
1,1,36.329354,22.447102,2.564200,22.472200,1.656800
1,1,36.357536,28.182298,2.292300,28.070999,1.793900
1,1,36.381847,24.310801,2.461400,24.562901,2.396300
1,1,36.410701,28.853301,2.147800,28.687700,1.728000
1,1,36.439688,28.987799,2.300100,28.952999,1.668600
1,1,36.462019,22.331100,2.399000,22.070000,1.897900
1,1,36.489422,27.402900,2.551300,27.624201,1.715500
1,1,36.512052,22.629101,2.383500,22.691900,1.764700
1,1,36.540610,28.558198,2.352500,28.277201,1.750500
1,1,36.563060,22.449803,2.500100,22.612101,1.545900
1,1,36.590628,27.568799,2.447600,27.433500,2.086000
1,1,36.614717,24.088401,2.974600,23.971701,1.746000
1,1,36.641768,27.051497,2.730900,27.300501,1.508100
1,1,36.665881,24.112500,2.249400,24.249399,1.632900
1,1,36.693248,27.366903,2.388500,27.206400,1.530400
1,1,36.716614,23.366299,2.226600,23.197399,1.935800
1,1,36.742986,26.372202,2.510200,26.830299,1.730900
1,1,36.770213,27.226597,1.864300,26.914700,1.572900
1,1,36.793486,23.272902,2.325500,23.244801,1.678500
1,1,36.821086,27.599901,2.253200,27.715000,1.811600
1,1,36.843488,22.402797,2.004800,22.488100,1.630600
1,1,36.869162,25.673803,2.583600,25.176399,1.798300
1,1,36.895534,26.371699,2.598400,26.093399,1.778300
1,1,36.917990,22.456001,3.219100,23.000700,2.150700
1,1,36.946356,28.366599,2.397400,28.112200,1.714200
1,1,36.974229,27.872700,2.550200,27.911900,1.848400
1,1,36.995215,20.985801,2.759200,21.085699,1.770900
1,1,37.022452,27.237497,2.334200,27.219999,1.685300
1,1,37.045191,22.738401,2.684500,22.749399,1.572800
1,1,37.073492,28.301299,2.492000,28.419300,2.034300
1,1,37.096220,22.728201,2.359700,22.656000,1.714900
1,1,37.123384,27.163401,2.758800,26.890499,1.702300
1,1,37.146607,23.223698,2.963600,23.191900,1.493300
1,1,37.168474,21.866202,2.821800,22.353701,2.002200
1,1,37.197179,28.705597,2.438100,28.214199,1.445200
1,1,37.224392,27.212802,2.912800,27.508900,2.000100
1,1,37.248895,24.502799,2.433800,24.628799,1.462300
1,1,37.277423,28.528102,2.168600,28.428699,1.678500
1,1,37.305101,27.678099,2.393500,27.654600,1.619600
1,1,37.327890,22.789001,2.340400,22.532700,1.791600
1,1,37.355852,27.962498,2.474300,28.067600,1.831000
1,1,37.378247,22.394400,2.622600,22.566200,1.542000
1,1,37.407003,28.756101,2.125100,28.644800,1.976300
1,1,37.429556,22.553299,2.504800,22.306499,1.475700
1,1,37.456882,27.326200,2.557300,27.359301,1.910100
1,1,37.479561,22.678100,2.628100,22.496901,1.726500
1,1,37.506862,27.301501,2.751200,27.619499,1.639400
1,1,37.530093,23.230400,3.136300,23.136999,1.296100
1,1,37.556981,26.888199,2.490100,26.709801,1.780000
1,1,37.582602,25.621202,2.660100,22.367001,1.648400
1,1,37.606800,24.198297,6.200600,27.648199,1.765600
1,1,37.630823,24.023000,2.633800,23.681700,1.923100
1,1,37.658586,27.763300,2.858500,27.879801,1.865200
1,1,37.682332,23.745902,2.939100,23.703600,1.892200
1,1,37.710876,28.543700,2.711300,27.799200,1.526400
1,1,37.738865,27.989201,3.312700,28.569799,1.702300
1,1,37.762721,23.855500,2.802000,24.169399,1.983100
1,1,37.784359,21.638699,2.566900,21.879101,1.793200
1,1,37.812083,27.723901,2.640800,27.465700,1.949700
1,1,37.840690,28.606400,2.314000,28.861099,1.685400
1,1,37.864038,23.347899,2.051200,22.691999,1.816300
1,1,37.891313,27.274899,3.110300,27.495399,1.847000
1,1,37.915599,24.286900,2.731200,24.637199,1.535700
1,1,37.943855,28.255302,2.371000,27.927099,1.667300
1,1,37.973453,29.598299,2.484400,29.713800,1.895400
1,1,37.996501,23.047701,2.467400,22.835400,2.028700
1,1,38.024098,27.597599,2.725600,27.731300,2.316700
1,1,38.048085,23.987100,2.897000,23.306999,2.493500
1,1,38.075886,27.800601,3.392500,28.306200,2.413300
1,1,38.098758,22.872098,3.068300,23.006599,1.963300
1,1,38.128069,29.310901,2.401400,28.688200,2.007100
1,1,38.152612,24.542600,3.006500,25.310801,1.834200
1,1,38.180755,28.142802,2.440600,27.726200,2.027500
1,1,38.207255,26.500400,2.732000,26.958000,2.120200
1,1,38.230382,23.127597,2.194900,22.823099,1.978800
1,1,38.256980,26.597403,2.512400,26.944901,1.980800
1,1,38.280882,23.902200,2.153900,23.252501,1.693300
1,1,38.307584,26.701797,2.832700,27.261900,1.828300
1,1,38.332568,24.983902,2.699700,24.973801,1.859700
1,1,38.358904,26.336100,2.655200,26.131599,1.584600
1,1,38.380336,21.432102,2.343500,21.049400,1.569000
1,1,38.409847,29.510900,3.836800,29.894199,2.110500
1,1,38.432810,22.963099,3.348100,22.739100,2.080200
1,1,38.461567,28.756600,3.456700,28.892599,2.494500
1,1,38.484386,22.819698,2.787800,23.062599,1.911100
1,1,38.513150,28.763700,2.617600,28.419201,2.152500
1,1,38.540882,27.731802,2.647500,27.730000,1.938400
1,1,38.565833,24.951298,2.745100,24.437201,1.972800
1,1,38.594186,28.353103,2.893300,28.659901,1.811300
1,1,38.618025,23.839198,2.733800,23.450001,2.153300
1,1,38.645810,27.784500,3.339000,28.580200,1.866500
1,1,38.674367,28.557200,2.866000,27.979099,2.049100
1,1,38.698390,24.023101,3.166700,23.954901,2.334900
1,1,38.725112,26.721701,3.842000,27.016899,2.135900
1,1,38.747857,22.745099,2.629700,22.790701,1.512500
1,1,38.776372,28.515201,2.640100,28.686600,1.929800
1,1,38.799653,23.280498,2.287000,23.511999,1.695500
1,1,38.828707,29.054601,2.810300,28.597401,1.839100
1,1,38.853565,24.857599,2.705800,24.868500,1.816700
1,1,38.879129,25.564000,2.675000,25.441099,1.743300
1,1,38.903721,24.592001,2.514900,24.747000,1.695100
1,1,38.930373,26.652500,3.119200,26.860901,1.808900
1,1,38.960185,29.811598,2.250900,29.648399,1.678100
1,1,38.983178,22.993103,2.541500,23.214800,1.562700
1,1,39.010275,27.097199,2.402500,27.204500,1.638300
1,1,39.038533,28.257899,2.138100,27.764400,1.731500
1,1,39.063255,24.722099,2.700300,24.402300,1.450300
1,1,39.087789,24.533302,2.895300,25.061701,1.717400
1,1,39.114341,26.552301,2.412400,26.242701,2.259700
1,1,39.146176,31.834997,2.757800,29.637699,1.912000
1,1,39.165049,18.873300,2.874500,17.680599,1.976200
1,1,39.180852,15.802402,4.059400,16.977900,1.980200
1,1,39.197639,16.787797,3.405500,16.660999,2.262200
1,1,39.214787,17.147601,2.840600,16.652201,2.075500
1,1,39.231847,17.060000,3.421300,19.226299,2.245900
1,1,39.258756,26.908800,3.517300,27.647400,1.796500
1,1,39.281955,23.199201,2.548000,22.966400,1.971200
1,1,39.312600,30.644901,2.899800,29.937201,1.720000
1,1,39.335930,23.329798,3.550200,24.566799,2.144900
1,1,39.361798,25.868300,2.348200,25.398899,1.939800
1,1,39.386987,25.189500,2.567100,25.340900,2.325800
1,1,39.412506,25.518999,2.751900,25.670099,1.641700
1,1,39.440677,28.170403,2.632400,27.664400,1.808600
1,1,39.464020,23.343198,3.063100,23.679001,2.005200
1,1,39.491512,27.491901,2.809400,27.468700,1.825200
1,1,39.515324,23.812499,2.940900,23.296600,2.105700
1,1,39.542514,27.189199,3.058100,27.602200,2.368000
1,1,39.565272,22.757903,2.441800,23.076300,1.532600
1,1,39.591741,26.469197,2.238800,26.047501,1.831600
1,1,39.615279,23.538101,2.749600,22.365700,1.645500
1,1,39.644619,29.339999,4.173400,30.471100,2.216800
1,1,39.666821,22.201702,2.930900,22.520399,2.561200
1,1,39.696742,29.921599,2.342400,29.694901,2.250100
1,1,39.721394,24.652202,2.724000,24.577499,2.366000
1,1,39.748398,27.004000,2.724100,27.103500,2.178000
1,1,39.777034,28.635900,2.628600,28.910299,2.225000
1,1,39.803469,26.434299,2.401500,26.390100,2.119200
1,1,39.831996,28.527699,2.579400,27.154900,1.848700
1,1,39.858631,26.634399,4.096100,27.919901,1.732000
1,1,39.883650,25.019702,2.292000,25.214500,1.784800
1,1,39.913942,30.291401,2.370900,29.542601,1.786800
1,1,39.943453,29.511098,3.113300,29.986700,2.348700
1,1,39.967467,24.013903,2.672100,23.802299,2.110200
1,1,39.994749,27.282000,2.719600,27.641100,1.916700
1,1,40.024930,30.181099,2.294000,30.288900,1.983600
1,1,40.050313,25.383301,2.047800,25.108500,1.859900
1,1,40.080572,30.258700,2.501900,29.829000,1.902000
1,1,40.108603,28.031498,3.050900,28.099300,1.880000
1,1,40.132075,23.471899,2.844100,22.998501,1.874000
1,1,40.159888,27.812600,3.333600,28.335899,1.737400
1,1,40.183683,23.795601,2.769300,24.035500,1.936200
1,1,40.212056,28.372601,2.452400,28.540899,1.507600
1,1,40.238627,26.570499,2.171200,26.457701,1.764100
1,1,40.266254,27.627300,2.746400,27.193300,1.687300
1,1,40.293614,27.359899,2.831900,27.788700,1.875600
1,1,40.317510,23.896400,2.258700,23.690100,2.025000
1,1,40.346713,29.203299,2.810200,29.347900,2.102300
1,1,40.373966,27.252004,2.527100,27.177299,1.903400
1,1,40.397508,23.542996,2.723100,23.039600,2.403100
1,1,40.424695,27.186200,3.265700,27.663900,1.947000
1,1,40.448275,23.580302,2.581200,23.533400,2.426300
1,1,40.474885,26.609700,2.538400,26.752001,2.221700
1,1,40.499236,24.351399,2.399400,24.350100,1.854900
1,1,40.527376,28.140001,2.283600,28.059601,1.718900
1,1,40.553655,26.278701,2.238400,26.366301,1.816000
1,1,40.580797,27.141798,2.125900,26.553699,1.533200
1,1,40.607517,26.720900,2.661700,27.189699,1.684700
1,1,40.631486,23.968801,2.622100,23.675301,1.812200
1,1,40.661826,30.340098,2.575500,30.401699,1.682500
1,1,40.686873,25.046501,2.378800,25.412500,1.667000
1,1,40.713100,26.227299,2.045700,25.967199,1.548700
1,1,40.739844,26.743602,2.557300,26.954000,2.046200
1,1,40.763753,23.908701,2.205600,23.653299,1.801500
1,1,40.791525,27.772598,2.408000,27.874901,1.803400
1,1,40.814619,23.093402,2.166000,22.906799,1.737200
1,1,40.841446,26.827097,2.425800,27.037800,1.481000
1,1,40.863845,22.399101,2.070400,22.124100,1.483200
1,1,40.891088,27.243599,2.467400,27.187099,2.054900
1,1,40.914372,23.283701,2.337100,23.275400,1.459200
1,1,40.941429,27.057100,2.438600,27.118401,1.542800
1,1,40.963955,22.525799,2.307700,22.438499,1.457100
1,1,40.991034,27.079202,2.533500,27.214100,1.702200
1,1,41.014422,23.387998,2.238000,22.473499,1.443000
1,1,41.035776,21.354001,3.371800,22.488600,2.194900
1,1,41.064553,28.776899,2.182500,28.265600,1.864500
1,1,41.091042,26.488699,2.615100,27.011499,1.823500
1,1,41.113701,22.659302,2.055100,22.181101,1.547400
1,1,41.140590,26.889000,2.509500,27.143499,1.923100
1,1,41.165388,24.797499,2.310000,24.869101,1.576000
1,1,41.192926,27.538002,2.062600,27.370701,2.104600
1,1,41.216432,23.506798,2.289000,23.556400,1.488500
1,1,41.243750,27.317900,2.315800,27.367701,1.932300
1,1,41.272584,28.833501,2.073800,28.511801,1.584800
1,1,41.295105,22.521000,2.359800,22.553600,1.933200
1,1,41.324094,28.989401,2.404900,29.036400,2.263300
1,1,41.346735,22.641398,2.457900,22.583000,1.679500
1,1,41.373394,26.658501,2.409800,26.918400,2.172700
1,1,41.395459,22.065300,2.054600,21.970501,1.880600
1,1,41.423944,28.484397,2.527900,28.280100,1.684100
1,1,41.446595,22.651102,2.663500,22.642500,1.529700
1,1,41.475363,28.767999,2.290200,28.755400,2.111100
1,1,41.498239,22.876099,2.639300,23.155199,2.033700
1,1,41.525208,26.969001,2.231800,26.526600,1.917700
1,1,41.549364,24.155602,2.428800,24.614700,1.689100
1,1,41.577617,28.253499,1.966700,28.056400,1.613700
1,1,41.605262,27.645100,2.435600,27.294600,1.965100
1,1,41.626851,21.588799,2.504100,21.837700,1.879100
1,1,41.652278,25.427401,2.124700,25.220900,1.769500
1,1,41.679996,27.717300,2.692800,27.679100,1.499900
1,1,41.701448,21.452200,2.592000,21.913401,1.814000
1,1,41.728041,26.593301,1.935900,26.360600,1.653400
1,1,41.751158,23.117099,2.297100,22.822701,1.581300
1,1,41.778438,27.279500,2.414000,27.409300,1.885300
1,1,41.803632,25.194500,2.359100,25.521700,2.015200
1,1,41.829116,25.483802,2.003400,25.402901,2.221200
1,1,41.855275,26.159097,2.138800,25.689501,1.856300
1,1,41.882215,26.940402,2.801000,26.308001,1.667600
1,1,41.909284,27.068298,3.045100,27.931900,1.696100
1,1,41.933016,23.732003,2.193600,24.056000,1.619600
1,1,41.961328,28.312501,2.212500,28.062401,1.715800
1,1,41.988918,27.589899,2.169800,27.220200,1.669400
1,1,42.011996,23.078199,2.546200,23.644400,1.904900
1,1,42.039743,27.746201,2.066900,27.470100,1.969100
1,1,42.061724,21.981798,2.572700,22.155600,2.057400
1,1,42.084777,23.052800,2.121700,23.031601,1.662400
1,1,42.114393,29.616300,2.593800,28.418501,1.598800
1,1,42.138117,23.723900,3.309000,24.344801,1.856000
1,1,42.163598,25.480200,2.865800,25.539101,1.995500
1,1,42.190501,26.903603,2.625000,27.097601,1.986800
1,1,42.212850,22.348698,2.282300,22.466700,1.784400
1,1,42.241814,28.964199,2.145600,28.719400,1.643500
1,1,42.264022,22.208001,2.469800,22.052299,1.370300
1,1,42.291233,27.211301,2.659900,27.606600,1.362000
1,1,42.314185,22.951998,2.109700,22.354200,1.624900
1,1,42.340892,26.706502,2.828000,26.982201,1.902100
1,1,42.364196,23.304399,2.441500,23.476801,1.632000
1,1,42.391254,27.057800,2.292200,26.760900,1.755900
1,1,42.414503,23.248799,2.552500,22.573900,1.865800
1,1,42.438212,23.709100,3.244000,24.610800,1.971000
1,1,42.464617,26.404701,2.306400,26.503599,2.050100
1,1,42.493344,28.727397,2.233400,28.880600,1.498800
1,1,42.516852,23.508303,2.213300,23.295300,1.981000
1,1,42.545924,29.071499,2.415000,29.098900,1.515300
1,1,42.570497,24.573501,2.383000,24.580000,1.718800
1,1,42.598263,27.765498,2.454700,26.603500,1.985200
1,1,42.626606,28.342701,3.507000,21.842400,2.455500
1,1,42.647733,21.127399,10.059200,28.034401,2.433900
1,1,42.676900,29.167499,3.563300,29.179199,2.353000
1,1,42.700232,23.332000,3.162900,23.186800,2.223400
1,1,42.726820,26.587300,3.432100,26.705500,1.918100
1,1,42.749117,22.297300,3.465600,22.445101,1.843700
1,1,42.776204,27.086902,3.016300,27.291800,2.147600
1,1,42.797916,21.711700,2.620000,21.866301,2.066600
1,1,42.825525,27.609501,2.446200,27.349100,1.873500
1,1,42.849678,24.153199,2.548400,24.142200,2.434100
1,1,42.876648,26.969500,2.572200,26.794901,1.718800
1,1,42.899073,22.424601,2.759900,22.306400,2.064900
1,1,42.925845,26.772797,3.046800,27.176701,1.949600
1,1,42.948631,22.785902,2.505900,22.607300,2.046400
1,1,42.974866,26.234601,2.700300,26.758101,1.770300
1,1,42.999261,24.395499,2.069800,23.905500,1.865200
1,1,43.027570,28.308298,2.899300,28.271700,1.697100
1,1,43.051066,23.496300,2.749400,23.357300,1.876600
1,1,43.079003,27.936801,2.662600,28.277201,2.544400
1,1,43.109128,30.125298,2.371700,29.955000,2.236800
1,1,43.132167,23.039203,3.025600,23.020599,1.851400
1,1,43.159765,27.597800,2.701300,27.259701,1.898500
1,1,43.182136,22.370800,2.994800,22.551701,1.787500
1,1,43.207894,25.758199,2.969100,26.128201,1.780700
1,1,43.230987,23.093298,2.137400,22.654600,1.716300
1,1,43.258492,27.505200,3.032000,27.779499,1.904400
1,1,43.282565,24.072200,2.466200,24.229700,1.645600
1,1,43.309744,27.179502,2.322200,26.910299,1.624200
1,1,43.332936,23.192100,2.450400,23.297300,1.665000
1,1,43.361520,28.584097,2.509700,28.439600,1.839500
1,1,43.390461,28.940503,2.567100,29.109400,1.899100
1,1,43.413674,23.212899,2.560900,22.890200,2.161200
1,1,43.443567,29.892702,2.845300,30.367001,2.259400
1,1,43.466794,23.227300,2.140300,22.990400,1.386300
1,1,43.495297,28.503500,2.621600,28.354601,1.699200
1,1,43.525355,30.057698,2.419800,30.184999,2.110500
1,1,43.550461,25.106002,2.522200,24.695999,1.773800
1,1,43.576984,26.523098,2.899500,26.730900,1.715100
1,1,43.602479,25.495101,2.342000,25.457199,1.688700
1,1,43.630408,27.928300,2.650600,27.887600,1.978800
1,1,43.658507,28.099701,2.937400,28.187000,2.049800
1,1,43.683327,24.819396,3.101800,25.009399,2.151600
1,1,43.711338,28.011400,2.374800,28.047800,1.869300
1,1,43.733036,21.697700,2.334800,21.832199,1.974800
1,1,43.762210,29.173903,2.065400,28.899900,1.568700
1,1,43.791169,28.959099,2.393900,29.155199,2.333200
1,1,43.814073,22.904400,2.372500,22.596399,1.754400
1,1,43.838832,24.759199,2.553800,24.578899,1.822700
1,1,43.865017,26.184499,2.539600,26.282700,2.001200
1,1,43.893395,28.377902,2.424400,28.801500,1.733700
1,1,43.916834,23.439098,1.981700,23.117100,1.946300
1,1,43.945714,28.880499,2.486500,29.133699,1.778500
1,1,43.974874,29.159602,2.070200,29.080200,1.442400
1,1,43.999739,24.865098,2.361000,24.476000,1.757500
1,1,44.027152,27.413301,2.757700,27.576599,1.481800
1,1,44.050367,23.214400,2.290500,23.367001,1.630700
1,1,44.080447,30.080300,2.470100,29.354000,1.640200
1,1,44.109595,29.148102,2.983400,29.343500,1.777200
1,1,44.132542,22.946499,3.078100,23.106800,1.545600
1,1,44.159754,27.212799,2.684500,27.491199,1.747700
1,1,44.189026,29.271699,2.327900,29.166599,2.228100
1,1,44.213541,24.515100,2.628200,24.148800,1.907800
1,1,44.241324,27.782403,2.773100,27.645901,1.759400
1,1,44.263502,22.178300,3.034800,22.250099,2.226700
1,1,44.290109,26.607201,3.195700,27.203300,1.912600
1,1,44.313026,22.916399,2.091200,22.352501,1.588800
1,1,44.337223,24.197601,2.694400,24.574800,1.721400
1,1,44.362924,25.700998,2.352000,25.640200,1.606800
1,1,44.392880,29.955901,2.433600,29.842100,1.802000
1,1,44.415983,23.103099,2.433400,22.923401,1.908100
1,1,44.444940,28.956901,2.732200,29.141600,1.710900
1,1,44.468426,23.485601,2.491600,23.236401,1.980900
1,1,44.496280,27.853999,3.260800,28.148199,2.023000
1,1,44.523452,27.172700,2.441600,27.380400,1.901100
1,1,44.546455,23.002401,2.161700,22.526199,1.834400
1,1,44.573750,27.295399,2.609200,27.409901,1.616900
1,1,44.597262,23.511499,2.579200,23.468500,1.680700
1,1,44.625990,28.728001,2.787000,28.940399,1.715200
1,1,44.651287,25.297698,2.436800,24.129499,1.808900
1,1,44.678026,26.738502,3.469500,27.690500,1.847600
1,1,44.707824,29.798500,2.710800,30.029699,1.836300
1,1,44.731139,23.314998,2.204700,23.032600,2.022400
1,1,44.758266,27.126700,2.560700,27.030300,1.749200
1,1,44.781733,23.466602,2.668000,23.735399,1.636300
1,1,44.809584,27.851500,2.576800,27.852100,1.644800
1,1,44.832752,23.167800,2.317900,23.345400,1.922000
1,1,44.861901,29.148702,2.331900,28.646000,2.087300
1,1,44.890534,28.633498,2.639800,28.376699,2.115600
1,1,44.916058,25.524300,3.238800,25.601801,1.945600
1,1,44.943349,27.290400,2.638200,27.965900,1.815500
1,1,44.973111,29.761702,2.314200,29.624701,1.826900
1,1,44.996027,22.916898,2.282800,22.360201,1.489500
1,1,45.018906,22.878103,3.329400,23.093500,1.737000
1,1,45.046687,27.781997,2.605700,27.597300,1.811900
1,1,45.075291,28.603103,2.761600,28.761400,2.026100
1,1,45.098516,23.225099,2.928500,23.357401,1.438700
1,1,45.127384,28.868701,2.381900,28.783800,1.568300
1,1,45.152730,25.345597,2.499400,25.362000,1.991100
1,1,45.179299,26.568502,2.678700,26.627701,1.934100
1,1,45.207749,28.450500,2.353500,28.293600,2.001900
1,1,45.231443,23.693800,2.490600,23.627300,1.554600
1,1,45.259448,28.004900,3.746400,27.966000,1.839400
1,1,45.282879,23.431100,2.644000,23.514500,1.722900
1,1,45.310455,27.575798,2.636800,27.599001,1.590600
1,1,45.334699,24.244700,2.478300,24.612801,1.805200
1,1,45.359941,25.241800,2.078000,24.859400,1.577600
1,1,45.385189,25.247902,2.359300,25.394199,1.437100
1,1,45.410441,25.251899,2.450500,25.174999,1.760600
1,1,45.435956,25.514901,2.308600,25.391100,2.242000
1,1,45.460174,24.218500,2.946900,24.368999,1.677400
1,1,45.482360,22.186100,2.172600,22.167601,1.428700
1,1,45.510439,28.078899,2.463900,27.676701,1.770700
1,1,45.534460,24.021201,2.822000,24.237200,2.337500
1,1,45.560608,26.147902,2.710000,26.373600,1.791400
1,1,45.586073,25.464900,2.316400,25.493200,1.935400
1,1,45.615902,29.829100,2.556000,29.225500,2.085800
1,1,45.644029,28.126899,3.376300,28.504299,2.099100
1,1,45.667930,23.900300,2.478300,23.377800,2.115000
1,1,45.697501,29.571898,3.323300,28.479500,2.068900
1,1,45.724174,26.672103,4.404400,28.196899,1.953700
1,1,45.748976,24.802797,2.631600,24.266500,2.205000
1,1,45.777670,28.694000,4.005100,28.896999,2.117200
1,1,45.800732,23.062002,3.081600,23.387400,1.999500
1,1,45.827000,26.267499,2.533900,26.040501,1.923200
1,1,45.850530,23.529902,2.773300,23.548201,1.515000
1,1,45.876696,26.165999,2.844400,26.512800,1.626400
1,1,45.900304,23.608398,2.212600,23.407200,1.917000
1,1,45.929724,29.419903,2.515100,28.885201,1.998300
1,1,45.955656,25.932301,3.166900,26.375000,1.973600
1,1,45.981231,25.574397,2.620300,25.358900,1.669300
1,1,46.008284,27.053401,2.688500,27.077999,2.288900
1,1,46.032981,24.696600,2.736300,24.681801,1.885000
1,1,46.059673,26.692599,2.606800,26.621099,1.800300
1,1,46.081721,22.047203,2.757700,22.250999,2.567600
1,1,46.108677,26.956297,2.618600,26.748301,1.823000
1,1,46.131370,22.692703,2.737200,22.705099,1.788100
1,1,46.159439,28.068997,2.730400,28.087299,1.946400
1,1,46.182169,22.730801,2.485100,22.660801,1.703300
1,1,46.210813,28.643899,2.559800,28.761600,2.084400
1,1,46.239827,29.013302,2.558900,29.008900,1.954700
1,1,46.262988,23.161199,2.776300,22.776800,1.726400
1,1,46.285356,22.368100,3.015400,22.781000,2.170000
1,1,46.313028,27.672101,2.629700,27.650999,2.021900
1,1,46.340730,27.702499,2.363200,27.836700,1.893500
1,1,46.364152,23.421701,2.442300,23.058701,1.741400
1,1,46.391242,27.089398,2.832800,27.513399,2.075500
1,1,46.413944,22.702500,2.388000,22.375299,1.941600
1,1,46.442110,28.165899,3.068900,28.110201,1.833800
1,1,46.464431,22.320602,2.554800,22.618999,1.776300
1,1,46.491784,27.353700,2.582800,27.099400,2.075700
1,1,46.514654,22.869498,2.548900,22.398899,1.606500
1,1,46.542548,27.894400,3.108200,28.736300,1.804300
1,1,46.565770,23.221303,2.255100,23.026899,1.435900
1,1,46.592555,26.785798,2.232300,26.553801,1.783100
1,1,46.616791,24.235800,2.655900,24.262400,1.623300
1,1,46.643995,27.203899,2.473700,27.310600,1.575300
1,1,46.673592,29.597200,2.374400,29.573400,2.187200
1,1,46.698009,24.417203,2.667200,24.193100,1.900900
1,1,46.724774,26.764598,2.596700,26.990299,1.689800
1,1,46.748169,23.395102,2.408000,23.080799,2.231900
1,1,46.775435,27.265597,2.724800,27.455500,2.355900
1,1,46.798989,23.554701,2.616400,23.289101,2.237800
1,1,46.827201,28.211400,2.705100,27.855301,2.142500
1,1,46.851249,24.048101,3.381300,24.516399,2.193200
1,1,46.877601,26.351798,2.861600,26.813601,2.201300
1,1,46.904700,27.099401,2.440600,26.397800,2.082700
1,1,46.929147,24.447098,2.964600,24.660400,2.100000
1,1,46.954112,24.964601,2.587700,25.041901,1.651000
1,1,46.981372,27.260300,2.344300,27.047701,1.846500
1,1,47.008809,27.436700,2.665800,27.579599,1.657600
1,1,47.031282,22.473700,2.512500,22.426500,2.028500
1,1,47.058582,27.299900,2.477200,27.470900,1.588100
1,1,47.081440,22.857301,2.392100,22.823400,1.506500
1,1,47.108825,27.384900,2.457200,27.244801,2.180700
1,1,47.132661,23.836199,2.517500,23.972300,1.446200
1,1,47.159968,27.307000,2.479700,27.201799,1.448700
1,1,47.183181,23.213100,2.504100,22.591600,1.884800
1,1,47.211084,27.903102,3.087800,28.559601,1.529800
1,1,47.233885,22.800799,2.299300,22.900900,1.925600
1,1,47.261065,27.180601,2.321300,27.223101,1.815900
1,1,47.284690,23.624398,2.047700,23.474400,1.569000
1,1,47.312497,27.807001,2.552800,27.551100,1.615500
1,1,47.338700,26.202898,2.494300,26.444099,1.777700
1,1,47.365065,26.364803,3.666100,26.367599,1.810800
1,1,47.390143,25.078598,2.401200,24.740601,1.577200
1,1,47.413971,23.828302,2.718700,23.871000,1.952400
1,1,47.442455,28.483897,2.638900,28.669201,1.561200
1,1,47.465361,22.905901,2.313600,22.668200,1.574900
1,1,47.492132,26.770599,2.576300,27.051001,1.844800
1,1,47.515354,23.222599,2.263800,22.945700,1.753100
1,1,47.542534,27.179800,2.628700,27.515499,1.707300
1,1,47.566409,23.874901,2.452100,22.606300,2.018400
1,1,47.592738,26.329100,3.649300,27.138300,1.740300
1,1,47.616852,24.114300,3.125900,23.656700,2.076000
1,1,47.644169,27.316801,3.743200,27.868099,2.038200
1,1,47.673767,29.597200,2.822800,26.227800,1.887100
1,1,47.697939,24.172798,6.321700,27.569799,1.892500
1,1,47.728804,30.864500,2.799800,30.463200,1.963400
1,1,47.750533,21.729700,3.560700,21.818001,2.385500
1,1,47.777901,27.367800,3.255400,27.640499,1.773900
1,1,47.809514,31.612203,2.566900,31.552000,1.835800
1,1,47.832936,23.422997,3.900200,22.859800,1.790400
1,1,47.861846,28.909899,4.004300,29.434401,1.985200
1,1,47.887601,25.754701,2.635900,25.912300,1.567700
1,1,47.912817,25.216199,2.504900,25.136299,1.682600
1,1,47.940962,28.145101,3.213500,28.003099,1.810200
1,1,47.964187,23.224901,2.675700,23.490299,1.500800
1,1,47.991787,27.599897,2.395500,27.628799,1.995800
1,1,48.016342,24.555001,2.730800,24.264200,2.242500
1,1,48.044114,27.771998,2.663600,28.084000,1.913800
1,1,48.067444,23.330003,2.276500,23.089701,1.754600
1,1,48.098607,31.162698,2.726000,31.268299,2.020700
1,1,48.127806,29.199000,2.339600,28.897800,1.984300
1,1,48.150287,22.481401,2.507500,22.354099,1.885400
1,1,48.177048,26.760500,2.969700,27.026400,1.751300
1,1,48.200716,23.667801,2.453500,23.298700,1.572300
1,1,48.227272,26.556298,2.909800,27.140200,1.911000
1,1,48.250417,23.145199,2.297100,22.228701,2.174800
1,1,48.278080,27.663201,3.592100,27.988899,2.219800
1,1,48.301125,23.045000,3.302200,22.970900,1.622700
1,1,48.329719,28.593402,4.760300,28.986500,1.840600
1,1,48.355429,25.710098,3.144800,25.704901,1.803700
1,1,48.380432,25.003500,2.567700,24.405899,1.883000
1,1,48.402398,21.965798,3.477200,22.705299,1.793100
1,1,48.431543,29.145002,2.826600,28.630899,1.864000
1,1,48.461896,30.353099,3.108900,28.852800,1.704700
1,1,48.482984,21.087401,4.079200,22.178301,2.020000
1,1,48.511347,28.363001,4.132500,28.959999,1.906700
1,1,48.534087,22.740100,3.032800,22.635099,2.063700
1,1,48.562715,28.628699,3.226700,28.909901,2.020200
1,1,48.589010,26.294898,2.570600,26.029699,1.897600
1,1,48.615194,26.184000,2.883900,26.003700,2.104000
1,1,48.643745,28.550502,4.831400,28.705200,2.553700
1,1,48.667363,23.618400,3.604800,23.653999,2.298300
1,1,48.696526,29.163200,2.831400,29.045099,1.975900
1,1,48.721825,25.298301,3.147000,25.383600,2.017200
1,1,48.748438,26.613500,2.955400,26.582701,2.116600
1,1,48.773036,24.597298,2.772700,24.557899,2.002100
1,1,48.798339,25.303099,2.962200,25.363899,1.988000
1,1,48.826733,28.394099,2.776600,28.521200,1.940000
1,1,48.849559,22.825900,2.678300,22.206200,1.626900
1,1,48.875593,26.034899,3.168700,26.516399,1.695200
1,1,48.900069,24.475403,2.549000,23.748600,1.369100
1,1,48.927342,27.272899,3.210900,27.944099,1.870100
1,1,48.950092,22.750199,2.523200,22.667101,1.858200
1,1,48.977738,27.645901,2.659700,27.691200,1.678800
1,1,49.006522,28.783899,2.437400,28.970100,1.607100
1,1,49.030229,23.707602,2.425500,23.832899,1.705700
1,1,49.058027,27.797099,2.195500,27.815100,1.598700
1,1,49.080576,22.549801,2.248800,22.565901,1.902200
1,1,49.108378,27.801499,2.236400,27.332899,2.219100
1,1,49.132716,24.338599,2.607400,24.386600,1.755600
1,1,49.160903,28.186202,2.709900,28.202200,2.288200
1,1,49.183480,22.577100,2.676900,22.839800,1.649500
1,1,49.210342,26.862402,2.540500,26.547400,1.767200
1,1,49.239827,29.485099,2.494200,29.915300,1.413300
1,1,49.262851,23.024101,2.116900,22.649500,1.412300
1,1,49.290098,27.247198,2.436800,27.290400,1.636800
1,1,49.312809,22.710502,2.406600,22.832001,1.531800
1,1,49.342032,29.222898,2.247000,28.939899,1.481700
1,1,49.365586,23.554299,2.498500,23.398100,1.468400
1,1,49.389518,23.932103,2.669600,24.010000,2.094600
1,1,49.415112,25.594197,2.721000,25.907499,1.542100
1,1,49.443449,28.336901,2.235400,28.111000,1.721000
1,1,49.467707,24.257898,2.528200,24.098900,1.442700
1,1,49.496714,29.006902,2.679800,28.502199,1.640900
1,1,49.525624,28.909300,3.455300,29.563999,1.977000
1,1,49.549749,24.125099,2.831600,23.948400,2.179000
1,1,49.577236,27.487401,2.913100,27.824600,2.145600
1,1,49.602514,25.277700,2.411400,25.137199,2.324900
1,1,49.630986,28.472699,2.657500,28.312300,1.650800
1,1,49.659550,28.563399,2.729900,28.524500,1.780300
1,1,49.683867,24.316702,2.739300,24.425800,2.039800
1,1,49.711785,27.918000,2.554800,27.171400,2.031900
1,1,49.734009,22.224501,3.342900,22.735201,1.746600
1,1,49.762610,28.601497,3.234500,28.904900,2.041000
1,1,49.792454,29.843703,2.551400,29.372299,2.325100
1,1,49.815113,22.658497,2.851900,23.003901,1.854400
1,1,49.842808,27.695701,2.442900,27.637100,1.957600
1,1,49.867083,24.275001,2.478800,24.201401,1.838600
1,1,49.894648,27.564101,2.656900,27.505400,1.883400
1,1,49.921074,26.426997,2.515100,26.402201,1.472500
1,1,49.947810,26.735302,2.822300,26.631300,2.065600
1,1,49.976164,28.354298,2.903100,28.604099,1.925500
1,1,49.999295,23.130599,2.647500,22.611099,1.935400
1,1,50.026287,26.992403,3.135700,27.604200,1.860700
1,1,50.049852,23.564599,2.449800,23.252501,1.752800
1,1,50.076977,27.124800,2.941100,27.476400,1.685900
1,1,50.100354,23.377199,2.271400,23.302700,1.686100
1,1,50.127720,27.366299,2.793400,27.243000,1.558200
1,1,50.152070,24.350502,2.302300,24.321400,1.738100
1,1,50.180576,28.505001,2.623700,28.554100,2.295000
1,1,50.207978,27.402300,2.336800,27.129999,1.751100
1,1,50.232265,24.286699,2.850600,24.096399,1.530600
1,1,50.259242,26.977699,3.199300,27.535400,1.607100
1,1,50.282502,23.260299,2.487500,22.948601,1.537200
1,1,50.311701,29.198803,2.490100,29.652901,1.860600
1,1,50.337573,25.871899,2.107000,25.302000,1.887300
1,1,50.364193,26.619900,2.957600,26.847500,2.096900
1,1,50.393253,29.059500,2.602200,29.172899,1.900200
1,1,50.415756,22.503801,2.472800,22.436300,1.653600
1,1,50.442710,26.953101,2.504800,27.073000,2.125400
1,1,50.468083,25.373798,2.376100,25.007200,1.636700
1,1,50.494020,25.937200,2.555900,25.981501,1.975400
1,1,50.518407,24.386201,2.577800,24.129299,1.808400
1,1,50.546938,28.531000,2.719300,28.507700,1.810200
1,1,50.569630,22.692401,2.877000,23.009501,1.941400
1,1,50.598831,29.200997,2.762900,28.921801,1.862100
1,1,50.626059,27.227603,2.883600,27.528700,2.349500
1,1,50.649153,23.093898,2.627800,22.776899,1.823400
1,1,50.676539,27.386900,2.741600,27.418600,2.428100
1,1,50.699273,22.733301,2.849400,22.724701,2.317500
1,1,50.726292,27.018700,2.791400,27.196600,2.228800
1,1,50.750769,24.477102,2.740200,24.235100,2.104400
1,1,50.777150,26.381098,2.738800,26.385201,1.719700
1,1,50.801460,24.310101,3.311600,24.402599,2.263900
1,1,50.827579,26.118800,2.670200,26.000200,1.675900
1,1,50.850685,23.106001,2.612900,22.964300,2.263600
1,1,50.877833,27.148098,2.927100,27.154600,1.663500
1,1,50.902066,24.232902,2.468800,24.647699,1.687500
1,1,50.928611,26.545897,2.259100,26.461100,1.723500
1,1,50.956713,28.101202,2.115400,28.097000,1.635000
1,1,50.981256,24.542801,2.181300,24.174400,1.839000
1,1,51.005502,24.246600,2.754000,24.438700,1.634400
1,1,51.031206,25.704198,2.405700,25.322901,1.733800
1,1,51.055176,23.969203,3.011000,24.083500,1.787500
1,1,51.081878,26.702497,2.721500,26.716101,1.989200
1,1,51.109647,27.769201,2.508200,27.813299,1.728700
1,1,51.131934,22.286400,2.637400,22.522400,1.656900
1,1,51.161133,29.199801,2.422900,28.848301,2.001900
1,1,51.183578,22.444498,2.523100,22.136400,1.619400
1,1,51.210027,26.448701,3.088300,26.660601,1.469800
1,1,51.232804,22.777602,2.522600,22.942499,1.458300
1,1,51.259732,26.928097,2.427900,26.826401,1.649100
1,1,51.282154,22.422001,2.491000,22.524200,1.532000
1,1,51.307545,25.390502,2.466300,25.227400,1.505400
1,1,51.331598,24.053000,2.666300,24.234501,1.690000
1,1,51.354373,22.774700,2.295200,22.833500,1.835300
1,1,51.381559,27.186699,2.421000,26.902800,1.729500
1,1,51.408236,26.676301,2.599900,26.841400,2.180200
1,1,51.431231,22.995800,2.340500,22.855600,1.534300
1,1,51.458730,27.498499,2.330400,27.363701,1.626500
1,1,51.481297,22.567000,2.672400,22.673100,1.637900
1,1,51.503057,21.759700,2.592400,22.093000,2.061200
1,1,51.532389,29.332500,2.046400,28.774401,1.661100
1,1,51.559544,27.155202,2.659000,27.371599,1.766100
1,1,51.582458,22.913698,2.539300,22.830999,1.607800
1,1,51.611362,28.904200,2.505400,29.180700,1.877300
1,1,51.635246,23.884300,2.253100,23.808399,1.983800
1,1,51.666099,30.852500,2.359800,30.750401,2.157200
1,1,51.693214,27.115401,2.501500,27.094299,1.740400
1,1,51.718913,25.698300,2.510900,25.776600,1.782200
1,1,51.750146,31.233698,2.470200,30.967199,1.800600
1,1,51.779016,28.869200,2.865900,29.247999,2.097500
1,1,51.803256,24.240598,2.568000,23.843300,1.897100
1,1,51.831399,28.142903,2.621800,28.181801,2.161400
1,1,51.860127,28.728399,2.863400,29.047800,1.985600
1,1,51.882720,22.592999,2.359000,22.452999,2.028500
1,1,51.909705,26.984401,2.383300,26.926201,1.959300
1,1,51.933365,23.660500,2.398300,22.971100,1.657500
1,1,51.963987,30.621700,3.072700,31.262199,1.954400
1,1,51.994120,30.133098,2.650100,30.058100,2.142800
1,1,52.021448,27.327701,2.800400,27.573500,2.067100
1,1,52.050075,28.627601,2.464700,27.475500,1.608200
1,1,52.080141,30.065700,3.582800,30.571199,2.204400
1,1,52.103323,23.182198,3.112400,23.584000,2.105300
1,1,52.132899,29.575601,2.539100,28.419399,1.941600
1,1,52.160143,27.244400,3.685100,28.284800,1.791500
1,1,52.187725,27.581397,2.757800,27.732599,2.003500
1,1,52.216409,28.683901,2.728800,28.025900,1.639100
1,1,52.249262,32.853100,3.315500,32.547199,2.217000
1,1,52.278924,29.662501,3.679000,30.583599,2.065900
1,1,52.313593,34.668699,3.422600,34.324501,1.850400
1,1,52.348243,34.650102,3.360700,34.701302,2.310600
1,1,52.379183,30.940298,2.976200,31.213301,2.090800
1,1,52.402459,23.275699,2.361600,23.144600,1.867000
1,1,52.429755,27.295701,2.454300,27.063000,2.082300
1,1,52.459858,30.103199,3.108800,30.421101,1.925800
1,1,52.484565,24.706900,2.771500,24.643499,1.642800
1,1,52.512957,28.392602,2.508400,28.479300,1.795600
1,1,52.543612,30.654598,2.805900,30.660500,2.179600
1,1,52.568923,25.310602,2.608300,25.023199,1.516600
1,1,52.598518,29.595699,2.694500,29.082899,1.756500
1,1,52.625528,27.009398,3.431900,27.597601,2.160600
1,1,52.650908,25.380600,3.044100,25.292801,2.050700
1,1,52.681120,30.212101,2.864800,30.399300,1.979600
1,1,52.715862,34.741502,2.342600,31.130400,2.364400
1,1,52.743049,27.187098,6.455000,30.619499,2.039700
1,1,52.768241,25.192101,2.568100,24.761700,1.642600
1,1,52.799440,31.198900,2.970600,30.484200,2.133400
1,1,52.827066,27.625900,3.850200,28.444799,1.817800
1,1,52.858647,31.581402,3.244800,31.659901,2.032000
1,1,52.883934,25.286797,2.952600,25.529200,1.683600
1,1,52.914569,30.634701,2.836800,30.436800,1.971200
1,1,52.943098,28.529301,2.632500,28.759501,1.955300
1,1,52.967228,24.129700,2.403000,23.429399,1.657700
1,1,53.000647,33.419199,3.422500,33.654202,1.794500
1,1,53.033014,32.367401,3.052500,32.397400,1.691400
1,1,53.067412,34.398098,2.834800,34.842800,1.907200
1,1,53.095741,28.328199,2.388600,28.401800,1.939600
1,1,53.123013,27.272202,2.221900,27.138201,1.973300
1,1,53.152224,29.211499,2.418000,29.143801,2.145800
1,1,53.182910,30.685902,2.615100,30.302999,1.957700
1,1,53.212325,29.414400,2.887900,29.747601,2.137400
1,1,53.243160,30.835200,2.496600,30.693001,2.001100
1,1,53.270832,27.671799,2.462700,26.863199,2.537900
1,1,53.297421,26.588801,3.701300,27.120501,2.000400
1,1,53.328045,30.624498,3.440300,30.507500,1.823900
1,1,53.357854,29.809002,3.678500,29.977400,2.046700
1,1,53.381703,23.848999,3.473400,23.986401,2.284000
1,1,53.413185,31.482399,3.086500,31.469500,2.080600
1,1,53.436638,23.452800,3.049500,23.664301,1.797700
1,1,53.469297,32.658700,2.514600,32.345100,1.598300
1,1,53.499727,30.430503,2.917500,30.114799,1.530100
1,1,53.529992,30.264497,3.138200,30.728701,1.924400
1,1,53.561957,31.965401,2.965300,31.363199,1.791400
1,1,53.586637,24.680100,3.171000,25.452200,1.881600
1,1,53.625028,38.390599,2.354400,38.172501,1.869200
1,1,53.651721,26.692502,2.792200,25.774700,2.307100
1,1,53.682568,30.847300,3.409700,31.317801,2.214500
1,1,53.710511,27.942799,3.429600,28.129000,2.075600
1,1,53.733951,23.440499,3.502800,23.275900,1.722600
1,1,53.765496,31.545300,2.895100,31.796900,1.734800
1,1,53.794144,28.647199,2.797900,28.552299,1.768700
1,1,53.818336,24.192102,2.912600,24.041700,1.516100
1,1,53.849248,30.912299,2.897300,30.798500,1.747400
1,1,53.878557,29.308699,3.180600,29.807501,2.021000
1,1,53.906369,27.812701,2.873200,27.489799,2.088700
1,1,53.932866,26.496302,3.441100,26.433001,1.593000
1,1,53.961437,28.571397,2.865800,29.123100,1.760000
1,1,53.988225,26.787702,2.247500,26.687799,2.068400
1,1,54.012719,24.494499,2.613500,24.747400,2.025600
1,1,54.041754,29.034600,2.058900,28.919001,1.557700
1,1,54.067484,25.729999,2.087000,25.515699,2.042100
1,1,54.096370,28.886002,2.472600,28.641199,1.809200
1,1,54.123444,27.074199,2.738400,27.418100,1.873900
1,1,54.147391,23.946501,2.245800,23.809200,1.589700
1,1,54.176405,29.014200,2.872300,28.678801,2.004000
1,1,54.198397,21.992601,3.204100,22.173901,2.063400
1,1,54.222939,24.542000,2.631100,24.211399,1.844700
1,1,54.251207,28.267998,2.892000,28.700600,1.823900
1,1,54.282170,30.962899,2.360600,30.485399,1.932100
1,1,54.312906,30.735400,2.864900,30.863501,1.704600
1,1,54.342491,29.585302,2.906800,28.883301,2.362900
1,1,54.366381,23.890298,3.619600,24.625401,1.827700
1,1,54.398737,32.355800,2.890500,32.321499,1.729500
1,1,54.426301,27.564101,3.401500,28.028400,1.985800
1,1,54.451396,25.094800,2.276500,24.791800,1.638800
1,1,54.480398,29.001899,2.376000,28.320200,2.127200
1,1,54.509489,29.090803,3.149200,29.694300,1.873200
1,1,54.532116,22.627499,4.054900,22.562401,1.864700
1,1,54.559630,27.513999,2.446900,27.212700,1.822400
1,1,54.582440,22.810299,3.127700,23.158501,1.736000
1,1,54.610821,28.380401,2.751200,28.544901,1.826500
1,1,54.634709,23.887798,2.504000,23.616899,2.185100
1,1,54.663041,28.332401,2.643200,28.330099,1.724800
1,1,54.689593,26.552100,2.891600,26.101999,1.830800
1,1,54.714876,25.282599,2.600800,25.259501,1.642000
1,1,54.744964,30.088503,3.238900,28.919100,2.145200
1,1,54.766123,21.158200,4.444000,22.780001,2.291500
1,1,54.794876,28.753199,2.974300,29.199900,1.695500
1,1,54.819229,24.353199,2.299400,24.266001,2.207200
1,1,54.848199,28.970402,2.037600,28.427799,1.491300
1,1,54.877185,28.986000,2.619300,29.219101,1.936400
1,1,54.902873,25.687400,2.442700,25.727900,2.025100
1,1,54.932149,29.276099,2.387100,28.971600,1.874100
1,1,54.956244,24.095502,2.633500,24.306499,2.583300
1,1,54.982459,26.214898,2.450900,25.770201,2.236500
1,1,55.006180,23.720700,2.784300,24.232300,1.819900
1,1,55.031713,25.533501,2.367600,25.653500,1.733100
1,1,55.055537,23.823101,2.164800,23.900499,2.096600
1,1,55.081677,26.140697,2.106900,25.723000,1.763300
1,1,55.105987,24.309702,2.587900,24.460899,2.176400
1,1,55.131108,25.120601,2.575400,25.264700,1.819200
1,1,55.158899,27.791698,2.300600,27.666500,1.970800
1,1,55.184670,25.770903,2.345700,25.595699,1.556600
1,1,55.210813,26.142698,2.373700,26.513201,1.847600
1,1,55.236186,25.373600,2.007000,25.024700,1.816900
1,1,55.263131,26.944399,2.570700,27.039400,1.636900
1,1,55.292045,28.913800,3.042900,28.830500,2.001200
1,1,55.315664,23.619600,2.591500,23.633600,1.926800
1,1,55.342860,27.195401,2.618100,27.335600,1.634500
1,1,55.366237,23.377001,2.373900,23.143801,1.602300
1,1,55.394250,28.013099,2.519200,28.244101,1.866100
1,1,55.417470,23.220401,2.534800,22.335501,2.054600
1,1,55.444436,26.966199,3.230200,27.539101,1.868500
1,1,55.468925,24.489198,2.477600,24.480801,1.567100
1,1,55.496191,27.265903,3.225700,27.364799,1.778100
1,1,55.520521,24.329800,2.418200,24.569099,2.000700
1,1,55.549139,28.618000,2.132200,28.047600,1.868000
1,1,55.575628,26.488997,2.694300,27.042000,1.952000
1,1,55.598258,22.629701,2.189900,22.410900,1.979400
1,1,55.627086,28.828003,2.622700,28.522499,2.177900
1,1,55.651570,24.484299,2.787500,24.634800,1.972600
1,1,55.678166,26.595399,2.518500,26.794001,1.715800
1,1,55.701176,23.010500,2.322700,23.016399,1.919700
1,1,55.728501,27.325399,2.520900,27.503099,1.536200
1,1,55.757563,29.061202,1.879800,29.004999,1.689200
1,1,55.781068,23.505099,2.267800,23.008699,1.950100
1,1,55.808325,27.257301,2.596800,27.505400,1.663800
1,1,55.832112,23.786500,2.317500,23.785500,1.663800
1,1,55.859590,27.478300,2.353100,27.098499,1.809500
1,1,55.882440,22.849698,2.655600,22.925800,1.517700
1,1,55.910216,27.775902,2.627300,28.199400,1.908800
1,1,55.932096,21.880299,2.362900,21.787399,1.845700
1,1,55.959244,27.147900,2.217300,27.008900,1.768000
1,1,55.981375,22.131398,2.375700,21.893200,1.814400
1,1,56.009078,27.702801,2.610800,28.144100,2.226800
1,1,56.032946,23.868300,2.188800,22.758301,1.818600
1,1,56.062080,29.133901,3.270500,30.168400,1.655100
1,1,56.085353,23.273300,2.167600,23.080000,1.853400
1,1,56.113735,28.381698,2.514000,28.055799,1.682600
1,1,56.138219,24.484001,2.618900,24.905100,2.099200
1,1,56.165467,27.247902,2.644200,27.119600,1.919800
1,1,56.192309,26.842497,2.378600,27.059799,2.111700
1,1,56.215877,23.567703,2.130700,23.480400,1.762200
1,1,56.243795,27.917698,2.183900,27.747999,1.591000
1,1,56.265869,22.074599,2.448200,21.914900,2.134100
1,1,56.293544,27.674504,2.504900,27.502399,1.614300
1,1,56.316190,22.646200,3.116400,22.857401,1.568200
1,1,56.344599,28.409097,2.552500,28.520599,1.740500
1,1,56.367837,23.237400,2.437800,23.195400,1.651900
1,1,56.394582,26.745100,2.434300,26.786100,2.409100
1,1,56.417851,23.269001,2.148100,23.344101,1.575100
1,1,56.446716,28.865300,2.233800,28.562599,1.809400
1,1,56.475898,29.182199,2.456300,28.956800,1.740200
1,1,56.499758,23.860000,2.971000,24.324499,2.045500
1,1,56.529100,29.342100,2.627500,29.284800,1.766600
1,1,56.552441,23.341000,2.076900,23.151199,1.627400
1,1,56.580890,28.448999,2.413400,28.494400,1.486800
1,1,56.606000,25.109403,2.810900,24.983101,1.740500
1,1,56.631453,25.453098,3.252500,25.599899,1.810500
1,1,56.660041,28.587800,2.275300,28.850300,1.942500
1,1,56.683570,23.529701,2.050000,23.494499,1.542500
1,1,56.712959,29.388200,2.069500,28.966400,1.635300
1,1,56.741703,28.744500,2.817200,28.842800,1.775300
1,1,56.764530,22.826999,2.392900,23.146799,1.494200
1,1,56.791821,27.290501,2.093000,27.050800,1.527700
1,1,56.814918,23.097601,2.365300,23.100100,2.046100
1,1,56.843559,28.640497,2.604300,28.476801,1.754400
1,1,56.865863,22.304799,2.473500,22.371201,1.636600
1,1,56.893840,27.976401,2.344900,28.038601,1.776000
1,1,56.918627,24.787299,2.482300,24.978901,2.215600
1,1,56.947254,28.626900,1.948900,28.531700,1.830100
1,1,56.974649,27.394701,2.352100,27.241100,1.921200
1,1,56.997674,23.025602,2.331200,22.885300,1.757000
1,1,57.023339,25.664497,2.447700,25.427999,2.157100
1,1,57.049189,25.850501,3.189600,26.264400,2.098500
1,1,57.076691,27.501501,2.601200,27.333200,1.840300
1,1,57.099204,22.512998,2.797600,22.522699,1.809200
1,1,57.128294,29.090401,2.434800,29.105101,1.970400
1,1,57.153928,25.633700,2.525500,25.633600,2.207600
1,1,57.183152,29.224001,2.954300,28.932400,1.583000
1,1,57.210175,27.023200,2.877000,27.381500,1.883600
1,1,57.234313,24.137400,2.520600,23.911100,1.846600
1,1,57.265207,30.894797,2.635300,29.999701,1.761100
1,1,57.287763,22.555400,3.553500,23.683201,1.817500
1,1,57.314471,26.707802,2.211800,26.508600,1.797900
1,1,57.344365,29.894099,2.488700,29.880301,1.806000
1,1,57.368995,24.630003,2.510700,24.537399,1.652700
1,1,57.395581,26.585899,2.424900,26.903601,1.558100
1,1,57.425045,29.464599,1.924400,29.094400,1.828300
1,1,57.447088,22.042502,2.689500,22.216900,2.201900
1,1,57.476513,29.425498,2.378300,29.378401,1.961100
1,1,57.499310,22.797100,2.551600,22.912399,1.871800
1,1,57.527742,28.431699,2.115700,28.411600,2.038200
1,1,57.550247,22.505403,2.411400,22.545099,1.840400
1,1,57.578589,28.341699,2.058400,28.252899,1.984100
1,1,57.607105,28.515801,2.204400,28.724400,1.953400
1,1,57.629980,22.875398,1.993700,22.548800,1.564000
1,1,57.656828,26.847400,2.380600,27.083401,1.863500
1,1,57.682368,25.539901,2.311200,24.913500,1.727100
1,1,57.708931,26.563000,2.660200,27.057800,1.778100
1,1,57.732071,23.139901,2.383100,22.524099,1.647800
1,1,57.764456,32.384999,2.900300,28.766001,1.654100
1,1,57.783104,18.648300,6.593700,22.188400,1.493100
1,1,57.810492,27.387999,3.490700,27.729099,2.043400
1,1,57.833813,23.321100,2.805200,22.106701,1.801100
1,1,57.859082,25.269002,3.803400,26.648001,1.868800
1,1,57.883469,24.387598,2.545300,24.104601,1.561900
1,1,57.911946,28.476499,2.972300,28.409500,2.134200
1,1,57.935772,23.826201,2.985800,24.173201,1.711200
1,1,57.965844,30.071899,2.994800,29.623699,1.683000
1,1,57.993097,27.252700,2.970800,27.633900,1.600200
1,1,58.016787,23.689803,2.830700,23.505899,1.580100
1,1,58.046443,29.656298,2.529000,29.634701,1.840800
1,1,58.071065,24.622101,2.673300,24.788300,1.652800
1,1,58.096401,25.335599,2.589400,25.196301,1.912200
1,1,58.128319,31.918600,2.416400,31.384701,1.800900
1,1,58.149945,21.626201,3.217300,21.659700,2.756700
1,1,58.177498,27.552500,3.784000,27.906500,2.039300
1,1,58.199705,22.206601,2.644200,22.374300,1.628500
1,1,58.226773,27.068198,2.400500,27.146000,1.855300
1,1,58.251007,24.234302,2.474100,24.115101,1.523700
1,1,58.279266,28.258599,2.400100,28.543501,1.557200
1,1,58.304820,25.554098,1.989900,25.487400,1.643300
1,1,58.329563,24.742901,2.677300,24.736799,1.806700
1,1,58.357138,27.575199,2.082200,27.432301,1.748500
1,1,58.380964,23.825902,2.468600,23.615801,1.930300
1,1,58.408423,27.459100,2.795900,27.249500,1.715700
1,1,58.430497,22.073798,3.273500,22.351400,2.259400
1,1,58.459279,28.782599,2.476500,28.742201,2.541600
1,1,58.482415,23.135401,2.395900,22.905300,1.752400
1,1,58.509699,27.284499,2.602200,27.523800,1.569600
1,1,58.533332,23.633301,2.686900,23.392099,1.891200
1,1,58.563313,29.980201,2.913200,30.015699,1.903100
1,1,58.586780,23.466900,2.689700,23.688000,1.929500
1,1,58.614630,27.850799,2.413500,27.736900,1.813500
1,1,58.645296,30.665200,2.572600,30.671301,2.213800
1,1,58.670073,24.777398,3.460200,24.613701,1.711900
1,1,58.697077,27.003903,2.633800,27.275200,1.578900
1,1,58.727800,30.723598,2.241900,30.849899,2.015700
1,1,58.750385,22.584800,2.323400,22.046200,1.863800
1,1,58.779310,28.925203,3.033100,29.122101,1.962900
1,1,58.803019,23.708299,2.734000,23.709700,1.952300
1,1,58.831714,28.695300,2.583400,28.576900,1.687400
1,1,58.860091,28.377101,2.641900,28.361700,1.759900
1,1,58.882963,22.872098,2.767300,22.932600,1.613900
1,1,58.910363,27.400199,2.770900,27.292000,1.738600
1,1,58.932591,22.227202,2.612500,22.389500,1.673800
1,1,58.959958,27.367800,2.471600,27.549299,1.469300
1,1,58.983374,23.415599,2.154200,23.319000,1.685100
1,1,59.010483,27.109500,2.420500,26.895000,1.726200
1,1,59.033189,22.705600,2.436500,22.896200,1.409000
1,1,59.060343,27.154200,2.523300,27.405500,1.759500
1,1,59.084702,24.358399,2.062000,23.829300,1.651600
1,1,59.113459,28.756902,2.653400,28.679501,1.661600
1,1,59.142426,28.967101,2.596900,28.954500,1.775000
1,1,59.165070,22.644401,2.689600,23.080700,1.835500
1,1,59.194889,29.818498,2.453300,29.220100,1.912600
1,1,59.217354,22.465602,2.925800,22.869200,1.911700
1,1,59.244216,26.861999,2.512700,26.877199,1.564800
1,1,59.266851,22.634700,2.381400,22.776100,1.586000
1,1,59.293707,26.856098,2.252100,26.665701,1.523400
1,1,59.316367,22.660401,2.301600,22.756800,1.566500
1,1,59.344057,27.689502,2.248900,27.461599,1.654500
1,1,59.368485,24.428498,2.395900,24.629101,1.848400
1,1,59.396545,28.060101,2.322400,27.733299,1.550300
1,1,59.424832,28.286699,2.694400,28.707399,1.764700
1,1,59.447533,22.700701,2.129300,22.471701,1.427500
1,1,59.475285,27.752500,2.475300,27.946800,1.678200
1,1,59.498789,23.503702,2.411600,22.910299,1.604900
1,1,59.526076,27.287196,2.717000,27.927700,1.830500
1,1,59.549377,23.301002,2.135600,22.799400,1.729900
1,1,59.578684,29.306300,2.534100,29.441099,1.894400
1,1,59.601962,23.278702,2.353000,23.316099,1.613800
1,1,59.630940,28.977700,2.652600,28.877100,1.632600
1,1,59.659541,28.601497,2.556100,29.006300,2.187200
1,1,59.682618,23.076802,2.335700,22.653700,1.703700
1,1,59.709928,27.309798,2.432000,27.489201,1.687700
1,1,59.734071,24.143100,2.308900,24.195101,1.914800
1,1,59.761960,27.888801,2.136400,27.456699,1.786000
1,1,59.785462,23.501500,2.634000,22.654900,1.937200
1,1,59.812514,27.052898,3.632500,28.035200,1.755300
1,1,59.835413,22.898402,2.485100,23.049101,1.819600
1,1,59.863642,28.229401,2.405300,27.975000,1.718400
1,1,59.893274,29.631399,2.597100,29.722200,1.800500
1,1,59.916125,22.851601,2.939300,22.718100,1.591200
1,1,59.942786,26.660398,2.611800,26.818501,2.568600
1,1,59.965769,22.983700,2.408300,22.845501,1.651000
1,1,59.994176,28.407201,2.600000,28.553301,1.859000
1,1,60.017523,23.346599,2.579200,23.299299,1.380500
1,1,60.044736,27.213000,2.625700,27.365200,1.715000
1,1,60.067529,22.792701,2.275500,22.454100,1.733100
1,1,60.095906,28.377302,2.695500,28.678499,1.933100
1,1,60.119439,23.532998,2.422500,23.423500,1.954100
1,1,60.146451,27.012400,2.329200,27.188801,1.626900
1,1,60.176203,29.751901,2.200800,29.383499,1.728000
1,1,60.200593,24.390001,2.698800,24.573400,1.767600
1,1,60.227945,27.351100,2.285200,26.924500,1.542400
1,1,60.251139,23.194700,2.818100,23.420900,1.566300
1,1,60.280814,29.674299,2.745400,29.684700,2.258400
1,1,60.310215,29.401999,2.476700,29.286100,2.114200
1,1,60.332729,22.513900,2.727400,22.673100,1.979000
1,1,60.359887,27.157202,2.526900,26.931700,1.795000
1,1,60.382359,22.471998,2.566600,22.634100,1.761600
1,1,60.406780,24.421401,2.479700,24.233999,1.964700
1,1,60.433204,26.424199,2.665400,26.379700,1.649200
1,1,60.458841,25.637299,2.746100,26.005100,2.304900
1,1,60.483782,24.940602,2.295400,24.501499,1.716100
1,1,60.510265,26.483200,2.745200,26.863899,1.662800
1,1,60.536636,26.370298,2.471800,26.084700,1.562500
1,1,60.563154,26.518900,2.843100,26.741800,2.118700
1,1,60.594604,31.449199,2.774700,31.256001,1.992300
1,1,60.618963,24.359301,2.762600,24.164900,2.696000
1,1,60.648374,29.411100,3.050200,29.326099,2.077400
1,1,60.677256,28.882101,3.025700,29.185101,2.937000
1,1,60.701222,23.965500,3.009300,23.907301,2.033000
1,1,60.731281,30.059200,2.589200,29.908600,1.887800
1,1,60.759935,28.654400,2.830100,28.716600,1.924500
1,1,60.784171,24.235599,2.660100,24.253901,1.848200
1,1,60.813447,29.275902,2.673600,29.217699,1.544600
1,1,60.842324,28.876998,2.564600,28.820499,1.711700
1,1,60.866230,23.906302,2.867300,23.759701,1.918200
1,1,60.894309,28.078601,2.902800,28.387501,1.933300
1,1,60.917724,23.415599,2.951700,23.320400,2.002100
1,1,60.944649,26.925001,2.574700,27.032200,1.716600
1,1,60.967490,22.840600,2.302100,22.654100,1.704700
1,1,60.996817,29.327597,3.054300,29.224800,1.653300
1,1,61.025867,29.049601,2.701700,29.030500,1.838000
1,1,61.049299,23.431901,2.948400,23.533501,1.657500
1,1,61.077896,28.597198,2.645900,28.500900,1.903800
1,1,61.100796,22.899698,2.726900,22.979601,1.735800
1,1,61.130291,29.494900,2.731100,29.372700,1.904800
1,1,61.152582,22.291202,2.649100,22.554001,1.935800
1,1,61.181903,29.321197,2.760000,29.091999,1.766400
1,1,61.210096,28.192703,2.703100,28.191200,1.733600
1,1,61.235140,25.043800,2.719600,24.727900,2.151500
1,1,61.260891,25.751498,2.870400,26.211100,2.168400
1,1,61.285010,24.119202,2.417600,24.040199,2.115000
1,1,61.314691,29.680599,2.573800,29.895399,1.725000
1,1,61.343156,28.465401,2.336300,28.365801,1.868300
1,1,61.366438,23.281500,2.549000,23.091700,1.533900
1,1,61.396769,30.331500,2.567800,30.269699,2.126000
1,1,61.421486,24.716899,2.717800,24.911501,1.696500
1,1,61.447390,25.903702,2.369900,25.873800,1.896100
1,1,61.475919,28.529398,2.353000,28.183500,2.111900
1,1,61.500696,24.776500,2.879900,24.961800,1.730200
1,1,61.527938,27.242102,2.454500,27.193899,1.930300
1,1,61.550861,22.922799,2.520900,22.675301,1.857200
1,1,61.579134,28.273001,3.134500,28.824499,1.751300
1,1,61.602524,23.390200,2.143800,23.434299,1.915800
1,1,61.630695,28.171100,2.543000,27.702400,1.752400
1,1,61.660615,29.919598,2.506900,30.009300,1.646100
1,1,61.683726,23.111399,2.554800,23.080099,1.561600
1,1,61.712441,28.714903,2.552200,28.739201,1.633100
1,1,61.735234,22.793498,2.318600,22.979099,1.748400
1,1,61.764086,28.851002,2.311600,28.303499,1.630000
1,1,61.789095,25.009699,2.817700,24.991100,1.648100
1,1,61.813222,24.126399,3.038100,24.545799,1.693500
1,1,61.840709,27.487300,2.311700,27.384399,1.495000
1,1,61.865113,24.403699,3.751300,24.358299,1.403900
1,1,61.893987,28.874200,2.519900,28.752501,1.779700
1,1,61.916455,22.467799,2.619800,22.296499,1.697000
1,1,61.943906,27.451202,3.237100,27.846001,1.547400
1,1,61.966463,22.557598,2.286200,22.547199,1.691800
1,1,61.993700,27.236700,2.501600,27.018000,1.660000
1,1,62.016248,22.548202,2.513500,22.441500,1.623300
1,1,62.043447,27.198900,2.763800,27.321600,1.830300
1,1,62.065820,22.373199,2.583800,22.539700,1.297600
1,1,62.092602,26.781101,2.367400,26.835899,1.568800
1,1,62.115709,23.107901,2.468800,22.936501,1.600600
1,1,62.143574,27.864698,2.469700,28.052700,1.714600
1,1,62.167892,24.317700,2.280500,23.963499,1.834300
1,1,62.195461,27.569201,2.633000,27.996000,1.724700
1,1,62.223136,27.675498,2.010600,27.513201,1.540700
1,1,62.247648,24.511900,2.331600,24.307699,1.764600
1,1,62.271848,24.199199,2.473300,24.417400,1.808800
1,1,62.297568,25.720801,2.442800,25.523001,1.497700
1,1,62.325261,27.692601,2.396700,27.696600,1.860800
1,1,62.349170,23.908898,3.131100,23.617500,1.715800
1,1,62.372882,23.712002,2.767100,23.811501,1.726300
1,1,62.398090,25.208499,2.551400,25.277201,1.708200
1,1,62.422245,24.154499,2.617700,24.233000,2.159700
1,1,62.447456,25.211502,2.385300,24.894899,1.886600
1,1,62.476848,29.392000,2.570100,29.596500,1.630000
1,1,62.499286,22.437800,2.685400,22.257601,2.096800
1,1,62.526597,27.311098,2.699200,27.532801,1.830400
1,1,62.549654,23.057003,2.489300,22.930799,1.528400
1,1,62.576737,27.082700,2.530600,27.007000,2.156100
1,1,62.600450,23.713399,2.649700,22.914101,1.451500
1,1,62.628723,28.272901,3.157500,29.183901,2.147000
1,1,62.652337,23.613699,2.521600,23.656200,1.681400
1,1,62.678964,26.627298,2.526800,26.627600,1.763500
1,1,62.702427,23.463003,2.349500,23.411301,1.689500
1,1,62.729491,27.063999,2.604100,26.856800,1.657400
1,1,62.754588,25.096700,2.680400,25.198500,2.534500
1,1,62.779569,24.981000,3.684700,25.108900,1.548100
1,1,62.805213,25.644399,2.366300,22.490101,1.917200
1,1,62.829974,24.760600,5.522300,27.575899,1.808500
1,1,62.854075,24.101399,2.738900,24.147100,1.928200
1,1,62.881835,27.759202,2.550100,27.770800,2.464500
1,1,62.906521,24.686299,2.623900,24.519199,1.635300
1,1,62.932082,25.560699,2.918100,25.700001,1.711800
1,1,62.953895,21.813001,2.595700,21.990101,2.174500
1,1,62.982061,28.166398,2.568200,27.879200,1.630900
1,1,63.006409,24.347600,2.734400,24.529100,2.011000
1,1,63.032442,26.033103,2.605800,25.764700,1.889300
1,1,63.056638,24.196398,2.807300,24.405899,1.871500
1,1,63.083069,26.430901,2.688100,26.489000,1.966300
1,1,63.111282,28.213400,2.443300,28.191700,1.767500
1,1,63.140505,29.222798,2.433400,28.834900,1.771600
1,1,63.166130,25.624800,3.547900,26.135500,1.512600
1,1,63.192964,26.834302,2.349000,26.604700,2.187900
1,1,63.215501,22.536501,2.536200,22.789499,1.544800
1,1,63.242606,27.105097,2.399800,27.053900,2.116400
1,1,63.264796,22.190101,2.401600,22.325701,2.119900
1,1,63.293382,28.586101,2.237600,28.379900,2.443100
1,1,63.316063,22.680700,2.569200,22.593000,1.473300
1,1,63.342602,26.539300,2.475600,26.814600,1.735900
1,1,63.366181,23.578800,2.323000,23.429199,1.913900
1,1,63.393431,27.250398,2.403900,26.985600,1.857700
1,1,63.415749,22.317402,2.419300,22.552099,1.586600
1,1,63.444621,28.872799,2.444100,28.821301,1.668100
1,1,63.467883,23.261201,2.779500,23.020599,1.484400
1,1,63.490488,22.605199,2.696700,22.531700,1.902900
1,1,63.685246,194.757901,194.838303,19.409901,2.698100
1,1,63.702268,17.022301,5.216300,10.918100,2.785400
1,1,63.718704,16.435500,5.172200,10.918100,2.323300
1,1,63.735168,16.464297,5.155900,18.183500,2.323300
1,1,63.752246,17.077602,2.782700,27.741400,2.204000
1,1,63.774283,22.036999,2.993300,22.381800,2.148900
1,1,63.802158,27.875401,2.909700,27.789700,1.953400
1,1,63.832895,30.737597,2.707600,30.540300,2.128700
1,1,63.857416,24.520800,2.899800,24.588400,2.288500
1,1,63.885022,27.605601,2.896200,27.881800,1.778600
1,1,63.913131,28.108701,2.514400,27.991699,1.795800
1,1,63.936261,23.130201,2.757300,23.015900,1.690900
1,1,63.963904,27.642701,2.829900,27.596201,1.833200
1,1,63.987849,23.945097,3.065400,23.068199,1.744500
1,1,64.013790,25.941800,3.680100,27.184900,2.130900
1,1,64.036376,22.585802,2.283600,22.480700,1.649200
1,1,64.061595,25.218498,2.338100,24.817400,1.762400
1,1,64.086931,25.336500,3.435400,25.193300,1.674100
1,1,64.114933,28.001402,2.943800,28.494499,2.056100
1,1,64.139777,24.844099,2.590900,24.776501,1.922600
1,1,64.169028,29.251199,2.347300,29.062401,1.617900
1,1,64.197614,28.586403,2.493100,28.783199,2.089800
1,1,64.222442,24.827298,2.345800,24.596100,2.056800
1,1,64.249297,26.855402,2.499900,26.677601,1.553600
1,1,64.272996,23.698598,2.671800,23.748400,1.395300
1,1,64.302586,29.590901,2.842800,29.629000,1.782700
1,1,64.329341,26.754901,2.682600,26.922899,2.132000
1,1,64.353643,24.301399,2.496000,24.073799,1.890800
1,1,64.381256,27.613301,2.719100,27.758499,1.975600
1,1,64.403607,22.350799,2.551800,22.465799,1.775300
1,1,64.425920,22.312701,2.496000,22.382900,1.858300
1,1,64.454134,28.214302,2.188600,27.805300,1.843500
1,1,64.481230,27.096197,2.663000,27.315300,1.662800
1,1,64.506558,25.327403,2.373400,25.330900,1.736400
1,1,64.535782,29.224399,2.357400,29.200300,1.824200
1,1,64.564676,28.893899,2.532400,28.761999,2.001300
1,1,64.589282,24.605799,3.101900,24.830700,1.391300
1,1,64.618428,29.145900,2.319200,28.919901,1.639000
1,1,64.644817,26.389301,2.512700,26.707899,1.844600
1,1,64.671855,27.038198,2.372800,26.521200,2.302400
1,1,64.700079,28.223902,2.938800,28.170000,1.879700
1,1,64.723879,23.800299,3.064600,23.966101,1.669600
1,1,64.753101,29.221900,2.778000,28.939301,1.761300
1,1,64.781489,28.387900,3.004000,28.677601,2.118900
1,1,64.806193,24.703700,3.911900,24.924801,1.673400
1,1,64.839316,33.123601,2.370300,27.390301,1.897000
1,1,64.857608,18.291797,7.799000,23.859400,1.795700
1,1,64.889923,32.314703,3.317300,31.502701,1.706600
1,1,64.916635,26.712298,4.451200,27.339399,2.896100
1,1,64.940234,23.599301,3.169200,23.776501,1.689100
1,1,64.970095,29.860899,2.766200,29.505699,1.870200
1,1,64.999132,29.037099,3.034200,29.385000,1.957600
1,1,65.023143,24.010602,2.801800,23.778900,1.917600
1,1,65.052363,29.219799,4.666600,29.257601,1.400900
1,1,65.078174,25.811002,2.522900,25.894199,1.585200
1,1,65.105765,27.590897,2.633200,27.077200,1.835700
1,1,65.133405,27.639903,3.001000,28.064400,1.846100
1,1,65.163269,29.864300,2.729500,30.149599,1.867900
1,1,65.188077,24.808399,2.380300,24.183001,1.941100
1,1,65.215212,27.135000,2.820400,27.273001,1.755200
1,1,65.240300,25.087599,2.633100,25.293900,1.831600
1,1,65.270842,30.542299,2.592900,30.200300,1.777300
1,1,65.293451,22.609200,2.899600,22.856501,1.757400
1,1,65.321729,28.278001,2.509600,28.132700,1.489500
1,1,65.351208,29.479001,2.566100,29.966200,1.772500
1,1,65.374690,23.481902,2.144500,23.407301,2.016300
1,1,65.404232,29.541899,2.092800,29.145599,1.692200
1,1,65.428495,24.262901,2.576300,24.433100,1.809200
1,1,65.453204,24.709199,2.434300,24.915300,1.946600
1,1,65.478658,25.453601,2.261900,24.685499,2.126400
1,1,65.502927,24.269197,3.123400,25.045000,1.847500
1,1,65.526100,23.172803,2.110500,22.745100,1.529100
1,1,65.553595,27.495097,2.635800,27.544500,1.467600
1,1,65.580768,27.172700,2.488700,27.070499,1.729500
1,1,65.604216,23.448601,2.798300,23.480700,1.638300
1,1,65.631754,27.538098,2.410800,27.496700,1.865300
1,1,65.657020,25.265802,2.478300,25.278200,1.882000
1,1,65.683763,26.742902,2.538900,26.611601,1.574200
1,1,65.706821,23.057800,2.502800,23.487000,1.563300
1,1,65.734040,27.218599,2.329500,26.953600,1.770500
1,1,65.760067,26.027899,2.398000,25.833099,1.835500
1,1,65.785819,25.751200,2.727200,25.698999,1.940900
1,1,65.811001,25.182400,2.659700,25.581900,1.931300
1,1,65.836136,25.134999,2.248400,24.984501,1.757400
1,1,65.861103,24.967201,2.426400,24.912500,1.589100
1,1,65.885804,24.700802,4.138800,24.843800,1.528000
1,1,65.911063,25.259297,2.162000,24.970900,2.090300
1,1,65.936320,25.257103,2.775700,25.131901,1.630800
1,1,65.959103,22.782799,2.561300,22.840900,1.700600
1,1,65.986212,27.109299,3.107200,27.257601,1.826200
1,1,66.015598,29.385202,2.455500,29.198601,1.850100
1,1,66.038863,23.264799,2.927800,23.137400,1.832700
1,1,66.066096,27.233798,2.911700,27.329399,2.664700
1,1,66.088947,22.850402,2.753900,22.692699,2.395300
1,1,66.112893,23.945801,3.049400,24.009100,2.159300
1,1,66.138198,25.305800,2.650900,25.150999,2.123200
1,1,66.159903,21.704897,2.977500,22.214199,1.927500
1,1,66.189219,29.315501,2.319000,28.844200,2.028400
1,1,66.216399,27.180102,2.758900,27.368601,1.842700
1,1,66.241161,24.761699,2.501300,24.858299,1.679500
1,1,66.267428,26.267000,2.371600,26.101999,2.144600
1,1,66.291800,24.372898,2.553700,24.476801,1.957100
1,1,66.320762,28.961502,2.567800,28.520201,1.976700
1,1,66.348383,27.621001,2.973500,28.050600,1.924100
1,1,66.370467,22.083800,2.700000,22.064899,2.044100
1,1,66.398353,27.886797,2.672200,27.697599,2.281200
1,1,66.421164,22.810102,2.753400,22.595600,1.819600
1,1,66.447460,26.296001,2.838700,26.782900,2.149500
1,1,66.470578,23.118299,2.400500,22.697800,2.003000
1,1,66.498660,28.082103,2.763500,28.458000,2.161000
1,1,66.521621,22.960499,2.448500,22.768600,1.629700
1,1,66.548340,26.719298,2.586500,26.934900,2.061800
1,1,66.571224,22.884302,2.285200,22.324600,2.336800
1,1,66.598146,26.921500,2.822500,27.257099,1.903300
1,1,66.621081,22.935398,2.475400,22.767900,2.114900
1,1,66.647870,26.789300,2.752300,27.011400,1.589300
1,1,66.672192,24.321802,2.426800,24.523300,2.149800
1,1,66.699813,27.620699,2.240800,27.353800,1.942100
1,1,66.724534,24.721600,2.390600,24.525400,2.291700
1,1,66.752774,28.239500,3.011800,28.455900,1.713600
1,1,66.775569,22.795200,2.422300,22.579100,1.817600
1,1,66.804230,28.660901,2.819400,28.526699,1.955300
1,1,66.826961,22.730500,2.831900,23.240700,2.054800
1,1,66.854976,28.015099,2.378000,27.382299,1.924400
1,1,66.878954,23.978502,2.889100,24.469400,1.774000
1,1,66.904665,25.711399,2.383700,25.178900,1.672800
1,1,66.926930,22.264101,2.910200,22.688101,1.818700
1,1,66.955098,28.168399,2.473500,27.350300,2.928300
1,1,66.981305,26.207302,3.364400,27.170500,1.959900
1,1,67.005346,24.041001,2.362200,23.834299,2.442600
1,1,67.032330,26.984099,2.510100,27.037201,2.231700
1,1,67.056217,23.886200,2.383900,23.770599,1.672400
1,1,67.082561,26.344400,2.560700,26.060600,2.222900
1,1,67.107179,24.617501,2.899700,24.814301,1.932900
1,1,67.134447,27.268298,2.549800,27.191700,2.082400
1,1,67.158022,23.574900,2.718800,23.615801,1.895600
1,1,67.184372,26.350800,2.721900,26.682600,1.875400
1,1,67.209439,25.066901,2.136900,24.497601,1.958700
1,1,67.237199,27.759299,3.071000,27.979601,2.159600
1,1,67.264718,27.519003,2.851800,27.567301,2.050600
1,1,67.287552,22.834796,2.776300,22.438700,1.972200
1,1,67.316011,28.458901,3.130000,28.858400,1.918500
1,1,67.338411,22.399101,2.556000,22.319700,2.309000
1,1,67.362654,24.243601,2.677800,24.388399,2.227600
1,1,67.387706,25.052197,2.317100,24.682301,1.932200
1,1,67.412167,24.460301,2.706300,24.673000,1.791600
1,1,67.438582,26.415601,2.415100,26.377001,1.879000
1,1,67.461794,23.212101,2.423500,23.230400,1.904300
1,1,67.486645,24.851099,2.381600,24.826099,1.821900
1,1,67.509557,22.911701,2.489500,23.185101,1.625900
1,1,67.536860,27.303297,2.409800,27.055201,1.532700
1,1,67.565342,28.481700,2.436200,28.342199,2.205500
1,1,67.587908,22.566400,2.696800,22.329500,1.439900
1,1,67.614779,26.870601,3.227100,27.306200,1.857300
1,1,67.638171,23.391802,2.707800,22.843500,1.695700
1,1,67.668223,30.051600,3.710300,30.535999,2.098400
1,1,67.695109,26.886497,2.345100,26.318300,2.008900
1,1,67.721698,26.589103,3.039100,26.236601,1.968300
1,1,67.742652,20.953499,3.504800,21.776199,2.286000
1,1,67.771236,28.584100,3.288800,27.995300,2.278700
1,1,67.797350,26.113898,3.050700,26.674601,2.238700
1,1,67.820321,22.971001,2.889000,22.770901,2.018400
1,1,67.845365,25.044899,2.793900,22.464199,2.092600
1,1,67.869948,24.582602,5.251000,27.214600,1.904000
1,1,67.899228,29.279701,2.578900,28.912600,1.839600
1,1,67.922143,22.914998,3.143700,23.117001,2.182400
1,1,67.949557,27.414501,2.668000,27.506500,1.879000
1,1,67.973497,23.940101,2.469200,24.169201,1.710400
1,1,68.000547,27.049098,2.351200,26.914101,1.456400
1,1,68.026355,25.808301,2.383900,25.599001,1.666500
1,1,68.050865,24.510000,2.609500,24.922899,1.691900
1,1,68.073564,22.699498,2.143000,22.269300,1.927200
1,1,68.100698,27.133502,2.770900,27.168800,1.648800
1,1,68.123242,22.543900,2.529900,22.738001,1.690200
1,1,68.152615,29.373199,2.737000,29.033501,1.849000
1,1,68.175979,23.364503,2.975700,23.806200,2.478000
1,1,68.202495,26.515599,2.594100,26.416599,1.800500
1,1,68.228065,25.570299,2.402900,25.445400,1.653300
1,1,68.252465,24.400100,2.648900,24.340300,1.942200
1,1,68.279817,27.351800,2.685000,27.524099,1.685800
1,1,68.301683,21.865901,2.349300,22.011801,1.657700
1,1,68.329945,28.261900,2.213000,27.986601,1.940700
1,1,68.353772,23.827400,2.308800,23.786301,1.782400
1,1,68.378410,24.637599,2.707400,24.675501,1.877700
1,1,68.404396,25.985900,2.649500,25.351500,1.996900
1,1,68.425883,21.487400,3.235100,22.277201,2.223100
1,1,68.455361,29.478099,2.224800,29.078300,2.063600
1,1,68.483451,28.089501,2.678000,28.259001,1.732900
1,1,68.506960,23.509100,2.460800,23.598101,1.890600
1,1,68.534357,27.396601,2.406700,27.632500,1.443000
1,1,68.558557,24.200797,1.981800,23.694799,1.544600
1,1,68.588629,30.072100,2.588700,30.299900,1.739500
1,1,68.618038,29.408500,2.291900,28.941200,1.974400
1,1,68.647508,29.470500,2.808600,29.296200,2.216500
1,1,68.673354,25.845401,3.229400,26.486401,2.102900
1,1,68.700885,27.531300,2.760400,27.322100,2.250800
1,1,68.724749,23.864001,2.663300,23.879601,1.993700
1,1,68.754958,30.209001,2.662600,30.068001,2.115200
1,1,68.782846,27.887400,2.654800,28.076099,2.457200
1,1,68.806917,24.071399,2.420100,24.086100,1.990000
1,1,68.837869,30.951701,2.412400,30.372101,2.256600
1,1,68.868019,30.150600,3.108100,30.639601,2.876600
1,1,68.896374,28.354999,2.712600,28.477100,1.997700
1,1,68.920057,23.682501,2.407300,23.129900,1.913400
1,1,68.948471,28.414197,3.038400,28.689899,1.836600
1,1,68.971621,23.150500,2.890600,23.259199,1.696900
1,1,68.998830,27.208503,2.342300,27.367500,1.907200
1,1,69.022873,24.043497,2.323100,23.660000,1.754800
1,1,69.049224,26.350502,2.536500,26.619301,1.779400
1,1,69.072596,23.372401,2.303400,23.129900,1.651000
1,1,69.100426,27.829200,2.659600,27.995501,1.971100
1,1,69.123999,23.573399,2.835400,23.613800,1.790100
1,1,69.154833,30.834399,2.391000,30.474600,1.972100
1,1,69.181812,26.978500,2.792400,27.499201,1.848800
1,1,69.204408,22.595800,2.180600,22.075500,1.773100
1,1,69.233363,28.955501,2.791600,29.200300,2.029400
1,1,69.258255,24.891499,2.334700,24.806400,1.648400
1,1,69.285763,27.508702,2.619900,27.352800,1.622500
1,1,69.316536,30.772198,2.765400,31.169001,1.892500
1,1,69.341171,24.635602,2.917400,24.210300,1.806600
1,1,69.367819,26.647598,2.791400,27.162701,1.974200
1,1,69.397588,29.769599,1.917600,29.371201,1.500800
1,1,69.420118,22.529401,2.610400,22.355700,1.704500
1,1,69.444532,24.414200,2.557000,24.755899,2.017000
1,1,69.471280,26.748300,2.964900,26.497900,2.166600
1,1,69.499203,27.922601,2.714800,27.746599,2.314400
1,1,69.522690,23.486800,2.794300,22.952400,1.523500
1,1,69.550019,27.329799,3.141800,27.858900,1.556100
1,1,69.572091,22.071101,2.639900,22.674200,1.635900
1,1,69.599616,27.525499,2.000100,27.111000,1.640900
1,1,69.622731,23.115102,2.450200,23.367500,1.659800
1,1,69.650942,28.211098,2.265200,27.979099,1.611600
1,1,69.674233,23.290399,2.474300,23.224501,1.657300
1,1,69.703137,28.904002,2.636800,28.949600,1.699700
1,1,69.730205,27.067799,2.485600,26.896999,1.864900
1,1,69.750733,20.528801,2.968900,20.959900,1.863400
1,1,69.774579,23.845900,2.082900,23.789499,1.727400
1,1,69.804547,29.968001,2.351800,29.352699,1.810600
1,1,69.826195,21.647997,2.776700,22.024500,2.015700
1,1,69.854911,28.715800,2.416000,28.292999,1.642300
1,1,69.880337,25.425702,2.869500,24.528200,1.864000
1,2,77.024358,23.389202,3.385800,24.150101,1.559400
1,2,77.054939,30.581199,2.753600,30.750099,1.744500
1,2,77.081559,26.619602,2.998300,26.881201,2.397300
1,2,77.104288,22.729598,2.196000,22.491199,1.522200
1,2,77.129765,25.477201,2.186000,24.883200,1.697800
1,2,77.154855,25.089201,3.132700,25.393499,1.850900
1,2,77.184121,29.266302,2.794000,29.518000,1.898200
1,2,77.209318,25.196698,2.507400,25.446600,1.696700
1,2,77.239915,30.597702,2.111300,29.910000,1.647800
1,2,77.269188,29.272199,2.867400,29.671801,2.410600
1,2,77.294405,25.217101,2.641800,25.055401,1.782800
1,2,77.320778,26.373498,2.798000,26.692801,1.890100
1,2,77.348706,27.928103,2.140200,27.829901,1.831100
1,2,77.371444,22.737898,2.371900,22.384199,1.438700
1,2,77.398890,27.446300,2.619900,27.786699,1.694200
1,2,77.421858,22.967700,2.323700,22.888100,1.586700
1,2,77.446064,24.205603,2.619000,24.221300,1.681300
1,2,77.471616,25.551699,2.631700,25.441900,1.772800
1,2,77.500618,29.002398,2.711900,28.864401,1.937600
1,2,77.523389,22.771399,2.537100,22.675200,1.711900
1,2,77.552753,29.363602,2.564600,29.893900,2.062700
1,2,77.580000,27.246900,2.096300,26.982800,1.878000
1,2,77.606289,26.289500,2.200600,25.894199,1.878700
1,2,77.635527,29.237498,2.688800,29.760401,2.124000
1,2,77.665968,30.441303,2.105600,30.246300,1.768500
1,2,77.692124,26.155900,2.466000,25.739799,1.640500
1,2,77.718512,26.387997,2.907000,26.794500,1.619800
1,2,77.745945,27.433302,2.224400,27.284201,1.937400
1,2,77.773092,27.146298,2.495200,26.916700,1.465400
1,2,77.800527,27.435701,2.755300,27.749399,1.994800
1,2,77.830835,30.307598,2.359300,30.361799,1.692300
1,2,77.853763,22.928599,2.397800,22.752600,1.943700
1,2,77.881384,27.620301,2.304800,27.757900,1.694200
1,2,77.905175,23.790803,2.226000,23.625000,1.578200
1,2,77.933456,28.281797,2.465600,28.318100,2.073500
1,2,77.957595,24.138700,2.629900,23.991501,1.575400
1,2,77.985495,27.899802,2.446500,28.151699,1.476000
1,2,78.008710,23.215100,2.178800,23.079500,1.527800
1,2,78.035316,26.606098,2.573100,26.763300,1.707900
1,2,78.059200,23.884203,2.285300,23.497200,2.122500
1,2,78.085556,26.355200,2.718800,26.862101,1.996900
1,2,78.114878,29.322799,1.970000,29.005600,1.626500
1,2,78.139192,24.314001,2.303800,24.210100,1.481600
1,2,78.167803,28.610200,2.406800,28.501900,1.861000
1,2,78.190287,22.484597,2.467100,22.269899,1.628400
1,2,78.216981,26.694302,2.715600,27.218000,1.788800
1,2,78.240654,23.672499,2.033500,23.216400,1.517400
1,2,78.268948,28.293602,2.616700,28.605200,1.784600
1,2,78.294715,25.767498,2.079400,25.409500,1.713400
1,2,78.323108,28.393000,2.462900,28.582001,1.814300
1,2,78.351971,28.863002,2.297000,28.971300,1.610500
1,2,78.375313,23.342200,2.147800,23.252300,1.541200
1,2,78.406115,30.802298,2.581500,30.770800,1.538400
1,2,78.434435,28.319802,2.367400,28.499399,1.966000
1,2,78.458171,23.735300,2.202200,22.600401,2.209200
1,2,78.486273,28.102499,3.460200,29.064501,2.167900
1,2,78.515456,29.183302,2.388300,28.906700,1.660000
1,2,78.537545,22.088200,4.505100,22.362400,2.144700
1,2,78.567214,29.669698,2.378200,29.542700,1.763300
1,2,78.590820,23.605902,2.519500,23.830400,1.658300
1,2,78.619412,28.591700,2.228000,28.667900,1.624700
1,2,78.642513,23.100898,1.999800,23.155500,1.846200
1,2,78.672285,29.772203,3.190700,29.287399,1.451300
1,2,78.700700,28.414499,2.531000,28.739500,1.805800
1,2,78.726979,26.279300,2.292200,26.150600,1.503900
1,2,78.752074,25.094997,2.200400,24.898399,1.616900
1,2,78.774842,22.768103,2.353200,23.264200,1.676300
1,2,78.802628,27.785998,2.248300,27.482401,1.564100
1,2,78.825259,22.630703,2.104500,22.818300,1.829000
1,2,78.855452,30.193098,1.811800,29.612101,1.840400
1,2,78.883982,28.530702,2.436800,28.755100,1.736300
1,2,78.907637,23.654398,2.449500,23.365200,1.433000
1,2,78.936825,29.188700,2.623100,29.580999,1.852600
1,2,78.966950,30.124400,2.264100,30.150600,1.843500
1,2,78.989703,22.753600,2.148000,22.481300,1.594800
1,2,79.017093,27.389701,2.449000,27.459400,1.690000
1,2,79.041604,24.510700,2.417100,24.848801,1.562900
1,2,79.070696,29.091600,2.098300,28.707199,1.719500
1,2,79.098816,28.120298,2.237100,27.958000,1.757600
1,2,79.122698,23.882501,2.541100,23.811800,1.771500
1,2,79.149660,26.961401,2.643300,27.292200,1.882600
1,2,79.172343,22.683099,2.225100,22.532000,1.403500
1,2,79.200139,27.795799,2.777000,28.074800,1.927000
1,2,79.223236,23.097202,2.423700,22.652800,1.637000
1,2,79.250346,27.109999,2.433200,27.062000,1.855000
1,2,79.274314,23.968399,3.126500,24.132401,1.845600
1,2,79.305021,30.706402,2.662300,30.707399,1.661100
1,2,79.333135,28.114300,2.410200,28.325701,2.271500
1,2,79.358069,24.933800,2.546700,24.469500,1.694800
1,2,79.385767,27.698699,2.704100,28.229099,1.600400
1,2,79.414933,29.165301,1.974000,29.086901,2.041500
1,2,79.439933,25.000498,2.158400,24.650700,1.542900
1,2,79.467546,27.612902,2.622700,27.604700,1.789400
1,2,79.491734,24.187498,2.523600,24.657900,2.226000
1,2,79.521174,29.440101,2.000300,29.177900,1.631900
1,2,79.548909,27.735699,2.476200,27.790300,2.112300
1,2,79.573628,24.718899,2.265200,24.481100,1.813600
1,2,79.603691,30.063100,2.412500,29.837400,1.908700
1,2,79.625745,22.053503,2.769500,22.579599,1.999700
1,2,79.656205,30.460298,2.039600,29.882700,1.616600
1,2,79.686431,30.225400,2.743600,30.558599,1.868400
1,2,79.713675,27.244899,2.576300,27.230801,1.805300
1,2,79.737858,24.182800,2.342000,24.285999,1.653000
1,2,79.765980,28.121702,2.311300,27.823099,2.128700
1,2,79.789201,23.220599,2.602000,22.830400,1.616000
1,2,79.811049,21.848802,2.940700,22.552900,1.853800
1,2,79.839468,28.418697,2.153400,28.221100,1.727700
1,2,79.868291,28.823201,2.202300,28.831900,1.619000
1,2,79.893813,25.521301,2.269900,25.380301,1.657600
1,2,79.920307,26.494201,2.541100,26.583700,1.731900
1,2,79.949262,28.954897,2.272000,28.778900,1.773000
1,2,79.972303,23.041300,2.420400,23.136999,1.577100
1,2,79.999579,27.276300,2.401700,27.434700,1.794000
1,2,80.028759,29.179599,2.500200,23.357599,1.610700
1,2,80.050597,21.838501,7.814600,27.443600,1.660100
1,2,80.074242,23.644701,2.564800,22.913700,1.755300
1,2,80.100785,26.543099,3.278800,27.066799,2.177700
1,2,80.124381,23.595799,2.529700,24.024900,1.677600
1,2,80.151640,27.259003,2.136300,27.084000,1.775500
1,2,80.175924,24.283499,2.240200,23.824400,1.695600
1,2,80.204176,28.252602,2.850100,28.635700,2.432900
1,2,80.233656,29.480197,2.581100,29.590000,1.901000
1,2,80.258374,24.717901,2.184400,24.605000,1.507300
1,2,80.285514,27.139701,2.220600,27.009199,1.569300
1,2,80.314431,28.916702,2.335700,28.853300,1.572300
1,2,80.339323,24.892297,2.638600,24.743999,1.629300
1,2,80.366052,26.729301,2.517100,27.182899,2.198500
1,2,80.389353,23.301300,2.131600,22.740900,1.666300
1,2,80.417264,27.910102,2.800800,28.160900,2.480400
1,2,80.441477,24.213500,2.980200,24.120800,1.948200
1,2,80.470558,29.081199,2.917100,28.891399,1.871900
1,2,80.495114,24.556100,2.788000,24.977600,1.921500
1,2,80.521478,26.363499,2.332200,25.684200,1.786700
1,2,80.551029,29.551499,3.069100,29.993500,2.119100
1,2,80.575714,24.684902,3.187200,24.468500,1.950400
1,2,80.605079,29.364999,3.061100,29.341801,1.727900
1,2,80.632412,27.332999,3.036500,27.410700,2.065800
1,2,80.658895,26.483100,3.040700,26.550400,1.732900
1,2,80.688144,29.248901,2.571400,28.682301,1.677600
1,2,80.717291,29.146999,3.362800,30.067801,1.804000
1,2,80.742717,25.425300,2.997400,25.138100,1.783600
1,2,80.771691,28.974000,2.995100,28.942499,1.683400
1,2,80.802538,30.847602,2.853800,30.478100,1.931300
1,2,80.828436,25.897898,3.325700,26.516399,1.972700
1,2,80.854701,26.265003,2.594900,26.107000,2.031300
1,2,80.885659,30.957498,2.466500,30.731400,2.014200
1,2,80.909442,23.783401,2.802500,24.188900,1.710400
1,2,80.937756,28.313600,2.096500,27.971001,1.886900
1,2,80.963305,25.549002,2.463400,25.618200,2.064500
1,2,80.989430,26.125498,2.434900,25.672400,1.760100
1,2,81.018237,28.806802,2.850600,29.043301,1.800500
1,2,81.041837,23.600198,2.538100,23.802200,1.940800
1,2,81.069118,27.280401,2.754400,26.775400,1.656000
1,2,81.097612,28.494898,2.686300,29.186600,1.840600
1,2,81.121748,24.135500,2.153200,24.045099,1.917500
1,2,81.146895,25.147401,2.208700,25.155800,1.773800
1,2,81.172554,25.658298,2.339900,25.288799,1.742800
1,2,81.201756,29.202402,2.723000,29.173000,1.910200
1,2,81.232379,30.623298,2.913000,30.629000,1.976200
1,2,81.256456,24.076503,2.662600,24.368999,1.975300
1,2,81.286236,29.780000,2.405500,29.726200,1.678200
1,2,81.314102,27.866598,2.403400,27.869699,1.570800
1,2,81.338837,24.734501,2.383000,24.638000,1.889800
1,2,81.366938,28.101400,3.115400,28.295000,1.824100
1,2,81.392273,25.334399,2.791200,25.089399,1.999800
1,2,81.418531,26.258800,2.418800,26.072300,2.040300
1,2,81.440931,22.399500,2.752700,22.634100,1.575700
1,2,81.472063,31.132299,2.463800,30.776600,2.118900
1,2,81.499788,27.725000,2.631800,27.800699,2.262300
1,2,81.524154,24.365202,2.582000,24.678301,1.571200
1,2,81.553113,28.959900,2.187200,28.752501,1.584200
1,2,81.578405,25.292099,2.419400,25.426300,1.910100
1,2,81.604685,26.279200,2.213400,26.185200,1.977200
1,2,81.633543,28.858200,2.435100,29.008301,1.723800
1,2,81.659126,25.583502,2.169700,25.671499,2.320900
1,2,81.687930,28.803200,2.076500,28.399700,1.953100
1,2,81.715573,27.643699,2.475600,27.786600,2.138500
1,2,81.739940,24.366301,2.712200,24.153400,2.188900
1,2,81.767157,27.217802,2.617400,27.476500,2.009200
1,2,81.790675,23.518000,2.306600,23.170601,1.806400
1,2,81.817565,26.889998,2.872400,26.960300,1.800400
1,2,81.841604,24.038401,2.559800,24.435101,1.531000
1,2,81.865622,24.017800,2.126300,23.631500,1.957700
1,2,81.890907,25.285900,2.449800,25.224300,2.451100
1,2,81.918071,27.163200,2.568500,27.204700,1.459600
1,2,81.941998,23.927499,2.437800,24.214500,1.566300
1,2,81.968872,26.874300,2.136300,26.906099,1.674400
1,2,81.992149,23.276802,2.082400,22.878901,1.722100
1,2,82.021758,29.608298,2.664500,29.811399,1.910200
1,2,82.052063,30.305199,2.403100,29.170300,2.021000
1,2,82.075954,23.890901,3.864400,24.779200,1.637200
1,2,82.104153,28.199200,2.783500,28.339199,1.974600
1,2,82.132930,28.777000,2.576500,28.954500,2.174800
1,2,82.157064,24.134502,3.007200,23.711100,2.041800
1,2,82.183996,26.931699,2.652100,27.196699,2.022700
1,2,82.208235,24.239000,2.394900,24.252899,1.663000
1,2,82.235143,26.907600,2.274700,26.412500,1.631700
1,2,82.258194,23.051299,2.742900,22.585100,1.612800
1,2,82.287341,29.147200,3.388800,30.083900,1.756300
1,2,82.312757,25.415402,2.249100,25.433300,2.026900
1,2,82.340290,27.533598,2.245500,27.155001,1.782100
1,2,82.366901,26.610900,2.615800,26.691000,1.794900
1,2,82.390239,23.337599,2.409100,23.063000,1.577300
1,2,82.417229,26.990600,2.927600,27.415800,1.597100
1,2,82.439796,22.567101,2.236300,22.371099,1.694500
1,2,82.466874,27.078100,2.526900,27.251900,1.649100
1,2,82.490967,24.092503,2.264900,23.890699,1.874500
1,2,82.518563,27.596097,2.724100,27.491699,1.850700
1,2,82.542123,23.560200,2.642000,23.977800,1.599800
1,2,82.571300,29.176500,2.170200,28.862499,1.764600
1,2,82.593686,22.386100,2.431300,22.615200,1.922400
1,2,82.623381,29.695000,2.478300,29.239500,1.881500
1,2,82.648080,24.699099,2.751200,24.707600,1.798900
1,2,82.675906,27.825903,2.622100,27.891500,1.807500
1,2,82.702452,26.546497,2.691100,26.889200,1.791300
1,2,82.732666,30.213602,2.202700,29.827499,1.927200
1,2,82.755476,22.809699,2.749100,22.852301,1.953300
1,2,82.783352,27.876701,2.634300,27.753300,1.550200
1,2,82.807060,23.707200,2.835100,23.827900,1.869600
1,2,82.834564,27.504001,2.539300,27.808201,1.691000
1,2,82.857459,22.895198,2.300900,22.419001,1.544700
1,2,82.884149,26.690401,2.881900,27.304600,1.872300
1,2,82.906655,22.505999,1.959800,22.245701,1.523900
1,2,82.934064,27.408600,2.396100,27.128099,1.801400
1,2,82.956255,22.190701,2.752500,22.103701,1.580200
1,2,82.983704,27.449999,2.792400,27.452200,1.991500
1,2,83.008330,24.625901,2.813700,24.708000,1.810100
1,2,83.034922,26.591297,2.500600,26.857100,1.754500
1,2,83.057988,23.066103,2.187200,22.761200,1.814700
1,2,83.086091,28.102700,2.629200,28.356001,1.879100
1,2,83.108804,22.713698,2.542600,22.811800,1.910000
1,2,83.137999,29.194701,2.359100,28.766701,1.797800
1,2,83.167178,29.178899,2.882600,29.582100,1.831500
1,2,83.191814,24.636000,2.301500,24.499500,1.664500
1,2,83.219605,27.790800,2.311000,27.916599,1.649800
1,2,83.248686,29.081900,1.882900,29.038300,1.608600
1,2,83.272077,23.390699,2.416500,23.143900,1.619300
1,2,83.299446,27.368601,2.467700,27.277300,2.050400
1,2,83.323342,23.896601,3.341900,24.058100,2.063000
1,2,83.352576,29.233798,2.423000,29.328300,1.599400
1,2,83.377041,24.464902,2.161100,24.482700,1.717500
1,2,83.405387,28.346099,2.347100,27.979700,1.626800
1,2,83.432954,27.566798,2.541100,27.578699,1.997800
1,2,83.457012,24.057701,2.729200,23.987400,1.915900
1,2,83.486812,29.799901,2.598200,29.951700,1.890000
1,2,83.509784,22.972200,2.560700,23.137300,1.793100
1,2,83.538053,28.269399,2.301700,28.154600,1.878200
1,2,83.566825,28.771702,2.379000,28.532301,1.851800
1,2,83.591288,24.462599,2.547200,24.323799,1.878200
1,2,83.620156,28.868400,2.635700,28.881901,2.023000
1,2,83.643087,22.931200,2.638900,22.964800,2.242000
1,2,83.672366,29.279299,2.696200,29.274599,1.868200
1,2,83.694809,22.442199,2.703500,22.902000,2.106000
1,2,83.723755,28.946202,2.396200,28.462200,1.883900
1,2,83.751984,28.228898,2.517700,28.728399,1.746700
1,2,83.781721,29.737502,2.024400,29.482901,1.895600
1,2,83.806347,24.625398,2.278800,24.536301,1.741400
1,2,83.833669,27.322300,2.367300,27.550600,2.016400
1,2,83.858385,24.716303,2.115700,24.621401,1.682100
1,2,83.886481,28.095499,2.204900,28.190800,1.837600
1,2,83.916028,29.547501,2.045700,29.266500,1.747300
1,2,83.940959,24.930499,2.370000,24.656500,1.724100
1,2,83.969104,28.145399,2.847300,28.533100,1.625500
1,2,83.994082,24.978202,2.235300,24.729000,1.767300
1,2,84.021811,27.728800,2.535200,27.526699,1.710200
1,2,84.044319,22.507999,2.790200,22.741600,1.887500
1,2,84.071274,26.954498,2.735000,27.205200,1.784000
1,2,84.100902,29.628303,2.287900,29.571100,1.610300
1,2,84.123890,22.987999,2.547300,22.840401,1.496800
1,2,84.151368,27.478099,2.364000,27.550301,2.097400
1,2,84.176918,25.549602,2.201700,25.314301,2.236100
1,2,84.204878,27.960397,2.510500,28.260201,1.864400
1,2,84.233986,29.108301,2.169600,28.866699,1.659200
1,2,84.258474,24.487499,2.573100,24.659000,1.723700
1,2,84.287761,29.287003,2.137900,28.649700,1.677200
1,2,84.313247,25.486499,2.708100,26.173500,1.673200
1,2,84.339542,26.294999,2.237900,26.053301,1.773800
1,2,84.368475,28.932299,2.575800,28.860201,2.263500
1,2,84.392942,24.467003,2.607000,24.470200,2.026600
1,2,84.423158,30.216098,2.474800,29.997999,1.988200
1,2,84.451649,28.491601,2.678300,28.965099,1.827900
1,2,84.475968,24.318300,2.062500,24.179701,1.721900
1,2,84.506533,30.565098,2.203100,30.199600,1.994900
1,2,84.534365,27.832001,2.855200,28.126699,1.953000
1,2,84.558910,24.544999,2.261700,24.323900,1.847000
1,2,84.586348,27.438499,2.313700,27.180201,1.872300
1,2,84.613016,26.668202,2.761400,26.784000,2.065700
1,2,84.642686,29.670000,2.764500,29.955000,2.127300
1,2,84.674146,31.459499,2.461800,31.076000,2.094900
1,2,84.702085,27.939502,3.070700,28.319500,1.894900
1,2,84.725355,23.269698,2.377200,23.289700,1.883100
1,2,84.753875,28.519802,2.188500,28.596701,1.735400
1,2,84.784193,30.318100,2.424700,29.971600,1.728700
1,2,84.808144,23.951497,2.380100,22.684601,1.916800
1,2,84.837581,29.436100,3.757500,30.647800,1.884600
1,2,84.866743,29.162001,2.658200,29.435900,1.925500
1,2,84.889867,23.124602,2.251900,22.721001,1.807200
1,2,84.919020,29.153198,2.801900,28.896000,1.922300
1,2,84.942183,23.162201,3.391600,23.169701,1.994100
1,2,84.971362,29.179800,3.700600,29.648399,1.941600
1,2,84.996590,25.227599,2.729900,25.150700,2.141400
1,2,85.022840,26.250102,2.836300,26.138901,1.732800
1,2,85.055914,33.073798,2.647400,32.900200,1.902200
1,2,85.081618,25.703602,3.531300,22.076401,2.342900
1,2,85.107869,26.251599,6.909500,29.761801,2.023800
1,2,85.137677,29.807799,3.008900,29.863501,2.119700
1,2,85.163431,25.754303,3.076100,25.947701,2.279100
1,2,85.192146,28.714500,2.832500,28.900999,1.872000
1,2,85.221418,29.272497,2.415900,28.877300,1.758400
1,2,85.249429,28.010502,2.889200,28.024401,2.232500
1,2,85.275704,26.275299,3.402100,26.149500,2.482300
1,2,85.305582,29.878199,3.050500,30.149300,2.070100
1,2,85.333135,27.552903,2.909800,27.576300,2.139700
1,2,85.358725,25.589999,2.958200,25.191200,1.877200
1,2,85.390814,32.089200,3.122300,32.555698,2.243900
1,2,85.417192,26.378099,2.668900,26.167999,1.919400
1,2,85.441646,24.454001,2.438400,24.541901,1.693200
1,2,85.471922,30.276097,2.473300,30.386900,1.532800
1,2,85.494188,22.265904,2.371300,22.383101,1.872600
1,2,85.522074,27.886000,2.413600,27.835501,1.890900
1,2,85.549975,27.900998,2.452100,27.542200,1.781800
1,2,85.573815,23.839600,2.828600,23.993401,1.686900
1,2,85.602889,29.074103,2.487300,28.799999,1.847400
1,2,85.625969,23.079697,2.719800,23.586000,1.984100
1,2,85.656035,30.066002,2.464600,29.061501,1.783000
1,2,85.683561,27.526200,3.408900,28.377001,1.971700
1,2,85.706110,22.549100,2.494700,22.214800,1.682700
1,2,85.734540,28.429799,2.694300,28.465599,1.716000
1,2,85.757346,22.806101,2.547900,23.057600,1.914500
1,2,85.785227,27.880501,2.462600,27.684700,1.531100
1,2,85.807530,22.303898,2.717300,22.587400,1.555600
1,2,85.836156,28.625399,2.284000,28.619801,1.433900
1,2,85.862603,26.447203,2.189000,26.419701,1.945100
1,2,85.886244,23.640599,2.354400,23.758900,1.997900
1,2,85.909709,23.465600,2.051600,23.044300,1.899000
1,2,85.935942,26.232600,2.714500,26.509899,1.560900
1,2,85.959673,23.731299,2.151900,23.455900,1.710700
1,2,85.987864,28.191000,2.678400,28.076900,1.853300
1,2,86.011104,23.240101,2.563500,23.145300,1.584700
1,2,86.038838,27.734201,3.224400,27.813101,1.755600
1,2,86.066714,27.875900,2.787300,27.890900,1.581700
1,2,86.089317,22.602797,2.615200,22.325399,1.921400
1,2,86.117236,27.918801,2.996600,28.461599,1.580400
1,2,86.140610,23.373801,2.120700,23.260099,1.719600
1,2,86.168276,27.665801,2.283900,27.361799,1.753100
1,2,86.192704,24.428800,2.489300,24.318701,1.535500
1,2,86.219817,27.112998,2.613200,27.429501,1.495900
1,2,86.248698,28.880600,2.139500,28.659800,1.440200
1,2,86.272935,24.236601,2.472800,24.256701,1.669800
1,2,86.300773,27.838800,2.593400,28.080000,1.946400
1,2,86.325326,24.552401,2.419400,24.179300,1.835100
1,2,86.351530,26.203997,2.516800,26.615000,1.734700
1,2,86.374961,23.431201,2.082400,23.372601,1.561300
1,2,86.402486,27.525499,2.181600,27.273701,1.715300
1,2,86.427157,24.670601,2.382600,24.721201,1.721900
1,2,86.453837,26.679702,2.357600,26.692200,1.894800
1,2,86.477500,23.662899,2.401900,23.727200,2.081400
1,2,86.506302,28.802801,2.495500,28.351500,1.681600
1,2,86.536020,29.717598,2.925500,30.194700,1.980300
1,2,86.561678,25.658201,2.298900,25.330799,1.655600
1,2,86.590548,28.869901,2.546000,29.054800,1.536300
1,2,86.615585,25.037199,2.348700,24.714701,1.857800
1,2,86.639813,24.228100,2.671500,24.318899,2.033500
1,2,86.668901,29.087298,2.794200,29.106400,1.926900
1,2,86.691820,22.918902,2.565200,22.689301,1.627600
1,2,86.718950,27.130298,2.695200,27.515200,1.808500
1,2,86.741457,22.507302,2.577700,22.575701,1.763700
1,2,86.769401,27.943600,2.278500,28.020700,2.005400
1,2,86.792466,23.064997,2.087300,22.966999,1.458800
1,2,86.820868,28.402403,2.099700,28.191200,1.866800
1,2,86.844578,23.709998,2.570000,23.903299,2.009100
1,2,86.871483,26.904400,2.510500,26.758101,1.505300
1,2,86.900503,29.020302,2.383600,29.137400,2.055800
1,2,86.924738,24.234697,2.393700,24.066999,2.204300
1,2,86.953071,28.333001,2.847400,28.344400,1.875600
1,2,86.980269,27.198702,2.739800,26.902201,1.689600
1,2,87.008331,28.061897,2.811100,27.779900,1.922800
1,2,87.034725,26.393700,3.125500,27.149300,1.806700
1,2,87.057396,22.670902,2.307200,22.415899,1.973400
1,2,87.084042,26.645899,2.597000,26.885799,2.055000
1,2,87.108685,24.643101,2.497500,22.650000,1.887800
1,2,87.135471,26.785899,4.295800,28.417400,2.025100
1,2,87.158802,23.331299,2.648700,23.254000,2.102400
1,2,87.187822,29.019602,2.828600,29.360701,2.373700
1,2,87.215690,27.867999,2.312400,27.925100,1.839600
1,2,87.239446,23.756899,2.185800,23.389500,1.650200
1,2,87.264704,25.257200,2.559300,25.286800,2.050700
1,2,87.290232,25.528301,2.842600,25.156401,1.626800
1,2,87.311915,21.683101,3.054200,22.230101,1.817000
1,2,87.341008,29.092699,2.506800,28.665899,1.325800
1,2,87.365337,24.329200,2.791900,24.396500,2.039700
1,2,87.391161,25.824301,2.735900,25.591000,1.791000
1,2,87.419333,28.172199,2.910200,28.643801,1.967500
1,2,87.443657,24.323203,2.319500,24.418301,1.580500
1,2,87.472316,28.659299,2.093700,28.420601,1.450800
1,2,87.500346,28.030399,2.714500,28.245800,1.839800
1,2,87.524477,24.130899,2.532500,23.790100,1.822100
1,2,87.551696,27.218699,2.495400,27.302000,1.719100
1,2,87.575906,24.210401,2.395500,24.459499,1.975300
1,2,87.603015,27.108502,2.104100,26.965799,1.647000
1,2,87.626929,23.914300,2.295600,23.663700,1.771300
1,2,87.655796,28.866600,2.556500,28.978100,1.659800
1,2,87.681072,25.275998,2.584300,25.397301,1.720500
1,2,87.706148,25.076400,2.491600,25.073000,1.767000
1,2,87.734186,28.037701,2.395300,28.036100,1.613200
1,2,87.757632,23.445800,2.297700,23.199600,1.840000
1,2,87.784700,27.068399,2.502600,27.095600,2.135500
1,2,87.809654,24.953600,2.376500,25.126301,1.547800
1,2,87.838246,28.592400,2.188800,28.587299,1.584200
1,2,87.867588,29.342301,2.270800,29.232800,1.940000
1,2,87.891276,23.687199,2.432500,23.623100,1.788800
1,2,87.919130,27.854301,2.402700,28.031300,1.801700
1,2,87.943159,24.029098,2.221500,23.948601,1.519700
1,2,87.971148,27.989201,2.297300,27.944799,2.105500
1,2,87.994772,23.623701,2.189800,23.452600,1.757400
1,2,88.023399,28.626997,2.367300,28.337099,1.723400
1,2,88.049124,25.725402,2.930800,25.818100,2.274200
1,2,88.074084,24.960101,2.937000,24.999300,1.851600
1,2,88.101087,27.002398,2.595100,27.162901,2.044700
1,2,88.124394,23.307599,2.791400,23.199600,1.833300
1,2,88.153938,29.543303,2.447600,30.069300,2.132800
1,2,88.176994,23.056697,1.893800,22.670099,1.762100
1,2,88.205388,28.394002,2.501300,28.378300,2.016300
1,2,88.234066,28.678000,2.469400,28.660200,1.914500
1,2,88.257089,23.022801,2.435300,22.603399,1.817100
1,2,88.284191,27.102198,2.709300,27.594200,1.800800
1,2,88.307011,22.819400,2.335600,22.703699,1.850900
1,2,88.334962,27.951602,2.485400,27.697901,2.170400
1,2,88.357539,22.576999,2.516900,22.475100,1.687100
1,2,88.385935,28.395601,2.710500,28.912300,2.184100
1,2,88.410701,24.766099,2.519400,24.619499,1.542100
1,2,88.441773,31.071700,2.317100,30.741699,1.688300
1,2,88.469235,27.462099,2.697100,27.159000,1.992500
1,2,88.493735,24.500500,3.239000,24.615601,2.228100
1,2,88.525152,31.416502,3.303200,30.927799,2.390200
1,2,88.554708,29.555798,4.090400,30.389200,2.962900
1,2,88.580730,26.022002,4.077400,25.943399,2.308600
1,2,88.610389,29.659100,2.518700,28.841499,2.297500
1,2,88.635653,25.263999,3.281100,26.129101,2.834500
1,2,88.664459,28.806303,2.767800,28.639200,1.803200
1,2,88.692033,27.573999,3.081700,27.139400,1.780900
1,2,88.720897,28.863400,3.531400,29.351999,1.968300
1,2,88.745881,24.984300,2.719200,24.737600,2.714000
1,2,88.775453,29.571798,3.142400,29.592800,2.440500
1,2,88.806748,31.295102,2.888100,30.866100,2.418100
1,2,88.834965,28.217100,3.532400,28.834101,2.238300
1,2,88.860691,25.726698,2.822200,25.669701,1.957900
1,2,88.888257,27.566001,2.888200,27.525000,1.933700
1,2,88.914038,25.780700,2.585900,25.942499,2.085800
1,2,88.941458,27.419999,2.367300,27.593901,1.766000
1,2,88.969728,28.269403,2.434100,27.742300,1.569700
1,2,88.996091,26.363499,2.871500,26.894300,1.723700
1,2,89.024559,28.468098,2.325600,28.092600,1.405500
1,2,89.053367,28.807800,2.543500,28.579599,1.618000
1,2,89.084006,30.639399,2.754300,30.826900,1.605300
1,2,89.109361,25.354702,2.710100,25.435699,1.661600
1,2,89.138390,29.029001,2.314000,28.787800,1.505400
1,2,89.167553,29.163297,2.675000,29.548201,1.746100
1,2,89.191654,24.100900,2.177600,24.125601,1.777700
1,2,89.218541,26.886303,2.107700,26.555401,1.678100
1,2,89.243446,24.905197,2.575400,25.093201,1.925300
1,2,89.274207,30.760903,2.276200,30.439699,1.638200
1,2,89.301578,27.371798,2.685600,27.663200,1.726900
1,2,89.327999,26.420802,2.360200,26.330299,1.739600
1,2,89.356369,28.369199,2.538500,28.121201,1.933500
1,2,89.384220,27.851600,2.565500,27.981300,1.897500
1,2,89.406916,22.695597,2.681100,22.778700,1.912800
1,2,89.437202,30.286703,2.706400,30.374800,1.760700
1,2,89.461593,24.390697,2.696300,24.178301,1.637300
1,2,89.491181,29.587902,2.527400,29.452801,1.797900
1,2,89.518415,27.233500,2.438100,27.587900,1.777800
1,2,89.541474,23.059998,2.213800,22.719700,1.507300
1,2,89.568890,27.415402,2.639700,27.498301,1.659200
1,2,89.594646,25.755599,2.538900,25.811899,1.714200
1,2,89.622122,27.476799,2.439200,27.371700,1.956400
1,2,89.645675,23.552701,2.589500,23.609699,2.096200
1,2,89.674959,29.283900,2.732600,28.948900,1.785600
1,2,89.702011,27.052499,2.714200,27.182301,2.153600
1,2,89.726559,24.548002,2.755500,24.502501,1.663300
1,2,89.754840,28.280299,2.696900,28.587000,1.981500
1,2,89.780864,26.023801,2.343800,26.002600,1.818000
1,2,89.807608,26.744600,2.448200,26.444700,1.508600
1,2,89.834522,26.914198,2.850500,27.398500,2.040500
1,2,89.858313,23.790300,2.175700,23.320900,1.672200
1,2,89.887235,28.921999,2.677300,29.086399,1.732200
1,2,89.910661,23.426402,2.538900,23.296200,1.746500
1,2,89.938641,27.980398,2.755200,28.170401,1.715400
1,2,89.961356,22.714701,2.444900,22.825800,1.840500
1,2,89.989568,28.212100,2.233500,27.911800,1.821300
1,2,90.017551,27.982600,2.684900,27.971300,1.824300
1,2,90.040752,23.201399,2.466200,22.992300,1.529600
1,2,90.070180,29.428203,2.834700,29.685200,2.359600
1,2,90.093927,23.746599,2.333300,23.795200,1.824300
1,2,90.126205,32.278102,2.512600,28.260799,1.788900
1,2,90.147308,21.103099,6.324800,25.012800,1.956200
1,2,90.175133,27.825199,2.681100,27.805300,1.795400
1,2,90.202718,27.584899,2.487200,27.443600,1.802600
1,2,90.226336,23.617402,2.499500,22.608500,1.463500
1,2,90.253694,27.358498,3.591000,27.999800,1.577200
1,2,90.276783,23.088902,2.989900,23.668600,1.778600
1,2,90.303483,26.700199,2.516000,26.825001,1.612000
1,2,90.328607,25.123600,2.191800,24.719601,1.650700
1,2,90.356528,27.920902,2.453800,27.943600,1.575100
1,2,90.384994,28.466698,2.470300,28.748800,1.882400
1,2,90.409461,24.466600,2.248700,23.814301,2.092500
1,2,90.436531,27.069900,2.811400,27.634001,1.950100
1,2,90.459726,23.194700,2.467400,22.909100,1.646200
1,2,90.486803,27.076900,2.506900,27.380301,1.949100
1,2,90.509825,23.022700,2.272700,22.933399,1.737400
1,2,90.537026,27.200799,2.347500,27.098801,1.936500
1,2,90.560351,23.324400,2.864700,23.268499,2.025300
1,2,90.586834,26.483499,2.839500,26.306200,1.924200
1,2,90.614476,27.641803,2.873000,27.585699,1.726200
1,2,90.641314,26.838597,2.735200,26.777000,2.004600
1,2,90.669236,27.921103,2.913200,27.453899,1.965700
1,2,90.692435,23.199897,3.766200,23.910999,2.242300
1,2,90.721079,28.644003,2.668700,28.859600,1.864800
1,2,90.744213,23.133498,2.229600,22.719101,1.793200
1,2,90.770902,26.689000,2.829900,26.883801,1.821600
1,2,90.799375,28.473102,2.325800,28.505699,1.537900
1,2,90.823892,24.517398,2.585300,24.202499,1.553900
1,2,90.849230,25.337700,2.812200,25.517599,1.819200
1,2,90.874082,24.852201,2.581400,24.571501,1.728600
1,2,90.901615,27.532499,2.778300,27.790501,1.929500
1,2,90.925431,23.816399,2.599700,23.914200,1.723000
1,2,90.956042,30.610401,2.388200,30.286301,1.647800
1,2,90.984754,28.712198,2.833500,28.892300,2.156200
1,2,91.008636,23.881800,2.949900,23.425400,1.775800
1,2,91.036558,27.922701,3.075400,28.264999,1.744800
1,2,91.059405,22.847001,2.798200,22.940001,1.986700
1,2,91.087822,28.417099,2.779700,28.306299,1.958900
1,2,91.111327,23.504600,2.713200,23.447500,1.991300
1,2,91.140638,29.311400,2.953700,29.485800,1.875400
1,2,91.167888,27.249500,2.370900,26.935301,1.929600
1,2,91.190846,22.958100,2.952400,22.030100,2.235100
1,2,91.220035,29.189400,3.769100,30.222700,1.856700
1,2,91.243631,23.595300,2.837100,23.507000,2.045700
1,2,91.274099,30.468799,2.956000,30.414900,1.970700
1,2,91.300997,26.897602,2.798500,27.203300,1.845500
1,2,91.323851,22.854101,2.449100,22.605400,1.799200
1,2,91.351193,27.342197,2.690400,27.635900,2.110500
1,2,91.377203,26.009303,2.662700,25.805799,1.516100
1,2,91.405731,28.528601,2.552100,28.270500,1.786600
1,2,91.434106,28.374299,2.633000,28.422899,1.716400
1,2,91.456791,22.685397,2.565400,22.799000,1.527900
1,2,91.481915,25.124401,2.546600,25.025900,1.919100
1,2,91.506662,24.746802,2.627300,25.184500,1.899200
1,2,91.532912,26.250198,2.311000,25.436501,2.660000
1,2,91.557819,24.906900,3.053400,24.849701,1.807100
1,2,91.584927,27.107902,3.034700,27.539499,1.895400
1,2,91.607549,22.622298,2.645500,22.506399,1.590200
1,2,91.631802,24.253000,2.594300,24.661800,1.892300
1,2,91.658110,26.307900,2.267200,26.096500,1.900700
1,2,91.685777,27.666703,2.438700,27.496700,2.018000
1,2,91.708141,22.363599,2.674900,22.458500,1.831400
1,2,91.736415,28.274398,2.467700,28.199301,1.687200
1,2,91.758688,22.273201,2.561700,22.623301,1.649400
1,2,91.785953,27.264599,2.113700,27.337099,1.884400
1,2,91.808607,22.654101,2.083000,22.401400,1.475400
1,2,91.835952,27.345400,2.551000,27.067200,1.772200
1,2,91.860175,24.222799,2.947000,24.473700,1.747500
1,2,91.890346,30.170500,2.526600,30.067600,1.963900
1,2,91.917711,27.365401,2.388800,27.549601,1.883000
1,2,91.942050,24.339300,2.305300,24.084299,2.035500
1,2,91.969640,27.589299,2.509400,27.774700,2.048000
1,2,91.994062,24.422400,2.567200,24.389099,1.984700
1,2,92.023450,29.387701,2.500300,28.661100,1.716900
1,2,92.051134,27.683798,3.063900,28.296101,2.185100
1,2,92.076276,25.142301,2.725400,25.204000,1.974200
1,2,92.102886,26.610501,2.515100,26.580299,1.598500
1,2,92.127776,24.889801,2.566300,23.804199,1.959700
1,2,92.157690,29.914297,3.439800,29.243799,1.703200
1,2,92.179068,21.377500,4.329900,23.050301,2.110300
1,2,92.207408,28.339602,3.418500,28.018499,1.959200
1,2,92.236906,29.498398,2.931900,29.884701,2.432200
1,2,92.261441,24.534602,2.952000,24.480000,2.173600
1,2,92.289913,28.472301,2.474700,28.263399,2.118100
1,2,92.316362,26.449297,2.638300,26.784401,2.138900
1,2,92.342201,25.838502,2.252200,25.587500,2.148900
1,2,92.369181,26.980400,2.453300,27.080200,2.176200
1,2,92.393987,24.805799,2.604600,24.429501,2.112200
1,2,92.420811,26.824001,2.862600,27.158600,2.054300
1,2,92.444229,23.418400,2.515700,23.212700,2.283200
1,2,92.474353,30.123901,3.072800,29.893900,2.209000
1,2,92.501934,27.581297,3.030100,27.724701,2.731500
1,2,92.525919,23.984302,3.027600,24.054701,2.213900
1,2,92.555254,29.335201,2.971400,29.410601,2.056200
1,2,92.578634,23.379799,2.803400,23.486700,2.286100
1,2,92.604883,26.249401,2.569000,26.185101,2.630000
1,2,92.632970,28.087199,2.423900,27.714800,2.322700
1,2,92.658148,25.177699,3.324000,25.228300,2.378500
1,2,92.687011,28.863002,4.034100,29.010000,2.584100
1,2,92.710438,23.427200,2.955500,23.566099,2.471500
1,2,92.739002,28.563600,3.133300,28.680401,2.051000
1,2,92.764519,25.517400,2.507200,25.291201,1.892500
1,2,92.791170,26.650298,2.482000,26.618999,2.162100
1,2,92.818203,27.033500,2.665600,26.907499,1.905700
1,2,92.842661,24.458300,2.886500,24.551399,1.844000
1,2,92.872136,29.474702,2.661400,29.516899,2.087600
1,2,92.900899,28.763399,2.615300,28.923300,2.109200
1,2,92.923803,22.903301,2.153600,22.706600,1.982000
1,2,92.953035,29.232200,2.698400,29.069099,1.875500
1,2,92.976290,23.255300,2.984300,23.459999,2.120000
1,2,93.002223,25.933001,2.644800,25.559299,1.883900
1,2,93.030506,28.283097,3.334500,28.192101,2.141900
1,2,93.056929,26.422802,3.511600,26.015100,2.302800
1,2,93.085106,28.177198,3.948800,28.961599,2.288100
1,2,93.109217,24.111100,3.185000,23.850901,2.205900
1,2,93.139856,30.638400,3.227900,30.478701,2.236400
1,2,93.163089,23.233000,3.220500,23.517700,2.459500
1,2,93.193742,30.653000,2.788600,30.372900,1.903200
1,2,93.224121,30.379001,2.715500,30.675800,1.800400
1,2,93.252700,28.579101,2.569300,28.367201,2.133500
1,2,93.277636,24.935801,2.649800,25.104300,1.935100
1,2,93.308277,30.641198,2.252600,30.526600,2.098300
1,2,93.337261,28.984100,2.372400,29.142401,2.107700
1,2,93.360364,23.102701,2.241400,22.784201,1.936000
1,2,93.390300,29.936202,2.712900,30.112900,1.884300
1,2,93.412766,22.466399,2.353800,22.715099,2.092900
1,2,93.442207,29.440798,2.253000,28.924101,1.882800
1,2,93.472921,30.713603,2.791500,30.779800,1.894100
1,2,93.502814,29.893100,2.694400,29.941000,2.139900
1,2,93.527878,25.064297,2.852000,25.038099,2.069900
1,2,93.557429,29.550601,2.580400,29.581400,1.957200
1,2,93.579922,22.493299,2.517100,22.701000,1.888300
1,2,93.610577,30.654702,2.396300,30.259001,1.907900
1,2,93.637621,27.044699,2.706200,27.328800,2.194300
1,2,93.666438,28.816301,3.357900,28.723499,2.261100
1,2,93.690865,24.426799,2.620000,24.334200,1.964300
1,2,93.719736,28.871700,2.431900,29.016100,2.094900
1,2,93.741965,22.228699,2.506500,22.035299,1.868300
1,2,93.770849,28.883900,2.467000,29.242701,1.759700
1,2,93.799059,28.209601,2.109400,27.755199,1.917800
1,2,93.823678,24.619900,2.675800,24.743099,1.682600
1,2,93.851630,27.951200,2.400800,27.891100,1.725400
1,2,93.874639,23.009900,2.500000,22.959101,1.845500
1,2,93.902235,27.595401,2.448800,28.069201,2.096600
1,2,93.926960,24.725400,1.922600,24.062599,1.732800
1,2,93.955058,28.098099,2.549500,28.091801,1.599600
1,2,93.977677,22.618599,2.754000,23.075199,1.881100
1,2,94.006341,28.664403,2.115700,28.171301,1.772300
1,2,94.034006,27.664799,2.596600,28.176701,1.554500
1,2,94.057326,23.320097,2.382500,23.202900,1.774000
1,2,94.082708,25.381900,2.229700,24.970100,1.911800
1,2,94.107917,25.208801,2.669900,25.529800,1.628600
1,2,94.137219,29.302400,2.335100,28.998501,2.069300
1,2,94.161017,23.798101,2.845900,24.144800,1.977300
1,2,94.191944,30.926701,2.270400,30.545300,1.710700
1,2,94.219729,27.784899,2.387300,28.324699,1.815100
1,2,94.243514,23.785200,2.091600,23.658600,2.109800
1,2,94.271265,27.750202,2.107400,27.644501,1.579500
1,2,94.294699,23.434401,2.033500,23.414301,1.960000
1,2,94.323031,28.331999,2.282200,28.340900,1.688500
1,2,94.352637,29.606499,2.254300,29.650000,2.288200
1,2,94.377441,24.804000,2.462900,24.615101,1.753400
1,2,94.406313,28.871503,2.365600,28.685801,2.179800
1,2,94.429387,23.074299,2.538100,23.148399,1.581900
1,2,94.458364,28.977100,2.696800,28.857201,2.009900
1,2,94.486540,28.175298,2.838200,28.238300,1.840400
1,2,94.510748,24.208300,2.452000,24.361500,1.659300
1,2,94.539378,28.630301,2.260000,28.323400,1.658900
1,2,94.562753,23.374800,2.512500,23.883101,1.860900
1,2,94.592258,29.504899,2.238300,29.269699,1.847100
1,2,94.622780,30.521702,2.217500,29.346701,2.035600
1,2,94.642336,19.555900,3.988000,20.712099,2.985600
1,2,94.667711,25.375098,3.106400,24.911699,2.526600
1,2,94.692021,24.310201,2.786300,24.848200,2.219800
1,2,94.719413,27.392600,2.152000,27.220900,1.962400
1,2,94.745417,26.003201,2.345300,26.205200,1.960000
1,2,94.773156,27.739801,2.030400,27.122999,1.751400
1,2,94.802075,28.919000,2.709300,28.998100,2.067600
1,2,94.827489,25.413800,2.794800,25.577299,2.285000
1,2,94.855093,27.603798,2.545700,27.973600,1.943400
1,2,94.878545,23.451801,2.029400,23.308300,2.105400
1,2,94.907166,28.620899,2.275700,28.512100,1.899400
1,2,94.936877,29.711302,2.586500,29.813900,1.932100
1,2,94.961293,24.415500,2.656600,24.137600,2.041600
1,2,94.990582,29.289600,3.321600,29.213100,1.504900
1,2,95.017936,27.353499,2.510700,27.485100,2.350300
1,2,95.041593,23.657501,3.196400,23.660500,1.859700
1,2,95.069508,27.915001,2.523100,28.109800,1.944600
1,2,95.094223,24.714798,2.248900,24.234501,2.027700
1,2,95.121549,27.325902,2.557300,27.857901,1.934500
1,2,95.150875,29.326599,1.895900,28.900000,1.974500
1,2,95.181029,30.153800,2.619000,24.274401,1.961400
1,2,95.201311,20.281799,8.429200,25.646000,1.765300
1,2,95.226668,25.357202,3.395700,25.607100,2.249200
1,2,95.256527,29.858898,2.775300,29.835699,2.149100
1,2,95.284859,28.331801,2.997700,28.616699,2.140900
1,2,95.309358,24.499498,3.355500,24.031799,2.058300
1,2,95.335894,26.535600,3.226700,27.078199,2.192800
1,2,95.359605,23.711301,2.454600,23.259800,2.038200
1,2,95.390470,30.864798,3.704500,30.988899,2.196100
1,2,95.417658,27.187601,2.727000,27.089701,2.027800
1,2,95.441640,23.981802,2.791300,24.307199,2.276200
1,2,95.470810,29.169999,2.418300,29.178699,2.162700
1,2,95.495389,24.579801,2.383300,24.576401,1.809000
1,2,95.524178,28.788298,2.294100,28.400101,1.816900
1,2,95.551986,27.808599,2.667200,28.132601,1.858800
1,2,95.577005,25.018699,2.268800,24.620800,1.767200
1,2,95.604050,27.045000,2.645800,26.737499,1.547400
1,2,95.629070,25.020301,2.895500,25.067400,1.953400
1,2,95.655985,26.915099,3.240700,27.180300,2.254300
1,2,95.679811,23.825999,2.917500,24.253401,1.850400
1,2,95.708207,28.395802,2.133600,27.904800,2.128700
1,2,95.736212,28.004900,2.637200,28.513000,2.083400
1,2,95.760630,24.418399,2.211200,24.240801,1.708000
1,2,95.788607,27.976602,2.183300,27.913000,1.700800
1,2,95.817969,29.362097,2.382900,29.388901,1.971900
1,2,95.843239,25.269900,2.275700,25.314199,1.960400
1,2,95.872498,29.259402,2.296300,28.811899,1.568400
1,2,95.900668,28.169699,2.652000,28.686501,1.883000
1,2,95.924398,23.729499,2.208800,23.205400,1.926600
1,2,95.951460,27.062401,3.814100,27.133499,1.889200
1,2,95.973344,21.883901,2.663100,22.240900,2.292900
1,2,96.001348,28.003599,2.320200,27.886499,1.884200
1,2,96.025487,24.139401,2.434300,24.110600,2.040400
1,2,96.052392,26.904799,2.468900,26.707600,1.798400
1,2,96.075177,22.784900,2.711300,22.570200,1.607400
1,2,96.101753,26.576400,2.712700,27.032499,1.964800
1,2,96.125956,24.203099,2.382300,23.784599,1.963300
1,2,96.152771,26.814602,2.759400,27.146000,2.273000
1,2,96.174918,22.147499,2.411900,22.136000,1.700200
1,2,96.204092,29.173400,2.835300,29.125601,1.947500
1,2,96.229873,25.781300,2.573400,25.605700,1.776600
1,2,96.256751,26.878100,3.361600,27.238100,1.794600
1,2,96.284780,28.028499,2.124800,27.597401,2.244000
1,2,96.308021,23.241799,2.679700,23.503401,2.002800
1,2,96.334564,26.542902,2.356000,26.693100,1.718800
1,2,96.358500,23.936298,2.239900,23.715799,1.613500
1,2,96.386238,27.737603,2.554000,27.563601,1.637200
1,2,96.409775,23.537200,2.659700,23.657000,1.595800
1,2,96.438215,28.439298,2.336800,28.507999,1.637600
1,2,96.464256,26.041400,2.309800,26.014700,1.979900
1,2,96.490633,26.377399,2.423500,26.427700,1.784200
1,2,96.513267,22.633404,2.316800,22.660601,1.910000
1,2,96.542529,29.261798,2.368000,28.842899,1.825500
1,2,96.569451,26.922502,2.732200,27.301100,1.730300
1,2,96.592363,22.912100,2.818200,22.661100,1.762600
1,2,96.620596,28.233297,2.998800,28.439800,2.188400
1,2,96.644792,24.195302,2.446000,23.795500,2.534100
1,2,96.671818,27.026199,2.892300,27.421499,1.835600
1,2,96.702287,30.469500,2.292300,30.503300,1.912300
1,2,96.726308,24.021000,2.321500,23.600901,1.956000
1,2,96.753051,26.742503,2.652200,27.223000,1.728300
1,2,96.777371,24.319798,2.415300,24.217300,1.849300
1,2,96.806711,29.340602,2.179600,28.419201,1.615500
1,2,96.833683,26.972000,2.495500,27.043600,1.818600
1,2,96.858407,24.723899,2.635000,24.494301,1.723800
1,2,96.884624,26.217200,2.628900,26.594101,1.937900
1,2,96.907144,22.519201,2.322000,22.517099,1.917700
1,2,96.934819,27.675200,2.352700,27.167000,2.300700
1,2,96.956836,22.016600,2.637800,22.451000,1.620000
1,2,96.984665,27.829699,2.153500,27.511900,1.738600
1,2,97.008475,23.809999,3.203200,23.618099,1.429600
1,2,97.037346,28.870501,3.050700,29.066799,1.826500
1,2,97.058932,21.586001,2.687900,21.621300,1.458900
1,2,97.086180,27.248699,2.541200,27.540600,1.742700
1,2,97.111820,25.639798,2.184700,25.364500,1.945000
1,2,97.142888,31.068102,2.599100,31.007999,1.488700
1,2,97.173419,30.530799,2.486800,30.648500,1.835400
1,2,97.196202,22.783201,2.480900,22.693100,1.902300
1,2,97.226111,29.909000,2.706100,28.868900,1.835100
1,2,97.250846,24.734799,3.686900,25.761801,2.045200
1,2,97.275679,24.832401,2.531300,24.706301,1.786100
1,2,97.304392,28.713401,2.560300,28.890100,2.125800
1,2,97.328776,24.383798,2.385800,24.236200,1.916700
1,2,97.358011,29.234800,2.700800,29.287901,1.586100
1,2,97.386219,28.208200,2.512600,28.215300,1.915600
1,2,97.417077,30.858498,2.372000,30.862700,1.779200
1,2,97.442292,25.214802,2.330800,24.982000,1.907800
1,2,97.471415,29.123399,2.935200,29.302401,1.873600
1,2,97.494186,22.770401,3.004800,22.900499,2.080900
1,2,97.521976,27.790397,2.544500,27.912001,1.859400
1,2,97.548205,26.228599,2.214400,26.070299,2.028500
1,2,97.574882,26.677404,2.464500,26.276199,2.065900
1,2,97.599429,24.547096,2.737300,24.841000,1.975900
1,2,97.624750,25.320500,2.393100,25.237499,2.266400
1,2,97.652702,27.952000,2.512400,28.237600,1.973300
1,2,97.680668,27.966503,2.315800,27.895100,1.547100
1,2,97.708675,28.006896,2.247900,27.687799,1.561800
1,2,97.735179,26.504003,2.802200,26.770800,2.184500
1,2,97.758320,23.141298,2.469100,22.681601,1.611600
1,2,97.784938,26.617300,2.834900,27.012800,1.864300
1,2,97.809170,24.232101,2.380500,24.002800,1.493700
1,2,97.836008,26.837602,2.649600,26.906601,1.757600
1,2,97.860320,24.312500,2.414100,24.130199,1.720400
1,2,97.887660,27.339600,2.622400,27.591299,1.745800
1,2,97.911391,23.731500,2.339400,23.872499,1.662400
1,2,97.940166,28.774597,2.233900,28.400101,1.691200
1,2,97.968403,28.237801,2.460300,28.547899,1.678900
1,2,97.993014,24.610601,2.089700,24.162600,1.619800
1,2,98.021496,28.481800,2.524200,28.501699,1.662700
1,2,98.043987,22.491500,2.695800,22.809999,1.865700
1,2,98.072572,28.585099,2.637100,28.584299,1.629200
1,2,98.100892,28.319500,2.349100,28.240101,1.953200
1,2,98.125275,24.383299,2.637100,23.990101,1.812800
1,2,98.147096,21.820702,2.758900,22.242001,1.879500
1,2,98.177745,30.648798,2.375200,29.755699,1.919700
1,2,98.205283,27.538501,3.254700,28.183901,1.957400
1,2,98.234493,29.209401,2.387700,29.441900,2.108000
1,2,98.258265,23.772601,2.340300,23.338699,1.832900
1,2,98.282887,24.621800,2.762700,24.926701,1.712800
1,2,98.309794,26.907299,2.554100,26.642500,1.645000
1,2,98.337018,27.223401,2.763000,27.567699,1.734300
1,2,98.361240,24.222400,2.120500,24.327700,1.642100
1,2,98.388483,27.242899,2.088800,27.012300,1.881100
1,2,98.415216,26.732501,2.233800,26.587700,1.916900
1,2,98.441809,26.593700,2.666600,26.640301,1.481300
1,2,98.468669,26.859801,2.465000,26.790001,1.922200
1,2,98.493078,24.408400,2.659000,24.348499,1.687200
1,2,98.520604,27.526598,2.594300,27.818199,1.733400
1,2,98.543645,23.040898,2.138600,22.587299,1.652200
1,2,98.571699,28.054103,2.848300,28.339701,1.843000
1,2,98.601124,29.424999,2.514200,29.179899,1.814000
1,2,98.624598,23.473699,2.564000,23.812300,1.838300
1,2,98.656133,31.534702,2.358300,31.500601,1.806200
1,2,98.682089,25.956400,2.236600,25.515499,2.022100
1,2,98.706677,24.588000,2.689400,24.616800,1.564500
1,2,98.731965,25.288399,2.649900,25.537201,2.014800
1,2,98.757741,25.775202,2.763200,25.311199,1.608100
1,2,98.786753,29.012598,3.000600,29.662201,1.953400
1,2,98.810100,23.347002,2.569200,22.535500,2.214600
1,2,98.838823,28.723199,3.314900,28.930500,1.804300
1,2,98.861864,23.040302,3.014400,23.440001,1.600600
1,2,98.889796,27.932499,2.868600,27.890600,1.721400
1,2,98.918122,28.326098,2.327800,28.381001,1.669300
1,2,98.942388,24.265401,2.281700,23.813999,1.957400
1,2,98.970957,28.569199,2.926300,28.636999,1.963500
1,2,98.993912,22.955701,2.825600,23.171301,1.701400
1,2,99.021964,28.051201,2.566400,28.099300,2.317600
1,2,99.045775,23.811698,2.315400,23.811399,1.975000
1,2,99.073765,27.989600,2.667700,28.083700,1.671900
1,2,99.103158,29.393401,2.442700,29.025700,1.902500
1,2,99.125625,22.467099,2.919900,22.493700,1.891000
1,2,99.153007,27.381901,2.685400,27.762600,2.091700
1,2,99.177578,24.570402,2.231000,24.462200,1.831500
1,2,99.206588,29.010300,2.353800,28.878901,2.048500
1,2,99.237268,30.679498,2.335500,30.812401,1.410500
1,2,99.261721,24.452902,2.199900,24.481701,1.869100
1,2,99.288556,26.835799,2.342900,26.846300,1.540300
1,2,99.312171,23.614399,2.165600,23.746099,1.446000
1,2,99.339930,27.758900,2.373800,27.352900,1.639400
1,2,99.363018,23.088101,2.553900,23.219200,1.851100
1,2,99.391555,28.537098,2.300200,28.627001,1.651100
1,2,99.416225,24.670001,2.211800,24.624599,2.055800
1,2,99.443811,27.586602,2.361900,27.515699,2.440600
1,2,99.471891,28.079599,2.437700,28.325100,1.662000
1,2,99.495639,23.747697,2.022600,23.394699,1.803600
1,2,99.524434,28.795000,2.464000,28.760099,1.842600
1,2,99.553360,28.926000,2.542800,29.004801,1.835700
1,2,99.575998,22.637803,2.600000,22.478701,1.641700
1,2,99.604216,28.218798,2.526300,28.235500,1.846900
1,2,99.628277,24.060201,2.449400,24.278700,1.792500
1,2,99.655818,27.541198,2.274900,27.660101,1.678800
1,2,99.686765,30.947503,2.401400,30.606100,2.150700
1,2,99.709268,22.503197,2.809600,22.459801,1.765500
1,2,99.736736,27.467500,2.556800,27.474001,2.186400
1,2,99.761457,24.721302,2.428300,24.824301,1.709200
1,2,99.789711,28.253499,2.346800,28.032301,1.567300
1,2,99.818360,28.649498,2.555800,28.616800,2.095400
1,2,99.841367,23.006901,2.422400,23.134501,1.547200
1,2,99.869579,28.212201,2.375900,28.377300,1.912700
1,2,99.892538,22.958498,2.437800,22.627199,1.435200
1,2,99.916829,24.291303,2.524700,24.616800,1.901800
1,2,99.945011,28.182000,2.372500,27.977699,1.941900
1,2,99.972491,27.480297,2.361300,27.532400,1.863100
1,2,100.001886,29.394403,2.261400,28.861500,1.737600
1,2,100.026688,24.801899,2.888000,25.135700,1.618200
1,2,100.054106,27.418099,2.635900,27.767700,2.024200
1,2,100.078909,24.803601,2.166700,24.637600,1.897900
1,2,100.108531,29.621400,2.211800,29.611601,2.264000
1,2,100.137200,28.669298,2.388900,28.596600,1.870500
1,2,100.161976,24.775602,2.469300,24.498199,1.334900
1,2,100.190291,28.315101,2.640400,28.718500,1.571200
1,2,100.213633,23.342200,2.240300,23.015600,1.848400
1,2,100.243721,30.088298,2.522700,26.761299,2.059400
1,2,100.272084,28.362703,5.885100,31.569500,2.324000
1,2,100.294263,22.179097,2.734300,22.200001,2.041300
1,2,100.323245,28.982401,2.788700,28.857000,2.361200
1,2,100.346536,23.290902,2.797300,23.418800,2.019100
1,2,100.374829,28.292499,3.374400,28.422199,1.694400
1,2,100.400066,25.236700,2.583700,24.991699,1.907900
1,2,100.426613,26.547801,2.634800,26.757200,1.785700
1,2,100.454386,27.772300,2.433400,27.620800,1.617800
1,2,100.477409,23.023300,2.569700,23.212299,1.668600
1,2,100.506561,29.151499,2.427600,29.126200,2.252300
1,2,100.529839,23.278598,2.663400,23.433001,1.896500
1,2,100.558278,28.438803,2.456700,28.231100,1.633400
1,2,100.588890,30.611899,3.744600,30.365499,1.988300
1,2,100.613520,24.629701,3.070700,23.905001,2.026400
1,2,100.640647,27.127199,4.159200,27.647800,2.660700
1,2,100.666960,26.313700,3.451500,26.354099,2.818600
1,2,100.694218,27.257502,3.782200,27.158100,2.047100
1,2,100.718310,24.091899,3.403300,24.081301,2.203000
1,2,100.746503,28.193198,4.034500,28.134001,2.636400
1,2,100.776276,29.773101,4.062600,28.751499,3.348500
1,2,100.798108,21.832399,4.583600,23.239500,2.760200
1,2,100.825532,27.424000,3.088600,27.108000,2.333500
1,2,100.855373,29.840499,3.197400,29.547501,2.596300
1,2,100.878713,23.339801,3.893000,23.108900,2.439900
1,2,100.906046,27.333099,3.951300,28.342199,2.500400
1,2,100.931093,25.046900,3.237200,24.572701,2.401300
1,2,100.960847,29.754102,3.045700,29.907900,1.955600
1,2,100.988413,27.566098,2.697600,27.478701,2.570200
1,2,101.011569,23.156002,3.030800,22.785400,2.388200
1,2,101.041949,30.379798,3.608000,30.543400,2.152300
1,2,101.069631,27.682401,3.356000,27.771900,2.561500
1,2,101.097366,27.734999,3.613000,26.916401,2.537000
1,2,101.125138,27.771302,3.810600,28.383301,1.922400
1,2,101.153995,28.857399,3.601500,29.263100,2.740700
1,2,101.178831,24.836402,3.559000,24.874001,2.012400
1,2,101.208058,29.226199,2.816700,28.928699,2.026600
1,2,101.237655,29.597599,2.860200,29.622601,2.563100
1,2,101.260465,22.809800,3.254700,23.197701,1.890600
1,2,101.289442,28.976802,2.364100,28.724501,1.782300
1,2,101.318411,28.969299,2.652500,28.854900,2.038300
1,2,101.342262,23.850899,3.098200,23.757401,1.925000
1,2,101.370770,28.508600,3.219500,28.670500,2.023900
1,2,101.394576,23.805201,3.221600,24.042500,1.808100
1,2,101.421821,27.245000,2.277000,27.165100,1.901400
1,2,101.447108,25.287200,2.401300,24.790701,1.750300
1,2,101.476851,29.743399,2.950400,29.849701,2.015300
1,2,101.505280,28.429002,2.778900,28.124300,2.121000
1,2,101.529464,24.183899,3.257000,24.698200,1.809300
1,2,101.558917,29.452998,2.717200,29.369499,1.814200
1,2,101.584117,25.199603,2.692600,25.204000,2.635900
1,2,101.610449,26.332498,2.782600,26.200100,2.248800
1,2,101.638055,27.605601,2.737600,27.626301,1.890700
1,2,101.667079,29.024299,2.805900,27.799500,2.141300
1,2,101.693933,26.853900,4.515600,28.106300,2.800200
1,2,101.720763,26.829701,3.325700,26.872801,2.675300
1,2,101.743015,22.252198,3.183800,22.211800,2.645000
1,2,101.771727,28.711900,2.661100,28.741301,2.205300
1,2,101.794316,22.589002,2.799600,22.535700,1.895700
1,2,101.824679,30.363500,2.707700,30.026800,2.446600
1,2,101.852991,28.311100,3.445000,28.930500,2.030500
1,2,101.877697,24.706401,2.709300,24.495701,2.349100
1,2,101.904010,26.313197,3.181200,26.300699,2.080600
1,2,101.927999,23.988500,2.714400,23.765100,1.945300
1,2,101.955533,27.534101,2.810000,28.048100,1.840100
1,2,101.978437,22.904400,1.925900,22.555700,2.190800
1,2,102.007053,28.616399,2.435800,28.671400,1.934600
1,2,102.030591,23.537401,2.836000,23.535801,1.864700
1,2,102.061223,30.631602,2.518300,30.345699,1.812800
1,2,102.087934,26.711598,2.670700,26.822300,1.987600
1,2,102.112030,24.095900,2.567200,24.122999,2.157500
1,2,102.140837,28.806899,2.521700,28.778799,1.596500
1,2,102.170014,29.176902,2.622600,28.752300,1.697800
1,2,102.195775,25.760900,3.212800,26.013800,2.530900
1,2,102.222503,26.728000,3.334200,26.781900,2.057000
1,2,102.253526,31.023297,2.869600,30.702499,2.377100
1,2,102.278963,25.436703,3.525600,24.208000,2.140200
1,2,102.304889,25.926400,4.222400,27.260799,2.583800
1,2,102.327307,22.417698,3.149800,22.587299,2.442800
1,2,102.354686,27.379502,2.778500,27.632299,2.140100
1,2,102.377149,22.462599,2.446700,22.359100,1.892800
1,2,102.405131,27.982399,2.509600,27.895201,2.045200
1,2,102.429434,24.302401,2.675800,24.450399,1.907000
1,2,102.458412,28.978299,2.376500,27.941700,1.843700
1,2,102.487569,29.157102,3.587400,30.008499,2.080800
1,2,102.510116,22.546500,2.725400,22.277201,2.115400
1,2,102.537028,26.912700,4.745500,26.908001,2.309900
1,2,102.560859,23.830999,3.073500,23.910900,2.359500
1,2,102.588426,27.566999,2.806900,27.796801,2.129000
1,2,102.613301,24.874602,2.511300,24.431400,1.875400
1,2,102.639532,26.231598,2.907900,26.832199,1.875900
1,2,102.672753,33.220202,2.296000,32.029999,2.223900
1,2,102.698055,25.302600,4.102800,25.670401,4.637700
1,2,102.727220,29.165000,4.008700,29.292601,2.507500
1,2,102.752319,25.098700,3.212200,25.367300,2.457800
1,2,102.779001,26.681598,3.190300,26.467199,2.320400
1,2,102.805967,26.966102,2.983900,27.150101,1.909600
1,2,102.833570,27.603198,2.679400,27.356001,2.334500
1,2,102.861034,27.463701,3.294500,26.772600,2.525500
1,2,102.887791,26.757900,3.805300,27.550301,2.391800
1,2,102.911499,23.707602,3.187300,23.090401,2.297600
1,2,102.939847,28.347500,3.563700,28.716299,2.044000
1,2,102.962379,22.532500,2.930300,22.825800,2.162600
1,2,102.991287,28.907500,3.368300,29.042400,1.850000
1,2,103.020804,29.516999,2.602400,29.206800,2.226000
1,2,103.043648,22.844199,2.943100,22.655701,2.267000
1,2,103.072441,28.793301,3.537700,29.235600,2.457000
1,2,103.097098,24.656698,2.721400,24.569000,2.314800
1,2,103.126272,29.174201,2.862100,29.186899,1.773500
1,2,103.154222,27.949799,2.780700,27.770201,2.040000
1,2,103.178688,24.465799,3.274000,24.417101,1.957500
1,2,103.206839,28.151002,3.342100,28.393400,2.209900
1,2,103.228085,21.246701,2.581500,21.286200,2.045200
1,2,103.256588,28.502896,2.726500,28.469900,1.899900
1,2,103.285251,28.662503,2.409400,28.395100,1.867000
1,2,103.309796,24.544898,3.111800,24.174000,1.901900
1,2,103.336399,26.603602,3.247800,27.258600,1.832800
1,2,103.361290,24.891000,2.501600,24.660500,3.105700
1,2,103.390192,28.901797,2.873600,29.262400,1.920300
1,2,103.417933,27.740803,2.268300,27.672899,2.940700
1,2,103.442711,24.778698,2.346100,24.446301,1.812500
1,2,103.470086,27.374700,2.858700,27.643600,1.975500
1,2,103.492838,22.751801,2.379300,22.679701,1.968400
1,2,103.521202,28.364003,2.459600,28.112000,1.956100
1,2,103.546387,25.185399,2.742600,25.386600,1.681000
1,2,103.573617,27.229801,2.374800,27.380400,1.775500
1,2,103.603690,30.072499,2.393700,29.885900,1.926600
1,2,103.626932,23.242101,2.434400,22.870001,1.973600
1,2,103.656628,29.695798,2.871200,29.062500,1.985900
1,2,103.681706,25.078800,3.680800,26.038500,2.623900
1,2,103.711185,29.478300,2.803900,29.169201,2.240100
1,2,103.735113,23.928002,2.954200,24.189301,2.138300
1,2,103.763385,28.272398,2.609500,28.115900,1.890300
1,2,103.790528,27.142402,2.755500,27.197500,2.001500
1,2,103.820179,29.651199,2.833900,29.582100,2.033500
1,2,103.845623,25.444500,2.714700,24.190901,3.111100
1,2,103.873057,27.433902,4.092400,29.009501,2.628800
1,2,103.897832,24.774600,2.174100,24.296499,2.172400
1,2,103.926484,28.652500,2.916600,28.594101,2.214800
1,2,103.956291,29.806398,2.805000,30.250099,1.987100
1,2,103.979951,23.660000,2.425700,23.516600,2.088800
1,2,104.008200,28.249402,2.801600,27.865000,1.983400
1,2,104.030974,22.773698,2.944800,22.976200,2.417000
1,2,104.058043,27.069300,2.933200,27.238100,1.921700
1,2,104.085875,27.832102,2.434900,27.863701,2.066600
1,2,104.110250,24.374798,2.382700,24.333700,1.704200
1,2,104.138175,27.925503,2.271900,27.607700,2.035300
1,2,104.162743,24.567399,2.600900,24.681400,1.976400
1,2,104.189811,27.067799,2.513300,27.522600,1.634300
1,2,104.218749,28.938301,1.920500,28.709801,1.564400
1,2,104.241410,22.661198,2.239300,22.441200,1.496800
1,2,104.265953,24.542600,2.459000,24.409599,1.702200
1,2,104.294355,28.402101,2.526400,27.848101,1.810700
1,2,104.320795,26.440699,3.061000,27.356400,1.775700
1,2,104.342687,21.891702,2.167400,21.837999,1.582700
1,2,104.371543,28.855998,2.216900,28.953800,1.843800
1,2,104.401312,29.768601,2.191400,29.657600,1.600000
1,2,104.424556,23.244601,2.149400,22.782499,1.885200
1,2,104.452663,28.106898,2.558400,28.539499,1.720800
1,2,104.477479,24.815701,2.222200,24.420799,2.143600
1,2,104.504406,26.927099,2.687200,27.244600,1.984600
1,2,104.530704,26.298303,2.498100,25.998301,1.880800
1,2,104.560596,29.891599,2.672500,29.771000,1.898200
1,2,104.589088,28.492298,2.750400,27.966801,2.301100
1,2,104.612708,23.619603,3.828500,24.024799,2.429900
1,2,104.642052,29.344197,3.192100,29.501801,1.761900
1,2,104.671274,29.222202,2.471000,29.398399,1.791400
1,2,104.696383,25.108200,2.424900,24.838301,2.035800
1,2,104.723515,27.132899,2.648200,27.297300,1.883900
1,2,104.751999,28.484002,2.310900,28.413900,1.987900
1,2,104.777263,25.263600,2.527300,25.141899,1.835900
1,2,104.805635,28.372299,2.680800,28.742201,1.814000
1,2,104.828383,22.747502,2.467800,22.637100,1.897700
1,2,104.859195,30.812100,2.509000,30.717501,1.639300
1,2,104.886016,26.820701,2.669100,26.825701,1.624800
1,2,104.908954,22.938300,2.561600,22.915001,2.024100
1,2,104.937998,29.044598,2.534500,29.041800,1.947700
1,2,104.962344,24.345700,2.523300,23.792101,1.699500
1,2,104.989404,27.059600,2.992200,27.531601,1.910400
1,2,105.014715,25.311202,2.393300,25.153601,1.860300
1,2,105.042686,27.970500,2.783700,27.995800,1.641500
1,2,105.072803,30.117501,2.648100,29.952499,1.805400
1,2,105.096977,24.174497,3.170600,24.224701,1.537300
1,2,105.127016,30.038103,2.963200,29.947701,2.033600
1,2,105.156980,29.964898,3.062600,30.155001,2.280600
1,2,105.183296,26.315402,2.945300,26.434401,2.081600
1,2,105.209446,26.149999,3.086600,26.074900,1.956800
1,2,105.241932,32.486297,2.801700,32.471298,2.144800
1,2,105.274631,32.698803,2.726900,29.053699,1.747600
1,2,105.297887,23.256298,6.354800,26.968300,1.651100
1,2,105.326068,28.180700,2.687800,27.794300,1.716200
1,2,105.354816,28.748401,2.683200,28.908800,1.752300
1,2,105.378774,23.957800,2.609300,23.895700,1.691400
1,2,105.407217,28.443199,2.663300,28.254101,1.855500
1,2,105.429905,22.687502,2.826000,23.029301,1.996100
1,2,105.457332,27.427401,2.606200,27.320101,1.777700
1,2,105.482256,24.923500,2.484100,24.820801,1.831100
1,2,105.510824,28.567798,2.586900,28.502001,2.191600
1,2,105.539468,28.644700,2.970400,28.913300,2.130100
1,2,105.562374,22.905700,2.918700,22.595600,2.292900
1,2,105.589875,27.500600,2.955300,27.952499,1.849400
1,2,105.613891,24.016000,2.207500,23.995100,1.718300
1,2,105.641628,27.737401,2.370000,27.621599,2.144600
1,2,105.671287,29.659301,2.263000,29.761299,2.206100
1,2,105.694559,23.271497,2.086700,23.131399,2.472100
1,2,105.724888,30.329302,2.353600,29.939800,2.048000
1,2,105.751820,26.932299,2.660600,27.364401,1.669300
1,2,105.774555,22.734899,2.141500,22.633801,1.701200
1,2,105.804017,29.461902,2.447900,29.189699,1.986300
1,2,105.827266,23.248699,2.542300,22.982100,1.458400
1,2,105.855476,28.210599,2.853400,28.444799,2.042200
1,2,105.877999,22.522703,2.818100,22.621599,1.466800
1,2,105.904865,26.865698,2.545000,27.025299,1.617300
1,2,105.927549,22.684000,2.283300,22.142599,1.411200
1,2,105.949664,22.114798,2.871800,22.378401,1.743100
1,2,105.977349,27.684901,2.506200,27.926901,1.642100
1,2,106.005801,28.452300,2.312200,28.368200,2.183300
1,2,106.029354,23.553003,2.533500,23.515400,1.845700
1,2,106.056478,27.124498,2.574100,27.189501,1.669700
1,2,106.080755,24.277002,2.568000,24.442101,1.811100
1,2,106.111657,30.901700,2.287500,29.822300,1.600700
1,2,106.139194,27.537297,3.282500,27.993099,2.281200
1,2,106.162809,23.614500,2.780600,24.155600,1.714500
1,2,106.191649,28.840300,2.303800,28.390301,1.619300
1,2,106.214363,22.713602,3.000600,23.039301,1.965200
1,2,106.242697,28.333999,2.222700,28.299500,1.916200
1,2,106.267357,24.660002,2.350500,24.325399,2.392400
1,2,106.292487,25.130600,2.634300,25.063700,1.703700
1,2,106.317382,24.894997,2.646000,25.175200,1.792300
1,2,106.342585,25.202703,2.598100,25.482000,1.610700
1,2,106.371408,28.822999,2.154300,28.419800,1.837300
1,2,106.394526,23.117598,2.553600,23.073099,1.491000
1,2,106.423253,28.727401,2.611100,28.930099,2.009800
1,2,106.447788,24.534699,2.494300,24.185200,1.917700
1,2,106.475602,27.814399,3.180500,28.144600,1.776100
1,2,106.501512,25.909401,2.409500,25.868401,2.055800
1,2,106.526882,25.370300,2.619800,25.296000,2.004900
1,2,106.556979,30.097201,2.581700,30.100000,2.592900
1,2,106.580342,23.363099,2.693000,23.488899,1.681800
1,2,106.607128,26.786201,2.587200,26.794100,1.619300
1,2,106.631356,24.227399,2.192400,24.267900,1.877200
1,2,106.659001,27.645700,2.325400,27.570499,1.718500
1,2,106.687165,28.163500,2.241000,27.803499,1.895100
1,2,106.711264,24.099100,2.747600,24.245300,1.745300
1,2,106.738467,27.202699,2.523000,27.424101,2.061100
1,2,106.762874,24.407201,2.245600,23.948999,1.927000
1,2,106.790720,27.846400,2.612600,28.182899,1.626200
1,2,106.813663,22.942301,2.510000,22.997400,1.525800
1,2,106.840895,27.232099,2.136100,27.202400,1.716400
1,2,106.871160,30.265700,2.200700,29.928400,1.769600
1,2,106.893175,22.014201,2.576500,22.379601,2.463400
1,2,106.924652,31.477399,2.481500,31.260300,1.934100
1,2,106.949412,24.760302,2.546600,24.929100,2.060800
1,2,106.975436,26.023299,2.235000,25.889601,1.554500
1,2,106.997941,22.505201,2.365500,22.679899,1.773900
1,2,107.026391,28.450299,2.070400,28.206100,1.659200
1,2,107.051589,25.198098,2.437600,25.339199,1.732000
1,2,107.079009,27.419500,2.941700,26.639299,1.619600
1,2,107.108118,29.109299,3.243400,29.700500,2.137300
1,2,107.130878,22.759702,2.582900,22.785400,2.911000
1,2,107.159463,28.585400,2.618800,28.466900,1.911400
1,2,107.189074,29.610399,2.477100,29.326401,1.966800
1,2,107.210257,21.183301,2.766400,21.403900,2.016600
1,2,107.238148,27.891401,2.898700,27.763000,1.712000
1,2,107.261665,23.516700,2.997700,23.961700,1.720100
1,2,107.289097,27.431499,2.154600,27.061899,1.555600
1,2,107.312755,23.658600,2.541000,22.545799,1.965100
1,2,107.340144,27.388800,3.662400,28.662701,2.002400
1,2,107.363283,23.138799,2.543500,23.361099,1.809200
1,2,107.390163,26.880600,2.369700,26.805401,1.765500
1,2,107.414753,24.590001,2.102900,24.360800,1.577500
1,2,107.443382,28.628401,2.441400,28.659800,1.898100
1,2,107.468517,25.135301,2.365200,25.068701,1.690200
1,2,107.493600,25.082499,2.468900,25.287100,1.729800
1,2,107.522596,28.996401,2.275600,29.135799,1.804400
1,2,107.545206,22.609700,2.082600,22.445000,1.947400
1,2,107.572452,27.246401,2.235000,27.305901,1.521700
1,2,107.596962,24.510298,2.111700,24.493099,1.571000
1,2,107.624089,27.127001,2.082700,27.053400,1.548800
1,2,107.647440,23.350298,2.130500,23.188400,1.400300
1,2,107.674903,27.463801,2.528400,27.882500,1.625100
1,2,107.703497,28.594099,2.037200,28.416100,1.926800
1,2,107.726724,23.226202,2.041400,23.074200,1.661300
1,2,107.753075,26.351698,2.201100,26.239799,1.562300
1,2,107.779016,25.940500,2.578200,25.896400,1.658200
1,2,107.806363,27.347103,2.298900,27.065701,1.769900
1,2,107.828591,22.228200,2.545300,22.432400,1.878500
1,2,107.852746,24.154600,2.324200,24.180799,1.828700
1,2,107.880013,27.267400,2.320600,27.290199,2.316900
1,2,107.906607,26.593897,2.283900,26.521601,1.689100
1,2,107.929740,23.133103,2.377100,23.302799,1.920200
1,2,107.956910,27.169298,2.153600,27.066500,1.756800
1,2,107.980799,23.889702,2.236700,23.861300,2.034900
1,2,108.008741,27.941898,2.256900,27.745800,1.815300
1,2,108.032935,24.193801,2.305600,24.378901,2.228900
1,2,108.059929,26.993800,2.673300,26.774099,1.685200
1,2,108.083235,23.305800,2.050000,23.712900,2.204900
1,2,108.113211,29.976200,2.328100,29.765400,1.807500
1,2,108.140278,27.067699,2.112300,27.173500,1.699100
1,2,108.171079,30.800302,2.236700,30.819500,1.876300
1,2,108.195380,24.300899,2.255000,23.848801,2.026700
1,2,108.223557,28.177399,2.799100,28.090799,2.212200
1,2,108.247362,23.804802,2.912300,24.185499,2.025900
1,2,108.274865,27.503498,2.256600,27.522499,1.934000
1,2,108.297501,22.635601,2.451800,22.503500,1.971500
1,2,108.325181,27.680300,2.505500,27.972300,1.864800
1,2,108.348866,23.684900,1.947000,23.233700,2.170100
1,2,108.379347,30.480999,2.303300,29.724501,1.656300
1,2,108.405861,26.513699,3.181900,27.471701,1.777000
1,2,108.428585,22.724099,2.224400,22.338499,1.630500
1,2,108.458785,30.200500,2.613500,30.346100,1.689300
1,2,108.486208,27.423099,2.553800,27.657700,1.716300
1,2,108.509223,23.014303,2.382700,23.000700,1.640800
1,2,108.537127,27.903799,2.218200,27.653299,1.826400
1,2,108.561748,24.620999,2.383200,24.397100,1.791600
1,2,108.590526,28.778601,2.681800,28.684299,1.752800
1,2,108.614880,24.353601,2.861400,24.582701,1.798100
1,2,108.644264,29.384598,2.655100,29.378599,1.477500
1,2,108.671730,27.465399,2.860300,27.752501,1.922200
1,2,108.694073,22.343099,3.069400,22.441799,1.505200
1,2,108.722713,28.640002,2.182400,28.316900,2.012500
1,2,108.745172,22.459101,2.427900,22.246201,1.501500
1,2,108.772280,27.108200,2.690000,27.619301,1.746000
1,2,108.797284,25.003597,2.076000,24.902901,1.862500
1,2,108.826637,29.353701,2.056100,28.966200,1.760300
1,2,108.855068,28.430801,2.515600,28.800400,1.881500
1,2,108.878777,23.709100,2.435000,23.368700,1.620700
1,2,108.906361,27.583700,2.858400,27.611601,1.645400
1,2,108.931283,24.921700,2.485000,24.987600,1.869100
1,2,108.958085,26.801802,2.366600,26.907900,2.203800
1,2,108.981411,23.325998,2.110700,22.981600,1.699300
1,2,109.011097,29.686898,2.839500,29.280399,1.580300
1,2,109.037956,26.859000,3.069600,27.463900,1.769800
1,2,109.062121,24.164002,2.811400,24.425100,1.533600
1,2,109.089957,27.836699,2.028300,27.364100,1.760600
1,2,109.113629,23.671601,2.480500,24.070900,1.767400
1,2,109.142562,28.933197,2.087700,28.661699,1.746800
1,2,109.171107,28.545003,2.287400,28.629900,2.021300
1,2,109.196368,25.261298,2.153700,25.280899,1.905500
1,2,109.226539,30.170802,2.510700,29.953899,2.549100
1,2,109.254319,27.779799,3.029800,27.854000,2.387100
1,2,109.278703,24.383798,3.193300,24.448400,1.803100
1,2,109.306726,28.023202,2.337100,27.760300,1.938800
1,2,109.331700,24.973799,2.815800,24.505899,1.830700
1,2,109.361692,29.992700,2.981900,30.594601,1.834700
1,2,109.390367,28.674502,2.546100,28.662800,1.705900
1,2,109.413697,23.330301,2.514400,23.261000,1.955700
1,2,109.443336,29.639099,2.433500,28.882601,1.532000
1,2,109.467994,24.658199,3.799600,25.185801,1.666400
1,2,109.497014,29.019400,2.894500,28.655199,1.932400
1,2,109.524370,27.356498,3.001400,27.969101,1.753800
1,2,109.551481,27.110104,2.367700,26.892700,1.912100
1,2,109.576674,25.193799,2.636500,25.266800,2.142300
1,2,109.605515,28.840899,2.537500,28.747101,1.428200
1,2,109.628623,23.107700,2.463500,23.040800,1.621700
1,2,109.656359,27.736399,2.556000,27.866100,1.808700
1,2,109.679373,23.013700,2.423700,23.348499,1.730600
1,2,109.706775,27.402099,2.082100,27.051399,2.103500
1,2,109.729835,23.059603,2.443500,23.081699,1.408700
1,2,109.756640,26.804999,2.520900,27.022800,1.685600
1,2,109.781269,24.629198,2.156900,24.408800,1.797700
1,2,109.809637,28.367702,2.470600,28.503599,1.633400
1,2,109.836993,27.356301,2.310400,27.082899,2.260800
1,2,109.861642,24.649400,2.722400,24.664499,1.966700
1,2,109.890328,28.685298,2.484300,28.568899,1.972300
1,2,109.913382,23.054600,2.942600,23.427200,1.532000
1,2,109.942368,28.985802,2.956000,28.659201,1.685400
1,2,109.967172,24.803899,2.572900,25.157900,2.065000
1,2,109.992784,25.612101,2.263300,25.437000,1.900700
1,2,110.019090,26.306000,2.448700,26.163200,2.242500
1,2,110.045772,26.682198,2.457100,26.326200,1.940000
1,2,110.076497,30.724600,2.855300,30.887199,1.964400
1,2,110.099205,22.708602,2.891300,23.172800,1.733300
1,2,110.128928,29.722899,2.646800,28.018900,2.102400
1,2,110.156338,27.410001,3.980800,28.604900,1.827500
1,2,110.180126,23.787700,2.706400,23.963699,1.736300
1,2,110.206370,26.244301,2.452200,26.523500,1.757300
1,2,110.229933,23.562700,2.009900,23.434700,2.036600
1,2,110.257130,27.196500,2.228000,26.809700,1.777600
1,2,110.282174,25.044300,2.537700,25.148899,1.639300
1,2,110.309411,27.237698,2.433600,27.634199,1.605400
1,2,110.336785,27.373001,2.064800,22.826799,2.484300
1,2,110.363433,26.648100,6.697900,30.174299,1.897700
1,2,110.384328,20.895097,4.022300,21.639900,1.843500
1,2,110.414248,29.920403,2.380900,29.554199,2.182400
1,2,110.443334,29.086098,2.962800,29.177299,1.962900
1,2,110.473329,29.994600,2.694400,29.771799,1.900700
1,2,110.496282,22.953302,3.001500,22.968700,2.157100
1,2,110.523246,26.963599,2.840800,27.285000,1.772100
1,2,110.546174,22.928301,2.482100,22.935900,1.726900
1,2,110.573001,26.826598,2.417900,27.087000,1.749000
1,2,110.597920,24.919301,2.118500,24.314301,1.952000
1,2,110.624839,26.919398,2.971600,27.287399,2.294000
1,2,110.650712,25.872301,2.540800,25.494900,2.226900
1,2,110.680612,29.900499,2.920200,30.005301,2.379300
1,2,110.711381,30.769303,3.647100,30.240801,2.564500
1,2,110.736139,24.757199,3.680300,24.937599,2.769300
1,2,110.762934,26.795398,3.483800,26.772100,2.478000
1,2,110.787971,25.036801,3.790100,25.396601,2.135500
1,2,110.815509,27.537901,2.636500,27.544399,2.603500
1,2,110.843290,27.780998,2.581500,27.476000,1.798700
1,2,110.872307,29.017501,2.926400,29.593500,2.124200
1,2,110.896282,23.974899,2.472800,23.637699,1.848500
1,2,110.924726,28.444301,2.700400,28.574900,1.733000
1,2,110.947800,23.073301,2.448600,23.111799,2.013100
1,2,110.976170,28.370097,2.789100,28.280600,1.868100
1,2,111.005232,29.062402,2.614900,28.976200,1.933600
1,2,111.029325,24.092399,2.624500,23.509701,2.289900
1,2,111.058372,29.047802,3.546600,29.733801,1.797200
1,2,111.080901,22.528898,2.661700,22.223600,1.943400
1,2,111.110056,29.154401,3.346700,29.445700,1.863200
1,2,111.137857,27.801000,2.608700,27.416800,2.061900
1,2,111.162118,24.261501,3.176900,24.434500,1.905000
1,2,111.189875,27.757298,2.560300,27.785700,2.177400
1,2,111.212549,22.673901,2.611700,22.698700,2.280100
1,2,111.241691,29.141400,2.621600,29.158701,1.843000
1,2,111.271631,29.940199,2.565600,28.910101,1.942000
1,2,111.292866,21.235202,4.157000,22.049801,2.037500
1,2,111.320992,28.126098,3.560800,28.350401,3.940100
1,2,111.345932,24.939802,3.025800,24.274500,2.471000
1,2,111.367522,21.590002,3.301300,22.202000,2.063700
1,2,111.396150,28.627697,2.493100,28.303900,1.710600
1,2,111.422772,26.622202,2.857200,26.723301,1.847500
1,2,111.445725,22.952598,2.592800,22.907900,1.881400
1,2,111.472761,27.036801,2.637600,27.391500,1.784000
1,2,111.496242,23.480300,2.361200,23.198799,1.797800
1,2,111.523493,27.250800,2.528900,27.301800,1.756600
1,2,111.546576,23.083799,2.573400,22.881300,1.669300
1,2,111.573457,26.880600,2.732100,27.050900,1.759300
1,2,111.596823,23.366101,2.793600,23.204500,1.979500
1,2,111.624915,28.092001,2.588600,28.109301,1.771100
1,2,111.648121,23.205601,2.662600,23.223900,1.669200
1,2,111.676553,28.432399,2.555600,28.504200,1.990300
1,2,111.706129,29.576100,2.580400,29.843599,2.037200
1,2,111.730263,24.134099,2.512600,23.884399,1.970600
1,2,111.758920,28.656501,2.598400,28.757099,1.845200
1,2,111.782021,23.100801,2.466500,22.895500,1.901900
1,2,111.809646,27.625497,3.043900,27.463499,2.087700
1,2,111.837930,28.283801,2.891500,28.549000,2.134500
1,2,111.862341,24.411101,2.879900,24.155199,2.046700
1,2,111.891651,29.309899,2.963600,29.392401,1.974500
1,2,111.916965,25.314201,2.621300,25.315500,2.273200
1,2,111.944734,27.768701,2.595800,27.537399,2.071200
1,2,111.970490,25.755897,2.868500,26.211100,2.033400
1,2,111.997129,26.639201,2.310200,26.479500,2.151100
1,2,112.026627,29.498700,2.455200,29.248400,1.868900
1,2,112.049233,22.605799,2.779300,22.871000,1.964400
1,2,112.079240,30.006301,2.646600,29.512501,1.760300
1,2,112.104602,25.362201,2.786200,25.528299,1.974500
1,2,112.130254,25.652498,2.722400,26.142300,2.289600
1,2,112.158128,27.874000,2.239700,27.923599,1.783500
1,2,112.180992,22.864003,2.134000,22.563601,1.708200
1,2,112.209286,28.293297,2.425600,28.334499,1.984700
1,2,112.238497,29.211100,2.721000,29.051901,1.895400
1,2,112.260825,22.327900,2.710700,22.274599,2.098200
1,2,112.288267,27.442500,3.381100,27.476500,2.204200
1,2,112.312793,24.526302,2.634200,24.519199,1.822900
1,2,112.339996,27.202301,2.571700,27.236500,1.610600
1,2,112.363054,23.058601,2.398000,22.288900,1.598600
1,2,112.391706,28.652098,3.371600,29.536100,2.457300
1,2,112.414889,23.182701,2.915700,23.192801,1.650000
1,2,112.442832,27.943101,2.203600,27.596399,1.999300
1,2,112.470219,27.387097,2.816600,27.858400,1.712300
1,2,112.495432,25.212903,2.535000,24.719700,2.078800
1,2,112.523486,28.053798,2.719500,28.159800,2.337800
1,2,112.548488,25.001999,2.647400,24.875999,2.227300
1,2,112.576999,28.510701,2.740400,28.605499,1.583300
1,2,112.600072,23.073100,2.659400,23.166100,2.384400
1,2,112.628616,28.544601,2.800600,28.248800,1.602800
1,2,112.656943,28.326601,2.745000,28.423000,1.928200
1,2,112.679463,22.520300,2.979900,22.628901,2.136100
1,2,112.704292,24.829198,2.706000,24.587900,1.913600
1,2,112.729514,25.221903,2.723600,25.315201,2.269000
1,2,112.757128,27.613800,2.994800,27.793400,1.947000
1,2,112.782268,25.139898,2.528800,25.004000,2.023000
1,2,112.811774,29.505800,2.610300,29.559700,1.640800
1,2,112.839049,27.275499,2.772900,27.342400,2.656600
1,2,112.861961,22.911500,2.598800,22.552999,1.668800
1,2,112.890047,28.086402,2.875000,28.167999,1.750100
1,2,112.912684,22.636801,2.657500,22.605700,1.569100
1,2,112.940481,27.796499,2.769900,27.753401,2.620000
1,2,112.963065,22.584800,2.963500,22.458401,2.009300
1,2,112.991588,28.522201,2.984300,28.945101,2.257200
1,2,113.020449,28.861199,2.230800,28.903799,2.099200
1,2,113.043627,23.178600,2.664700,23.169201,1.815000
1,2,113.069619,25.991801,2.338300,25.882900,1.840700
1,2,113.095124,25.504999,2.340500,25.150299,1.745900
1,2,113.123923,28.798301,2.631600,28.738001,2.103100
1,2,113.148075,24.152298,2.773800,24.505501,1.641100
1,2,113.177758,29.682703,2.429400,29.358999,2.186000
1,2,113.202925,25.167998,2.833300,25.088900,1.896700
1,2,113.228364,25.438201,2.887000,25.641399,2.013100
1,2,113.256921,28.557800,2.588800,28.896900,1.861800
1,2,113.280910,23.988899,2.202000,23.638100,1.728300
1,2,113.308079,27.168501,2.583600,27.403500,1.813200
1,2,113.333020,24.941102,2.228400,24.663300,2.238000
1,2,113.361823,28.803099,2.707100,28.807199,2.028200
1,2,113.384161,22.337999,2.384700,22.642500,1.848100
1,2,113.413829,29.668301,2.111600,28.532200,1.586100
1,2,113.443984,30.154299,3.386800,30.117100,2.095400
1,2,113.467624,23.640402,3.894600,24.515200,2.018400
1,2,113.495032,27.408000,2.913300,26.935600,2.036200
1,2,113.524409,29.376697,3.333600,29.408001,2.040100
1,2,113.547541,23.132101,3.248700,23.147301,1.970900
1,2,113.576498,28.956801,3.076400,29.252100,2.064100
1,2,113.600020,23.522198,2.877800,23.383301,2.166300
1,2,113.630595,30.575201,2.785600,30.298800,1.700700
1,2,113.660939,30.343901,3.120000,30.441401,2.196100
1,2,113.689618,28.678998,3.083900,28.458900,3.231500
1,2,113.712763,23.144700,3.601900,23.304199,2.405400
1,2,113.740564,27.800903,3.126300,28.075001,2.138800
1,2,113.763612,23.048300,3.008600,22.964701,2.005600
1,2,113.790584,26.972000,3.854300,27.280399,1.553000
1,2,113.814057,23.473401,2.479300,23.236799,2.099200
1,2,113.842879,28.821498,2.788500,28.996300,1.792500
1,2,113.872011,29.131800,2.376800,28.517700,2.043300
1,2,113.895078,23.067702,3.275100,23.320000,1.989800
1,2,113.919539,24.461098,2.603900,24.560301,1.467600
1,2,113.944724,25.185000,2.545700,25.256800,2.000400
1,2,113.973453,28.728299,2.551900,28.827900,2.079600
1,2,113.997929,24.475802,2.530900,24.244499,1.808700
1,2,114.026675,28.746799,2.705500,28.688700,1.691400
1,2,114.056256,29.580601,2.560000,29.579901,1.768700
1,2,114.080102,23.846302,3.006700,24.208799,1.813200
1,2,114.109246,29.144000,2.186900,29.128799,1.596700
1,2,114.138794,29.547699,2.260400,29.341101,1.994200
1,2,114.162074,23.280401,2.540100,22.926100,1.978000
1,2,114.189617,27.542200,2.708800,27.756001,1.945700
1,2,114.214657,25.040600,2.449200,24.978001,2.094200
1,2,114.241605,26.947699,2.502400,27.500601,1.719700
1,2,114.270062,28.457299,1.858700,28.219500,1.781300
1,2,114.295282,25.220100,2.079900,24.692101,1.984800
1,2,114.322212,26.930101,2.804700,27.168900,1.807800
1,2,114.344602,22.389498,2.693300,22.325899,1.777600
1,2,114.373291,28.689500,2.456900,28.880699,1.646900
1,2,114.396789,23.497302,2.273200,23.520700,1.768900
1,2,114.424762,27.973499,2.235400,27.988001,1.705300
1,2,114.448198,23.436200,2.186000,23.092600,1.550300
1,2,114.476104,27.905501,2.827400,28.115801,1.795000
1,2,114.504968,28.864499,2.502800,28.595699,2.107800
1,2,114.527961,22.992700,2.652000,23.151300,1.836000
1,2,114.550910,22.949200,2.396100,23.026199,1.881700
1,2,114.579022,28.111700,2.429300,27.877100,2.092900
1,2,114.606680,27.657699,2.970100,27.688200,1.873300
1,2,114.631065,24.385501,2.685200,24.538200,2.220000
1,2,114.660210,29.144499,2.434500,29.076200,1.835000
1,2,114.689579,29.369298,2.563900,29.191900,2.301500
1,2,114.713935,24.356000,2.822200,24.374399,1.786400
1,2,114.742581,28.645802,2.462500,28.783100,1.915000
1,2,114.770371,27.790099,2.490500,27.826599,1.955000
1,2,114.795053,24.682399,2.114200,24.260099,1.574700
1,2,114.822605,27.551603,2.836800,27.922001,1.908800
1,2,114.846137,23.532398,2.718700,23.702200,1.882100
1,2,114.873617,27.479801,2.094900,27.413401,1.879000
1,2,114.898107,24.489999,2.211700,24.306400,1.499800
1,2,114.927966,29.859401,2.344900,29.626600,1.708800
1,2,114.956123,28.156400,2.785200,28.252701,1.774500
1,2,114.979095,22.972200,2.691500,22.859699,1.694700
1,2,115.007944,28.848801,2.704100,28.848700,1.815200
1,2,115.030872,22.928100,2.579200,23.315100,1.738100
1,2,115.059788,28.915700,2.266700,28.606199,1.589600
1,2,115.087306,27.518500,2.621500,27.487801,1.785000
1,2,115.110247,22.941198,2.485200,22.797001,1.847700
1,2,115.137180,26.932303,3.030600,27.343000,1.788200
1,2,115.162318,25.138799,2.561700,24.839399,1.935300
1,2,115.190723,28.404798,2.542700,28.402599,1.961100
1,2,115.213171,22.447702,2.427700,22.521200,1.889600
1,2,115.239859,26.688099,2.387500,26.645800,1.825000
1,2,115.262436,22.577301,2.465500,22.577400,1.986400
1,2,115.291129,28.692201,2.388600,28.646601,1.973200
1,2,115.313912,22.783097,2.452000,22.776800,1.905400
1,2,115.343189,29.277503,2.583200,29.131399,1.995400
1,2,115.370422,27.233098,2.787400,23.453699,1.795700
1,2,115.395197,24.775200,6.413700,27.691601,1.871500
1,2,115.422185,26.987102,3.510000,27.597000,1.977800
1,2,115.444431,22.246100,2.777100,22.397400,2.156000
1,2,115.471774,27.343299,2.750200,27.282101,1.826900
1,2,115.495679,23.904800,2.710600,23.877199,1.816900
1,2,115.523101,27.422700,2.679800,27.530600,2.420400
1,2,115.545473,22.371199,2.619900,22.396601,1.766300
1,2,115.570813,25.340002,2.637300,25.042801,1.723400
1,2,115.595689,24.876099,2.762700,25.035999,1.791700
1,2,115.622074,26.385598,2.566900,26.894400,2.199200
1,2,115.646061,23.986500,2.098800,23.872000,1.809900
1,2,115.674165,28.103802,2.240100,28.063801,2.015800
1,2,115.697754,23.589898,3.135500,23.175501,2.043400
1,2,115.724103,26.349001,2.690200,26.819599,1.786900
1,2,115.749477,25.373399,2.230700,25.347500,1.674900
1,2,115.778997,29.520400,2.266100,29.065500,1.674200
1,2,115.806524,27.526300,2.600800,27.777100,2.091200
1,2,115.829744,23.220003,2.408400,23.334999,1.708700
1,2,115.856230,26.485998,2.263400,26.351601,1.557600
1,2,115.878825,22.595000,2.338500,22.643200,1.561800
1,2,115.906180,27.355101,2.265300,27.019600,1.933200
1,2,115.929273,23.093000,2.852100,23.508699,1.645700
1,2,115.956662,27.389199,2.109900,27.027000,1.687700
1,2,115.979217,22.555303,2.455100,22.801399,1.624700
1,2,116.006841,27.624000,2.301600,27.188999,1.745500
1,2,116.029979,23.137599,2.687600,23.629801,1.641700
1,2,116.057671,27.691700,2.369700,27.644800,1.706800
1,2,116.082649,24.978101,2.301000,24.750601,1.956700
1,2,116.111121,28.472297,2.442800,28.471100,1.737300
1,2,116.140445,29.323801,2.362500,29.152399,2.021000
1,2,116.165291,24.846099,2.691500,25.090599,1.665100
1,2,116.192596,27.305700,2.377300,27.187700,1.818500
1,2,116.215145,22.549000,2.740200,22.530100,2.292000
1,2,116.245578,30.432601,2.785900,30.131300,2.145700
1,2,116.273759,28.181400,2.728900,28.573400,1.922300
1,2,116.298282,24.522699,2.505900,24.627399,1.822400
1,2,116.327430,29.147800,2.198600,28.987499,2.112300
1,2,116.354829,27.399201,2.395800,27.610800,1.842500
1,2,116.379147,24.317700,2.720000,23.779400,1.735500
1,2,116.406539,27.392201,2.821500,27.203199,1.917800
1,2,116.427610,21.070600,3.082500,21.416599,1.689300
1,2,116.453470,25.860198,2.563500,25.708799,2.052700
1,2,116.478721,25.250603,2.904100,25.076401,1.726800
1,2,116.507083,28.362799,2.847000,28.576500,1.784000
1,2,116.531204,24.121001,2.565300,24.229799,1.862700
1,2,116.559973,28.769098,2.450000,28.695499,1.522200
1,2,116.584397,24.423201,2.757600,24.758600,1.751200
1,2,116.609675,25.278199,2.291400,24.966400,2.043400
1,2,116.634816,25.141601,2.539800,25.288700,1.720200
1,2,116.662432,27.615398,2.357000,26.979900,2.113700
1,2,116.688854,26.421901,2.909600,26.839800,1.810500
1,2,116.712721,23.867000,2.491000,23.828501,2.181600
1,2,116.742023,29.302299,2.853400,29.449200,1.583200
1,2,116.765684,23.660801,2.239400,23.450399,1.816900
1,2,116.794290,28.605901,2.765600,28.650200,1.675800
1,2,116.823971,29.681098,2.725300,29.958300,1.806100
1,2,116.846672,22.700902,2.384500,22.305099,1.662700
1,2,116.876029,29.356901,2.640700,29.550900,1.671100
1,2,116.904316,28.287601,2.627100,28.095699,1.987200
1,2,116.928719,24.403200,2.722200,24.531300,1.664600
1,2,116.955673,26.953399,2.509200,27.095100,1.784300
1,2,116.979151,23.478601,2.245900,23.354799,1.679000
1,2,117.007936,28.784297,2.400100,28.604401,1.871300
1,2,117.030240,22.304200,2.588600,22.479799,1.687400
1,2,117.058824,28.584100,2.610600,28.533100,2.126700
1,2,117.082230,23.406301,2.396500,23.118299,1.660000
1,2,117.111118,28.888199,2.934700,28.937901,1.805300
1,2,117.140951,29.832900,2.562500,29.647499,2.016100
1,2,117.163681,22.729900,2.971100,22.657301,1.869700
1,2,117.195682,32.001100,3.423300,32.160999,1.949000
1,2,117.224519,28.837003,2.896600,28.818001,1.954100
1,2,117.246114,21.594997,2.758300,22.028799,1.899300
1,2,117.275734,29.619802,2.277400,29.667000,1.675700
1,2,117.306434,30.699998,2.296300,30.519501,2.076400
1,2,117.329171,22.736400,2.556700,22.834200,1.770800
1,2,117.359729,30.558400,2.194600,30.416700,1.557000
1,2,117.382867,23.137502,2.507800,22.841101,1.921300
1,2,117.412206,29.339198,2.589500,28.929600,1.576800
1,2,117.440803,28.596900,3.078100,29.055700,2.016100
1,2,117.463942,23.139000,2.758000,23.128799,1.739000
1,2,117.491434,27.492002,2.598700,27.490601,1.961600
1,2,117.522053,30.618999,2.573700,30.700399,1.747400
1,2,117.546298,24.245698,2.887600,23.441000,1.999400
1,2,117.574598,28.299700,3.510400,29.000700,2.209000
1,2,117.599179,24.581399,2.565800,24.537399,2.068400
1,2,117.627797,28.617501,2.780200,28.474400,1.864500
1,2,117.657255,29.457901,3.083900,29.416901,2.234800
1,2,117.680547,23.292001,3.235700,23.487801,2.104000
1,2,117.708989,28.442498,2.725000,28.698000,2.050600
1,2,117.732279,23.289800,2.310400,22.943600,1.881800
1,2,117.760990,28.710701,2.672900,28.790199,1.622900
1,2,117.789611,28.621301,2.518600,28.619600,1.902200
1,2,117.812520,22.909198,2.629600,22.579901,1.717300
1,2,117.841133,28.613102,3.437400,28.534599,2.300400
1,2,117.864697,23.563400,3.362700,23.852400,1.632300
1,2,117.891189,26.492100,2.511400,26.679001,1.546400
1,2,117.913899,22.710200,2.331800,22.746500,2.254700
1,2,117.940997,27.098197,2.418300,27.103901,1.823700
1,2,117.965963,24.965603,2.331000,24.749500,1.786900
1,2,117.992801,26.837699,2.577000,26.825899,1.630800
1,2,118.022384,29.583100,2.623700,29.197100,1.904100
1,2,118.046072,23.688100,2.834900,23.602600,1.792100
1,2,118.073592,27.519900,3.394400,28.038601,1.915800
1,2,118.096535,22.943299,2.562600,22.670700,1.649100
1,2,118.122995,26.459698,2.723800,26.671000,1.576600
1,2,118.145895,22.899803,2.617400,22.562300,1.599100
1,2,118.170777,24.882898,3.014600,25.181700,1.949400
1,2,118.195414,24.636101,2.815600,24.580299,1.814500
1,2,118.223437,28.023001,2.587700,27.813200,2.049500
1,2,118.245938,22.501901,2.764400,22.629000,1.862900
1,2,118.273124,27.185798,2.637400,27.412001,2.127000
1,2,118.297072,23.947701,2.457700,23.605801,1.751600
1,2,118.325007,27.934700,2.786500,28.207100,2.026100
1,2,118.348002,22.995699,2.408600,22.983299,1.993700
1,2,118.376617,28.614402,2.468300,28.254101,1.588600
1,2,118.402172,25.554899,2.681500,25.611099,1.623800
1,2,118.426938,24.765901,2.813800,24.960800,1.645400
1,2,118.456137,29.199697,2.683700,29.070000,1.940700
1,2,118.479663,23.525801,2.852700,23.519501,1.635600
1,2,118.507470,27.807400,2.633200,27.734501,1.597800
1,2,118.529834,22.363503,2.780400,22.771200,1.473500
1,2,118.557595,27.760897,2.264700,27.549801,1.462900
1,2,118.580555,22.960402,2.404300,22.755100,2.155300
1,2,118.607451,26.895799,2.568500,27.273500,1.905200
1,2,118.637597,30.145802,2.124600,29.736099,1.676600
1,2,118.663019,25.421999,2.627600,25.310600,1.656600
1,2,118.690653,27.633999,2.913000,27.764000,2.053700
1,2,118.714819,24.166200,2.702900,24.408001,1.452200
1,2,118.742010,27.190503,2.205900,27.103800,1.738500
1,2,118.767906,25.896300,2.250300,25.692699,1.530700
1,2,118.793887,25.981497,2.631200,26.176201,1.714100
1,2,118.816690,22.802703,2.215700,22.887400,1.629000
1,2,118.844375,27.684499,2.221700,27.394100,1.651300
1,2,118.867794,23.419898,2.461600,23.444099,1.854600
1,2,118.896732,28.937202,2.736800,28.698299,1.830500
1,2,118.923845,27.113799,2.691300,26.932400,2.010800
1,2,118.947722,23.876801,3.185100,24.003599,2.047500
1,2,118.974341,26.618600,3.032100,26.899099,2.337200
1,2,118.999907,25.565799,2.428100,25.562500,2.088100
1,2,119.026322,26.415501,2.704400,26.350201,1.633400
1,2,119.049805,23.483001,2.412300,23.483601,1.754400
1,2,119.077321,27.515698,2.938200,27.364599,1.525800
1,2,119.108642,31.320900,2.746800,31.646601,1.837300
1,2,119.132294,23.651902,2.627100,23.321600,1.862200
1,2,119.160418,28.124899,3.024100,28.171900,1.876200
1,2,119.188053,27.634002,2.616100,27.831699,1.604500
1,2,119.210424,22.371098,2.545100,22.254900,1.677800
1,2,119.236862,26.438400,2.439800,25.683100,1.787900
1,2,119.261309,24.446700,3.132100,24.982201,2.483600
1,2,119.289181,27.872201,3.017600,27.884100,1.852200
1,2,119.311900,22.719000,3.064000,22.617500,1.815500
1,2,119.340199,28.299499,2.778500,28.462099,2.381300
1,2,119.364461,24.261300,2.904600,23.819099,2.068800
1,2,119.392779,28.317999,3.306400,28.850500,1.775100
1,2,119.419542,26.762802,2.546300,26.822399,1.639700
1,2,119.444197,24.655599,2.455700,24.295900,1.627300
1,2,119.466855,22.657402,2.680600,22.780300,1.947200
1,2,119.496878,30.023798,2.776300,29.316700,1.677200
1,2,119.520753,23.874301,3.478800,24.628500,1.874200
1,2,119.547427,26.674800,2.821900,26.414700,1.753500
1,2,119.575704,28.276499,2.855500,28.548300,1.666000
1,2,119.601990,26.286598,2.445900,26.048300,2.141700
1,2,119.628860,26.869100,2.707200,26.812000,1.803300
1,2,119.657492,28.631903,2.680100,28.824200,1.863900
1,2,119.687724,30.232299,2.759800,30.134100,1.678100
1,2,119.712357,24.633601,2.818800,24.689501,1.839700
1,2,119.739498,27.141098,2.505900,27.087999,2.263300
1,2,119.765754,26.255701,2.897600,26.103500,1.827400
1,2,119.794368,28.613798,2.637500,28.504299,1.686000
1,2,119.823341,28.972503,2.927100,29.358900,1.990800
1,2,119.848248,24.907198,2.545300,24.937300,1.817000
1,2,119.875232,26.984800,2.251100,26.861799,1.755200
1,2,119.898905,23.672100,2.340700,23.674801,1.823400
1,2,119.927781,28.876301,2.530600,28.654800,1.726600
1,2,119.955550,27.768798,2.511900,27.824900,1.797600
1,2,119.979729,24.179202,2.805300,24.079599,1.872900
1,2,120.007296,27.567498,2.670300,27.494801,1.749500
1,2,120.032335,25.038201,2.880400,25.130301,1.665200
1,2,120.060448,28.113399,2.783200,28.131100,1.877100
1,2,120.087649,27.201101,2.503600,27.229601,1.879800
1,2,120.112971,25.321700,2.469900,25.224701,2.022600
1,2,120.135798,22.826701,2.701500,23.105801,2.836100
1,2,120.166207,30.409399,2.525300,30.434401,2.128800
1,2,120.198032,31.824801,2.722000,31.116199,1.752600
1,2,120.227192,29.159900,3.084100,29.355101,1.919900
1,2,120.249916,22.724699,3.378700,23.020300,1.859000
1,2,120.279683,29.766399,3.245600,29.698799,2.097500
1,2,120.308469,28.786402,2.640800,28.938499,2.079400
1,2,120.331551,23.081400,2.544800,22.812700,1.859900
1,2,120.360718,29.167797,2.783800,29.404200,1.870600
1,2,120.385179,24.460301,2.244100,24.258101,1.896500
1,2,120.414382,29.203702,2.511800,28.845900,2.035700
1,2,120.443764,29.382098,2.822000,26.406099,2.049100
1,2,120.473594,29.830001,5.833600,32.813999,2.178700
1,2,120.500211,26.616201,2.904600,27.040800,1.666400
1,2,120.529163,28.951999,2.262900,28.438499,1.702800
1,2,120.556877,27.714498,2.896900,27.991301,1.539700
1,2,120.581750,24.872802,2.620800,24.842899,1.911000
1,2,120.612959,31.209100,2.567700,30.781799,2.239700
1,2,120.638813,25.853600,3.005400,26.313200,1.746500
1,2,120.668892,30.079700,3.120700,28.917400,2.029900
1,2,120.697224,28.331600,3.950300,29.122200,2.396200
1,2,120.726803,29.579498,3.182400,29.911900,2.361100
1,2,120.757360,30.557100,3.036700,30.660900,2.237500
1,2,120.780457,23.096602,2.508500,22.800600,2.565800
1,2,120.809469,29.012099,2.970500,28.441601,2.225100
1,2,120.840202,30.732900,3.612200,31.414200,2.410200
1,2,120.865013,24.810798,3.025100,24.030701,2.412000
1,2,120.895696,30.683000,3.589100,30.849400,2.008900
1,2,120.924546,28.850000,3.294000,29.193701,2.345300
1,2,120.950031,25.485400,3.031600,25.947599,1.739200
1,2,120.979348,29.316302,2.531300,28.820801,1.609800
1,2,121.003619,24.270900,2.898100,24.387699,2.323800
1,2,121.032249,28.630700,2.756800,28.551300,2.411500
1,2,121.060860,28.610598,2.989200,28.808399,2.631100
1,2,121.091478,30.617800,2.717900,30.510000,2.481100
1,2,121.114703,23.225199,2.877700,23.072701,2.140000
1,2,121.141473,26.770100,2.763400,27.147400,2.064100
1,2,121.166272,24.798602,2.272800,24.814199,2.025900
1,2,121.195840,29.568098,2.273100,29.543301,3.535200
1,2,121.224161,28.321501,2.458000,27.814199,1.862800
1,2,121.247012,22.850499,3.029000,22.945400,2.115000
1,2,121.275110,28.098002,3.116100,28.323500,1.975800
1,2,121.299989,24.879899,2.835800,24.844400,1.857500
1,2,121.326956,26.966002,3.215500,27.022100,2.251000
1,2,121.355734,28.778400,2.549100,28.510900,2.086400
1,2,121.382256,26.522201,2.926200,26.442101,2.227900
1,2,121.408071,25.814597,3.101500,25.950300,2.196400
1,2,121.432438,24.367202,2.739100,24.236700,1.832100
1,2,121.460832,28.393600,3.106400,28.188000,2.105300
1,2,121.489260,28.428700,3.496900,28.903099,2.167000
1,2,121.513133,23.873098,2.739700,23.551001,2.233800
1,2,121.541251,28.118201,2.825800,27.865601,2.092800
1,2,121.565568,24.316501,3.158000,24.545000,1.989400
1,2,121.595548,29.979602,3.068400,30.179399,1.872800
1,2,121.623077,27.529199,2.655600,27.252399,2.040100
1,2,121.645648,22.571500,3.070400,22.571501,1.864500
1,2,121.674397,28.749198,2.656500,29.009300,1.845500
1,2,121.697151,22.753403,2.816800,22.097799,2.228600
1,2,121.724109,26.957698,3.394100,27.487900,2.240200
1,2,121.748010,23.901802,3.203500,24.079800,1.876900
1,2,121.775536,27.525499,2.444600,27.363300,1.819600
1,2,121.802169,26.632901,2.591400,26.464199,1.995200
1,2,121.827990,25.821198,2.834500,25.949699,1.827500
1,2,121.856363,28.372601,2.587400,28.600800,2.157100
1,2,121.880910,24.546999,2.431400,24.237400,2.156000
1,2,121.909922,29.012602,2.667300,29.230200,1.982600
1,2,121.939979,30.056499,2.397600,30.175400,2.426600
1,2,121.963022,23.043200,2.851800,22.848101,2.148500
1,2,121.990705,27.683400,2.599500,27.665400,2.100400
1,2,122.015555,24.849601,2.324400,24.515499,2.107200
1,2,122.041376,25.821298,2.880700,26.012899,2.211300
1,2,122.066122,24.746202,2.599700,24.552999,2.371900
1,2,122.094970,28.847698,3.180500,28.736799,2.219300
1,2,122.124189,29.219002,3.197900,29.398600,2.174000
1,2,122.148840,24.651397,2.840900,24.772400,2.601400
1,2,122.179187,30.346002,2.541200,30.007401,1.974500
1,2,122.206134,26.947301,3.126200,27.359200,2.130400
1,2,122.230187,24.053298,2.845800,24.129400,1.965200
1,2,122.258753,28.565802,2.868100,28.423599,2.013000
1,2,122.282197,23.443699,2.679400,23.651600,2.030900
1,2,122.310484,28.287102,2.463700,28.198799,1.679200
1,2,122.340553,30.069798,2.249000,29.883101,2.278000
1,2,122.365516,24.962202,2.589000,24.689600,1.587100
1,2,122.394566,29.050499,2.730100,29.261000,1.661200
1,2,122.419836,25.269400,2.493900,25.061899,1.890800
1,2,122.445013,25.177497,2.897700,25.314699,1.981700
1,2,122.474211,29.197801,2.696400,28.109900,1.830700
1,3,129.605916,24.483301,2.700800,24.194300,2.066500
