Cycle,Round,ReadWallSeconds,UniqueGPUFrameMS,Disjoint
1,1,5.123515,21.578000,0
1,1,5.152410,15.891100,0
1,1,5.175140,25.229400,0
1,1,5.201724,22.565500,0
1,1,5.225195,20.791000,0
1,1,5.253757,19.098800,0
1,1,5.277233,22.730000,0
1,1,5.305632,26.812500,0
1,1,5.334567,17.572300,0
1,1,5.357956,25.646200,0
1,1,5.386023,25.028200,0
1,1,5.407758,20.260800,0
1,1,5.436314,21.207100,0
1,1,5.459842,21.696700,0
1,1,5.487048,24.074000,0
1,1,5.510584,20.995900,0
1,1,5.539118,24.882600,0
1,1,5.568104,18.999600,0
1,1,5.591657,23.810800,0
1,1,5.617856,14.167800,0
1,1,5.641784,26.334500,0
1,1,5.666442,17.194300,0
1,1,5.692427,20.989800,0
1,1,5.719228,20.196500,0
1,1,5.741638,17.985900,0
1,1,5.770521,21.556400,0
1,1,5.794419,19.563200,0
1,1,5.822371,25.886300,0
1,1,5.845645,17.022100,0
1,1,5.874055,25.894600,0
1,1,5.900568,21.134500,0
1,1,5.926273,23.159400,0
1,1,5.953116,18.151900,0
1,1,5.975979,19.002200,0
1,1,6.003006,23.392500,0
1,1,6.028296,19.727700,0
1,1,6.055595,25.284100,0
1,1,6.085757,17.493300,0
1,1,6.108380,20.032100,0
1,1,6.135610,20.967600,0
1,1,6.159337,25.434100,0
1,1,6.188143,25.448600,0
1,1,6.216216,18.992600,0
1,1,6.238189,26.275800,0
1,1,6.261108,17.924100,0
1,1,6.288220,20.725600,0
1,1,6.311161,19.557500,0
1,1,6.340417,26.534600,0
1,1,6.369244,19.984100,0
1,1,6.392248,19.469800,0
1,1,6.418565,19.583700,0
1,1,6.441396,25.420300,0
1,1,6.468493,19.792700,0
1,1,6.491650,20.914800,0
1,1,6.518081,18.072500,0
1,1,6.541222,18.643500,0
1,1,6.565178,20.966400,0
1,1,6.591009,25.370700,0
1,1,6.617521,20.497300,0
1,1,6.641561,23.525500,0
1,1,6.671211,20.762100,0
1,1,6.693772,26.419600,0
1,1,6.722133,28.276200,0
1,1,6.748615,18.309600,0
1,1,6.774775,21.196300,0
1,1,6.803828,20.744300,0
1,1,6.826550,26.799800,0
1,1,6.852494,19.963800,0
1,1,6.875803,19.947900,0
1,1,6.902873,17.398500,0
1,1,6.932162,16.347700,0
1,1,6.954416,20.066900,0
1,1,6.977812,16.898200,0
1,1,7.007218,27.520500,0
1,1,7.028789,19.506500,0
1,1,7.056768,24.669600,0
1,1,7.085255,17.287200,0
1,1,7.111789,18.161200,0
1,1,7.136955,23.446000,0
1,1,7.159560,19.444000,0
1,1,7.187508,20.769300,0
1,1,7.210697,24.372500,0
1,1,7.237264,23.402400,0
1,1,7.260873,18.490900,0
1,1,7.289559,26.130600,0
1,1,7.312079,16.032700,0
1,1,7.341812,25.758700,0
1,1,7.370255,21.598700,0
1,1,7.393268,25.203500,0
1,1,7.421672,25.534400,0
1,1,7.451963,16.560100,0
1,1,7.475160,25.562800,0
1,1,7.502588,20.480000,0
1,1,7.525592,21.819700,0
1,1,7.552557,21.456200,0
1,1,7.575979,23.297100,0
1,1,7.603760,22.275200,0
1,1,7.629391,22.983100,0
1,1,7.659358,28.926000,0
1,1,7.689404,24.764300,0
1,1,7.715963,19.045800,0
1,1,7.742245,25.841100,0
1,1,7.769748,21.617900,0
1,1,7.800608,22.134000,0
1,1,7.824783,22.765900,0
1,1,7.849887,20.495700,0
1,1,7.876389,24.757200,0
1,1,7.902916,20.269900,0
1,1,7.927354,27.198000,0
1,1,7.957328,21.530100,0
1,1,7.986023,20.257300,0
1,1,8.009412,24.800100,0
1,1,8.037392,19.692400,0
1,1,8.061379,27.164000,0
1,1,8.088991,25.857700,0
1,1,8.117952,21.390400,0
1,1,8.141771,18.388400,0
1,1,8.169919,20.999100,0
1,1,8.194203,16.605600,0
1,1,8.222006,21.808500,0
1,1,8.244741,19.429100,0
1,1,8.275079,26.382900,0
1,1,8.302622,20.703100,0
1,1,8.326618,19.164200,0
1,1,8.354019,26.694700,0
1,1,8.378930,21.141600,0
1,1,8.408530,21.753600,0
1,1,8.437489,28.148400,0
1,1,8.461468,18.189200,0
1,1,8.490697,26.922700,0
1,1,8.520952,16.001800,0
1,1,8.546083,23.107300,0
1,1,8.575111,27.154700,0
1,1,8.604166,18.952000,0
1,1,8.628168,29.138000,0
1,1,8.659811,27.551400,0
1,1,8.686853,23.030100,0
1,1,8.712129,17.338800,0
1,1,8.740186,18.220700,0
1,1,8.768512,19.892600,0
1,1,8.792190,26.584400,0
1,1,8.814726,21.105800,0
1,1,8.840935,18.203900,0
1,1,8.868317,22.457500,0
1,1,8.891798,24.352600,0
1,1,8.918959,21.922700,0
1,1,8.941411,18.364800,0
1,1,8.968945,24.582000,0
1,1,8.992432,21.679600,0
1,1,9.021387,18.343000,0
1,1,9.043874,21.915600,0
1,1,9.070353,22.645200,0
1,1,9.093645,16.851900,0
1,1,9.122580,26.261400,0
1,1,9.145511,18.206500,0
1,1,9.175110,25.831000,0
1,1,9.201016,15.856000,0
1,1,9.225348,19.159600,0
1,1,9.253349,20.394700,0
1,1,9.275759,19.139800,0
1,1,9.304078,16.657600,0
1,1,9.326822,19.826800,0
1,1,9.354408,25.733200,0
1,1,9.377357,17.385900,0
1,1,9.405907,25.706200,0
1,1,9.435747,21.587700,0
1,1,9.458810,19.388400,0
1,1,9.484876,20.371400,0
1,1,9.507602,16.770400,0
1,1,9.534484,22.005500,0
1,1,9.558550,24.308500,0
1,1,9.586062,20.989800,0
1,1,9.608687,17.523300,0
1,1,9.635636,21.028000,0
1,1,9.661694,25.872200,0
1,1,9.687718,19.936500,0
1,1,9.711584,21.312400,0
1,1,9.740287,27.037400,0
1,1,9.768147,15.714100,0
1,1,9.792335,27.436700,0
1,1,9.820288,18.361200,0
1,1,9.843200,27.023500,0
1,1,9.870262,21.127000,0
1,1,9.894166,27.241800,0
1,1,9.922447,23.945800,0
1,1,9.947957,20.148900,0
1,1,9.973473,26.080600,0
1,1,10.000923,15.637000,0
1,1,10.025618,27.394100,0
1,1,10.052819,19.487000,0
1,1,10.076627,19.221600,0
1,1,10.104060,26.658800,0
1,1,10.125644,20.530700,0
1,1,10.152531,22.502600,0
1,1,10.177484,19.951100,0
1,1,10.202984,19.822700,0
1,1,10.226832,21.279400,0
1,1,10.252626,21.121800,0
1,1,10.274984,24.572900,0
1,1,10.302348,21.021000,0
1,1,10.325537,19.614300,0
1,1,10.353970,20.442100,0
1,1,10.376241,17.643000,0
1,1,10.402730,19.817800,0
1,1,10.425271,18.976600,0
1,1,10.449138,21.701000,0
1,1,10.474177,20.471800,0
1,1,10.501929,19.032300,0
1,1,10.523462,21.200000,0
1,1,10.548479,18.835700,0
1,1,10.573994,23.563300,0
1,1,10.601561,17.462200,0
1,1,10.624084,19.424800,0
1,1,10.652852,18.505700,0
1,1,10.675705,20.017200,0
1,1,10.700232,18.969500,0
1,1,10.724975,20.188500,0
1,1,10.752357,21.584300,0
1,1,10.775747,25.562000,0
1,1,10.802152,18.884500,0
1,1,10.825056,19.442100,0
1,1,10.847358,20.929100,0
1,1,10.875173,25.897300,0
1,1,10.896808,20.750200,0
1,1,10.924923,22.098400,0
1,1,10.951618,19.808000,0
1,1,10.973832,24.840100,0
1,1,10.998610,19.767800,0
1,1,11.023234,23.572000,0
1,1,11.050080,21.713600,0
1,1,11.073379,24.981400,0
1,1,11.096045,17.660400,0
1,1,11.122124,19.737400,0
1,1,11.145497,17.391700,0
1,1,11.174546,25.816800,0
1,1,11.201872,19.954700,0
1,1,11.223596,23.689700,0
1,1,11.252797,21.594100,0
1,1,11.275794,22.483700,0
1,1,11.302168,22.239600,0
1,1,11.323818,23.232300,0
1,1,11.346644,20.871500,0
1,1,11.373269,26.363300,0
1,1,11.401846,20.269900,0
1,1,11.425271,19.219000,0
1,1,11.451890,19.753600,0
1,1,11.475418,23.595900,0
1,1,11.502066,18.353100,0
1,1,11.523784,24.828800,0
1,1,11.553209,18.491700,0
1,1,11.575276,23.690300,0
1,1,11.602598,18.771700,0
1,1,11.625291,19.078100,0
1,1,11.652616,21.423300,0
1,1,11.677345,23.133600,0
1,1,11.703651,23.930300,0
1,1,11.726829,20.895800,0
1,1,11.756167,22.833900,0
1,1,11.785139,22.513400,0
1,1,11.808351,24.580000,0
1,1,11.837316,21.986800,0
1,1,11.861814,21.845500,0
1,1,11.888391,26.901200,0
1,1,11.913546,17.060500,0
1,1,11.938665,21.852300,0
1,1,11.966697,21.314300,0
1,1,11.989486,27.930900,0
1,1,12.016175,18.024200,0
1,1,12.039023,19.646900,0
1,1,12.063749,22.480200,0
1,1,12.092987,25.944100,0
1,1,12.119810,22.798100,0
1,1,12.141734,20.836700,0
1,1,12.173088,20.838900,0
1,1,12.196333,22.761700,0
1,1,12.230023,21.354400,0
1,1,12.253883,31.442100,0
1,1,12.279049,23.777200,0
1,1,12.306963,20.614800,0
1,1,12.337908,23.211100,0
1,1,12.360702,23.871600,0
1,1,12.389307,26.623100,0
1,1,12.415460,18.516900,0
1,1,12.442697,25.843600,0
1,1,12.471078,26.210300,0
1,1,12.493463,19.712400,0
1,1,12.520657,18.905100,0
1,1,12.543301,22.939200,0
1,1,12.571813,27.246800,0
1,1,12.595089,20.355700,0
1,1,12.622332,20.544300,0
1,1,12.647719,23.229700,0
1,1,12.676079,26.436600,0
1,1,12.703397,19.238600,0
1,1,12.726631,18.822400,0
1,1,12.755757,27.453900,0
1,1,12.780705,18.135600,0
1,1,12.805825,20.481500,0
1,1,12.831628,21.834500,0
1,1,12.855130,21.842700,0
1,1,12.878541,20.572300,0
1,1,12.906823,27.264400,0
1,1,12.929334,21.983900,0
1,1,12.956932,27.247200,0
1,1,12.979836,19.129600,0
1,1,13.006393,26.030500,0
1,1,13.034547,18.988900,0
1,1,13.057294,24.869300,0
1,1,13.086398,18.290500,0
1,1,13.108933,20.700000,0
1,1,13.135755,19.795200,0
1,1,13.160405,25.218000,0
1,1,13.188144,22.407600,0
1,1,13.211450,23.021200,0
1,1,13.238556,23.259600,0
1,1,13.261092,20.507400,0
1,1,13.288377,25.891600,0
1,1,13.312605,20.520600,0
1,1,13.339172,25.550000,0
1,1,13.365914,21.612700,0
1,1,13.393068,23.275800,0
1,1,13.421520,25.921000,0
1,1,13.444652,20.468000,0
1,1,13.473953,27.544100,0
1,1,13.501927,20.902100,0
1,1,13.524675,25.292800,0
1,1,13.549320,21.174000,0
1,1,13.575002,26.879900,0
1,1,13.603432,18.982500,0
1,1,13.627159,27.163600,0
1,1,13.657720,25.089900,0
1,1,13.686220,19.183800,0
1,1,13.709496,24.659200,0
1,1,13.738099,21.718900,0
1,1,13.761289,20.825100,0
1,1,13.788729,19.622700,0
1,1,13.811463,19.906600,0
1,1,13.838460,24.042100,0
1,1,13.866303,21.386500,0
1,1,13.891498,24.315900,0
1,1,13.918615,18.918900,0
1,1,13.942575,21.155500,0
1,1,13.971022,24.785500,0
1,1,13.994840,19.086300,0
1,1,14.023116,20.829400,0
1,1,14.050594,17.442000,0
1,1,14.074910,27.801800,0
1,1,14.103033,16.875200,0
1,1,14.125821,24.235000,0
1,1,14.153097,18.492200,0
1,1,14.176908,25.070200,0
1,1,14.204034,23.066400,0
1,1,14.225994,21.697300,0
1,1,14.253953,23.173000,0
1,1,14.276151,19.791500,0
1,1,14.305108,23.097200,0
1,1,14.327649,22.527900,0
1,1,14.356814,26.591000,0
1,1,14.379663,16.461500,0
1,1,14.407474,26.012800,0
1,1,14.434425,15.070600,0
1,1,14.457954,27.106600,0
1,1,14.485289,20.738100,0
1,1,14.506130,23.910300,0
1,1,14.534631,20.066700,0
1,1,14.557066,21.633800,0
1,1,14.582335,20.542600,0
1,1,14.606030,26.212300,0
1,1,14.634330,17.212700,0
1,1,14.659927,25.174400,0
1,1,14.688594,17.641400,0
1,1,14.710002,25.290400,0
1,1,14.737393,20.661400,0
1,1,14.760014,20.321000,0
1,1,14.783186,20.028100,0
1,1,14.809247,21.221000,0
1,1,14.835130,17.854100,0
1,1,14.859145,18.985500,0
1,1,14.882753,20.837800,0
1,1,14.907993,20.123600,0
1,1,14.936808,18.997100,0
1,1,14.959780,27.287000,0
1,1,14.986886,19.308200,0
1,1,15.009550,26.682100,0
1,1,15.037509,18.459200,0
1,1,15.061018,25.015800,0
1,1,15.080866,20.013400,0
1,1,15.108920,21.107700,0
1,1,15.132675,18.334400,0
1,1,15.158087,21.768500,0
1,1,15.185535,19.396000,0
1,1,15.207154,19.237800,0
1,1,15.235097,18.113000,0
1,1,15.256930,25.890100,0
1,1,15.278750,19.294000,0
1,1,15.308262,24.764500,0
1,1,15.336161,19.513600,0
1,1,15.358861,16.707200,0
1,1,15.383251,20.930700,0
1,1,15.408179,20.679300,0
1,1,15.432335,18.145000,0
1,1,15.457251,20.395000,0
1,1,15.484865,20.156300,0
1,1,15.506491,19.654700,0
1,1,15.530190,18.747900,0
1,1,15.556616,29.219100,0
1,1,15.583487,18.476200,0
1,1,15.607067,17.385000,0
1,1,15.635252,19.959400,0
1,1,15.657713,18.103900,0
1,1,15.687265,16.717800,0
1,1,15.710370,26.839300,0
1,1,15.737129,17.506600,0
1,1,15.759705,18.041100,0
1,1,15.787414,17.703100,0
1,1,15.810667,23.383100,0
1,1,15.838350,18.679100,0
1,1,15.864888,22.164600,0
1,1,15.890428,24.221900,0
1,1,15.919904,15.126200,0
1,1,15.942367,26.065100,0
1,1,15.968017,19.903700,0
1,1,15.990970,19.651400,0
1,1,16.019967,21.856800,0
1,1,16.041842,24.591900,0
1,1,16.071401,19.335600,0
1,1,16.091887,22.902200,0
1,1,16.120500,24.271600,0
1,1,16.143187,22.345000,0
1,1,16.170564,22.023100,0
1,1,16.195196,18.027300,0
1,1,16.220114,24.880600,0
1,1,16.244653,16.587100,0
1,1,16.271922,24.105500,0
1,1,16.294841,17.906500,0
1,1,16.322086,26.702200,0
1,1,16.344356,19.792600,0
1,1,16.372053,24.631100,0
1,1,16.398620,22.399000,0
1,1,16.425754,29.111100,0
1,1,16.451911,17.891100,0
1,1,16.474609,25.135200,0
1,1,16.502358,20.760400,0
1,1,16.525713,21.789600,0
1,1,16.548574,20.084300,0
1,1,16.573681,25.150600,0
1,1,16.597466,16.751200,0
1,1,16.624158,25.415800,0
1,1,16.646885,17.925800,0
1,1,16.675540,26.018600,0
1,1,16.701515,17.093900,0
1,1,16.723947,17.905000,0
1,1,16.752533,19.110500,0
1,1,16.774421,24.819300,0
1,1,16.802415,19.484300,0
1,1,16.824460,28.031100,0
1,1,16.851771,16.202200,0
1,1,16.874539,23.852300,0
1,1,16.901843,19.544300,0
1,1,16.924111,23.478200,0
1,1,16.951136,14.954700,0
1,1,16.973989,24.206300,0
1,1,17.004815,20.046900,0
1,1,17.024188,22.137800,0
1,1,17.050969,13.733800,0
1,1,17.074282,20.462600,0
1,1,17.102082,15.364300,0
1,1,17.123991,17.844000,0
1,1,17.148281,19.943300,0
1,1,17.173622,22.851000,0
1,1,17.195792,19.519400,0
1,1,17.223498,23.679700,0
1,1,17.250407,22.885000,0
1,1,17.272408,25.547700,0
1,1,17.300652,19.071700,0
1,1,17.323649,23.989900,0
1,1,17.346618,17.989200,0
1,1,17.373046,25.524700,0
1,1,17.397365,18.593500,0
1,1,17.426821,24.185700,0
1,1,17.455225,20.021600,0
1,1,17.478395,25.212600,0
1,1,17.507908,21.873500,0
1,1,17.529936,16.440400,0
1,1,17.558001,19.829100,0
1,1,17.586206,20.420300,0
1,1,17.609446,20.470400,0
1,1,17.633355,20.440500,0
1,1,17.660691,21.544400,0
1,1,17.688037,18.213300,0
1,1,17.711288,24.271200,0
1,1,17.738968,24.419800,0
1,1,17.765176,19.136400,0
1,1,17.789883,27.283600,0
1,1,17.818871,19.662500,0
1,1,17.841318,24.258400,0
1,1,17.864162,18.735500,0
1,1,17.892790,23.676800,0
1,1,17.919496,19.403200,0
1,1,17.941296,18.011000,0
1,1,17.966057,20.961000,0
1,1,17.991821,21.110400,0
1,1,18.020297,23.763100,0
1,1,18.045047,23.256300,0
1,1,18.071746,27.739500,0
1,1,18.096335,18.932200,0
1,1,18.122767,25.457800,0
1,1,18.152734,20.489300,0
1,1,18.174524,25.251200,0
1,1,18.203380,20.680700,0
1,1,18.225866,26.911600,0
1,1,18.253302,22.354400,0
1,1,18.276584,19.274700,0
1,1,18.303857,25.748700,0
1,1,18.326144,19.341000,0
1,1,18.354004,22.601600,0
1,1,18.376255,19.298800,0
1,1,18.403375,24.445600,0
1,1,18.426216,17.797900,0
1,1,18.453274,18.844100,0
1,1,18.477241,20.737100,0
1,1,18.504114,19.911500,0
1,1,18.529118,23.414300,0
1,1,18.557822,27.175300,0
1,1,18.582983,23.543800,0
1,1,18.609623,22.317800,0
1,1,18.637361,20.809900,0
1,1,18.660073,17.945600,0
1,1,18.690224,25.422900,0
1,1,18.719388,16.740300,0
1,1,18.742780,19.597500,0
1,1,18.769862,21.591800,0
1,1,18.792083,20.702400,0
1,1,18.819420,20.806500,0
1,1,18.842659,17.292900,0
1,1,18.869863,20.720900,0
1,1,18.892693,25.473500,0
1,1,18.921379,22.271200,0
1,1,18.946100,18.643900,0
1,1,18.974804,28.754400,0
1,1,19.001997,18.395100,0
1,1,19.025577,25.970200,0
1,1,19.054184,23.702400,0
1,1,19.078484,22.280800,0
1,1,19.105347,27.920300,0
1,1,19.127506,18.186300,0
1,1,19.155777,24.578100,0
1,1,19.179358,17.794900,0
1,1,19.207751,18.370200,0
1,1,19.234177,20.779000,0
1,1,19.257048,25.986200,0
1,1,19.286932,21.433900,0
1,1,19.310074,27.015500,0
1,1,19.338239,21.184600,0
1,1,19.360844,17.409700,0
1,1,19.389545,24.582900,0
1,1,19.412623,19.575100,0
1,1,19.441334,29.099500,0
1,1,19.470135,20.396700,0
1,1,19.492766,28.470700,0
1,1,19.520183,19.306400,0
1,1,19.542629,25.063800,0
1,1,19.569554,19.997400,0
1,1,19.592922,19.552800,0
1,1,19.619957,18.438500,0
1,1,19.643449,25.618600,0
1,1,19.672110,23.535000,0
1,1,19.695675,24.818700,0
1,1,19.723063,24.670200,0
1,1,19.751287,13.831700,0
1,1,19.774494,26.190700,0
1,1,19.805650,28.033300,0
1,1,19.828328,17.498100,0
1,1,19.856894,26.524200,0
1,1,19.886944,20.211400,0
1,1,19.910220,19.614600,0
1,1,19.938703,23.769000,0
1,1,19.968712,21.280900,0
1,1,19.991055,28.875600,0
1,1,20.019241,17.274700,0
1,1,20.042598,19.577700,0
1,1,20.071036,24.481900,0
1,1,20.095115,25.097600,0
1,1,20.124251,27.593400,0
1,1,20.155599,22.893800,0
1,1,20.179208,26.820900,0
1,1,20.208348,27.103200,0
1,1,20.238320,25.242500,0
1,1,20.261905,20.089300,0
1,1,20.291008,25.893600,0
1,1,20.320252,18.894300,0
1,1,20.345377,25.819700,0
1,1,20.373760,25.053400,0
1,1,20.402416,16.708900,0
1,1,20.428264,27.708900,0
1,1,20.455858,24.584700,0
1,1,20.479895,20.991000,0
1,1,20.508712,26.668500,0
1,1,20.537837,23.739300,0
1,1,20.561501,23.768200,0
1,1,20.588108,23.701400,0
1,1,20.612336,22.041300,0
1,1,20.641965,22.096000,0
1,1,20.664383,20.326000,0
1,1,20.693145,22.841100,0
1,1,20.720471,21.019600,0
1,1,20.743261,19.948200,0
1,1,20.770737,19.874700,0
1,1,20.793654,19.105200,0
1,1,20.822166,24.986500,0
1,1,20.844450,24.234000,0
1,1,20.872659,26.672200,0
1,1,20.895579,19.731600,0
1,1,20.924983,21.781400,0
1,1,20.946627,20.615200,0
1,1,20.974460,24.729000,0
1,1,20.997484,15.162200,0
1,1,21.025645,30.830100,0
1,1,21.053113,16.220500,0
1,1,21.077594,24.162000,0
1,1,21.104427,23.659300,0
1,1,21.126418,20.464800,0
1,1,21.156250,26.534000,0
1,1,21.178301,20.554600,0
1,1,21.207332,24.390600,0
1,1,21.230531,19.128300,0
1,1,21.258658,27.196900,0
1,1,21.286103,22.857900,0
1,1,21.308301,19.368100,0
1,1,21.335640,21.727600,0
1,1,21.358086,26.077900,0
1,1,21.385185,18.585800,0
1,1,21.407712,24.120800,0
1,1,21.430407,19.996900,0
1,1,21.458110,22.126500,0
1,1,21.485340,15.366800,0
1,1,21.508256,22.233400,0
1,1,21.536472,14.217100,0
1,1,21.560243,22.691100,0
1,1,21.588906,23.790400,0
1,1,21.613088,20.260300,0
1,1,21.640610,26.195400,0
1,1,21.671135,14.017000,0
1,1,21.693386,25.044100,0
1,1,21.722203,21.298000,0
1,1,21.745493,20.916300,0
1,1,21.773040,28.206200,0
1,1,21.797854,20.670400,0
1,1,21.827043,23.544000,0
1,1,21.853761,24.973100,0
1,1,21.878178,19.436400,0
1,1,21.904051,21.385500,0
1,1,21.927419,23.634500,0
1,1,21.954459,21.098000,0
1,1,21.976512,25.391000,0
1,1,22.004306,19.805700,0
1,1,22.028484,20.853400,0
1,1,22.055647,26.675100,0
1,1,22.081799,18.749700,0
1,1,22.106819,24.109400,0
1,1,22.129580,19.109000,0
1,1,22.157180,20.352300,0
1,1,22.179485,19.966400,0
1,1,22.205961,23.777300,0
1,1,22.228549,21.737200,0
1,1,22.255537,20.761100,0
1,1,22.279782,19.543400,0
1,1,22.309740,24.477300,0
1,1,22.336256,22.226900,0
1,1,22.364232,24.005300,0
1,1,22.387198,21.150400,0
1,1,22.412580,25.493400,0
1,1,22.440277,28.527100,0
1,1,22.469434,20.125500,0
1,1,22.493635,19.960700,0
1,1,22.520996,22.477400,0
1,1,22.544973,25.123300,0
1,1,22.573308,27.924100,0
1,1,22.596997,22.949600,0
1,1,22.625560,24.395400,0
1,1,22.654648,20.718300,0
1,1,22.678135,24.826000,0
1,1,22.705029,23.485700,0
1,1,22.729840,22.827700,0
1,1,22.756114,22.683400,0
1,1,22.778871,20.331200,0
1,1,22.805952,22.344300,0
1,1,22.828733,18.988000,0
1,1,22.858085,23.641200,0
1,1,22.880243,22.018800,0
1,1,22.907909,23.523300,0
1,1,22.932676,21.364800,0
1,1,22.957901,24.248700,0
1,1,22.985104,19.290000,0
1,1,23.008047,22.328000,0
1,1,23.036913,13.884600,0
1,1,23.059752,27.212400,0
1,1,23.088184,19.970200,0
1,1,23.110085,23.899200,0
1,1,23.137383,24.432700,0
1,1,23.161967,19.614700,0
1,1,23.188902,18.258700,0
1,1,23.211108,20.444200,0
1,1,23.239333,19.311500,0
1,1,23.261436,19.493900,0
1,1,23.288243,23.648400,0
1,1,23.310749,20.051700,0
1,1,23.337386,21.237400,0
1,1,23.361745,25.105900,0
1,1,23.390875,28.524200,0
1,1,23.418309,19.469400,0
1,1,23.441412,27.211900,0
1,1,23.469293,15.212200,0
1,1,23.492056,31.526000,0
1,1,23.520707,19.656300,0
1,1,23.542939,26.452000,0
1,1,23.570238,18.398200,0
1,1,23.593546,23.506000,0
1,1,23.617738,19.759200,0
1,1,23.643552,19.760600,0
1,1,23.672511,20.952600,0
1,1,23.699706,21.426000,0
1,1,23.727612,24.901400,0
1,1,23.755624,18.340400,0
1,1,23.784149,24.345000,0
1,1,23.815180,23.246500,0
1,1,23.847795,25.540700,0
1,1,23.879912,27.174000,0
1,1,23.908715,24.029000,0
1,1,23.937628,18.378000,0
1,1,23.971600,25.814800,0
1,1,23.997939,27.353500,0
1,1,24.028555,27.027400,0
1,1,24.060758,25.351100,0
1,1,24.094009,31.757700,0
1,1,24.121104,19.859900,0
1,1,24.145825,18.722800,0
1,1,24.174092,20.222000,0
1,1,24.203457,18.279400,0
1,1,24.227490,23.671200,0
1,1,24.249170,19.670900,0
1,1,24.278402,27.033500,0
1,1,24.305350,23.353500,0
1,1,24.327969,22.761800,0
1,1,24.355840,23.673800,0
1,1,24.380492,20.283900,0
1,1,24.406839,21.547000,0
1,1,24.436475,19.331200,0
1,1,24.458853,17.692200,0
1,1,24.483708,16.018700,0
1,1,24.511443,27.167400,0
1,1,24.538609,21.016200,0
1,1,24.564199,22.208700,0
1,1,24.594686,27.478800,0
1,1,24.622851,18.644600,0
1,1,24.650591,20.929400,0
1,1,24.678111,26.687300,0
1,1,24.706739,17.860900,0
1,1,24.731114,24.361100,0
1,1,24.758050,26.158800,0
1,1,24.787739,20.653200,0
1,1,24.814551,19.025600,0
1,1,24.843201,20.048700,0
1,1,24.872968,22.239000,0
1,1,24.898783,27.454900,0
1,1,24.930207,20.697400,0
1,1,24.958493,30.215100,0
1,1,24.984425,20.316700,0
1,1,25.012004,24.449500,0
1,1,25.040642,21.594000,0
1,1,25.070898,20.999300,0
1,1,25.094788,19.876000,0
1,1,25.123381,22.938600,0
1,1,25.146826,15.879400,0
1,1,25.173432,25.523800,0
1,1,25.196596,21.103000,0
1,1,25.228498,26.901300,0
1,1,25.257551,20.844200,0
1,1,25.283119,21.097500,0
1,1,25.309845,26.971600,0
1,1,25.337202,14.333900,0
1,1,25.362561,22.479000,0
1,1,25.391852,22.608200,0
1,1,25.413413,19.323600,0
1,1,25.443059,22.728800,0
1,1,25.464762,15.524000,0
1,1,25.493239,26.845700,0
1,1,25.518401,19.852400,0
1,1,25.544054,22.143300,0
1,1,25.571886,21.067900,0
1,1,25.595027,25.474700,0
1,1,25.625251,25.441100,0
1,1,25.647167,19.583000,0
1,1,25.678058,27.261500,0
1,1,25.703978,21.267400,0
1,1,25.726308,24.680200,0
1,1,25.754537,20.558400,0
1,1,25.776538,25.175300,0
1,1,25.805326,21.996000,0
1,1,25.827769,23.524500,0
1,1,25.856866,19.466700,0
1,1,25.884002,20.611200,0
1,1,25.907916,26.591600,0
1,1,25.936692,14.873400,0
1,1,25.959855,17.240700,0
1,1,25.988497,17.302000,0
1,1,26.012814,25.624200,0
1,1,26.039902,26.148100,0
1,1,26.065594,21.933600,0
1,1,26.090122,20.748500,0
1,1,26.113761,20.958300,0
1,1,26.141984,21.088800,0
1,1,26.170607,19.722200,0
1,1,26.194466,24.438200,0
1,1,26.221685,21.165400,0
1,1,26.243637,20.947800,0
1,1,26.272368,25.700100,0
1,1,26.295308,21.437300,0
1,1,26.322208,17.007300,0
1,1,26.346725,20.776900,0
1,1,26.375676,24.241800,0
1,1,26.402473,13.795100,0
1,1,26.426989,23.936700,0
1,1,26.453946,20.229800,0
1,1,26.477655,24.473600,0
1,1,26.504461,20.231700,0
1,1,26.527761,20.813600,0
1,1,26.556059,20.286500,0
1,1,26.578410,22.113800,0
1,1,26.605287,19.704900,0
1,1,26.628238,19.325100,0
1,1,26.652693,19.815100,0
1,1,26.679647,21.656100,0
1,1,26.703191,21.199500,0
1,1,26.730560,22.249100,0
1,1,26.757138,24.299100,0
1,1,26.780027,20.251200,0
1,1,26.808519,22.889100,0
1,1,26.836728,18.668600,0
1,1,26.860484,19.577600,0
1,1,26.887742,19.862100,0
1,1,26.911179,18.392600,0
1,1,26.937509,22.491100,0
1,1,26.960641,16.996400,0
1,1,26.987898,22.013100,0
1,1,27.010137,19.097100,0
1,1,27.037085,20.904700,0
1,1,27.061162,24.524400,0
1,1,27.088680,18.467800,0
1,1,27.113196,26.572100,0
1,1,27.140501,20.341500,0
1,1,27.168091,20.063500,0
1,1,27.193368,26.435000,0
1,1,27.222411,17.573500,0
1,1,27.247068,24.078200,0
1,1,27.273779,22.209900,0
1,1,27.296759,19.143800,0
1,1,27.323862,26.078600,0
1,1,27.347337,19.547600,0
1,1,27.376077,27.558800,0
1,1,27.404273,15.457300,0
1,1,27.429237,15.345700,0
1,1,27.455548,21.228400,0
1,1,27.482800,18.747400,0
1,1,27.502407,19.082900,0
1,1,27.529468,25.711800,0
1,1,27.557501,20.323800,0
1,1,27.580837,17.016900,0
1,1,27.611471,26.608000,0
1,1,27.632346,20.801700,0
1,1,27.660753,16.810800,0
1,1,27.691298,16.674200,0
1,1,27.713251,21.248300,0
1,1,27.744021,26.018900,0
1,1,27.772745,14.919600,0
1,1,27.795388,19.411800,0
1,1,27.823156,23.344700,0
1,1,27.852482,20.418700,0
1,1,27.878016,26.434000,0
1,1,27.906526,21.414200,0
1,1,27.933062,21.578800,0
1,1,27.961254,24.252700,0
1,1,27.990326,22.871500,0
1,1,28.012832,20.007900,0
1,1,28.042354,26.057500,0
1,1,28.065855,22.675000,0
1,1,28.095671,25.971800,0
1,1,28.123964,21.734600,0
1,1,28.147899,20.785900,0
1,1,28.175323,26.635400,0
1,1,28.197770,14.980400,0
1,1,28.226778,23.257300,0
1,1,28.254115,19.587800,0
1,1,28.276475,18.676000,0
1,1,28.303843,16.993100,0
1,1,28.325899,18.408700,0
1,1,28.354511,21.600400,0
1,1,28.377908,19.184600,0
1,1,28.406028,22.288400,0
1,1,28.427874,20.262100,0
1,1,28.455275,22.729700,0
1,1,28.477871,20.761400,0
1,1,28.505239,21.274100,0
1,1,28.528254,17.815900,0
1,1,28.555197,26.086200,0
1,1,28.577792,18.982200,0
1,1,28.601268,21.201200,0
1,1,28.630334,26.120100,0
1,1,28.660509,24.960600,0
1,1,28.683699,21.716300,0
1,1,28.712135,22.424800,0
1,1,28.739660,19.502500,0
1,1,28.764063,22.803700,0
1,1,28.792718,18.424800,0
1,1,28.820622,22.508100,0
1,1,28.845072,24.831800,0
1,1,28.871702,18.966400,0
1,1,28.896276,23.599000,0
1,1,28.923286,21.233000,0
1,1,28.947177,16.456700,0
1,1,28.975720,24.774500,0
1,1,28.997764,19.573800,0
1,1,29.026736,25.702500,0
1,1,29.051500,22.544200,0
1,1,29.077291,21.149400,0
1,1,29.104408,19.818800,0
1,1,29.127339,20.587900,0
1,1,29.156477,25.898200,0
1,1,29.181028,23.462600,0
1,1,29.209750,19.413600,0
1,1,29.232035,22.439100,0
1,1,29.258444,21.005200,0
1,1,29.282181,22.010600,0
1,1,29.311261,23.391400,0
1,1,29.338418,22.209400,0
1,1,29.363984,22.355000,0
1,1,29.391144,19.476400,0
1,1,29.418440,21.776000,0
1,1,29.443841,20.341600,0
1,1,29.468683,19.554800,0
1,1,29.495004,27.581600,0
1,1,29.522937,19.296300,0
1,1,29.544644,25.301500,0
1,1,29.573806,23.687000,0
1,1,29.597679,18.643000,0
1,1,29.626066,24.544900,0
1,1,29.653840,17.802200,0
1,1,29.677895,26.074600,0
1,1,29.704780,19.341200,0
1,1,29.728118,19.338200,0
1,1,29.752846,18.933400,0
1,1,29.778309,19.455500,0
1,1,29.804905,21.429700,0
1,1,29.827841,19.265000,0
1,1,29.854874,18.199300,0
1,1,29.878037,25.019000,0
1,1,29.904875,19.822700,0
1,1,29.928185,20.789900,0
1,1,29.956611,25.669200,0
1,1,29.987011,20.238100,0
1,1,30.011878,19.300400,0
1,1,30.039630,21.850200,0
1,1,30.062551,21.075100,0
1,1,30.091153,19.616500,0
1,1,30.111790,18.409500,0
1,1,30.138349,20.916200,0
1,1,30.161746,21.736000,0
1,1,30.188641,22.234400,0
1,1,30.213475,24.918800,0
1,1,30.242239,24.752900,0
1,1,30.271149,22.668700,0
1,1,30.294290,25.140000,0
1,1,30.323767,21.524900,0
1,1,30.350119,22.488800,0
1,1,30.374163,23.756300,0
1,1,30.397181,19.611000,0
1,1,30.425757,21.384300,0
1,1,30.448390,15.670200,0
1,1,30.476103,21.027900,0
1,1,30.503409,19.497000,0
1,1,30.526345,17.281900,0
1,1,30.553832,16.722000,0
1,1,30.577171,22.518600,0
1,1,30.604697,19.412800,0
1,1,30.628222,27.238300,0
1,1,30.656043,19.658600,0
1,1,30.678941,18.055300,0
1,1,30.703053,21.140800,0
1,1,30.728285,18.330100,0
1,1,30.755713,20.914900,0
1,1,30.778687,22.963800,0
1,1,30.806493,22.754000,0
1,1,30.829276,20.788500,0
1,1,30.857711,23.152700,0
1,1,30.880816,23.501000,0
1,1,30.908650,21.935200,0
1,1,30.937915,16.142100,0
1,1,30.960979,25.658900,0
1,1,30.985018,22.381700,0
1,1,31.010074,18.296900,0
1,1,31.034959,20.801100,0
1,1,31.059924,20.510300,0
1,1,31.085798,15.166000,0
1,1,31.112024,25.280500,0
1,1,31.138689,21.323400,0
1,1,31.161989,24.456600,0
1,1,31.188860,19.705100,0
1,1,31.211224,16.893600,0
1,1,31.239437,19.901500,0
1,1,31.261737,19.093600,0
1,1,31.288867,21.769100,0
1,1,31.311885,20.608500,0
1,1,31.339006,19.359300,0
1,1,31.361993,22.579300,0
1,1,31.388756,21.309000,0
1,1,31.412965,20.585600,0
1,1,31.441371,25.054100,0
1,1,31.470299,17.824900,0
1,1,31.494214,20.369900,0
1,1,31.519251,22.247300,0
1,1,31.544361,21.540500,0
1,1,31.572622,17.123300,0
1,1,31.596682,24.272800,0
1,1,31.623625,21.582400,0
1,1,31.647493,21.639700,0
1,1,31.676080,26.839200,0
1,1,31.700390,17.053100,0
1,1,31.729292,27.367700,0
1,1,31.758982,23.861600,0
1,1,31.786996,14.738500,0
1,1,31.809979,25.931500,0
1,1,31.838958,23.834200,0
1,1,31.862804,24.930300,0
1,1,31.892847,20.753900,0
1,1,31.918803,25.911600,0
1,1,31.944785,20.956600,0
1,1,31.973460,22.153900,0
1,1,31.996629,26.107700,0
1,1,32.025310,25.891900,0
1,1,32.048570,20.612500,0
1,1,32.077633,22.167300,0
1,1,32.105852,18.776800,0
1,1,32.129508,24.668900,0
1,1,32.158604,19.952000,0
1,1,32.180808,25.781100,0
1,1,32.208195,20.408000,0
1,1,32.233661,20.556300,0
1,1,32.260980,24.753300,0
1,1,32.285567,20.128700,0
1,1,32.310478,24.336100,0
1,1,32.339028,21.233800,0
1,1,32.361661,24.060400,0
1,1,32.388643,20.495400,0
1,1,32.412084,20.798300,0
1,1,32.438753,20.049600,0
1,1,32.461710,18.160800,0
1,1,32.488234,20.149800,0
1,1,32.511248,20.251100,0
1,1,32.542220,15.433000,0
1,1,32.561877,20.916100,0
1,1,32.589340,24.038900,0
1,1,32.612355,25.152400,0
1,1,32.639086,21.210500,0
1,1,32.662570,19.640000,0
1,1,32.689694,19.709700,0
1,1,32.713749,18.339900,0
1,1,32.741601,25.867400,0
1,1,32.764218,19.261800,0
1,1,32.792057,24.497100,0
1,1,32.815263,17.796300,0
1,1,32.843110,26.956500,0
1,1,32.871603,21.414600,0
1,1,32.895559,25.877100,0
1,1,32.922465,21.160200,0
1,1,32.944030,19.684100,0
1,1,32.972583,20.513600,0
1,1,32.996090,21.837300,0
1,1,33.022915,21.223400,0
1,1,33.045697,23.507000,0
1,1,33.072000,20.740900,0
1,1,33.096336,25.113500,0
1,1,33.123252,23.721700,0
1,1,33.146484,18.423900,0
1,1,33.174159,19.925900,0
1,1,33.197748,24.253100,0
1,1,33.223827,19.335300,0
1,1,33.246938,19.339000,0
1,1,33.273274,23.159100,0
1,1,33.296881,18.551200,0
1,1,33.324505,22.645600,0
1,1,33.348496,23.015700,0
1,1,33.377427,28.028500,0
1,1,33.405374,16.764700,0
1,1,33.428055,23.717200,0
1,1,33.450017,18.368400,0
1,1,33.478266,23.395900,0
1,1,33.506897,25.131700,0
1,1,33.529789,19.622000,0
1,1,33.556732,19.878100,0
1,1,33.580022,19.098300,0
1,1,33.609735,24.881200,0
1,1,33.632187,19.271000,0
1,1,33.660447,26.481500,0
1,1,33.689261,22.208400,0
1,1,33.712446,24.367300,0
1,1,33.740869,20.324900,0
1,1,33.763563,18.606800,0
1,1,33.789928,22.182400,0
1,1,33.812273,23.307200,0
1,1,33.839814,19.434600,0
1,1,33.862103,19.778100,0
1,1,33.889535,21.072100,0
1,1,33.913078,17.915400,0
1,1,33.941570,19.855400,0
1,1,33.963375,17.860300,0
1,1,33.991650,24.759800,0
1,1,34.014769,20.592300,0
1,1,34.043682,26.385100,0
1,1,34.072903,20.667100,0
1,1,34.095711,25.456000,0
1,1,34.124422,20.375500,0
1,1,34.147484,21.816800,0
1,1,34.175012,25.531500,0
1,1,34.197456,17.799100,0
1,1,34.225824,24.467500,0
1,1,34.255371,17.398100,0
1,1,34.278491,17.526400,0
1,1,34.303306,21.719400,0
1,1,34.328446,25.837600,0
1,1,34.355432,21.324400,0
1,1,34.378351,25.080600,0
1,1,34.405662,21.652300,0
1,1,34.429951,25.679700,0
1,1,34.456815,24.351700,0
1,1,34.479546,17.296600,0
1,1,34.507088,23.166800,0
1,1,34.530874,22.832700,0
1,1,34.560060,27.116600,0
1,1,34.583772,18.610700,0
1,1,34.611625,20.394100,0
1,1,34.633237,19.523400,0
1,1,34.664023,28.061800,0
1,1,34.691961,24.107500,0
1,1,34.714772,18.938500,0
1,1,34.743940,26.285000,0
1,1,34.773068,18.147400,0
1,1,34.795575,25.561900,0
1,1,34.821384,22.022500,0
1,1,34.847870,20.691200,0
1,1,34.875501,25.915100,0
1,1,34.898506,18.568200,0
1,1,34.927558,27.095100,0
1,1,34.954860,16.449500,0
1,1,34.978047,26.910700,0
1,1,35.003250,19.056100,0
1,1,35.029483,21.052400,0
1,1,35.056061,21.364700,0
1,1,35.081400,25.168500,0
1,1,35.109018,20.671200,0
1,1,35.130209,19.669700,0
1,1,35.158382,26.106400,0
1,1,35.181806,22.708500,0
1,1,35.209879,27.035700,0
1,1,35.237131,21.054600,0
1,1,35.262369,24.297600,0
1,1,35.288782,20.871700,0
1,1,35.312213,25.683500,0
1,1,35.340712,25.151400,0
1,1,35.364231,19.093000,0
1,1,35.393042,24.815500,0
1,1,35.418213,17.077300,0
1,1,35.442150,27.091300,0
1,1,35.465256,18.019300,0
1,1,35.491794,21.697200,0
1,1,35.514895,18.749300,0
1,1,35.541639,26.854600,0
1,1,35.564973,20.777400,0
1,1,35.595398,27.020000,0
1,1,35.617297,20.224200,0
1,1,35.645126,22.984800,0
1,1,35.668700,19.131100,0
1,1,35.696122,23.960200,0
1,1,35.722865,20.847500,0
1,1,35.746848,19.242200,0
1,1,35.775638,19.645800,0
1,1,35.799052,24.089000,0
1,1,35.826212,18.590700,0
1,1,35.852039,19.053200,0
1,1,35.879580,24.332400,0
1,1,35.903385,17.571900,0
1,1,35.927222,20.943100,0
1,1,35.952474,17.708700,0
1,1,35.980477,17.273600,0
1,1,36.009753,22.007500,0
1,1,36.038983,14.909900,0
1,1,36.064431,25.827400,0
1,1,36.094002,28.624600,0
1,1,36.123176,21.073600,0
1,1,36.145498,21.437300,0
1,1,36.172797,18.946500,0
1,1,36.195276,17.169400,0
1,1,36.223153,21.190600,0
1,1,36.246601,20.778900,0
1,1,36.274054,19.202900,0
1,1,36.298866,22.863500,0
1,1,36.325557,20.390600,0
1,1,36.352292,21.134500,0
1,1,36.378188,29.009100,0
1,1,36.405620,21.020900,0
1,1,36.429581,24.979900,0
1,1,36.456012,22.485600,0
1,1,36.478782,19.292900,0
1,1,36.506324,23.224500,0
1,1,36.529119,25.115200,0
1,1,36.553470,20.024600,0
1,1,36.579477,21.746800,0
1,1,36.607380,26.778400,0
1,1,36.629842,18.260300,0
1,1,36.659608,19.955700,0
1,1,36.683552,21.787700,0
1,1,36.710462,27.390400,0
1,1,36.735938,16.620200,0
1,1,36.760436,20.846300,0
1,1,36.784436,20.824800,0
1,1,36.812818,24.384200,0
1,1,36.837075,21.329800,0
1,1,36.862824,24.105200,0
1,1,36.889744,21.410000,0
1,1,36.912801,25.438200,0
1,1,36.940481,22.024000,0
1,1,36.963125,26.495000,0
1,1,36.990313,21.096900,0
1,1,37.014121,23.790600,0
1,1,37.041089,19.461800,0
1,1,37.064173,20.449100,0
1,1,37.090614,23.140700,0
1,1,37.112981,20.927600,0
1,1,37.140658,22.223500,0
1,1,37.164641,25.959400,0
1,1,37.192621,25.330500,0
1,1,37.216650,18.328800,0
1,1,37.244490,25.401300,0
1,1,37.272194,20.607600,0
1,1,37.295198,24.297600,0
1,1,37.319641,18.821600,0
1,1,37.345991,26.192900,0
1,1,37.374386,22.754800,0
1,1,37.397387,19.356300,0
1,1,37.423945,21.682200,0
1,1,37.446458,19.639100,0
1,1,37.470640,20.517800,0
1,1,37.496753,26.098100,0
1,1,37.522710,20.935300,0
1,1,37.545073,20.550300,0
1,1,37.577543,19.584200,0
1,1,37.598383,22.739800,0
1,1,37.626389,22.084300,0
1,1,37.652004,23.090800,0
1,1,37.679765,26.562500,0
1,1,37.706441,23.594300,0
1,1,37.729734,20.613800,0
1,1,37.757110,23.157700,0
1,1,37.779528,20.322500,0
1,1,37.808364,20.718800,0
1,1,37.831941,20.657400,0
1,1,37.859615,27.767300,0
1,1,37.884852,17.333300,0
1,1,37.911190,28.805800,0
1,1,37.939947,20.683800,0
1,1,37.962709,24.064300,0
1,1,37.990588,20.935200,0
1,1,38.012872,19.360600,0
1,1,38.042980,23.501700,0
1,1,38.066092,20.763300,0
1,1,38.092600,27.226100,0
1,1,38.116065,20.505000,0
1,1,38.144010,26.019500,0
1,1,38.171980,20.317700,0
1,1,38.194806,24.097200,0
1,1,38.219984,20.926100,0
1,1,38.245546,22.835800,0
1,1,38.268225,21.478400,0
1,1,38.297365,25.889100,0
1,1,38.325771,25.770100,0
1,1,38.348900,19.668500,0
1,1,38.375761,22.999400,0
1,1,38.403543,22.008700,0
1,1,38.426856,18.229500,0
1,1,38.455252,19.346900,0
1,1,38.479492,25.764600,0
1,1,38.507605,22.706400,0
1,1,38.532281,25.507900,0
1,1,38.561228,29.634000,0
1,1,38.588039,20.405200,0
1,1,38.611462,18.685200,0
1,1,38.642405,19.667300,0
1,1,38.665278,24.684300,0
1,1,38.693953,23.239200,0
1,1,38.716540,19.898900,0
1,1,38.745163,23.891700,0
1,1,38.770176,21.118600,0
1,1,38.795308,25.251400,0
1,1,38.823929,19.819900,0
1,1,38.846535,21.591600,0
1,1,38.874626,22.402700,0
1,1,38.897831,21.342500,0
1,1,38.924823,22.605800,0
1,1,38.949111,19.095800,0
1,1,38.976923,25.621600,0
1,1,39.005113,19.995400,0
1,1,39.030704,27.955100,0
1,1,39.057326,18.922200,0
1,1,39.080127,24.099200,0
1,1,39.107875,16.717500,0
1,1,39.132619,20.448300,0
1,1,39.153713,17.363000,0
1,1,39.169894,15.282300,0
1,1,39.186832,15.802100,0
1,1,39.203330,14.258500,0
1,1,39.220011,14.740500,0
1,1,39.242626,17.362900,0
1,1,39.265323,20.359900,0
1,1,39.293441,25.142000,0
1,1,39.320855,16.478100,0
1,1,39.346804,26.359200,0
1,1,39.370847,22.210800,0
1,1,39.396252,20.736200,0
1,1,39.423545,21.116100,0
1,1,39.447754,17.062500,0
1,1,39.476672,21.720600,0
1,1,39.499437,22.700400,0
1,1,39.528125,28.612000,0
1,1,39.556373,19.266600,0
1,1,39.580511,25.328000,0
1,1,39.609045,18.643900,0
1,1,39.631746,24.037400,0
1,1,39.656836,21.498800,0
1,1,39.690839,21.669600,0
1,1,39.714226,27.333000,0
1,1,39.744472,23.282400,0
1,1,39.769311,21.095100,0
1,1,39.797590,28.119800,0
1,1,39.829119,22.966300,0
1,1,39.856601,24.978900,0
1,1,39.879992,18.965800,0
1,1,39.907887,15.882900,0
1,1,39.934415,27.933100,0
1,1,39.962850,28.337400,0
1,1,39.986001,17.565600,0
1,1,40.016793,22.268800,0
1,1,40.046919,22.046400,0
1,1,40.069717,20.198000,0
1,1,40.108390,25.374400,0
1,1,40.132182,25.196200,0
1,1,40.161094,24.926300,0
1,1,40.189691,20.105600,0
1,1,40.213325,24.293900,0
1,1,40.242549,21.951800,0
1,1,40.267244,23.937100,0
1,1,40.293634,24.598600,0
1,1,40.320981,19.198000,0
1,1,40.346576,24.369300,0
1,1,40.374967,18.707800,0
1,1,40.398185,19.875700,0
1,1,40.425128,21.199600,0
1,1,40.448343,23.006300,0
1,1,40.476214,22.411000,0
1,1,40.498947,24.653400,0
1,1,40.526584,25.797000,0
1,1,40.549875,20.630800,0
1,1,40.576258,23.568200,0
1,1,40.599964,18.493900,0
1,1,40.627092,22.072000,0
1,1,40.650619,19.337100,0
1,1,40.679064,32.237300,0
1,1,40.702154,17.456700,0
1,1,40.730983,24.481400,0
1,1,40.754410,19.534600,0
1,1,40.780420,25.924600,0
1,1,40.807361,20.882500,0
1,1,40.830688,20.605600,0
1,1,40.856753,20.827600,0
1,1,40.879662,23.767000,0
1,1,40.902153,19.313800,0
1,1,40.930123,20.996600,0
1,1,40.954911,17.862100,0
1,1,40.980007,19.947400,0
1,1,41.007143,22.399100,0
1,1,41.030688,19.318000,0
1,1,41.059097,24.142000,0
1,1,41.081667,18.945000,0
1,1,41.108453,21.324500,0
1,1,41.132269,20.606700,0
1,1,41.161153,20.173300,0
1,1,41.183141,18.656600,0
1,1,41.210394,26.434600,0
1,1,41.240639,18.452700,0
1,1,41.262287,26.963700,0
1,1,41.286879,18.387300,0
1,1,41.312453,23.984800,0
1,1,41.341548,19.708400,0
1,1,41.363622,22.269000,0
1,1,41.390411,21.486600,0
1,1,41.414650,24.863100,0
1,1,41.440911,23.625400,0
1,1,41.465331,23.870300,0
1,1,41.492835,24.678200,0
1,1,41.515314,20.440200,0
1,1,41.542471,24.398000,0
1,1,41.565150,18.072300,0
1,1,41.591232,21.722800,0
1,1,41.614810,20.447800,0
1,1,41.642228,22.053700,0
1,1,41.665999,20.693700,0
1,1,41.693397,23.793900,0
1,1,41.720273,21.555000,0
1,1,41.745126,22.980800,0
1,1,41.774465,21.897400,0
1,1,41.798407,26.341400,0
1,1,41.825581,19.573000,0
1,1,41.850109,26.029300,0
1,1,41.878387,26.284400,0
1,1,41.901361,16.120800,0
1,1,41.929428,25.422700,0
1,1,41.957403,22.982600,0
1,1,41.981193,21.884600,0
1,1,42.007233,19.880800,0
1,1,42.030134,19.637100,0
1,1,42.056825,18.754800,0
1,1,42.079372,23.724700,0
1,1,42.103477,16.801800,0
1,1,42.129004,25.365600,0
1,1,42.157881,19.941900,0
1,1,42.180091,28.894200,0
1,1,42.207489,21.747900,0
1,1,42.229572,19.304000,0
1,1,42.256894,18.393600,0
1,1,42.279323,24.685500,0
1,1,42.306765,21.639800,0
1,1,42.330475,18.217400,0
1,1,42.356979,19.702600,0
1,1,42.381102,24.388100,0
1,1,42.409771,29.729200,0
1,1,42.432498,17.720600,0
1,1,42.460437,25.480800,0
1,1,42.489653,19.981100,0
1,1,42.512523,25.899000,0
1,1,42.535517,22.642000,0
1,1,42.563685,23.444400,0
1,1,42.590548,20.218700,0
1,1,42.617548,18.566800,0
1,1,42.641002,20.063100,0
1,1,42.667133,27.289800,0
1,1,42.690354,22.148100,0
1,1,42.713535,24.103000,0
1,1,42.742139,19.475100,0
1,1,42.764989,25.732500,0
1,1,42.791503,19.936900,0
1,1,42.815646,18.967200,0
1,1,42.843589,26.974200,0
1,1,42.866266,18.712100,0
1,1,42.893032,22.284700,0
1,1,42.916544,19.139100,0
1,1,42.943848,25.874600,0
1,1,42.967202,19.152400,0
1,1,42.995302,25.929100,0
1,1,43.022986,19.706100,0
1,1,43.045722,26.113000,0
1,1,43.075562,19.207500,0
1,1,43.098117,26.559300,0
1,1,43.124471,22.180100,0
1,1,43.148077,20.640800,0
1,1,43.175901,25.771000,0
1,1,43.198670,19.139500,0
1,1,43.225494,18.166400,0
1,1,43.249553,20.516500,0
1,1,43.275885,20.006900,0
1,1,43.298706,21.418700,0
1,1,43.325226,23.438100,0
1,1,43.348660,23.305400,0
1,1,43.375350,18.510000,0
1,1,43.398906,19.438200,0
1,1,43.425988,20.121000,0
1,1,43.448703,23.440600,0
1,1,43.477095,20.467900,0
1,1,43.499964,17.891100,0
1,1,43.529064,21.157700,0
1,1,43.554496,17.278400,0
1,1,43.580315,20.587600,0
1,1,43.608641,17.244200,0
1,1,43.632806,18.728100,0
1,1,43.663952,25.458200,0
1,1,43.692625,22.936800,0
1,1,43.715726,23.333100,0
1,1,43.745397,26.221500,0
1,1,43.774354,15.702800,0
1,1,43.799583,18.790500,0
1,1,43.829535,22.488900,0
1,1,43.859172,23.686800,0
1,1,43.882106,18.091000,0
1,1,43.912157,28.146600,0
1,1,43.941947,18.085000,0
1,1,43.964682,21.791900,0
1,1,43.991950,23.787800,0
1,1,44.020896,17.649000,0
1,1,44.044967,22.564600,0
1,1,44.074293,22.463500,0
1,1,44.100224,22.962600,0
1,1,44.128418,27.327600,0
1,1,44.153670,17.303600,0
1,1,44.181199,25.573400,0
1,1,44.207669,21.319000,0
1,1,44.230804,20.067100,0
1,1,44.257828,20.981600,0
1,1,44.280466,18.167900,0
1,1,44.307616,21.437300,0
1,1,44.330263,19.488700,0
1,1,44.357598,21.564400,0
1,1,44.380437,19.565900,0
1,1,44.410128,25.408800,0
1,1,44.433170,20.768700,0
1,1,44.462542,23.433800,0
1,1,44.490801,16.934100,0
1,1,44.514315,19.528100,0
1,1,44.542215,21.588100,0
1,1,44.564829,19.867200,0
1,1,44.593111,20.741400,0
1,1,44.615857,20.204000,0
1,1,44.645450,26.345800,0
1,1,44.671562,20.357600,0
1,1,44.698214,28.848100,0
1,1,44.725753,20.390000,0
1,1,44.750708,23.048800,0
1,1,44.777420,24.290400,0
1,1,44.804693,20.593600,0
1,1,44.829641,23.711000,0
1,1,44.859160,19.952700,0
1,1,44.881736,19.705100,0
1,1,44.910643,26.573500,0
1,1,44.939894,18.154100,0
1,1,44.963007,19.651200,0
1,1,44.990675,21.373700,0
1,1,45.013512,20.852000,0
1,1,45.037838,20.084300,0
1,1,45.064169,28.150200,0
1,1,45.088184,20.040900,0
1,1,45.113922,20.025200,0
1,1,45.141439,22.373700,0
1,1,45.165650,25.244100,0
1,1,45.193100,26.961100,0
1,1,45.217633,21.750300,0
1,1,45.244675,27.278500,0
1,1,45.268927,17.034600,0
1,1,45.297220,32.119100,0
1,1,45.323782,19.936600,0
1,1,45.349539,19.805300,0
1,1,45.375331,27.037100,0
1,1,45.399315,20.206600,0
1,1,45.427647,22.557500,0
1,1,45.452053,21.946900,0
1,1,45.477054,25.507400,0
1,1,45.502818,19.619100,0
1,1,45.532332,26.974500,0
1,1,45.560607,21.005300,0
1,1,45.583026,25.962500,0
1,1,45.611466,19.577300,0
1,1,45.634629,20.271900,0
1,1,45.661493,22.598300,0
1,1,45.690945,20.321700,0
1,1,45.716359,20.641400,0
1,1,45.742902,19.830900,0
1,1,45.766599,21.421400,0
1,1,45.793516,21.751200,0
1,1,45.815583,22.622700,0
1,1,45.842532,20.225200,0
1,1,45.867253,25.134600,0
1,1,45.894536,22.491900,0
1,1,45.925396,21.126000,0
1,1,45.948339,24.082500,0
1,1,45.975653,23.039900,0
1,1,45.999812,20.954600,0
1,1,46.026706,19.797100,0
1,1,46.048959,20.227600,0
1,1,46.076015,21.057700,0
1,1,46.098516,20.860800,0
1,1,46.126764,24.041500,0
1,1,46.149907,19.027100,0
1,1,46.179326,25.781800,0
1,1,46.201520,20.878900,0
1,1,46.229517,20.529400,0
1,1,46.257151,22.437200,0
1,1,46.281201,24.897600,0
1,1,46.307744,22.312600,0
1,1,46.331809,25.090300,0
1,1,46.358445,20.205300,0
1,1,46.380725,24.048000,0
1,1,46.408799,20.259100,0
1,1,46.430919,19.209900,0
1,1,46.458989,20.947100,0
1,1,46.481684,18.931100,0
1,1,46.509131,20.352200,0
1,1,46.533273,26.080400,0
1,1,46.560487,25.554900,0
1,1,46.584342,20.320300,0
1,1,46.611305,28.161700,0
1,1,46.638215,17.051800,0
1,1,46.665195,22.548300,0
1,1,46.692253,20.556400,0
1,1,46.714713,24.783000,0
1,1,46.742252,20.222300,0
1,1,46.764746,16.717700,0
1,1,46.793522,21.965700,0
1,1,46.818168,19.668900,0
1,1,46.844880,23.343900,0
1,1,46.868060,20.460200,0
1,1,46.894659,23.474300,0
1,1,46.917999,19.548700,0
1,1,46.946014,21.792000,0
1,1,46.968615,19.531500,0
1,1,46.997038,23.143700,0
1,1,47.024237,21.064500,0
1,1,47.046894,24.537800,0
1,1,47.072125,17.028300,0
1,1,47.098386,21.121500,0
1,1,47.127142,27.401800,0
1,1,47.149776,17.974500,0
1,1,47.178030,23.944000,0
1,1,47.205381,20.525100,0
1,1,47.228039,20.744000,0
1,1,47.256924,21.958400,0
1,1,47.280518,22.647500,0
1,1,47.308493,21.199600,0
1,1,47.332054,19.410000,0
1,1,47.359783,19.608600,0
1,1,47.382945,23.814700,0
1,1,47.410724,23.532900,0
1,1,47.433922,24.484600,0
1,1,47.462583,25.551100,0
1,1,47.484421,18.398900,0
1,1,47.512479,25.283300,0
1,1,47.537705,19.572000,0
1,1,47.563694,23.984600,0
1,1,47.594204,18.380600,0
1,1,47.617925,26.103300,0
1,1,47.645243,25.803300,0
1,1,47.673871,20.166600,0
1,1,47.697937,26.234600,0
1,1,47.729050,28.581100,0
1,1,47.758705,15.410400,0
1,1,47.784380,23.542800,0
1,1,47.814533,25.990700,0
1,1,47.843055,17.435900,0
1,1,47.866579,25.371400,0
1,1,47.895988,27.022700,0
1,1,47.925682,19.432600,0
1,1,47.950702,18.155500,0
1,1,47.979664,22.513000,0
1,1,48.007817,13.829600,0
1,1,48.031054,22.224700,0
1,1,48.061845,26.783000,0
1,1,48.084477,18.140600,0
1,1,48.111876,25.944500,0
1,1,48.142505,22.753100,0
1,1,48.167098,22.609900,0
1,1,48.196663,21.582800,0
1,1,48.226615,18.642300,0
1,1,48.250415,25.055700,0
1,1,48.279751,20.374800,0
1,1,48.302616,21.317000,0
1,1,48.331281,26.784800,0
1,1,48.353001,20.349600,0
1,1,48.382261,25.648100,0
1,1,48.410909,23.340000,0
1,1,48.441185,22.156700,0
1,1,48.466864,24.597000,0
1,1,48.494013,21.577600,0
1,1,48.517421,20.841900,0
1,1,48.545804,24.595500,0
1,1,48.572864,13.728600,0
1,1,48.598783,22.014700,0
1,1,48.627453,22.561200,0
1,1,48.652013,20.569500,0
1,1,48.682873,20.283400,0
1,1,48.712004,30.171600,0
1,1,48.735197,18.677100,0
1,1,48.761566,25.821400,0
1,1,48.787384,22.022500,0
1,1,48.814782,26.096700,0
1,1,48.841817,20.783300,0
1,1,48.864360,19.153000,0
1,1,48.893522,23.428900,0
1,1,48.915555,24.245000,0
1,1,48.944367,24.516800,0
1,1,48.969081,19.433900,0
1,1,48.998229,22.096300,0
1,1,49.025554,22.732800,0
1,1,49.047570,18.399100,0
1,1,49.075128,21.571200,0
1,1,49.099042,19.647300,0
1,1,49.119738,20.844200,0
1,1,49.149044,23.662200,0
1,1,49.176438,24.244600,0
1,1,49.200829,23.102500,0
1,1,49.229626,26.391000,0
1,1,49.257185,21.234100,0
1,1,49.279781,24.086900,0
1,1,49.308887,20.899500,0
1,1,49.331976,18.396100,0
1,1,49.359405,20.086700,0
1,1,49.382170,19.418700,0
1,1,49.410915,27.383500,0
1,1,49.434248,19.061600,0
1,1,49.462243,21.567200,0
1,1,49.491891,20.676400,0
1,1,49.516784,26.062400,0
1,1,49.544875,21.650700,0
1,1,49.570948,27.723700,0
1,1,49.596427,23.675600,0
1,1,49.619600,18.761700,0
1,1,49.648580,25.298400,0
1,1,49.677966,26.702100,0
1,1,49.703221,18.175100,0
1,1,49.730186,25.039800,0
1,1,49.758620,16.852200,0
1,1,49.781818,25.556000,0
1,1,49.810947,21.765200,0
1,1,49.832477,22.124300,0
1,1,49.861723,20.948500,0
1,1,49.884719,19.638500,0
1,1,49.912510,20.273700,0
1,1,49.935877,21.104100,0
1,1,49.962984,27.124600,0
1,1,49.991688,19.526100,0
1,1,50.014688,28.555400,0
1,1,50.041872,17.714000,0
1,1,50.065515,20.610300,0
1,1,50.093056,25.775600,0
1,1,50.117578,19.701800,0
1,1,50.145602,27.034100,0
1,1,50.175082,19.555900,0
1,1,50.199341,19.816400,0
1,1,50.227952,24.896500,0
1,1,50.250630,20.234000,0
1,1,50.279642,26.359600,0
1,1,50.307929,17.132100,0
1,1,50.331538,24.124100,0
1,1,50.359830,20.191700,0
1,1,50.382728,22.617900,0
1,1,50.411877,21.072600,0
1,1,50.434935,20.416300,0
1,1,50.461459,25.502700,0
1,1,50.485705,19.304100,0
1,1,50.512741,21.406800,0
1,1,50.535797,20.665900,0
1,1,50.564658,15.428300,0
1,1,50.593488,24.710300,0
1,1,50.615621,20.281700,0
1,1,50.643334,22.462700,0
1,1,50.666048,19.698800,0
1,1,50.693891,20.263700,0
1,1,50.717805,19.189200,0
1,1,50.746336,22.087500,0
1,1,50.769213,15.922900,0
1,1,50.797146,26.727800,0
1,1,50.820186,15.398500,0
1,1,50.848138,25.213200,0
1,1,50.870027,19.653900,0
1,1,50.897464,25.907500,0
1,1,50.924732,18.956200,0
1,1,50.948543,18.611300,0
1,1,50.975238,22.805900,0
1,1,50.998685,25.322300,0
1,1,51.022670,19.803000,0
1,1,51.048683,21.815400,0
1,1,51.076499,25.778600,0
1,1,51.099829,20.058600,0
1,1,51.126454,16.329500,0
1,1,51.149012,20.462300,0
1,1,51.175761,26.593400,0
1,1,51.198649,18.843900,0
1,1,51.225207,19.694700,0
1,1,51.248524,19.503500,0
1,1,51.269633,20.324100,0
1,1,51.298340,25.668700,0
1,1,51.323321,22.794500,0
1,1,51.349063,24.943100,0
1,1,51.375591,20.262800,0
1,1,51.397922,23.630800,0
1,1,51.424938,21.305500,0
1,1,51.447978,25.059000,0
1,1,51.475351,24.990700,0
1,1,51.499619,21.762800,0
1,1,51.527821,20.738300,0
1,1,51.550689,19.092300,0
1,1,51.579349,22.692900,0
1,1,51.601310,18.475900,0
1,1,51.631368,27.022000,0
1,1,51.658398,20.599400,0
1,1,51.683271,26.498500,0
1,1,51.713310,30.827400,0
1,1,51.736603,21.886900,0
1,1,51.766229,22.219200,0
1,1,51.794896,21.850300,0
1,1,51.818004,25.089200,0
1,1,51.847476,25.266100,0
1,1,51.876221,17.743000,0
1,1,51.899943,32.536500,0
1,1,51.928171,20.843900,0
1,1,51.955994,29.651200,0
1,1,51.985973,23.613000,0
1,1,52.015514,29.971200,0
1,1,52.044980,29.007500,0
1,1,52.078105,21.095100,0
1,1,52.101945,22.125500,0
1,1,52.132336,26.561600,0
1,1,52.162935,21.507900,0
1,1,52.194946,27.339800,0
1,1,52.223924,20.411300,0
1,1,52.248979,27.125400,0
1,1,52.278747,29.430100,0
1,1,52.309746,20.561000,0
1,1,52.341903,30.266700,0
1,1,52.367206,26.285800,0
1,1,52.398204,22.116000,0
1,1,52.431252,28.277700,0
1,1,52.462830,24.534200,0
1,1,52.493345,24.577400,0
1,1,52.526558,27.592500,0
1,1,52.552462,29.647900,0
1,1,52.583454,27.773700,0
1,1,52.614770,23.003500,0
1,1,52.650048,21.351100,0
1,1,52.677891,20.498200,0
1,1,52.706125,26.505000,0
1,1,52.738537,22.804500,0
1,1,52.765736,31.057000,0
1,1,52.798146,23.906600,0
1,1,52.820588,29.563600,0
1,1,52.849627,24.681700,0
1,1,52.880021,25.549300,0
1,1,52.911718,20.154200,0
1,1,52.934700,20.429100,0
1,1,52.968473,24.230300,0
1,1,52.999904,29.789300,0
1,1,53.032793,31.973300,0
1,1,53.061995,28.114000,0
1,1,53.085731,21.316300,0
1,1,53.118470,26.781300,0
1,1,53.148642,28.368900,0
1,1,53.178625,21.229800,0
1,1,53.205890,19.846600,0
1,1,53.235519,26.283800,0
1,1,53.269318,23.371100,0
1,1,53.298979,26.992700,0
1,1,53.330975,26.583400,0
1,1,53.360104,23.547100,0
1,1,53.385813,21.500000,0
1,1,53.418642,30.375900,0
1,1,53.451468,30.824600,0
1,1,53.481981,29.302200,0
1,1,53.515947,32.259200,0
1,1,53.548582,31.405900,0
1,1,53.582023,27.208700,0
1,1,53.617440,26.184700,0
1,1,53.650484,32.322200,0
1,1,53.683471,28.378100,0
1,1,53.714440,30.439000,0
1,1,53.744899,25.007200,0
1,1,53.775242,26.373100,0
1,1,53.798989,21.156700,0
1,1,53.829828,24.976300,0
1,1,53.860568,24.123000,0
1,1,53.892156,21.998600,0
1,1,53.916827,31.209000,0
1,1,53.947906,24.426000,0
1,1,53.976784,21.154700,0
1,1,54.001531,25.695000,0
1,1,54.032639,28.522000,0
1,1,54.061918,26.619700,0
1,1,54.091206,24.577800,0
1,1,54.113211,23.674600,0
1,1,54.142087,18.909700,0
1,1,54.164528,30.524500,0
1,1,54.192845,27.191400,0
1,1,54.215090,19.432800,0
1,1,54.246583,21.779800,0
1,1,54.276306,30.335900,0
1,1,54.308418,21.815900,0
1,1,54.342536,28.831700,0
1,1,54.367925,22.596300,0
1,1,54.399151,30.218700,0
1,1,54.423222,18.206100,0
1,1,54.450880,19.115200,0
1,1,54.480430,26.196700,0
1,1,54.508674,18.795900,0
1,1,54.532346,20.660400,0
1,1,54.560163,18.445000,0
1,1,54.582760,23.664400,0
1,1,54.610776,21.420300,0
1,1,54.634147,27.069300,0
1,1,54.664177,21.415100,0
1,1,54.686740,21.125600,0
1,1,54.715597,25.442700,0
1,1,54.744974,21.357600,0
1,1,54.767798,17.531900,0
1,1,54.794547,18.652100,0
1,1,54.817981,18.323300,0
1,1,54.845084,20.574600,0
1,1,54.868789,19.143700,0
1,1,54.897230,28.792500,0
1,1,54.926009,13.986500,0
1,1,54.949722,27.751300,0
1,1,54.976143,18.623900,0
1,1,54.999089,25.235700,0
1,1,55.026251,20.491400,0
1,1,55.048940,22.813700,0
1,1,55.075844,20.127700,0
1,1,55.100656,25.349000,0
1,1,55.128315,26.500100,0
1,1,55.154446,20.466000,0
1,1,55.182134,24.088300,0
1,1,55.208847,22.511700,0
1,1,55.231801,20.911300,0
1,1,55.256318,19.896300,0
1,1,55.282143,26.736600,0
1,1,55.310083,21.616200,0
1,1,55.333654,19.712900,0
1,1,55.361366,23.693100,0
1,1,55.383938,24.352300,0
1,1,55.411153,25.088500,0
1,1,55.436214,20.657900,0
1,1,55.465193,28.151200,0
1,1,55.493714,17.227900,0
1,1,55.516128,23.023800,0
1,1,55.543390,24.100900,0
1,1,55.566424,17.701400,0
1,1,55.595392,19.976600,0
1,1,55.619616,19.405400,0
1,1,55.647052,25.535700,0
1,1,55.671986,15.863500,0
1,1,55.696957,23.002400,0
1,1,55.719532,21.081900,0
1,1,55.747765,26.242000,0
1,1,55.776830,21.290700,0
1,1,55.799401,21.134300,0
1,1,55.826771,19.505100,0
1,1,55.849047,19.290600,0
1,1,55.876392,23.406400,0
1,1,55.899699,23.660900,0
1,1,55.926277,21.108400,0
1,1,55.948866,24.885400,0
1,1,55.975920,19.608600,0
1,1,56.001193,22.167600,0
1,1,56.028115,19.472100,0
1,1,56.057187,19.880000,0
1,1,56.081254,24.766000,0
1,1,56.107933,18.855800,0
1,1,56.131097,19.367800,0
1,1,56.160949,20.271000,0
1,1,56.183781,25.074100,0
1,1,56.210923,28.172700,0
1,1,56.235855,19.660900,0
1,1,56.260678,22.138600,0
1,1,56.282989,17.973800,0
1,1,56.311760,22.911500,0
1,1,56.334858,19.411600,0
1,1,56.361693,22.328200,0
1,1,56.385065,19.525000,0
1,1,56.414027,18.884800,0
1,1,56.442625,16.307500,0
1,1,56.467083,26.823400,0
1,1,56.494337,23.180800,0
1,1,56.517606,21.042200,0
1,1,56.548535,29.432000,0
1,1,56.575145,23.360300,0
1,1,56.598947,20.575000,0
1,1,56.625992,23.728100,0
1,1,56.648446,22.582800,0
1,1,56.676626,20.615200,0
1,1,56.699276,19.568000,0
1,1,56.727554,22.281000,0
1,1,56.757253,23.037600,0
1,1,56.783261,22.697700,0
1,1,56.811229,21.699500,0
1,1,56.835243,25.854000,0
1,1,56.861811,22.937700,0
1,1,56.891896,21.168300,0
1,1,56.916443,25.881900,0
1,1,56.944966,24.973600,0
1,1,56.971677,21.953100,0
1,1,56.997640,22.722400,0
1,1,57.025406,19.591300,0
1,1,57.050873,24.063700,0
1,1,57.078936,22.350400,0
1,1,57.108703,21.342700,0
1,1,57.131814,23.276900,0
1,1,57.158952,20.553800,0
1,1,57.182453,25.573000,0
1,1,57.211014,18.748500,0
1,1,57.234310,26.423300,0
1,1,57.265244,27.439400,0
1,1,57.295899,21.880000,0
1,1,57.324541,26.397100,0
1,1,57.348894,28.703900,0
1,1,57.373791,20.861400,0
1,1,57.398958,21.998700,0
1,1,57.424357,19.693500,0
1,1,57.448855,24.263700,0
1,1,57.475991,21.777800,0
1,1,57.499308,22.677600,0
1,1,57.527384,21.029800,0
1,1,57.550398,20.384300,0
1,1,57.576659,24.212300,0
1,1,57.600846,19.322700,0
1,1,57.627582,23.541600,0
1,1,57.650785,18.931700,0
1,1,57.681654,25.635800,0
1,1,57.710934,19.748300,0
1,1,57.733697,27.481900,0
1,1,57.764073,26.393900,0
1,1,57.784478,22.782400,0
1,1,57.811214,24.659700,0
1,1,57.834133,18.877500,0
1,1,57.862269,25.305400,0
1,1,57.884971,20.593100,0
1,1,57.912610,22.335800,0
1,1,57.935796,17.819700,0
1,1,57.961642,24.845000,0
1,1,57.984269,20.465900,0
1,1,58.012644,19.138400,0
1,1,58.040879,19.122400,0
1,1,58.064658,25.962400,0
1,1,58.092416,21.424000,0
1,1,58.115631,21.500200,0
1,1,58.144262,20.960600,0
1,1,58.167294,25.557800,0
1,1,58.196061,23.953300,0
1,1,58.218623,19.467100,0
1,1,58.245571,25.524400,0
1,1,58.268333,19.006200,0
1,1,58.295226,18.937300,0
1,1,58.320602,22.042100,0
1,1,58.345282,17.047500,0
1,1,58.368741,17.011300,0
1,1,58.397765,26.023400,0
1,1,58.426653,19.847900,0
1,1,58.449407,27.627600,0
1,1,58.478474,20.987000,0
1,1,58.501968,23.793900,0
1,1,58.530514,27.562300,0
1,1,58.557863,17.253500,0
1,1,58.582309,26.124600,0
1,1,58.611676,20.710200,0
1,1,58.634139,24.308300,0
1,1,58.665643,21.011900,0
1,1,58.694473,27.120500,0
1,1,58.717419,20.138300,0
1,1,58.745705,24.755400,0
1,1,58.773720,19.464500,0
1,1,58.798472,25.132300,0
1,1,58.826171,21.841400,0
1,1,58.848779,20.523400,0
1,1,58.875989,20.585000,0
1,1,58.900353,23.675100,0
1,1,58.928367,25.164000,0
1,1,58.950966,21.211100,0
1,1,58.977640,19.218500,0
1,1,59.000944,20.527600,0
1,1,59.028723,22.321300,0
1,1,59.052215,18.974900,0
1,1,59.079033,26.302400,0
1,1,59.102500,19.547300,0
1,1,59.128639,23.330400,0
1,1,59.157853,12.232600,0
1,1,59.182767,19.050800,0
1,1,59.205041,20.313700,0
1,1,59.232970,23.135400,0
1,1,59.260180,21.882500,0
1,1,59.283744,18.174000,0
1,1,59.311714,27.278800,0
1,1,59.336096,14.069800,0
1,1,59.364662,21.785900,0
1,1,59.387278,19.551800,0
1,1,59.415780,27.113500,0
1,1,59.443667,22.595500,0
1,1,59.466152,22.889200,0
1,1,59.494073,19.194200,0
1,1,59.518235,22.040500,0
1,1,59.545141,25.075300,0
1,1,59.574344,17.827900,0
1,1,59.597869,25.782500,0
1,1,59.620776,20.828400,0
1,1,59.649286,26.547900,0
1,1,59.678920,26.656400,0
1,1,59.702133,19.598100,0
1,1,59.730883,27.480600,0
1,1,59.757087,14.138600,0
1,1,59.782699,25.906900,0
1,1,59.810203,15.210300,0
1,1,59.832954,27.714300,0
1,1,59.859844,18.280400,0
1,1,59.882674,19.434700,0
1,1,59.911848,26.731700,0
1,1,59.934589,17.915500,0
1,1,59.961114,26.854900,0
1,1,59.983308,19.782500,0
1,1,60.013789,23.919400,0
1,1,60.040426,21.309700,0
1,1,60.063352,27.159400,0
1,1,60.091007,19.615600,0
1,1,60.114617,26.914300,0
1,1,60.142893,16.590600,0
1,1,60.167553,18.009900,0
1,1,60.194845,22.401500,0
1,1,60.217708,20.495500,0
1,1,60.247349,22.297400,0
1,1,60.276507,24.387200,0
1,1,60.299419,25.416000,0
1,1,60.326831,22.779900,0
1,1,60.350079,20.860200,0
1,1,60.376558,22.732900,0
1,1,60.399768,20.969300,0
1,1,60.429701,24.831200,0
1,1,60.458849,19.122900,0
1,1,60.483880,27.453500,0
1,1,60.510248,22.442500,0
1,1,60.534073,19.190000,0
1,1,60.563148,25.309800,0
1,1,60.587622,22.275600,0
1,1,60.616952,23.997800,0
1,1,60.644801,19.870700,0
1,1,60.677383,24.192800,0
1,1,60.701128,25.107500,0
1,1,60.731352,26.420400,0
1,1,60.760197,22.360700,0
1,1,60.784169,24.767300,0
1,1,60.813423,19.604300,0
1,1,60.842551,16.296900,0
1,1,60.869009,26.703600,0
1,1,60.899343,28.931200,0
1,1,60.927468,21.100100,0
1,1,60.951874,27.942100,0
1,1,60.981780,22.122300,0
1,1,61.004221,19.916500,0
1,1,61.034833,25.478600,0
1,1,61.064807,26.453500,0
1,1,61.091647,18.385900,0
1,1,61.116243,27.535600,0
1,1,61.144927,19.654700,0
1,1,61.174357,22.296900,0
1,1,61.199393,24.071900,0
1,1,61.230022,21.429500,0
1,1,61.253059,19.212600,0
1,1,61.281086,25.201400,0
1,1,61.309407,20.747100,0
1,1,61.333445,25.698500,0
1,1,61.361064,25.293900,0
1,1,61.385695,22.259200,0
1,1,61.415548,26.740700,0
1,1,61.442638,17.589600,0
1,1,61.466276,18.258500,0
1,1,61.494886,28.329900,0
1,1,61.517627,19.088100,0
1,1,61.544604,24.842800,0
1,1,61.568355,19.261400,0
1,1,61.596780,28.662700,0
1,1,61.619602,19.688900,0
1,1,61.647983,18.621900,0
1,1,61.676870,17.690700,0
1,1,61.699139,24.251100,0
1,1,61.723763,19.358500,0
1,1,61.748746,20.363300,0
1,1,61.776128,20.098900,0
1,1,61.799138,20.790600,0
1,1,61.823127,20.320100,0
1,1,61.848937,20.876200,0
1,1,61.875893,21.185000,0
1,1,61.899565,20.826800,0
1,1,61.927180,22.524300,0
1,1,61.950391,20.094500,0
1,1,61.977665,18.640900,0
1,1,62.007315,19.583800,0
1,1,62.030566,20.298800,0
1,1,62.056323,22.235000,0
1,1,62.081343,25.011800,0
1,1,62.105634,17.179700,0
1,1,62.130613,25.408000,0
1,1,62.159866,17.108000,0
1,1,62.182597,27.078100,0
1,1,62.210316,21.158600,0
1,1,62.234674,25.162400,0
1,1,62.262683,25.456800,0
1,1,62.286077,16.658100,0
1,1,62.314780,26.919800,0
1,1,62.340019,21.764200,0
1,1,62.365588,25.687700,0
1,1,62.392329,19.731800,0
1,1,62.414717,26.041500,0
1,1,62.439064,20.990200,0
1,1,62.465194,19.539800,0
1,1,62.490031,21.406900,0
1,1,62.515409,18.716300,0
1,1,62.543526,20.949600,0
1,1,62.566818,18.862900,0
1,1,62.594146,23.583400,0
1,1,62.616223,19.472600,0
1,1,62.640082,19.719800,0
1,1,62.667622,25.993900,0
1,1,62.694235,20.948300,0
1,1,62.718153,20.304500,0
1,1,62.744419,19.251700,0
1,1,62.768074,18.596500,0
1,1,62.798026,22.562100,0
1,1,62.823741,20.961600,0
1,1,62.848220,18.432700,0
1,1,62.875969,21.365900,0
1,1,62.898914,24.141900,0
1,1,62.926083,20.456600,0
1,1,62.949148,18.070100,0
1,1,62.976421,20.404800,0
1,1,62.998982,20.710100,0
1,1,63.026749,20.335500,0
1,1,63.050822,19.162200,0
1,1,63.077999,24.797000,0
1,1,63.103079,20.691200,0
1,1,63.131017,26.365200,0
1,1,63.159289,15.986300,0
1,1,63.182923,28.716600,0
1,1,63.210123,24.196900,0
1,1,63.232289,22.838700,0
1,1,63.259280,22.389800,0
1,1,63.282241,20.590000,0
1,1,63.306560,21.053600,0
1,1,63.331170,23.885200,0
1,1,63.360657,20.092200,0
1,1,63.383369,25.575400,0
1,1,63.411882,20.424400,0
1,1,63.435678,19.899500,0
1,1,63.461766,26.838200,0
1,1,63.484395,20.032800,0
1,1,63.667095,13.394800,0
1,1,63.667095,15.742400,0
1,1,63.667095,23.050200,0
1,1,63.684272,13.243000,0
1,1,63.716995,16.142600,0
1,1,63.733571,24.501300,0
1,1,63.769091,26.647100,0
1,1,63.793947,18.956600,0
1,1,63.818712,18.695400,0
1,1,63.842320,19.952800,0
1,1,63.870486,24.710700,0
1,1,63.892869,21.009100,0
1,1,63.923387,22.731400,0
1,1,63.950180,25.053400,0
1,1,63.979995,24.016400,0
1,1,64.004151,27.452800,0
1,1,64.031620,20.256900,0
1,1,64.055903,20.218700,0
1,1,64.083093,26.162700,0
1,1,64.105617,19.197700,0
1,1,64.134932,21.967000,0
1,1,64.163729,18.756800,0
1,1,64.188612,29.710300,0
1,1,64.217029,20.639500,0
1,1,64.239084,18.395600,0
1,1,64.267407,25.567500,0
1,1,64.291540,20.013000,0
1,1,64.321101,24.556100,0
1,1,64.348421,21.333400,0
1,1,64.371408,18.325100,0
1,1,64.398386,20.329900,0
1,1,64.421175,19.149900,0
1,1,64.449414,22.546000,0
1,1,64.474493,18.572300,0
1,1,64.502142,26.653300,0
1,1,64.525437,15.041800,0
1,1,64.555086,28.510600,0
1,1,64.584716,23.952900,0
1,1,64.615787,14.938300,0
1,1,64.640948,26.995100,0
1,1,64.672125,26.676100,0
1,1,64.700075,25.380100,0
1,1,64.724057,21.583900,0
1,1,64.754971,26.125900,0
1,1,64.781487,15.392400,0
1,1,64.805719,19.254400,0
1,1,64.839502,18.963100,0
1,1,64.864481,25.129600,0
1,1,64.892621,27.285800,0
1,1,64.920109,25.771800,0
1,1,64.946415,23.236100,0
1,1,64.974892,22.394600,0
1,1,65.002417,26.929200,0
1,1,65.025297,14.171000,0
1,1,65.055663,19.264500,0
1,1,65.084853,27.656000,0
1,1,65.108696,20.750000,0
1,1,65.139098,24.729900,0
1,1,65.170022,26.218000,0
1,1,65.198643,19.830500,0
1,1,65.223031,25.124200,0
1,1,65.251645,24.510800,0
1,1,65.276222,15.525900,0
1,1,65.306990,28.439800,0
1,1,65.333938,18.156600,0
1,1,65.358223,18.736100,0
1,1,65.387489,24.723900,0
1,1,65.414954,16.186900,0
1,1,65.438411,19.849700,0
1,1,65.465772,21.505700,0
1,1,65.490170,23.275500,0
1,1,65.515747,19.542500,0
1,1,65.538472,20.616800,0
1,1,65.565658,25.301000,0
1,1,65.588285,19.467500,0
1,1,65.615053,22.125600,0
1,1,65.638561,19.521000,0
1,1,65.665980,20.245200,0
1,1,65.688805,18.956200,0
1,1,65.715826,22.084100,0
1,1,65.738455,21.525700,0
1,1,65.767775,25.898700,0
1,1,65.794911,16.337200,0
1,1,65.821459,21.752900,0
1,1,65.845901,19.732000,0
1,1,65.871382,19.332500,0
1,1,65.895949,19.582000,0
1,1,65.921019,20.294200,0
1,1,65.949019,22.537500,0
1,1,65.973257,24.628600,0
1,1,66.000032,20.133000,0
1,1,66.023844,24.995400,0
1,1,66.050764,26.454600,0
1,1,66.074444,18.268600,0
1,1,66.102309,18.482400,0
1,1,66.125229,20.269200,0
1,1,66.155387,21.181900,0
1,1,66.185083,21.707900,0
1,1,66.213989,16.279200,0
1,1,66.238636,26.659500,0
1,1,66.262368,17.014100,0
1,1,66.288072,20.571000,0
1,1,66.316186,22.876100,0
1,1,66.338931,18.854400,0
1,1,66.364556,20.706700,0
1,1,66.387550,23.805500,0
1,1,66.414956,22.014300,0
1,1,66.437966,18.171400,0
1,1,66.464527,19.788300,0
1,1,66.488146,22.578300,0
1,1,66.515606,22.032100,0
1,1,66.536730,26.284900,0
1,1,66.564135,20.887000,0
1,1,66.588171,20.813700,0
1,1,66.616044,20.765900,0
1,1,66.638312,19.612800,0
1,1,66.664994,22.009200,0
1,1,66.689944,19.366900,0
1,1,66.719357,26.872700,0
1,1,66.740842,19.851400,0
1,1,66.769242,24.756800,0
1,1,66.796805,17.593400,0
1,1,66.819099,21.731500,0
1,1,66.846653,19.911300,0
1,1,66.869661,26.103800,0
1,1,66.891828,16.239300,0
1,1,66.920065,26.339200,0
1,1,66.950634,21.563800,0
1,1,66.973299,25.442500,0
1,1,67.000008,22.085300,0
1,1,67.022636,24.255200,0
1,1,67.050868,18.957900,0
1,1,67.073785,21.051800,0
1,1,67.100583,22.752900,0
1,1,67.123185,18.162600,0
1,1,67.149712,22.607100,0
1,1,67.173017,18.968500,0
1,1,67.200840,24.770000,0
1,1,67.223226,21.019100,0
1,1,67.250124,20.894500,0
1,1,67.274858,28.287400,0
1,1,67.302262,22.122200,0
1,1,67.325505,21.859900,0
1,1,67.354051,26.936100,0
1,1,67.378142,14.032800,0
1,1,67.404673,21.690000,0
1,1,67.432010,21.322800,0
1,1,67.454346,18.563800,0
1,1,67.478524,19.330400,0
1,1,67.502628,20.808800,0
1,1,67.525806,22.467200,0
1,1,67.553843,27.609500,0
1,1,67.578372,19.016200,0
1,1,67.603351,25.028700,0
1,1,67.631561,19.140600,0
1,1,67.655037,28.289900,0
1,1,67.683220,20.765300,0
1,1,67.706601,19.091100,0
1,1,67.732591,19.143500,0
1,1,67.758023,21.093600,0
1,1,67.785245,19.968000,0
1,1,67.812384,21.022700,0
1,1,67.842305,21.930400,0
1,1,67.860466,19.871300,0
1,1,67.887402,26.726400,0
1,1,67.910058,21.132300,0
1,1,67.938030,17.172900,0
1,1,67.962194,20.632300,0
1,1,67.987715,20.933300,0
1,1,68.011562,19.790200,0
1,1,68.036476,21.220300,0
1,1,68.065002,16.323900,0
1,1,68.087571,25.989300,0
1,1,68.114287,19.369900,0
1,1,68.136841,18.416900,0
1,1,68.165168,19.430700,0
1,1,68.188273,25.138500,0
1,1,68.216715,21.310100,0
1,1,68.239665,25.065400,0
1,1,68.266926,19.873600,0
1,1,68.288740,20.536600,0
1,1,68.316037,18.933300,0
1,1,68.340854,19.297600,0
1,1,68.366411,21.488200,0
1,1,68.391024,16.918300,0
1,1,68.418858,23.816100,0
1,1,68.442595,22.785500,0
1,1,68.470608,23.192900,0
1,1,68.499295,20.676000,0
1,1,68.523487,25.194200,0
1,1,68.553451,27.852400,0
1,1,68.581402,15.973200,0
1,1,68.605816,17.932000,0
1,1,68.635890,25.773900,0
1,1,68.665165,18.031500,0
1,1,68.690048,22.241000,0
1,1,68.717589,16.534200,0
1,1,68.740460,25.228700,0
1,1,68.768530,22.025300,0
1,1,68.792958,20.860200,0
1,1,68.822547,26.636000,0
1,1,68.851282,21.484200,0
1,1,68.874785,19.567200,0
1,1,68.906819,27.741800,0
1,1,68.934311,20.768900,0
1,1,68.963248,23.475400,0
1,1,68.987706,30.238300,0
1,1,69.015293,19.624400,0
1,1,69.038545,22.256000,0
1,1,69.068505,30.808400,0
1,1,69.091663,16.672100,0
1,1,69.118366,25.851900,0
1,1,69.141724,23.127900,0
1,1,69.171858,26.496300,0
1,1,69.198800,21.623800,0
1,1,69.223795,24.223600,0
1,1,69.252161,21.741200,0
1,1,69.279415,23.029900,0
1,1,69.304888,25.678300,0
1,1,69.335233,25.890200,0
1,1,69.363383,21.261900,0
1,1,69.387763,27.421600,0
1,1,69.414339,21.465600,0
1,1,69.437974,25.258500,0
1,1,69.466022,25.272100,0
1,1,69.489435,22.891900,0
1,1,69.515931,21.158200,0
1,1,69.539660,26.564200,0
1,1,69.566990,23.544800,0
1,1,69.590092,19.404400,0
1,1,69.618311,21.684700,0
1,1,69.642965,21.419100,0
1,1,69.668116,24.399500,0
1,1,69.691660,17.517000,0
1,1,69.719988,24.235200,0
1,1,69.744108,20.195800,0
1,1,69.770035,21.957100,0
1,1,69.799047,16.416800,0
1,1,69.821305,20.735500,0
1,1,69.850640,23.666000,0
1,1,69.874036,19.195900,0
1,2,77.037462,23.526200,0
1,2,77.062367,22.792400,0
1,2,77.088683,23.685000,0
1,2,77.116870,21.050800,0
1,2,77.139972,25.578500,0
1,2,77.170384,18.562300,0
1,2,77.195083,15.615400,0
1,2,77.223185,33.328800,0
1,2,77.250435,22.021700,0
1,2,77.275932,21.769600,0
1,2,77.305795,26.913300,0
1,2,77.333116,21.313200,0
1,2,77.358753,21.525000,0
1,2,77.386614,23.229300,0
1,2,77.415088,14.112000,0
1,2,77.438847,22.864700,0
1,2,77.467427,22.548500,0
1,2,77.490050,27.431600,0
1,2,77.517763,23.362700,0
1,2,77.544581,21.037400,0
1,2,77.574782,28.695300,0
1,2,77.603506,23.103000,0
1,2,77.632429,16.057700,0
1,2,77.663471,22.990400,0
1,2,77.687720,26.414900,0
1,2,77.712979,17.337300,0
1,2,77.739311,24.850000,0
1,2,77.770281,27.650200,0
1,2,77.792665,19.185500,0
1,2,77.821698,27.820000,0
1,2,77.845418,17.853200,0
1,2,77.871155,23.098600,0
1,2,77.899779,24.887100,0
1,2,77.923228,22.583800,0
1,2,77.950063,25.789700,0
1,2,77.972742,18.072100,0
1,2,78.003542,26.739400,0
1,2,78.025655,22.021100,0
1,2,78.055078,27.522000,0
1,2,78.082159,18.714800,0
1,2,78.105912,21.818100,0
1,2,78.133594,23.405500,0
1,2,78.161113,24.319300,0
1,2,78.185628,23.882700,0
1,2,78.211668,19.445200,0
1,2,78.236387,27.933500,0
1,2,78.263839,17.260100,0
1,2,78.286728,25.857900,0
1,2,78.310458,22.391600,0
1,2,78.339358,26.778800,0
1,2,78.365829,19.855900,0
1,2,78.390838,19.956700,0
1,2,78.417476,25.439000,0
1,2,78.441897,20.175500,0
1,2,78.469648,21.476000,0
1,2,78.492642,25.680700,0
1,2,78.521697,26.945600,0
1,2,78.551832,19.542600,0
1,2,78.576385,29.757300,0
1,2,78.605690,25.747300,0
1,2,78.627417,19.170700,0
1,2,78.656448,23.772400,0
1,2,78.683735,22.480500,0
1,2,78.712070,21.542500,0
1,2,78.740264,23.912400,0
1,2,78.767956,21.865100,0
1,2,78.790880,23.836600,0
1,2,78.819490,29.222800,0
1,2,78.848497,18.691600,0
1,2,78.871739,25.396600,0
1,2,78.902911,27.618700,0
1,2,78.930805,20.295800,0
1,2,78.955519,25.951800,0
1,2,78.984544,22.127400,0
1,2,79.009227,20.879000,0
1,2,79.038442,24.972300,0
1,2,79.059053,14.589000,0
1,2,79.087859,25.225600,0
1,2,79.115887,19.794100,0
1,2,79.141729,26.665800,0
1,2,79.172426,24.140200,0
1,2,79.197807,21.325600,0
1,2,79.223703,25.204800,0
1,2,79.251616,19.814800,0
1,2,79.273813,23.568400,0
1,2,79.302040,24.848800,0
1,2,79.324859,18.501900,0
1,2,79.353276,24.502500,0
1,2,79.378363,21.655500,0
1,2,79.405263,26.464300,0
1,2,79.435602,22.663400,0
1,2,79.461051,17.383500,0
1,2,79.487801,26.028900,0
1,2,79.515800,18.722500,0
1,2,79.538469,19.528100,0
1,2,79.567775,19.432500,0
1,2,79.600116,21.411800,0
1,2,79.623299,24.964800,0
1,2,79.650283,21.847200,0
1,2,79.674877,19.698800,0
1,2,79.701741,20.488300,0
1,2,79.725093,21.056400,0
1,2,79.752740,18.697800,0
1,2,79.781118,21.718300,0
1,2,79.804122,23.140800,0
1,2,79.829258,16.914800,0
1,2,79.856549,25.994400,0
1,2,79.884617,22.294900,0
1,2,79.907669,19.199000,0
1,2,79.934522,25.483200,0
1,2,79.959082,15.127300,0
1,2,79.986706,25.317500,0
1,2,80.010763,18.324500,0
1,2,80.042770,23.838100,0
1,2,80.068327,19.041400,0
1,2,80.090577,19.391900,0
1,2,80.118868,25.804000,0
1,2,80.142217,21.762700,0
1,2,80.173976,27.750500,0
1,2,80.198039,18.969900,0
1,2,80.225092,20.994500,0
1,2,80.254401,23.504200,0
1,2,80.279252,17.512800,0
1,2,80.306021,26.494800,0
1,2,80.333398,21.423600,0
1,2,80.356544,25.211800,0
1,2,80.383540,24.075000,0
1,2,80.407799,22.189000,0
1,2,80.435580,22.062300,0
1,2,80.458787,18.371600,0
1,2,80.488099,26.521700,0
1,2,80.516896,19.778600,0
1,2,80.540179,22.921400,0
1,2,80.570899,20.077200,0
1,2,80.595946,15.158300,0
1,2,80.623834,23.214800,0
1,2,80.650369,26.792500,0
1,2,80.674842,21.256000,0
1,2,80.701969,20.747200,0
1,2,80.726732,25.679400,0
1,2,80.754598,27.566900,0
1,2,80.783735,17.920200,0
1,2,80.808895,25.873300,0
1,2,80.836888,20.758000,0
1,2,80.868748,16.768400,0
1,2,80.892156,26.824000,0
1,2,80.919320,26.341500,0
1,2,80.943437,21.066100,0
1,2,80.974043,26.913000,0
1,2,81.001382,19.361100,0
1,2,81.028536,21.277100,0
1,2,81.057487,26.819000,0
1,2,81.087493,23.098900,0
1,2,81.116620,22.002900,0
1,2,81.139264,24.981500,0
1,2,81.168167,24.883800,0
1,2,81.199015,19.142800,0
1,2,81.222356,28.293000,0
1,2,81.250708,19.408300,0
1,2,81.275373,19.257200,0
1,2,81.304227,18.912600,0
1,2,81.333001,19.792000,0
1,2,81.356245,25.251800,0
1,2,81.385506,24.458400,0
1,2,81.408529,17.316100,0
1,2,81.435434,26.135900,0
1,2,81.466211,18.339800,0
1,2,81.491011,24.814800,0
1,2,81.520414,29.538300,0
1,2,81.547789,14.246000,0
1,2,81.572451,24.307200,0
1,2,81.596840,22.000600,0
1,2,81.624706,20.792100,0
1,2,81.652193,22.312900,0
1,2,81.682641,17.501500,0
1,2,81.705477,27.265700,0
1,2,81.734467,26.290500,0
1,2,81.757123,22.727900,0
1,2,81.784644,18.674500,0
1,2,81.807610,19.561100,0
1,2,81.835893,26.036900,0
1,2,81.858174,17.762800,0
1,2,81.886171,26.641200,0
1,2,81.915168,16.095200,0
1,2,81.937769,20.742300,0
1,2,81.968587,20.956700,0
1,2,81.990836,26.076500,0
1,2,82.018331,19.045500,0
1,2,82.042827,20.523600,0
1,2,82.071766,26.564600,0
1,2,82.100142,14.203900,0
1,2,82.124142,27.191000,0
1,2,82.152909,23.667900,0
1,2,82.178069,18.447800,0
1,2,82.202635,20.540600,0
1,2,82.225418,18.105100,0
1,2,82.254772,18.935400,0
1,2,82.277008,16.944300,0
1,2,82.304342,24.482600,0
1,2,82.332360,16.365600,0
1,2,82.354747,18.234900,0
1,2,82.377638,14.274600,0
1,2,82.406042,23.575300,0
1,2,82.434142,21.131300,0
1,2,82.458223,20.120100,0
1,2,82.485356,20.252500,0
1,2,82.508530,18.861300,0
1,2,82.534954,22.747500,0
1,2,82.565805,17.970700,0
1,2,82.590061,20.692900,0
1,2,82.617808,25.171900,0
1,2,82.640757,20.210500,0
1,2,82.671858,27.083400,0
1,2,82.699788,21.801800,0
1,2,82.722950,31.140500,0
1,2,82.750912,20.384700,0
1,2,82.774860,19.890000,0
1,2,82.802934,19.284000,0
1,2,82.828587,15.983300,0
1,2,82.854115,18.865600,0
1,2,82.884103,18.598700,0
1,2,82.906710,25.035900,0
1,2,82.934375,21.270700,0
1,2,82.957553,24.594300,0
1,2,82.983908,22.938500,0
1,2,83.007552,17.423400,0
1,2,83.034923,24.760800,0
1,2,83.059417,21.915000,0
1,2,83.087175,27.390200,0
1,2,83.110767,19.025700,0
1,2,83.138610,27.746700,0
1,2,83.167214,19.078700,0
1,2,83.190752,24.504300,0
1,2,83.217477,20.186900,0
1,2,83.240022,18.256500,0
1,2,83.268785,27.012800,0
1,2,83.292499,19.764100,0
1,2,83.319747,22.127800,0
1,2,83.343962,17.088700,0
1,2,83.371591,23.162600,0
1,2,83.401105,26.057900,0
1,2,83.423930,21.501400,0
1,2,83.451916,27.538800,0
1,2,83.475879,20.447800,0
1,2,83.504428,26.190200,0
1,2,83.530339,15.583300,0
1,2,83.557753,19.059800,0
1,2,83.584936,21.562000,0
1,2,83.608805,18.952300,0
1,2,83.636926,21.408300,0
1,2,83.666760,20.561100,0
1,2,83.691396,24.305400,0
1,2,83.719868,21.847900,0
1,2,83.748651,20.145100,0
1,2,83.773241,28.983200,0
1,2,83.802392,20.732700,0
1,2,83.829180,18.803400,0
1,2,83.854187,26.138800,0
1,2,83.883027,16.162700,0
1,2,83.907437,27.091000,0
1,2,83.934462,25.546600,0
1,2,83.957581,20.521100,0
1,2,83.985596,25.793100,0
1,2,84.009740,18.064600,0
1,2,84.038034,25.092100,0
1,2,84.063228,15.846400,0
1,2,84.089278,20.614600,0
1,2,84.119996,25.117800,0
1,2,84.144958,20.922100,0
1,2,84.172111,26.355000,0
1,2,84.201043,26.527900,0
1,2,84.224827,21.027700,0
1,2,84.256352,22.978600,0
1,2,84.283425,22.657900,0
1,2,84.309494,19.886000,0
1,2,84.338173,25.076700,0
1,2,84.366029,15.760200,0
1,2,84.388349,23.227900,0
1,2,84.418201,15.059000,0
1,2,84.443244,33.593900,0
1,2,84.475901,24.319600,0
1,2,84.503757,24.877700,0
1,2,84.533727,22.638900,0
1,2,84.558982,20.599000,0
1,2,84.585537,21.914500,0
1,2,84.616978,19.437500,0
1,2,84.642485,23.637600,0
1,2,84.669646,27.409300,0
1,2,84.696671,23.980600,0
1,2,84.725371,23.685600,0
1,2,84.753436,25.708400,0
1,2,84.783805,22.673900,0
1,2,84.807231,19.298600,0
1,2,84.834644,22.501200,0
1,2,84.859213,24.059900,0
1,2,84.891941,27.492900,0
1,2,84.919631,27.073400,0
1,2,84.943253,19.742800,0
1,2,84.974202,31.121300,0
1,2,85.001724,20.791000,0
1,2,85.026495,15.672800,0
1,2,85.056948,31.582800,0
1,2,85.083026,20.447800,0
1,2,85.108811,25.631100,0
1,2,85.138909,24.275900,0
1,2,85.167396,14.761000,0
1,2,85.192132,29.137200,0
1,2,85.224243,25.048100,0
1,2,85.252106,24.313100,0
1,2,85.276439,21.890200,0
1,2,85.306956,25.751300,0
1,2,85.333944,23.583600,0
1,2,85.358477,24.413200,0
1,2,85.385848,21.402400,0
1,2,85.408915,18.568300,0
1,2,85.437529,25.924800,0
1,2,85.466676,16.641300,0
1,2,85.488879,25.539700,0
1,2,85.518187,21.941500,0
1,2,85.541665,19.205900,0
1,2,85.569587,24.001700,0
1,2,85.594958,17.836600,0
1,2,85.620204,23.891900,0
1,2,85.648131,21.334200,0
1,2,85.673263,25.371400,0
1,2,85.697966,21.386800,0
1,2,85.722735,20.684000,0
1,2,85.750511,18.661700,0
1,2,85.773661,20.380800,0
1,2,85.800310,21.205300,0
1,2,85.823082,23.850900,0
1,2,85.850864,19.569400,0
1,2,85.874805,24.535600,0
1,2,85.901673,27.840000,0
1,2,85.924749,20.129300,0
1,2,85.953349,25.927600,0
1,2,85.976924,16.330400,0
1,2,86.005150,24.207900,0
1,2,86.027284,17.485600,0
1,2,86.056863,24.776600,0
1,2,86.083541,19.638800,0
1,2,86.106526,25.146700,0
1,2,86.133418,21.959200,0
1,2,86.159206,23.206300,0
1,2,86.186336,28.484700,0
1,2,86.210480,20.430600,0
1,2,86.239912,26.763700,0
1,2,86.267528,21.543200,0
1,2,86.289856,18.269300,0
1,2,86.317682,22.779300,0
1,2,86.340836,19.362800,0
1,2,86.368564,23.778700,0
1,2,86.392665,22.178100,0
1,2,86.421670,22.093800,0
1,2,86.450003,16.586100,0
1,2,86.474893,27.276600,0
1,2,86.502094,21.666400,0
1,2,86.526602,24.352000,0
1,2,86.555243,29.522500,0
1,2,86.583169,16.464800,0
1,2,86.607732,31.227700,0
1,2,86.635173,21.365400,0
1,2,86.659170,25.399400,0
1,2,86.685921,25.495800,0
1,2,86.709842,19.262600,0
1,2,86.738800,27.094400,0
1,2,86.767462,15.379700,0
1,2,86.792381,27.410800,0
1,2,86.822923,24.566400,0
1,2,86.847387,15.401000,0
1,2,86.874804,27.566200,0
1,2,86.902017,26.152200,0
1,2,86.926220,21.855300,0
1,2,86.954261,21.279100,0
1,2,86.977141,19.426100,0
1,2,87.005598,22.022400,0
1,2,87.034555,21.065700,0
1,2,87.057435,28.122300,0
1,2,87.083916,20.961400,0
1,2,87.108262,26.581200,0
1,2,87.136148,16.334700,0
1,2,87.159143,24.928300,0
1,2,87.187331,26.635100,0
1,2,87.212628,18.590800,0
1,2,87.239349,21.161600,0
1,2,87.266937,15.752100,0
1,2,87.290659,24.432300,0
1,2,87.319019,20.235800,0
1,2,87.342052,22.057600,0
1,2,87.368842,19.709500,0
1,2,87.391346,25.568900,0
1,2,87.418940,25.512800,0
1,2,87.441226,18.872000,0
1,2,87.468969,22.014000,0
1,2,87.491122,18.169300,0
1,2,87.518907,25.089500,0
1,2,87.541268,20.433800,0
1,2,87.568936,21.657300,0
1,2,87.591776,18.111100,0
1,2,87.620958,25.694200,0
1,2,87.643740,17.133200,0
1,2,87.673670,28.513000,0
1,2,87.698009,22.203100,0
1,2,87.724306,19.688700,0
1,2,87.751644,25.428100,0
1,2,87.775583,19.967600,0
1,2,87.803664,23.764600,0
1,2,87.827545,19.872400,0
1,2,87.855892,27.469800,0
1,2,87.878391,21.117200,0
1,2,87.908001,25.835300,0
1,2,87.935440,18.460400,0
1,2,87.960532,21.761900,0
1,2,87.987142,24.343200,0
1,2,88.015806,22.056100,0
1,2,88.039984,21.201100,0
1,2,88.068137,23.406400,0
1,2,88.091404,22.955700,0
1,2,88.118695,23.581900,0
1,2,88.141083,17.808600,0
1,2,88.170022,21.568300,0
1,2,88.200314,21.232900,0
1,2,88.224646,27.655500,0
1,2,88.251610,19.396600,0
1,2,88.275767,19.511500,0
1,2,88.306333,29.001100,0
1,2,88.328635,17.046900,0
1,2,88.358158,26.271200,0
1,2,88.385932,22.611900,0
1,2,88.410625,23.572400,0
1,2,88.438270,25.945700,0
1,2,88.469677,21.281100,0
1,2,88.500717,24.385800,0
1,2,88.524419,28.977100,0
1,2,88.553990,25.065000,0
1,2,88.584125,21.904000,0
1,2,88.610094,26.180800,0
1,2,88.639944,27.535500,0
1,2,88.667373,21.030600,0
1,2,88.692139,27.807600,0
1,2,88.721720,22.320900,0
1,2,88.752843,21.875600,0
1,2,88.777763,27.702400,0
1,2,88.806557,26.256500,0
1,2,88.834963,21.124300,0
1,2,88.859864,19.475900,0
1,2,88.887470,24.881900,0
1,2,88.910281,20.943600,0
1,2,88.941352,20.344500,0
1,2,88.970247,22.137700,0
1,2,88.992005,24.384500,0
1,2,89.022556,24.551700,0
1,2,89.046606,14.874300,0
1,2,89.074816,25.905400,0
1,2,89.103740,24.008500,0
1,2,89.126950,19.517300,0
1,2,89.155623,25.835600,0
1,2,89.186528,22.453400,0
1,2,89.209395,20.412500,0
1,2,89.238907,28.050200,0
1,2,89.265132,16.021300,0
1,2,89.292884,21.384400,0
1,2,89.323564,24.190900,0
1,2,89.356128,27.009700,0
1,2,89.381400,15.547100,0
1,2,89.409796,23.933900,0
1,2,89.438416,25.200700,0
1,2,89.461156,16.036600,0
1,2,89.488815,24.856900,0
1,2,89.515360,22.740500,0
1,2,89.542223,20.574700,0
1,2,89.571494,28.936700,0
1,2,89.596965,17.060000,0
1,2,89.625009,25.566500,0
1,2,89.652356,22.753400,0
1,2,89.678306,28.332300,0
1,2,89.705814,25.751200,0
1,2,89.735728,17.001800,0
1,2,89.759967,25.886800,0
1,2,89.789063,22.951900,0
1,2,89.819606,21.247500,0
1,2,89.843172,24.198900,0
1,2,89.870134,26.141500,0
1,2,89.893813,22.081500,0
1,2,89.922016,23.291800,0
1,2,89.950911,15.431800,0
1,2,89.974525,30.891200,0
1,2,90.004429,26.131100,0
1,2,90.027938,14.271500,0
1,2,90.056990,28.962700,0
1,2,90.087078,22.223200,0
1,2,90.119597,20.597400,0
1,2,90.135733,19.720100,0
1,2,90.163343,25.525200,0
1,2,90.189434,28.181200,0
1,2,90.216856,16.687800,0
1,2,90.243375,25.934300,0
1,2,90.271329,25.226100,0
1,2,90.295510,16.296500,0
1,2,90.324623,25.768400,0
1,2,90.352186,15.785500,0
1,2,90.376262,18.470000,0
1,2,90.404395,20.773300,0
1,2,90.428403,20.247300,0
1,2,90.457199,24.170800,0
1,2,90.484799,17.306200,0
1,2,90.509144,24.379800,0
1,2,90.537025,24.114900,0
1,2,90.566791,20.893400,0
1,2,90.589831,27.305400,0
1,2,90.612513,17.535400,0
1,2,90.642788,23.729200,0
1,2,90.673258,27.491700,0
1,2,90.698870,22.307000,0
1,2,90.725367,20.581000,0
1,2,90.752881,22.552100,0
1,2,90.776860,24.413200,0
1,2,90.805437,22.121800,0
1,2,90.830691,20.769500,0
1,2,90.857763,21.010100,0
1,2,90.884994,17.390300,0
1,2,90.907700,16.701000,0
1,2,90.932168,20.770900,0
1,2,90.958151,23.094900,0
1,2,90.984891,19.498600,0
1,2,91.009163,18.279300,0
1,2,91.036548,23.674300,0
1,2,91.060536,20.453900,0
1,2,91.087843,23.641500,0
1,2,91.110939,20.576500,0
1,2,91.138904,26.362700,0
1,2,91.168962,21.811100,0
1,2,91.190844,18.005100,0
1,2,91.220106,18.517400,0
1,2,91.242540,25.635500,0
1,2,91.271172,25.670400,0
1,2,91.294457,18.766000,0
1,2,91.324426,25.472400,0
1,2,91.347910,14.616500,0
1,2,91.372886,19.688800,0
1,2,91.401810,21.385800,0
1,2,91.423820,17.927500,0
1,2,91.451204,19.642000,0
1,2,91.474684,26.035100,0
1,2,91.498912,20.912300,0
1,2,91.525121,22.582400,0
1,2,91.551672,21.359800,0
1,2,91.574841,21.287300,0
1,2,91.602108,18.534300,0
1,2,91.622512,21.633200,0
1,2,91.652463,15.152000,0
1,2,91.675488,20.245400,0
1,2,91.702125,24.471900,0
1,2,91.724908,18.045500,0
1,2,91.754991,24.732000,0
1,2,91.784218,18.550600,0
1,2,91.808570,25.648000,0
1,2,91.836151,19.962400,0
1,2,91.859687,19.559000,0
1,2,91.886384,27.086200,0
1,2,91.910516,17.983400,0
1,2,91.938296,27.915200,0
1,2,91.967456,16.674500,0
1,2,91.991189,25.317100,0
1,2,92.019018,18.584500,0
1,2,92.042560,19.928000,0
1,2,92.070089,23.261700,0
1,2,92.093315,18.075400,0
1,2,92.119212,22.789800,0
1,2,92.143145,18.319300,0
1,2,92.167301,22.845300,0
1,2,92.195255,22.586500,0
1,2,92.223361,24.551200,0
1,2,92.252856,16.517600,0
1,2,92.276452,25.659200,0
1,2,92.307453,21.650100,0
1,2,92.336818,21.218700,0
1,2,92.358753,26.099700,0
1,2,92.387167,21.592400,0
1,2,92.412106,19.595700,0
1,2,92.440481,25.998100,0
1,2,92.467038,19.494400,0
1,2,92.490434,26.089700,0
1,2,92.520000,17.456600,0
1,2,92.544581,24.705600,0
1,2,92.575597,26.170900,0
1,2,92.599494,16.278100,0
1,2,92.626227,20.479300,0
1,2,92.652496,21.629800,0
1,2,92.680299,21.760200,0
1,2,92.706812,25.755900,0
1,2,92.734374,18.811800,0
1,2,92.759035,25.647100,0
1,2,92.785917,21.468600,0
1,2,92.810264,25.124100,0
1,2,92.840221,21.817200,0
1,2,92.868062,16.704600,0
1,2,92.891403,24.994100,0
1,2,92.919660,20.176000,0
1,2,92.943299,24.829100,0
1,2,92.971187,20.450500,0
1,2,92.996025,15.813100,0
1,2,93.026126,25.150700,0
1,2,93.051382,19.285900,0
1,2,93.078186,24.270200,0
1,2,93.104897,20.431700,0
1,2,93.129808,22.363900,0
1,2,93.160818,27.487100,0
1,2,93.191716,26.692200,0
1,2,93.221795,25.223300,0
1,2,93.246439,20.685900,0
1,2,93.275938,21.250800,0
1,2,93.303583,20.196800,0
1,2,93.327191,25.302000,0
1,2,93.356455,23.190800,0
1,2,93.381734,16.379500,0
1,2,93.408798,27.687400,0
1,2,93.437845,21.079900,0
1,2,93.467579,17.034400,0
1,2,93.493630,28.384700,0
1,2,93.521808,25.654800,0
1,2,93.550026,18.257300,0
1,2,93.574633,25.058300,0
1,2,93.603651,24.927100,0
1,2,93.627961,21.258600,0
1,2,93.656929,26.407800,0
1,2,93.685264,23.868600,0
1,2,93.707808,24.027100,0
1,2,93.735326,21.514100,0
1,2,93.759870,25.146500,0
1,2,93.787111,22.843100,0
1,2,93.814135,21.000300,0
1,2,93.840420,26.062000,0
1,2,93.869299,25.009300,0
1,2,93.893027,20.815200,0
1,2,93.920608,24.149700,0
1,2,93.944218,19.461700,0
1,2,93.974204,27.160200,0
1,2,94.001476,22.162500,0
1,2,94.025314,26.980300,0
1,2,94.056818,19.338100,0
1,2,94.084422,14.471900,0
1,2,94.109515,18.849900,0
1,2,94.137173,21.378800,0
1,2,94.160369,20.121700,0
1,2,94.187760,26.452000,0
1,2,94.217160,19.281300,0
1,2,94.240000,26.636500,0
1,2,94.264468,20.983000,0
1,2,94.291910,23.119300,0
1,2,94.318903,18.862800,0
1,2,94.343908,23.491300,0
1,2,94.371794,25.326000,0
1,2,94.401116,20.942800,0
1,2,94.426176,22.134800,0
1,2,94.453069,26.341400,0
1,2,94.478125,17.452900,0
1,2,94.506892,25.933700,0
1,2,94.535642,21.521100,0
1,2,94.559091,21.298700,0
1,2,94.585966,18.822700,0
1,2,94.608623,18.057400,0
1,2,94.635790,20.773500,0
1,2,94.660284,19.136000,0
1,2,94.687973,24.731100,0
1,2,94.712432,18.204200,0
1,2,94.741065,25.408000,0
1,2,94.770825,22.714800,0
1,2,94.793831,18.059000,0
1,2,94.822093,26.133500,0
1,2,94.844900,20.257300,0
1,2,94.874415,25.411700,0
1,2,94.902251,21.425500,0
1,2,94.927042,18.095100,0
1,2,94.955466,26.770600,0
1,2,94.985185,17.861000,0
1,2,95.009680,19.850300,0
1,2,95.037256,26.707900,0
1,2,95.061566,19.686900,0
1,2,95.088598,20.432500,0
1,2,95.112750,22.960500,0
1,2,95.141758,23.893700,0
1,2,95.174851,18.769700,0
1,2,95.193505,27.030100,0
1,2,95.224426,27.574100,0
1,2,95.251770,18.113700,0
1,2,95.276920,24.593200,0
1,2,95.304916,18.825000,0
1,2,95.331774,19.989300,0
1,2,95.360724,28.025900,0
1,2,95.389290,20.963900,0
1,2,95.417824,26.292100,0
1,2,95.441720,26.083100,0
1,2,95.468395,19.408300,0
1,2,95.493081,23.560100,0
1,2,95.519975,25.664500,0
1,2,95.543848,20.257200,0
1,2,95.572274,25.693500,0
1,2,95.595374,18.681500,0
1,2,95.624789,25.657900,0
1,2,95.648935,22.200600,0
1,2,95.676511,22.808500,0
1,2,95.704972,26.280000,0
1,2,95.734247,17.265500,0
1,2,95.757067,26.901300,0
1,2,95.785418,20.830200,0
1,2,95.809290,19.553600,0
1,2,95.838031,22.983500,0
1,2,95.861180,18.473300,0
1,2,95.887484,21.166500,0
1,2,95.916097,18.460100,0
1,2,95.941258,23.687600,0
1,2,95.968991,21.019400,0
1,2,95.992469,23.948800,0
1,2,96.020523,21.751600,0
1,2,96.042242,19.522300,0
1,2,96.069487,18.891800,0
1,2,96.091424,19.034000,0
1,2,96.118891,24.654200,0
1,2,96.142508,18.139800,0
1,2,96.169969,20.322600,0
1,2,96.194345,18.060000,0
1,2,96.222454,27.658400,0
1,2,96.245925,23.801500,0
1,2,96.272177,25.831800,0
1,2,96.300843,15.389500,0
1,2,96.324887,19.133800,0
1,2,96.354325,21.556900,0
1,2,96.377994,17.065800,0
1,2,96.404420,22.482500,0
1,2,96.427681,19.372600,0
1,2,96.456167,24.477400,0
1,2,96.485644,15.624400,0
1,2,96.509018,21.132200,0
1,2,96.537272,25.729000,0
1,2,96.559757,20.269200,0
1,2,96.588699,25.800900,0
1,2,96.609904,18.682300,0
1,2,96.638139,26.337200,0
1,2,96.663880,20.077300,0
1,2,96.690236,27.308500,0
1,2,96.718408,23.167900,0
1,2,96.743294,24.141400,0
1,2,96.771409,24.763300,0
1,2,96.795344,16.068200,0
1,2,96.823523,25.302800,0
1,2,96.852638,21.350800,0
1,2,96.874974,24.021900,0
1,2,96.901801,20.803600,0
1,2,96.925079,23.022600,0
1,2,96.948833,22.445900,0
1,2,96.974312,20.746900,0
1,2,97.004401,24.286200,0
1,2,97.026433,23.911800,0
1,2,97.054602,25.622100,0
1,2,97.077765,18.149100,0
1,2,97.106313,25.837800,0
1,2,97.130384,20.848200,0
1,2,97.160892,23.722000,0
1,2,97.191371,23.688400,0
1,2,97.218839,16.098600,0
1,2,97.242416,20.818500,0
1,2,97.271557,22.991300,0
1,2,97.294878,19.751900,0
1,2,97.324321,26.435000,0
1,2,97.352675,17.609300,0
1,2,97.376910,24.820000,0
1,2,97.407453,28.698000,0
1,2,97.436644,24.182400,0
1,2,97.459886,24.832900,0
1,2,97.488442,23.785200,0
1,2,97.512220,22.352700,0
1,2,97.540188,28.794300,0
1,2,97.568990,17.024900,0
1,2,97.592221,24.352700,0
1,2,97.620780,19.378400,0
1,2,97.645535,25.863100,0
1,2,97.676286,27.671700,0
1,2,97.703297,22.479600,0
1,2,97.725735,16.846500,0
1,2,97.753742,24.821700,0
1,2,97.776972,19.093900,0
1,2,97.803953,19.912600,0
1,2,97.827785,21.033200,0
1,2,97.855726,25.037500,0
1,2,97.882686,14.844500,0
1,2,97.908229,21.388300,0
1,2,97.934959,18.953200,0
1,2,97.960325,24.131300,0
1,2,97.987212,19.775900,0
1,2,98.012123,19.582300,0
1,2,98.038464,24.397600,0
1,2,98.061622,17.902900,0
1,2,98.090614,26.809800,0
1,2,98.119647,19.222200,0
1,2,98.143704,19.243500,0
1,2,98.173561,22.066100,0
1,2,98.198185,20.240500,0
1,2,98.225542,25.062900,0
1,2,98.252900,20.891100,0
1,2,98.277250,22.994800,0
1,2,98.304613,21.924400,0
1,2,98.329292,25.454700,0
1,2,98.357439,24.718000,0
1,2,98.384694,15.607000,0
1,2,98.408976,26.783400,0
1,2,98.439495,29.232900,0
1,2,98.468667,18.377400,0
1,2,98.492661,22.165100,0
1,2,98.520649,18.765800,0
1,2,98.545029,18.209400,0
1,2,98.574758,28.536000,0
1,2,98.601913,15.122200,0
1,2,98.624476,19.016400,0
1,2,98.655916,24.970900,0
1,2,98.684995,19.829900,0
1,2,98.709578,20.945000,0
1,2,98.739013,27.167300,0
1,2,98.768530,21.100400,0
1,2,98.791422,23.887700,0
1,2,98.819906,20.850100,0
1,2,98.843629,25.253000,0
1,2,98.874938,29.039500,0
1,2,98.904258,22.610800,0
1,2,98.927867,28.714800,0
1,2,98.955304,25.244900,0
1,2,98.985203,20.721100,0
1,2,99.008815,23.205300,0
1,2,99.036578,19.093300,0
1,2,99.061152,26.589500,0
1,2,99.088964,25.384700,0
1,2,99.115500,15.042900,0
1,2,99.142829,26.972700,0
1,2,99.172138,26.236200,0
1,2,99.201461,22.948300,0
1,2,99.225492,28.593000,0
1,2,99.252704,20.360900,0
1,2,99.278054,25.536200,0
1,2,99.305054,25.475200,0
1,2,99.334314,20.019100,0
1,2,99.357948,25.897700,0
1,2,99.385581,19.710900,0
1,2,99.409072,18.636200,0
1,2,99.438410,27.750100,0
1,2,99.460820,20.302500,0
1,2,99.488925,27.273500,0
1,2,99.513014,17.645700,0
1,2,99.541094,26.028000,0
1,2,99.571837,27.265000,0
1,2,99.599661,18.534100,0
1,2,99.626146,22.829500,0
1,2,99.649283,22.236200,0
1,2,99.676392,23.910900,0
1,2,99.703753,26.261300,0
1,2,99.729293,22.276700,0
1,2,99.756825,26.730400,0
1,2,99.785579,17.169500,0
1,2,99.808263,29.534700,0
1,2,99.837476,26.845100,0
1,2,99.859716,20.620600,0
1,2,99.887371,20.180700,0
1,2,99.912698,22.389500,0
1,2,99.942320,29.117400,0
1,2,99.965200,18.771200,0
1,2,99.995181,22.191100,0
1,2,100.024673,25.002700,0
1,2,100.053013,15.090200,0
1,2,100.075999,27.409100,0
1,2,100.103306,19.566700,0
1,2,100.127229,20.509700,0
1,2,100.155820,26.190200,0
1,2,100.182037,19.157600,0
1,2,100.209705,25.922800,0
1,2,100.234963,18.370200,0
1,2,100.262290,26.637900,0
1,2,100.288900,24.950800,0
1,2,100.312147,19.881900,0
1,2,100.340387,26.055000,0
1,2,100.363918,14.517300,0
1,2,100.392948,23.508000,0
1,2,100.421074,23.770600,0
1,2,100.443978,19.815500,0
1,2,100.472252,24.118800,0
1,2,100.496040,19.918300,0
1,2,100.524046,25.670400,0
1,2,100.552534,19.905100,0
1,2,100.577727,26.092700,0
1,2,100.605189,21.729000,0
1,2,100.628926,24.843500,0
1,2,100.659458,24.431400,0
1,2,100.688154,17.561200,0
1,2,100.711717,19.663700,0
1,2,100.735188,19.682500,0
1,2,100.763506,22.684400,0
1,2,100.791219,24.179800,0
1,2,100.813967,19.622700,0
1,2,100.843592,25.338000,0
1,2,100.871115,17.011400,0
1,2,100.894859,21.414600,0
1,2,100.921406,14.867600,0
1,2,100.946503,21.485200,0
1,2,100.975002,26.216500,0
1,2,101.002832,20.509400,0
1,2,101.026540,23.249900,0
1,2,101.055710,22.675100,0
1,2,101.081026,19.666400,0
1,2,101.107579,26.184400,0
1,2,101.137913,20.563800,0
1,2,101.163170,24.841700,0
1,2,101.192969,27.679100,0
1,2,101.222665,23.685700,0
1,2,101.253379,28.256400,0
1,2,101.279103,23.673800,0
1,2,101.307983,26.140400,0
1,2,101.336199,17.937800,0
1,2,101.360567,26.330600,0
1,2,101.388790,21.729800,0
1,2,101.413128,21.997000,0
1,2,101.442352,26.043600,0
1,2,101.472267,20.489800,0
1,2,101.496386,26.814500,0
1,2,101.523263,24.693000,0
1,2,101.550255,15.863700,0
1,2,101.577637,27.711500,0
1,2,101.606492,20.350400,0
1,2,101.634843,26.202900,0
1,2,101.661753,21.823600,0
1,2,101.690045,26.275700,0
1,2,101.714789,21.476200,0
1,2,101.742926,25.957200,0
1,2,101.771129,17.404100,0
1,2,101.795067,27.536100,0
1,2,101.819993,21.922600,0
1,2,101.846881,25.332000,0
1,2,101.874857,26.360100,0
1,2,101.904039,15.336200,0
1,2,101.927583,26.136700,0
1,2,101.955024,20.882900,0
1,2,101.978550,20.513800,0
1,2,102.007005,27.715200,0
1,2,102.030201,18.889200,0
1,2,102.058539,24.969400,0
1,2,102.081802,13.951200,0
1,2,102.112040,32.566800,0
1,2,102.140857,26.489700,0
1,2,102.170504,17.479900,0
1,2,102.194410,21.630500,0
1,2,102.222516,22.413400,0
1,2,102.244647,22.730900,0
1,2,102.273597,20.247400,0
1,2,102.294880,19.577300,0
1,2,102.322956,23.588500,0
1,2,102.345001,23.034000,0
1,2,102.372096,25.897000,0
1,2,102.395967,20.748200,0
1,2,102.425155,25.214400,0
1,2,102.453760,14.842200,0
1,2,102.477396,26.859700,0
1,2,102.501706,20.331500,0
1,2,102.527486,24.364100,0
1,2,102.555619,18.675500,0
1,2,102.579401,20.174300,0
1,2,102.607976,26.744800,0
1,2,102.629840,20.291000,0
1,2,102.659025,27.041500,0
1,2,102.687575,19.789400,0
1,2,102.713886,23.320100,0
1,2,102.740090,22.897900,0
1,2,102.764295,26.348900,0
1,2,102.791691,23.129000,0
1,2,102.815261,20.498400,0
1,2,102.844797,25.296300,0
1,2,102.871681,20.312100,0
1,2,102.894895,18.815200,0
1,2,102.923542,20.241500,0
1,2,102.947197,21.770500,0
1,2,102.975609,23.761000,0
1,2,103.004007,21.051200,0
1,2,103.027571,21.351800,0
1,2,103.055802,21.351200,0
1,2,103.080744,19.540700,0
1,2,103.108166,22.994000,0
1,2,103.136877,22.292100,0
1,2,103.160441,22.597200,0
1,2,103.184460,17.118200,0
1,2,103.212739,24.090500,0
1,2,103.240177,21.698600,0
1,2,103.263214,20.389600,0
1,2,103.291348,25.408700,0
1,2,103.321101,20.585000,0
1,2,103.344199,23.411200,0
1,2,103.374643,27.477500,0
1,2,103.404631,19.203500,0
1,2,103.427828,22.124400,0
1,2,103.456158,21.334600,0
1,2,103.484642,23.686100,0
1,2,103.507918,24.299200,0
1,2,103.539456,20.780500,0
1,2,103.562624,19.105000,0
1,2,103.591138,25.346700,0
1,2,103.623364,18.675900,0
1,2,103.645968,24.069700,0
1,2,103.675583,26.732600,0
1,2,103.706279,23.377800,0
1,2,103.729977,25.313700,0
1,2,103.758943,23.891200,0
1,2,103.784769,17.486500,0
1,2,103.811793,23.140900,0
1,2,103.842653,26.526600,0
1,2,103.864611,16.855900,0
1,2,103.894043,26.613400,0
1,2,103.919247,21.698200,0
1,2,103.945153,21.654100,0
1,2,103.972119,22.906000,0
1,2,103.994861,18.599500,0
1,2,104.023594,22.908900,0
1,2,104.047034,19.129500,0
1,2,104.077086,19.190500,0
1,2,104.104463,19.605900,0
1,2,104.127271,21.609700,0
1,2,104.156270,26.643700,0
1,2,104.181193,19.207600,0
1,2,104.209353,27.169100,0
1,2,104.238747,23.207600,0
1,2,104.261823,19.669300,0
1,2,104.291249,25.068500,0
1,2,104.318329,13.954400,0
1,2,104.342607,25.182100,0
1,2,104.369159,15.684200,0
1,2,104.393010,18.011700,0
1,2,104.420691,22.838100,0
1,2,104.444195,20.017700,0
1,2,104.475137,28.302300,0
1,2,104.502075,13.855900,0
1,2,104.526563,24.601100,0
1,2,104.554395,15.802700,0
1,2,104.578230,30.705600,0
1,2,104.608668,21.152900,0
1,2,104.631682,15.679400,0
1,2,104.663006,25.273000,0
1,2,104.691875,21.646500,0
1,2,104.717268,19.512400,0
1,2,104.743450,17.529500,0
1,2,104.774424,22.378600,0
1,2,104.801860,22.093800,0
1,2,104.824233,26.047400,0
1,2,104.847865,20.529200,0
1,2,104.876339,25.664300,0
1,2,104.905252,22.943200,0
1,2,104.927820,24.133300,0
1,2,104.957538,21.621200,0
1,2,104.983093,19.116800,0
1,2,105.011000,27.815100,0
1,2,105.038803,21.775700,0
1,2,105.060974,20.372000,0
1,2,105.087854,25.778200,0
1,2,105.122516,21.129200,0
1,2,105.145514,25.904800,0
1,2,105.175740,25.972700,0
1,2,105.200154,17.007400,0
1,2,105.227269,25.921100,0
1,2,105.257150,26.053100,0
1,2,105.285064,20.577400,0
1,2,105.308357,23.056300,0
1,2,105.338480,21.098000,0
1,2,105.362271,27.880000,0
1,2,105.393423,28.853300,0
1,2,105.422279,26.596100,0
1,2,105.445155,21.595900,0
1,2,105.472909,25.374400,0
1,2,105.505269,22.815000,0
1,2,105.528543,20.367300,0
1,2,105.558176,24.258400,0
1,2,105.584106,23.529600,0
1,2,105.611976,26.520400,0
1,2,105.638133,22.187600,0
1,2,105.662797,19.533000,0
1,2,105.692031,26.888500,0
1,2,105.714111,13.015300,0
1,2,105.742241,21.074100,0
1,2,105.768377,21.015800,0
1,2,105.793862,21.076500,0
1,2,105.820787,21.091500,0
1,2,105.843990,20.170100,0
1,2,105.871320,18.485400,0
1,2,105.893689,19.347800,0
1,2,105.920361,19.217500,0
1,2,105.942343,24.817600,0
1,2,105.972293,22.949200,0
1,2,105.996140,19.195900,0
1,2,106.023324,26.066700,0
1,2,106.046742,20.472300,0
1,2,106.073297,24.920000,0
1,2,106.100088,18.865100,0
1,2,106.125727,26.535800,0
1,2,106.154254,17.327300,0
1,2,106.178777,24.160700,0
1,2,106.206218,23.313900,0
1,2,106.227819,22.631400,0
1,2,106.255344,21.286700,0
1,2,106.278531,19.199800,0
1,2,106.306421,24.785700,0
1,2,106.329462,22.047700,0
1,2,106.356383,17.382700,0
1,2,106.385348,18.443500,0
1,2,106.409576,21.780000,0
1,2,106.435390,16.769700,0
1,2,106.461221,26.219500,0
1,2,106.488399,21.747800,0
1,2,106.511798,25.010600,0
1,2,106.540358,21.240700,0
1,2,106.563771,24.879200,0
1,2,106.594146,26.569500,0
1,2,106.622887,23.689300,0
1,2,106.647394,24.458900,0
1,2,106.676447,18.835800,0
1,2,106.701452,19.925900,0
1,2,106.728621,24.298100,0
1,2,106.757213,25.937500,0
1,2,106.780185,20.718900,0
1,2,106.809203,26.608100,0
1,2,106.834266,21.731800,0
1,2,106.860991,26.400900,0
1,2,106.889001,20.549500,0
1,2,106.911057,20.673300,0
1,2,106.935605,19.921600,0
1,2,106.962300,20.889200,0
1,2,106.989110,24.005100,0
1,2,107.013163,20.684600,0
1,2,107.037038,20.781200,0
1,2,107.064061,20.669100,0
1,2,107.091913,26.319400,0
1,2,107.116103,15.314700,0
1,2,107.143423,24.240200,0
1,2,107.171587,22.515700,0
1,2,107.195915,23.986600,0
1,2,107.223792,18.416900,0
1,2,107.253333,24.274300,0
1,2,107.277341,22.909700,0
1,2,107.305133,21.503700,0
1,2,107.327232,25.017300,0
1,2,107.354298,23.577700,0
1,2,107.378702,23.345200,0
1,2,107.405890,23.709700,0
1,2,107.430748,22.090500,0
1,2,107.459629,19.861500,0
1,2,107.485466,15.863600,0
1,2,107.511233,20.879800,0
1,2,107.538261,23.551300,0
1,2,107.560619,22.594400,0
1,2,107.587914,18.327700,0
1,2,107.610829,18.768300,0
1,2,107.639842,19.875500,0
1,2,107.669651,25.751600,0
1,2,107.691903,27.563600,0
1,2,107.718878,22.694800,0
1,2,107.743852,23.124200,0
1,2,107.772160,17.054000,0
1,2,107.794604,26.048300,0
1,2,107.822862,22.504700,0
1,2,107.845841,18.253700,0
1,2,107.875641,21.146900,0
1,2,107.901495,19.621200,0
1,2,107.926442,28.187200,0
1,2,107.949174,15.553500,0
1,2,107.978112,17.220100,0
1,2,108.004787,23.944500,0
1,2,108.027869,21.935400,0
1,2,108.059603,26.546300,0
1,2,108.081519,19.214300,0
1,2,108.108726,25.460900,0
1,2,108.135615,21.187200,0
1,2,108.162338,19.827400,0
1,2,108.189850,23.562300,0
1,2,108.214491,19.128000,0
1,2,108.241735,25.156900,0
1,2,108.264836,18.459700,0
1,2,108.293167,25.808900,0
1,2,108.320203,19.580400,0
1,2,108.343153,24.435900,0
1,2,108.365924,15.043500,0
1,2,108.394568,26.447800,0
1,2,108.421489,21.233800,0
1,2,108.444326,23.844200,0
1,2,108.473367,18.674200,0
1,2,108.499867,18.116700,0
1,2,108.524626,23.779800,0
1,2,108.548198,19.736400,0
1,2,108.576479,26.381600,0
1,2,108.603675,18.628800,0
1,2,108.628027,26.200000,0
1,2,108.658675,20.344200,0
1,2,108.683993,18.111700,0
1,2,108.711486,22.793200,0
1,2,108.739714,22.299100,0
1,2,108.764234,19.384500,0
1,2,108.791367,28.834400,0
1,2,108.821613,20.774400,0
1,2,108.845662,21.169000,0
1,2,108.873432,19.466400,0
1,2,108.897959,22.103800,0
1,2,108.925210,23.208200,0
1,2,108.950721,17.377100,0
1,2,108.976933,24.554400,0
1,2,109.004776,18.792600,0
1,2,109.028874,23.056800,0
1,2,109.057365,25.457300,0
1,2,109.081793,22.966400,0
1,2,109.109938,18.367300,0
1,2,109.140254,16.883400,0
1,2,109.170698,20.938300,0
1,2,109.198648,24.149700,0
1,2,109.226605,22.583800,0
1,2,109.255783,15.494100,0
1,2,109.280803,22.884200,0
1,2,109.312445,27.484200,0
1,2,109.339880,23.498100,0
1,2,109.364727,23.516500,0
1,2,109.394905,26.618000,0
1,2,109.424291,29.125300,0
1,2,109.447400,20.289300,0
1,2,109.476808,26.182500,0
1,2,109.506227,23.435600,0
1,2,109.530962,26.359200,0
1,2,109.562551,27.130500,0
1,2,109.591376,29.045200,0
1,2,109.621700,16.657600,0
1,2,109.644699,23.265200,0
1,2,109.674802,19.546800,0
1,2,109.697260,25.221100,0
1,2,109.723980,20.902700,0
1,2,109.746836,17.937800,0
1,2,109.776971,28.244300,0
1,2,109.805908,21.130900,0
1,2,109.828518,25.430800,0
1,2,109.855463,23.015500,0
1,2,109.878697,19.728200,0
1,2,109.906663,22.566800,0
1,2,109.936928,24.321300,0
1,2,109.959280,20.828000,0
1,2,109.989083,15.873800,0
1,2,110.011726,24.024000,0
1,2,110.039833,20.086600,0
1,2,110.064706,22.737500,0
1,2,110.093177,18.867300,0
1,2,110.122129,19.459900,0
1,2,110.145074,24.188100,0
1,2,110.172592,21.225700,0
1,2,110.197263,23.272700,0
1,2,110.225983,26.143700,0
1,2,110.249052,20.474100,0
1,2,110.278768,28.117900,0
1,2,110.302951,19.420100,0
1,2,110.332818,24.854000,0
1,2,110.357202,20.286200,0
1,2,110.379869,19.357300,0
1,2,110.410846,27.037500,0
1,2,110.433551,16.314300,0
1,2,110.461282,25.025300,0
1,2,110.484189,20.187900,0
1,2,110.512192,23.167100,0
1,2,110.539768,22.314900,0
1,2,110.563945,20.887600,0
1,2,110.592481,25.699200,0
1,2,110.619499,16.183300,0
1,2,110.647631,22.432500,0
1,2,110.676249,25.097400,0
1,2,110.705381,23.043400,0
1,2,110.729964,21.608700,0
1,2,110.758801,22.127800,0
1,2,110.782849,19.651900,0
1,2,110.811048,27.013000,0
1,2,110.839009,20.959600,0
1,2,110.862727,27.423500,0
1,2,110.890815,20.271700,0
1,2,110.912896,21.781300,0
1,2,110.939996,21.429500,0
1,2,110.962916,18.932900,0
1,2,110.990259,20.116200,0
1,2,111.013311,19.608300,0
1,2,111.041513,25.474800,0
1,2,111.064314,20.162100,0
1,2,111.090869,25.800100,0
1,2,111.115482,18.221900,0
1,2,111.142124,24.152300,0
1,2,111.168114,19.389000,0
1,2,111.196517,29.508100,0
1,2,111.224081,23.356600,0
1,2,111.248224,18.074600,0
1,2,111.275351,23.119900,0
1,2,111.300224,20.525900,0
1,2,111.329191,27.617700,0
1,2,111.355859,21.044500,0
1,2,111.380565,20.581000,0
1,2,111.409828,24.825200,0
1,2,111.437879,19.584200,0
1,2,111.461655,25.981500,0
1,2,111.488622,21.109800,0
1,2,111.510904,18.177600,0
1,2,111.539175,16.555600,0
1,2,111.564436,18.350900,0
1,2,111.593120,25.916900,0
1,2,111.620956,14.548900,0
1,2,111.642277,23.803500,0
1,2,111.673506,15.081100,0
1,2,111.697085,25.407500,0
1,2,111.724933,22.518800,0
1,2,111.753711,20.708500,0
1,2,111.777501,27.683900,0
1,2,111.802519,21.517700,0
1,2,111.827874,25.454000,0
1,2,111.858717,23.119300,0
1,2,111.882167,21.265300,0
1,2,111.912608,26.410400,0
1,2,111.940581,21.459600,0
1,2,111.963613,23.716900,0
1,2,111.991854,27.273600,0
1,2,112.021429,23.133100,0
1,2,112.045016,26.089100,0
1,2,112.074230,26.172300,0
1,2,112.096324,19.494100,0
1,2,112.124968,28.454500,0
1,2,112.148367,21.780100,0
1,2,112.177567,25.965800,0
1,2,112.205193,20.922200,0
1,2,112.228256,19.473400,0
1,2,112.255086,20.510600,0
1,2,112.278198,19.645000,0
1,2,112.305721,21.181200,0
1,2,112.328260,24.327600,0
1,2,112.356006,19.903200,0
1,2,112.380661,20.273500,0
1,2,112.407016,27.742000,0
1,2,112.429958,18.632500,0
1,2,112.456825,18.395800,0
1,2,112.482180,23.406100,0
1,2,112.509730,24.567900,0
1,2,112.538064,18.588600,0
1,2,112.562316,26.411200,0
1,2,112.589610,21.369800,0
1,2,112.614340,22.431200,0
1,2,112.641986,21.232800,0
1,2,112.666671,18.299800,0
1,2,112.697274,27.842900,0
1,2,112.725657,23.806600,0
1,2,112.749057,19.944600,0
1,2,112.777738,26.586900,0
1,2,112.805010,18.678000,0
1,2,112.829152,25.157400,0
1,2,112.856898,20.151600,0
1,2,112.878762,18.149400,0
1,2,112.906000,20.640600,0
1,2,112.930574,20.368400,0
1,2,112.957560,25.081200,0
1,2,112.982527,23.307800,0
1,2,113.010578,27.242800,0
1,2,113.032988,20.755000,0
1,2,113.060939,23.270600,0
1,2,113.090980,21.398200,0
1,2,113.113997,17.140200,0
1,2,113.142191,22.127900,0
1,2,113.172417,19.216200,0
1,2,113.195800,25.531700,0
1,2,113.223730,20.314800,0
1,2,113.247453,19.146100,0
1,2,113.277887,20.855800,0
1,2,113.305462,21.192400,0
1,2,113.331077,18.543000,0
1,2,113.359059,27.363100,0
1,2,113.388580,18.593100,0
1,2,113.414740,23.156600,0
1,2,113.444239,27.159000,0
1,2,113.476608,19.890100,0
1,2,113.501292,27.516200,0
1,2,113.530224,27.807000,0
1,2,113.561531,21.436400,0
1,2,113.591203,28.538700,0
1,2,113.615851,24.056500,0
1,2,113.644632,25.372400,0
1,2,113.669204,15.530400,0
1,2,113.699266,26.667700,0
1,2,113.727209,24.974400,0
1,2,113.756183,15.397400,0
1,2,113.780543,19.260400,0
1,2,113.810384,26.588600,0
1,2,113.837444,15.014500,0
1,2,113.860843,24.444000,0
1,2,113.888035,19.608100,0
1,2,113.911940,26.134600,0
1,2,113.940969,23.070900,0
1,2,113.965804,19.111500,0
1,2,113.993877,26.907800,0
1,2,114.022771,21.461900,0
1,2,114.045547,23.004600,0
1,2,114.073191,23.943900,0
1,2,114.098021,19.246300,0
1,2,114.126717,26.268800,0
1,2,114.154645,16.085200,0
1,2,114.181210,20.582100,0
1,2,114.210367,26.080400,0
1,2,114.232913,21.997600,0
1,2,114.260615,25.684700,0
1,2,114.288067,15.775900,0
1,2,114.311225,17.118800,0
1,2,114.338704,23.146000,0
1,2,114.361470,18.500800,0
1,2,114.391068,18.084800,0
1,2,114.413466,26.577700,0
1,2,114.442005,22.250000,0
1,2,114.472019,19.431200,0
1,2,114.494164,29.055700,0
1,2,114.519760,17.827100,0
1,2,114.546120,24.857400,0
1,2,114.573084,25.483100,0
1,2,114.598874,23.332000,0
1,2,114.626999,25.023600,0
1,2,114.654085,16.437200,0
1,2,114.681093,21.319600,0
1,2,114.709723,25.347400,0
1,2,114.737800,22.762400,0
1,2,114.760367,19.525300,0
1,2,114.787576,20.498300,0
1,2,114.810093,22.044300,0
1,2,114.839443,22.728300,0
1,2,114.863731,18.747200,0
1,2,114.892007,18.674300,0
1,2,114.919846,18.244400,0
1,2,114.942451,25.793700,0
1,2,114.970518,16.216700,0
1,2,114.993645,23.770300,0
1,2,115.021736,17.147100,0
1,2,115.044670,19.695700,0
1,2,115.073341,22.925000,0
1,2,115.096978,19.373100,0
1,2,115.123508,21.032000,0
1,2,115.146774,24.792000,0
1,2,115.176202,19.565800,0
1,2,115.198716,16.941500,0
1,2,115.226829,25.485100,0
1,2,115.255512,20.959700,0
1,2,115.278431,31.304400,0
1,2,115.308262,27.314100,0
1,2,115.330777,17.737500,0
1,2,115.362439,27.640400,0
1,2,115.389261,22.032500,0
1,2,115.412475,27.713400,0
1,2,115.438724,22.637000,0
1,2,115.461668,19.585100,0
1,2,115.488925,21.187100,0
1,2,115.511539,19.611600,0
1,2,115.535774,17.088500,0
1,2,115.561386,26.420100,0
1,2,115.590396,21.254100,0
1,2,115.612214,20.771500,0
1,2,115.640678,20.400800,0
1,2,115.665242,26.034700,0
1,2,115.691566,25.682700,0
1,2,115.714917,17.497600,0
1,2,115.743559,25.803900,0
1,2,115.772078,17.391100,0
1,2,115.794398,25.625700,0
1,2,115.817675,18.801800,0
1,2,115.845293,23.268300,0
1,2,115.873449,20.639400,0
1,2,115.896397,20.623900,0
1,2,115.919270,20.596600,0
1,2,115.947827,22.222300,0
1,2,115.974430,26.084500,0
1,2,115.998633,19.589300,0
1,2,116.026692,25.723200,0
1,2,116.050924,15.237600,0
1,2,116.080114,27.246200,0
1,2,116.108728,27.281900,0
1,2,116.131879,19.187800,0
1,2,116.162453,19.937900,0
1,2,116.185502,19.895500,0
1,2,116.214542,22.388900,0
1,2,116.242247,24.237200,0
1,2,116.265932,20.603300,0
1,2,116.294614,25.959400,0
1,2,116.322326,17.797900,0
1,2,116.344785,25.999500,0
1,2,116.373639,22.857500,0
1,2,116.396202,24.019000,0
1,2,116.423275,18.850200,0
1,2,116.445981,18.142100,0
1,2,116.474494,23.471000,0
1,2,116.496910,17.899100,0
1,2,116.525767,26.684200,0
1,2,116.548385,16.957200,0
1,2,116.575093,25.727600,0
1,2,116.604188,19.850100,0
1,2,116.627514,27.187900,0
1,2,116.656778,21.446100,0
1,2,116.679030,21.177700,0
1,2,116.708651,26.993700,0
1,2,116.736826,20.106500,0
1,2,116.761026,25.717800,0
1,2,116.791158,21.583800,0
1,2,116.814095,24.972100,0
1,2,116.842637,28.537500,0
1,2,116.870901,21.850000,0
1,2,116.894065,26.593000,0
1,2,116.923372,19.145600,0
1,2,116.945645,20.936400,0
1,2,116.973158,24.664200,0
1,2,116.998139,24.165600,0
1,2,117.025203,20.548900,0
1,2,117.047933,19.015400,0
1,2,117.075933,22.153300,0
1,2,117.101187,17.810100,0
1,2,117.128796,27.747300,0
1,2,117.157767,19.059800,0
1,2,117.181616,20.459200,0
1,2,117.210203,20.592100,0
1,2,117.238071,16.242400,0
1,2,117.264754,34.503000,0
1,2,117.292933,25.570500,0
1,2,117.316921,19.753400,0
1,2,117.347827,28.791100,0
1,2,117.377188,21.578400,0
1,2,117.407295,20.590600,0
1,2,117.429914,23.011800,0
1,2,117.457830,24.335000,0
1,2,117.481308,20.841800,0
1,2,117.512297,29.382200,0
1,2,117.539651,17.930800,0
1,2,117.563666,26.878900,0
1,2,117.594687,25.645000,0
1,2,117.617270,20.776800,0
1,2,117.645073,26.101200,0
1,2,117.672960,21.197600,0
1,2,117.697906,24.948700,0
1,2,117.725035,19.210400,0
1,2,117.749892,21.922300,0
1,2,117.778974,26.098400,0
1,2,117.805658,20.017100,0
1,2,117.830121,23.964300,0
1,2,117.856924,20.351500,0
1,2,117.879659,18.109800,0
1,2,117.906735,21.358200,0
1,2,117.929442,24.717500,0
1,2,117.957045,21.572900,0
1,2,117.979827,25.654600,0
1,2,118.007236,20.048200,0
1,2,118.031337,25.273800,0
1,2,118.058640,26.902000,0
1,2,118.087799,21.723400,0
1,2,118.111969,26.101300,0
1,2,118.138408,19.632400,0
1,2,118.161787,18.313600,0
1,2,118.189982,15.234000,0
1,2,118.212924,23.498900,0
1,2,118.240346,20.130000,0
1,2,118.262764,22.874500,0
1,2,118.289983,21.707700,0
1,2,118.313179,25.600600,0
1,2,118.341479,21.589700,0
1,2,118.364657,21.133400,0
1,2,118.394230,19.724800,0
1,2,118.418567,15.540800,0
1,2,118.444515,17.609900,0
1,2,118.472232,22.530400,0
1,2,118.495577,19.406700,0
1,2,118.522701,20.346700,0
1,2,118.545884,24.439100,0
1,2,118.574533,22.197000,0
1,2,118.598177,26.472200,0
1,2,118.626878,24.075000,0
1,2,118.649727,20.209400,0
1,2,118.681322,31.817400,0
1,2,118.708107,18.892100,0
1,2,118.732112,19.754300,0
1,2,118.761742,23.525300,0
1,2,118.785579,20.696500,0
1,2,118.811452,25.367900,0
1,2,118.838379,16.949400,0
1,2,118.862707,26.936300,0
1,2,118.893776,27.613400,0
1,2,118.924075,16.689200,0
1,2,118.948735,26.720200,0
1,2,118.977063,21.708900,0
1,2,119.005057,18.525800,0
1,2,119.029161,25.251100,0
1,2,119.058046,19.633400,0
1,2,119.080117,19.384500,0
1,2,119.108667,19.782000,0
1,2,119.130947,20.109800,0
1,2,119.160018,22.420800,0
1,2,119.185427,19.052700,0
1,2,119.210268,24.453500,0
1,2,119.238594,22.450400,0
1,2,119.264502,19.198400,0
1,2,119.289477,21.875400,0
1,2,119.314334,19.824900,0
1,2,119.341174,22.181900,0
1,2,119.364881,16.634000,0
1,2,119.395370,29.960300,0
1,2,119.416332,16.435600,0
1,2,119.444958,26.211200,0
1,2,119.469472,18.914700,0
1,2,119.497023,22.058200,0
1,2,119.525855,19.007400,0
1,2,119.548744,18.151200,0
1,2,119.575714,21.099400,0
1,2,119.599488,18.522700,0
1,2,119.625496,18.732000,0
1,2,119.649765,18.996800,0
1,2,119.680671,25.442400,0
1,2,119.709966,26.339300,0
1,2,119.739401,22.309200,0
1,2,119.761175,26.122100,0
1,2,119.789997,20.434200,0
1,2,119.812964,19.899000,0
1,2,119.842046,26.450000,0
1,2,119.866145,22.375000,0
1,2,119.895476,27.398900,0
1,2,119.924087,25.653700,0
1,2,119.947476,22.877100,0
1,2,119.977086,27.682900,0
1,2,120.002503,18.996000,0
1,2,120.027946,22.425200,0
1,2,120.052386,15.293500,0
1,2,120.079777,25.857600,0
1,2,120.108781,18.788900,0
1,2,120.132146,24.835700,0
1,2,120.162254,22.870300,0
1,2,120.191718,28.719300,0
1,2,120.215517,20.753800,0
1,2,120.245125,27.686600,0
1,2,120.272350,14.511200,0
1,2,120.296213,19.393000,0
1,2,120.326351,25.919400,0
1,2,120.355878,22.576700,0
1,2,120.380525,23.345700,0
1,2,120.409495,24.218000,0
1,2,120.439614,20.271400,0
1,2,120.464433,28.580400,0
1,2,120.496042,29.064100,0
1,2,120.524621,20.424400,0
1,2,120.547458,24.321400,0
1,2,120.576908,26.892000,0
1,2,120.608293,15.905400,0
1,2,120.631218,26.478500,0
1,2,120.662379,27.471900,0
1,2,120.697442,24.681900,0
1,2,120.724611,18.911700,0
1,2,120.747547,23.459800,0
1,2,120.780389,25.565400,0
1,2,120.809779,22.392700,0
1,2,120.839626,29.432700,0
1,2,120.862418,21.767700,0
1,2,120.892134,21.208300,0
1,2,120.918613,22.393800,0
1,2,120.945736,23.497300,0
1,2,120.973560,18.217600,0
1,2,120.998897,18.086100,0
1,2,121.027632,22.753200,0
1,2,121.056011,20.793000,0
1,2,121.077848,21.619100,0
1,2,121.102588,18.589900,0
1,2,121.128201,24.695700,0
1,2,121.155314,15.860700,0
1,2,121.179713,24.135900,0
1,2,121.208263,19.981400,0
1,2,121.231641,18.334100,0
1,2,121.258639,25.782800,0
1,2,121.281161,19.080400,0
1,2,121.308442,20.345500,0
1,2,121.331835,21.275000,0
1,2,121.358786,23.933700,0
1,2,121.382955,18.051500,0
1,2,121.412548,25.801900,0
1,2,121.440961,20.762400,0
1,2,121.465186,22.114800,0
1,2,121.493705,27.416000,0
1,2,121.516984,18.273700,0
1,2,121.545910,25.892600,0
1,2,121.575008,20.882000,0
1,2,121.598646,27.162500,0
1,2,121.626801,20.175900,0
1,2,121.650759,16.415900,0
1,2,121.679784,25.448400,0
1,2,121.707829,22.454900,0
1,2,121.731762,19.466300,0
1,2,121.759054,24.269900,0
1,2,121.782881,19.331200,0
1,2,121.811822,26.946800,0
1,2,121.840591,14.159400,0
1,2,121.866570,25.201300,0
1,2,121.895086,26.355700,0
1,2,121.919822,20.446900,0
1,2,121.945092,26.138000,0
1,2,121.972246,20.844200,0
1,2,121.997003,24.584400,0
1,2,122.021423,20.613600,0
1,2,122.048262,21.703200,0
1,2,122.076031,22.524700,0
1,2,122.100294,18.874900,0
1,2,122.128516,22.215000,0
1,2,122.157365,19.678800,0
1,2,122.179842,25.778400,0
1,2,122.207264,18.958600,0
1,2,122.230772,17.974800,0
1,2,122.259759,26.806400,0
1,2,122.287563,16.998300,0
1,2,122.310461,24.798300,0
1,2,122.332978,17.472300,0
1,2,122.361394,25.995000,0
1,2,122.383563,14.436300,0
1,2,122.411755,26.715300,0
1,2,122.441266,22.476500,0
1,2,122.464706,17.888300,0
1,3,129.620312,13.400200,0
