Cycle,Round,WallSeconds,FrameMS,GameBusyMS,RenderBusyMS,RHIBusyMS
1,1,5.070517,17.016698,2.287000,2.326500,1.928500
1,1,5.087123,16.606700,2.503100,3.203600,1.869700
1,1,5.103560,16.437102,3.000800,3.312100,1.905100
1,1,5.120305,16.744301,2.493800,2.999000,2.085600
1,1,5.136850,16.545199,2.560400,3.686800,1.955100
1,1,5.153528,16.677700,2.772200,2.464600,2.150800
1,1,5.170437,16.909301,2.321600,2.924400,2.154000
1,1,5.186826,16.389597,2.853800,3.309800,1.956400
1,1,5.203502,16.676001,3.211300,3.170900,2.099400
1,1,5.220473,16.970899,3.775000,3.316600,2.098000
1,1,5.236898,16.424801,2.767400,2.765400,2.029200
1,1,5.253898,16.999401,2.968400,3.023000,2.112700
1,1,5.270045,16.147897,2.887000,3.250300,2.185500
1,1,5.286949,16.903803,2.419100,3.059300,1.624100
1,1,5.303616,16.666800,2.392500,3.110300,2.210900
1,1,5.320041,16.425300,2.684900,2.909300,1.951700
1,1,5.337100,17.058998,3.175100,3.087200,1.724100
1,1,5.353568,16.467500,2.606400,3.468600,1.800500
1,1,5.369998,16.429801,2.469100,3.084700,2.013100
1,1,5.386870,16.872499,2.386500,3.062900,1.488900
1,1,5.403554,16.683802,2.364500,3.021100,2.153700
1,1,5.420095,16.540799,2.173300,3.052700,1.996300
1,1,5.436974,16.879298,2.249100,3.030300,1.804800
1,1,5.453632,16.658302,2.572100,3.280000,2.142800
1,1,5.470274,16.641598,2.676500,2.896300,2.226300
1,1,5.487016,16.741600,2.851600,2.772700,1.844100
1,1,5.504932,17.916601,2.887300,3.184800,2.073800
1,1,5.520342,15.410300,3.796900,3.034000,2.258300
1,1,5.537117,16.774099,2.586200,3.945100,1.879400
1,1,5.553602,16.485300,3.032200,3.181900,2.068600
1,1,5.570333,16.731601,3.038800,3.745800,1.878300
1,1,5.587258,16.924400,2.678400,2.804300,2.123800
1,1,5.603462,16.204599,2.932600,3.990100,2.123000
1,1,5.620479,17.016500,2.738800,3.363400,2.038200
1,1,5.637164,16.684998,3.077200,2.623600,2.320000
1,1,5.653541,16.377300,2.784800,3.439300,2.449800
1,1,5.670127,16.585801,2.559700,3.689500,2.307600
1,1,5.686984,16.857002,2.673700,2.949200,1.920000
1,1,5.703576,16.591698,2.612900,2.940600,2.008900
1,1,5.720046,16.470302,2.435200,3.022500,2.390700
1,1,5.736891,16.845200,2.200800,2.470200,1.716100
1,1,5.753781,16.889900,2.124300,2.564100,2.054500
1,1,5.770541,16.759798,2.565100,3.156500,2.213900
1,1,5.787446,16.905501,3.171900,3.644700,2.098900
1,1,5.803663,16.216498,3.730000,3.360800,2.972300
1,1,5.820636,16.972702,4.521400,3.023100,1.995700
1,1,5.837125,16.488999,3.138600,2.929000,2.126500
1,1,5.853752,16.627401,3.013700,3.386800,2.414000
1,1,5.870325,16.573198,3.254100,2.949500,2.026900
1,1,5.886960,16.635202,2.340800,3.084200,1.856200
1,1,5.903645,16.684499,2.954900,2.826700,2.023900
1,1,5.920325,16.680002,2.518100,3.150700,1.758200
1,1,5.936921,16.596399,2.374600,3.174800,2.124000
1,1,5.953480,16.558699,2.824900,3.516500,2.258100
1,1,5.970533,17.052699,2.246000,2.886000,1.764900
1,1,5.986885,16.352702,2.639000,3.423500,1.991700
1,1,6.003324,16.438399,2.961300,3.117900,1.870600
1,1,6.020681,17.356802,2.159100,3.118000,2.466500
1,1,6.036918,16.237300,3.156200,3.255100,2.163900
1,1,6.053685,16.766798,3.190900,2.542700,2.009800
1,1,6.070389,16.704101,2.567900,3.216400,1.829200
1,1,6.086990,16.601399,2.731100,3.578300,2.139500
1,1,6.103607,16.617101,2.563600,2.719100,2.170200
1,1,6.120138,16.530402,2.244700,3.020100,1.826500
1,1,6.136945,16.807698,2.081900,3.241000,2.087000
1,1,6.153700,16.754802,2.503100,3.457300,2.023200
1,1,6.170378,16.677599,2.541900,2.937500,1.919200
1,1,6.187192,16.814001,3.875800,2.641000,1.634400
1,1,6.203504,16.312197,2.771500,3.191800,2.504800
1,1,6.220289,16.784802,2.272500,2.575700,1.821700
1,1,6.237556,17.266601,2.246600,3.372000,2.174800
1,1,6.253428,15.872698,2.990300,2.604200,1.969300
1,1,6.270277,16.848400,2.993800,2.733800,1.821500
1,1,6.287151,16.874600,2.292100,2.482000,1.766800
1,1,6.303562,16.410399,2.563500,3.295400,1.879900
1,1,6.320228,16.666502,3.052400,3.565200,2.087000
1,1,6.337191,16.962998,2.485900,2.697500,1.925400
1,1,6.353567,16.375899,2.645100,2.853000,1.594700
1,1,6.370211,16.644102,3.014100,2.983000,1.943000
1,1,6.387239,17.027799,2.624600,2.682100,1.705500
1,1,6.403874,16.635202,2.847600,3.051900,1.903700
1,1,6.420182,16.307898,2.507400,2.885700,2.451300
1,1,6.436820,16.637903,2.990200,2.693000,1.881900
1,1,6.453772,16.952299,2.037600,2.533800,1.949800
1,1,6.470328,16.556200,2.509100,2.852100,1.894100
1,1,6.487112,16.783901,2.465000,2.507800,1.932500
1,1,6.503766,16.654201,2.373300,2.956200,1.692600
1,1,6.520147,16.380899,2.625400,3.170800,1.819000
1,1,6.537140,16.992800,2.311200,3.030500,1.839900
1,1,6.553543,16.402502,2.424900,2.913900,1.931000
1,1,6.570265,16.722500,2.326200,3.494500,1.698900
1,1,6.586875,16.610097,2.356400,2.551000,1.807800
1,1,6.603555,16.680103,2.375600,2.457500,1.671200
1,1,6.620272,16.716998,2.214900,2.319300,2.015000
1,1,6.637123,16.851101,2.176900,2.651700,1.950600
1,1,6.653868,16.744699,2.119400,3.595900,2.491100
1,1,6.670775,16.906999,2.934300,2.967400,2.020100
1,1,6.687040,16.265202,2.564000,2.581200,1.636000
1,1,6.703740,16.700100,2.334000,2.330800,1.808500
1,1,6.720802,17.061099,2.126500,2.689100,2.005300
1,1,6.737322,16.520899,2.959900,2.932900,1.842700
1,1,6.754302,16.980000,3.572600,2.999200,1.507100
1,1,6.770484,16.181801,3.171600,3.172900,2.072800
1,1,6.787503,17.018300,2.305600,3.096800,1.625100
1,1,6.803891,16.388901,2.812300,3.553200,1.770800
1,1,6.820434,16.542200,2.620400,2.992300,1.948400
1,1,6.837327,16.893599,2.684600,2.554300,1.915900
1,1,6.853743,16.415901,2.619000,3.060600,1.652700
1,1,6.870550,16.806398,2.323700,2.541000,1.526200
1,1,6.887140,16.590603,2.191400,2.570800,2.540100
1,1,6.903771,16.630899,2.341000,3.034000,1.684700
1,1,6.920412,16.640600,2.709400,2.412600,2.470600
1,1,6.937182,16.770098,1.977800,2.578100,1.741200
1,1,6.954299,17.117701,2.888000,2.723700,1.902600
1,1,6.970339,16.039301,3.052400,2.833600,1.877400
1,1,6.987368,17.029300,2.314500,3.130300,1.817400
1,1,7.004201,16.832501,2.622500,2.832700,1.811900
1,1,7.020579,16.378097,3.097300,3.028300,1.739400
1,1,7.037385,16.806100,2.698400,2.454400,1.600200
1,1,7.053981,16.596202,2.423100,2.764100,1.968800
1,1,7.070422,16.441099,2.805700,3.188800,3.125300
1,1,7.087229,16.807400,2.447100,2.998700,2.007900
1,1,7.108491,21.261800,2.469200,3.288200,1.887900
1,1,7.120579,12.087699,7.295100,2.747200,2.180700
1,1,7.137314,16.734801,2.482000,2.266700,1.614600
1,1,7.154001,16.687602,2.695200,3.428800,1.710500
1,1,7.170713,16.711697,2.220100,2.463800,1.619200
1,1,7.187475,16.762003,2.535600,2.992100,1.744400
1,1,7.204221,16.745597,2.622500,2.578300,1.928700
1,1,7.220775,16.554102,2.582700,2.288000,1.548200
1,1,7.237369,16.594097,2.356600,2.792200,1.907200
1,1,7.254342,16.972702,2.455700,2.595200,1.611300
1,1,7.270865,16.523000,3.023200,2.568200,1.913800
1,1,7.287385,16.520299,2.901300,3.208700,1.869300
1,1,7.304388,17.003402,2.717100,2.629200,1.830900
1,1,7.320644,16.255997,2.965500,2.985800,1.786800
1,1,7.337226,16.581800,2.533600,2.766800,1.732800
1,1,7.354086,16.860303,2.434200,3.286600,2.276500
1,1,7.370812,16.725399,2.485700,2.749500,2.060000
1,1,7.387504,16.692199,2.339400,2.497500,1.968200
1,1,7.403900,16.395602,2.537300,2.833300,2.065400
1,1,7.420712,16.812500,2.281200,3.024700,1.558700
1,1,7.437380,16.667601,2.556300,3.014800,1.878700
1,1,7.453968,16.588200,2.708900,3.122000,1.695700
1,1,7.470952,16.983900,2.414000,2.893100,2.091600
1,1,7.487499,16.547300,3.132600,3.349000,2.022900
1,1,7.504014,16.515300,3.032700,2.625200,3.590000
1,1,7.520854,16.839899,2.671500,3.018200,1.954000
1,1,7.537265,16.410399,2.683600,2.676000,1.835900
1,1,7.553754,16.489800,2.493600,2.574500,2.395600
1,1,7.570929,17.175000,2.234700,2.658700,1.670000
1,1,7.587281,16.351402,3.568900,2.782900,2.047600
1,1,7.603983,16.702600,2.511100,3.503700,2.118100
1,1,7.621063,17.079100,2.380700,3.312600,3.289300
1,1,7.637338,16.275100,3.005800,3.600000,2.120500
1,1,7.654137,16.799200,2.692700,2.870900,2.045000
1,1,7.670586,16.449597,2.672500,3.396200,2.326400
1,1,7.687499,16.912900,2.607900,3.426800,2.355600
1,1,7.704373,16.874000,3.111200,3.443400,2.040600
1,1,7.720906,16.532902,4.598100,3.642300,1.924700
1,1,7.737468,16.561501,3.221400,3.266200,1.855300
1,1,7.754166,16.698398,3.774400,2.717300,1.889700
1,1,7.770480,16.314000,2.962300,2.786900,2.030200
1,1,7.787178,16.698100,2.256300,2.854100,2.363200
1,1,7.804105,16.926803,2.320700,2.684200,1.644500
1,1,7.820572,16.467199,2.709100,3.305700,2.233500
1,1,7.837350,16.777899,2.494700,2.393600,1.789900
1,1,7.853895,16.544603,2.414900,3.379700,1.777600
1,1,7.870530,16.635697,2.258600,3.152200,1.844700
1,1,7.887713,17.182801,2.180700,3.105100,2.295300
1,1,7.903680,15.967101,3.315700,3.406800,2.570200
1,1,7.920731,17.050799,2.684400,2.397300,1.668700
1,1,7.937272,16.541298,2.369300,3.089700,2.030400
1,1,7.953879,16.606603,2.459900,2.600700,2.092300
1,1,7.970439,16.559899,2.274100,2.849600,1.747700
1,1,7.987182,16.742900,2.123700,3.369500,1.611500
1,1,8.003784,16.602099,1.927200,2.931400,1.649800
1,1,8.020834,17.050203,1.910900,2.429000,2.051700
1,1,8.037580,16.746297,2.550200,3.370500,2.148500
1,1,8.054215,16.634699,2.901400,3.640200,2.309000
1,1,8.070672,16.457003,2.592700,2.831300,1.672000
1,1,8.087189,16.516700,2.516700,2.782400,2.732500
1,1,8.103761,16.572397,2.531200,3.193500,1.761200
1,1,8.120423,16.661901,2.301100,2.761700,1.711700
1,1,8.137332,16.908702,2.234700,2.455100,1.680800
1,1,8.153876,16.544297,2.162700,2.467100,1.805700
1,1,8.170414,16.538203,2.189800,2.595500,2.201200
1,1,8.187739,17.324198,2.007600,2.538900,1.682900
1,1,8.203875,16.136702,2.797500,2.581100,1.985700
1,1,8.220590,16.714897,2.844300,2.479100,1.804200
1,1,8.237252,16.661603,2.919100,2.911200,1.533200
1,1,8.253994,16.742300,2.488900,3.553500,1.827900
1,1,8.270584,16.589899,2.494200,2.399200,1.804000
1,1,8.287289,16.705301,2.364500,3.060200,1.914700
1,1,8.303833,16.544100,2.345600,2.806100,1.903300
1,1,8.320876,17.042600,2.525300,2.379400,1.605900
1,1,8.337219,16.343001,2.747000,2.950900,1.652800
1,1,8.353990,16.771197,2.584600,2.493700,1.590600
1,1,8.370687,16.696703,2.461200,2.355300,1.665900
1,1,8.387150,16.462900,2.461800,3.087200,2.041700
1,1,8.404127,16.977098,2.307300,2.500800,1.577100
1,1,8.420590,16.462702,2.602300,3.645200,2.156200
1,1,8.437502,16.912699,2.520400,2.859500,2.116800
1,1,8.454193,16.690500,2.647700,3.033900,1.672800
1,1,8.470638,16.445100,2.732800,2.622400,1.855500
1,1,8.487549,16.910698,2.766300,2.757800,1.763400
1,1,8.503913,16.364399,2.748900,3.500900,1.881300
1,1,8.520870,16.956802,2.435700,4.628100,2.556500
1,1,8.537414,16.544700,2.678200,3.129300,1.806600
1,1,8.553982,16.567800,3.501900,3.032500,2.384100
1,1,8.570894,16.911600,2.933000,2.880800,1.860600
1,1,8.587555,16.660701,2.765800,3.424800,1.726200
1,1,8.604198,16.642999,2.836700,3.708700,2.160100
1,1,8.621045,16.847398,2.916200,2.968300,2.081900
1,1,8.637370,16.324703,3.105600,4.342200,2.273900
1,1,8.654072,16.702197,2.793000,3.082000,2.262200
1,1,8.670511,16.438700,2.882400,3.358800,2.035100
1,1,8.687193,16.682602,2.404800,3.041200,1.831500
1,1,8.704030,16.836599,2.363400,2.480900,1.690600
1,1,8.720498,16.467799,2.460900,2.716100,2.599100
1,1,8.737411,16.913000,2.462900,2.697300,1.420300
1,1,8.754020,16.609602,2.275300,2.696800,1.687400
1,1,8.770400,16.380098,2.369600,2.641800,2.054100
1,1,8.787553,17.153200,2.292800,2.650300,1.459800
1,1,8.804267,16.713303,2.769400,2.442600,1.780800
1,1,8.820768,16.501300,2.985600,5.852600,2.142300
1,1,8.837257,16.489200,2.642400,2.448500,1.584800
1,1,8.853871,16.614199,2.193400,2.388900,1.911000
1,1,8.870423,16.551301,2.199100,2.428500,1.769500
1,1,8.887240,16.817499,2.032000,3.081800,1.563800
1,1,8.904190,16.949501,2.100200,2.374900,1.731800
1,1,8.920881,16.691301,2.360700,2.681000,1.711100
1,1,8.937213,16.332399,2.862200,2.470900,1.876700
1,1,8.953781,16.567599,2.134300,2.925100,2.201000
1,1,8.970461,16.680099,1.782100,2.451300,1.826500
1,1,8.988191,17.729502,1.904800,2.662100,1.735100
1,1,9.004417,16.226199,3.713500,3.521400,1.926000
1,1,9.021259,16.841900,3.003600,3.128300,2.363600
1,1,9.037929,16.670100,3.387600,3.495500,2.163600
1,1,9.054365,16.436100,3.350800,3.483800,2.266400
1,1,9.070644,16.278699,3.213300,3.024600,2.120900
1,1,9.087702,17.058801,3.433700,2.687400,2.006600
1,1,9.103898,16.195800,3.041000,3.084800,2.647500
1,1,9.121072,17.173599,2.779900,2.411900,1.662900
1,1,9.137350,16.278099,2.682600,2.453800,1.716000
1,1,9.153805,16.455501,2.403200,3.332300,1.805400
1,1,9.172086,18.280800,2.081900,3.537800,2.023400
1,1,9.187278,15.191302,3.648400,2.743800,2.568600
1,1,9.203961,16.683199,2.962700,2.476500,1.979000
1,1,9.220581,16.620599,2.137400,2.912400,1.388100
1,1,9.237222,16.640902,2.064000,2.390600,1.736200
1,1,9.253853,16.630400,1.995600,2.471500,1.972800
1,1,9.270579,16.726699,2.188800,2.799500,1.630100
1,1,9.287223,16.643502,2.044400,2.373100,1.688300
1,1,9.304090,16.867299,1.953700,3.110100,1.728900
1,1,9.320783,16.692601,2.296600,2.423900,1.739000
1,1,9.337517,16.734198,2.646200,2.421900,1.732700
1,1,9.354281,16.763899,2.277600,3.081700,1.875500
1,1,9.370787,16.506601,2.327000,2.901900,1.960600
1,1,9.387469,16.681999,2.409400,2.495800,2.013900
1,1,9.404559,17.089501,2.853200,3.181800,1.589100
1,1,9.420636,16.077500,2.647000,2.921600,2.036800
1,1,9.437589,16.952801,2.155400,2.854200,1.451500
1,1,9.454595,17.005701,2.207500,2.998300,1.664600
1,1,9.470787,16.192000,2.867600,2.883400,2.069400
1,1,9.487493,16.706299,2.691100,2.401500,1.718900
1,1,9.504242,16.748399,2.415600,3.179300,1.987000
1,1,9.520740,16.497999,2.483000,3.107700,1.592000
1,1,9.537789,17.048903,2.272200,2.882500,1.626000
1,1,9.554166,16.377497,2.575700,3.521300,1.819100
1,1,9.570814,16.648300,2.233200,2.273100,1.943100
1,1,9.587474,16.659502,2.061800,2.997500,1.751800
1,1,9.604194,16.719900,2.014800,3.108600,1.649600
1,1,9.620792,16.598098,2.143300,2.530100,2.007100
1,1,9.637772,16.980000,1.952400,3.112000,1.752700
1,1,9.654425,16.653001,2.455200,2.820600,1.987000
1,1,9.670861,16.435899,2.634800,2.788900,1.963800
1,1,9.687670,16.809702,1.988400,2.530400,2.629600
1,1,9.704215,16.544200,2.316300,2.930100,1.872700
1,1,9.720794,16.578998,2.563700,2.334800,2.304100
1,1,9.737653,16.859200,2.131000,2.553300,1.550700
1,1,9.754439,16.786400,2.782400,3.449200,1.768500
1,1,9.771464,17.024498,2.475300,2.982800,1.689800
1,1,9.787839,16.375102,2.490000,3.013000,1.473200
1,1,9.804568,16.728800,1.944400,2.552000,1.877200
1,1,9.821086,16.518801,2.255300,2.735000,2.540700
1,1,9.837837,16.750999,2.073600,2.325200,1.324500
1,1,9.854588,16.750500,1.993400,3.137100,1.896000
1,1,9.871189,16.601499,2.504000,3.271500,1.772900
1,1,9.888002,16.812701,2.181800,3.133100,1.352600
1,1,9.904556,16.554199,2.163500,2.438300,1.893900
1,1,9.921513,16.956300,2.074000,2.319400,1.760700
1,1,9.937830,16.317300,2.882700,3.223000,1.476700
1,1,9.954465,16.634900,2.448800,2.552800,1.520900
1,1,9.971326,16.860999,2.067100,2.656200,1.525000
1,1,9.987768,16.442202,2.561200,2.858700,1.889800
1,1,10.004685,16.916700,2.369600,3.076800,1.643800
1,1,10.021218,16.532999,2.131200,2.632700,2.187900
1,1,10.037924,16.705800,2.444500,3.058500,2.668600
1,1,10.054886,16.962301,2.401600,2.628600,1.644700
1,1,10.071300,16.414601,2.429000,2.586300,2.005300
1,1,10.087944,16.643200,2.475500,2.942800,2.049600
1,1,10.104572,16.628698,2.246500,2.413400,1.702500
1,1,10.121399,16.826902,2.074000,3.453800,2.210100
1,1,10.137886,16.486499,2.370100,3.086400,2.364500
1,1,10.154448,16.562302,2.195700,2.845500,2.029900
1,1,10.171322,16.873699,2.099000,2.815100,1.968600
1,1,10.187987,16.664799,2.344200,2.598200,1.990600
1,1,10.205046,17.059702,2.315700,2.469200,1.666400
1,1,10.221178,16.131297,2.770400,3.003000,1.710300
1,1,10.238465,17.287403,3.212200,2.768900,1.644700
1,1,10.254482,16.016997,2.730400,2.450100,2.084400
1,1,10.271177,16.695101,2.105300,2.609700,1.589800
1,1,10.287896,16.718801,2.304000,2.345400,1.768600
1,1,10.304835,16.939100,2.113900,2.652800,2.109000
1,1,10.321092,16.256697,2.590000,3.424700,1.845300
1,1,10.338062,16.969901,2.183700,2.943700,1.660400
1,1,10.354347,16.285501,2.171400,2.917500,1.649200
1,1,10.371141,16.794000,2.217000,2.252500,1.781200
1,1,10.387899,16.757600,1.902200,2.327200,1.727600
1,1,10.404474,16.575798,2.090600,3.533000,1.747500
1,1,10.421150,16.675100,1.912700,2.354800,2.140600
1,1,10.438009,16.859900,2.218900,2.608200,1.821100
1,1,10.454572,16.562100,2.660300,2.995600,1.915900
1,1,10.471250,16.678300,2.347900,2.355900,2.076600
1,1,10.488072,16.822502,2.318300,2.371300,1.757400
1,1,10.504467,16.394999,2.237000,3.127200,1.923700
1,1,10.521216,16.748600,3.187100,2.381700,1.525200
1,1,10.538063,16.847100,2.176900,2.469900,1.426300
1,1,10.554580,16.517401,2.366300,2.886600,1.983300
1,1,10.571214,16.633898,2.388300,3.358000,1.590900
1,1,10.587959,16.744900,2.179500,2.975300,1.612300
1,1,10.604439,16.479600,2.269100,3.383400,1.943300
1,1,10.621324,16.885102,2.160500,2.428500,1.758000
1,1,10.638021,16.696800,2.420300,2.984900,1.834900
1,1,10.654681,16.660500,2.507300,3.526900,1.840700
1,1,10.671277,16.595900,2.513700,2.948600,2.174500
1,1,10.687975,16.697899,2.077400,2.545700,1.760700
1,1,10.704452,16.476899,3.013000,2.970200,2.350300
1,1,10.721355,16.902901,2.046300,2.413500,1.740000
1,1,10.737877,16.522400,2.346000,3.246700,2.108200
1,1,10.754411,16.533401,2.180500,2.169000,1.961200
1,1,10.771180,16.768999,1.898300,2.776400,2.047900
1,1,10.787848,16.668599,2.099300,2.739200,1.635100
1,1,10.804448,16.599700,2.358000,2.881500,2.246000
1,1,10.821216,16.768001,2.071900,2.230300,1.523800
1,1,10.837896,16.680401,1.972600,3.285700,1.704800
1,1,10.854544,16.647298,2.200400,2.792600,2.212000
1,1,10.871187,16.642902,2.174300,2.488100,1.858100
1,1,10.887905,16.718298,2.053000,2.261400,2.028900
1,1,10.904580,16.674902,2.131100,3.443900,1.638200
1,1,10.921943,17.362799,2.252300,2.342400,1.538200
1,1,10.937987,16.044799,2.798000,2.437300,1.858800
1,1,10.954762,16.774699,2.634100,2.896700,1.752000
1,1,10.971497,16.734902,2.356900,2.958700,1.817900
1,1,10.988139,16.642097,2.461400,2.986400,1.786500
1,1,11.004689,16.550403,2.781800,2.491400,1.669900
1,1,11.021323,16.633697,2.289900,2.421700,1.691900
1,1,11.037920,16.596802,2.485500,2.896400,2.025800
1,1,11.055065,17.145500,2.355400,2.869300,1.911300
1,1,11.071224,16.158599,2.729300,2.726300,1.518600
1,1,11.088037,16.812902,2.878000,2.934300,1.853100
1,1,11.104985,16.947601,2.774500,3.447200,2.884200
1,1,11.121619,16.634397,3.185600,2.945100,1.787200
1,1,11.138063,16.443800,2.806400,2.475000,1.806600
1,1,11.154698,16.634703,2.532500,3.714700,2.231100
1,1,11.171712,17.014399,2.522200,2.968100,2.083300
1,1,11.187904,16.191900,3.047800,2.830400,2.593900
1,1,11.204507,16.603600,2.210200,2.412500,1.890800
1,1,11.221231,16.723398,2.018100,2.912100,1.920700
1,1,11.237978,16.747702,2.141500,3.484100,1.790100
1,1,11.255169,17.190497,2.148300,2.721700,1.816300
1,1,11.271908,16.738702,3.250300,2.260800,1.892500
1,1,11.287922,16.014799,2.910800,3.494900,2.109700
1,1,11.304595,16.672101,2.443800,2.428300,2.523200
1,1,11.321310,16.715199,2.612500,2.601800,2.156700
1,1,11.337948,16.638201,2.274000,3.302900,1.895000
1,1,11.354502,16.554300,2.197000,2.303300,1.837100
1,1,11.371244,16.741302,2.056200,2.658400,2.140300
1,1,11.387852,16.608100,2.199900,3.135700,1.894500
1,1,11.404565,16.713098,2.057000,2.468200,1.851900
1,1,11.421753,17.188299,2.158600,2.866100,2.161400
1,1,11.438465,16.711500,2.799600,3.039400,2.723200
1,1,11.454548,16.083803,2.807400,3.201700,2.480100
1,1,11.471231,16.682297,2.287700,2.700400,2.141400
1,1,11.488033,16.802203,2.278900,3.228200,2.080000
1,1,11.504612,16.578797,2.442700,2.525000,2.576300
1,1,11.521210,16.598400,2.294500,2.658700,1.925200
1,1,11.538139,16.928803,2.082000,3.229600,1.698100
1,1,11.554607,16.467899,2.291500,3.625000,1.605600
1,1,11.571270,16.663000,2.078600,2.997100,1.727800
1,1,11.587825,16.555298,2.141800,2.318900,1.662500
1,1,11.604596,16.771000,2.394900,2.796000,1.595800
1,1,11.621243,16.647000,2.165500,2.484000,1.752100
1,1,11.638016,16.773302,2.173000,2.905500,1.840600
1,1,11.654944,16.927198,2.448700,3.024700,1.986500
1,1,11.671234,16.290501,2.481700,3.873900,1.925700
1,1,11.688401,17.167103,1.962300,2.493900,1.490100
1,1,11.704563,16.162198,2.723000,3.091000,1.995800
1,1,11.721242,16.678602,2.363600,2.412400,1.640800
1,1,11.738139,16.896699,2.174700,2.533700,1.682000
1,1,11.755537,17.398100,2.447300,2.324000,1.737300
1,1,11.771108,15.571099,3.327400,2.596500,1.795700
1,1,11.787874,16.766500,2.264700,2.447900,1.924700
1,1,11.804558,16.683202,2.192000,3.021900,1.585800
1,1,11.821349,16.791798,1.920600,2.251900,1.899300
1,1,11.837935,16.586103,2.079600,2.221600,1.835300
1,1,11.854506,16.570497,2.218600,2.403700,1.663900
1,1,11.871298,16.791601,2.586100,2.421900,1.970300
1,1,11.888148,16.850300,2.221000,2.772200,1.716400
1,1,11.904626,16.478602,2.411000,2.513000,2.105200
1,1,11.921305,16.678497,2.502800,2.370700,1.729800
1,1,11.938521,17.216302,2.098700,2.238500,1.702000
1,1,11.954691,16.169600,2.788400,2.902000,1.824900
1,1,11.971886,17.194800,2.341300,2.416800,1.659400
1,1,11.987987,16.101200,2.956100,3.153100,2.088600
1,1,12.004521,16.534299,2.241900,4.102800,1.897200
1,1,12.021847,17.325401,2.117400,2.508200,1.645400
1,1,12.038101,16.254697,4.602300,2.637600,2.185900
1,1,12.054814,16.712602,2.599000,3.015000,2.063300
1,1,12.071377,16.563497,2.452200,2.997900,1.944500
1,1,12.088113,16.735803,2.495100,2.470000,2.041500
1,1,12.105333,17.219897,2.258800,2.925200,1.825100
1,1,12.121252,15.919402,3.075300,2.405200,2.220300
1,1,12.138073,16.820900,2.390300,2.279300,1.583100
1,1,12.155270,17.196398,2.431700,2.813000,1.946300
1,1,12.171544,16.274001,2.742600,3.755600,1.995300
1,1,12.187994,16.450100,2.269900,2.971100,1.798300
1,1,12.209394,21.399900,2.090700,2.906600,2.228200
1,1,12.221875,12.481701,6.832400,3.432400,2.021400
1,1,12.238279,16.403999,3.135300,2.398000,1.941600
1,1,12.254855,16.575601,2.293100,2.519000,1.778600
1,1,12.271580,16.724598,2.249700,2.527600,1.896200
1,1,12.288285,16.705502,2.269700,2.511400,1.699900
1,1,12.305059,16.773697,2.434300,2.929400,2.157400
1,1,12.321616,16.557302,2.631800,3.407200,2.583100
1,1,12.338183,16.566701,2.611200,2.236800,1.802000
1,1,12.354774,16.591199,2.186800,2.458800,1.643200
1,1,12.371551,16.776998,2.265400,2.561100,1.872900
1,1,12.388437,16.886201,2.464600,3.197200,1.913700
1,1,12.404956,16.518701,2.750400,2.429100,1.962800
1,1,12.421682,16.726200,2.587600,2.485600,1.731800
1,1,12.438284,16.601700,2.686500,3.109300,1.862700
1,1,12.454896,16.612399,2.527600,2.686500,1.905400
1,1,12.471636,16.740199,2.322200,3.010200,1.775200
1,1,12.488226,16.589902,2.439000,2.358400,1.663800
1,1,12.505120,16.893800,2.316700,2.626200,2.232800
1,1,12.521616,16.495399,2.669600,3.012100,1.928000
1,1,12.538442,16.826000,2.381300,2.647900,1.618700
1,1,12.554805,16.363900,2.498200,3.039000,2.096900
1,1,12.571941,17.135601,2.215000,2.835500,1.496800
1,1,12.588515,16.573597,2.852100,2.552600,1.866900
1,1,12.604845,16.330000,2.594200,2.860500,1.858100
1,1,12.621876,17.031103,2.724600,2.818800,1.818500
1,1,12.638459,16.583700,2.866000,2.782700,2.078100
1,1,12.655048,16.588997,3.350400,2.729200,2.346900
1,1,12.671646,16.597603,3.034600,2.832700,1.916600
1,1,12.688079,16.433001,2.561400,2.492400,1.887700
1,1,12.704979,16.900398,2.070600,2.903300,1.867700
1,1,12.721503,16.523801,2.316600,3.335500,1.762900
1,1,12.738195,16.691498,2.888300,2.475400,1.983200
1,1,12.755567,17.371703,2.070700,2.630000,1.838600
1,1,12.771634,16.067699,2.739400,2.554700,1.847700
1,1,12.788284,16.649500,2.536000,2.614900,2.000900
1,1,12.805424,17.140500,2.247700,2.805800,1.745700
1,1,12.821454,16.029898,2.643200,2.748100,1.827500
1,1,12.838513,17.059300,2.262300,2.376000,1.587600
1,1,12.855163,16.649403,2.543200,2.876500,1.911400
1,1,12.871882,16.719699,2.695900,2.520400,1.520400
1,1,12.888307,16.424701,2.803000,2.319700,1.624700
1,1,12.904965,16.658001,3.234500,2.475100,1.555900
1,1,12.921628,16.663000,2.559700,3.739600,1.656000
1,1,12.938263,16.634699,2.240500,2.769500,1.530400
1,1,12.954864,16.600698,2.395100,2.954600,1.723500
1,1,12.973403,18.539201,2.266600,3.675000,1.704900
1,1,12.988272,14.869202,4.208400,2.422600,1.567500
1,1,13.005219,16.946897,2.374200,2.367600,2.093800
1,1,13.021598,16.379103,3.032700,2.303600,1.512500
1,1,13.038223,16.625397,2.258200,2.216400,1.717400
1,1,13.054964,16.740900,2.330800,2.269200,1.643800
1,1,13.071814,16.849902,2.338100,3.070500,1.675900
1,1,13.088890,17.076101,3.023300,2.444200,1.903500
1,1,13.105012,16.121298,3.418200,2.338600,1.743900
1,1,13.121526,16.514301,2.226000,2.653000,1.885100
1,1,13.138192,16.665701,2.217700,2.442800,1.721300
1,1,13.155015,16.823299,2.175900,2.355400,2.029100
1,1,13.171378,16.362999,2.532300,2.381600,1.696500
1,1,13.188224,16.846202,2.626700,3.028600,1.814500
1,1,13.205258,17.033700,2.126400,2.361500,1.862200
1,1,13.221384,16.126201,2.819900,2.447900,2.253100
1,1,13.238486,17.101597,2.186000,2.872000,1.595900
1,1,13.255273,16.787302,2.642900,3.063900,2.091400
1,1,13.271496,16.223401,2.794800,2.880200,1.945400
1,1,13.288279,16.782798,2.738900,2.925800,1.672600
1,1,13.305047,16.767602,2.221300,3.579500,1.957900
1,1,13.322029,16.982500,2.438500,3.152200,1.708200
1,1,13.338360,16.330600,3.003900,2.450000,1.601000
1,1,13.354918,16.558398,3.585100,2.910600,1.746200
1,1,13.371681,16.763002,2.418400,2.524500,1.659800
1,1,13.388826,17.145202,2.564800,2.890700,1.866900
1,1,13.404946,16.119298,2.660000,2.928300,1.859000
1,1,13.421850,16.904302,2.402100,2.163000,1.780300
1,1,13.438496,16.646300,2.329400,3.285200,2.027200
1,1,13.455254,16.757701,2.248100,2.362700,1.867600
1,1,13.471794,16.539797,2.080700,2.441500,1.947400
1,1,13.488360,16.565800,2.204400,2.654600,1.760000
1,1,13.505332,16.972102,2.120400,2.259700,1.479400
1,1,13.522266,16.934101,2.249500,2.921600,1.963000
1,1,13.538729,16.462900,2.930900,3.159700,1.775100
1,1,13.555097,16.367897,3.320700,2.260200,1.606600
1,1,13.571972,16.875502,2.452600,2.686300,1.807400
1,1,13.588508,16.535699,2.524900,3.277500,1.578200
1,1,13.605096,16.588200,2.210200,3.247300,1.709900
1,1,13.621733,16.637001,2.137800,2.903800,2.500200
1,1,13.638732,16.998600,2.019700,2.231200,1.974200
1,1,13.655271,16.539898,2.632000,2.325600,2.039000
1,1,13.671860,16.588200,2.727900,2.965300,1.669100
1,1,13.688529,16.669601,3.071300,2.978600,1.726200
1,1,13.705084,16.554501,3.219500,2.791100,1.675800
1,1,13.722074,16.990099,2.083200,2.466100,1.670700
1,1,13.738500,16.425900,2.551600,2.345300,1.958200
1,1,13.755002,16.502399,2.411200,2.787400,1.723000
1,1,13.771752,16.750000,1.764600,2.534300,1.706200
1,1,13.788735,16.982500,2.066000,2.444000,1.889400
1,1,13.804988,16.253803,2.586500,3.037600,1.715100
1,1,13.821656,16.667400,1.977700,3.007300,1.924000
1,1,13.838480,16.823698,2.053000,2.352200,1.592200
1,1,13.855311,16.831402,2.105100,2.460600,1.884800
1,1,13.871793,16.481601,2.429900,3.071700,2.085300
1,1,13.888595,16.802799,2.311500,2.934800,1.417800
1,1,13.904988,16.392499,2.286300,3.218800,1.784000
1,1,13.921921,16.933300,2.266200,2.804400,1.690500
1,1,13.938708,16.787101,2.388100,2.425300,1.703900
1,1,13.955456,16.747899,2.669600,2.757700,1.926500
1,1,13.971797,16.340800,2.731600,2.586600,1.655200
1,1,13.988659,16.861603,2.204300,2.397500,2.016100
1,1,14.005447,16.788498,2.309700,2.741600,2.244600
1,1,14.021926,16.479000,2.336600,3.085600,1.569000
1,1,14.038515,16.589101,2.385200,2.413600,1.709400
1,1,14.055143,16.627800,2.436100,2.588200,1.730500
1,1,14.071806,16.662698,2.395200,2.270800,1.406500
1,1,14.088473,16.667202,2.172500,3.183900,2.414800
1,1,14.105350,16.876999,2.233900,3.736100,1.652700
1,1,14.121814,16.464502,2.455300,2.814700,1.748700
1,1,14.138551,16.736899,2.331900,2.302900,1.789700
1,1,14.155272,16.720299,2.594200,2.537300,1.817100
1,1,14.171766,16.494300,2.429000,2.683700,1.569800
1,1,14.188407,16.640801,2.330500,2.438900,1.648100
1,1,14.205354,16.947798,1.948600,2.808900,1.787000
1,1,14.221919,16.564701,2.273600,2.258300,2.099800
1,1,14.238513,16.593799,2.633500,2.893900,2.041300
1,1,14.255852,17.339204,2.375700,2.336800,1.711200
1,1,14.272126,16.274299,2.743300,2.664200,2.361700
1,1,14.288411,16.284700,2.563900,2.326000,2.129600
1,1,14.305145,16.733997,2.222400,2.244900,1.602800
1,1,14.321792,16.647000,2.012600,2.712500,1.865400
1,1,14.338602,16.809601,2.279300,4.027900,1.537500
1,1,14.355437,16.835500,2.434200,2.976300,2.158200
1,1,14.372168,16.730402,2.785000,2.431800,1.963800
1,1,14.388903,16.735300,2.902900,2.886900,2.026700
1,1,14.405147,16.243700,3.024700,2.885500,1.993500
1,1,14.421762,16.615000,2.385000,3.061600,1.781200
1,1,14.438567,16.805600,2.292500,3.065900,1.633800
1,1,14.455212,16.644698,2.544300,2.992900,1.729300
1,1,14.471803,16.590700,2.234100,2.689200,1.817300
1,1,14.488526,16.723201,2.370700,2.288600,1.772500
1,1,14.505310,16.784102,2.086400,2.807300,1.684000
1,1,14.521815,16.504999,2.274300,3.151100,1.558000
1,1,14.538402,16.587500,1.985000,2.209600,1.649500
1,1,14.555243,16.840599,2.048300,2.348400,1.689600
1,1,14.572008,16.764902,2.312700,2.952600,2.040500
1,1,14.588567,16.558599,2.632800,3.129800,1.621600
1,1,14.605748,17.181199,2.901500,2.669100,1.903900
1,1,14.622038,16.289800,3.058000,3.135200,2.316100
1,1,14.638561,16.523600,2.744400,3.006400,1.953700
1,1,14.655173,16.612303,2.401600,2.582800,1.735500
1,1,14.672093,16.919799,2.321300,2.596400,2.136300
1,1,14.688760,16.666401,2.626200,2.896900,2.033500
1,1,14.705290,16.530197,2.627900,3.105500,1.853000
1,1,14.721938,16.648002,2.484100,2.822700,3.004100
1,1,14.738626,16.688298,2.464300,2.923800,1.822900
1,1,14.755087,16.460400,2.434500,2.266400,1.868500
1,1,14.772109,17.022002,2.093400,2.414500,1.902700
1,1,14.788706,16.597200,2.439500,3.098200,1.690100
1,1,14.805080,16.374700,2.508000,3.541800,2.017600
1,1,14.822004,16.923297,2.011000,2.501300,1.848000
1,1,14.838659,16.655300,2.421700,3.156500,1.971200
1,1,14.855219,16.559701,2.560000,2.590000,1.840100
1,1,14.871966,16.747102,2.380200,3.234000,1.764400
1,1,14.888591,16.624998,2.424200,2.585900,1.834000
1,1,14.905323,16.732100,2.359200,2.196000,1.674300
1,1,14.922395,17.072100,2.305300,3.179300,1.647700
1,1,14.938520,16.125299,3.076700,2.464800,2.070800
1,1,14.955133,16.612701,2.486200,2.356200,1.709000
1,1,14.971933,16.800098,1.986800,2.397100,1.871800
1,1,14.988435,16.502000,2.265900,4.731800,1.916400
1,1,15.005112,16.677301,2.139200,2.162600,1.563900
1,1,15.021917,16.804200,1.955500,3.571800,2.092200
1,1,15.038596,16.679499,2.280500,2.995300,2.279500
1,1,15.055335,16.738400,2.165200,2.275500,1.526600
1,1,15.071836,16.501300,2.111600,2.478700,1.953700
1,1,15.088928,17.092399,2.337200,2.337500,1.861600
1,1,15.105135,16.207103,2.865800,2.747900,2.173800
1,1,15.121863,16.727399,2.343000,2.607900,1.822700
1,1,15.138467,16.604200,2.194200,2.349700,1.921800
1,1,15.155274,16.806599,2.090300,2.168600,1.679400
1,1,15.171771,16.497701,2.134500,2.928400,2.031000
1,1,15.188416,16.645100,2.118300,2.483400,1.846700
1,1,15.205334,16.917698,2.218500,2.204600,1.502700
1,1,15.222010,16.675700,2.383000,2.896700,1.882200
1,1,15.238504,16.494300,3.227900,3.055200,1.837500
1,1,15.255305,16.800601,2.257300,2.981400,1.595700
1,1,15.271911,16.606100,2.215300,3.131300,1.800900
1,1,15.288415,16.503800,3.070600,2.732300,1.721400
1,1,15.305216,16.801599,2.666900,2.922100,1.577900
1,1,15.321912,16.695503,2.300000,3.106500,1.539900
1,1,15.338480,16.567998,2.321900,3.174700,1.618200
1,1,15.355242,16.762502,2.549900,2.322900,1.742700
1,1,15.371806,16.564097,2.237600,2.529600,1.838400
1,1,15.388670,16.864002,2.099500,2.255100,2.204400
1,1,15.405167,16.496398,2.685200,3.029700,1.692400
1,1,15.421802,16.635500,2.199300,2.515000,1.850500
1,1,15.438691,16.888503,2.098100,2.249800,1.618700
1,1,15.455454,16.762897,2.279900,2.283500,1.986600
1,1,15.471775,16.321599,2.849200,3.767700,1.614300
1,1,15.488578,16.802903,2.214100,3.017800,1.777000
1,1,15.505233,16.655397,2.131500,2.371800,2.036200
1,1,15.522103,16.869601,2.141300,2.965100,1.659100
1,1,15.538624,16.521201,2.519200,3.801100,2.072600
1,1,15.555226,16.601600,2.441700,2.352600,2.402700
1,1,15.571721,16.494703,2.174900,2.923100,1.646200
1,1,15.588644,16.923297,1.999000,2.494200,1.689800
1,1,15.605330,16.686101,2.349900,3.158100,1.565700
1,1,15.621921,16.591199,2.483000,2.459200,1.762500
1,1,15.638601,16.679801,2.666100,2.889800,1.750600
1,1,15.655223,16.622100,2.365700,2.424100,2.201600
1,1,15.671873,16.649902,2.133200,2.974600,1.970500
1,1,15.688512,16.638897,2.407800,2.325200,1.786400
1,1,15.705392,16.880300,2.021800,2.266000,2.025600
1,1,15.721766,16.374100,2.126200,2.946700,2.123800
1,1,15.738832,17.065402,2.132800,2.552200,1.564700
1,1,15.755240,16.408700,2.524900,3.656200,1.918000
1,1,15.771931,16.691100,2.074700,2.504800,1.859700
1,1,15.788797,16.865700,2.797500,2.947700,1.883300
1,1,15.805373,16.576000,3.048800,2.512700,1.478700
1,1,15.821766,16.392898,2.404300,2.498800,1.778200
1,1,15.838544,16.778201,2.102400,2.371500,1.847700
1,1,15.855188,16.643699,2.061800,2.359600,1.738000
1,1,15.871893,16.705200,2.368000,2.966900,1.497100
1,1,15.888761,16.867701,2.480900,2.305400,1.734500
1,1,15.905449,16.688399,2.695400,3.542700,1.654000
1,1,15.922193,16.743600,2.586500,3.073100,2.076300
1,1,15.938488,16.295299,2.574600,2.722500,1.682600
1,1,15.955159,16.670801,2.257700,2.872600,1.834100
1,1,15.971942,16.782902,2.085000,2.603400,1.695200
1,1,15.988871,16.928799,2.170600,3.504200,1.834200
1,1,16.005470,16.599201,2.588400,2.950200,2.383700
1,1,16.021937,16.466800,2.543500,2.866000,1.731600
1,1,16.038984,17.047599,2.400500,2.180500,1.698300
1,1,16.055531,16.546998,2.598400,2.906600,1.673500
1,1,16.071825,16.293500,2.952400,2.758400,2.096400
1,1,16.088815,16.990103,2.680400,2.208800,1.682600
1,1,16.105287,16.472399,2.620000,3.758600,1.702500
1,1,16.121854,16.567100,2.524800,2.608900,1.726900
1,1,16.138616,16.761400,2.189900,2.372100,1.789200
1,1,16.155724,17.108701,2.144900,2.995200,2.076900
1,1,16.172048,16.323298,2.796000,2.491100,2.143400
1,1,16.188614,16.566601,2.380600,3.100900,2.322200
1,1,16.205699,17.084599,2.237300,2.563900,2.006500
1,1,16.222068,16.369101,3.018800,2.527100,1.664200
1,1,16.238659,16.590700,2.518300,3.031500,1.742200
1,1,16.255430,16.771201,2.475500,2.418000,1.814000
1,1,16.271862,16.432501,2.356700,2.364200,1.617200
1,1,16.288609,16.746201,2.559100,3.558600,1.853000
1,1,16.305310,16.701698,2.685000,2.206500,1.830000
1,1,16.321942,16.631801,2.268900,2.304900,1.594800
1,1,16.339046,17.103799,2.334500,2.782200,2.090000
1,1,16.355162,16.116001,2.695900,2.274000,1.803200
1,1,16.372087,16.925201,2.131300,2.006700,1.895300
1,1,16.388505,16.418200,2.369300,2.966000,2.439300
1,1,16.405310,16.804598,2.116000,2.972000,1.840000
1,1,16.422033,16.723100,2.319000,3.150500,1.818900
1,1,16.438770,16.737401,2.225300,2.634100,1.717600
1,1,16.455299,16.528901,2.459700,2.784100,1.546300
1,1,16.471945,16.645499,2.322800,2.538200,1.975400
1,1,16.488555,16.609799,2.259100,2.962000,1.727900
1,1,16.505210,16.655602,2.352600,2.777900,1.986900
1,1,16.521797,16.586501,2.154200,2.418900,1.641400
1,1,16.539077,17.280400,2.227000,2.360600,1.746000
1,1,16.555229,16.151998,2.593200,3.243200,1.472200
1,1,16.572612,17.382801,2.237100,2.329500,1.698500
1,1,16.588669,16.057301,3.110700,2.704800,1.590800
1,1,16.605364,16.694698,2.301600,4.236600,2.111400
1,1,16.622154,16.790498,2.381100,2.598200,1.927500
1,1,16.640149,17.994802,2.649400,3.438100,1.800500
1,1,16.655426,15.276298,5.292200,3.156900,2.233300
1,1,16.672219,16.793102,2.659900,2.716700,2.469800
1,1,16.688654,16.435400,2.611400,3.060000,2.277700
1,1,16.705407,16.752798,2.286200,2.350800,1.749300
1,1,16.722151,16.744103,2.610900,2.597600,1.775800
1,1,16.738607,16.455900,2.454000,4.087400,2.038100
1,1,16.755789,17.182600,2.209800,2.285900,1.720800
1,1,16.772997,17.207697,2.909100,2.720800,1.631900
1,1,16.788744,15.747201,4.078400,2.655900,2.134500
1,1,16.805466,16.721502,3.135900,2.444000,1.769700
1,1,16.822014,16.548298,2.366200,3.273200,1.708500
1,1,16.838599,16.584501,2.420900,3.402700,1.585600
1,1,16.855447,16.848601,2.235600,2.490800,1.489100
1,1,16.872038,16.590599,2.213200,2.953300,1.958500
1,1,16.888622,16.584199,2.370100,2.923300,1.780600
1,1,16.905425,16.802900,2.221400,3.011500,1.634500
1,1,16.922038,16.612601,2.378700,2.632300,2.127000
1,1,16.938857,16.819101,2.586400,2.976000,1.679500
1,1,16.955376,16.519699,2.687300,2.855900,1.568900
1,1,16.972226,16.849499,2.439000,2.998800,1.540000
1,1,16.989271,17.044701,2.567100,2.872200,1.568200
1,1,17.005249,15.978299,2.983800,2.782600,1.729200
1,1,17.022034,16.785100,2.073600,2.610800,2.038400
1,1,17.038674,16.640101,2.237800,2.903700,1.872200
1,1,17.055447,16.772602,2.634700,3.512500,1.715800
1,1,17.071997,16.550399,2.301200,2.510000,1.669100
1,1,17.088650,16.652800,2.176700,2.938000,2.077900
1,1,17.105328,16.677801,2.480600,2.691500,1.593500
1,1,17.121929,16.600899,2.141400,2.902500,1.730000
1,1,17.139439,17.510299,2.218400,2.782800,1.919400
1,1,17.155383,15.943702,3.209200,2.624000,2.057800
1,1,17.172292,16.909797,2.450800,3.938100,1.666200
1,1,17.188547,16.254503,2.721300,3.449500,1.524800
1,1,17.205323,16.776398,2.244600,2.857600,1.912800
1,1,17.222017,16.693901,1.940300,2.469100,2.227900
1,1,17.238522,16.504500,2.422400,2.829300,2.010800
1,1,17.255418,16.896799,2.006300,2.430100,1.854400
1,1,17.272088,16.669799,2.081300,2.576500,1.676200
1,1,17.292333,20.244703,2.522400,2.379300,1.575900
1,1,17.305436,13.102699,5.982900,2.811400,1.957200
1,1,17.322146,16.710799,2.180100,2.774300,1.497000
1,1,17.339310,17.163202,2.251700,2.780900,1.560000
1,1,17.355462,16.152799,3.024000,2.965400,1.943200
1,1,17.372579,17.116301,2.848500,2.921700,1.997000
1,1,17.389059,16.480099,3.138600,2.748200,1.801900
1,1,17.405412,16.353000,3.707900,2.906400,1.678000
1,1,17.422246,16.834497,2.405000,2.522800,1.576500
1,1,17.439130,16.884003,2.452700,2.794600,1.567500
1,1,17.455431,16.300898,2.879800,2.838800,1.872400
1,1,17.472200,16.769201,2.479900,2.439500,2.152900
1,1,17.488852,16.651701,2.189500,2.849400,2.113400
1,1,17.505455,16.602598,2.630500,3.369100,1.706300
1,1,17.522064,16.609300,2.318800,3.239000,1.536700
1,1,17.538728,16.663503,2.400700,2.360100,1.618700
1,1,17.555483,16.755298,2.893300,2.309400,1.799500
1,1,17.571840,16.356800,2.395900,2.779100,1.676100
1,1,17.588619,16.779501,1.980600,2.777600,1.746000
1,1,17.605278,16.659100,2.019500,2.488300,2.351200
1,1,17.622204,16.925499,2.029100,2.459100,1.860600
1,1,17.639043,16.839501,2.427200,2.884200,1.807700
1,1,17.655282,16.239200,2.508100,2.737500,1.689600
1,1,17.672240,16.957499,2.211300,2.543300,1.996800
1,1,17.688603,16.362701,2.406700,3.693900,1.861300
1,1,17.705380,16.777601,2.778200,4.458200,1.837200
1,1,17.722025,16.644400,2.056700,2.823700,1.723600
1,1,17.739019,16.994301,2.306700,2.735600,1.871300
1,1,17.755253,16.234398,2.731800,2.814900,2.196700
1,1,17.772341,17.087203,2.411400,2.612900,2.096600
1,1,17.789552,17.211597,2.557700,2.671400,2.167200
1,1,17.805259,15.706602,3.521900,3.261200,1.877000
1,1,17.822405,17.145999,2.604800,2.871300,1.717900
1,1,17.838796,16.391601,2.826700,2.900600,1.771900
1,1,17.855372,16.575500,2.598100,3.116100,1.722500
1,1,17.872093,16.721200,2.385700,2.927800,1.564300
1,1,17.888886,16.792499,2.517700,3.096400,1.961200
1,1,17.905394,16.508199,2.577200,2.443500,1.704700
1,1,17.921935,16.541399,2.311000,2.613600,2.016900
1,1,17.938806,16.870800,2.141300,2.759400,1.862600
1,1,17.955296,16.490500,2.260100,3.188100,1.636000
1,1,17.972027,16.730100,2.322700,2.518100,1.802300
1,1,17.988711,16.684800,2.425300,2.885200,1.640100
1,1,18.005295,16.584001,2.387800,3.418800,1.678900
1,1,18.021996,16.700897,2.249200,3.487200,2.087500
1,1,18.038758,16.761802,2.023500,2.715400,2.083300
1,1,18.055474,16.715601,2.254000,3.247400,2.009700
1,1,18.071934,16.459998,2.409400,3.016100,1.695100
1,1,18.088810,16.876001,1.952700,2.595800,1.981600
1,1,18.105520,16.710799,2.489900,2.886900,1.572800
1,1,18.122873,17.352801,2.775900,3.050500,1.765700
1,1,18.138763,15.889999,3.262500,3.069900,1.616800
1,1,18.155560,16.796499,2.385100,3.208400,1.821100
1,1,18.171994,16.434200,2.688500,2.705800,1.626500
1,1,18.188657,16.662903,2.376700,2.652900,1.723700
1,1,18.205487,16.830400,2.219400,3.120300,1.755000
1,1,18.221884,16.396798,2.223500,3.180800,1.724800
1,1,18.238644,16.760100,2.085300,3.021000,1.924800
1,1,18.255445,16.801000,1.880100,2.514800,1.991300
1,1,18.271931,16.485501,2.137500,2.647800,2.043700
1,1,18.288628,16.697500,2.200100,2.594700,1.729500
1,1,18.305332,16.704001,2.134700,2.357300,1.727400
1,1,18.322114,16.781900,1.968600,2.396400,1.748200
1,1,18.338834,16.720299,2.390800,2.580800,1.959000
1,1,18.355253,16.419001,2.441500,2.885000,1.910400
1,1,18.372075,16.821299,2.001100,2.570600,2.048000
1,1,18.388624,16.549002,2.126600,2.523900,2.343600
1,1,18.405330,16.706198,2.259600,2.459600,1.571900
1,1,18.422020,16.690299,2.894400,2.331900,1.735800
1,1,18.438980,16.960002,2.027800,2.364900,1.917700
1,1,18.455237,16.256500,2.392200,3.109200,1.687200
1,1,18.472098,16.861498,2.064700,3.103200,1.777700
1,1,18.488770,16.672201,2.197500,2.511000,1.939300
1,1,18.505416,16.645499,2.662000,3.394800,1.707800
1,1,18.522109,16.693000,2.318700,3.863200,1.862700
1,1,18.538787,16.678400,2.343600,2.704100,1.713500
1,1,18.555378,16.590301,2.455400,3.333400,1.663600
1,1,18.572584,17.206501,2.267000,3.135700,1.893000
1,1,18.589124,16.540296,2.784200,3.910400,1.856200
1,1,18.605420,16.295202,2.680900,2.425500,1.731500
1,1,18.621950,16.530000,2.344000,2.550500,2.144800
1,1,18.638773,16.823798,1.791200,2.568200,1.825500
1,1,18.655624,16.850602,2.276600,2.513700,1.906600
1,1,18.671908,16.283602,2.266200,2.541600,2.009400
1,1,18.688857,16.949598,2.223100,3.251700,1.514200
1,1,18.705308,16.450699,2.332200,2.627600,1.671400
1,1,18.722007,16.698901,2.310600,2.550400,1.817500
1,1,18.738559,16.552702,2.266200,3.038900,1.582300
1,1,18.755342,16.782299,1.994900,2.335700,1.893800
1,1,18.771922,16.580299,2.357000,2.408800,1.697200
1,1,18.788570,16.648103,2.219500,2.533600,1.679900
1,1,18.805297,16.726498,2.073200,2.444500,1.511400
1,1,18.821909,16.612303,2.088700,2.976800,1.835200
1,1,18.838645,16.735699,2.372400,2.959100,1.793400
1,1,18.855353,16.708501,2.090400,2.307700,1.985300
1,1,18.871964,16.610701,2.321400,2.437500,2.111900
1,1,18.888903,16.938798,2.087400,2.333000,2.251100
1,1,18.905357,16.454000,2.479200,4.070200,1.639100
1,1,18.922007,16.650800,2.285000,2.458900,1.476700
1,1,18.938885,16.877200,1.878100,2.481700,1.762400
1,1,18.955299,16.414300,2.328200,2.847500,1.822500
1,1,18.971953,16.653702,2.268400,2.612400,1.518300
1,1,18.988767,16.814698,1.847700,2.786000,1.857100
1,1,19.005633,16.866002,2.438800,2.660200,1.496200
1,1,19.022206,16.572900,2.413000,2.274300,1.852600
1,1,19.038836,16.630199,2.624200,2.998500,1.705600
1,1,19.055259,16.422600,2.391600,2.391900,1.615700
1,1,19.072276,17.016802,1.924500,2.422800,1.646600
1,1,19.088733,16.457099,2.229400,2.839100,1.813400
1,1,19.105469,16.735800,2.441900,2.665100,1.776100
1,1,19.122157,16.688298,2.246500,3.321900,1.843400
1,1,19.138812,16.654901,2.308800,2.764400,1.848100
1,1,19.155710,16.898300,2.422500,3.198700,1.940900
1,1,19.172104,16.394101,2.323800,3.051200,1.897700
1,1,19.188769,16.664200,2.552300,3.126300,2.112800
1,1,19.205444,16.675398,2.881000,2.427100,1.848900
1,1,19.222029,16.585100,2.284200,2.865400,1.859800
1,1,19.238818,16.788799,2.356000,2.456700,1.665700
1,1,19.255655,16.837202,2.349000,2.408000,1.512800
1,1,19.272033,16.378298,2.610100,2.511400,1.839600
1,1,19.288783,16.749199,2.664600,2.673600,1.634000
1,1,19.305363,16.580001,2.235200,2.499800,1.490400
1,1,19.322189,16.826201,2.322100,2.488300,1.763300
1,1,19.339507,17.318700,2.561900,2.499700,1.890100
1,1,19.355562,16.054701,2.872600,2.591700,1.938000
1,1,19.371976,16.413700,2.638800,2.574600,1.930100
1,1,19.389314,17.338298,2.188300,2.456900,1.927400
1,1,19.405510,16.195700,2.764500,2.921300,2.303900
1,1,19.422056,16.546201,2.459800,3.102400,1.768800
1,1,19.438821,16.765099,2.391400,2.461900,1.520400
1,1,19.455451,16.629901,2.271600,2.733200,1.681900
1,1,19.472101,16.650200,2.274600,2.642200,1.677300
1,1,19.488655,16.553901,2.350800,2.980200,1.831700
1,1,19.505345,16.690198,2.268700,3.134900,1.993100
1,1,19.522081,16.735703,2.139400,2.934000,1.708600
1,1,19.538614,16.532797,2.302300,2.733300,1.771000
1,1,19.555343,16.728703,2.126400,2.501500,1.983600
1,1,19.572053,16.710099,2.300700,2.892900,2.000400
1,1,19.588826,16.773801,2.125200,3.304300,1.859900
1,1,19.605363,16.536597,2.287900,2.484400,1.795500
1,1,19.622325,16.961902,2.144600,3.420600,1.830400
1,1,19.638846,16.520698,2.463200,2.839200,1.670000
1,1,19.655605,16.758900,2.405400,2.701600,1.988000
1,1,19.672155,16.550902,2.603600,2.689600,1.690600
1,1,19.688733,16.577400,2.579100,2.532000,1.619500
1,1,19.705358,16.625300,2.219900,2.886800,1.518000
1,1,19.722238,16.879898,2.244300,2.975100,2.124300
1,1,19.738959,16.721401,2.605400,2.503600,1.462600
1,1,19.755535,16.575098,3.251900,2.390100,1.562900
1,1,19.772306,16.771901,2.582000,2.868000,1.591900
1,1,19.788664,16.357299,3.065400,3.587600,1.839300
1,1,19.805655,16.991403,2.268100,2.865700,2.135800
1,1,19.822109,16.454197,2.346300,2.496000,2.039600
1,1,19.838752,16.643003,2.374600,3.014500,1.612200
1,1,19.855754,17.001197,2.300100,3.095400,1.931500
1,1,19.872082,16.328402,3.273800,2.617000,1.894000
1,1,19.888650,16.568299,2.601800,2.403500,2.062200
1,1,19.905450,16.800199,2.187500,2.582600,1.837100
1,1,19.922161,16.711000,2.227200,2.433200,1.944000
1,1,19.938815,16.653400,2.397300,2.572100,1.762100
1,1,19.955362,16.546700,2.061300,2.626200,1.782500
1,1,19.971988,16.626600,2.392200,2.582800,1.772800
1,1,19.988817,16.829301,2.242500,2.460100,1.763700
1,1,20.005315,16.497198,2.251600,2.977800,1.663400
1,1,20.022047,16.732402,1.974300,2.400900,1.878500
1,1,20.038684,16.636901,2.049100,2.542100,1.680100
1,1,20.055476,16.791601,2.088300,2.481400,1.842500
1,1,20.071959,16.483299,2.368400,3.078600,1.678500
1,1,20.088940,16.980998,2.362900,2.719600,1.624300
1,1,20.105607,16.667001,2.710800,2.474100,1.637700
1,1,20.122034,16.427200,2.509200,2.500800,1.928300
1,1,20.138810,16.776200,2.520100,3.031100,1.761900
1,1,20.155599,16.788401,2.485000,3.059900,1.798300
1,1,20.172193,16.593996,2.504900,2.909700,1.697700
1,1,20.188693,16.500004,2.510700,2.471500,1.996300
1,1,20.205558,16.864900,2.133400,2.443300,1.726900
1,1,20.221885,16.327299,2.497600,3.537500,2.024600
1,1,20.238802,16.917400,2.063400,2.986300,2.143300
1,1,20.255745,16.943000,2.037100,2.523000,1.772200
1,1,20.272299,16.553599,2.522100,2.641200,1.892300
1,1,20.288729,16.430300,2.830800,2.430900,1.612500
1,1,20.305471,16.741399,2.355500,3.259600,2.023100
1,1,20.322078,16.607802,2.740600,2.553700,1.805000
1,1,20.338918,16.839799,2.292300,2.509900,1.741100
1,1,20.355327,16.408499,2.529700,2.741500,1.889500
1,1,20.372035,16.708102,2.329500,2.441800,1.645300
1,1,20.388704,16.669400,2.233600,2.617100,2.173000
1,1,20.405287,16.583297,2.268200,2.656500,1.505700
1,1,20.422077,16.789600,1.930100,2.346000,1.635900
1,1,20.438733,16.655602,1.926500,2.429000,1.618800
1,1,20.455882,17.149098,2.172000,2.479100,1.846800
1,1,20.472255,16.373403,2.655100,3.028000,1.747100
1,1,20.488697,16.441997,2.811200,2.754300,1.728400
1,1,20.505471,16.773403,2.461800,2.394700,1.454200
1,1,20.522174,16.703099,2.189100,3.367900,2.029700
1,1,20.538838,16.664200,2.430600,2.878100,1.639000
1,1,20.555388,16.549699,2.659900,2.425600,1.557600
1,1,20.572132,16.744200,2.917300,2.432200,1.699800
1,1,20.588807,16.675200,2.250200,2.911500,1.818000
1,1,20.605540,16.733401,2.410900,3.006700,1.641300
1,1,20.622105,16.564801,2.322900,2.938400,1.750400
1,1,20.639399,17.293800,2.331800,2.523400,1.788500
1,1,20.655479,16.079597,2.947600,3.194200,2.281400
1,1,20.672410,16.931802,2.543500,3.567000,1.686600
1,1,20.688873,16.462598,2.477200,3.052500,1.713500
1,1,20.705273,16.400103,2.366800,3.774400,1.856700
1,1,20.721969,16.696099,1.956600,2.364900,1.595300
1,1,20.738869,16.900200,1.806200,2.458600,1.934300
1,1,20.755333,16.463198,2.255200,3.230500,1.831600
1,1,20.772294,16.961001,2.543800,2.462000,1.895000
1,1,20.788951,16.657602,2.337900,2.986800,1.521500
1,1,20.805339,16.388200,2.826700,2.498500,2.092700
1,1,20.822151,16.811900,2.216600,2.402100,1.669700
1,1,20.838818,16.667198,2.032700,2.462300,1.544600
1,1,20.855379,16.560700,2.227200,2.669800,1.880600
1,1,20.872583,17.204300,2.156700,2.388700,1.578300
1,1,20.888855,16.271401,2.845500,2.776500,1.521500
1,1,20.905391,16.535901,2.757600,2.476100,1.630900
1,1,20.922290,16.899697,2.265200,2.468400,1.714700
1,1,20.938779,16.489003,2.460900,3.179700,1.934700
1,1,20.955317,16.537800,2.519200,2.977600,1.702000
1,1,20.972302,16.984399,2.072600,2.284700,1.723600
1,1,20.988777,16.475700,2.395600,2.800600,1.721200
1,1,21.005661,16.883500,2.739900,4.413700,2.026700
1,1,21.022374,16.713299,3.228400,2.397900,1.558700
1,1,21.038771,16.396999,2.640700,3.596800,2.097900
1,1,21.055362,16.590603,2.947800,2.678900,1.743700
1,1,21.072228,16.866397,2.029400,2.648000,1.828900
1,1,21.088715,16.486801,2.486600,3.377000,2.055800
1,1,21.105331,16.616099,2.267100,2.428400,1.824000
1,1,21.122223,16.892001,1.915000,2.335200,1.720800
1,1,21.138757,16.533602,2.248400,2.587400,1.930400
1,1,21.155737,16.980398,2.257200,2.414100,1.692200
1,1,21.172038,16.301099,2.601900,2.587100,2.016700
1,1,21.188827,16.789302,2.149600,2.352400,1.622600
1,1,21.206050,17.222300,2.190400,2.665400,2.218900
1,1,21.222242,16.191799,2.964100,2.800200,1.986500
1,1,21.239117,16.875900,2.596400,2.635100,1.541800
1,1,21.255952,16.834598,2.274700,3.235200,1.923700
1,1,21.272298,16.346101,2.607500,2.762400,1.482300
1,1,21.289059,16.760800,2.467700,2.228800,1.718800
1,1,21.305899,16.840499,2.293300,2.881300,1.620000
1,1,21.322244,16.344503,2.508500,2.994600,1.639300
1,1,21.339438,17.194200,2.249400,2.243700,1.406300
1,1,21.355754,16.315598,2.474000,3.087100,1.662000
1,1,21.372274,16.520500,2.267600,2.872900,1.746700
1,1,21.389113,16.838800,2.199800,2.420500,1.610200
1,1,21.405750,16.636800,2.394200,2.916700,1.772800
1,1,21.422349,16.599100,2.347000,3.104600,1.615900
1,1,21.439051,16.702399,2.290200,2.402800,1.852400
1,1,21.456224,17.172802,2.040300,3.334200,1.866500
1,1,21.472292,16.067401,3.107300,2.583100,1.981700
1,1,21.489038,16.746398,2.356900,2.205700,1.741400
1,1,21.505901,16.863201,2.073100,3.322600,1.786400
1,1,21.522311,16.409900,2.613300,2.555700,1.712300
1,1,21.539073,16.762201,2.856800,2.339000,1.758900
1,1,21.555791,16.717400,2.265700,2.439600,1.641400
1,1,21.572211,16.420297,2.385700,2.538500,1.863600
1,1,21.588997,16.785901,1.798800,2.248700,1.478300
1,1,21.605908,16.911000,1.954400,2.477200,2.159200
1,1,21.622212,16.304601,2.416600,2.524200,1.894300
1,1,21.639200,16.987398,2.170200,2.222000,1.517800
1,1,21.655834,16.634300,3.025100,2.517900,2.117700
1,1,21.672363,16.529102,2.449900,3.137200,2.139100
1,1,21.689105,16.741399,2.382500,2.478100,1.817900
1,1,21.705881,16.776301,2.380200,2.452100,1.951200
1,1,21.722318,16.437300,2.452500,2.516900,1.561000
1,1,21.739057,16.738601,2.298300,2.939500,2.146500
1,1,21.755700,16.643498,2.253500,3.465200,2.242500
1,1,21.772926,17.225899,2.146500,2.372800,2.047200
1,1,21.789084,16.158201,2.884000,2.908700,1.811700
1,1,21.805543,16.458500,2.376700,2.339000,1.494000
1,1,21.822565,17.022099,2.008900,2.240400,1.479200
1,1,21.839071,16.506203,2.431000,2.924200,1.836900
1,1,21.855692,16.620699,2.607100,2.460100,1.805400
1,1,21.872531,16.838998,2.231100,2.287200,1.741300
1,1,21.889035,16.503703,2.325100,2.961500,1.995700
1,1,21.905746,16.711198,2.282600,2.472400,2.495200
1,1,21.922378,16.632199,2.641800,2.376200,1.664500
1,1,21.939144,16.765602,2.130400,2.684200,2.105600
1,1,21.955622,16.478200,2.437000,2.929400,1.523900
1,1,21.972348,16.725998,2.015400,2.543500,1.592400
1,1,21.989048,16.700301,2.075900,2.451600,2.096200
1,1,22.005647,16.599201,2.140600,2.964600,2.188200
1,1,22.022541,16.893700,2.020800,2.850700,1.546600
1,1,22.039239,16.697600,2.208800,2.353000,1.801800
1,1,22.055716,16.477801,2.578200,2.368500,1.658700
1,1,22.072392,16.675200,2.127000,3.221400,1.588900
1,1,22.089465,17.073397,2.223700,2.524900,1.789200
1,1,22.106249,16.783703,2.594900,3.077900,1.714400
1,1,22.122379,16.129799,3.165400,2.879300,1.952200
1,1,22.139187,16.808100,3.208300,2.892000,1.564400
1,1,22.156117,16.930100,2.217700,3.181800,1.694900
1,1,22.172445,16.327798,2.688300,2.966400,2.065800
1,1,22.188990,16.545203,2.630700,2.336700,1.691000
1,1,22.205989,16.999599,2.066400,2.274200,1.823500
1,1,22.222442,16.452499,2.846100,2.693700,1.780300
1,1,22.239068,16.625702,2.477000,2.192900,1.629400
1,1,22.256104,17.036200,2.099300,2.335700,1.502700
1,1,22.272486,16.382698,2.510200,2.948300,1.932000
1,1,22.288962,16.475100,2.511700,2.530400,2.784200
1,1,22.305876,16.914003,1.956600,2.814500,1.591900
1,1,22.322440,16.564600,2.214000,2.822700,1.946100
1,1,22.339230,16.789999,2.449600,2.546400,1.879700
1,1,22.360081,20.850498,2.852500,2.695300,1.568300
1,1,22.372486,12.405500,6.733500,2.972000,2.198300
1,1,22.389252,16.765401,2.640500,2.360500,1.699800
1,1,22.405922,16.670503,2.203000,2.358100,1.622100
1,1,22.422489,16.566597,2.319300,2.818600,1.970900
1,1,22.439497,17.008200,2.415400,2.223700,1.695800
1,1,22.455928,16.431201,2.693700,3.003300,1.786300
1,1,22.472595,16.666699,2.737900,2.959100,1.837600
1,1,22.489486,16.890902,2.765500,2.414500,1.709700
1,1,22.505984,16.498197,2.797900,3.057000,1.959100
1,1,22.522628,16.643900,2.497100,2.322300,2.459000
1,1,22.539281,16.653102,2.501200,2.447300,1.676500
1,1,22.555951,16.669698,2.492200,2.534600,1.674000
1,1,22.572979,17.028701,2.638300,2.494900,1.537900
1,1,22.589228,16.248699,3.276200,2.820000,1.785600
1,1,22.605994,16.765602,2.761100,2.919000,1.937200
1,1,22.622549,16.555101,2.792600,2.807100,1.640700
1,1,22.639126,16.577099,2.429400,3.026800,1.825300
1,1,22.655773,16.647499,2.469600,3.348700,1.865300
1,1,22.672402,16.628500,2.293500,2.400400,1.616000
1,1,22.689153,16.751103,2.270800,3.027000,2.035200
1,1,22.705908,16.754698,2.439000,2.429000,2.009000
1,1,22.722449,16.541600,2.601400,2.975600,1.674500
1,1,22.739138,16.689301,2.542400,3.131000,2.212300
1,1,22.756034,16.895499,2.535900,2.644700,2.054800
1,1,22.772404,16.369600,2.632500,2.524300,2.007300
1,1,22.789021,16.617302,2.399900,2.446600,2.454800
1,1,22.805953,16.932297,2.257800,2.537300,1.824200
1,1,22.822419,16.465802,2.419500,2.644100,1.965200
1,1,22.839370,16.951200,2.169300,2.932600,1.672400
1,1,22.855929,16.558699,2.286400,2.456500,1.627400
1,1,22.872333,16.404502,2.632400,2.997100,1.797700
1,1,22.889173,16.839899,2.463800,2.427100,1.613900
1,1,22.905806,16.632501,2.390400,2.723800,1.823400
1,1,22.922334,16.528398,2.564700,3.155600,2.094300
1,1,22.939123,16.788501,2.356900,2.503900,1.698900
1,1,22.955761,16.638201,2.427500,3.069300,2.151900
1,1,22.972828,17.066997,2.558500,3.000800,1.644100
1,1,22.989043,16.215302,2.771800,2.718900,1.995200
1,1,23.005934,16.890701,2.328800,2.903000,1.739900
1,1,23.022469,16.535599,2.532700,2.705100,1.740500
1,1,23.039227,16.757701,2.705500,3.144600,1.712800
1,1,23.055706,16.478598,3.132600,3.288400,1.712900
1,1,23.072450,16.744200,2.096500,2.540700,1.931000
1,1,23.089100,16.650401,2.106000,2.502000,2.016400
1,1,23.105770,16.670000,2.268600,2.450700,2.250000
1,1,23.122423,16.652402,2.107100,2.856800,2.320000
1,1,23.139137,16.714100,2.232400,2.387800,1.868900
1,1,23.155660,16.523600,2.011300,2.325500,1.811100
1,1,23.172330,16.669299,2.010000,2.738400,2.071900
1,1,23.189049,16.719200,1.994300,2.264000,1.721500
1,1,23.205699,16.650401,1.959300,2.926700,2.315400
1,1,23.222445,16.745299,2.047600,2.319000,1.699800
1,1,23.239359,16.913898,2.068300,2.460100,2.191400
1,1,23.255893,16.534001,2.453300,2.685700,1.773900
1,1,23.272631,16.738303,2.412700,2.577700,1.804400
1,1,23.289124,16.493298,2.485200,2.463900,2.088000
1,1,23.305787,16.662501,2.461800,2.446100,1.847900
1,1,23.322696,16.909100,1.957500,2.491900,1.474400
1,1,23.339028,16.332299,2.445400,2.814200,1.956600
1,1,23.356025,16.997200,2.147100,2.349000,1.470500
1,1,23.373147,17.121702,2.380300,2.298600,2.121700
1,1,23.389131,15.984200,3.340800,2.315500,1.624400
1,1,23.405948,16.816899,2.426600,2.939600,1.785100
1,1,23.422437,16.489301,2.745700,2.947900,1.632500
1,1,23.439080,16.642798,2.226700,2.805900,1.693900
1,1,23.455800,16.719501,2.330100,2.641500,2.138600
1,1,23.472497,16.696900,2.293200,2.708700,1.651900
1,1,23.489087,16.590700,2.370500,2.736700,1.610200
1,1,23.505668,16.580701,2.096300,2.999800,1.587600
1,1,23.522782,17.113999,2.055500,2.318100,1.804500
1,1,23.539105,16.323399,2.475700,2.172400,1.823600
1,1,23.555736,16.630601,2.165800,2.407300,2.031200
1,1,23.572302,16.566500,1.980800,2.385400,1.786600
1,1,23.589074,16.771302,1.943700,2.204300,1.569400
1,1,23.605856,16.781997,1.942200,2.776300,1.881900
1,1,23.622636,16.780201,2.325300,2.489400,2.080700
1,1,23.639281,16.644802,2.648000,3.326200,2.205500
1,1,23.656343,17.061900,3.035800,3.292200,1.950700
1,1,23.672885,16.542699,3.346900,3.375600,2.003800
1,1,23.689240,16.354699,2.955000,3.146500,2.168100
1,1,23.705812,16.571701,2.446700,3.283600,2.108800
1,1,23.723132,17.319798,3.209400,2.617200,2.292500
1,1,23.739279,16.147502,3.145900,4.748900,2.287900
1,1,23.756337,17.058101,2.743700,3.113300,1.830500
1,1,23.772537,16.199898,3.039600,2.954000,2.153900
1,1,23.789268,16.730700,2.415200,3.388100,2.085700
1,1,23.806117,16.849503,2.654200,3.055600,1.906800
1,1,23.822767,16.649999,3.063200,3.137800,2.463500
1,1,23.839604,16.836401,2.963300,3.351500,2.173900
1,1,23.855969,16.364899,3.042500,3.180200,2.178800
1,1,23.873019,17.050501,3.800700,2.804600,2.378200
1,1,23.889350,16.330998,3.528000,3.675700,2.308400
1,1,23.906115,16.765300,2.828800,2.663500,2.007400
1,1,23.922572,16.456500,2.754900,2.952400,2.438700
1,1,23.939522,16.950201,2.747300,3.155900,1.864400
1,1,23.955834,16.311999,2.843600,3.299600,1.819900
1,1,23.972580,16.745701,2.606200,3.244200,2.058500
1,1,23.989277,16.696997,2.602100,2.713300,2.056900
1,1,24.006001,16.724303,2.500400,2.958600,2.355400
1,1,24.025347,19.345697,2.824000,3.254800,2.138300
1,1,24.039355,14.008701,5.407400,3.329800,1.961200
1,1,24.055912,16.557001,2.653800,2.958600,2.290300
1,1,24.073175,17.262600,2.944900,2.890200,2.048100
1,1,24.089452,16.277000,3.630800,3.536900,2.235500
1,1,24.105777,16.324800,2.891500,2.680300,2.028300
1,1,24.122571,16.793799,2.201300,3.154500,2.044100
1,1,24.139273,16.701899,2.128800,3.593800,2.302500
1,1,24.156034,16.761303,2.414700,2.597600,1.805100
1,1,24.172859,16.825400,2.745000,2.731900,1.909800
1,1,24.189387,16.527399,3.110300,2.820600,1.983600
1,1,24.205980,16.593300,2.709600,3.274100,1.835700
1,1,24.222632,16.652498,3.033100,2.737300,2.093600
1,1,24.239704,17.071400,2.636200,2.430000,1.917600
1,1,24.256244,16.540200,3.095000,3.040500,1.949300
1,1,24.272550,16.306400,3.028300,2.791500,2.023900
1,1,24.289529,16.978100,2.697600,2.539100,1.787800
1,1,24.305901,16.372699,2.625500,2.523900,2.377900
1,1,24.322834,16.932402,2.230700,2.480700,1.870500
1,1,24.339691,16.857602,2.751200,2.868100,2.074500
1,1,24.355951,16.259499,3.051100,2.508600,1.972300
1,1,24.372674,16.722899,2.361500,2.713700,1.862500
1,1,24.389221,16.547401,2.670800,3.498600,2.265500
1,1,24.405934,16.712900,2.680400,3.170200,1.966100
1,1,24.422609,16.674798,2.547700,3.005800,1.741600
1,1,24.439150,16.540904,2.748800,2.570700,1.857300
1,1,24.455883,16.733199,2.235400,2.445900,1.752800
1,1,24.473673,17.790500,2.114800,3.329600,1.877800
1,1,24.489209,15.535399,4.626800,3.600200,2.091100
1,1,24.506434,17.225001,3.245200,2.624100,1.832900
1,1,24.522534,16.100299,2.940300,3.139200,2.055200
1,1,24.539377,16.842499,2.529400,2.468300,1.793900
1,1,24.555878,16.501401,2.613500,2.737600,1.984300
1,1,24.572473,16.594600,2.379800,3.318100,2.364900
1,1,24.589405,16.932398,2.558500,2.424900,1.823400
1,1,24.606034,16.629104,2.453000,3.286600,1.803600
1,1,24.622853,16.819097,2.490000,2.411800,2.490800
1,1,24.639131,16.277499,2.670500,3.098200,1.909400
1,1,24.656093,16.962200,2.379900,2.746400,1.844400
1,1,24.672940,16.846702,3.166400,2.835200,1.988500
1,1,24.689635,16.695898,3.013300,3.456200,2.697000
1,1,24.706387,16.751200,3.254400,2.833800,2.540000
1,1,24.723013,16.626801,3.224200,3.919500,2.265000
1,1,24.739596,16.582102,3.401600,3.525100,2.680300
1,1,24.757516,17.920300,2.930700,2.993100,2.149800
1,1,24.773032,15.516598,4.970200,3.516800,1.979200
1,1,24.789816,16.783800,3.240600,3.508600,2.096200
1,1,24.806473,16.656499,4.776600,3.616200,2.335400
1,1,24.822861,16.388003,2.839900,3.368800,2.289600
1,1,24.840043,17.182298,2.681800,2.705900,1.974200
1,1,24.856599,16.555700,2.949700,3.082100,2.312200
1,1,24.873056,16.457301,3.643800,5.272800,2.743400
1,1,24.889979,16.923200,2.772600,3.237300,2.963800
1,1,24.906442,16.463101,3.157800,3.577200,2.219200
1,1,24.923378,16.935699,3.168300,3.432500,2.085000
1,1,24.939777,16.398698,3.043800,3.310200,2.262800
1,1,24.956790,17.013300,2.683200,3.426600,2.473300
1,1,24.973156,16.366001,3.452100,3.078700,1.966300
1,1,24.990133,16.977400,2.985400,3.328100,2.062800
1,1,25.006660,16.526699,3.971300,3.448300,2.137300
1,1,25.022840,16.179800,2.851100,3.376400,2.289600
1,1,25.040316,17.476100,2.436900,2.506200,1.878700
1,1,25.056156,15.840102,3.262300,3.307000,2.019900
1,1,25.072958,16.802300,2.378000,3.142600,1.866400
1,1,25.089690,16.731400,2.554700,2.371300,1.768000
1,1,25.106184,16.493898,2.522600,3.418300,2.191400
1,1,25.123306,17.122600,2.451400,2.415800,1.793500
1,1,25.139903,16.596600,3.118100,3.254700,1.759400
1,1,25.156154,16.250599,2.679200,2.715700,1.821700
1,1,25.173610,17.456103,2.238600,2.495500,1.870800
1,1,25.189651,16.041297,3.151200,2.761900,1.906800
1,1,25.206647,16.995702,2.686200,2.612200,2.049600
1,1,25.223248,16.601101,2.983100,3.151600,2.071200
1,1,25.240115,16.866997,3.475700,3.155700,2.231400
1,1,25.256921,16.806003,3.447700,3.389900,2.339500
1,1,25.273998,17.077200,3.390900,3.553100,2.307500
1,1,25.289787,15.788998,4.218000,3.974300,2.653200
1,1,25.306632,16.844802,3.231600,3.237900,2.124800
1,1,25.322991,16.359698,3.948500,3.557800,2.166300
1,1,25.340623,17.631199,3.778000,2.984100,2.311500
1,1,25.356359,15.736502,3.392400,3.242700,2.210600
1,1,25.373204,16.845200,3.041400,3.312600,2.037300
1,1,25.389957,16.752899,2.862500,2.648900,2.151500
1,1,25.406401,16.443800,2.992700,3.275000,1.967900
1,1,25.423309,16.908400,3.342100,3.504400,2.433200
1,1,25.440031,16.722001,3.105900,3.315700,2.677900
1,1,25.456701,16.669501,4.255100,3.345000,2.136800
1,1,25.473232,16.531497,3.133800,3.381100,2.003500
1,1,25.489531,16.299002,2.914800,3.196800,2.005900
1,1,25.506529,16.997501,2.429300,3.138400,1.849000
1,1,25.523460,16.931400,2.637400,2.648900,1.896100
1,1,25.539640,16.180098,3.012800,3.781900,2.290800
1,1,25.556428,16.787499,2.823000,3.495300,2.348900
1,1,25.573275,16.846802,2.848000,3.364300,1.823800
1,1,25.589544,16.269099,2.967300,3.095600,1.783600
1,1,25.606278,16.733702,2.544900,2.533200,1.854500
1,1,25.623107,16.829100,2.214900,2.374400,1.992100
1,1,25.639764,16.657200,2.584000,2.648700,2.001700
1,1,25.656493,16.729500,2.648900,2.435800,1.822300
1,1,25.673254,16.761098,2.474800,2.864800,2.172400
1,1,25.689591,16.336802,2.784600,2.484900,2.085000
1,1,25.706396,16.804300,2.531500,2.528600,2.063700
1,1,25.723139,16.743399,2.483700,2.510800,1.797300
1,1,25.739458,16.318798,2.824800,2.626500,1.931800
1,1,25.756198,16.740501,2.228600,2.300400,1.914400
1,1,25.772894,16.695600,2.121100,3.510800,2.036300
1,1,25.789626,16.732499,2.363000,2.726700,1.969400
1,1,25.806915,17.288603,2.449600,2.337600,1.824800
1,1,25.822996,16.080700,2.971300,2.926800,1.905800
1,1,25.839765,16.769197,2.500700,2.518800,2.252600
1,1,25.856471,16.706001,2.517200,2.905000,1.617900
1,1,25.872762,16.290799,2.640400,2.978500,1.693600
1,1,25.890292,17.530400,2.201400,2.849200,1.713500
1,1,25.906423,16.130701,2.746300,3.039700,1.678400
1,1,25.922870,16.447000,2.341900,2.703200,2.017000
1,1,25.940048,17.178699,2.432900,2.263700,1.734100
1,1,25.956719,16.670100,2.748100,3.539300,1.750400
1,1,25.973534,16.814999,2.832800,4.023100,2.261200
1,1,25.990026,16.492803,3.576700,3.486500,1.923600
1,1,26.006545,16.519099,3.199000,2.574600,1.878000
1,1,26.023334,16.788401,3.586400,2.591500,2.051400
1,1,26.040017,16.683098,2.611300,2.365100,1.579300
1,1,26.056554,16.537100,2.532100,2.797800,1.642800
1,1,26.073267,16.712602,2.259800,2.412400,1.832900
1,1,26.090118,16.851798,2.420000,2.806700,1.827500
1,1,26.106380,16.261801,2.618000,2.511000,1.795200
1,1,26.123354,16.973898,3.032200,2.983900,1.809500
1,1,26.139988,16.633600,2.653900,2.965300,1.977600
1,1,26.157011,17.023500,2.643200,2.647600,2.313100
1,1,26.173237,16.225301,2.826900,2.979500,1.632800
1,1,26.189780,16.543303,2.323400,3.081600,2.168100
1,1,26.206588,16.807899,2.467700,2.359000,1.924200
1,1,26.223337,16.748801,2.614000,3.084600,1.523400
1,1,26.239843,16.506199,2.709000,2.870600,1.905800
1,1,26.256511,16.667999,2.640800,3.929900,1.772100
1,1,26.273227,16.716201,2.441400,2.788100,1.742400
1,1,26.289713,16.486399,2.629300,3.011000,1.686400
1,1,26.306458,16.745001,2.090700,2.540500,1.860400
1,1,26.323073,16.614601,2.104400,2.529100,1.587700
1,1,26.340246,17.172698,2.247200,2.582300,1.899700
1,1,26.356369,16.123202,2.510200,2.843600,1.555300
1,1,26.373314,16.945399,2.248700,2.737300,1.607300
1,1,26.389865,16.550999,2.412200,2.756300,1.939100
1,1,26.406394,16.528800,2.515100,3.180800,1.705300
1,1,26.424195,17.800901,2.318400,2.558000,1.629000
1,1,26.439758,15.562799,3.420200,3.252400,2.039400
1,1,26.456433,16.675401,2.358200,2.617600,1.960100
1,1,26.473116,16.682900,2.234200,3.048600,1.673200
1,1,26.489661,16.544897,2.179500,2.747600,1.933900
1,1,26.506801,17.140001,1.887500,2.464700,2.000300
1,1,26.523264,16.462602,2.358200,3.135400,2.103500
1,1,26.539749,16.485900,2.331000,3.240400,2.220300
1,1,26.556329,16.579200,2.077900,2.389400,1.793400
1,1,26.573097,16.768798,1.924000,2.923100,2.502100
1,1,26.589824,16.726200,1.894200,2.368300,2.035300
1,1,26.607397,17.573703,2.131200,2.701700,2.090000
1,1,26.623495,16.097799,2.656400,3.298000,1.894900
1,1,26.640588,17.092898,2.111200,2.432200,2.092000
1,1,26.656988,16.399901,2.653900,3.076300,2.044800
1,1,26.673806,16.817901,2.678200,2.876500,2.065500
1,1,26.690414,16.608499,2.782600,2.835800,2.206100
1,1,26.706911,16.496498,2.966600,3.523400,2.219400
1,1,26.723648,16.736701,2.572300,3.181100,1.748200
1,1,26.740447,16.799498,2.670900,2.549700,1.733700
1,1,26.757177,16.729902,2.728700,3.026400,1.857200
1,1,26.774209,17.031599,3.214100,2.978500,1.705300
1,1,26.790443,16.234700,3.192800,3.875600,2.265900
1,1,26.807088,16.644999,3.411000,2.690000,1.875800
1,1,26.823517,16.428702,2.588300,2.553600,1.723100
1,1,26.840173,16.656101,2.393500,3.077300,1.727800
1,1,26.856838,16.664900,2.197700,2.559600,1.957300
1,1,26.873663,16.824801,1.996700,2.971500,2.129700
1,1,26.890293,16.630597,2.155500,2.362100,2.019400
1,1,26.906965,16.671900,2.134400,2.602900,2.171600
1,1,26.923669,16.703602,2.156500,2.454800,1.681000
1,1,26.940439,16.770002,2.460600,2.466300,2.293300
1,1,26.956935,16.496599,2.320900,2.572700,2.180200
1,1,26.973711,16.775198,2.131300,3.216500,2.113300
1,1,26.990273,16.562302,2.169400,2.591700,1.907700
1,1,27.007126,16.852699,2.096600,2.584600,2.191500
1,1,27.023502,16.376499,2.175700,3.097400,1.627700
1,1,27.040333,16.831301,1.860000,2.343400,1.509700
1,1,27.056956,16.623002,1.993200,2.377000,1.585800
1,1,27.073905,16.948897,2.047300,2.538600,2.024800
1,1,27.090251,16.346101,2.536900,2.533100,1.985200
1,1,27.107445,17.193101,2.211100,2.567600,1.802200
1,1,27.123824,16.379800,2.778700,2.409900,1.807300
1,1,27.140503,16.678799,2.558100,3.340700,1.789700
1,1,27.157250,16.746901,2.581300,3.043200,1.797700
1,1,27.173765,16.514800,2.516400,3.278900,2.030600
1,1,27.190459,16.694199,2.410300,2.523800,1.947600
1,1,27.207100,16.641401,2.370500,3.142200,1.660400
1,1,27.223761,16.660199,2.324700,3.210000,1.836700
1,1,27.240718,16.957801,2.629600,2.539400,1.720300
1,1,27.257123,16.404301,2.583400,3.084400,1.783100
1,1,27.273758,16.635299,2.546900,2.674300,1.914700
1,1,27.290527,16.769398,2.671500,2.428500,1.880800
1,1,27.307171,16.643502,2.536800,2.692900,1.730600
1,1,27.323812,16.641300,2.562600,3.326600,1.978500
1,1,27.340556,16.743802,2.890300,3.004400,2.045100
1,1,27.357128,16.572099,2.660800,2.821500,2.024000
1,1,27.373726,16.597997,3.149300,3.388700,1.811700
1,1,27.390358,16.631603,2.274500,3.376900,1.821900
1,1,27.407189,16.831197,2.313900,3.041700,1.914800
1,1,27.423754,16.565003,2.521300,2.802700,2.138100
1,1,27.440278,16.523801,2.376900,2.370100,1.773100
1,1,27.456986,16.707897,1.919200,2.458200,1.790200
1,1,27.473643,16.656902,2.012900,2.338100,1.843300
1,1,27.494621,20.978399,2.088400,2.428800,2.095800
1,1,27.507265,12.643602,6.569900,3.392300,2.295100
1,1,27.523776,16.511198,2.930800,3.263400,1.818800
1,1,27.540491,16.714901,2.306200,2.957900,2.107500
1,1,27.557476,16.985800,2.191400,2.421900,2.275600
1,1,27.573814,16.337302,2.597000,2.413300,1.925900
1,1,27.590525,16.710900,2.550100,2.522900,1.789200
1,1,27.607434,16.908899,2.376400,3.230200,1.958500
1,1,27.623843,16.408902,2.881200,4.983700,2.156900
1,1,27.640865,17.022800,2.604000,3.316200,1.946900
1,1,27.657440,16.574297,3.051200,3.369700,2.441800
1,1,27.673972,16.532302,2.923400,3.983300,2.140300
1,1,27.691004,17.032601,2.764100,2.634900,1.688200
1,1,27.707283,16.278997,2.961000,2.944800,2.136000
1,1,27.724179,16.896002,2.801200,2.527500,2.049600
1,1,27.740753,16.573500,2.808200,3.568600,2.165900
1,1,27.756897,16.143899,3.068700,3.629300,2.143700
1,1,27.773954,17.057601,2.815900,3.373200,1.980900
1,1,27.790767,16.812999,2.627700,2.957000,1.936000
1,1,27.807527,16.759500,2.918200,3.433400,2.066500
1,1,27.823821,16.294099,3.094100,3.190000,1.834800
1,1,27.840301,16.480200,2.731200,3.590900,2.264500
1,1,27.857153,16.852200,2.756300,2.614700,2.317200
1,1,27.873833,16.679700,2.255900,3.517700,1.817300
1,1,27.890345,16.511500,2.599100,3.036300,1.694700
1,1,27.907016,16.671401,2.369900,2.725400,1.888400
1,1,27.923640,16.624399,2.219500,3.322500,1.940000
1,1,27.940453,16.812302,2.073400,3.149800,1.627600
1,1,27.957047,16.594399,2.130900,2.465300,1.685600
1,1,27.973943,16.895901,2.171500,3.045600,1.933100
1,1,27.990344,16.400900,2.887200,2.834000,1.825200
1,1,28.007026,16.682498,2.531900,2.969600,1.825700
1,1,28.023587,16.560100,2.380500,2.729500,1.928900
1,1,28.040726,17.139301,2.123500,2.395600,2.036500
1,1,28.057050,16.323902,2.626900,2.706800,1.911800
1,1,28.073762,16.712200,2.332600,3.129600,1.996900
1,1,28.090467,16.704999,2.648800,2.962500,1.534400
1,1,28.106999,16.532499,2.329200,2.456400,1.697400
1,1,28.123808,16.808700,2.083100,2.962700,1.491700
1,1,28.140238,16.430300,2.561900,2.896600,1.793100
1,1,28.156872,16.633101,2.241000,2.930600,1.615500
1,1,28.173827,16.955402,1.810400,2.585100,1.638100
1,1,28.190225,16.398299,3.103800,3.037500,2.049300
1,1,28.207351,17.125398,2.190800,2.340500,1.510300
1,1,28.223803,16.452599,2.873800,3.506300,1.719800
1,1,28.240403,16.599402,2.449400,2.893400,1.631300
1,1,28.257712,17.309498,2.316200,2.260600,1.713000
1,1,28.273833,16.121201,2.753700,2.372200,2.011600
1,1,28.290312,16.478799,2.610700,3.358900,1.769300
1,1,28.307172,16.859900,2.075400,2.579800,1.628200
1,1,28.323759,16.587101,2.262700,3.118400,1.630400
1,1,28.340482,16.722899,2.346800,3.344400,1.760100
1,1,28.357183,16.700700,2.313400,3.146100,1.937200
1,1,28.373775,16.592700,2.540400,2.705300,1.773500
1,1,28.390947,17.171603,2.192100,2.518400,1.966700
1,1,28.407096,16.149297,2.451200,2.534700,1.687600
1,1,28.423768,16.671702,1.895200,2.513500,1.900700
1,1,28.440496,16.727697,2.345800,2.532900,1.887400
1,1,28.457082,16.586401,2.214100,2.384400,1.699800
1,1,28.473796,16.714301,1.906300,2.914700,1.627300
1,1,28.490349,16.552199,1.982900,2.444700,1.753800
1,1,28.507280,16.931601,1.990400,2.339600,1.895900
1,1,28.523850,16.569402,2.117400,2.523900,2.203900
1,1,28.540317,16.466897,2.159800,2.703800,1.880600
1,1,28.557109,16.792603,2.371900,2.601100,2.042800
1,1,28.573860,16.751200,2.269400,2.493000,1.595100
1,1,28.590750,16.889498,2.253100,2.382000,1.875200
1,1,28.607466,16.716301,2.409200,3.597500,1.808500
1,1,28.624162,16.695499,2.644800,2.338000,1.817700
1,1,28.640800,16.638000,2.756500,2.873300,1.936300
1,1,28.658112,17.312203,2.725300,4.070700,2.746200
1,1,28.673896,15.784100,3.649300,3.625900,2.153000
1,1,28.690488,16.592197,3.135100,2.620200,2.062000
1,1,28.707271,16.782500,2.163100,2.709700,1.597400
1,1,28.723795,16.524803,2.487700,3.215600,2.146100
1,1,28.740589,16.793597,2.347500,3.071700,1.861000
1,1,28.757283,16.694102,2.215000,2.746200,2.025900
1,1,28.773845,16.562000,2.470300,2.653300,2.333500
1,1,28.790587,16.741898,2.476700,3.080300,1.964000
1,1,28.807275,16.688202,2.465800,3.130500,2.173600
1,1,28.823830,16.554400,2.613300,3.334100,1.650400
1,1,28.841524,17.694101,2.316600,3.185700,2.268400
1,1,28.857174,15.650198,3.559200,3.170500,2.108100
1,1,28.874253,17.078601,2.247200,2.594300,1.749800
1,1,28.890870,16.617101,2.484900,2.932200,1.915400
1,1,28.907152,16.282599,2.787800,2.824900,1.809600
1,1,28.923819,16.666800,2.082700,2.285400,1.537300
1,1,28.940759,16.940299,1.946700,2.505600,2.045100
1,1,28.957063,16.303901,2.282700,2.513400,1.831900
1,1,28.973948,16.884901,2.124300,2.597900,1.486700
1,1,28.990570,16.621400,2.199800,3.068900,1.789100
1,1,29.007384,16.814899,2.726200,3.198800,1.853800
1,1,29.023969,16.584300,2.966600,2.723900,1.720000
1,1,29.040454,16.485400,2.530000,3.267400,1.703400
1,1,29.057481,17.026700,2.063900,2.963000,1.714400
1,1,29.073961,16.479999,2.533900,3.087000,1.801600
1,1,29.090574,16.613103,2.313700,2.743100,1.682400
1,1,29.107391,16.817097,2.177800,2.599000,1.995800
1,1,29.123901,16.510103,2.154100,2.417600,2.047000
1,1,29.140549,16.648099,2.078900,2.395000,1.731500
1,1,29.157255,16.705699,1.856100,2.752500,1.672700
1,1,29.174205,16.949899,1.905400,2.414500,1.713100
1,1,29.190546,16.341399,2.541200,2.557200,1.888600
1,1,29.207629,17.083202,2.283500,2.563800,1.834600
1,1,29.223974,16.345002,2.440000,2.732900,2.212400
1,1,29.240484,16.509797,2.532000,2.465900,1.630600
1,1,29.257929,17.445002,2.893100,2.874800,1.487200
1,1,29.273956,16.026799,2.862300,2.559200,1.535900
1,1,29.290602,16.646199,2.651700,2.641600,1.619500
1,1,29.307222,16.619600,2.219600,3.038700,1.486300
1,1,29.323857,16.635302,2.008300,2.305800,1.934500
1,1,29.340534,16.677197,2.614500,3.194200,1.685000
1,1,29.357254,16.719501,2.076800,2.490400,1.807900
1,1,29.373902,16.648300,2.194100,2.733500,1.847000
1,1,29.390714,16.811799,2.635400,2.439800,1.736100
1,1,29.407397,16.682800,2.421700,2.979900,1.831000
1,1,29.424060,16.662899,2.474000,2.536200,1.607700
1,1,29.440861,16.801003,2.511900,2.427800,1.418900
1,1,29.457284,16.423397,2.431300,2.471800,1.750900
1,1,29.474055,16.770802,2.380300,2.535000,1.724600
1,1,29.490741,16.686600,2.557200,2.512500,1.411700
1,1,29.507300,16.558599,2.464800,2.305600,1.852600
1,1,29.525079,17.779402,3.083300,2.945600,1.707900
1,1,29.540491,15.411299,3.404900,2.898100,1.832400
1,1,29.557107,16.615901,2.320400,2.440900,2.366700
1,1,29.573891,16.784500,1.840500,2.491800,1.508000
1,1,29.590778,16.886897,2.101100,3.103800,1.967000
1,1,29.607220,16.441502,2.341200,3.255000,1.960400
1,1,29.624084,16.864099,2.148500,2.643100,1.870600
1,1,29.640698,16.614400,2.956800,3.051600,2.060300
1,1,29.657443,16.744900,2.644100,2.791100,1.741500
1,1,29.673989,16.545601,2.281400,3.014300,1.772200
1,1,29.690508,16.518999,2.300600,2.565600,1.813500
1,1,29.707348,16.840499,2.034000,2.925200,1.661100
1,1,29.723912,16.564403,2.013000,2.650900,1.581200
1,1,29.741036,17.123297,2.081300,2.386600,2.046900
1,1,29.757323,16.287602,2.380600,3.020700,1.498700
1,1,29.773874,16.550299,2.152500,2.537000,2.110300
1,1,29.790423,16.548902,2.123000,2.570200,2.231400
1,1,29.807247,16.824499,1.751600,3.085700,1.843300
1,1,29.823791,16.543601,1.955900,2.542400,1.661100
1,1,29.840789,16.998000,1.794300,2.586200,1.654600
1,1,29.857221,16.432200,2.170200,2.290800,1.725600
1,1,29.873810,16.589500,1.924700,2.954700,2.110100
1,1,29.890928,17.117899,1.805500,3.154500,1.813000
1,1,29.907244,16.315900,2.694000,2.580800,2.037300
1,1,29.923886,16.641900,2.206600,2.596300,1.514500
1,1,29.940752,16.866099,1.879900,2.888000,1.723300
1,1,29.957216,16.464300,2.403900,2.826600,1.700700
1,1,29.974019,16.802400,2.290600,2.543300,1.460400
1,1,29.990592,16.572800,2.052800,2.823500,1.693900
1,1,30.007398,16.806699,2.475600,2.885000,1.662500
1,1,30.023783,16.384803,2.133100,2.463300,2.139800
1,1,30.040691,16.908299,1.974500,2.783400,1.907900
1,1,30.057339,16.647801,2.115000,2.650700,1.784000
1,1,30.073862,16.522299,2.107300,2.663600,1.912200
1,1,30.091274,17.412201,1.866600,2.455100,1.863900
1,1,30.107440,16.165897,2.823900,3.496400,2.597200
1,1,30.124181,16.741801,2.545000,2.642900,2.043000
1,1,30.140676,16.494002,2.114000,2.344100,1.710500
1,1,30.157366,16.690299,2.145200,2.393300,1.640300
1,1,30.174129,16.763598,2.040000,2.370000,1.705500
1,1,30.190491,16.361602,2.440200,3.375000,2.224100
1,1,30.207430,16.938899,2.002900,2.203600,1.618900
1,1,30.223994,16.564202,1.967600,2.692900,1.894000
1,1,30.240715,16.720701,2.223300,2.982700,1.659500
1,1,30.257415,16.700100,2.255200,2.462300,1.521100
1,1,30.274121,16.705900,2.553200,3.814600,1.877200
1,1,30.290516,16.395099,2.438500,2.608400,1.720400
1,1,30.307323,16.807400,1.938900,2.380800,1.776600
1,1,30.324077,16.753998,1.914600,2.483200,1.989500
1,1,30.340762,16.684700,2.249300,3.476000,1.467000
1,1,30.357291,16.528901,2.153300,2.252700,1.565300
1,1,30.374069,16.778599,1.917400,2.907800,1.635200
1,1,30.391122,17.053001,2.131500,2.258000,1.984600
1,1,30.407524,16.401101,2.453800,3.037300,1.638100
1,1,30.423952,16.428500,2.275200,3.592700,1.816500
1,1,30.440682,16.730100,2.251400,3.211200,1.886100
1,1,30.457653,16.971201,2.151400,2.285900,1.674000
1,1,30.473921,16.267698,2.284600,2.940100,1.598500
1,1,30.490644,16.722701,2.168900,2.781000,1.893000
1,1,30.507450,16.806699,2.234000,2.926000,1.442700
1,1,30.524011,16.560100,2.434400,3.211300,1.719300
1,1,30.540649,16.638801,2.324500,3.108500,1.457000
1,1,30.557275,16.626097,2.019100,2.106500,1.671000
1,1,30.573950,16.674202,2.186000,3.141600,1.861200
1,1,30.590654,16.704202,2.172900,2.346700,2.108400
1,1,30.607406,16.751897,1.994500,3.168300,1.821100
1,1,30.623908,16.501803,2.734800,3.057200,1.984500
1,1,30.640691,16.783398,1.892000,2.457100,1.883100
1,1,30.657533,16.841803,2.390300,2.556300,1.896200
1,1,30.674002,16.469199,2.385000,2.461300,1.838500
1,1,30.690853,16.851198,2.088300,2.920200,1.729200
1,1,30.707270,16.417000,2.107800,3.279700,2.017100
1,1,30.724075,16.805202,1.933500,3.033700,1.531500
1,1,30.741318,17.242398,1.996800,2.855800,1.720000
1,1,30.757612,16.294502,2.931900,3.067200,1.840300
1,1,30.774111,16.499199,2.433700,2.329800,1.543900
1,1,30.791083,16.972002,2.028300,2.264000,1.761400
1,1,30.807760,16.676199,2.499200,2.556400,2.126200
1,1,30.824442,16.682599,2.424600,2.250900,1.681600
1,1,30.841025,16.583201,2.147200,3.292000,1.806000
1,1,30.857812,16.786199,2.319800,2.487500,1.843300
1,1,30.874203,16.391803,2.222800,2.377700,1.635800
1,1,30.891082,16.878098,2.089900,2.590200,1.711400
1,1,30.907630,16.548201,2.643600,3.164000,1.781400
1,1,30.924218,16.587898,3.132100,2.793800,1.635100
1,1,30.940965,16.747601,2.044900,2.628000,1.629900
1,1,30.957617,16.651500,2.154900,2.866900,1.713100
1,1,30.974228,16.611699,2.320200,3.213700,2.097300
1,1,30.991370,17.141301,2.048200,2.874400,1.454900
1,1,31.007635,16.265698,3.000200,2.496100,1.579600
1,1,31.024153,16.517501,2.239900,2.731700,1.689600
1,1,31.040844,16.691100,2.322000,3.383200,1.658100
1,1,31.057624,16.779602,1.867600,3.014700,1.487600
1,1,31.074194,16.570400,2.123600,3.014100,1.524700
1,1,31.090849,16.654599,1.921100,3.667000,1.620900
1,1,31.107622,16.773399,1.975700,2.349400,1.462800
1,1,31.124204,16.581502,1.940000,2.569800,2.027500
1,1,31.140928,16.724199,1.944300,2.909900,1.767100
1,1,31.157878,16.950000,1.967600,2.423900,1.964000
1,1,31.174151,16.273499,2.562900,2.812700,1.647200
1,1,31.190990,16.838502,1.865300,2.583100,2.164400
1,1,31.208358,17.368697,1.911000,2.470500,1.880900
1,1,31.224224,15.865501,2.709100,2.556200,1.783200
1,1,31.240895,16.671501,1.880900,2.587600,1.941400
1,1,31.257799,16.903099,2.140100,2.398900,1.796300
1,1,31.274580,16.781200,2.124700,2.541100,2.093600
1,1,31.290838,16.258400,2.653000,2.369300,1.800900
1,1,31.308170,17.331801,1.976100,2.944100,1.860900
1,1,31.324226,16.056199,2.708600,2.961700,1.873700
1,1,31.340857,16.630802,2.386600,2.334500,1.829600
1,1,31.357669,16.811900,1.772100,2.371200,1.885900
1,1,31.374165,16.495898,1.935700,2.640600,2.108000
1,1,31.390952,16.786803,2.373100,2.354700,1.625600
1,1,31.407679,16.727600,2.122900,3.337900,1.451400
1,1,31.424202,16.522497,1.857500,2.806900,2.096800
1,1,31.441586,17.384000,1.987900,2.359600,1.729100
1,1,31.457907,16.321201,2.258000,2.973400,1.549900
1,1,31.474408,16.500801,2.166500,2.618400,1.750300
1,1,31.491144,16.736098,2.084600,2.253700,1.416900
1,1,31.507895,16.751401,1.786000,2.329300,1.840100
1,1,31.524506,16.610701,1.910500,2.369400,1.744700
1,1,31.541287,16.780801,2.002300,2.266400,1.445000
1,1,31.557848,16.560998,1.956300,2.891100,1.588800
1,1,31.575036,17.188501,1.763600,3.082700,1.606700
1,1,31.591499,16.463201,2.776500,2.311900,1.559200
1,1,31.607951,16.451500,2.102200,2.814000,1.745200
1,1,31.624653,16.701899,1.963000,2.552800,2.172000
1,1,31.641388,16.735300,2.135400,2.324300,1.738400
1,1,31.658119,16.730897,1.963900,2.742500,2.366500
1,1,31.674725,16.605902,2.164000,3.069500,1.772700
1,1,31.691259,16.533799,2.609900,3.132400,1.733800
1,1,31.707750,16.490899,2.144900,2.549800,1.837100
1,1,31.724498,16.748499,1.787300,2.240600,1.635300
1,1,31.741173,16.675401,1.663300,3.140600,2.365000
1,1,31.758384,17.210498,1.828100,2.473200,1.674300
1,1,31.774841,16.457003,2.637000,2.813500,1.577700
1,1,31.791091,16.250100,2.408800,2.529900,1.724700
1,1,31.808266,17.175298,1.989900,2.445600,1.604200
1,1,31.824658,16.391400,2.312000,2.755300,2.095500
1,1,31.841574,16.915802,2.388200,2.710100,1.685500
1,1,31.857966,16.392797,2.902100,2.623700,1.677200
1,1,31.874711,16.744401,2.321300,2.745400,1.690900
1,1,31.891353,16.642001,2.330400,3.298500,1.896300
1,1,31.907989,16.636699,2.430400,2.971900,1.781200
1,1,31.924656,16.666800,2.503400,2.584900,1.580000
1,1,31.941212,16.555302,2.038500,2.325000,1.648900
1,1,31.957825,16.613599,1.982000,2.421900,1.831200
1,1,31.974852,17.026599,2.004400,2.459300,1.637100
1,1,31.991218,16.366299,2.150000,2.525700,2.069700
1,1,32.007842,16.623802,1.956200,3.006200,1.925600
1,1,32.025242,17.399799,1.951300,2.267000,1.554600
1,1,32.041185,15.943799,2.473200,3.193600,1.686800
1,1,32.058403,17.217301,2.231200,3.047700,1.571700
1,1,32.074722,16.318999,3.072400,2.476300,1.656500
1,1,32.091218,16.495999,2.344400,3.321100,1.882700
1,1,32.107909,16.691700,2.341800,2.973900,1.582800
1,1,32.124544,16.634300,1.884800,2.370000,1.608200
1,1,32.141344,16.799901,2.062100,2.831400,1.783300
1,1,32.158133,16.789600,2.198000,2.934100,1.562100
1,1,32.174737,16.603999,2.460200,3.075100,1.793500
1,1,32.191190,16.453102,2.388800,2.412100,1.445700
1,1,32.208295,17.104898,2.056900,2.711500,1.604400
1,1,32.224478,16.182501,2.558900,2.566500,1.630700
1,1,32.241190,16.712002,2.525000,2.408800,1.609300
1,1,32.258172,16.982298,1.825300,2.784400,1.734100
1,1,32.274547,16.375199,2.426200,3.160800,1.628400
1,1,32.291145,16.597699,2.705000,2.602000,1.497600
1,1,32.307997,16.852200,1.728200,2.570500,1.785700
1,1,32.324537,16.539600,2.158200,3.380200,1.787600
1,1,32.341197,16.660001,2.252200,2.623500,1.905400
1,1,32.357974,16.777102,2.078000,2.991100,1.619300
1,1,32.374505,16.530700,1.916100,2.731700,2.042500
1,1,32.391156,16.651399,1.978800,2.387300,1.568300
1,1,32.408052,16.896401,1.804400,2.326700,1.598700
1,1,32.424495,16.442198,2.367100,2.334300,1.763600
1,1,32.441297,16.802900,1.961400,2.371000,1.490000
1,1,32.457886,16.588401,2.491900,2.385000,1.694900
1,1,32.474898,17.012600,2.148400,3.481000,1.838300
1,1,32.491288,16.389702,2.512300,2.284500,1.603500
1,1,32.508003,16.715098,2.063400,2.692300,2.125300
1,1,32.524523,16.519301,2.968400,2.897000,2.119300
1,1,32.545859,21.336898,2.058700,2.315800,1.542100
1,1,32.558427,12.567703,6.788200,2.960300,2.020200
1,1,32.574683,16.256098,3.554100,2.576900,1.507100
1,1,32.591330,16.646203,2.289400,2.869200,2.130000
1,1,32.608039,16.709097,2.356200,2.275300,1.650400
1,1,32.624576,16.537201,2.048300,2.758900,1.721900
1,1,32.641298,16.722299,1.970900,2.872000,1.455300
1,1,32.658378,17.079603,2.055100,2.474900,1.846500
1,1,32.674938,16.560398,2.394300,2.299800,1.885300
1,1,32.691265,16.326699,2.343000,2.884000,1.866000
1,1,32.708371,17.106101,2.177300,2.613700,1.690500
1,1,32.724944,16.572900,2.875400,2.471100,1.757400
1,1,32.741605,16.660802,2.794200,2.960600,2.007500
1,1,32.758328,16.723398,2.910800,2.894800,1.534700
1,1,32.774800,16.471598,2.515100,2.464000,1.568800
1,1,32.791562,16.762901,2.742800,2.691000,1.958700
1,1,32.807969,16.406700,3.088600,2.527300,1.570500
1,1,32.824750,16.780902,2.202700,2.835700,1.842700
1,1,32.841282,16.532198,2.454400,2.703700,1.839500
1,1,32.858515,17.232303,2.297600,3.501300,1.824200
1,1,32.874906,16.391598,3.160200,2.800300,1.535000
1,1,32.891380,16.473401,2.440100,3.125400,1.847200
1,1,32.908450,17.070301,2.246700,2.587500,1.590000
1,1,32.924933,16.482800,2.620600,2.476900,1.439800
1,1,32.941670,16.737498,2.349200,3.315900,1.714200
1,1,32.958231,16.561102,2.413800,3.245900,2.123800
1,1,32.974855,16.623698,2.414100,2.667700,2.017900
1,1,32.991471,16.616300,2.265700,2.628700,2.056500
1,1,33.008359,16.887799,2.274900,3.001300,2.080400
1,1,33.024720,16.361203,2.619200,2.519000,1.757300
1,1,33.041394,16.673800,1.913900,2.400000,2.026700
1,1,33.058211,16.817398,2.125700,2.322800,1.710400
1,1,33.074777,16.565099,2.142000,2.327900,2.232500
1,1,33.091338,16.561601,2.302900,2.526800,1.830600
1,1,33.108078,16.739700,1.943100,2.575800,1.890500
1,1,33.124807,16.728699,2.040300,2.481600,2.118700
1,1,33.141624,16.817000,2.350600,3.120500,1.638600
1,1,33.158120,16.496401,2.258600,2.505800,2.065500
1,1,33.174923,16.802598,2.208000,2.921500,1.793800
1,1,33.191399,16.476303,2.419000,2.981200,1.789500
1,1,33.208337,16.938500,1.949300,2.424100,2.486600
1,1,33.224713,16.376000,2.213200,2.778700,1.535700
1,1,33.241465,16.751297,2.110300,2.351000,1.578800
1,1,33.258334,16.869500,2.586600,2.537100,1.775000
1,1,33.274794,16.459402,2.188700,2.502100,1.656200
1,1,33.291732,16.938299,2.295800,2.561400,1.597500
1,1,33.308166,16.434502,2.430300,2.945900,1.973300
1,1,33.324745,16.578600,2.249900,2.516800,1.568700
1,1,33.341638,16.892597,1.965400,2.800500,1.728500
1,1,33.358141,16.503900,2.960400,3.002900,1.733500
1,1,33.374935,16.793601,2.362100,3.018200,1.573700
1,1,33.391431,16.495902,2.500000,3.035200,1.968200
1,1,33.408363,16.932100,2.648500,2.367100,1.938300
1,1,33.424896,16.533200,2.926100,2.926600,1.884400
1,1,33.441566,16.669799,2.441900,3.144300,1.494600
1,1,33.458578,17.012399,2.197600,2.878700,1.639300
1,1,33.475066,16.487200,2.622700,2.593900,2.033300
1,1,33.491624,16.557902,2.392100,2.972000,1.573800
1,1,33.508124,16.500000,2.362500,2.313700,1.655100
1,1,33.524782,16.658198,1.978300,2.533400,1.941900
1,1,33.541466,16.683999,2.004600,2.511200,2.801800
1,1,33.558934,17.467801,2.126800,2.999100,1.989300
1,1,33.574802,15.868902,2.925400,2.840500,1.602500
1,1,33.591408,16.605400,2.626500,2.816000,1.866000
1,1,33.608421,17.013401,2.508300,2.854500,1.836700
1,1,33.624751,16.329497,2.686400,2.721800,1.525000
1,1,33.641815,17.064102,2.318500,3.027400,1.845100
1,1,33.658241,16.425699,2.696000,3.261300,2.003500
1,1,33.674890,16.649600,2.719100,2.861800,1.663300
1,1,33.691635,16.744599,2.284500,2.912800,1.509300
1,1,33.708136,16.501002,2.521300,2.552100,1.592000
1,1,33.724750,16.614698,2.201800,2.685500,1.675600
1,1,33.741514,16.763702,2.097800,2.464000,1.656300
1,1,33.758308,16.793899,2.097800,2.979000,1.654100
1,1,33.774776,16.467500,2.366400,2.822500,2.235200
1,1,33.791393,16.617201,2.323900,3.110400,1.610700
1,1,33.808095,16.701899,1.835600,2.496000,1.829700
1,1,33.824866,16.771000,1.863000,2.851000,2.169400
1,1,33.841459,16.593199,2.100500,2.522100,2.030900
1,1,33.858081,16.621899,2.055300,3.255000,2.211900
1,1,33.874790,16.709302,2.095400,2.616300,1.816200
1,1,33.891390,16.599700,1.957600,2.546300,1.752600
1,1,33.908112,16.721800,1.873800,2.283200,1.638000
1,1,33.924724,16.612198,1.805800,2.375500,1.604900
1,1,33.941572,16.848102,2.321800,2.307000,1.765100
1,1,33.958093,16.521100,2.132200,2.565600,1.886700
1,1,33.974844,16.751200,2.180900,2.447600,1.700800
1,1,33.991747,16.903199,2.465300,2.520100,1.902000
1,1,34.008711,16.964100,2.324700,3.150300,1.664900
1,1,34.024993,16.282000,2.761100,2.347800,1.700600
1,1,34.041859,16.865399,2.396600,3.053400,1.776500
1,1,34.058484,16.625300,2.964800,2.859200,1.831200
1,1,34.075305,16.821001,2.978200,2.564600,1.425000
1,1,34.091541,16.236201,3.074000,2.692200,1.870200
1,1,34.108183,16.641699,2.484400,2.418500,1.727500
1,1,34.124695,16.511802,2.259700,2.285500,2.151000
1,1,34.141413,16.717900,1.924700,3.013600,1.704400
1,1,34.158208,16.795602,1.878200,2.446000,1.700000
1,1,34.174899,16.690399,2.112300,2.232300,1.596900
1,1,34.191706,16.807400,2.079700,3.098500,1.547800
1,1,34.208061,16.354900,2.547200,2.503300,1.877800
1,1,34.225068,17.006401,2.483600,2.356400,2.117800
1,1,34.241610,16.542099,2.379900,2.945900,1.878700
1,1,34.258507,16.897097,2.534000,3.361900,1.866400
1,1,34.275017,16.510502,2.626700,2.348300,1.393200
1,1,34.291409,16.391698,3.001400,3.227600,1.534700
1,1,34.308220,16.810700,2.182000,3.111200,1.786800
1,1,34.324704,16.484700,2.166300,3.092700,1.989900
1,1,34.341455,16.751200,2.127000,2.332900,1.745500
1,1,34.358096,16.640902,2.082600,2.293200,1.882100
1,1,34.374934,16.837798,1.875800,2.580200,1.921800
1,1,34.391843,16.908802,2.269300,3.376700,1.812600
1,1,34.408536,16.692799,2.427300,2.486000,1.655600
1,1,34.425112,16.575802,2.077800,2.460100,1.923600
1,1,34.441980,16.867999,2.159000,3.333700,1.928400
1,1,34.458488,16.508300,2.610300,2.402000,1.530700
1,1,34.475159,16.671300,2.451400,2.949500,1.574200
1,1,34.492053,16.893499,2.274900,2.460800,1.827100
1,1,34.508798,16.745303,2.729700,2.349100,1.590300
1,1,34.525123,16.324800,2.303400,2.826500,1.726400
1,1,34.541754,16.631499,2.248500,2.749000,1.894500
1,1,34.558698,16.944099,2.111700,2.428500,1.610000
1,1,34.575911,17.212402,2.328500,3.004000,1.800000
1,1,34.591943,16.032100,3.127000,2.613600,2.256800
1,1,34.608677,16.734101,2.675500,2.364300,1.508800
1,1,34.625073,16.395800,2.378600,3.187100,2.245800
1,1,34.642461,17.388400,2.485300,2.763600,1.635500
1,1,34.658789,16.327798,2.646500,3.128500,1.442100
1,1,34.675282,16.492799,2.743200,2.759200,1.990400
1,1,34.692365,17.083101,2.538200,2.407400,1.690200
1,1,34.708811,16.445700,2.697200,2.512900,1.949400
1,1,34.725433,16.621999,3.288300,2.681800,1.585100
1,1,34.742244,16.811401,2.595600,2.839000,1.510600
1,1,34.758653,16.408801,3.433300,2.831300,2.025900
1,1,34.775276,16.623698,2.636500,2.366800,1.838800
1,1,34.792030,16.753603,2.265800,2.708100,1.736400
1,1,34.809039,17.008800,2.393300,3.466900,2.229600
1,1,34.825348,16.308799,2.721000,2.406500,1.658200
1,1,34.842083,16.735699,2.571400,2.234100,1.707100
1,1,34.858608,16.524602,2.799500,2.417300,2.267500
1,1,34.875554,16.945697,2.071200,2.400600,1.634000
1,1,34.891964,16.409900,2.466600,3.532800,2.037800
1,1,34.908566,16.602300,2.447600,2.506500,1.864300
1,1,34.925566,17.000001,2.592600,2.244700,1.422200
1,1,34.941960,16.393799,2.650300,2.966100,1.901700
1,1,34.958659,16.699001,2.490000,2.967100,1.434900
1,1,34.975480,16.821399,2.308500,3.043800,1.552800
1,1,34.991836,16.355999,2.830500,3.453700,1.768000
1,1,35.008674,16.838200,2.080300,2.926600,1.584300
1,1,35.025518,16.843602,1.961900,2.444700,2.295100
1,1,35.041824,16.306400,2.453500,2.852100,1.924900
1,1,35.059100,17.276097,2.369300,2.476700,1.657200
1,1,35.075409,16.308602,2.496400,2.504900,1.856700
1,1,35.091889,16.479999,2.437100,2.559700,1.963100
1,1,35.109110,17.220601,1.966100,2.770900,1.948200
1,1,35.125352,16.241997,2.758300,3.231400,2.039100
1,1,35.141931,16.579103,2.383800,2.692700,1.950300
1,1,35.158656,16.725101,2.171200,2.494800,1.639300
1,1,35.175319,16.663399,1.883600,2.485700,1.872500
1,1,35.192003,16.683500,2.180300,2.491200,1.794600
1,1,35.209058,17.055098,2.210900,2.437300,1.586100
1,1,35.225311,16.253300,2.950500,2.578200,2.132700
1,1,35.241966,16.654603,2.425900,2.383000,1.622900
1,1,35.258917,16.950998,2.048300,2.988400,1.592800
1,1,35.275290,16.372900,2.577200,3.628100,1.797800
1,1,35.292112,16.822200,2.450400,2.493800,1.580800
1,1,35.308821,16.709298,2.382600,3.331900,1.995500
1,1,35.325323,16.502403,2.570400,2.596000,1.546500
1,1,35.342021,16.697798,2.270600,2.367400,1.463100
1,1,35.358708,16.686901,2.371400,2.552000,1.919000
1,1,35.375292,16.583599,2.243500,2.568800,1.962100
1,1,35.392294,17.001901,2.088000,2.993600,1.490300
1,1,35.408683,16.388997,2.300100,2.641500,1.737900
1,1,35.425339,16.656600,2.353000,2.553100,1.477000
1,1,35.442225,16.885303,2.246100,2.652700,1.565400
1,1,35.458725,16.500000,2.354100,2.540400,1.471000
1,1,35.475533,16.807999,2.254300,2.391300,1.691600
1,1,35.491945,16.412899,2.507000,3.191100,1.906100
1,1,35.508589,16.643099,2.306600,2.882100,1.709400
1,1,35.525588,16.999502,2.097900,2.349500,1.600400
1,1,35.541930,16.341798,2.792500,2.554000,1.745500
1,1,35.558709,16.778801,2.078200,3.012900,1.720200
1,1,35.575878,17.169200,2.021900,2.335500,1.539200
1,1,35.592149,16.270801,3.014100,2.508600,1.847300
1,1,35.608673,16.523998,2.531000,2.517900,2.053100
1,1,35.625616,16.943499,2.675100,2.321700,1.573500
1,1,35.642127,16.510803,2.734000,2.748700,1.895200
1,1,35.658755,16.627599,3.140600,3.097000,1.787000
1,1,35.675318,16.563099,2.558900,3.723200,1.767400
1,1,35.692000,16.681902,2.562700,2.683600,1.756500
1,1,35.708695,16.695499,2.489200,2.409300,1.924100
1,1,35.725432,16.737398,2.119500,2.539000,1.806600
1,1,35.742006,16.573403,2.331400,2.776500,1.857200
1,1,35.758714,16.708300,2.094000,2.618000,2.375700
1,1,35.775687,16.972501,2.175500,2.820400,1.746700
1,1,35.792022,16.334999,2.479800,2.576200,1.764300
1,1,35.809395,17.373100,3.169700,2.381000,1.393000
1,1,35.825772,16.377497,2.775400,2.451100,1.758100
1,1,35.842142,16.369902,2.835700,2.853900,1.953500
1,1,35.858695,16.552400,3.518400,2.390800,1.796900
1,1,35.875584,16.889900,2.352000,2.461600,1.724300
1,1,35.892100,16.515300,2.458600,2.713100,1.876300
1,1,35.909094,16.994301,2.607700,2.664300,1.925700
1,1,35.925517,16.422898,2.877000,2.931700,1.743700
1,1,35.942111,16.593702,3.239400,2.991800,2.039200
1,1,35.958699,16.588699,2.705200,2.568900,1.646600
1,1,35.975521,16.821500,2.351800,2.486400,1.715600
1,1,35.991931,16.410302,2.394800,3.233900,2.183000
1,1,36.009210,17.279100,2.253900,2.389300,1.999200
1,1,36.025476,16.265400,2.781900,2.863500,2.206200
1,1,36.042129,16.653098,3.373000,3.132100,1.755500
1,1,36.059029,16.900100,2.561500,2.907600,1.814800
1,1,36.075226,16.197201,2.568200,2.518100,1.909700
1,1,36.092463,17.237000,3.434500,2.890700,1.733800
1,1,36.108695,16.231999,2.665800,3.192100,2.169800
1,1,36.125625,16.930301,2.276200,2.428000,1.901200
1,1,36.142195,16.569499,2.526600,2.427200,2.162100
1,1,36.158880,16.684901,2.302800,2.996400,1.878300
1,1,36.175562,16.682699,2.445700,2.342400,1.720800
1,1,36.192596,17.033201,2.200400,2.944400,1.596700
1,1,36.208814,16.218200,3.076300,2.869200,1.659600
1,1,36.225488,16.674601,2.095600,2.877200,1.770400
1,1,36.242425,16.936701,2.045200,2.622800,1.878800
1,1,36.259044,16.618900,2.469300,2.964400,1.930300
1,1,36.275607,16.563199,2.192100,2.377800,1.488700
1,1,36.292305,16.697299,2.234700,2.341300,1.632300
1,1,36.308763,16.458601,2.282600,2.939000,1.901900
1,1,36.325668,16.904499,2.155800,3.320200,1.734100
1,1,36.342142,16.474102,2.272900,3.024900,1.630100
1,1,36.358776,16.634699,2.128100,3.748300,1.805900
1,1,36.375927,17.150600,2.142300,2.584200,1.682600
1,1,36.392193,16.265601,2.505700,2.749400,2.365500
1,1,36.408923,16.730800,2.414400,2.383900,1.909400
1,1,36.425405,16.481698,2.274400,2.706700,1.705700
1,1,36.442143,16.737703,2.150500,2.427400,1.642200
1,1,36.459030,16.886897,2.065100,2.695800,2.116800
1,1,36.475738,16.708601,2.027900,2.852400,1.825400
1,1,36.492296,16.557798,2.259600,2.620200,1.741200
1,1,36.508998,16.702302,2.086800,2.447200,2.602000
1,1,36.525567,16.568299,2.225600,2.894500,1.991200
1,1,36.542273,16.706299,1.900000,2.283200,1.949600
1,1,36.559008,16.734503,1.924300,2.843600,1.966400
1,1,36.575645,16.637698,2.016900,2.257800,1.792200
1,1,36.592280,16.635101,1.968000,2.666800,1.878100
1,1,36.609169,16.888298,2.095300,2.700100,1.862200
1,1,36.625810,16.641703,2.393100,2.504800,1.878400
1,1,36.642421,16.610797,2.350900,2.535700,1.883400
1,1,36.659567,17.146003,2.317500,2.560500,2.122000
1,1,36.676762,17.194998,2.822900,2.586800,1.821000
1,1,36.692820,16.058203,3.768700,3.032700,1.885300
1,1,36.709209,16.388297,3.201200,2.891300,1.501000
1,1,36.725825,16.616002,2.934300,2.921800,1.582200
1,1,36.742708,16.883601,2.616700,3.155700,1.604400
1,1,36.759273,16.564999,2.692600,3.691700,1.810000
1,1,36.775776,16.502902,2.998400,2.413300,1.781700
1,1,36.792829,17.052997,2.418000,3.118900,1.894800
1,1,36.809148,16.318802,3.512700,2.777000,1.601600
1,1,36.825875,16.727500,2.090400,2.235800,1.862400
1,1,36.842878,17.003000,2.178400,3.150500,1.763600
1,1,36.859305,16.426101,2.697100,2.893200,1.669600
1,1,36.875935,16.630698,2.980500,2.912200,1.955000
1,1,36.892972,17.037202,2.383200,2.584500,1.758000
1,1,36.909235,16.262900,2.819300,2.809700,1.761600
1,1,36.925952,16.716298,2.137800,3.145300,1.606000
1,1,36.942651,16.699400,2.089400,2.463900,2.296500
1,1,36.959278,16.627301,2.250200,2.290400,1.584700
1,1,36.975895,16.616203,2.186700,2.446700,2.157000
1,1,36.992630,16.735800,2.032500,2.497100,1.914800
1,1,37.009223,16.593099,2.487400,2.850800,1.670800
1,1,37.025961,16.737700,2.896900,2.653600,1.717300
1,1,37.042662,16.700901,2.308100,2.230900,1.767600
1,1,37.059235,16.573399,2.263200,2.700200,1.548000
1,1,37.075924,16.688202,1.976000,2.542000,2.219700
1,1,37.093196,17.272398,2.135000,2.340000,1.789800
1,1,37.109342,16.146202,2.758500,3.262200,1.676900
1,1,37.125896,16.553398,2.312200,2.334600,1.826700
1,1,37.142709,16.813502,2.104700,3.157200,1.976300
1,1,37.159451,16.742099,3.283900,2.843700,2.055700
1,1,37.176094,16.643099,2.913400,2.782500,1.865600
1,1,37.192773,16.678400,2.363300,2.382800,1.654800
1,1,37.209707,16.934201,2.499000,2.547600,1.910100
1,1,37.225835,16.128499,2.827000,2.503200,2.599300
1,1,37.242793,16.957801,2.300400,2.545800,1.649800
1,1,37.259379,16.585499,2.321100,2.966700,1.771400
1,1,37.276135,16.756099,2.234100,3.008000,1.676200
1,1,37.292559,16.424600,2.659900,3.082000,1.549300
1,1,37.309250,16.690101,2.439300,2.796200,1.448200
1,1,37.326117,16.867001,2.215100,2.286200,1.746200
1,1,37.342699,16.582500,2.535500,2.664600,1.627200
1,1,37.359265,16.566198,2.454000,3.233600,1.631600
1,1,37.375972,16.706701,2.005500,2.273800,1.796500
1,1,37.392699,16.726900,2.115800,3.127000,1.738500
1,1,37.409182,16.483098,2.286200,2.781900,2.094500
1,1,37.425860,16.678102,1.963900,2.614800,1.803300
1,1,37.442636,16.776100,2.162400,2.767200,2.011800
1,1,37.459271,16.634900,2.047800,2.462900,1.750300
1,1,37.476030,16.759299,2.261100,3.495600,1.821200
1,1,37.492599,16.568501,2.571100,3.065500,1.840100
1,1,37.509180,16.580999,2.087200,2.369900,1.785300
1,1,37.525926,16.746402,1.991400,2.330900,1.663500
1,1,37.542778,16.851697,2.052100,2.565600,1.864700
1,1,37.559298,16.520001,2.556100,2.803500,1.683200
1,1,37.579619,20.320799,2.214400,3.673700,1.892500
1,1,37.592829,13.209902,5.876000,2.729700,2.042300
1,1,37.609362,16.532999,3.167500,2.971400,1.818600
1,1,37.626396,17.034300,2.171000,2.404000,1.887000
1,1,37.642662,16.265702,2.885300,3.684100,1.886800
1,1,37.659593,16.931001,2.114600,2.983300,1.453000
1,1,37.676233,16.640197,2.247700,2.970100,1.953900
1,1,37.692693,16.460303,2.275800,2.511100,2.204600
1,1,37.710007,17.313600,2.273800,2.998600,1.488700
1,1,37.726225,16.218599,2.724900,2.407600,1.854300
1,1,37.742678,16.452301,2.629300,2.327200,1.829500
1,1,37.759592,16.914800,2.271500,2.277900,1.697800
1,1,37.776245,16.652599,2.270600,3.178500,1.970100
1,1,37.792732,16.487099,2.385000,2.654800,1.733900
1,1,37.809794,17.062102,2.399600,2.616500,1.468300
1,1,37.826073,16.278800,2.901600,2.932300,1.918800
1,1,37.842815,16.742401,2.779800,2.653600,1.963500
1,1,37.859574,16.758900,2.473900,2.286500,1.691800
1,1,37.876031,16.456597,2.358400,2.816300,1.727000
1,1,37.892645,16.614202,2.137700,2.376500,1.719600
1,1,37.909453,16.808100,2.272500,2.943100,1.649300
1,1,37.926068,16.614899,2.332400,2.591400,2.002900
1,1,37.943155,17.086402,2.989900,2.494500,1.661000
1,1,37.959413,16.258799,3.492900,2.753100,1.604700
1,1,37.976092,16.678501,2.684600,3.291900,1.966700
1,1,37.992646,16.553901,2.310500,2.457400,2.342200
1,1,38.009315,16.668797,2.188000,2.777400,1.811500
1,1,38.026066,16.751900,2.255400,2.480800,1.707400
1,1,38.043096,17.029401,2.321400,2.458000,1.706900
1,1,38.059375,16.278900,2.492100,2.705800,2.028800
1,1,38.076105,16.730100,2.522500,2.515700,1.793400
1,1,38.093128,17.023202,2.258100,2.936400,1.823100
1,1,38.109436,16.307499,2.425500,3.039100,2.211700
1,1,38.126146,16.710401,2.215000,2.489900,1.858800
1,1,38.142899,16.753197,2.588000,2.631600,1.752900
1,1,38.159814,16.915001,2.881400,2.736400,2.059300
1,1,38.176072,16.257402,3.144300,2.377600,1.659300
1,1,38.192914,16.842000,2.891700,2.919800,1.903600
1,1,38.209418,16.504601,2.662200,2.953900,1.881700
1,1,38.226261,16.842697,2.307200,2.336300,1.824000
1,1,38.242920,16.659401,2.448600,2.652600,1.816400
1,1,38.259342,16.421299,2.762000,2.747600,2.085800
1,1,38.276350,17.008200,2.262400,2.840500,1.743100
1,1,38.292739,16.389601,2.640500,2.969500,1.991300
1,1,38.309325,16.585298,2.506900,2.729500,2.870400
1,1,38.325980,16.655702,2.060700,2.329400,1.469000
1,1,38.342787,16.806599,2.036200,2.468600,2.029600
1,1,38.359561,16.774002,2.219200,3.322600,2.165700
1,1,38.376483,16.921598,2.405800,2.602000,1.752800
1,1,38.392834,16.351201,2.951300,3.308200,2.099400
1,1,38.409847,17.012801,4.011100,2.553500,1.988600
1,1,38.426452,16.605299,2.817800,2.566800,1.724300
1,1,38.442708,16.255800,3.005300,3.774600,1.960200
1,1,38.459469,16.760901,2.685400,2.578500,1.779400
1,1,38.476105,16.636699,2.493000,2.867500,1.714000
1,1,38.492642,16.536999,2.530500,2.685000,1.745600
1,1,38.509372,16.729701,2.139400,2.287300,1.478400
1,1,38.526054,16.681898,2.274400,2.967200,1.579300
1,1,38.542838,16.784199,2.347700,2.729200,2.065800
1,1,38.559707,16.869001,2.406100,2.996600,1.715000
1,1,38.576121,16.414102,2.900200,3.068400,1.783700
1,1,38.593190,17.068598,2.449100,2.572300,2.009400
1,1,38.610113,16.922899,3.084100,2.706000,1.999600
1,1,38.626210,16.096901,4.355700,3.248700,1.722800
1,1,38.642831,16.621001,2.993700,3.310000,1.811800
1,1,38.659651,16.820099,2.477600,3.182900,1.730600
1,1,38.676078,16.427800,2.811900,3.143800,2.378200
1,1,38.693492,17.413601,2.385100,3.060500,1.854400
1,1,38.709411,15.919197,3.008900,3.125500,2.016100
1,1,38.726042,16.630702,3.206500,3.416000,2.081900
1,1,38.742840,16.798299,2.004000,2.513800,1.887100
1,1,38.759245,16.404700,2.268800,3.067600,2.100000
1,1,38.776240,16.995501,2.106100,2.901100,1.537200
1,1,38.792739,16.498599,2.278000,2.378600,2.040100
1,1,38.809331,16.592402,2.321100,3.040200,2.043300
1,1,38.826661,17.329998,2.253800,2.246000,3.228300
1,1,38.842746,16.084500,2.815500,2.762200,1.831800
1,1,38.859511,16.764801,2.712200,2.333600,1.925800
1,1,38.876381,16.870100,2.346100,2.294900,1.650900
1,1,38.893003,16.622599,2.765600,3.083500,1.736500
1,1,38.909421,16.417701,2.691900,2.395400,1.837100
1,1,38.926092,16.670700,2.272100,3.051100,1.887600
1,1,38.942701,16.609099,2.197400,2.577200,1.811000
1,1,38.959950,17.248802,1.980200,2.402900,1.628900
1,1,38.976817,16.867600,2.942000,2.415200,1.567000
1,1,38.992790,15.972700,3.207700,3.015200,1.949500
1,1,39.010060,17.269898,2.350400,2.420800,1.606900
1,1,39.026064,16.004499,2.641300,3.014800,1.921900
1,1,39.042811,16.746100,2.355300,2.595800,1.789200
1,1,39.059331,16.520500,2.494400,2.623300,1.785800
1,1,39.076505,17.173603,2.572400,2.949100,1.656700
1,1,39.092859,16.353998,2.905600,3.267800,1.811900
1,1,39.109466,16.607001,2.543000,2.657100,1.775900
1,1,39.126281,16.815700,2.325200,2.629700,2.006300
1,1,39.143055,16.773999,2.509000,3.004300,2.324200
1,1,39.159864,16.808700,3.516000,3.362400,2.276700
1,1,39.176963,17.099399,4.157300,3.326600,1.958000
1,1,39.193314,16.350202,3.544000,3.249500,2.155700
1,1,39.209743,16.429700,5.967800,3.122300,2.018800
1,1,39.226506,16.762398,3.655300,3.590400,2.142000
1,1,39.242871,16.365003,2.985100,2.653100,1.892300
1,1,39.259694,16.822796,2.704800,2.276500,1.707800
1,1,39.276175,16.481001,2.660800,2.538600,1.679200
1,1,39.293169,16.993999,2.570900,3.106000,2.104900
1,1,39.309586,16.417000,3.243100,2.329200,1.655700
1,1,39.326363,16.777001,2.429600,2.901400,1.679800
1,1,39.343251,16.888000,2.749800,3.080900,1.816800
1,1,39.359520,16.269598,2.935500,2.313300,1.837400
1,1,39.376197,16.676400,2.339200,2.805900,1.612200
1,1,39.392874,16.677801,2.382100,2.404300,1.690400
1,1,39.409710,16.835600,2.191700,2.491000,1.674600
1,1,39.426463,16.753301,2.331400,2.962700,1.774900
1,1,39.442932,16.468801,2.557000,2.332500,2.227200
1,1,39.459592,16.659901,2.209500,2.450400,1.801600
1,1,39.476664,17.071899,2.278100,2.501300,1.816200
1,1,39.492837,16.173299,2.930800,2.844000,1.951200
1,1,39.509888,17.050501,2.342400,2.411900,1.620600
1,1,39.526159,16.270999,2.562000,2.655300,1.839400
1,1,39.542822,16.663201,2.959500,3.376600,1.722100
1,1,39.559466,16.643900,2.616900,2.205300,1.684000
1,1,39.576167,16.701300,2.170700,2.374300,1.815800
1,1,39.593152,16.985301,2.231400,2.540600,1.677500
1,1,39.610271,17.118100,2.557100,2.359400,1.769500
1,1,39.626180,15.909199,2.934600,3.347500,1.779500
1,1,39.643281,17.101798,2.390300,3.211700,1.703100
1,1,39.659695,16.413402,2.862000,3.735600,2.821600
1,1,39.676442,16.747098,2.619700,2.712300,3.021100
1,1,39.692947,16.505402,3.355400,3.933500,1.984200
1,1,39.709624,16.676400,3.220600,4.340500,2.405700
1,1,39.726185,16.561199,2.562700,2.475900,2.013400
1,1,39.743218,17.033100,2.295100,2.929300,2.062400
1,1,39.759842,16.623702,2.813200,3.340700,2.296100
1,1,39.776734,16.892698,2.946500,4.200500,2.335500
1,1,39.793186,16.452000,3.292300,3.165400,2.145900
1,1,39.809683,16.496103,3.023000,3.402400,2.003800
1,1,39.826333,16.650598,2.770500,2.661500,1.948200
1,1,39.842956,16.622599,2.455100,2.821500,2.058900
1,1,39.860045,17.089300,2.864100,2.459300,1.694700
1,1,39.876469,16.423702,2.844800,2.382500,1.560600
1,1,39.893084,16.615499,2.540800,3.284500,1.977000
1,1,39.909609,16.524598,2.583100,2.631400,1.967100
1,1,39.926677,17.068300,2.327100,3.556400,2.058300
1,1,39.943459,16.781401,3.431300,3.077400,2.201700
1,1,39.959911,16.452901,3.604500,3.410400,2.174700
1,1,39.976763,16.851500,2.807700,3.243100,1.891600
1,1,39.993226,16.463101,3.165900,2.933700,1.975300
1,1,40.010159,16.932897,2.698000,2.471600,1.730600
1,1,40.026266,16.107000,3.462600,3.629700,2.178500
1,1,40.043421,17.155301,2.786400,2.460200,1.832900
1,1,40.059711,16.289700,2.724500,5.075700,1.854800
1,1,40.076450,16.739301,2.595500,3.408300,1.743400
1,1,40.093184,16.733699,2.525800,3.113300,1.804000
1,1,40.109699,16.515300,2.931100,2.638800,2.178300
1,1,40.126576,16.877200,2.459100,2.352700,1.600000
1,1,40.142919,16.342402,2.506400,3.007500,2.094600
1,1,40.159887,16.968500,2.507700,2.415500,1.779100
1,1,40.176283,16.395800,2.637800,2.892600,1.581200
1,1,40.192818,16.535200,2.248200,3.220900,1.790200
1,1,40.209687,16.868800,2.309500,2.421200,1.387800
1,1,40.226247,16.559999,2.186500,3.180000,2.166100
1,1,40.242826,16.578998,2.230200,4.149100,1.821500
1,1,40.260280,17.453700,2.428000,2.153800,1.468000
1,1,40.276371,16.091499,3.406900,2.444500,2.179100
1,1,40.293408,17.036501,2.580600,2.750000,2.089700
1,1,40.310171,16.763199,3.289800,2.889800,2.335200
1,1,40.326466,16.294699,3.175700,3.410800,1.917000
1,1,40.343080,16.614001,2.879700,2.595800,1.738300
1,1,40.359857,16.777102,2.485200,3.420500,1.924600
1,1,40.376498,16.641498,2.867100,3.314500,1.818400
1,1,40.393001,16.503002,2.548600,3.015000,1.846800
1,1,40.409682,16.680200,2.072700,3.937800,1.974600
1,1,40.426332,16.650900,2.097900,2.613400,2.436100
1,1,40.443637,17.304700,2.535200,3.123300,1.897900
1,1,40.459667,16.029399,3.455900,2.643500,1.955600
1,1,40.476340,16.673598,2.520200,2.439600,2.264900
1,1,40.493122,16.781799,2.129300,3.064300,1.720400
1,1,40.509744,16.622003,2.515500,2.591300,1.995700
1,1,40.526666,16.921598,2.538300,2.420300,2.103300
1,1,40.542978,16.312100,2.732200,3.042700,1.619100
1,1,40.559578,16.600098,2.464500,2.349000,1.483800
1,1,40.576301,16.723502,2.252500,2.823700,1.733400
1,1,40.592905,16.604099,2.267800,2.946300,1.761800
1,1,40.609761,16.855299,2.206400,2.726800,1.574300
1,1,40.626786,17.025601,2.290600,2.821900,1.711300
1,1,40.642943,16.157199,2.829500,2.611100,1.619400
1,1,40.659965,17.021500,2.489400,2.435900,1.644000
1,1,40.676584,16.618703,2.727400,3.715100,1.930800
1,1,40.693374,16.790599,2.601700,3.575300,1.620800
1,1,40.709674,16.299598,2.817200,2.908300,2.027100
1,1,40.726250,16.575903,2.274200,3.168100,1.560700
1,1,40.742983,16.733598,2.188500,2.207300,2.080500
1,1,40.759813,16.829703,2.316100,3.118400,2.007600
1,1,40.776239,16.425498,2.284200,2.416800,1.766200
1,1,40.792963,16.724199,2.582900,2.426800,1.886800
1,1,40.809625,16.662300,2.056700,2.657600,1.768500
1,1,40.826309,16.683903,1.995000,2.385200,1.776900
1,1,40.842937,16.628399,2.155000,3.416000,1.635800
1,1,40.859685,16.747899,2.069100,2.788500,2.088300
1,1,40.876556,16.870800,2.659300,2.292800,2.003600
1,1,40.892831,16.274799,2.922100,2.403900,1.817700
1,1,40.909603,16.772103,1.974200,3.544600,1.737300
1,1,40.926194,16.591199,1.986500,2.302300,1.877100
1,1,40.942893,16.699299,2.077700,2.519000,1.709000
1,1,40.959561,16.667500,1.957300,2.343300,2.472000
1,1,40.976141,16.580202,2.057500,3.146700,2.099600
1,1,40.992872,16.730499,1.930800,2.567500,1.816000
1,1,41.009651,16.778901,2.052500,2.556500,1.776500
1,1,41.026288,16.637597,2.139100,2.298800,1.907900
1,1,41.043029,16.741302,2.098500,4.660000,1.679900
1,1,41.059719,16.689502,2.220100,3.418100,1.976800
1,1,41.076234,16.515397,2.426800,2.613100,2.045100
1,1,41.093343,17.108202,2.372400,2.769000,1.888500
1,1,41.109686,16.343199,2.795600,2.694400,2.178000
1,1,41.126606,16.920600,2.140600,2.312700,1.852000
1,1,41.143605,16.998801,2.577500,2.417700,1.657600
1,1,41.160543,16.938001,3.264800,2.907300,1.541200
1,1,41.176371,15.827999,3.210200,3.228700,2.133900
1,1,41.192970,16.599301,2.383400,2.519300,1.641100
1,1,41.209939,16.968898,2.209500,2.514500,1.766000
1,1,41.226357,16.417202,2.646600,3.732600,1.837700
1,1,41.243198,16.841598,2.848300,2.897200,1.885400
1,1,41.259917,16.719002,2.525800,2.217800,1.602400
1,1,41.276421,16.504198,2.387300,3.254500,1.922100
1,1,41.293272,16.850699,3.445000,2.502700,1.673000
1,1,41.309800,16.527601,2.659100,3.449000,1.804400
1,1,41.326302,16.502600,2.622400,2.927700,1.649700
1,1,41.343089,16.786601,2.266000,3.344900,1.589700
1,1,41.359744,16.655300,2.148300,2.354400,1.651800
1,1,41.376259,16.515099,2.111500,2.904000,1.750400
1,1,41.392985,16.725902,1.985900,2.231300,2.392600
1,1,41.410060,17.074399,2.099100,2.794700,1.658500
1,1,41.426306,16.246401,2.462500,2.429400,1.727200
1,1,41.443395,17.089099,2.191500,2.924200,2.301700
1,1,41.459753,16.357403,2.450500,2.390400,1.731200
1,1,41.476347,16.594198,2.310800,3.740100,1.694100
1,1,41.492950,16.603202,2.183500,2.713000,1.870400
1,1,41.509708,16.758598,2.862400,2.283900,1.956800
1,1,41.526317,16.608600,2.198200,2.542000,1.855500
1,1,41.543243,16.926002,2.632800,3.207500,1.766600
1,1,41.559730,16.486999,2.324100,2.366200,1.889100
1,1,41.576548,16.817700,2.044200,2.523000,1.902400
1,1,41.592891,16.343299,2.586400,2.718900,1.712900
1,1,41.610092,17.200902,2.652900,2.848600,1.909200
1,1,41.626796,16.704001,2.496900,2.552600,2.013100
1,1,41.642960,16.164500,2.711000,3.109100,1.781200
1,1,41.659884,16.923998,2.340200,2.729000,1.640000
1,1,41.676328,16.443800,2.101300,2.823500,1.801100
1,1,41.693194,16.866200,2.253200,3.069400,1.837400
1,1,41.709756,16.561501,2.487800,2.982800,1.669100
1,1,41.726661,16.904801,2.280100,3.813700,2.008400
1,1,41.743202,16.541399,2.575500,2.967700,1.676500
1,1,41.759868,16.665500,2.557100,3.036000,2.394800
1,1,41.776482,16.614500,2.660100,2.647000,1.696300
1,1,41.793066,16.584300,2.566200,2.908800,1.670900
1,1,41.809606,16.539499,2.392900,2.667600,2.158300
1,1,41.826566,16.960200,2.605900,3.321100,2.364900
1,1,41.843296,16.730003,2.332800,3.259200,1.671100
1,1,41.859758,16.462199,2.374200,3.207700,2.104200
1,1,41.876577,16.818698,2.345300,2.530000,1.843700
1,1,41.893008,16.431302,2.644100,3.047400,2.269400
1,1,41.909578,16.570099,2.355900,4.372100,1.549600
1,1,41.926432,16.853500,2.016500,2.516200,1.468000
1,1,41.943051,16.619399,2.080800,3.619500,1.481100
1,1,41.959632,16.580399,2.370200,2.418700,2.059200
1,1,41.976403,16.771000,2.276400,3.013100,1.495100
1,1,41.993007,16.604103,2.287200,2.302700,1.981400
1,1,42.009653,16.646199,2.310600,2.274400,1.623000
1,1,42.026319,16.665999,2.003400,3.287500,1.778300
1,1,42.043052,16.733401,2.193600,2.323100,1.704900
1,1,42.059797,16.744699,2.256000,2.621900,1.692500
1,1,42.076472,16.675200,2.307700,3.032600,2.029500
1,1,42.092978,16.505901,2.320700,4.154200,1.656900
1,1,42.109621,16.642299,2.122500,2.347900,1.745600
1,1,42.126402,16.781200,1.969500,2.361800,1.547300
1,1,42.143183,16.781401,2.151100,2.902800,2.087500
1,1,42.159688,16.505100,2.394700,2.344700,1.989000
1,1,42.176414,16.725902,2.175300,2.317500,1.709800
1,1,42.192913,16.499300,2.152800,2.249500,1.772800
1,1,42.209569,16.655799,2.006500,2.471600,1.579300
1,1,42.226249,16.680002,1.865700,2.478900,1.764100
1,1,42.243079,16.829800,2.012700,3.565300,1.674900
1,1,42.259789,16.709600,2.097600,2.438100,2.600700
1,1,42.276397,16.608197,1.983900,2.442000,1.903400
1,1,42.292972,16.575500,2.451600,2.779000,1.707900
1,1,42.309734,16.761903,2.434800,2.337400,2.266300
1,1,42.326247,16.512398,2.138400,3.192000,1.825700
1,1,42.343018,16.771700,1.952900,2.400500,1.676100
1,1,42.359750,16.731501,2.242100,3.008300,1.869500
1,1,42.376382,16.632300,2.265600,2.940000,1.634300
1,1,42.392913,16.530499,2.152300,2.997200,1.895800
1,1,42.409848,16.934901,1.948800,2.290300,1.641900
1,1,42.426330,16.482599,2.295200,2.471800,1.936000
1,1,42.443008,16.677700,2.128100,3.295100,1.796500
1,1,42.459999,16.991399,2.167400,2.197800,1.810300
1,1,42.476351,16.351603,2.552600,2.352800,1.932300
1,1,42.493237,16.886100,2.250900,2.414800,1.699300
1,1,42.509854,16.616598,2.429700,3.148800,1.832100
1,1,42.526300,16.446199,2.533100,4.604500,1.594400
1,1,42.543161,16.861003,2.206500,3.420100,1.583700
1,1,42.559702,16.541097,2.217800,3.175400,2.071400
1,1,42.576268,16.565800,2.275600,2.942400,1.645100
1,1,42.593136,16.868602,2.036200,2.232500,1.758400
1,1,42.614045,20.908698,2.155300,2.960100,2.118600
1,1,42.626543,12.498401,7.508100,3.498400,2.113800
1,1,42.643443,16.899198,2.880600,3.106500,1.959000
1,1,42.659963,16.520903,2.568600,3.067100,1.790500
1,1,42.676840,16.876999,2.750900,2.918300,1.988400
1,1,42.693351,16.510200,2.665700,3.614800,2.021800
1,1,42.709803,16.452800,2.932600,2.944400,2.062900
1,1,42.726624,16.820498,2.314400,3.231600,1.926700
1,1,42.743312,16.687702,2.639100,3.429900,1.954900
1,1,42.759778,16.466700,3.178100,4.052000,2.224800
1,1,42.776762,16.983699,2.113400,3.050000,1.937300
1,1,42.793244,16.481500,2.610600,3.120600,2.090900
1,1,42.809832,16.588502,2.344600,2.577500,2.033000
1,1,42.826484,16.652200,2.419700,3.390300,2.063800
1,1,42.843379,16.894698,2.380500,2.395900,2.492700
1,1,42.859694,16.315099,2.547000,2.595900,1.928200
1,1,42.876651,16.957000,2.301200,3.783300,2.121500
1,1,42.893145,16.493600,2.373700,2.618100,1.615300
1,1,42.909898,16.752902,2.345000,3.068300,2.244400
1,1,42.926598,16.700801,2.475200,3.408100,2.200000
1,1,42.943673,17.074998,2.423500,2.706100,1.783500
1,1,42.960036,16.362298,2.592200,3.025500,2.002600
1,1,42.976811,16.775303,2.921500,3.363400,2.717100
1,1,42.993955,17.143801,2.895800,3.631400,2.158800
1,1,43.009813,15.858397,3.300800,3.910300,2.054300
1,1,43.026708,16.895000,2.641100,2.443000,2.039700
1,1,43.043287,16.578503,2.466900,3.388400,1.794700
1,1,43.059768,16.481500,2.624700,3.415200,2.448300
1,1,43.076700,16.931999,2.244600,2.854500,1.677200
1,1,43.093198,16.498100,2.327000,2.981000,1.808900
1,1,43.109781,16.582698,2.744600,2.556800,2.300300
1,1,43.126688,16.907301,2.176300,2.372200,1.504300
1,1,43.143254,16.565900,2.269000,2.679000,2.192700
1,1,43.159813,16.559198,2.383600,2.406800,1.920200
1,1,43.176510,16.696703,2.294500,3.002200,1.925800
1,1,43.192968,16.457997,2.319200,2.579600,1.837400
1,1,43.209801,16.833004,2.036200,2.757700,2.280500
1,1,43.226574,16.772799,2.478400,2.363600,1.641800
1,1,43.243232,16.658600,2.756200,2.361200,1.565600
1,1,43.259985,16.752798,2.603400,3.256900,1.745400
1,1,43.276453,16.467702,2.603500,3.215000,1.595900
1,1,43.293107,16.654197,2.832700,2.364800,1.789500
1,1,43.309795,16.687702,2.113100,2.344300,1.771100
1,1,43.326485,16.690198,2.094000,3.048300,1.836200
1,1,43.343156,16.670503,2.266000,2.761500,1.760200
1,1,43.359893,16.737700,2.222300,2.498700,2.060100
1,1,43.376441,16.548198,2.726100,2.643600,2.061300
1,1,43.393239,16.797401,2.266700,2.453700,1.840200
1,1,43.409868,16.628999,2.417500,2.472700,1.699600
1,1,43.426510,16.642202,3.258400,3.173000,1.480900
1,1,43.443407,16.896799,2.626300,2.491400,1.991200
1,1,43.459862,16.454902,2.393600,2.528100,2.548700
1,1,43.476802,16.940199,2.356600,2.472600,1.857500
1,1,43.493298,16.495999,2.841900,2.871600,1.929200
1,1,43.509820,16.522400,2.589600,3.265700,2.176700
1,1,43.526710,16.889799,2.396300,2.305000,1.500400
1,1,43.543261,16.551100,2.552900,3.303700,1.940500
1,1,43.559783,16.522001,2.581500,2.676900,1.935800
1,1,43.576646,16.863100,2.260700,3.059400,1.509300
1,1,43.593244,16.597301,2.378200,3.096100,1.729400
1,1,43.609780,16.536500,2.401700,2.529400,1.673200
1,1,43.626499,16.718797,2.009000,2.245500,1.413400
1,1,43.643321,16.822003,2.067900,4.143300,1.895500
1,1,43.659830,16.508996,2.675400,2.666300,1.726000
1,1,43.676724,16.894203,2.231400,3.565100,1.764800
1,1,43.693203,16.479198,2.450300,3.343400,2.693300
1,1,43.710048,16.844500,2.298300,2.215600,1.621600
1,1,43.726466,16.418401,2.380300,2.655000,2.127800
1,1,43.743340,16.873699,2.764600,2.847200,1.759000
1,1,43.759887,16.547002,2.466600,2.835900,1.627500
1,1,43.776311,16.424399,2.511100,3.103300,1.626300
1,1,43.793273,16.961999,2.082800,2.404800,1.575000
1,1,43.809856,16.582701,2.298300,2.325600,1.941400
1,1,43.826413,16.557101,2.078400,2.588000,2.244700
1,1,43.843064,16.651198,2.314500,3.802600,2.233700
1,1,43.859925,16.861100,2.317600,2.443500,1.840900
1,1,43.876789,16.863503,2.235800,2.310900,1.646500
1,1,43.893394,16.605299,2.306600,2.767400,2.028000
1,1,43.909880,16.486198,2.418600,2.419500,1.542700
1,1,43.926554,16.673103,2.299400,3.174700,1.684700
1,1,43.943181,16.627200,2.466000,2.606500,1.795600
1,1,43.959683,16.502198,2.464600,3.108300,1.548200
1,1,43.976528,16.845401,2.038900,2.634300,1.896400
1,1,43.993139,16.610999,2.188000,3.068700,1.781900
1,1,44.009732,16.592201,2.181500,2.331400,1.912400
1,1,44.026661,16.929898,2.552500,2.587200,1.500100
1,1,44.043365,16.703602,2.915900,2.999700,1.827500
1,1,44.059966,16.600698,2.812800,2.756900,1.995300
1,1,44.076420,16.454600,2.544400,2.886400,1.670200
1,1,44.093491,17.070103,2.172900,2.577500,1.675700
1,1,44.109676,16.185999,2.686600,2.357800,1.568900
1,1,44.126578,16.901601,1.930600,2.350100,1.832100
1,1,44.143333,16.755000,2.471500,4.072400,1.882400
1,1,44.159758,16.425200,2.713800,2.718000,1.892900
1,1,44.176687,16.928900,2.243900,2.387100,1.628600
1,1,44.193331,16.644299,2.616100,2.529300,1.771900
1,1,44.209762,16.430199,2.473100,3.092900,1.657800
1,1,44.226605,16.842902,2.246700,2.697400,1.549500
1,1,44.243321,16.716000,2.695500,2.445500,2.409400
1,1,44.259838,16.517799,2.327700,3.038800,2.484700
1,1,44.276515,16.676601,2.607700,2.870000,1.710200
1,1,44.293050,16.534898,2.353100,2.259400,1.933800
1,1,44.309806,16.756099,1.982400,2.384900,2.225000
1,1,44.326564,16.757801,2.083000,2.788200,1.828600
1,1,44.343146,16.582202,2.098900,2.248300,1.817300
1,1,44.359658,16.511697,2.142500,2.272000,1.587800
1,1,44.376412,16.754203,1.949600,2.912300,1.592800
1,1,44.392996,16.584199,2.064800,4.314300,1.812600
1,1,44.409989,16.992699,2.123800,2.977900,1.630000
1,1,44.426549,16.560201,2.363400,2.456300,1.686700
1,1,44.443417,16.868498,2.784000,2.643900,1.911600
1,1,44.460230,16.812202,2.712100,2.813700,1.791900
1,1,44.476691,16.460899,3.398600,3.272000,2.248500
1,1,44.493150,16.459402,2.508500,2.584100,2.001300
1,1,44.509889,16.739197,2.786700,2.717400,1.943800
1,1,44.526406,16.517103,2.189100,3.062800,1.634200
1,1,44.543139,16.732298,2.090800,2.450600,1.749100
1,1,44.559812,16.673602,2.155600,2.855000,2.159200
1,1,44.576431,16.619299,2.084800,2.265800,1.637600
1,1,44.593237,16.805902,2.084800,2.377000,1.708200
1,1,44.609968,16.730499,2.249200,2.911300,1.751400
1,1,44.626420,16.452398,2.640200,3.165300,1.889900
1,1,44.644809,18.389203,2.262900,2.347100,2.008700
1,1,44.659873,15.063901,3.827500,3.311200,2.438000
1,1,44.676581,16.707398,3.717400,3.898500,2.193400
1,1,44.693264,16.682900,2.405500,2.891200,1.562700
1,1,44.709841,16.577501,2.443900,3.183800,1.967300
1,1,44.726851,17.009500,2.285800,3.078100,1.605100
1,1,44.743145,16.294200,2.533500,2.391800,1.738700
1,1,44.759652,16.507600,2.023300,2.525600,1.566400
1,1,44.776839,17.186698,2.041100,2.346300,1.518800
1,1,44.793063,16.224202,2.471900,3.480600,2.006400
1,1,44.809589,16.525600,2.238000,2.986300,2.384200
1,1,44.826447,16.858298,2.274600,2.754700,1.815000
1,1,44.843133,16.686101,2.167500,2.883100,1.856900
1,1,44.859808,16.674902,2.599500,2.428700,1.792300
1,1,44.876447,16.638499,2.458500,2.749300,1.931700
1,1,44.893083,16.635899,2.155400,3.678700,1.691200
1,1,44.910055,16.972203,2.107300,2.278800,1.620000
1,1,44.926373,16.318597,2.362200,2.746500,1.715400
1,1,44.943269,16.895700,2.189000,2.342500,1.694900
1,1,44.960716,17.447300,2.197300,3.392300,1.767700
1,1,44.976632,15.915301,3.377700,3.139400,1.681100
1,1,44.993300,16.667899,2.809000,2.753600,1.823200
1,1,45.009978,16.678400,2.835600,3.323100,2.046200
1,1,45.026463,16.485002,2.653100,2.535900,1.611600
1,1,45.043135,16.671900,2.187900,3.138600,1.634800
1,1,45.059747,16.612399,2.460700,3.714200,1.827300
1,1,45.076318,16.570400,2.630700,2.720900,1.612000
1,1,45.093106,16.787902,1.899200,3.879400,1.667100
1,1,45.109725,16.619299,1.954300,2.918500,1.774400
1,1,45.126752,17.026998,1.884800,2.354600,2.226300
1,1,45.143037,16.284801,2.328700,2.709800,1.839400
1,1,45.159830,16.793702,2.189500,2.659200,1.683200
1,1,45.176526,16.695898,2.110800,2.815600,1.794300
1,1,45.193024,16.497802,2.428800,3.287200,1.752300
1,1,45.209862,16.838200,2.330500,2.325200,1.390100
1,1,45.226489,16.626399,2.098200,3.040200,1.810700
1,1,45.243197,16.707800,2.204500,2.956300,2.155000
1,1,45.260480,17.283700,2.339400,2.485100,1.648000
1,1,45.276363,15.882697,2.999500,2.769800,1.618200
1,1,45.293104,16.740602,2.243800,4.119400,1.923600
1,1,45.310063,16.959600,2.148700,2.415000,1.752100
1,1,45.326476,16.413301,2.307100,2.454200,1.822500
1,1,45.343331,16.854800,2.046100,2.299200,1.478700
1,1,45.359797,16.465500,2.190300,2.843200,1.769700
1,1,45.376404,16.607299,2.071500,2.929800,1.713300
1,1,45.393055,16.650800,2.111900,2.343400,1.389300
1,1,45.409917,16.861700,1.885600,3.075000,1.968600
1,1,45.426356,16.439699,2.798800,2.463500,1.643200
1,1,45.443010,16.653802,2.136300,2.449700,1.657600
1,1,45.459875,16.864698,2.118300,2.847600,1.818800
1,1,45.477456,17.581601,2.430300,2.476000,1.895700
1,1,45.493502,16.045999,2.967500,3.000600,1.699300
1,1,45.510645,17.142601,1.919000,3.224600,2.781600
1,1,45.527230,16.585302,2.580400,2.787000,1.682200
1,1,45.544270,17.039899,2.221500,3.029800,1.950600
1,1,45.560830,16.560201,2.884200,2.705000,2.985600
1,1,45.577499,16.668200,2.499700,3.129500,1.899200
1,1,45.594029,16.530700,2.977100,3.306100,2.053300
1,1,45.610875,16.845398,3.310800,3.620200,2.259200
1,1,45.628129,17.254300,2.876400,2.903300,2.156300
1,1,45.643987,15.858002,3.370200,4.379700,2.147000
1,1,45.661130,17.143097,2.415900,2.971100,2.263900
1,1,45.677258,16.127501,2.997500,3.685600,2.223300
1,1,45.693930,16.672499,3.152400,3.491200,1.821600
1,1,45.710931,17.001200,2.804200,3.177100,2.010500
1,1,45.727206,16.274702,2.672800,3.879000,2.141300
1,1,45.744022,16.815700,2.324700,2.609100,2.136400
1,1,45.760664,16.642798,2.950000,2.658500,2.068400
1,1,45.777420,16.755901,3.007300,2.895200,1.933700
1,1,45.793995,16.575102,2.665500,3.162200,1.848500
1,1,45.810580,16.584098,2.704500,2.802000,1.871300
1,1,45.827160,16.580101,2.179100,3.251800,1.793700
1,1,45.843848,16.688500,2.030800,3.414900,1.910400
1,1,45.860920,17.072100,2.173400,2.622400,1.767300
1,1,45.877208,16.288098,2.394600,3.034300,1.658700
1,1,45.894098,16.889501,2.263000,2.880000,1.808800
1,1,45.910695,16.596898,2.569400,3.230600,2.211900
1,1,45.927369,16.674202,2.624800,3.107000,2.142900
1,1,45.944059,16.690299,2.906000,3.250000,1.872900
1,1,45.960675,16.615503,2.737000,3.088200,2.219400
1,1,45.977394,16.718797,2.305100,2.797200,2.318000
1,1,45.993904,16.510099,2.373200,3.327500,1.749500
1,1,46.010610,16.706001,2.638100,2.507400,2.095800
1,1,46.027048,16.438801,2.030800,2.536900,1.954100
1,1,46.043816,16.767301,1.765700,2.552500,1.749900
1,1,46.060630,16.814500,1.809700,2.469900,1.870400
1,1,46.077451,16.820598,1.994000,2.462300,2.195200
1,1,46.093808,16.357400,2.306600,2.510100,1.817700
1,1,46.110367,16.559102,2.028400,2.395300,1.668900
1,1,46.127262,16.894300,1.721800,2.405600,2.051800
1,1,46.143853,16.591001,2.463200,2.547900,1.960800
1,1,46.160356,16.503099,2.559400,2.547000,2.060200
1,1,46.177368,17.012399,1.841200,2.535400,1.774400
1,1,46.193725,16.357202,2.118500,2.855500,2.168100
1,1,46.210795,17.069697,2.673500,2.253500,1.510300
1,1,46.227258,16.462900,2.234700,3.299600,1.605300
1,1,46.243870,16.612500,2.549000,2.777000,1.583400
1,1,46.260646,16.775403,2.341600,3.279300,1.561400
1,1,46.277214,16.568199,2.408200,2.844400,1.944000
1,1,46.293787,16.572598,3.321600,3.080900,2.567900
1,1,46.310583,16.796302,2.026500,2.435700,2.060000
1,1,46.327557,16.974498,2.170600,3.112100,1.681000
1,1,46.343928,16.370103,2.947800,3.211900,1.730400
1,1,46.360559,16.631797,2.355900,2.637600,2.143800
1,1,46.377164,16.604200,2.133200,3.457300,2.315300
1,1,46.393818,16.654700,2.133400,3.122000,1.622800
1,1,46.410438,16.619802,2.048800,3.450800,1.982400
1,1,46.427112,16.674202,1.826600,3.168400,1.801700
1,1,46.443905,16.792797,1.854400,2.962300,1.578200
1,1,46.460415,16.510300,1.972100,2.624500,1.957200
1,1,46.477339,16.923901,1.888000,2.481500,1.734000
1,1,46.493822,16.483001,2.032800,2.481200,2.214200
1,1,46.510411,16.589198,2.132900,3.283700,1.816600
1,1,46.527362,16.950201,1.820600,3.306000,1.975200
1,1,46.543888,16.525898,2.086200,3.188600,1.693200
1,1,46.560621,16.733203,3.047600,2.638200,1.724800
1,1,46.577370,16.748797,1.969200,2.487300,1.956500
1,1,46.593763,16.393300,2.431000,2.401000,1.822300
1,1,46.610992,17.229602,2.196800,3.204900,1.745100
1,1,46.627337,16.344998,2.507500,2.255100,1.686300
1,1,46.643965,16.627703,2.377500,3.637300,1.807800
1,1,46.660481,16.515400,2.752200,2.640500,1.725100
1,1,46.677193,16.712297,2.212600,3.034300,1.735800
1,1,46.693885,16.692203,2.209700,2.608900,2.216400
1,1,46.710396,16.511299,2.193700,2.612100,1.985800
1,1,46.727191,16.794402,1.802600,3.082600,1.920700
1,1,46.744145,16.954597,2.071500,3.120300,1.946100
1,1,46.760753,16.607203,2.437800,2.739100,2.378900
1,1,46.777358,16.605198,2.397000,3.349900,1.978400
1,1,46.793854,16.495902,2.585800,3.245800,2.045400
1,1,46.810926,17.072700,2.064400,3.911500,2.288000
1,1,46.827200,16.273797,2.642400,3.482200,2.116600
1,1,46.844439,17.238501,2.805700,2.970600,2.175000
1,1,46.860646,16.207501,2.901900,3.356800,1.957800
1,1,46.877537,16.891200,2.460600,2.878600,1.960100
1,1,46.894349,16.811401,2.820100,3.005600,2.013500
1,1,46.910654,16.305096,2.770700,3.082700,1.868300
1,1,46.927218,16.563702,2.350400,2.664600,1.984100
1,1,46.943940,16.722199,2.526600,2.890700,1.697400
1,1,46.960499,16.559299,2.545400,2.950500,1.778300
1,1,46.977202,16.703401,2.051800,2.937100,1.466800
1,1,46.993804,16.601302,2.128500,3.542400,1.667700
1,1,47.011295,17.491199,1.982300,2.980200,1.495500
1,1,47.027636,16.341500,2.813600,2.691800,1.741400
1,1,47.043886,16.249102,2.706800,2.509800,1.592400
1,1,47.060517,16.631000,2.151400,2.931700,1.549100
1,1,47.077196,16.679097,2.035500,3.198000,1.624600
1,1,47.094085,16.889803,2.024800,2.451100,2.245500
1,1,47.110501,16.415600,2.248100,3.966600,1.972300
1,1,47.127185,16.684297,1.759700,2.373100,1.486800
1,1,47.143943,16.757902,1.944400,2.301300,1.697100
1,1,47.160470,16.526900,2.058700,2.433600,1.811600
1,1,47.177478,17.007701,1.693500,2.258700,1.654900
1,1,47.193791,16.313199,2.365700,2.564200,1.759600
1,1,47.210969,17.177898,2.158000,2.462300,1.555300
1,1,47.227692,16.722903,2.414900,2.909000,1.647600
1,1,47.243882,16.190499,2.716800,2.704800,2.010000
1,1,47.260857,16.974699,2.045600,2.601000,1.634000
1,1,47.277358,16.500801,2.390200,2.922000,1.995700
1,1,47.293809,16.451001,2.967300,2.731800,1.655900
1,1,47.311163,17.354298,2.030100,2.153400,1.700700
1,1,47.327635,16.471501,2.522400,2.500100,1.711500
1,1,47.344455,16.819999,2.323100,2.757100,2.076300
1,1,47.360699,16.244698,2.269200,2.908700,1.617200
1,1,47.378118,17.418500,1.958700,2.560800,1.847000
1,1,47.394264,16.146302,2.696300,3.389100,2.133800
1,1,47.410790,16.525399,2.703500,2.874500,1.794300
1,1,47.427447,16.657799,2.158500,3.271100,1.851300
1,1,47.444423,16.975302,2.130700,2.868000,1.793100
1,1,47.460903,16.480200,2.190700,2.948000,1.715400
1,1,47.477385,16.481999,2.216500,2.862900,2.161000
1,1,47.494092,16.706899,2.145400,2.458100,1.992400
1,1,47.510936,16.843900,1.886700,3.035900,1.701000
1,1,47.527370,16.434200,2.302200,2.900600,1.721600
1,1,47.544083,16.713601,3.214900,2.436800,1.572000
1,1,47.561018,16.934101,1.819400,2.478800,1.952500
1,1,47.577503,16.485099,2.313100,3.882400,1.889600
1,1,47.594872,17.369401,2.230500,2.732300,1.973600
1,1,47.610953,16.080599,3.213100,2.962900,1.617600
1,1,47.627334,16.381200,2.339200,4.705700,2.429100
1,1,47.644304,16.969699,1.898100,2.401600,1.596400
1,1,47.664968,20.664200,2.072600,3.312500,1.934900
1,1,47.677474,12.506101,6.616100,3.069900,2.186400
1,1,47.694795,17.321501,2.633700,3.271000,1.775300
1,1,47.710859,16.063798,3.212700,3.812200,2.140800
1,1,47.728250,17.391302,2.328000,2.392600,1.532100
1,1,47.744322,16.071700,3.023800,2.765500,2.053100
1,1,47.761167,16.845200,3.030000,2.751300,2.417500
1,1,47.777898,16.730897,2.420800,3.000900,1.706900
1,1,47.794193,16.295101,2.788700,3.715200,2.079800
1,1,47.811140,16.946301,2.472900,2.527100,1.588000
1,1,47.827971,16.831398,3.395100,3.605700,1.840200
1,1,47.844481,16.509701,2.721300,2.602400,1.731700
1,1,47.861181,16.700599,2.680100,2.926400,1.722400
1,1,47.877803,16.621601,2.610200,2.808500,1.847000
1,1,47.894569,16.766500,2.666800,2.429400,1.467600
1,1,47.910917,16.347799,2.556900,2.844900,1.893400
1,1,47.927453,16.535401,2.411900,2.748800,1.433400
1,1,47.944575,17.122801,3.171500,2.443500,1.543800
1,1,47.961119,16.543198,2.449900,2.651000,2.273700
1,1,47.977666,16.547501,2.422000,2.455400,1.656700
1,1,47.994074,16.408198,2.584300,2.984900,1.700600
1,1,48.010986,16.911402,2.252400,2.491100,1.862200
1,1,48.027526,16.540699,2.127500,3.469500,1.896700
1,1,48.044245,16.718902,2.080800,3.034300,1.985400
1,1,48.061271,17.025899,2.337600,2.284600,1.389800
1,1,48.077692,16.420800,2.769100,2.962600,2.016400
1,1,48.094717,17.024599,3.019900,2.701600,1.634800
1,1,48.111088,16.371202,2.819600,2.455400,2.182500
1,1,48.127616,16.528200,2.482300,3.705200,1.800500
1,1,48.144771,17.155297,2.424800,2.487500,1.509400
1,1,48.161094,16.322803,2.813500,3.305500,2.258800
1,1,48.177647,16.552597,2.222800,2.461700,2.098700
1,1,48.194267,16.620301,2.338600,2.327100,1.677200
1,1,48.211081,16.814001,2.259300,3.474300,1.874200
1,1,48.227832,16.750898,2.664300,3.468600,1.945200
1,1,48.245936,18.104002,2.797500,3.542800,2.185500
1,1,48.261206,15.269898,5.406900,3.458400,2.236000
1,1,48.277969,16.763300,2.784200,2.694400,1.606700
1,1,48.294430,16.461201,3.051000,3.014600,1.596600
1,1,48.311091,16.660601,2.691800,4.309800,1.978500
1,1,48.328086,16.995002,2.390100,2.968400,1.619000
1,1,48.344382,16.295597,2.825200,3.240700,1.574700
1,1,48.360932,16.550902,2.622900,3.049200,1.653200
1,1,48.377867,16.934600,2.231400,2.500100,1.837200
1,1,48.394565,16.698200,2.422100,3.218700,2.098000
1,1,48.411040,16.474999,2.803700,2.537500,1.572500
1,1,48.427717,16.676500,2.065100,2.336500,1.418300
1,1,48.444262,16.544901,2.400100,2.653400,1.842600
1,1,48.461223,16.961500,2.122500,4.007300,2.035500
1,1,48.478030,16.806800,2.224000,3.831500,2.239900
1,1,48.494311,16.281098,2.815000,2.622400,2.119700
1,1,48.511321,17.010100,2.713100,3.003600,1.865700
1,1,48.527743,16.421799,2.714500,3.119200,2.171700
1,1,48.544643,16.900003,2.614400,2.698000,2.252300
1,1,48.561413,16.770199,2.826000,2.511000,1.571700
1,1,48.577824,16.410500,2.855100,2.795500,2.686900
1,1,48.594291,16.467799,2.657000,3.896800,1.854600
1,1,48.611138,16.846202,2.174100,2.626100,1.992400
1,1,48.627602,16.464498,2.403700,3.579100,2.336600
1,1,48.644509,16.906600,2.513800,3.128600,1.720700
1,1,48.661169,16.660400,2.465300,3.027800,1.968800
1,1,48.678180,17.011002,2.210400,2.955500,2.366900
1,1,48.694402,16.221501,2.909600,2.847300,2.632700
1,1,48.711473,17.071597,2.377000,2.632900,1.773100
1,1,48.727710,16.237002,2.839200,3.223000,1.596200
1,1,48.744399,16.689099,2.455900,3.038200,2.032300
1,1,48.761208,16.808800,2.428800,3.053900,1.942100
1,1,48.777896,16.688101,2.577700,2.912100,1.685000
1,1,48.794353,16.456999,2.608900,2.545200,1.570000
1,1,48.811034,16.681001,2.331400,3.843800,1.726100
1,1,48.827745,16.710401,2.068500,3.396300,1.850800
1,1,48.844316,16.571697,2.101100,2.523200,1.661400
1,1,48.860937,16.620800,2.040800,2.651100,1.762600
1,1,48.877924,16.986702,1.849500,2.455400,1.703200
1,1,48.894595,16.670801,2.365100,2.645500,1.877700
1,1,48.911205,16.610298,2.808900,2.357500,1.605300
1,1,48.927814,16.609102,2.469900,2.800800,1.917300
1,1,48.944376,16.562298,2.391800,2.557900,2.074400
1,1,48.961165,16.788501,2.033900,2.378100,1.978600
1,1,48.977695,16.530100,2.507300,3.491500,2.088800
1,1,48.994278,16.583201,2.397300,3.226300,1.544900
1,1,49.011037,16.758598,2.049300,2.630900,1.933700
1,1,49.027674,16.637601,2.123100,2.389900,2.139600
1,1,49.044509,16.834699,2.169800,3.023900,2.016000
1,1,49.060976,16.466901,2.536200,3.318100,1.641700
1,1,49.077741,16.764898,1.957400,2.989700,2.168600
1,1,49.094282,16.541302,2.038300,2.929000,1.630800
1,1,49.111209,16.926698,1.951100,2.335700,2.320900
1,1,49.127705,16.496003,2.222600,3.165500,1.733400
1,1,49.145011,17.306097,2.232500,3.299700,2.208000
1,1,49.160975,15.964400,2.987700,3.245800,1.959700
1,1,49.178165,17.189603,2.340900,2.992900,1.461400
1,1,49.194805,16.639698,2.659900,2.518800,1.841100
1,1,49.211059,16.254500,2.641600,2.852600,2.121800
1,1,49.227781,16.721800,2.115700,2.376500,1.590900
1,1,49.244376,16.594701,2.078500,2.976300,1.513300
1,1,49.261207,16.831100,2.725600,3.622700,1.568700
1,1,49.277739,16.532399,2.377600,2.421700,1.478200
1,1,49.294721,16.982302,2.782500,3.056700,1.789400
1,1,49.311120,16.399000,2.565400,3.191100,1.626500
1,1,49.327801,16.680799,2.210600,2.961500,1.831900
1,1,49.344782,16.980700,2.113800,2.510500,1.700200
1,1,49.361037,16.254801,2.484800,2.737200,1.858800
1,1,49.377921,16.884699,1.840300,2.654000,1.706500
1,1,49.394325,16.403999,2.742500,2.964600,1.651500
1,1,49.411172,16.846098,2.254800,2.427600,1.369400
1,1,49.427915,16.743001,2.169000,2.830900,2.016700
1,1,49.444438,16.523700,2.561200,2.684600,1.829600
1,1,49.461668,17.230202,2.503900,2.494400,1.812900
1,1,49.477874,16.205799,3.248400,2.799700,1.942200
1,1,49.494539,16.664900,2.521900,2.667200,1.914900
1,1,49.511203,16.664300,2.620700,2.846600,1.688300
1,1,49.527929,16.725402,2.486200,2.752400,2.887300
1,1,49.545123,17.193798,2.732600,3.454900,2.335700
1,1,49.561121,15.998602,3.142000,2.858500,2.267700
1,1,49.577882,16.760599,2.757200,2.828100,1.723400
1,1,49.594608,16.725998,2.601600,2.418900,1.759300
1,1,49.611228,16.619701,2.569800,3.511100,1.987800
1,1,49.628061,16.833600,2.781600,3.081500,2.008600
1,1,49.644560,16.499199,3.362800,3.465600,2.041000
1,1,49.661034,16.473901,2.601500,3.168000,1.927500
1,1,49.678016,16.982101,2.215700,2.456600,1.944100
1,1,49.694570,16.553201,2.575900,2.753500,2.014500
1,1,49.711963,17.393198,2.855900,2.949900,2.314400
1,1,49.728142,16.179003,3.246700,3.371600,2.863600
1,1,49.744406,16.264699,3.258600,3.109400,2.283400
1,1,49.761261,16.854998,2.497900,2.946900,1.715200
1,1,49.778372,17.110500,2.539400,2.646200,1.795100
1,1,49.794360,15.987802,3.204300,3.466300,2.026600
1,1,49.811136,16.775798,2.532200,3.226500,2.053800
1,1,49.828180,17.044801,2.229500,2.446400,2.133200
1,1,49.844449,16.269099,2.709900,3.200600,1.844500
1,1,49.861457,17.007500,2.468000,2.632500,2.026800
1,1,49.878348,16.890701,2.467600,3.045800,1.697000
1,1,49.894649,16.301200,2.671400,2.361800,1.550700
1,1,49.911272,16.623098,2.508800,2.458500,1.892100
1,1,49.928059,16.786702,2.466300,2.595800,1.762300
1,1,49.944522,16.462900,2.940900,3.715200,1.996700
1,1,49.961209,16.686998,2.479500,2.694200,1.984000
1,1,49.978015,16.806103,3.163300,2.848900,1.713100
1,1,49.994723,16.707897,2.970700,2.937500,1.595900
1,1,50.011137,16.414899,2.962400,2.799400,1.969400
1,1,50.027829,16.691502,2.316900,3.154100,1.644800
1,1,50.044440,16.611498,2.478600,3.319300,1.900800
1,1,50.061364,16.923800,2.318200,2.644800,1.859000
1,1,50.077845,16.481102,2.362000,3.531800,1.958000
1,1,50.094465,16.619299,2.166000,2.391700,1.908500
1,1,50.111206,16.741000,2.928100,2.622500,2.048800
1,1,50.127736,16.530201,2.445300,3.129600,2.414300
1,1,50.144776,17.040301,2.479700,2.524000,2.697000
1,1,50.161084,16.307399,2.794300,2.963000,1.889100
1,1,50.177793,16.709402,2.464600,2.539700,1.833000
1,1,50.194763,16.969997,2.176000,3.224400,1.762200
1,1,50.211156,16.393401,2.702400,2.931300,1.856900
1,1,50.227938,16.782101,2.295900,2.375000,1.546700
1,1,50.244599,16.660798,2.389400,3.095700,1.570600
1,1,50.261097,16.497802,2.453500,2.557700,2.279600
1,1,50.277955,16.857799,2.269500,2.421600,1.591400
1,1,50.294413,16.458601,2.526700,2.990900,1.716000
1,1,50.311331,16.917098,2.306300,2.603600,2.054000
1,1,50.327726,16.395401,2.552600,2.617300,1.624800
1,1,50.344499,16.772699,2.194200,2.838000,1.821900
1,1,50.361185,16.686402,2.467500,3.955500,1.739400
1,1,50.377697,16.512100,2.249700,2.993600,1.680700
1,1,50.394436,16.739100,2.267600,4.618900,2.066500
1,1,50.411506,17.069399,2.328600,2.491300,1.594900
1,1,50.428023,16.517598,2.621600,2.542000,1.649300
1,1,50.444467,16.443301,2.840400,3.013200,2.325000
1,1,50.461573,17.106500,3.144100,2.878000,1.718300
1,1,50.477932,16.359199,3.085900,2.830500,1.846400
1,1,50.494591,16.658403,2.760400,3.136800,2.190800
1,1,50.511404,16.813200,2.581800,2.520400,1.722100
1,1,50.528170,16.765900,2.605800,2.961800,2.112200
1,1,50.544507,16.337298,2.967800,3.210700,1.999700
1,1,50.560983,16.476199,2.603800,3.162800,1.939000
1,1,50.577854,16.870901,2.719900,2.833100,1.930300
1,1,50.594329,16.475100,2.700600,2.604000,1.897000
1,1,50.611264,16.934402,2.202400,2.997000,2.093300
1,1,50.627701,16.436998,2.374100,2.584800,2.234700
1,1,50.644637,16.936202,2.308100,2.651700,2.029700
1,1,50.661232,16.594797,2.587600,2.580900,1.929900
1,1,50.677847,16.615503,2.400300,3.113300,2.073600
1,1,50.694676,16.828399,2.404900,3.276400,2.814300
1,1,50.711156,16.480401,2.401200,2.781400,2.356500
1,1,50.728142,16.986500,2.190000,3.345200,2.612600
1,1,50.744688,16.546000,2.527000,4.054000,2.191900
1,1,50.761126,16.437497,2.570900,3.158800,2.269100
1,1,50.777935,16.809400,2.378000,3.195400,1.837900
1,1,50.795018,17.082501,2.506300,2.677100,2.092200
1,1,50.811606,16.588300,3.171700,3.215700,2.455200
1,1,50.827662,16.055699,3.156400,4.130000,1.936500
1,1,50.844794,17.131701,2.023300,3.359700,1.812200
1,1,50.861329,16.535498,2.659400,3.295400,2.049600
1,1,50.877828,16.499203,2.598300,3.044100,1.415400
1,1,50.894526,16.697999,2.310100,2.413600,1.574800
1,1,50.911252,16.725399,2.336600,3.435100,1.694100
1,1,50.927990,16.738500,2.251200,2.899400,2.055500
1,1,50.944461,16.471099,2.642400,3.671800,1.591800
1,1,50.961100,16.639102,2.248000,2.357500,1.843600
1,1,50.977814,16.713500,2.467900,2.595100,1.806600
1,1,50.994516,16.702000,2.086300,2.872200,1.766500
1,1,51.011428,16.912200,2.320500,2.475400,1.967200
1,1,51.027873,16.444501,2.445700,2.970000,1.801200
1,1,51.044423,16.550697,2.710400,3.089400,2.035200
1,1,51.061212,16.788602,2.212300,2.451800,1.769300
1,1,51.077849,16.636699,2.503500,3.005000,1.751200
1,1,51.094424,16.575199,2.309500,3.288900,1.840600
1,1,51.111086,16.661800,2.015600,2.433200,1.629500
1,1,51.127891,16.805902,1.915200,2.949000,1.594400
1,1,51.144389,16.497098,2.058000,2.513400,2.146200
1,1,51.161151,16.762100,2.048900,2.377500,1.790700
1,1,51.177867,16.715899,1.924300,2.427000,1.989600
1,1,51.194488,16.621802,2.254200,2.304800,1.945500
1,1,51.211166,16.677599,2.026500,2.488800,2.096100
1,1,51.227781,16.614702,2.074400,3.008200,1.953400
1,1,51.244525,16.744200,2.186400,2.508000,2.061300
1,1,51.261719,17.194100,2.198500,2.954800,1.787100
1,1,51.277968,16.249500,2.745300,2.416400,1.579400
1,1,51.294770,16.801499,2.510900,2.415200,1.638300
1,1,51.311098,16.327601,2.626900,2.932900,1.603200
1,1,51.327847,16.748998,2.266800,2.419800,1.905100
1,1,51.344591,16.744502,2.287100,2.989900,1.504400
1,1,51.361124,16.532797,2.183400,2.435700,2.755000
1,1,51.377750,16.626101,2.319100,2.338700,2.025600
1,1,51.395214,17.463598,2.016900,2.524500,1.518800
1,1,51.411022,15.808102,3.013100,3.252300,1.558900
1,1,51.427854,16.832400,2.079700,2.597200,1.721400
1,1,51.444720,16.865999,2.480300,2.491900,1.662300
1,1,51.461087,16.366500,2.514200,2.748400,2.032700
1,1,51.477781,16.694501,2.143300,2.341400,2.106200
1,1,51.494593,16.811799,2.192700,2.530500,1.805900
1,1,51.511159,16.565800,2.268400,2.617100,1.730100
1,1,51.527825,16.666099,2.159600,2.274300,1.727700
1,1,51.545134,17.309003,2.035800,2.559500,1.833200
1,1,51.561523,16.388997,3.066000,3.383400,2.157300
1,1,51.578154,16.631402,2.475900,2.262000,1.405600
1,1,51.594563,16.408801,2.607600,3.145700,1.667700
1,1,51.611234,16.670998,2.936100,2.506000,1.863700
1,1,51.628172,16.937900,2.913500,2.848300,2.019600
1,1,51.644477,16.305599,2.658200,5.153900,2.086800
1,1,51.661383,16.905501,2.543500,2.608100,1.600600
1,1,51.678175,16.792499,2.245000,2.976300,1.763700
1,1,51.694563,16.387701,2.540400,2.688100,2.010700
1,1,51.711527,16.963799,2.216000,3.023200,1.982800
1,1,51.728060,16.533501,2.723500,2.770500,2.097000
1,1,51.744962,16.901601,2.936700,2.808200,1.906100
1,1,51.761382,16.419899,2.794500,3.363600,2.147400
1,1,51.777953,16.571000,2.427200,2.833900,2.277600
1,1,51.794974,17.020501,2.570400,2.779700,2.289900
1,1,51.811453,16.479697,3.111000,3.400600,2.364600
1,1,51.827892,16.438801,3.383700,2.665400,2.259400
1,1,51.844741,16.849201,2.430600,3.235000,1.966400
1,1,51.861068,16.327098,2.745600,3.590600,2.101400
1,1,51.877781,16.712800,2.241600,3.131900,1.715200
1,1,51.894630,16.848803,1.958200,2.916200,1.977600
1,1,51.911080,16.450498,2.319100,2.469100,1.789400
1,1,51.928215,17.134201,1.985800,2.918600,1.662900
1,1,51.944818,16.603801,2.595300,3.378000,1.845000
1,1,51.961274,16.455498,2.821100,2.560200,2.236900
1,1,51.977940,16.666502,2.624200,3.115000,2.007500
1,1,51.994563,16.622897,3.094200,2.546800,2.122600
1,1,52.011306,16.742501,2.180100,2.840900,1.723800
1,1,52.027980,16.674601,2.406100,2.978200,1.955100
1,1,52.045540,17.559700,2.739700,2.612400,1.589200
1,1,52.061078,15.537601,3.834800,3.390400,1.775800
1,1,52.078041,16.963299,2.412400,3.170900,1.768100
1,1,52.094615,16.574401,4.071800,3.108600,1.821200
1,1,52.111375,16.759798,3.699700,2.362300,1.677800
1,1,52.128088,16.713001,2.564900,2.882300,2.018300
1,1,52.144757,16.668700,2.998100,2.878300,1.886900
1,1,52.161360,16.603500,2.737500,3.438200,1.806800
1,1,52.178046,16.685400,2.448300,3.479700,1.754900
1,1,52.194823,16.777102,2.467700,2.841100,1.815700
1,1,52.211271,16.447999,2.781200,2.943600,1.913800
1,1,52.227787,16.515601,2.329700,2.945500,1.966700
1,1,52.244710,16.923700,2.501900,2.296000,1.684300
1,1,52.261385,16.674899,2.557600,3.003500,1.902700
1,1,52.278467,17.082002,2.842400,2.707700,1.680200
1,1,52.294757,16.289897,3.030600,3.246900,1.734800
1,1,52.311674,16.917203,3.833800,3.068700,1.649700
1,1,52.328278,16.604200,2.846900,3.111900,1.747000
1,1,52.344683,16.404998,2.959800,3.222600,2.067300
1,1,52.361333,16.650099,2.651700,3.215500,1.840800
1,1,52.378662,17.329000,1.996700,2.600300,2.183200
1,1,52.395034,16.372003,3.028500,2.570500,1.668300
1,1,52.411376,16.341399,3.017300,3.734900,2.135400
1,1,52.428270,16.893800,2.637800,3.066200,1.980600
1,1,52.444736,16.466297,2.613700,3.173000,1.737800
1,1,52.461310,16.573504,2.763800,5.099700,2.040300
1,1,52.478147,16.837999,2.235600,3.170600,1.859700
1,1,52.494691,16.543798,2.411500,2.826900,2.281600
1,1,52.511472,16.780902,2.437200,2.434800,1.575500
1,1,52.528399,16.926799,2.274700,2.665700,1.745600
1,1,52.544641,16.242102,2.785300,2.488900,1.682900
1,1,52.561474,16.833000,2.123400,2.366700,1.998200
1,1,52.578608,17.133899,2.359500,2.836600,2.215700
1,1,52.594960,16.352501,3.125000,3.032100,2.023300
1,1,52.611698,16.737297,2.676100,3.345100,2.281800
1,1,52.627953,16.254801,3.216300,3.432300,1.741400
1,1,52.644904,16.950998,2.293800,2.987300,2.028700
1,1,52.661326,16.422503,2.442400,4.165900,2.005900
1,1,52.678318,16.991898,2.205200,3.132900,2.071700
1,1,52.694606,16.288102,2.630000,3.263300,1.830700
1,1,52.714785,20.178597,2.259800,2.603000,1.912200
1,1,52.728233,13.448000,5.814400,2.584300,2.517500
1,1,52.744924,16.691402,2.698500,2.436400,2.028900
1,1,52.761584,16.660001,2.497400,2.357200,1.961000
1,1,52.778277,16.693398,2.492600,3.207300,2.060900
1,1,52.795060,16.782999,2.721900,2.806800,2.236800
1,1,52.811699,16.638801,2.997400,3.426800,2.018600
1,1,52.828164,16.464800,3.132500,2.644700,1.860500
1,1,52.844761,16.596902,2.559100,2.931900,2.138900
1,1,52.861798,17.037198,2.604500,2.845800,1.840000
1,1,52.878178,16.379800,3.397300,3.218400,1.944500
1,1,52.894878,16.700003,2.931700,3.097100,1.839000
1,1,52.911772,16.893700,2.949800,3.087600,1.606100
1,1,52.928068,16.296297,2.858900,2.607900,1.637600
1,1,52.944863,16.795103,2.367700,2.979500,2.043400
1,1,52.961492,16.628597,2.379500,2.954000,1.860300
1,1,52.977983,16.491003,2.482700,3.587700,2.106300
1,1,52.995054,17.070897,2.313600,2.496000,2.137800
1,1,53.011382,16.328402,2.746500,3.038500,2.339500
1,1,53.028071,16.688701,2.335100,3.842500,2.170000
1,1,53.044687,16.616799,2.480000,2.654800,2.475300
1,1,53.061709,17.021399,2.598300,2.624600,1.792400
1,1,53.078877,17.168403,2.733500,3.013800,2.157100
1,1,53.095382,16.504798,3.362300,3.008000,1.980900
1,1,53.111470,16.088001,3.179100,3.350800,2.121300
1,1,53.128076,16.606297,2.619400,2.831200,1.677100
1,1,53.144743,16.666103,2.525400,2.444400,1.587100
1,1,53.161360,16.617499,2.890600,2.641700,2.208200
1,1,53.178412,17.051701,2.280400,2.598700,1.762000
1,1,53.194595,16.183600,2.715700,3.373100,1.910900
1,1,53.211557,16.961697,2.279100,2.536200,1.998000
1,1,53.227984,16.427100,2.506400,3.525600,1.761700
1,1,53.244897,16.913202,2.394600,3.032100,2.642800
1,1,53.262499,17.601401,3.252700,2.735300,1.809300
1,1,53.278387,15.887897,3.813700,3.147400,2.816300
1,1,53.294878,16.491503,3.344600,2.857700,1.857400
1,1,53.311463,16.584698,2.649200,3.473100,1.717500
1,1,53.328398,16.935702,2.552600,2.552000,1.785400
1,1,53.344928,16.529299,2.712600,3.006300,2.026900
1,1,53.361327,16.399499,2.581600,2.541100,1.607600
1,1,53.378539,17.211601,2.129500,2.562900,1.839600
1,1,53.394721,16.182501,2.900300,3.272200,2.442000
1,1,53.412066,17.344397,2.528900,2.453900,1.961400
1,1,53.428120,16.054504,3.272300,2.710200,1.767400
1,1,53.444874,16.754098,2.457700,3.135800,1.887800
1,1,53.461564,16.689502,2.589100,2.726200,2.258000
1,1,53.478483,16.919397,2.506000,2.769500,2.163500
1,1,53.494801,16.318001,3.749100,2.781200,2.195300
1,1,53.511386,16.584300,2.663100,2.704000,1.882600
1,1,53.528318,16.932700,2.296400,3.085300,1.757000
1,1,53.544878,16.559999,2.694600,2.651900,1.799300
1,1,53.561587,16.708903,2.841300,3.136700,1.765400
1,1,53.578000,16.412798,2.738200,2.635300,1.677100
1,1,53.594871,16.871102,2.270000,3.664600,2.101900
1,1,53.611376,16.505297,2.515000,2.916600,1.608400
1,1,53.628237,16.860802,2.326500,2.936900,1.993600
1,1,53.645020,16.783200,2.601300,3.080000,1.959100
1,1,53.661570,16.549397,2.534600,3.221000,2.375300
1,1,53.678375,16.805302,2.752700,2.924000,1.852700
1,1,53.694884,16.509198,2.740700,3.155600,2.083600
1,1,53.711301,16.416702,2.628400,2.909600,2.331500
1,1,53.728351,17.050501,2.059200,2.052200,1.710000
1,1,53.744883,16.531099,2.499700,3.248800,2.103400
1,1,53.761644,16.761001,2.534900,2.869800,1.822200
1,1,53.778381,16.737599,2.480100,3.326300,1.874000
1,1,53.794825,16.443398,2.597700,2.253600,1.763500
1,1,53.811689,16.864903,2.026400,2.982300,1.858600
1,1,53.828111,16.421098,2.440900,2.307900,1.879300
1,1,53.844949,16.838301,2.350200,2.512500,2.100800
1,1,53.861445,16.495701,2.963000,3.561800,1.917900
1,1,53.878446,17.001197,3.447500,2.603200,1.770000
1,1,53.894650,16.204402,2.905700,3.106100,2.152000
1,1,53.911358,16.707499,2.758700,3.071900,1.744900
1,1,53.928144,16.786702,2.308200,3.034300,2.117800
1,1,53.945153,17.008498,2.638000,2.830300,2.023800
1,1,53.961386,16.232900,2.785400,3.230800,1.862500
1,1,53.978178,16.792402,2.451200,3.919000,2.009900
1,1,53.994661,16.483199,2.425500,2.395900,1.485800
1,1,54.011571,16.909499,1.939600,2.711600,1.821300
1,1,54.027999,16.428303,2.533000,2.872400,1.538400
1,1,54.044853,16.853500,2.145900,2.341200,2.040600
1,1,54.061497,16.644098,2.407800,2.472900,1.557800
1,1,54.078033,16.536199,2.276300,3.283300,1.813900
1,1,54.094828,16.794603,2.776500,2.456900,1.495500
1,1,54.111577,16.749498,2.321800,2.595500,2.150900
1,1,54.128026,16.449399,2.343300,2.676900,1.793700
1,1,54.144875,16.848400,2.688500,2.474200,1.937300
1,1,54.161952,17.077103,2.361600,3.116000,1.833100
1,1,54.177980,16.027797,2.898800,3.255500,1.994100
1,1,54.195354,17.373901,2.236900,2.401700,1.760000
1,1,54.211436,16.082302,2.623200,3.300800,1.734500
1,1,54.228022,16.586099,2.330200,2.311600,2.079600
1,1,54.245107,17.084699,2.244300,2.420800,2.238800
1,1,54.261472,16.365699,2.745800,2.757600,1.989800
1,1,54.278222,16.749300,2.562300,2.510700,1.944100
1,1,54.294781,16.558800,2.332300,3.322000,1.875800
1,1,54.311503,16.722701,2.438100,3.766900,2.022600
1,1,54.328059,16.556200,2.297500,3.131100,1.737400
1,1,54.344797,16.737498,2.317000,2.639100,2.045900
1,1,54.361471,16.673900,2.400500,3.842700,1.549200
1,1,54.378073,16.602103,2.038000,2.593000,2.192400
1,1,54.394969,16.895898,2.240200,2.804900,1.899200
1,1,54.411753,16.783800,2.566200,3.808100,1.784700
1,1,54.428123,16.370103,2.826800,2.402600,2.410200
1,1,54.445116,16.992997,2.386600,2.234500,1.442200
1,1,54.461492,16.376100,2.527400,2.471700,1.715300
1,1,54.478367,16.874999,2.332600,3.146400,1.892000
1,1,54.494587,16.219802,3.122200,3.381400,1.784300
1,1,54.511349,16.762499,7.688400,2.482900,2.203900
1,1,54.528087,16.738202,1.937200,2.554600,1.759600
1,1,54.544672,16.584899,2.367200,2.514900,1.807600
1,1,54.561253,16.580600,2.317300,2.357400,2.608600
1,1,54.578096,16.843397,1.947500,2.477800,1.514800
1,1,54.594888,16.792100,2.131000,2.631300,1.874400
1,1,54.611431,16.542602,2.500900,3.183600,1.809400
1,1,54.627999,16.567700,2.416300,2.649300,1.725400
1,1,54.644790,16.791500,1.966300,2.569700,1.767900
1,1,54.661591,16.800698,2.340600,2.863600,2.230600
1,1,54.678285,16.694203,2.666000,2.812700,1.792000
1,1,54.694609,16.324300,3.234900,2.887700,1.428100
1,1,54.711684,17.074298,2.381500,3.023400,1.836200
1,1,54.728030,16.345900,2.483500,3.088900,1.775000
1,1,54.745476,17.446000,2.397400,4.154100,2.232200
1,1,54.761555,16.079400,3.015000,3.096900,2.174800
1,1,54.778299,16.744100,2.451700,2.613400,1.823400
1,1,54.794797,16.498003,2.453400,3.104400,1.693700
1,1,54.811410,16.612999,2.308700,2.919000,1.794500
1,1,54.828055,16.645297,2.117000,2.403100,1.649400
1,1,54.845053,16.997401,2.269100,2.479700,1.873100
1,1,54.861508,16.454902,2.595100,2.845500,1.564500
1,1,54.878131,16.623799,2.483700,2.927200,1.576400
1,1,54.895240,17.108500,2.373200,2.344200,2.273600
1,1,54.911616,16.376499,2.674100,2.703700,1.853300
1,1,54.928125,16.508300,2.734700,2.933900,1.623400
1,1,54.944693,16.568303,2.401400,3.178100,1.816300
1,1,54.961579,16.886398,2.309900,2.841200,2.042300
1,1,54.978014,16.434800,2.552100,2.578100,2.014600
1,1,54.994694,16.680002,2.161200,3.302400,1.949700
1,1,55.011326,16.631398,2.236900,3.069800,1.713500
1,1,55.027961,16.635600,2.056400,2.391900,2.012800
1,1,55.045115,17.153498,2.000300,2.292600,2.011000
1,1,55.061406,16.291302,2.438400,2.802600,1.673700
1,1,55.078143,16.736601,2.122800,2.608000,2.404100
1,1,55.095297,17.154798,2.248100,2.665900,1.828300
1,1,55.111410,16.112801,2.751800,2.451100,1.887700
1,1,55.128280,16.869400,2.107200,2.530700,1.809100
1,1,55.144781,16.500901,2.485300,4.798200,2.250900
1,1,55.161299,16.518198,2.522500,3.043300,1.495000
1,1,55.178214,16.915500,2.100100,2.391200,1.655200
1,1,55.194889,16.674902,2.363500,2.757100,1.625900
1,1,55.211352,16.463298,2.388600,2.736600,2.113700
1,1,55.228216,16.863901,2.243800,2.674700,1.560200
1,1,55.244918,16.701501,2.711800,3.205500,2.120800
1,1,55.261500,16.582500,2.728000,2.813400,1.770900
1,1,55.278193,16.692899,2.665100,3.075200,2.121700
1,1,55.294746,16.552601,2.709500,2.496000,2.069300
1,1,55.311488,16.742598,2.381900,3.113100,1.811600
1,1,55.327995,16.506102,2.138400,2.537200,1.796600
1,1,55.344686,16.691800,2.093600,2.614100,1.832400
1,1,55.361350,16.663298,2.133000,3.577600,1.952800
1,1,55.378073,16.723800,2.212600,3.661400,2.100300
1,1,55.394766,16.693000,2.291900,3.947400,2.081400
1,1,55.411528,16.761400,2.325100,2.586900,1.765500
1,1,55.428220,16.692501,2.361000,3.598100,1.946500
1,1,55.444725,16.504701,2.330500,3.144500,2.118600
1,1,55.461553,16.827799,2.432900,4.466700,1.754300
1,1,55.478206,16.652998,2.870000,3.235400,1.842500
1,1,55.494864,16.658001,2.516400,3.067400,1.649200
1,1,55.511310,16.446102,2.473400,2.673700,1.681900
1,1,55.528142,16.832400,2.303000,4.923600,2.050200
1,1,55.544697,16.554698,2.397000,2.325300,1.645700
1,1,55.561388,16.691301,2.197600,2.693500,1.855700
1,1,55.578170,16.781200,1.946300,2.703800,2.216800
1,1,55.595024,16.854599,2.130400,2.498700,1.949700
1,1,55.611370,16.345799,2.772900,3.430000,1.608800
1,1,55.628134,16.763803,2.826200,2.520500,1.746900
1,1,55.644957,16.823597,2.291600,2.555400,1.871200
1,1,55.661399,16.441301,2.726300,2.915200,1.949000
1,1,55.678340,16.941302,2.886500,2.589500,1.666800
1,1,55.695435,17.095499,2.776400,2.436700,2.144800
1,1,55.711460,16.024500,3.135100,2.765100,2.043000
1,1,55.728431,16.971499,2.533600,2.355500,1.577400
1,1,55.744822,16.390603,2.705100,2.886100,2.158300
1,1,55.761515,16.692799,2.506700,3.059900,1.700200
1,1,55.778142,16.626801,2.866800,2.522700,1.912000
1,1,55.794867,16.724899,2.323300,2.585700,1.711400
1,1,55.811484,16.617298,2.161600,2.394000,1.682100
1,1,55.828051,16.567100,2.153100,2.225500,1.773900
1,1,55.844707,16.656201,2.203100,3.199900,1.790700
1,1,55.861327,16.619399,2.157100,2.972700,1.970200
1,1,55.877992,16.665801,1.858800,3.179700,1.626800
1,1,55.894655,16.662400,2.583100,3.097700,1.816200
1,1,55.911519,16.864698,2.781400,2.627500,1.927800
1,1,55.928073,16.553901,2.427900,3.143400,1.914000
1,1,55.944857,16.783599,2.074400,2.375400,1.940800
1,1,55.961835,16.978402,2.238200,2.438800,1.964500
1,1,55.978172,16.336299,2.580400,2.425100,1.862000
1,1,55.994696,16.524199,2.331200,2.535000,2.172000
1,1,56.011222,16.526401,2.259700,3.546000,1.894800
1,1,56.028076,16.853698,1.873600,2.964200,1.455900
1,1,56.044709,16.632702,2.189400,2.831700,1.683400
1,1,56.061521,16.812701,2.253900,2.291900,1.950500
1,1,56.078214,16.692698,2.299500,3.059700,1.549400
1,1,56.094615,16.401101,2.667900,2.834200,1.794700
1,1,56.111444,16.828701,2.132400,2.439200,1.718400
1,1,56.128194,16.749799,2.078200,2.791700,1.957100
1,1,56.144621,16.427800,2.527800,3.358600,1.661800
1,1,56.161415,16.794000,2.208000,2.389300,1.489900
1,1,56.178108,16.692799,2.119000,2.822800,1.906200
1,1,56.194849,16.741000,2.293600,2.658500,1.972600
1,1,56.211369,16.519602,2.351200,2.817700,1.584000
1,1,56.228141,16.771700,2.259300,2.447300,1.777400
1,1,56.244699,16.558800,2.003300,3.852900,2.251600
1,1,56.261551,16.852099,2.193400,2.712000,2.141000
1,1,56.278083,16.531300,2.163600,3.322000,1.755600
1,1,56.294716,16.633499,2.088900,3.288800,2.225500
1,1,56.311706,16.990200,2.038700,2.494700,1.974800
1,1,56.327987,16.280200,2.558800,2.817600,2.060500
1,1,56.344763,16.776100,2.203300,3.187500,1.661800
1,1,56.361668,16.905300,2.096000,2.981500,1.712000
1,1,56.377977,16.309101,2.386300,2.974800,1.874600
1,1,56.394718,16.741097,2.250600,3.055400,1.851400
1,1,56.411468,16.749900,2.093700,2.265600,1.733000
1,1,56.428099,16.631003,2.320400,2.582000,1.591400
1,1,56.444778,16.678497,2.664100,2.773700,1.498800
1,1,56.461557,16.779199,3.272000,2.837200,1.576100
1,1,56.478376,16.818803,2.540700,2.648700,1.766200
1,1,56.494669,16.293000,3.163000,3.001700,1.688800
1,1,56.511381,16.712800,2.135100,2.924600,2.104500
1,1,56.528347,16.965900,1.945500,2.436000,1.588400
1,1,56.544778,16.430400,2.645000,2.877700,1.908300
1,1,56.561342,16.563799,2.534200,3.142800,1.760500
1,1,56.578437,17.095201,2.329300,2.518300,1.601300
1,1,56.594756,16.319498,2.710800,3.040800,1.591300
1,1,56.611426,16.670000,2.599500,2.918400,1.933800
1,1,56.628607,17.180402,2.265700,2.395500,1.773700
1,1,56.644679,16.072098,2.793500,2.603000,1.591800
1,1,56.661344,16.664702,2.285200,3.419400,1.878800
1,1,56.678092,16.748097,2.049300,2.312000,1.796100
1,1,56.694737,16.645800,1.986000,2.326800,1.977200
1,1,56.711726,16.988702,2.191000,2.853200,2.107400
1,1,56.728074,16.348198,2.341000,2.960600,1.903900
1,1,56.745019,16.944703,2.297800,2.431500,1.601400
1,1,56.761448,16.428798,2.437600,2.614700,2.013300
1,1,56.778040,16.591899,2.308800,3.341500,1.816700
1,1,56.795032,16.992100,2.251400,2.939300,1.724900
1,1,56.811627,16.595200,3.246900,2.789400,2.386500
1,1,56.828488,16.861301,2.459800,3.024200,2.124200
1,1,56.844679,16.190402,2.825700,3.019900,2.005100
1,1,56.861678,16.999297,2.251900,2.319000,1.829200
1,1,56.878161,16.483102,2.448400,2.876900,1.817200
1,1,56.894811,16.649500,2.316100,3.647600,1.725700
1,1,56.911694,16.883802,2.261500,2.339000,1.680000
1,1,56.928024,16.329199,2.308000,2.859000,1.832700
1,1,56.944942,16.918801,2.199900,2.870200,1.437000
1,1,56.961747,16.804997,2.404200,2.525300,1.416300
1,1,56.978078,16.330600,3.062700,2.992900,1.465400
1,1,56.994857,16.779304,2.300400,3.102400,1.591900
1,1,57.011468,16.610298,2.492700,3.579100,1.765400
1,1,57.028102,16.634800,2.379200,2.594600,1.619900
1,1,57.045079,16.976599,2.736000,2.385800,1.538600
1,1,57.061485,16.406100,2.416300,3.416400,2.053000
1,1,57.078320,16.835000,1.894100,2.528200,2.020200
1,1,57.094690,16.370200,2.692600,2.239300,1.397000
1,1,57.111407,16.717203,2.317600,2.984100,1.546500
1,1,57.128203,16.795598,2.262100,2.231700,1.841000
1,1,57.144752,16.549200,2.335800,2.964700,1.840500
1,1,57.161428,16.675401,2.348200,4.441600,1.544600
1,1,57.178077,16.649701,2.219600,3.252100,1.524700
1,1,57.194887,16.809199,2.006000,2.514900,2.114800
1,1,57.211504,16.617000,2.402200,3.042700,2.335900
1,1,57.228371,16.867798,2.137000,2.796100,1.514700
1,1,57.244844,16.472802,2.325300,3.466900,2.266100
1,1,57.261657,16.813301,2.524400,3.198000,1.902200
1,1,57.278229,16.571399,2.571800,2.981200,1.638900
1,1,57.295008,16.778700,2.757900,3.907600,2.013500
1,1,57.311536,16.528599,2.520800,2.616300,1.695500
1,1,57.328041,16.504902,2.281600,2.843700,1.645700
1,1,57.344765,16.723499,2.375000,2.389100,2.050300
1,1,57.361527,16.762301,2.162500,2.426200,1.685100
1,1,57.378086,16.558800,2.075100,2.916600,1.836800
1,1,57.395000,16.914099,2.855400,2.296800,1.653400
1,1,57.411697,16.696900,2.467000,3.172300,1.804100
1,1,57.428219,16.522698,2.822700,2.921500,3.032800
1,1,57.444804,16.584203,2.308600,2.444300,1.623100
1,1,57.461445,16.641300,2.114000,3.290900,1.758200
1,1,57.478029,16.584199,2.226200,2.370000,1.593100
1,1,57.494771,16.741801,2.088900,2.954800,1.612500
1,1,57.511575,16.804598,1.958500,2.588600,2.079700
1,1,57.528163,16.587600,2.171800,2.420500,1.865600
1,1,57.544906,16.743399,2.172700,2.289000,1.495700
1,1,57.561469,16.562100,2.029400,2.508200,2.240800
1,1,57.578374,16.905099,2.170100,2.280000,1.985700
1,1,57.594804,16.430803,2.474400,2.298300,1.593900
1,1,57.611445,16.640101,2.172000,2.347500,1.587900
1,1,57.628125,16.680397,2.004400,2.222500,1.650900
1,1,57.644761,16.636100,2.001600,2.492700,1.684700
1,1,57.661669,16.908001,2.008100,2.324000,1.741400
1,1,57.678253,16.584199,2.431800,2.488300,1.831100
1,1,57.694750,16.497202,2.332800,3.289100,1.715100
1,1,57.711525,16.774498,2.172500,2.269800,2.054500
1,1,57.728247,16.722500,2.756100,2.386400,1.678900
1,1,57.744657,16.409103,2.663800,2.827800,1.925200
1,1,57.764849,20.192198,2.019300,2.402500,1.629900
1,1,57.778496,13.646800,5.612800,3.199200,1.942200
1,1,57.794844,16.348299,2.529600,2.326100,1.929400
1,1,57.811927,17.083403,2.225100,2.170300,1.766100
1,1,57.828340,16.413100,2.414800,2.351200,1.676900
1,1,57.844803,16.462497,2.406300,2.346300,2.145300
1,1,57.861790,16.987000,2.161700,2.270400,1.904500
1,1,57.879052,17.262500,3.162100,2.582600,1.709000
1,1,57.894817,15.764602,3.403300,2.561800,2.426100
1,1,57.912033,17.216198,2.224300,2.399400,1.923800
1,1,57.928445,16.412202,2.670500,2.580400,1.626000
1,1,57.944867,16.421899,2.824400,3.202500,1.984100
1,1,57.961643,16.776200,2.298900,2.319000,1.652100
1,1,57.978375,16.731799,2.647300,2.546100,1.799100
1,1,57.994954,16.578902,2.591800,2.272200,1.910100
1,1,58.011708,16.753901,2.410800,2.928600,1.813400
1,1,58.028044,16.335998,2.556000,3.202600,1.794200
1,1,58.044911,16.866501,2.137800,2.505400,1.590800
1,1,58.061556,16.645700,2.175200,2.655900,1.761700
1,1,58.078100,16.544100,2.488400,2.810600,1.645400
1,1,58.095063,16.962301,2.246200,3.063200,1.872900
1,1,58.111490,16.427200,2.574000,2.684600,2.047200
1,1,58.128432,16.942400,2.503800,3.182000,1.937500
1,1,58.145079,16.646899,2.818400,3.420000,2.311000
1,1,58.161575,16.496100,2.827100,3.667800,2.474500
1,1,58.178159,16.583700,2.072200,2.843600,1.757000
1,1,58.195126,16.966600,2.032400,2.809100,1.603800
1,1,58.211442,16.316399,2.475700,2.722600,2.318600
1,1,58.228468,17.026000,2.196000,2.975200,2.012600
1,1,58.245376,16.908303,2.210400,2.302000,1.563500
1,1,58.261692,16.315900,2.570600,2.456500,1.745900
1,1,58.278668,16.975999,2.214900,3.204200,1.872700
1,1,58.295166,16.498201,2.510200,3.366400,2.120500
1,1,58.311543,16.376197,2.447900,3.130100,1.664300
1,1,58.329058,17.515000,2.070000,2.551000,1.917400
1,1,58.345086,16.028203,3.018600,2.976000,1.873100
1,1,58.361997,16.911399,2.512300,2.907800,1.668800
1,1,58.378601,16.603399,2.586700,2.619700,1.790100
1,1,58.395126,16.525600,2.928700,3.299400,1.915600
1,1,58.411875,16.749300,3.087800,3.213600,1.782100
1,1,58.428350,16.474400,2.583000,2.857700,1.929300
1,1,58.445008,16.658101,2.281000,3.136800,1.612300
1,1,58.461741,16.732700,2.867600,2.710800,2.081800
1,1,58.478455,16.714498,2.146300,2.871600,1.899300
1,1,58.494960,16.504601,2.574800,3.127800,1.733000
1,1,58.511619,16.658902,2.171900,2.490000,1.879000
1,1,58.528468,16.849197,2.097600,3.015800,2.004500
1,1,58.544909,16.440801,2.283400,2.822500,1.969800
1,1,58.561820,16.911201,2.204800,2.369100,2.200500
1,1,58.579215,17.394997,2.426900,2.970900,1.751500
1,1,58.595091,15.875701,3.487100,3.309300,2.010500
1,1,58.611917,16.826700,2.461800,2.909000,1.694100
1,1,58.628448,16.531002,2.846900,3.306000,1.847000
1,1,58.645182,16.734198,2.526700,2.953400,2.040300
1,1,58.661787,16.604401,2.629400,3.471600,1.913400
1,1,58.678294,16.506899,2.396100,3.305100,2.179000
1,1,58.695078,16.784199,2.202700,2.191900,1.663400
1,1,58.711819,16.741000,2.203200,2.988100,2.143900
1,1,58.728347,16.527802,2.374300,2.595500,1.897100
1,1,58.745785,17.438501,2.126400,2.756200,1.856900
1,1,58.761622,15.836298,2.789500,3.496200,1.909900
1,1,58.778690,17.068598,2.152800,2.518700,1.804000
1,1,58.795129,16.438700,2.847100,2.549600,1.803900
1,1,58.811686,16.556900,2.665800,3.321100,1.902000
1,1,58.828253,16.567003,2.515400,2.240700,1.635200
1,1,58.845072,16.819097,2.029100,2.890000,1.822000
1,1,58.861793,16.720802,2.231600,2.227600,1.794400
1,1,58.878478,16.685300,2.408300,2.964000,1.924900
1,1,58.894965,16.487300,2.342200,2.683000,1.994400
1,1,58.911656,16.690798,2.154200,2.486800,1.808600
1,1,58.928514,16.857803,1.963500,2.128300,1.699300
1,1,58.944948,16.433999,2.193100,2.875100,1.979200
1,1,58.961699,16.751099,1.984900,2.343100,1.522600
1,1,58.978294,16.595300,2.037500,3.225200,1.596300
1,1,58.994989,16.694300,2.113600,2.416800,1.578400
1,1,59.011695,16.706802,1.997300,2.638700,1.566500
1,1,59.028739,17.043199,1.859900,2.469800,1.694300
1,1,59.045046,16.307700,2.951300,2.926000,1.769000
1,1,59.061713,16.666397,2.245000,2.577500,1.993000
1,1,59.078552,16.839702,2.220900,2.307100,1.660300
1,1,59.095196,16.643301,2.598700,2.323500,1.822100
1,1,59.111854,16.658198,2.850100,2.729000,1.941100
1,1,59.128624,16.770102,2.831900,2.418900,1.522600
1,1,59.145235,16.611498,2.648400,2.336700,1.484200
1,1,59.162059,16.823601,2.600900,2.540700,1.557400
1,1,59.178317,16.258098,2.661600,3.119500,1.752600
1,1,59.195427,17.110303,1.970100,2.932500,1.796800
1,1,59.211687,16.259998,3.678500,3.359800,2.086600
1,1,59.228468,16.780902,2.175100,2.671100,1.790100
1,1,59.245136,16.667999,2.712400,3.108600,2.107300
1,1,59.261885,16.748898,2.683400,2.432600,1.998700
1,1,59.278483,16.597901,2.047000,2.223900,1.578600
1,1,59.294984,16.500700,2.437600,2.136700,1.584700
1,1,59.311683,16.699299,2.029400,2.338800,1.647800
1,1,59.328401,16.717803,2.131500,2.322300,1.842200
1,1,59.345264,16.863201,2.194300,2.877600,1.673500
1,1,59.361760,16.496196,2.528700,2.363100,1.552400
1,1,59.378435,16.675103,2.641200,2.451200,1.722000
1,1,59.395209,16.773298,2.205500,3.040900,1.741500
1,1,59.411743,16.534600,2.693000,2.532400,1.967100
1,1,59.428353,16.609699,2.337600,2.676100,1.726100
1,1,59.445075,16.722102,2.123000,2.353700,1.997300
1,1,59.461942,16.866699,2.092100,2.990100,1.929100
1,1,59.478539,16.596802,2.589300,2.475400,1.944000
1,1,59.494941,16.402200,2.333700,2.501600,1.612100
1,1,59.512032,17.091498,2.119200,2.159400,2.047400
1,1,59.528280,16.247403,2.761100,2.364100,2.041800
1,1,59.545175,16.894899,2.464500,2.707200,1.600600
1,1,59.561744,16.568899,2.154300,2.897400,2.116600
1,1,59.578531,16.787101,2.274300,2.439800,1.531600
1,1,59.595946,17.415199,2.604900,2.318900,1.581800
1,1,59.611814,15.868198,3.374500,2.514200,1.937400
1,1,59.628479,16.664803,2.739500,2.456900,1.633700
1,1,59.645140,16.661197,2.439500,3.410400,1.739600
1,1,59.661601,16.461004,2.410900,3.008100,1.822000
1,1,59.678670,17.068896,1.965400,2.478200,1.883300
1,1,59.695270,16.600501,2.532300,2.907200,1.615200
1,1,59.711762,16.491599,2.583800,2.635600,1.948000
1,1,59.728549,16.786702,2.325900,2.427900,1.595100
1,1,59.745342,16.793400,2.505500,2.922200,1.959000
1,1,59.761905,16.562998,2.658300,2.673900,1.689000
1,1,59.779429,17.523400,2.376800,2.838000,1.789100
1,1,59.794981,15.552502,3.263600,3.264100,2.313200
1,1,59.811901,16.919799,2.294300,2.396400,1.626100
1,1,59.828425,16.523801,2.395400,2.381000,1.535300
1,1,59.845011,16.586598,2.305700,2.579100,2.078700
1,1,59.861808,16.796801,2.097300,2.810200,1.767000
1,1,59.878421,16.612701,2.535600,2.957300,2.082800
1,1,59.894850,16.429000,2.563500,2.637100,1.852500
1,1,59.911881,17.031100,1.911000,2.355800,1.711600
1,1,59.928273,16.391698,2.312800,2.501100,1.789100
1,1,59.944924,16.651001,2.662500,2.437500,1.599100
1,1,59.961675,16.751502,1.789800,2.185800,1.640400
1,1,59.978280,16.604800,2.171700,2.756500,1.732200
1,1,59.994964,16.684197,1.815600,2.338100,1.910200
1,1,60.011815,16.850602,1.860800,2.360200,1.644600
1,1,60.028679,16.863998,2.126100,2.619600,2.013400
1,1,60.044818,16.139504,2.887100,2.309300,1.733500
1,1,60.061777,16.958799,1.741200,2.365300,1.682600
1,1,60.078511,16.733598,2.704500,3.008500,2.368300
1,1,60.094923,16.412601,2.659300,2.327600,1.860900
1,1,60.111895,16.972300,2.845600,2.562600,1.784800
1,1,60.128630,16.734999,2.534800,2.745700,1.907400
1,1,60.146096,17.465103,2.657600,2.752900,1.716700
1,1,60.162112,16.015999,3.341400,3.166100,1.673000
1,1,60.178412,16.300198,2.850000,2.302300,1.798400
1,1,60.194975,16.562901,2.161900,2.306100,2.016200
1,1,60.211589,16.614102,2.560400,3.042200,2.034600
1,1,60.228368,16.779199,1.927400,2.605500,1.767900
1,1,60.245152,16.784199,2.088500,3.044500,2.023400
1,1,60.261805,16.652700,2.373100,2.972500,1.826900
1,1,60.278540,16.734701,2.448800,3.813800,1.901100
1,1,60.294928,16.388100,2.570200,2.528400,2.037800
1,1,60.312055,17.126899,2.062300,2.815700,2.723300
1,1,60.328846,16.791403,2.518000,2.288300,1.782700
1,1,60.344811,15.964799,2.481700,2.279900,1.901000
1,1,60.361614,16.803600,1.838800,2.309000,1.740500
1,1,60.378340,16.726099,2.073500,2.623500,1.768700
1,1,60.395360,17.019100,2.112300,2.329100,2.137800
1,1,60.411647,16.287699,2.472600,2.500600,1.828400
1,1,60.428470,16.823102,2.094800,2.289900,1.400500
1,1,60.445030,16.559198,2.902300,2.894200,2.081600
1,1,60.461559,16.529102,2.437100,2.455800,2.017000
1,1,60.478481,16.922798,2.526600,2.174000,1.574700
1,1,60.495694,17.212700,2.064900,2.740500,1.938300
1,1,60.511670,15.975799,2.916100,2.335800,2.218000
1,1,60.529008,17.338101,2.021100,2.566000,1.761100
1,1,60.545135,16.126800,2.873200,2.920300,2.238900
1,1,60.562007,16.872201,2.548300,2.645700,2.058800
1,1,60.579815,17.807599,2.725300,3.057600,1.924900
1,1,60.595176,15.360899,3.979400,3.683900,2.105100
1,1,60.611893,16.717199,2.508000,3.029400,2.103100
1,1,60.628773,16.880002,2.303600,3.700700,2.422600
1,1,60.645600,16.827300,3.101100,3.113400,2.442300
1,1,60.662228,16.628299,3.290200,3.821000,2.245100
1,1,60.678461,16.232900,2.894900,3.473400,2.082800
1,1,60.694914,16.452398,2.352000,3.057800,1.872800
1,1,60.712263,17.349202,1.955100,2.725600,2.470800
1,1,60.728920,16.657598,3.056300,3.176500,2.089800
1,1,60.745138,16.217303,3.204000,3.201000,1.740000
1,1,60.761942,16.804200,2.528500,3.226300,1.720400
1,1,60.778561,16.619198,2.475600,2.898800,1.677200
1,1,60.795031,16.469702,2.171400,2.477600,1.938100
1,1,60.811936,16.905099,2.202100,2.378100,1.884700
1,1,60.828599,16.663000,2.656200,2.626800,1.607100
1,1,60.844864,16.265500,2.974800,2.786800,2.003400
1,1,60.861977,17.112199,2.248100,2.274400,1.694700
1,1,60.878436,16.459301,2.267100,2.287000,1.998500
1,1,60.895087,16.650800,2.358000,2.273500,1.827200
1,1,60.911710,16.623601,2.341100,2.797400,1.949000
1,1,60.928436,16.725197,2.262100,2.301100,2.042700
1,1,60.945043,16.607501,2.159100,2.889500,1.819500
1,1,60.961801,16.757701,1.860300,2.920300,2.196700
1,1,60.978802,17.001700,2.477600,2.784700,1.814300
1,1,60.995168,16.365901,2.703600,2.924400,2.223900
1,1,61.011754,16.585600,2.679800,2.554300,1.839300
1,1,61.028821,17.067298,2.661700,2.953500,2.207400
1,1,61.045024,16.202703,3.130900,2.565000,1.924200
1,1,61.061635,16.611397,2.593800,2.801700,1.834200
1,1,61.078424,16.788300,2.092200,2.945600,1.976800
1,1,61.094938,16.514402,1.993300,2.985900,1.890400
1,1,61.111736,16.797900,1.848200,2.265400,2.226500
1,1,61.128532,16.796298,2.016900,2.484800,1.999300
1,1,61.145174,16.641799,2.746100,2.827600,2.345000
1,1,61.161787,16.613003,3.281600,3.059200,1.806800
1,1,61.178651,16.863897,2.284600,3.057300,1.619500
1,1,61.195556,16.904701,2.650600,3.234400,1.820800
1,1,61.211642,16.086198,2.932900,3.422300,1.864100
1,1,61.228941,17.298702,2.199900,2.374400,1.747500
1,1,61.245342,16.401600,2.918600,3.218400,2.506600
1,1,61.262142,16.800001,2.933600,3.240400,2.258200
1,1,61.278604,16.461499,3.074500,3.048300,1.668000
1,1,61.295017,16.413398,2.266500,2.967900,1.928700
1,1,61.311631,16.613800,2.179700,2.652700,1.898200
1,1,61.328584,16.952701,2.068100,3.278300,1.963300
1,1,61.344931,16.347799,2.342500,3.206300,1.918800
1,1,61.361604,16.672902,2.168300,2.881700,1.835900
1,1,61.378360,16.756099,1.901000,2.744400,2.093600
1,1,61.395209,16.848300,1.957600,2.486800,1.687700
1,1,61.411833,16.623899,2.988200,2.700600,1.860700
1,1,61.428352,16.519301,3.977600,3.628900,2.185300
1,1,61.444929,16.577300,2.634700,2.354700,1.858700
1,1,61.461576,16.646702,2.068700,3.219600,1.662600
1,1,61.478424,16.848098,1.947300,3.048800,1.763700
1,1,61.495087,16.662799,2.204200,2.562800,1.702800
1,1,61.511783,16.696602,2.319300,2.728100,2.324900
1,1,61.528392,16.609099,2.529500,3.073700,1.757900
1,1,61.544994,16.601801,2.411700,2.342400,1.479200
1,1,61.561772,16.778100,2.129700,3.384400,2.011300
1,1,61.578500,16.727500,2.280800,2.716000,1.634400
1,1,61.595323,16.822699,2.734400,3.032300,1.577800
1,1,61.611621,16.298302,2.817400,3.712700,1.967800
1,1,61.628518,16.896799,2.413400,2.358700,2.238800
1,1,61.645127,16.609699,2.438900,2.952300,1.827300
1,1,61.661693,16.566001,2.403500,3.002800,1.637800
1,1,61.678533,16.839400,2.102300,2.731600,1.540700
1,1,61.695037,16.504701,2.154400,2.494500,1.654600
1,1,61.712126,17.088201,1.979300,2.560900,1.702000
1,1,61.728333,16.207099,2.549600,2.570100,2.005600
1,1,61.745038,16.704798,2.330000,2.701400,1.739200
1,1,61.761868,16.830500,2.036200,2.485200,1.672000
1,1,61.778202,16.334202,2.259800,3.006400,1.812800
1,1,61.794934,16.731299,2.112400,2.460100,1.690900
1,1,61.811787,16.853102,1.925800,2.606100,2.093400
1,1,61.828286,16.498897,2.204200,3.100900,1.755800
1,1,61.844946,16.660400,2.144100,2.734800,1.546300
1,1,61.861742,16.796499,1.849300,2.474400,1.747200
1,1,61.878292,16.549300,2.401600,2.583300,1.676200
1,1,61.895364,17.072603,2.127000,2.236300,1.743000
1,1,61.911758,16.393498,2.336200,2.405900,1.792600
1,1,61.928327,16.569600,2.048000,2.430000,1.881300
1,1,61.945314,16.986400,2.040400,3.101700,1.520600
1,1,61.961657,16.343601,2.098600,2.575400,2.193500
1,1,61.978303,16.645100,1.991500,2.424700,1.678700
1,1,61.995114,16.811501,1.825100,2.736700,1.578700
1,1,62.011674,16.559899,1.924300,3.021000,1.653700
1,1,62.028426,16.751599,1.996100,2.357500,2.484900
1,1,62.045006,16.580503,2.095900,2.788200,1.817000
1,1,62.061722,16.716197,2.038200,2.949000,1.868800
1,1,62.078439,16.717102,2.373300,2.570500,2.207400
1,1,62.094941,16.501900,2.537000,2.976900,1.681300
1,1,62.111573,16.631398,1.890500,2.690800,1.648500
1,1,62.128374,16.801801,1.824200,2.332000,2.088600
1,1,62.144999,16.624600,2.159800,2.933000,1.729500
1,1,62.161624,16.624801,1.807200,2.361900,1.888000
1,1,62.178292,16.668398,1.702900,3.075200,1.756100
1,1,62.195461,17.169200,1.905900,2.854000,1.684000
1,1,62.211517,16.055401,2.363000,2.888100,2.091600
1,1,62.228611,17.094601,2.216300,2.628600,1.731200
1,1,62.245096,16.484398,2.203000,3.360100,1.584400
1,1,62.262222,17.126400,2.334900,2.908800,1.812800
1,1,62.278400,16.178202,2.858600,2.560000,2.051400
1,1,62.295096,16.695898,2.760100,2.849300,1.745300
1,1,62.311670,16.573202,2.390900,3.002400,1.420200
1,1,62.328655,16.985301,2.180300,2.853800,1.803900
1,1,62.345186,16.531497,2.412600,2.647000,1.452700
1,1,62.361901,16.714502,2.456800,2.700200,1.791600
1,1,62.378401,16.500298,2.337400,2.482300,1.600500
1,1,62.395057,16.655900,1.972000,2.413300,1.974900
1,1,62.411677,16.619902,2.174700,3.140100,1.810500
1,1,62.428317,16.639899,1.956500,2.645700,1.584700
1,1,62.445045,16.727801,1.934000,2.886500,1.542600
1,1,62.461796,16.751099,2.203000,3.355300,1.779700
1,1,62.478395,16.598899,3.182600,3.163300,1.971500
1,1,62.495050,16.655501,2.134600,3.150300,1.747800
1,1,62.511676,16.626198,2.103600,2.407300,1.743600
1,1,62.528391,16.714603,1.995400,2.986900,1.805700
1,1,62.545652,17.261397,2.122900,2.864600,1.803700
1,1,62.561680,16.027201,2.863600,2.203100,1.838200
1,1,62.578321,16.641501,2.254300,2.509200,1.810600
1,1,62.595227,16.905699,1.931300,2.675500,2.523500
1,1,62.611700,16.472802,2.310900,3.310200,2.127600
1,1,62.628669,16.969599,1.999300,2.651000,2.049100
1,1,62.645066,16.396999,2.430000,2.750200,2.052700
1,1,62.661781,16.715199,2.678600,2.813900,1.932000
1,1,62.678922,17.141003,2.641300,2.956500,1.930700
1,1,62.694880,15.958097,2.589400,2.933300,1.866000
1,1,62.711754,16.873401,1.958800,2.979200,2.136200
1,1,62.728837,17.082900,1.913600,2.924200,1.846400
1,1,62.744925,16.087800,2.525100,2.907500,2.065600
1,1,62.761883,16.958300,2.267500,2.734500,1.568700
1,1,62.778741,16.858201,2.280700,2.398500,1.682800
1,1,62.798276,19.534498,2.823000,2.391300,1.833300
1,1,62.811936,13.660699,5.488700,3.036900,1.976700
1,1,62.829056,17.119303,2.304500,2.973600,1.876600
1,1,62.845223,16.167700,3.495100,2.520000,1.779200
1,1,62.861950,16.726997,2.494500,3.629000,2.020300
1,1,62.878467,16.516700,2.436100,2.404600,1.706400
1,1,62.895073,16.606301,2.738400,2.890700,1.811800
1,1,62.911788,16.715098,2.203700,3.074500,1.657500
1,1,62.928570,16.781203,2.306700,3.437800,1.633300
1,1,62.945000,16.430497,2.600800,2.472500,1.862600
1,1,62.961785,16.784802,2.114700,2.278100,2.665500
1,1,62.978430,16.644601,2.156700,2.454300,1.972700
1,1,62.994995,16.565397,2.177900,2.807200,2.412500
1,1,63.011815,16.820200,2.329500,2.620800,1.910800
1,1,63.028409,16.593803,2.242100,2.694600,1.664000
1,1,63.045281,16.871799,2.585000,2.599000,2.055100
1,1,63.061767,16.486701,2.515800,2.549400,2.216300
1,1,63.078375,16.607400,2.339700,2.373300,1.574500
1,1,63.095409,17.034698,2.029000,2.390900,1.920600
1,1,63.111667,16.257901,2.958800,2.818000,1.955200
1,1,63.128859,17.191399,2.350200,2.609500,1.545400
1,1,63.145111,16.251802,2.442200,3.041500,1.893800
1,1,63.161966,16.855299,2.421100,2.735300,1.631800
1,1,63.178383,16.417101,2.465000,2.469900,1.949500
1,1,63.195373,16.989600,2.132100,2.413600,1.801400
1,1,63.211798,16.425397,3.122300,2.510400,1.872100
1,1,63.228452,16.654201,1.980100,2.156500,1.838700
1,1,63.245260,16.807400,2.298000,2.242900,2.052600
1,1,63.261964,16.704500,2.299700,2.688100,2.280600
1,1,63.278437,16.472802,2.530700,2.952600,1.720600
1,1,63.295085,16.648099,2.543000,2.521800,1.757200
1,1,63.311929,16.843900,2.310500,2.652400,2.054300
1,1,63.328455,16.526401,2.650000,2.479400,1.731000
1,1,63.345015,16.559698,2.266300,2.857500,1.968700
1,1,63.361836,16.820703,2.125700,2.710700,1.902800
1,1,63.378319,16.483597,2.073100,2.890300,1.814300
1,1,63.395004,16.684502,1.988600,3.140300,2.005400
1,1,63.411863,16.859099,1.792500,2.477100,2.007100
1,1,63.428380,16.516898,2.279600,2.952800,1.811500
1,1,63.445057,16.677201,2.176400,2.810500,2.581400
1,1,63.461952,16.895100,1.935500,2.434700,1.912500
1,1,63.478701,16.749199,2.177600,3.175400,2.203100
1,1,63.518564,39.863203,35.808899,4.148400,2.203100
1,1,63.532936,14.371298,8.505600,3.606700,2.942800
1,1,63.549384,16.448401,3.865400,3.304100,2.494600
1,1,63.566553,17.169200,3.691900,3.213000,2.194900
1,1,63.583733,17.179899,2.903700,3.012000,1.968400
1,1,63.600441,16.707599,2.606800,3.263000,1.809600
1,1,63.617198,16.756900,2.701500,3.124900,1.788500
1,1,63.633908,16.709801,3.532200,3.220200,1.953600
1,1,63.650579,16.671300,3.459600,3.139000,2.246300
1,1,63.667265,16.686402,3.518900,3.433000,2.156600
1,1,63.686017,18.752199,2.784300,3.252700,2.223400
1,1,63.700873,14.855500,5.530300,3.062900,2.140500
1,1,63.717090,16.216598,3.674300,3.443300,1.884500
1,1,63.733663,16.573101,3.123400,3.368400,2.315900
1,1,63.750563,16.899899,2.393600,3.168800,2.222100
1,1,63.767590,17.027803,2.585600,2.940700,1.786300
1,1,63.783659,16.068298,3.071600,3.530100,2.638200
1,1,63.800641,16.982399,2.385400,3.142000,1.975000
1,1,63.817327,16.685501,2.793900,2.750600,2.163500
1,1,63.834184,16.857699,3.113100,4.107600,2.286400
1,1,63.850559,16.374301,3.018000,3.651800,2.048600
1,1,63.867136,16.577899,2.576900,2.956400,2.212200
1,1,63.884036,16.899303,2.844400,3.173000,1.957800
1,1,63.900462,16.426399,2.908500,2.972000,2.238500
1,1,63.917203,16.740598,2.535100,2.345000,2.108800
1,1,63.933869,16.665902,2.407700,2.733800,1.882900
1,1,63.950340,16.471300,2.600400,2.859800,2.541200
1,1,63.967117,16.777098,2.201900,2.941000,1.768900
1,1,63.984053,16.935501,2.338100,2.578700,1.822600
1,1,64.000698,16.645499,2.672600,3.211300,2.041700
1,1,64.017211,16.512901,2.740100,3.291600,2.013200
1,1,64.033725,16.514402,2.436800,2.462900,1.719800
1,1,64.050462,16.736798,2.248200,2.875700,1.895600
1,1,64.067055,16.592700,2.204000,2.476400,1.955700
1,1,64.084052,16.997401,2.352900,2.590600,2.184800
1,1,64.100584,16.531602,2.572500,3.582100,1.753700
1,1,64.117064,16.479898,3.258000,3.145900,2.093400
1,1,64.134065,17.001100,2.247400,2.830600,1.629900
1,1,64.150590,16.525000,2.407200,2.882800,2.152800
1,1,64.167267,16.677201,2.418600,2.902700,1.676900
1,1,64.183849,16.582400,2.694200,2.696000,1.743400
1,1,64.200855,17.005898,2.457600,2.645900,1.913500
1,1,64.217153,16.297400,2.627700,2.723100,1.860800
1,1,64.233777,16.624000,2.604300,2.435800,1.778700
1,1,64.250647,16.869903,2.174800,2.452300,1.994300
1,1,64.267389,16.742799,2.252200,2.601200,1.827700
1,1,64.283817,16.427100,2.439100,3.274100,2.016800
1,1,64.300701,16.884599,2.332200,3.263000,1.931200
1,1,64.317227,16.526002,2.487100,3.132700,2.085500
1,1,64.333917,16.689997,2.922100,2.845100,1.913400
1,1,64.350484,16.567200,2.222500,2.670400,1.657500
1,1,64.367175,16.690399,2.135300,2.792400,1.808900
1,1,64.383763,16.588502,2.390600,3.141500,1.827800
1,1,64.400383,16.619600,2.100800,2.396400,1.795600
1,1,64.417151,16.768198,1.949100,2.232600,1.892500
1,1,64.433779,16.627703,2.111200,3.011800,1.928100
1,1,64.450467,16.688097,1.981300,2.240400,2.092300
1,1,64.467225,16.757801,2.026800,2.755400,1.784400
1,1,64.483960,16.735800,2.142800,2.512700,1.725900
1,1,64.500664,16.703099,2.406200,2.589500,1.876900
1,1,64.517598,16.934901,2.385000,2.675200,1.893100
1,1,64.533884,16.285099,2.877600,3.342000,2.319400
1,1,64.550687,16.803201,2.694200,3.286800,1.723300
1,1,64.567396,16.709499,2.605600,2.458400,1.882000
1,1,64.584003,16.606800,2.483900,2.564200,1.895100
1,1,64.600672,16.668599,2.466400,2.416300,1.948600
1,1,64.618474,17.802000,2.571400,2.393500,1.764200
1,1,64.633959,15.485600,3.652400,2.512700,1.986200
1,1,64.650816,16.857103,2.464900,2.262500,1.589100
1,1,64.667295,16.478397,2.571100,2.544300,1.566400
1,1,64.683883,16.588502,2.349300,2.476100,2.071000
1,1,64.700628,16.744900,2.343200,2.904300,2.151300
1,1,64.717261,16.633298,2.217000,3.009500,2.304800
1,1,64.733915,16.653202,2.180800,2.591300,1.849200
1,1,64.750658,16.743697,2.532900,2.663800,1.675800
1,1,64.767166,16.507301,2.544500,3.171600,1.908700
1,1,64.783910,16.743898,2.502700,2.977200,1.885700
1,1,64.800757,16.847704,3.057200,2.672800,1.573900
1,1,64.819188,18.430997,2.458200,2.596400,1.958500
1,1,64.834237,15.048403,4.829900,2.337800,1.773600
1,1,64.850651,16.414799,3.453700,3.346600,1.855900
1,1,64.867136,16.484298,2.389600,2.438400,1.923800
1,1,64.884285,17.149203,2.421600,2.829700,1.915300
1,1,64.900633,16.347799,3.007300,3.935800,2.581800
1,1,64.917089,16.456001,2.896600,3.482500,2.072600
1,1,64.934006,16.917598,2.072400,3.240600,1.735300
1,1,64.950544,16.537800,2.979700,3.523300,2.849600
1,1,64.967591,17.046701,2.625400,3.015900,1.711600
1,1,64.983846,16.255599,2.855600,2.836300,2.448400
1,1,65.000650,16.803101,2.675700,2.740800,1.699000
1,1,65.017221,16.571000,2.299700,3.084100,1.642200
1,1,65.033983,16.762402,2.341400,2.505300,1.797600
1,1,65.050800,16.816799,2.351500,2.298900,1.702000
1,1,65.067201,16.401298,2.712300,2.599600,1.838100
1,1,65.084521,17.320003,2.844800,3.090400,2.096800
1,1,65.100935,16.413998,3.317400,3.057100,1.923800
1,1,65.117224,16.289301,2.762800,3.198100,2.095000
1,1,65.134072,16.847201,2.482600,2.741300,2.179400
1,1,65.150563,16.491197,2.709000,2.441500,1.725500
1,1,65.167383,16.819801,2.323900,2.354800,1.658600
1,1,65.183997,16.614601,2.505400,3.252100,2.111100
1,1,65.200615,16.617700,2.411300,2.636400,1.872300
1,1,65.217189,16.574599,2.249300,2.385500,1.869800
1,1,65.233915,16.725101,2.188900,2.502200,2.041500
1,1,65.251070,17.154999,2.257800,2.292400,1.846100
1,1,65.267400,16.330000,3.072300,2.759800,1.913000
1,1,65.284347,16.947601,2.641200,2.768100,1.564900
1,1,65.300736,16.388498,2.924800,3.253400,1.600200
1,1,65.317200,16.464800,2.383200,2.375600,1.736300
1,1,65.334152,16.951803,2.210600,2.589300,2.002200
1,1,65.350694,16.541399,2.328700,2.982800,1.598100
1,1,65.367249,16.555600,2.327100,3.228000,1.813400
1,1,65.383973,16.723301,2.539900,3.394100,2.046300
1,1,65.400595,16.622197,2.559000,4.109600,1.787700
1,1,65.417262,16.667001,2.593800,2.251100,1.765300
1,1,65.433932,16.670700,2.331400,2.292600,1.602800
1,1,65.450680,16.747799,2.350000,2.505700,1.818000
1,1,65.467185,16.504303,2.446600,2.904800,1.780800
1,1,65.483863,16.678698,2.281200,2.402200,2.144300
1,1,65.500487,16.623400,2.055000,2.250600,1.963600
1,1,65.517126,16.639099,2.049000,3.026500,2.237400
1,1,65.533851,16.725201,1.998300,2.924600,1.662000
1,1,65.550452,16.601499,1.906000,2.288500,1.879100
1,1,65.567105,16.652800,1.978800,2.300100,1.949800
1,1,65.583915,16.810201,1.922500,2.649700,1.648900
1,1,65.600717,16.801801,2.434400,2.713100,1.973200
1,1,65.617200,16.483199,2.304500,2.269800,1.923900
1,1,65.633880,16.679402,2.230800,2.674200,1.588000
1,1,65.650575,16.695298,2.195000,3.006700,1.867900
1,1,65.667363,16.787600,2.185100,2.331000,1.584700
1,1,65.683883,16.520701,2.281000,2.568600,1.748900
1,1,65.700623,16.739998,2.053400,2.678000,1.917200
1,1,65.717148,16.524300,2.259200,2.809100,1.485300
1,1,65.734048,16.899902,2.152700,2.625300,1.674600
1,1,65.750434,16.386397,2.108600,2.989800,1.638700
1,1,65.767454,17.019801,1.984200,2.440400,1.526200
1,1,65.783939,16.484901,2.445000,3.052700,2.012400
1,1,65.800499,16.560599,2.476200,3.257100,1.739500
1,1,65.817277,16.777899,2.187800,2.877400,1.727600
1,1,65.833975,16.697399,2.065600,3.102100,1.671900
1,1,65.850546,16.571101,2.324900,2.970200,1.889600
1,1,65.867163,16.617201,2.208000,2.266900,1.739300
1,1,65.883878,16.714800,2.071800,2.990700,1.729800
1,1,65.900493,16.614798,2.176100,2.564000,1.541600
1,1,65.917202,16.709100,2.842700,2.288100,1.665800
1,1,65.933954,16.752101,2.100200,3.097500,2.019600
1,1,65.950486,16.532600,2.271600,4.782800,1.924000
1,1,65.967871,17.384298,2.155800,2.631000,1.740800
1,1,65.983996,16.124900,2.852000,2.759000,2.203100
1,1,66.000714,16.718600,2.345200,2.908700,2.343100
1,1,66.017263,16.548399,2.396500,2.796600,1.904500
1,1,66.034027,16.764801,2.225200,3.472700,2.286700
1,1,66.050858,16.830500,2.355000,3.018000,2.385300
1,1,66.067700,16.842000,2.678900,3.787600,2.227100
1,1,66.084079,16.379099,3.089400,3.208300,2.404500
1,1,66.100981,16.902503,2.501800,2.797600,2.039800
1,1,66.117296,16.314097,2.925000,3.209700,1.740800
1,1,66.134211,16.915601,3.375000,3.139000,1.908500
1,1,66.150759,16.548000,2.942700,2.727500,2.509100
1,1,66.167362,16.602900,2.738800,3.177100,1.792100
1,1,66.183927,16.564701,2.596400,2.585700,1.831100
1,1,66.200735,16.808301,2.180300,3.043800,1.879100
1,1,66.217187,16.452398,2.431900,2.622500,1.912000
1,1,66.233810,16.622301,2.185700,3.016900,1.715500
1,1,66.250727,16.917501,1.978600,4.172000,1.939700
1,1,66.267439,16.711298,2.312300,2.519000,2.306100
1,1,66.284059,16.619999,2.480000,3.179000,1.988500
1,1,66.300716,16.657401,2.938900,3.228800,1.753600
1,1,66.317394,16.678002,2.547600,2.372200,1.946600
1,1,66.334006,16.611900,2.342300,3.194000,1.777800
1,1,66.350596,16.589899,2.092900,2.481000,1.850400
1,1,66.367272,16.676001,2.128000,2.475400,1.939700
1,1,66.383916,16.644299,2.178000,3.239100,2.132200
1,1,66.400644,16.728099,2.113200,3.088900,1.765800
1,1,66.417207,16.562901,2.320600,2.983300,1.960900
1,1,66.433920,16.712900,2.097700,2.348100,1.813900
1,1,66.450672,16.751599,2.094500,2.999500,1.860800
1,1,66.467259,16.587801,2.238500,2.591200,1.669300
1,1,66.484116,16.856100,2.593200,2.861700,1.715200
1,1,66.500579,16.463198,3.489300,2.723200,1.833600
1,1,66.517345,16.766302,2.347700,3.177500,1.829200
1,1,66.533863,16.517699,2.347900,2.516300,1.789900
1,1,66.550590,16.727000,2.102900,3.095900,1.876700
1,1,66.567228,16.638201,2.144900,2.498200,2.123900
1,1,66.583886,16.657997,2.135600,2.976500,1.780900
1,1,66.600598,16.712103,2.044200,2.576100,1.667700
1,1,66.617344,16.746197,2.067300,2.398800,2.200000
1,1,66.633811,16.466901,2.267400,2.351100,1.995100
1,1,66.650756,16.944900,1.849000,2.282300,1.917500
1,1,66.667190,16.434301,2.259400,2.558900,2.106900
1,1,66.684016,16.825899,2.191500,2.370000,1.892200
1,1,66.700578,16.562000,2.120700,3.109600,2.293100
1,1,66.717404,16.826101,2.899300,2.891700,2.447100
1,1,66.734275,16.870599,2.527800,3.185100,1.809700
1,1,66.750659,16.383801,2.778100,2.735000,1.856400
1,1,66.767521,16.862601,2.557200,3.138700,1.692100
1,1,66.784162,16.640399,2.882600,3.085900,2.208200
1,1,66.800651,16.489502,2.869700,2.740500,1.917800
1,1,66.817408,16.757298,2.510800,3.527400,1.965800
1,1,66.834114,16.705401,2.570100,2.980200,1.737800
1,1,66.850547,16.433600,2.583500,2.997200,2.145400
1,1,66.867382,16.834598,2.311900,2.881300,2.118600
1,1,66.883949,16.566601,2.305000,3.302300,1.779800
1,1,66.900693,16.744498,2.189100,2.707200,2.053900
1,1,66.917546,16.852900,2.376500,2.444900,1.830600
1,1,66.934060,16.514100,2.963700,3.458900,1.752100
1,1,66.950711,16.651101,2.590300,3.338000,1.943200
1,1,66.967284,16.572699,2.383500,3.429900,2.241600
1,1,66.983940,16.656000,2.508900,2.499200,1.807500
1,1,67.000535,16.595200,2.179800,3.142900,2.171300
1,1,67.017277,16.741902,2.184700,2.845000,2.139500
1,1,67.033902,16.624700,2.127500,2.443500,1.909100
1,1,67.050872,16.969800,2.045000,2.459500,1.780000
1,1,67.067280,16.408298,2.486800,3.121100,2.094800
1,1,67.084058,16.777802,2.339600,3.001000,2.083700
1,1,67.100635,16.577300,2.277500,2.418000,2.082000
1,1,67.117250,16.614899,2.145100,2.822600,2.032000
1,1,67.134446,17.196398,2.488600,2.810100,2.111500
1,1,67.150678,16.232200,2.714900,2.589000,1.752700
1,1,67.167712,17.033201,2.365300,3.077800,1.975600
1,1,67.184199,16.486902,2.755400,2.790000,2.106200
1,1,67.200842,16.643301,2.485300,2.548900,2.020900
1,1,67.217861,17.018698,3.857400,3.254200,2.032600
1,1,67.234198,16.337901,3.758800,3.029700,1.978600
1,1,67.250702,16.503099,2.972600,2.753600,2.113900
1,1,67.267477,16.775899,2.337600,2.647900,1.623200
1,1,67.284105,16.627602,2.561900,3.663800,1.995500
1,1,67.300934,16.828898,2.666200,2.823700,2.168300
1,1,67.317717,16.783100,2.537600,3.248500,2.229700
1,1,67.334070,16.353000,2.722500,3.195500,1.980900
1,1,67.350737,16.667001,2.761600,2.503100,1.919100
1,1,67.367420,16.682800,2.815100,3.418500,2.211600
1,1,67.383970,16.549900,2.807500,3.333300,1.949800
1,1,67.400624,16.654301,2.427300,3.071600,1.829100
1,1,67.417336,16.711798,2.120700,2.570600,2.099600
1,1,67.433909,16.573302,2.144200,2.885900,1.740700
1,1,67.450587,16.678099,2.038000,2.503500,1.830500
1,1,67.467528,16.941000,2.119400,2.486300,1.613000
1,1,67.483937,16.408700,2.451000,3.071200,1.918700
1,1,67.500647,16.709998,2.182500,2.540300,1.839800
1,1,67.517229,16.582001,2.253100,3.116600,1.505000
1,1,67.534174,16.944598,2.538000,3.126600,1.782300
1,1,67.550574,16.400401,2.365300,3.223200,1.836800
1,1,67.567280,16.706400,2.294700,2.190000,1.932400
1,1,67.584033,16.752303,2.044800,2.241200,1.614900
1,1,67.600597,16.564198,2.224500,3.055500,1.659500
1,1,67.617394,16.796902,2.117800,2.423600,2.043200
1,1,67.634025,16.631201,2.260800,3.237900,1.795800
1,1,67.650909,16.883999,2.401400,3.289600,1.610200
1,1,67.667772,16.862798,2.802400,3.457100,1.988400
1,1,67.684205,16.433701,3.000600,3.489900,2.344500
1,1,67.701126,16.920801,2.425300,2.979900,2.182200
1,1,67.717605,16.478799,2.975700,2.890600,2.077300
1,1,67.733904,16.298898,2.748600,3.033100,2.287200
1,1,67.750628,16.724002,2.220500,2.929900,1.831400
1,1,67.767656,17.027799,2.145000,2.547700,2.038600
1,1,67.784194,16.538002,2.744700,2.847000,2.146900
1,1,67.800686,16.492598,2.616900,3.155000,1.777100
1,1,67.817484,16.797602,2.398300,3.108600,1.687800
1,1,67.833986,16.502101,2.594200,3.011600,1.883300
1,1,67.854250,20.263698,2.256300,2.469200,1.786200
1,1,67.867655,13.405301,5.969000,2.620800,2.294300
1,1,67.884284,16.629301,2.675800,3.217700,1.725500
1,1,67.900787,16.502898,2.579300,3.083600,1.686100
1,1,67.917433,16.645700,2.432000,3.297900,1.704400
1,1,67.933980,16.547102,2.237700,2.494100,2.052600
1,1,67.950649,16.668599,2.126500,2.363200,1.982700
1,1,67.967359,16.709898,2.082900,3.135600,1.856800
1,1,67.984024,16.665701,2.202300,2.392600,1.594300
1,1,68.000721,16.696502,2.128600,2.478200,1.781300
1,1,68.017429,16.708501,2.143200,2.496500,2.118100
1,1,68.034127,16.697299,2.299300,2.442200,1.537400
1,1,68.050934,16.807199,2.370700,2.965200,1.684800
1,1,68.067435,16.501602,2.511300,2.992200,1.670300
1,1,68.083933,16.497601,2.459400,2.565400,2.819600
1,1,68.100719,16.785599,2.096100,2.198800,1.797700
1,1,68.117222,16.503301,2.241500,2.200300,1.836500
1,1,68.133951,16.729098,2.390900,2.343900,2.033100
1,1,68.150786,16.834602,2.105600,3.136300,1.673600
1,1,68.167155,16.369101,2.479500,3.083300,1.726800
1,1,68.183927,16.772099,2.055700,2.316500,1.586900
1,1,68.200873,16.946498,2.031000,2.466000,1.957000
1,1,68.217217,16.343303,2.382300,3.481600,2.099900
1,1,68.233956,16.739700,2.254800,2.349800,1.784000
1,1,68.250924,16.967997,2.017500,2.607200,1.775400
1,1,68.267455,16.530402,2.766500,2.960900,2.012200
1,1,68.284303,16.848601,2.693700,2.417900,1.566900
1,1,68.300903,16.599599,2.539300,2.916700,1.960300
1,1,68.317291,16.387898,2.711000,2.380300,1.981300
1,1,68.333969,16.678300,2.217200,2.620200,1.479000
1,1,68.350793,16.824301,2.096000,3.339700,1.711700
1,1,68.367251,16.457699,2.970000,3.320000,1.985400
1,1,68.384394,17.142501,2.698300,2.712800,1.627700
1,1,68.400779,16.385600,2.520900,3.001200,1.868200
1,1,68.417246,16.466700,2.756300,2.887800,1.570000
1,1,68.433957,16.710602,2.280900,3.083700,1.693100
1,1,68.450771,16.814698,2.116400,2.418800,2.068500
1,1,68.467273,16.502302,2.248800,2.735400,1.947700
1,1,68.484544,17.270699,2.139900,3.007700,2.592400
1,1,68.500685,16.140398,4.167100,2.389900,1.764400
1,1,68.517481,16.796302,2.102300,2.456400,1.719500
1,1,68.534234,16.753100,2.477100,3.252000,1.993400
1,1,68.550677,16.443100,2.642400,2.346600,1.692100
1,1,68.567349,16.671501,2.704900,3.391600,1.902400
1,1,68.583878,16.529597,2.449000,2.919000,1.979000
1,1,68.600725,16.847201,1.952500,2.502200,2.081500
1,1,68.617743,17.017599,2.102400,3.333600,2.076200
1,1,68.634100,16.357202,3.264900,3.274200,1.842600
1,1,68.650700,16.599499,2.381800,3.436600,1.942000
1,1,68.667532,16.832702,2.361700,3.437300,1.935200
1,1,68.684173,16.640399,3.169900,3.136100,2.400200
1,1,68.700870,16.697399,2.495400,3.927200,2.515800
1,1,68.717561,16.690701,3.001500,3.513500,2.508300
1,1,68.734195,16.633801,2.558100,3.273700,2.008400
1,1,68.750692,16.497299,2.608300,2.569300,1.847300
1,1,68.767769,17.076898,2.201400,2.480500,1.946900
1,1,68.784299,16.530000,2.807400,3.802000,2.079300
1,1,68.800706,16.407501,3.000500,4.857400,2.126700
1,1,68.817421,16.714599,2.305200,3.095800,1.885300
1,1,68.834186,16.765300,2.439600,3.691800,2.237700
1,1,68.851232,17.045602,2.642400,3.234500,2.100200
1,1,68.867779,16.547199,3.170500,3.307700,1.908400
1,1,68.884077,16.297899,2.949400,3.337200,1.982700
1,1,68.900650,16.572900,2.490400,2.782200,1.718300
1,1,68.917405,16.754702,2.549900,2.369600,1.918000
1,1,68.934271,16.866397,2.425100,3.283500,2.819000
1,1,68.950649,16.377702,2.509600,2.689100,1.874300
1,1,68.967390,16.741499,2.406400,2.499900,1.801200
1,1,68.984040,16.650099,2.265700,2.535200,1.951700
1,1,69.001159,17.118700,2.228100,3.084600,2.014200
1,1,69.017306,16.147301,2.761800,2.931000,1.578100
1,1,69.034085,16.778700,2.055600,2.493700,1.836300
1,1,69.050630,16.545400,2.055600,2.406400,1.859000
1,1,69.067533,16.902801,2.083800,2.329800,1.590400
1,1,69.084100,16.567100,2.420000,3.186100,2.046100
1,1,69.100750,16.649999,2.781100,2.699700,2.044900
1,1,69.117587,16.836300,2.159300,2.773400,1.631100
1,1,69.133917,16.330101,2.309700,2.478700,1.763400
1,1,69.150738,16.821299,2.074500,2.359500,1.660200
1,1,69.167494,16.755600,2.093800,3.055900,1.989400
1,1,69.184139,16.645301,2.501000,2.568600,2.044100
1,1,69.200668,16.529199,2.294600,2.884500,2.075200
1,1,69.217375,16.706500,2.235900,2.567800,2.091400
1,1,69.234187,16.812503,2.003900,2.629200,1.594100
1,1,69.251086,16.898897,2.030200,2.594500,2.424100
1,1,69.267700,16.613603,2.526100,3.200400,2.082100
1,1,69.284152,16.452000,3.002500,2.876600,1.807400
1,1,69.300818,16.666401,2.505700,2.921200,2.279700
1,1,69.317490,16.672298,3.208500,2.410400,1.872900
1,1,69.334241,16.750600,2.691500,3.158600,1.712500
1,1,69.350666,16.424999,3.075300,2.541000,1.661500
1,1,69.367696,17.030001,2.399800,2.791300,1.625900
1,1,69.384125,16.429599,2.425600,2.757600,1.743900
1,1,69.400699,16.573600,2.237900,3.211500,1.600300
1,1,69.417390,16.691200,2.352500,2.292200,1.371000
1,1,69.434148,16.757600,2.266800,3.109300,1.967000
1,1,69.450752,16.603801,2.378700,2.485100,1.717500
1,1,69.467281,16.529698,2.304000,2.496700,1.681300
1,1,69.484081,16.799200,2.218800,3.121400,1.927800
1,1,69.500639,16.558599,2.035200,2.488000,1.935000
1,1,69.517633,16.993701,2.256100,3.163000,2.926500
1,1,69.533989,16.356401,2.509300,2.474400,1.684200
1,1,69.550671,16.681399,2.087900,2.415200,2.366000
1,1,69.567242,16.571101,2.016300,2.339300,2.231900
1,1,69.584105,16.863298,1.814200,2.493900,1.823500
1,1,69.600616,16.511101,2.011100,2.308600,1.817200
1,1,69.617786,17.169800,1.839300,2.430100,1.673100
1,1,69.633942,16.156401,2.597600,2.427700,2.258600
1,1,69.650942,16.999498,2.061100,2.290800,1.552300
1,1,69.667762,16.820401,2.334700,2.354200,1.829400
1,1,69.684083,16.321201,2.684300,2.491700,1.857100
1,1,69.700789,16.705200,2.356700,2.860400,2.052900
1,1,69.717501,16.712300,2.383400,3.182600,1.702900
1,1,69.734034,16.533200,3.386900,3.078500,1.685800
1,1,69.750720,16.685799,2.236500,2.434900,1.710900
1,1,69.767430,16.710401,2.102900,2.325200,1.915500
1,1,69.784101,16.670499,2.295900,3.138300,2.053900
1,1,69.800699,16.597699,2.087700,2.695000,2.157600
1,1,69.817293,16.594701,2.086300,2.268000,1.961900
1,1,69.834080,16.786803,2.015000,3.003900,1.695400
1,1,69.850756,16.675599,2.254200,2.482500,1.533400
1,1,69.867341,16.584899,2.148000,2.520600,1.781200
1,1,69.884631,17.290201,2.292800,3.066000,1.704400
1,2,77.002727,17.657101,2.153600,2.358900,1.955700
1,2,77.018529,15.802398,3.211400,3.242100,1.851300
1,2,77.035119,16.589802,2.675800,3.073600,1.952600
1,2,77.051694,16.574599,2.360600,3.026400,1.938200
1,2,77.068377,16.682800,2.161500,2.348100,1.452400
1,2,77.085119,16.742103,2.131100,2.512400,1.788200
1,2,77.101999,16.880099,2.407800,2.812700,1.851000
1,2,77.118302,16.302999,2.631700,2.792500,1.804100
1,2,77.135165,16.863301,2.795200,2.265000,1.714800
1,2,77.151799,16.633898,2.027200,2.278000,1.924300
1,2,77.168706,16.906902,2.083900,2.746000,1.701700
1,2,77.185327,16.621299,3.070100,2.557000,1.726300
1,2,77.201768,16.441200,2.566200,2.987300,1.531100
1,2,77.218451,16.682401,2.352800,2.329000,1.802800
1,2,77.235194,16.743600,2.170400,2.490600,1.751800
1,2,77.251603,16.408898,2.205000,2.475400,2.379900
1,2,77.268881,17.278202,2.870400,2.262900,1.625000
1,2,77.285024,16.142298,2.856200,3.020400,1.633000
1,2,77.301641,16.616900,2.408600,2.430100,1.653400
1,2,77.318647,17.006602,2.105200,2.389700,1.777100
1,2,77.335341,16.693499,2.390700,2.723800,1.717300
1,2,77.351654,16.312800,2.699100,2.626600,1.662400
1,2,77.368474,16.820900,2.131200,2.487700,1.804700
1,2,77.385409,16.934399,2.284200,2.589300,1.837800
1,2,77.401624,16.215302,2.507300,2.767100,1.543100
1,2,77.418494,16.870201,2.282200,2.301100,1.620300
1,2,77.434951,16.456198,2.557200,2.441900,1.932700
1,2,77.451761,16.810901,2.167100,2.975500,1.892600
1,2,77.468446,16.684998,2.524800,2.324800,1.941600
1,2,77.485377,16.930401,2.344400,2.352200,1.737400
1,2,77.501839,16.461801,2.493600,2.379100,2.174100
1,2,77.518388,16.549200,2.280900,2.340600,1.715500
1,2,77.535293,16.904999,2.134900,2.994700,1.732400
1,2,77.551913,16.619701,2.314600,5.073600,2.010300
1,2,77.568770,16.857199,2.569600,2.561200,1.713100
1,2,77.585027,16.257100,2.793700,2.498300,1.868900
1,2,77.601885,16.857900,2.144700,2.424700,1.579800
1,2,77.618456,16.571000,2.355400,3.176800,1.747700
1,2,77.635364,16.908702,2.521700,2.475100,1.709300
1,2,77.651628,16.263600,2.856700,2.555300,1.592700
1,2,77.668612,16.984098,2.210800,2.935200,1.559300
1,2,77.685222,16.609900,2.288800,2.264600,1.632600
1,2,77.702019,16.797103,2.301800,3.092200,1.869300
1,2,77.719082,17.062597,2.584100,3.371600,1.835300
1,2,77.735239,16.157202,2.884000,2.948000,1.815700
1,2,77.751793,16.554099,2.090500,3.610300,1.579200
1,2,77.768759,16.966101,2.233700,2.381600,1.717100
1,2,77.785010,16.250398,2.893800,3.143900,1.765400
1,2,77.801808,16.798802,2.242900,2.390800,2.203500
1,2,77.818626,16.817398,2.164500,2.565800,2.247600
1,2,77.835144,16.518101,2.498300,2.778000,1.884700
1,2,77.851910,16.766600,2.327500,2.334800,1.632000
1,2,77.868654,16.743902,2.243200,2.906500,1.881000
1,2,77.885022,16.367897,2.769600,2.814700,1.612800
1,2,77.901695,16.673200,2.047400,2.207700,1.766000
1,2,77.918484,16.788401,2.126600,2.815600,1.776600
1,2,77.935165,16.680602,2.112500,2.892400,1.466400
1,2,77.951889,16.724698,1.983700,2.379700,1.674200
1,2,77.968443,16.553398,2.319500,2.327400,1.628000
1,2,77.985473,17.030504,2.072900,2.483700,1.866000
1,2,78.002126,16.653098,2.328600,2.345300,1.926100
1,2,78.019086,16.959701,2.995900,3.236200,2.094100
1,2,78.035386,16.300198,3.011900,2.451000,1.607800
1,2,78.051885,16.498502,2.253700,2.530900,1.833200
1,2,78.068575,16.690299,2.357900,2.949800,1.789300
1,2,78.085450,16.875301,2.715600,3.652500,1.510400
1,2,78.101843,16.392801,2.635700,2.366100,1.599500
1,2,78.118549,16.706400,2.297800,2.395400,1.840500
1,2,78.135151,16.601898,2.301000,2.161000,1.809700
1,2,78.152370,17.218702,2.220700,2.326300,2.071500
1,2,78.168409,16.038802,3.198000,2.291100,1.451100
1,2,78.185625,17.216098,2.059800,2.523900,1.935700
1,2,78.201763,16.138002,2.387300,2.520300,2.009700
1,2,78.218486,16.722798,2.179300,2.362500,1.369900
1,2,78.235248,16.762100,1.981600,2.530700,1.605700
1,2,78.251806,16.558502,2.519800,2.712700,2.100800
1,2,78.268660,16.853698,2.734900,2.534100,1.962100
1,2,78.285207,16.546600,2.687300,2.880100,1.808400
1,2,78.301904,16.697302,2.301400,2.583600,1.753000
1,2,78.318671,16.767099,2.816500,2.571500,1.869900
1,2,78.335067,16.396500,2.619400,2.461600,1.891800
1,2,78.351877,16.809799,2.146300,2.371600,1.914500
1,2,78.368517,16.640101,2.249800,2.618700,1.653600
1,2,78.385187,16.669601,2.259100,2.322700,1.711100
1,2,78.401886,16.699098,2.140200,3.534500,1.995900
1,2,78.418406,16.520198,2.156900,2.602100,1.770300
1,2,78.435193,16.786803,2.112400,2.513000,1.865000
1,2,78.451829,16.636301,2.133800,2.524000,2.183500
1,2,78.469030,17.200198,2.540100,3.829600,2.386000
1,2,78.485505,16.475499,3.092700,2.901300,1.947900
1,2,78.501806,16.300701,2.823100,2.748900,1.903200
1,2,78.518540,16.734600,2.309000,2.854700,1.905500
1,2,78.535300,16.759600,2.178400,3.345600,1.795300
1,2,78.551773,16.473401,2.674300,2.759100,1.990100
1,2,78.568526,16.752999,2.240800,3.257200,1.682700
1,2,78.585156,16.630001,2.238900,2.334300,1.876300
1,2,78.602014,16.857900,2.036600,2.475700,1.888400
1,2,78.618639,16.624298,2.473200,2.656300,1.736300
1,2,78.635078,16.439702,2.811400,2.897900,1.742000
1,2,78.651987,16.909197,1.996100,2.273100,1.546200
1,2,78.668691,16.703703,2.302900,2.961700,1.842100
1,2,78.685167,16.475998,2.523500,2.349500,1.812100
1,2,78.701791,16.623802,2.255900,3.206400,1.806200
1,2,78.718418,16.626798,2.152600,2.351000,1.781100
1,2,78.735265,16.847000,2.008900,2.201000,1.559900
1,2,78.752073,16.808003,2.249100,2.356500,2.050200
1,2,78.768801,16.727898,2.655300,2.310900,2.501800
1,2,78.785214,16.413800,2.742300,2.545100,1.850900
1,2,78.802121,16.906500,2.212400,2.375100,1.864800
1,2,78.818796,16.674999,2.652900,2.775200,1.436900
1,2,78.835122,16.326502,2.692400,2.955100,1.968700
1,2,78.851914,16.791798,2.371700,2.539300,1.644600
1,2,78.868689,16.774699,2.349700,2.282000,1.652500
1,2,78.885069,16.380101,2.340400,2.487100,1.658500
1,2,78.902480,17.410599,2.462600,2.500300,1.427300
1,2,78.918933,16.453102,3.035800,2.669200,2.006400
1,2,78.935189,16.256601,3.343100,2.351700,1.485900
1,2,78.951953,16.763497,2.720100,3.055900,1.836600
1,2,78.968410,16.457301,2.784900,3.131300,2.112300
1,2,78.985322,16.912300,2.331500,2.828000,1.836200
1,2,79.002033,16.710799,2.062700,2.800000,1.966300
1,2,79.018434,16.400702,2.439100,2.588300,2.426900
1,2,79.035339,16.904797,2.139800,2.241400,1.563400
1,2,79.052057,16.718000,2.233100,3.465200,1.787500
1,2,79.068446,16.389303,2.571600,2.541900,1.951300
1,2,79.085646,17.199498,2.181500,2.892600,1.858100
1,2,79.101790,16.144402,3.003600,2.953500,1.725800
1,2,79.118478,16.688000,2.250400,2.424600,1.423900
1,2,79.135263,16.784798,2.071900,3.270400,1.931400
1,2,79.151669,16.406000,2.439500,2.469000,1.802700
1,2,79.168715,17.045900,2.083800,2.270300,1.577700
1,2,79.185321,16.606599,2.418200,3.776500,1.736700
1,2,79.202473,17.151501,2.551900,2.270700,1.696300
1,2,79.218564,16.090900,2.958200,2.274400,1.573000
1,2,79.235161,16.597699,2.165000,2.443800,2.149400
1,2,79.252027,16.865700,2.204400,2.178700,1.611200
1,2,79.268616,16.588800,2.227700,2.832100,1.442700
1,2,79.285026,16.410302,2.474200,2.551800,1.629400
1,2,79.302056,17.029598,3.058000,2.312700,1.726700
1,2,79.318590,16.534701,2.321900,2.857700,1.829900
1,2,79.335110,16.519699,2.453600,2.365800,1.842000
1,2,79.352053,16.942400,2.012000,2.477600,1.642500
1,2,79.368383,16.330801,2.559800,2.681200,1.983500
1,2,79.385318,16.934197,2.299100,2.628800,1.907500
1,2,79.401950,16.632199,2.365600,2.742900,1.868800
1,2,79.418555,16.605202,2.862900,2.438900,1.899000
1,2,79.435604,17.048899,2.415700,2.405000,1.712300
1,2,79.451798,16.194202,2.563700,2.613600,1.909300
1,2,79.468667,16.868498,2.379600,2.326800,1.462600
1,2,79.485250,16.583201,2.389000,2.393900,1.683200
1,2,79.501721,16.471401,2.688200,2.639400,1.778700
1,2,79.518605,16.883798,2.063000,2.299400,1.914800
1,2,79.535286,16.680703,2.221000,2.636100,1.814000
1,2,79.551976,16.690299,2.362500,3.604000,2.229900
1,2,79.568515,16.539298,2.441900,2.841400,1.557400
1,2,79.585143,16.627401,2.126700,2.627500,1.882500
1,2,79.602326,17.183200,2.048500,2.859600,1.837900
1,2,79.619286,16.960099,2.938200,3.237500,2.001900
1,2,79.635259,15.973400,3.754200,2.163600,1.782300
1,2,79.651815,16.555402,2.316100,2.186400,1.616700
1,2,79.668600,16.784899,1.991700,2.724900,1.835900
1,2,79.685222,16.622398,2.303000,2.462100,1.741000
1,2,79.701823,16.601201,2.356700,2.577300,1.745200
1,2,79.718662,16.838901,2.338400,2.290600,1.767100
1,2,79.735259,16.596399,2.367700,2.392100,2.029800
1,2,79.752057,16.798802,2.515800,2.334400,2.225100
1,2,79.768633,16.575798,3.249700,2.375900,1.692200
1,2,79.785152,16.518801,2.402200,2.956700,1.738300
1,2,79.802018,16.865600,2.148400,3.206500,1.935900
1,2,79.818541,16.523398,2.487500,3.444900,1.633500
1,2,79.835195,16.654402,2.788200,3.057100,1.711000
1,2,79.851799,16.603697,2.771600,2.941900,1.886400
1,2,79.868616,16.816903,2.056000,2.255000,1.652500
1,2,79.885298,16.681798,2.243400,2.340400,1.804300
1,2,79.901888,16.590599,2.025000,2.262100,1.727000
1,2,79.918860,16.971502,1.983300,2.497000,1.701800
1,2,79.935081,16.221501,3.227200,2.529000,1.618900
1,2,79.951991,16.909797,2.179100,2.262900,1.992600
1,2,79.968594,16.602602,2.212100,3.183300,1.693200
1,2,79.985292,16.698401,2.327100,2.913900,1.707600
1,2,80.001752,16.459398,2.245200,2.373500,2.070000
1,2,80.021636,19.884400,2.106200,3.343900,1.647700
1,2,80.035354,13.717800,5.538800,2.694100,1.856100
1,2,80.051917,16.562901,2.740400,2.559800,1.687300
1,2,80.068573,16.656797,2.924900,2.279000,1.787500
1,2,80.085457,16.883101,2.159900,2.273900,1.861900
1,2,80.102016,16.559701,2.463600,3.665900,2.107600
1,2,80.118830,16.813297,2.360300,3.215800,1.659100
1,2,80.135555,16.725101,2.382400,2.285000,1.879500
1,2,80.151955,16.400103,2.579900,2.751000,2.053700
1,2,80.170608,18.652797,2.613800,2.978700,1.825800
1,2,80.185588,14.980901,4.254800,3.851800,2.237900
1,2,80.202544,16.955301,3.087000,2.564300,1.773000
1,2,80.218682,16.138200,3.075200,2.459300,1.576200
1,2,80.235152,16.470201,2.935000,2.302800,1.965000
1,2,80.252338,17.185498,2.043700,2.241300,1.726200
1,2,80.268495,16.157102,2.642900,3.305000,1.829500
1,2,80.285376,16.881298,2.494100,2.379600,1.768900
1,2,80.301834,16.457502,2.341900,2.430700,1.528000
1,2,80.318552,16.718399,2.384700,2.942100,1.775200
1,2,80.335048,16.496498,3.050900,2.530700,2.132500
1,2,80.352013,16.964003,1.891700,2.690700,1.702000
1,2,80.368459,16.446598,2.452300,2.485000,2.146500
1,2,80.385307,16.848098,2.060500,2.366900,1.503400
1,2,80.401837,16.529802,2.355000,2.395600,1.773100
1,2,80.418522,16.685300,2.373000,2.448200,1.885100
1,2,80.435787,17.264400,2.611800,2.328900,1.538200
1,2,80.451831,16.044401,2.900200,2.606200,2.239100
1,2,80.468808,16.976699,2.229100,2.360900,1.824000
1,2,80.485422,16.614500,2.623200,2.834900,1.916300
1,2,80.501832,16.410101,2.733700,2.980400,1.697000
1,2,80.519354,17.521799,3.048800,2.351000,1.643400
1,2,80.535648,16.293701,3.280200,2.874500,1.604300
1,2,80.551902,16.253900,3.276400,2.311800,1.545600
1,2,80.569001,17.098900,3.326800,2.498800,1.758800
1,2,80.585110,16.109500,2.790400,2.821400,1.936400
1,2,80.601906,16.796198,2.687800,2.391700,1.933500
1,2,80.618525,16.618900,2.237600,3.635700,2.265400
1,2,80.635093,16.567301,2.252500,2.299300,2.042200
1,2,80.652261,17.168302,2.034900,2.852600,1.654500
1,2,80.668523,16.261898,2.295100,2.309800,1.705100
1,2,80.685396,16.873401,2.347500,2.454200,1.886200
1,2,80.702049,16.652498,2.436800,3.331300,2.226700
1,2,80.718907,16.857903,2.660500,2.653700,1.811300
1,2,80.735417,16.510200,2.570100,2.566900,1.820800
1,2,80.752339,16.922500,2.206500,2.705000,1.851800
1,2,80.768670,16.330998,2.777700,3.165200,1.588800
1,2,80.785258,16.587399,2.362500,3.413900,1.934300
1,2,80.802475,17.217603,2.256500,3.321500,1.572000
1,2,80.818772,16.296398,2.733900,2.811000,1.722900
1,2,80.836177,17.405599,2.545800,2.630100,1.746800
1,2,80.852281,16.103402,3.210300,2.857300,1.823700
1,2,80.868745,16.463898,2.769600,3.363600,1.759000
1,2,80.885515,16.770400,2.534000,2.558600,1.789000
1,2,80.901947,16.432103,2.518900,2.894800,1.609300
1,2,80.918732,16.784899,2.219900,2.336000,1.902200
1,2,80.936277,17.545000,2.262300,2.917100,1.597300
1,2,80.951849,15.572101,3.484600,2.860500,2.315200
1,2,80.968692,16.842999,3.042500,2.238400,1.950500
1,2,80.985486,16.794100,2.414700,2.517800,1.800400
1,2,81.001889,16.403299,2.440800,2.579900,1.864800
1,2,81.018477,16.587600,2.270900,2.901800,1.843500
1,2,81.035294,16.817000,1.754100,2.992800,1.838300
1,2,81.051952,16.658202,2.142500,2.421300,1.885100
1,2,81.068807,16.854398,2.423200,2.986000,1.871000
1,2,81.085291,16.484603,2.557300,2.873900,1.597400
1,2,81.102119,16.827997,2.295900,2.925800,1.577900
1,2,81.118967,16.848002,2.470900,2.505500,1.741100
1,2,81.135342,16.374301,3.015500,2.619600,1.810700
1,2,81.151848,16.506199,2.457700,2.174500,1.968300
1,2,81.168501,16.653001,2.062300,2.261600,1.583000
1,2,81.185676,17.175298,1.869500,3.001100,2.004400
1,2,81.202189,16.513199,2.596700,3.272500,1.888500
1,2,81.218652,16.462702,3.843000,2.811200,1.700900
1,2,81.235308,16.655598,2.910000,2.719600,2.396000
1,2,81.251921,16.613800,2.292400,2.487200,2.060800
1,2,81.268918,16.996901,2.172200,2.593100,1.670600
1,2,81.285464,16.546100,2.521200,2.435600,1.726400
1,2,81.302034,16.569901,2.675200,2.532300,2.318900
1,2,81.318601,16.566798,2.471100,2.848400,1.881900
1,2,81.335223,16.622301,2.280600,2.408700,2.120500
1,2,81.351937,16.713999,1.980300,2.921600,1.897900
1,2,81.368405,16.467299,2.220800,2.974600,1.978200
1,2,81.385364,16.959302,2.542400,2.385800,1.776100
1,2,81.402523,17.158899,2.779200,2.842800,2.108200
1,2,81.418663,16.139898,2.880200,2.453700,1.833100
1,2,81.435434,16.770802,2.749200,2.938100,1.623600
1,2,81.451904,16.469996,2.513800,2.575300,2.053500
1,2,81.469132,17.228201,2.441400,2.671900,2.000500
1,2,81.485403,16.270801,2.836100,2.398100,1.650000
1,2,81.501858,16.455799,2.743600,2.444400,1.891400
1,2,81.518677,16.818698,2.076900,2.346500,1.576400
1,2,81.535221,16.543500,2.226700,3.124300,2.163300
1,2,81.551921,16.700000,2.223700,2.725400,1.790000
1,2,81.568492,16.571000,2.455100,2.741000,2.274500
1,2,81.585318,16.826700,2.101300,2.997300,1.639600
1,2,81.602570,17.251503,2.111200,2.438400,1.586800
1,2,81.618543,15.973300,2.767000,3.005100,2.022100
1,2,81.635316,16.772900,2.235000,2.554500,2.086300
1,2,81.652196,16.880400,2.052900,2.244100,1.797200
1,2,81.668808,16.611800,2.459600,2.930300,1.787500
1,2,81.685463,16.654801,2.392000,3.317000,1.455900
1,2,81.702416,16.952597,2.790800,3.024300,1.816200
1,2,81.718886,16.470600,2.850600,2.926700,2.071700
1,2,81.735420,16.533501,2.664800,3.100000,1.975700
1,2,81.752446,17.026301,2.369800,2.750100,1.931500
1,2,81.768788,16.342297,2.470900,2.289800,1.896500
1,2,81.785173,16.385201,2.263600,2.269000,2.008500
1,2,81.802186,17.012302,1.893300,2.372700,1.659300
1,2,81.818650,16.463798,2.317900,2.369300,1.782100
1,2,81.835640,16.990900,2.169300,2.450000,1.702300
1,2,81.853326,17.685402,2.499200,2.686600,2.064300
1,2,81.868851,15.525397,3.356800,3.186700,1.855700
1,2,81.885861,17.009303,2.044200,2.356500,1.618400
1,2,81.902357,16.496398,2.255200,2.411400,1.730700
1,2,81.918939,16.581800,2.463300,3.043800,1.999700
1,2,81.936002,17.063003,2.079000,2.334400,1.702800
1,2,81.952431,16.429499,2.298500,3.235900,1.759600
1,2,81.969030,16.598698,2.357700,2.511100,2.162300
1,2,81.985917,16.887002,2.203800,2.864600,1.890000
1,2,82.002515,16.598001,2.245900,2.724100,1.920200
1,2,82.019190,16.674697,2.412600,2.499600,1.909500
1,2,82.036058,16.868401,2.377400,2.507000,1.766700
1,2,82.053236,17.178100,2.453600,3.158400,1.914700
1,2,82.069101,15.864700,3.102500,2.965500,2.030800
1,2,82.085736,16.634800,2.385900,3.512100,2.113300
1,2,82.102330,16.594101,2.192700,2.942400,1.979000
1,2,82.119036,16.706001,2.260600,3.233900,1.634100
1,2,82.135595,16.559601,2.379200,2.916200,1.822000
1,2,82.152449,16.853299,1.899100,2.902400,2.037100
1,2,82.168979,16.530801,2.316700,2.495100,2.323100
1,2,82.185582,16.602099,2.069400,2.296800,1.660500
1,2,82.202466,16.884498,2.105700,2.238500,2.336000
1,2,82.218889,16.422503,2.158800,2.925500,2.068700
1,2,82.235562,16.673099,2.047200,2.329300,1.811800
1,2,82.252377,16.815498,1.682900,3.301400,1.840000
1,2,82.268906,16.529202,2.107300,2.943700,1.730200
1,2,82.285653,16.746398,1.990400,2.286200,1.499800
1,2,82.302333,16.680300,1.972400,2.859200,1.828000
1,2,82.318888,16.555101,2.416800,2.974300,1.803800
1,2,82.335632,16.743500,1.954900,2.637500,1.619100
1,2,82.352330,16.698498,2.214400,2.675500,1.835500
1,2,82.369005,16.675103,2.203600,3.037400,2.264100
1,2,82.385782,16.776998,2.213200,2.842500,1.867700
1,2,82.402220,16.437501,2.445700,2.469000,1.810800
1,2,82.418867,16.647398,2.552100,2.857800,1.824300
1,2,82.435606,16.738903,1.858300,2.402800,1.856800
1,2,82.452538,16.932197,2.112600,2.458800,1.758000
1,2,82.468920,16.381402,2.163400,2.276300,1.678300
1,2,82.485671,16.751800,2.342500,2.296200,1.769700
1,2,82.502319,16.647499,1.842600,2.214700,1.843500
1,2,82.518886,16.567502,1.817100,3.198400,1.998000
1,2,82.535739,16.852900,2.100600,3.874200,1.924200
1,2,82.552846,17.107099,1.859600,2.469900,1.914400
1,2,82.569253,16.406100,2.640000,2.714700,1.804700
1,2,82.585701,16.448300,2.564000,2.611800,2.321700
1,2,82.602385,16.683999,2.173500,2.661600,1.988600
1,2,82.618940,16.555000,2.148400,2.516000,1.901000
1,2,82.636136,17.196398,2.096200,2.495700,2.460600
1,2,82.652354,16.217500,2.406500,2.578400,2.015800
1,2,82.669160,16.806200,2.296800,2.525400,1.545600
1,2,82.685760,16.600002,2.276800,3.070700,1.857400
1,2,82.702600,16.840100,2.286000,2.850800,1.634700
1,2,82.718845,16.245298,2.323400,2.886300,1.421700
1,2,82.735649,16.804002,1.821900,2.430000,2.150800
1,2,82.752444,16.794797,1.872300,2.479800,2.014700
1,2,82.769068,16.623400,2.220100,2.588600,1.958900
1,2,82.785780,16.712002,2.653900,2.401100,1.740700
1,2,82.802601,16.821001,2.005300,2.904900,1.666100
1,2,82.819023,16.422797,2.296600,2.600300,1.872400
1,2,82.835629,16.605500,2.201000,3.008400,2.094200
1,2,82.852614,16.985301,1.843100,2.280000,2.290900
1,2,82.869392,16.778201,2.458000,2.584700,1.999600
1,2,82.885797,16.405098,2.659600,2.670200,1.794400
1,2,82.902372,16.574301,2.188300,2.346800,2.371600
1,2,82.919044,16.672000,1.887500,2.399900,1.863200
1,2,82.935553,16.509399,2.146700,2.350700,1.900700
1,2,82.952515,16.961701,1.906900,2.300300,1.582500
1,2,82.969017,16.502600,2.029700,3.058100,1.948700
1,2,82.985597,16.579900,2.058000,2.767500,1.747300
1,2,83.002419,16.821899,1.855400,2.312400,1.482300
1,2,83.018999,16.580101,2.055300,2.586200,2.046500
1,2,83.035913,16.913999,1.965500,2.904000,1.663800
1,2,83.052549,16.636003,2.220000,2.605500,1.623700
1,2,83.069025,16.475499,1.979400,2.503300,2.047000
1,2,83.086088,17.062802,2.081900,2.881900,1.850300
1,2,83.102297,16.208999,2.547700,2.838100,1.493500
1,2,83.118909,16.612601,1.998700,2.816600,1.931900
1,2,83.135823,16.913299,1.810500,2.334300,1.672200
1,2,83.152317,16.494602,2.071300,3.465500,1.539600
1,2,83.169156,16.838700,2.046900,2.760500,1.900400
1,2,83.185959,16.803298,2.202500,2.298400,1.816200
1,2,83.202261,16.301502,2.217000,2.592200,1.861500
1,2,83.219446,17.185099,2.198200,2.484500,2.040000
1,2,83.235638,16.192000,2.650600,2.789500,1.878600
1,2,83.252237,16.599700,2.077200,2.522400,1.913100
1,2,83.269135,16.897801,1.893400,2.258200,1.849200
1,2,83.285675,16.539499,2.051500,2.457700,1.697200
1,2,83.302276,16.601399,1.901800,2.566100,1.554000
1,2,83.319047,16.770400,1.830700,2.317000,1.778200
1,2,83.335597,16.550701,2.112100,2.688400,1.658400
1,2,83.352557,16.959701,1.842500,2.359400,1.923200
1,2,83.369180,16.623497,2.156200,2.713800,1.890500
1,2,83.385588,16.407602,2.434000,2.940500,1.811800
1,2,83.402290,16.701899,2.156700,2.384400,1.538000
1,2,83.418964,16.673900,2.140900,3.057600,2.226900
1,2,83.435717,16.753498,2.426300,2.660300,1.964200
1,2,83.452458,16.741101,2.045700,3.073300,2.075700
1,2,83.469078,16.619403,2.197200,2.791500,1.841100
1,2,83.486070,16.992100,2.083000,2.462200,1.873300
1,2,83.502658,16.587898,2.511600,2.489200,2.303900
1,2,83.519201,16.542699,2.794400,3.308300,1.844300
1,2,83.535977,16.776603,2.655500,2.487400,1.672400
1,2,83.552291,16.313497,2.333700,2.668100,1.669600
1,2,83.568978,16.687002,2.825100,3.498200,1.776100
1,2,83.585648,16.670100,1.808900,2.253000,1.703900
1,2,83.603109,17.461598,1.921600,2.720200,2.272000
1,2,83.619540,16.430501,2.729300,3.631600,2.660400
1,2,83.636228,16.688600,3.054800,3.623500,2.849600
1,2,83.652384,16.155601,2.945600,2.933600,2.037200
1,2,83.669158,16.773701,2.465300,2.740700,1.930500
1,2,83.686057,16.899697,2.569900,3.012400,1.836600
1,2,83.702318,16.260903,2.402800,2.727400,2.018200
1,2,83.719888,17.569397,2.158300,2.375400,1.631400
1,2,83.735726,15.838601,2.903900,2.984000,1.837700
1,2,83.752490,16.763199,2.072400,2.748100,1.854600
1,2,83.769168,16.678002,2.150500,2.881600,1.817100
1,2,83.785674,16.506199,1.984900,2.508300,1.703800
1,2,83.802550,16.876601,2.103800,2.214600,2.405000
1,2,83.818995,16.444802,2.079900,3.123500,1.761200
1,2,83.835595,16.599398,2.036500,2.888800,2.059200
1,2,83.852503,16.908500,2.074500,2.309100,1.784200
1,2,83.869009,16.505800,2.124800,2.941700,1.918100
1,2,83.885866,16.857099,1.895800,2.637700,2.012600
1,2,83.902580,16.713999,2.466600,2.409100,1.534800
1,2,83.919413,16.832903,2.279500,2.921800,2.020100
1,2,83.935770,16.357500,2.553600,2.431100,1.818500
1,2,83.952827,17.056298,1.963700,2.417800,1.999300
1,2,83.969264,16.437203,2.951100,2.278800,2.420000
1,2,83.985864,16.599797,3.113800,2.419800,1.675900
1,2,84.002630,16.766302,2.652200,2.540400,1.866800
1,2,84.019120,16.490199,2.343600,2.715400,1.792700
1,2,84.035961,16.841300,2.184700,2.637400,2.183900
1,2,84.052470,16.509000,2.329400,3.449000,2.083100
1,2,84.069181,16.710602,2.396300,2.432300,1.777300
1,2,84.085980,16.798500,2.004700,2.840100,1.681400
1,2,84.102397,16.417198,2.269200,3.255900,1.949800
1,2,84.119550,17.153401,2.177200,2.316500,1.806900
1,2,84.135970,16.419899,2.543100,2.866000,2.113200
1,2,84.152350,16.379703,2.359100,2.427200,1.514200
1,2,84.169634,17.284099,1.875800,2.184200,1.486800
1,2,84.185831,16.197201,2.480900,3.077200,1.827300
1,2,84.202533,16.701497,2.504400,2.513200,1.587600
1,2,84.219168,16.635802,2.140500,3.485800,1.934900
1,2,84.235729,16.561002,2.142300,2.628300,2.047900
1,2,84.252431,16.701799,1.928000,2.412600,1.473300
1,2,84.269113,16.681399,1.819900,2.790800,1.876400
1,2,84.285836,16.723100,2.113600,2.302700,1.667000
1,2,84.302541,16.705800,2.427000,2.838500,1.770800
1,2,84.319032,16.490102,2.161700,2.777400,1.873600
1,2,84.336123,17.091800,2.348900,2.248700,1.732600
1,2,84.352452,16.328800,2.337300,3.261000,1.751100
1,2,84.369062,16.609699,2.172600,2.440100,1.596100
1,2,84.386074,17.012298,1.904500,2.167600,1.776900
1,2,84.402506,16.431604,2.203300,3.008800,1.929100
1,2,84.419131,16.625397,2.299900,2.304300,1.570600
1,2,84.435821,16.689900,2.017900,2.409300,1.607200
1,2,84.452370,16.549300,2.043100,2.795500,2.207700
1,2,84.469430,17.059699,1.947500,2.329600,1.460000
1,2,84.485833,16.402803,2.255100,2.572800,2.153100
1,2,84.502716,16.883597,2.383700,2.473600,1.683600
1,2,84.519192,16.475301,2.509300,3.328300,1.797600
1,2,84.535967,16.775001,2.337800,3.839700,1.873000
1,2,84.552716,16.748998,2.210400,2.441800,1.517600
1,2,84.569141,16.425002,2.105400,2.427700,1.680500
1,2,84.586235,17.094098,2.245900,2.474300,1.500300
1,2,84.602542,16.306702,2.616800,3.402500,1.691200
1,2,84.619121,16.579401,1.920700,3.015000,1.769500
1,2,84.636457,17.336398,2.135700,2.412400,1.909300
1,2,84.653079,16.621500,2.646000,3.319800,2.192400
1,2,84.669457,16.378500,3.024800,3.261400,2.305500
1,2,84.685774,16.316999,2.976900,3.099300,1.956500
1,2,84.702518,16.744003,3.161200,2.385100,1.968100
1,2,84.719410,16.891997,2.265200,2.304000,1.625100
1,2,84.735861,16.450800,2.089300,2.584300,1.790500
1,2,84.752951,17.089803,2.207500,2.288000,1.724800
1,2,84.769126,16.174797,2.657900,2.727000,1.856900
1,2,84.785767,16.641703,2.386100,2.400100,2.481900
1,2,84.802850,17.082598,1.918300,2.242200,1.813100
1,2,84.819203,16.353302,2.181100,3.205200,1.978700
1,2,84.836057,16.853601,2.243500,2.323200,1.829200
1,2,84.852554,16.496800,2.245800,2.729300,1.516400
1,2,84.869084,16.529899,2.348800,2.473000,1.943900
1,2,84.885861,16.777799,2.088000,2.209300,1.764900
1,2,84.902508,16.646899,1.796800,3.098600,1.978600
1,2,84.919564,17.056100,2.234200,2.437900,2.062200
1,2,84.935957,16.392801,2.834800,2.714100,1.830600
1,2,84.952530,16.572502,2.330600,2.499800,2.274000
1,2,84.969375,16.845498,2.237800,2.386600,1.898000
1,2,84.985878,16.503200,2.264400,2.853900,1.806200
1,2,85.002617,16.739000,2.305200,2.282400,1.797800
1,2,85.020085,17.467700,2.141300,2.969000,1.539200
1,2,85.035821,15.736002,3.020500,3.109700,2.044400
1,2,85.053254,17.432500,3.259200,2.555900,1.576200
1,2,85.073566,20.312399,2.679600,3.082500,2.229800
1,2,85.085726,12.159701,7.671500,2.632000,2.254700
1,2,85.103095,17.369099,3.156800,3.368500,1.804100
1,2,85.119228,16.133599,2.852900,2.585900,2.047100
1,2,85.136151,16.922902,2.265300,2.432600,1.872000
1,2,85.152911,16.760100,2.768800,3.579000,2.649500
1,2,85.169304,16.392700,2.895700,2.794100,1.841700
1,2,85.185994,16.689397,2.309300,2.353800,1.835200
1,2,85.202656,16.662102,2.333700,2.491600,1.728300
1,2,85.219351,16.695399,2.440400,2.546900,1.625400
1,2,85.236074,16.723402,2.672800,2.750800,1.711500
1,2,85.252648,16.573098,2.671000,2.542600,1.547300
1,2,85.269318,16.670402,2.075000,2.537700,1.826800
1,2,85.286024,16.705599,2.222300,2.729600,2.041800
1,2,85.302706,16.682301,2.399400,2.478100,1.749300
1,2,85.319212,16.506299,2.382900,2.763000,1.931000
1,2,85.335943,16.730800,2.299300,2.412900,1.534900
1,2,85.352975,17.031800,2.584600,2.890500,1.929600
1,2,85.369533,16.558699,3.267500,4.761500,2.241300
1,2,85.386065,16.531099,2.641900,3.009400,1.550000
1,2,85.402580,16.515702,2.275000,2.898900,1.998100
1,2,85.419275,16.694501,2.174500,2.309300,1.511300
1,2,85.436475,17.199900,2.307000,2.345600,2.017500
1,2,85.452518,16.043197,2.847800,3.047000,1.697800
1,2,85.469271,16.752701,2.152300,2.466300,1.630000
1,2,85.485966,16.695000,2.471600,2.516100,1.820800
1,2,85.502511,16.545501,2.342100,2.600100,1.908200
1,2,85.519483,16.972098,2.085100,2.378000,1.656000
1,2,85.535949,16.465701,2.365200,2.681700,1.789100
1,2,85.552454,16.505599,2.038200,2.263000,1.726200
1,2,85.569445,16.990300,1.844600,2.273100,1.558700
1,2,85.585862,16.417399,2.345800,2.847700,1.866500
1,2,85.602795,16.932502,2.088200,2.492500,1.545000
1,2,85.619622,16.826898,2.611400,3.369500,1.865700
1,2,85.635900,16.278099,2.812800,2.633600,1.815100
1,2,85.652866,16.966701,2.518900,2.482500,1.856000
1,2,85.669288,16.421299,2.405500,2.911800,2.000500
1,2,85.685931,16.643103,2.436800,2.484500,1.748700
1,2,85.702595,16.663998,2.133400,3.093100,1.766500
1,2,85.719223,16.628500,2.134300,2.358500,1.763100
1,2,85.735910,16.686801,2.026200,2.175800,1.852900
1,2,85.752514,16.604301,2.162900,2.686600,1.843800
1,2,85.769352,16.837500,1.999600,2.916400,2.003200
1,2,85.786024,16.672097,2.150000,2.679000,2.076600
1,2,85.802604,16.580202,2.228400,2.666900,2.003100
1,2,85.819333,16.728800,2.095200,2.316300,2.135300
1,2,85.836143,16.809601,2.152200,2.311600,1.696400
1,2,85.852605,16.462099,2.144700,2.541500,1.886400
1,2,85.869347,16.742501,2.172300,2.261800,1.627000
1,2,85.886196,16.848899,2.231500,2.933700,1.878200
1,2,85.902517,16.321298,2.377300,2.402400,1.858300
1,2,85.919304,16.786803,2.130700,3.056400,2.228800
1,2,85.935967,16.662899,2.599000,3.880100,2.090000
1,2,85.952797,16.830001,2.348900,2.899000,1.589500
1,2,85.969286,16.488597,2.455800,2.873600,1.666300
1,2,85.986001,16.715303,2.340200,2.672700,2.047300
1,2,86.002689,16.688399,2.221200,2.467300,1.841400
1,2,86.019172,16.482200,2.512800,4.039900,1.706000
1,2,86.035965,16.793899,2.012700,2.463800,1.795100
1,2,86.052509,16.543798,2.185700,2.569200,1.618000
1,2,86.069331,16.821802,2.156100,2.251000,2.307600
1,2,86.085912,16.580500,2.181400,2.549700,1.740800
1,2,86.102457,16.545899,2.192200,2.563500,1.644100
1,2,86.119659,17.201602,2.321000,2.478700,2.027400
1,2,86.135944,16.284499,2.331000,2.697600,2.083800
1,2,86.152878,16.934000,2.093300,2.189100,1.751500
1,2,86.169301,16.423501,2.426400,3.030400,1.888300
1,2,86.186462,17.160598,2.841400,2.537800,1.735300
1,2,86.202692,16.230300,3.070000,3.775800,2.066100
1,2,86.219440,16.748000,2.395700,3.014300,1.783700
1,2,86.235947,16.506799,2.367800,2.244000,1.730300
1,2,86.252687,16.740501,2.153600,2.393900,1.915200
1,2,86.269984,17.296501,2.190300,2.508800,1.853800
1,2,86.285930,15.946198,4.233400,3.688500,2.077800
1,2,86.302592,16.661704,2.542700,3.098600,2.229600
1,2,86.319313,16.721100,2.271000,2.677700,2.020900
1,2,86.336286,16.973499,2.090900,2.343600,2.181300
1,2,86.352547,16.261000,2.470000,2.521200,2.014400
1,2,86.370295,17.747700,2.188500,2.245500,1.661300
1,2,86.386877,16.582198,2.282900,2.461200,1.758100
1,2,86.403210,16.332701,2.615700,3.098100,2.376000
1,2,86.419773,16.563401,2.368600,3.797900,1.674200
1,2,86.436379,16.605698,1.993600,3.272200,2.006400
1,2,86.453260,16.880900,2.698900,3.100500,1.809800
1,2,86.469929,16.668800,2.505900,3.062900,1.859400
1,2,86.486396,16.467500,2.639900,3.145600,2.064600
1,2,86.503179,16.782500,2.258200,2.845400,1.812800
1,2,86.519884,16.705003,2.355600,3.236400,1.823900
1,2,86.536434,16.550098,2.321600,2.938700,1.957700
1,2,86.553629,17.195702,2.286400,2.709200,1.785900
1,2,86.569743,16.113099,2.923600,2.850600,1.995900
1,2,86.586329,16.586103,2.557200,2.586200,1.839400
1,2,86.603093,16.764697,2.247400,2.343400,1.981300
1,2,86.620263,17.170101,2.564900,2.214100,2.388900
1,2,86.637075,16.811699,2.667400,2.241000,1.811500
1,2,86.653266,16.190901,3.159000,3.011100,2.328400
1,2,86.670242,16.975500,2.018000,2.426400,2.319800
1,2,86.686790,16.548399,2.804200,2.288400,1.679000
1,2,86.703797,17.007500,2.398500,2.593800,1.781700
1,2,86.719852,16.054600,2.589600,2.906100,1.922000
1,2,86.737116,17.263602,1.997500,2.244600,1.816300
1,2,86.753227,16.110998,2.599900,2.403900,1.686600
1,2,86.769966,16.739000,2.198800,2.574200,2.129300
1,2,86.787167,17.201602,2.188400,2.184800,1.696400
1,2,86.803582,16.414300,2.241000,2.658700,1.955200
1,2,86.820462,16.880400,2.281800,3.039600,1.704400
1,2,86.837385,16.922697,2.467600,3.041900,1.968300
1,2,86.853520,16.135402,3.238600,2.377100,1.564200
1,2,86.870603,17.083198,2.879300,3.226600,1.992200
1,2,86.886821,16.217403,2.885200,3.244200,1.676700
1,2,86.903440,16.619097,2.242500,2.470900,1.811200
1,2,86.920224,16.784202,2.042700,2.794500,1.709600
1,2,86.937145,16.921297,2.216600,2.807100,2.052600
1,2,86.953614,16.469203,2.666800,2.968100,1.768300
1,2,86.970250,16.635798,2.545100,2.660800,1.826700
1,2,86.987041,16.791102,2.332100,2.406500,1.694400
1,2,87.003589,16.548000,2.454900,2.771900,2.020200
1,2,87.020240,16.650598,2.834700,3.421900,1.760600
1,2,87.036792,16.551901,2.580700,2.651700,1.683100
1,2,87.053542,16.750399,2.054100,3.034500,1.777900
1,2,87.070103,16.560402,2.217500,3.221800,1.945200
1,2,87.086883,16.780600,1.997100,2.406100,2.317100
1,2,87.104362,17.479200,2.611600,3.116600,1.597400
1,2,87.120114,15.751500,3.294100,3.160700,2.119400
1,2,87.136948,16.833901,2.597000,2.458000,1.793800
1,2,87.153685,16.737100,2.029300,2.418100,2.018900
1,2,87.170330,16.645297,2.293900,3.281300,1.943900
1,2,87.187269,16.939200,2.337300,2.293300,1.712800
1,2,87.203431,16.161799,2.870900,2.865700,1.676400
1,2,87.220206,16.775101,2.348100,2.748400,1.733500
1,2,87.236972,16.765501,2.262700,3.067000,1.616000
1,2,87.253410,16.438097,2.412900,3.266200,1.854100
1,2,87.270128,16.718503,2.266200,2.492700,1.594200
1,2,87.286868,16.739499,1.966300,2.343700,1.892500
1,2,87.303383,16.514599,2.049500,3.365100,1.693200
1,2,87.320398,17.014999,2.250900,2.865100,1.987600
1,2,87.336881,16.483303,2.502100,2.257600,1.758300
1,2,87.353512,16.631298,2.046400,2.878700,1.851900
1,2,87.370321,16.809102,2.413400,3.003100,1.915300
1,2,87.386902,16.580697,2.287300,2.293000,1.478200
1,2,87.403453,16.550601,1.997800,3.342100,1.794100
1,2,87.420131,16.678799,2.214300,2.330800,1.866500
1,2,87.436820,16.689103,2.067300,2.345000,1.903200
1,2,87.453410,16.589399,1.973900,2.662700,1.610700
1,2,87.470225,16.814698,2.131100,2.327600,1.719600
1,2,87.486769,16.544402,2.201600,2.670500,1.810500
1,2,87.503480,16.710602,2.058200,2.525600,1.877800
1,2,87.520295,16.815796,2.140300,2.512100,1.586800
1,2,87.536750,16.454604,2.329500,2.916700,1.587700
1,2,87.553425,16.674697,1.849200,3.194600,2.085800
1,2,87.570136,16.711000,1.820300,3.734800,1.944200
1,2,87.586671,16.535301,2.019400,2.342800,1.642000
1,2,87.603400,16.729198,1.947000,2.647600,1.927300
1,2,87.620427,17.026700,2.059100,2.548200,2.075100
1,2,87.636955,16.528603,2.450600,2.698200,1.598400
1,2,87.654071,17.115697,2.402900,2.529300,1.796000
1,2,87.670162,16.090803,3.983500,2.809600,2.215200
1,2,87.686842,16.680200,3.136900,2.315300,1.931700
1,2,87.703642,16.799498,2.173600,3.046900,1.933000
1,2,87.720246,16.604502,2.329100,2.650400,1.637000
1,2,87.736775,16.528398,2.318600,2.938200,1.596300
1,2,87.753505,16.730901,2.060400,2.647700,1.855600
1,2,87.770524,17.018702,3.170300,2.378600,1.907200
1,2,87.786780,16.255498,2.710400,3.061300,1.979500
1,2,87.803827,17.047200,2.142900,2.479300,1.651000
1,2,87.820277,16.449999,2.530700,2.938600,1.861500
1,2,87.836940,16.663000,2.245700,2.478600,2.029200
1,2,87.853500,16.560402,2.245700,2.913600,1.802600
1,2,87.870207,16.706500,2.258200,3.051900,1.517800
1,2,87.886982,16.775198,2.174800,2.587800,1.659900
1,2,87.903539,16.557101,2.341900,2.557100,1.652700
1,2,87.920056,16.517200,2.333400,2.906900,2.078300
1,2,87.936851,16.794302,2.100100,4.707200,1.636200
1,2,87.953713,16.862798,1.862100,3.117600,2.107300
1,2,87.970469,16.755998,2.589200,3.028000,1.794300
1,2,87.987263,16.793303,2.800400,2.430000,1.771100
1,2,88.003602,16.338900,2.613300,3.078000,1.747600
1,2,88.020316,16.713999,2.341400,2.695600,1.870500
1,2,88.036806,16.490400,2.567000,3.396500,2.006000
1,2,88.053475,16.668800,2.357800,3.248700,1.917900
1,2,88.070180,16.705200,2.218300,2.525000,1.869000
1,2,88.087011,16.831100,2.182200,2.585200,1.734300
1,2,88.103440,16.429398,2.533600,2.654800,2.023100
1,2,88.120184,16.743701,2.496700,2.998400,1.697400
1,2,88.136869,16.685199,1.938800,2.599100,2.021600
1,2,88.153753,16.884100,2.158600,3.389200,2.464400
1,2,88.170193,16.439803,2.629700,2.551500,1.757100
1,2,88.187149,16.955998,2.227800,3.469200,1.960500
1,2,88.203545,16.395301,2.870000,2.798500,1.892500
1,2,88.220288,16.743299,2.505600,2.633700,1.721100
1,2,88.236771,16.483203,2.474600,3.264000,2.139200
1,2,88.253521,16.749799,2.352900,2.403500,1.772000
1,2,88.270293,16.772199,2.082100,2.662100,1.890700
1,2,88.286798,16.504701,2.368500,2.816800,2.058600
1,2,88.303604,16.805999,2.137300,2.431400,1.625100
1,2,88.320240,16.635899,2.183500,3.515400,2.133300
1,2,88.336726,16.486201,2.430900,2.592200,1.857100
1,2,88.354362,17.636400,1.980700,2.372900,1.750200
1,2,88.370473,16.110502,3.320500,3.528200,1.745500
1,2,88.387311,16.837899,2.619500,2.910800,1.697400
1,2,88.403665,16.354699,4.004600,2.474500,1.665000
1,2,88.420234,16.568601,3.349100,2.430600,1.794000
1,2,88.437704,17.470401,2.314900,2.536500,1.744800
1,2,88.453556,15.851498,3.580900,3.142500,2.140200
1,2,88.470596,17.040301,2.688300,2.621400,1.743500
1,2,88.487169,16.573202,3.091100,3.253100,1.775000
1,2,88.503528,16.358498,2.524500,2.864200,2.115900
1,2,88.520255,16.727202,2.319300,2.481600,2.032800
1,2,88.537102,16.846899,2.242000,4.292600,2.154300
1,2,88.553989,16.887099,2.721300,2.724900,2.201200
1,2,88.570201,16.212299,2.922100,3.043400,1.813800
1,2,88.587104,16.903002,2.394900,2.291800,1.811600
1,2,88.603953,16.849000,2.581900,2.582100,1.914300
1,2,88.620317,16.363498,2.939400,2.915800,2.077100
1,2,88.637102,16.785100,2.560900,2.625800,2.147800
1,2,88.653733,16.631003,2.439700,3.315900,2.028200
1,2,88.670264,16.531397,2.648900,2.603600,1.947400
1,2,88.687267,17.002802,2.277900,2.461800,1.753500
1,2,88.703538,16.271099,2.571600,3.188900,2.123300
1,2,88.720685,17.147101,2.351600,2.562200,1.968100
1,2,88.737004,16.318597,2.962500,3.169400,1.960900
1,2,88.753771,16.767003,2.778400,3.319600,1.887700
1,2,88.770481,16.709998,2.639400,3.466300,1.927000
1,2,88.786971,16.489599,2.496300,3.078800,2.233900
1,2,88.803704,16.733002,2.437700,2.502200,1.950500
1,2,88.820298,16.594701,2.433300,3.427700,2.068600
1,2,88.836944,16.646199,3.236900,2.761500,1.611900
1,2,88.853754,16.809300,2.220100,3.261300,1.876500
1,2,88.870202,16.448699,3.059400,4.216000,2.151000
1,2,88.887463,17.260503,2.259300,2.503800,1.701600
1,2,88.903500,16.037498,3.024100,2.757900,2.100800
1,2,88.920235,16.734801,2.542900,2.435200,1.610500
1,2,88.936930,16.694900,2.245900,2.656900,2.032900
1,2,88.953479,16.548801,2.269100,2.797000,1.922700
1,2,88.970444,16.964599,2.113600,2.416000,1.575300
1,2,88.986907,16.463500,2.423800,2.352600,1.865600
1,2,89.003579,16.672101,2.011700,2.523100,1.783200
1,2,89.020233,16.653799,2.137700,2.482500,1.651100
1,2,89.036838,16.605202,2.270100,2.453100,1.928000
1,2,89.053430,16.592097,2.437900,2.819600,1.655900
1,2,89.070157,16.726904,2.188600,2.578200,1.571800
1,2,89.086931,16.774297,2.157300,2.597900,1.863900
1,2,89.103786,16.854201,2.508700,3.037800,2.020900
1,2,89.120180,16.394001,2.522700,2.849300,1.736500
1,2,89.137085,16.905602,2.244900,2.515500,2.259300
1,2,89.153922,16.836699,2.634300,2.736800,1.546900
1,2,89.170149,16.226698,3.004000,3.094500,1.527500
1,2,89.187117,16.967900,2.422000,2.418000,2.114900
1,2,89.203829,16.712200,2.239300,2.953500,1.628400
1,2,89.220140,16.310800,2.525600,2.638700,1.823000
1,2,89.237226,17.086703,2.150100,2.454600,1.590400
1,2,89.253506,16.280197,2.601600,2.886900,2.487200
1,2,89.270123,16.616102,3.545000,2.730200,1.609000
1,2,89.286938,16.815100,2.015300,3.022400,1.768300
1,2,89.303866,16.928799,2.558200,2.391800,2.094000
1,2,89.320589,16.722102,2.391400,2.442700,1.569400
1,2,89.337067,16.478598,3.028100,3.626600,2.078800
1,2,89.353832,16.764399,2.489200,2.640500,1.941500
1,2,89.370714,16.882502,2.405200,3.071900,2.109400
1,2,89.386978,16.264200,2.768200,2.476100,1.837100
1,2,89.404146,17.167501,3.266300,3.380400,1.727700
1,2,89.420631,16.485598,2.431900,3.265800,2.048700
1,2,89.437222,16.590301,2.607300,2.382700,1.779700
1,2,89.455414,18.192399,3.234000,2.766300,1.610500
1,2,89.470387,14.972899,4.319300,2.742600,2.067700
1,2,89.487266,16.878802,3.227000,2.505900,1.629200
1,2,89.503837,16.571499,3.045300,2.789400,1.539500
1,2,89.520255,16.417399,2.709900,2.410100,1.861900
1,2,89.537327,17.072100,1.928900,2.286200,1.629100
1,2,89.553718,16.391102,2.399900,3.074500,1.927700
1,2,89.570609,16.891498,2.339400,2.460500,1.565100
1,2,89.587382,16.773000,2.534900,2.861300,1.573200
1,2,89.603665,16.282201,2.728100,2.489600,1.897700
1,2,89.620314,16.649198,2.214300,2.342100,1.757300
1,2,89.637157,16.842902,1.923900,2.927100,1.762200
1,2,89.653721,16.564000,2.227800,3.261400,1.894400
1,2,89.670567,16.846698,2.216100,2.426900,1.588900
1,2,89.686973,16.405400,2.488500,3.496900,2.144500
1,2,89.703674,16.701002,2.557500,2.582600,1.602400
1,2,89.720469,16.795300,2.014600,2.721900,1.487500
1,2,89.736951,16.481899,2.312000,2.325600,1.699600
1,2,89.754166,17.215002,1.967100,2.331100,1.585200
1,2,89.770387,16.221497,2.710700,2.691800,1.907800
1,2,89.787039,16.651500,2.471300,2.781200,2.548600
1,2,89.803728,16.688701,2.099500,3.045300,1.708300
1,2,89.820255,16.527101,2.348700,2.834100,1.782700
1,2,89.837177,16.922299,2.009300,2.735200,1.770100
1,2,89.853872,16.695302,2.149900,2.513100,1.714000
1,2,89.870257,16.385097,2.428500,2.603800,2.013900
1,2,89.887234,16.976103,1.971200,2.848800,2.087800
1,2,89.904010,16.775999,2.347400,3.057100,1.998400
1,2,89.920403,16.393699,2.739400,2.793600,2.299000
1,2,89.937224,16.820502,2.638500,2.759000,1.954300
1,2,89.953610,16.385797,2.823300,3.040800,1.701600
1,2,89.970263,16.653601,3.485900,2.494600,2.162600
1,2,89.987228,16.965002,2.074000,3.514000,1.808200
1,2,90.003883,16.655099,2.283700,2.664200,1.942600
1,2,90.020301,16.417600,2.685300,2.495900,1.973300
1,2,90.037008,16.706999,2.176800,2.402800,1.525400
1,2,90.053649,16.640902,2.085600,2.398700,2.421700
1,2,90.070260,16.611300,2.225300,3.191400,1.620100
1,2,90.087211,16.951296,2.111900,2.354000,1.793500
1,2,90.103522,16.310200,2.355100,3.006900,1.944700
1,2,90.124143,20.621601,2.087400,2.664700,1.859800
1,2,90.137060,12.917001,6.191800,2.711600,2.304400
1,2,90.153760,16.699601,2.239900,2.293700,1.389200
1,2,90.170669,16.909298,1.955100,2.738500,1.597100
1,2,90.187285,16.616102,2.326700,2.549800,1.603100
1,2,90.204230,16.944498,2.412700,3.103900,1.920900
1,2,90.220668,16.438000,3.080300,3.291500,2.105400
1,2,90.237116,16.448602,2.523500,2.673100,1.657400
1,2,90.253833,16.716897,2.150900,2.977100,1.854100
1,2,90.270770,16.937301,2.570400,2.384700,1.737500
1,2,90.287291,16.520999,2.717400,2.487000,1.913000
1,2,90.304145,16.853601,2.641000,3.254500,1.909600
1,2,90.322021,17.876100,2.790600,2.610500,1.862900
1,2,90.337310,15.288401,3.598200,3.056400,1.843300
1,2,90.354666,17.356899,2.502100,3.393700,2.112100
1,2,90.370715,16.048301,3.218200,3.196100,1.965800
1,2,90.387256,16.541500,2.762000,3.202100,1.939000
1,2,90.404780,17.524101,2.472300,2.663300,2.147600
1,2,90.420519,15.738301,3.111900,2.669500,1.677700
1,2,90.437103,16.583897,2.115300,3.392100,2.368700
1,2,90.454390,17.287500,2.074900,2.387900,1.516000
1,2,90.470636,16.245700,2.708500,3.357900,2.014600
1,2,90.487062,16.426001,2.583300,2.494900,1.742600
1,2,90.503969,16.907699,1.881600,2.630000,1.638600
1,2,90.520564,16.594499,2.261800,3.121100,2.134500
1,2,90.537281,16.717002,2.421100,2.501800,1.691700
1,2,90.553959,16.678300,2.178600,2.948900,1.524800
1,2,90.570444,16.484898,2.398700,2.607900,1.895500
1,2,90.587293,16.848601,2.209300,2.440600,1.758400
1,2,90.604131,16.837802,2.122800,3.571700,2.001300
1,2,90.620549,16.418200,2.535000,2.619700,1.728300
1,2,90.637359,16.810097,2.227500,2.969100,1.759100
1,2,90.653904,16.545203,2.207100,2.969600,2.085100
1,2,90.670620,16.715899,2.492500,2.435700,1.709400
1,2,90.687321,16.700901,2.395900,3.006900,1.630200
1,2,90.703774,16.452998,2.500300,2.707500,1.803200
1,2,90.721107,17.333101,2.044300,2.390200,1.632900
1,2,90.737438,16.331401,2.788900,3.263600,1.826600
1,2,90.754044,16.606100,2.727200,3.178500,1.974600
1,2,90.770882,16.837999,2.321200,2.375200,1.640100
1,2,90.787111,16.228400,2.511400,2.423900,1.914300
1,2,90.804080,16.968999,2.093100,2.494500,1.763500
1,2,90.820632,16.552102,2.544200,3.469100,1.923600
1,2,90.837238,16.606499,2.589900,3.247100,1.643200
1,2,90.854072,16.833100,2.236700,2.322500,2.382500
1,2,90.870584,16.511999,2.517100,3.323800,1.517300
1,2,90.887140,16.556200,2.553100,3.286200,1.661900
1,2,90.903899,16.759001,1.929300,2.404300,1.773600
1,2,90.920610,16.710799,2.030900,2.720700,1.811900
1,2,90.937166,16.556703,2.326400,2.471100,2.077600
1,2,90.954100,16.933497,2.059200,2.429900,1.651400
1,2,90.970567,16.467400,2.438400,3.167600,2.254400
1,2,90.987408,16.840901,2.777400,2.438300,1.807500
1,2,91.004020,16.611602,2.297900,2.610800,1.823300
1,2,91.020559,16.539499,2.386600,3.067100,2.031400
1,2,91.037208,16.649000,2.280300,2.934700,1.993400
1,2,91.053985,16.776398,2.085400,3.331200,1.940100
1,2,91.070468,16.483802,2.361500,2.863300,2.235600
1,2,91.087837,17.368700,2.351100,2.968700,1.723900
1,2,91.104037,16.199898,2.840600,2.915400,1.771500
1,2,91.120559,16.521599,2.683600,2.638100,1.923100
1,2,91.137603,17.044101,2.426700,2.913200,2.086100
1,2,91.153878,16.275499,2.717200,3.105100,1.947500
1,2,91.170571,16.692501,2.746100,2.428600,1.806900
1,2,91.187496,16.925599,2.340700,2.658700,1.635100
1,2,91.204087,16.590502,2.344300,3.547400,1.640500
1,2,91.220788,16.701099,2.734700,3.252100,1.676100
1,2,91.237637,16.848702,2.564400,3.177000,2.210600
1,2,91.254243,16.606297,2.781100,3.005300,2.710600
1,2,91.271003,16.760200,2.623000,2.624600,1.648500
1,2,91.287161,16.157702,2.904000,3.093200,2.019100
1,2,91.303805,16.644001,2.265700,3.041500,1.888900
1,2,91.320912,17.107297,2.086100,3.088600,1.789200
1,2,91.337197,16.284503,2.749900,3.584300,2.086600
1,2,91.353950,16.753297,2.259500,2.391500,1.767300
1,2,91.370703,16.752802,2.119100,3.084700,1.667200
1,2,91.387108,16.405400,2.250100,2.901400,1.902400
1,2,91.403966,16.858000,2.034300,2.901400,1.793900
1,2,91.420715,16.748998,2.278400,2.640400,2.107300
1,2,91.437364,16.648799,2.660100,3.132700,1.522700
1,2,91.453814,16.449902,2.345600,2.448200,1.541800
1,2,91.470515,16.700998,2.146000,2.556200,1.809500
1,2,91.487127,16.612500,2.024200,2.364900,2.169700
1,2,91.503957,16.830202,1.998200,3.040200,2.269300
1,2,91.520576,16.618699,2.139100,3.134500,1.634400
1,2,91.537408,16.832199,2.313600,2.321600,2.297500
1,2,91.553835,16.426500,2.651600,2.961000,1.957600
1,2,91.570585,16.750202,2.542200,3.094400,1.699800
1,2,91.587108,16.522702,2.545200,2.513300,2.757800
1,2,91.603769,16.661398,1.809400,2.347200,1.805700
1,2,91.620695,16.925801,1.909100,2.391400,1.903800
1,2,91.637218,16.523398,2.316000,3.003700,1.790700
1,2,91.653904,16.685702,2.108000,2.488700,2.045600
1,2,91.670652,16.748298,2.156100,2.323900,1.839700
1,2,91.687175,16.522903,2.407800,2.879100,1.959000
1,2,91.703871,16.695600,2.309900,2.558800,1.946600
1,2,91.720536,16.664900,2.521600,2.395300,2.138700
1,2,91.737079,16.542997,2.299500,2.477000,2.193100
1,2,91.754067,16.988702,2.129100,2.346600,1.713200
1,2,91.770781,16.713299,2.346900,2.975400,1.803100
1,2,91.787235,16.454700,2.608400,2.477700,1.884700
1,2,91.803792,16.556401,2.132800,2.306400,1.581800
1,2,91.820584,16.792201,1.820000,2.582500,2.024300
1,2,91.837371,16.786698,2.079200,2.573000,1.977800
1,2,91.853997,16.626399,2.181700,3.550100,1.888000
1,2,91.870580,16.583201,2.187500,2.512600,2.111100
1,2,91.887377,16.797002,2.412700,2.641000,1.874800
1,2,91.903880,16.502298,2.356700,2.716200,1.957400
1,2,91.920527,16.647499,2.238600,2.725900,1.788600
1,2,91.937560,17.033201,1.956100,2.395500,1.721600
1,2,91.953851,16.290799,2.512200,2.928500,2.040400
1,2,91.970546,16.695302,2.301700,2.644600,1.792600
1,2,91.987527,16.980499,2.261800,2.748100,1.823100
1,2,92.004074,16.546801,2.946600,2.774700,1.956300
1,2,92.020745,16.671401,2.608700,2.971800,1.686500
1,2,92.037353,16.607698,2.695200,3.245600,2.006700
1,2,92.054071,16.718403,2.538500,2.808700,2.055200
1,2,92.070615,16.543698,2.337500,3.059200,1.711200
1,2,92.087163,16.548499,2.321000,2.449200,1.790300
1,2,92.103898,16.735002,2.023900,2.745700,1.962000
1,2,92.120615,16.716100,2.205900,3.069200,1.901500
1,2,92.137167,16.551998,2.289400,2.578300,2.293300
1,2,92.155036,17.869003,2.250000,2.732200,2.004300
1,2,92.170729,15.693098,3.671800,3.127900,2.454800
1,2,92.187552,16.823199,3.085500,3.310300,2.282100
1,2,92.204237,16.684901,3.082800,3.238600,2.242400
1,2,92.220864,16.627699,3.015500,3.622100,2.460500
1,2,92.237382,16.517702,2.887000,3.270800,2.040700
1,2,92.254111,16.728900,2.695800,3.497500,2.308000
1,2,92.271017,16.905498,2.528200,3.571800,2.264000
1,2,92.287522,16.505901,2.732100,3.040800,1.936600
1,2,92.304027,16.504701,2.783300,3.570400,2.062400
1,2,92.320623,16.595300,2.672700,3.078500,1.932100
1,2,92.337316,16.693898,2.356500,2.906400,2.054900
1,2,92.354067,16.750801,2.172600,3.173200,2.331700
1,2,92.370613,16.546100,2.330700,3.122300,2.042900
1,2,92.387474,16.860999,2.326600,3.240800,2.205700
1,2,92.404284,16.809601,2.478400,3.653800,2.430900
1,2,92.420941,16.657598,2.903700,3.774400,2.401400
1,2,92.437441,16.499300,3.150600,2.805300,2.000500
1,2,92.454044,16.603202,2.889500,3.708000,2.408700
1,2,92.470720,16.675901,3.029900,3.206000,2.003700
1,2,92.487641,16.921200,2.768100,3.624700,1.748900
1,2,92.504152,16.511399,2.819700,3.511700,2.376600
1,2,92.520756,16.603500,2.994300,3.654000,2.076100
1,2,92.537521,16.765300,2.654000,3.156400,2.714700
1,2,92.554282,16.760699,2.427200,5.285900,2.140600
1,2,92.570970,16.687598,2.740500,3.670100,2.162100
1,2,92.587365,16.395200,2.916500,3.201800,2.545900
1,2,92.604325,16.960401,2.647900,3.072900,2.526800
1,2,92.620716,16.391102,2.863700,3.693900,2.105600
1,2,92.637528,16.811699,2.607000,3.397300,2.382200
1,2,92.654372,16.843800,3.311100,3.647700,2.687500
1,2,92.671001,16.629498,3.398800,3.785200,2.124200
1,2,92.687277,16.275603,3.053400,3.467600,2.644900
1,2,92.704974,17.696697,2.643800,3.190500,1.971300
1,2,92.720776,15.802503,3.597600,3.015500,2.553000
1,2,92.737871,17.095298,3.092300,2.895000,2.109900
1,2,92.754297,16.426001,2.812000,3.075600,1.991100
1,2,92.770797,16.499799,2.777600,3.161400,2.104400
1,2,92.787478,16.680501,2.718700,2.652100,1.706000
1,2,92.804075,16.597599,2.895500,2.966400,2.049700
1,2,92.820727,16.651701,2.536200,3.500200,2.140600
1,2,92.837769,17.041799,2.416900,2.718100,1.696900
1,2,92.854012,16.243700,2.670000,3.017300,1.895800
1,2,92.870895,16.882200,2.680400,2.963300,1.990100
1,2,92.887209,16.314201,2.881900,2.600700,1.809400
1,2,92.904075,16.865801,2.234300,2.717800,1.813100
1,2,92.920710,16.635399,2.471600,3.004500,2.381300
1,2,92.937388,16.677599,2.449300,2.916600,1.960500
1,2,92.954100,16.712800,2.399600,3.157600,2.055500
1,2,92.971049,16.948901,2.638300,2.728800,2.130100
1,2,92.987853,16.803302,2.869800,3.174800,2.201400
1,2,93.004377,16.524598,4.040600,3.506100,2.241600
1,2,93.020788,16.410902,3.353600,3.764400,2.374000
1,2,93.038066,17.277699,2.904300,3.656200,2.379700
1,2,93.054579,16.513500,3.758400,3.954100,2.576400
1,2,93.071645,17.065898,3.613100,3.627200,2.214400
1,2,93.088666,17.020300,3.698200,3.708000,2.311800
1,2,93.104564,15.898600,4.012800,3.103000,2.262400
1,2,93.120988,16.423702,3.170000,2.960500,2.187300
1,2,93.137756,16.768299,2.876800,3.387700,2.701400
1,2,93.154248,16.491398,3.290600,3.365500,2.139200
1,2,93.170802,16.554400,3.070900,3.385600,2.410800
1,2,93.187845,17.043002,3.198100,2.644800,2.006800
1,2,93.204135,16.290199,2.997900,3.394800,2.296300
1,2,93.221052,16.917199,2.814100,2.691900,1.890100
1,2,93.237470,16.417202,2.722100,3.262900,1.807300
1,2,93.253970,16.500700,2.515900,2.847700,1.867500
1,2,93.271205,17.235201,2.301400,2.725500,1.951100
1,2,93.287487,16.281899,3.108500,3.044100,2.240400
1,2,93.304095,16.608100,2.677900,3.091400,1.901100
1,2,93.320828,16.732398,2.425700,2.523000,1.734500
1,2,93.337361,16.532701,2.332200,2.798400,2.216300
1,2,93.354243,16.882502,2.344000,2.852300,1.794500
1,2,93.370732,16.489100,2.610000,3.199400,2.181000
1,2,93.387477,16.745199,3.397000,2.540600,1.536000
1,2,93.404096,16.618300,2.290400,2.914700,1.758000
1,2,93.420762,16.666699,2.531000,2.454200,1.889900
1,2,93.437587,16.825002,2.168600,2.563800,1.631000
1,2,93.453942,16.354498,2.386200,2.907600,2.082600
1,2,93.470727,16.784802,2.451900,2.420900,1.654400
1,2,93.487698,16.971499,2.166200,3.297700,2.158800
1,2,93.504232,16.534101,3.080900,3.213700,2.276100
1,2,93.521329,17.096601,2.614900,2.767500,1.873400
1,2,93.537456,16.127098,2.889100,2.777900,2.076000
1,2,93.554034,16.578101,2.556000,2.925400,1.978000
1,2,93.570768,16.734198,2.415900,2.680500,1.712000
1,2,93.587567,16.798403,2.307000,3.264100,1.786900
1,2,93.604069,16.502097,2.552100,2.887000,1.832100
1,2,93.620751,16.682301,2.644500,2.912500,2.041200
1,2,93.637905,17.154202,2.216000,3.686000,2.126300
1,2,93.654374,16.468700,2.921900,3.090700,2.052900
1,2,93.671084,16.709700,2.648700,2.966400,2.011800
1,2,93.687441,16.357798,3.096400,2.936800,1.976800
1,2,93.704164,16.723000,2.298500,3.368900,1.890100
1,2,93.720726,16.561102,2.700800,2.585900,1.926900
1,2,93.737450,16.724098,2.140800,2.637700,1.806900
1,2,93.754461,17.011099,2.164200,2.494100,2.512100
1,2,93.771007,16.546000,2.605300,2.718400,2.141900
1,2,93.787351,16.344301,2.514400,3.066800,1.705500
1,2,93.804204,16.852900,2.162400,2.624500,1.496700
1,2,93.820801,16.597401,2.310300,2.655100,1.860600
1,2,93.837525,16.723998,2.583600,2.694400,1.569400
1,2,93.854137,16.612101,2.227300,3.015300,1.864200
1,2,93.870554,16.416799,2.177100,2.614000,1.784500
1,2,93.887499,16.944598,1.858800,2.284300,1.774900
1,2,93.903989,16.490404,2.249600,3.019500,2.033400
1,2,93.920777,16.787298,2.090900,2.570600,1.760400
1,2,93.937698,16.921800,2.058900,3.074600,1.821200
1,2,93.954392,16.693499,2.565000,3.002700,2.020900
1,2,93.970882,16.490303,2.829400,2.720600,1.852500
1,2,93.987540,16.657997,2.498000,3.036000,1.707300
1,2,94.004079,16.539101,2.477100,3.115300,1.753500
1,2,94.020734,16.655102,2.455400,2.906600,2.643200
1,2,94.037768,17.033298,2.366500,2.584500,1.690800
1,2,94.054507,16.739599,2.297400,2.511600,1.684100
1,2,94.070717,16.209804,2.606000,3.073300,1.654300
1,2,94.088576,17.859299,2.551200,2.549900,1.711700
1,2,94.104111,15.534401,3.721000,2.482700,1.673100
1,2,94.120777,16.665999,2.650300,2.668300,2.285000
1,2,94.137635,16.858499,2.366600,3.204700,2.000300
1,2,94.155467,17.832100,2.629800,3.090500,1.615300
1,2,94.170859,15.391700,3.436100,2.625000,2.299800
1,2,94.187910,17.050698,2.322300,2.532000,2.057500
1,2,94.203946,16.036302,2.674600,3.081700,1.713500
1,2,94.220750,16.803801,2.317000,2.694300,1.885000
1,2,94.237556,16.805600,1.982700,2.346100,1.813400
1,2,94.254204,16.648598,2.291900,2.623800,1.831600
1,2,94.270994,16.789902,2.482200,3.656300,1.976600
1,2,94.287602,16.607899,2.423900,2.460500,1.574600
1,2,94.304149,16.546898,2.441500,2.513200,2.042200
1,2,94.320931,16.782101,2.396500,2.372400,2.334600
1,2,94.337683,16.752101,2.334300,3.179700,1.783300
1,2,94.354006,16.322698,2.622800,3.114700,2.062700
1,2,94.371328,17.322600,2.259600,2.535600,1.629800
1,2,94.387648,16.319301,3.014600,2.624800,2.233700
1,2,94.404128,16.480699,2.703400,2.967000,1.709000
1,2,94.420851,16.723100,2.514700,3.888700,2.099800
1,2,94.437656,16.805001,2.489000,2.644800,1.778500
1,2,94.453970,16.314100,2.308200,2.573200,1.766700
1,2,94.471134,17.163899,2.017400,2.855600,1.968700
1,2,94.487477,16.343001,2.485100,3.945900,1.866200
1,2,94.504645,17.167900,2.828600,2.473700,1.785900
1,2,94.520767,16.122200,2.679100,2.747200,1.814900
1,2,94.537400,16.632199,2.428800,3.017800,1.674600
1,2,94.554763,17.363701,2.378400,2.626000,1.633400
1,2,94.571507,16.743898,3.810200,2.957800,2.073200
1,2,94.587553,16.046003,3.231400,2.497000,2.341000
1,2,94.604211,16.658198,2.609400,2.577800,2.091800
1,2,94.620991,16.779698,2.692800,2.436800,1.948200
1,2,94.637594,16.602501,2.640000,2.583600,2.306000
1,2,94.654474,16.880702,2.554800,3.220600,1.934500
1,2,94.670893,16.418200,2.788100,3.665100,2.307500
1,2,94.687517,16.624197,2.816500,2.465900,1.802600
1,2,94.704210,16.693503,2.408000,2.722300,1.852200
1,2,94.720653,16.443197,2.546100,2.700500,2.104700
1,2,94.737736,17.082501,2.100200,2.520600,1.557700
1,2,94.754295,16.559102,2.295200,2.842300,1.872400
1,2,94.770825,16.530298,2.429300,2.525100,1.837600
1,2,94.787703,16.877402,2.368800,2.888500,1.897000
1,2,94.804131,16.428500,2.746800,3.298100,2.055400
1,2,94.820987,16.855501,2.265000,3.369800,1.817700
1,2,94.838161,17.174300,2.490800,2.781500,1.779900
1,2,94.854392,16.231000,3.490400,3.214900,2.039000
1,2,94.870843,16.450498,3.087500,3.316000,1.762900
1,2,94.887580,16.737100,2.409600,3.042100,1.818000
1,2,94.904309,16.729198,2.505200,2.900800,2.114800
1,2,94.921276,16.967002,2.562500,2.696000,1.922500
1,2,94.937466,16.190499,2.879500,2.645400,1.861900
1,2,94.954297,16.830202,3.569500,2.997800,1.939900
1,2,94.970959,16.661998,2.489300,2.956300,2.198300
1,2,94.987458,16.499002,2.613000,2.772800,2.369000
1,2,95.004489,17.031398,2.418200,2.844900,1.802200
1,2,95.020730,16.240701,2.842900,3.473900,2.063300
1,2,95.037589,16.859099,2.466400,2.539100,1.891800
1,2,95.054283,16.694102,2.207200,2.687000,1.823700
1,2,95.071820,17.536797,2.424100,4.008800,2.425000
1,2,95.087970,16.150802,3.596700,3.838100,2.423000
1,2,95.104269,16.298499,3.804700,2.798100,2.059900
1,2,95.121161,16.891599,2.774600,3.555300,1.937100
1,2,95.137591,16.430303,3.011300,2.828600,1.782700
1,2,95.154377,16.785797,2.570600,3.082700,1.952700
1,2,95.175102,20.724900,2.690400,3.339600,1.731900
1,2,95.188279,13.177902,6.865300,3.620500,2.245700
1,2,95.204415,16.135398,3.188600,3.252700,2.276300
1,2,95.221203,16.788501,2.919300,3.370500,2.002900
1,2,95.237664,16.460102,2.836600,3.343100,2.176000
1,2,95.254310,16.647000,2.751300,2.772400,2.229200
1,2,95.271162,16.851198,2.668900,3.435100,2.160100
1,2,95.287696,16.534399,2.868600,3.443400,2.186500
1,2,95.304667,16.970601,2.816600,2.810000,2.668000
1,2,95.321006,16.338900,3.043100,3.383500,2.340700
1,2,95.337635,16.628999,2.863000,2.700500,2.794800
1,2,95.354521,16.886201,2.484700,2.728100,2.017300
1,2,95.370948,16.427699,2.589800,3.303600,2.217100
1,2,95.388084,17.135300,2.860300,3.650000,1.991500
1,2,95.404264,16.180500,3.247800,2.869700,1.813200
1,2,95.420778,16.513903,2.726600,2.482400,2.157700
1,2,95.437610,16.831797,2.415400,2.407800,1.709800
1,2,95.454221,16.610801,2.294400,2.736300,2.042700
1,2,95.470803,16.582400,2.538600,3.131300,2.102500
1,2,95.487738,16.934801,2.278400,2.874400,1.417500
1,2,95.504123,16.384698,2.767000,3.093000,1.949100
1,2,95.520843,16.720403,2.321400,2.457200,1.710000
1,2,95.537642,16.798500,2.366000,2.522800,1.800100
1,2,95.554084,16.442299,2.358700,2.773300,1.880800
1,2,95.570918,16.834501,2.207000,2.699600,1.588000
1,2,95.587569,16.650598,2.370200,2.704200,1.726800
1,2,95.604109,16.539801,2.454700,2.991400,1.860500
1,2,95.621070,16.961500,2.367200,2.836300,1.792900
1,2,95.638027,16.956400,2.796600,3.137300,1.859100
1,2,95.654412,16.385198,3.239100,3.348000,2.381800
1,2,95.670997,16.584702,3.291600,2.813700,2.006800
1,2,95.687509,16.512800,2.914200,2.908200,2.136600
1,2,95.704292,16.782500,2.407600,2.557200,1.878200
1,2,95.720943,16.651399,2.516800,3.287400,1.742700
1,2,95.737423,16.479399,2.479300,3.371300,2.306300
1,2,95.754151,16.728301,2.337800,2.465000,1.735200
1,2,95.770797,16.645800,2.133300,3.272700,2.212000
1,2,95.787456,16.659502,2.355900,2.441000,2.461200
1,2,95.804228,16.771499,2.228500,2.556100,1.912900
1,2,95.820677,16.448800,2.776900,3.081000,1.915000
1,2,95.837722,17.045900,2.347100,2.537700,1.841900
1,2,95.854188,16.465098,2.556400,2.272300,1.707700
1,2,95.870841,16.653601,2.339300,2.886100,1.822500
1,2,95.887613,16.771901,2.487200,2.604800,1.877300
1,2,95.904056,16.442999,2.504100,2.639100,1.790300
1,2,95.920738,16.681701,2.153300,2.670000,1.776800
1,2,95.937428,16.689997,2.487700,2.364500,2.183300
1,2,95.954105,16.677201,2.244600,2.511500,1.916300
1,2,95.970834,16.729001,2.136700,2.422500,1.713800
1,2,95.987368,16.533602,2.352700,2.931500,1.686800
1,2,96.004021,16.652998,2.300700,2.775800,1.754000
1,2,96.020657,16.636599,1.883600,2.400000,1.919500
1,2,96.037435,16.777601,2.051900,3.499200,1.880800
1,2,96.054027,16.592000,2.062700,3.039400,2.174400
1,2,96.070876,16.849000,1.900200,2.691700,1.732400
1,2,96.087396,16.519800,2.851500,2.421700,1.871600
1,2,96.104023,16.627502,2.018200,2.467900,1.773200
1,2,96.120734,16.711399,1.983300,2.440700,1.626000
1,2,96.137544,16.809501,2.001900,2.419400,1.842100
1,2,96.154133,16.589500,2.122200,2.313700,1.976500
1,2,96.170901,16.767200,2.334200,2.493300,1.992700
1,2,96.187626,16.725101,2.144900,2.471200,1.784500
1,2,96.204073,16.447198,2.303900,3.094900,1.979000
1,2,96.220866,16.792901,2.345600,2.661700,1.710000
1,2,96.237453,16.587600,2.478400,2.560400,1.789500
1,2,96.254148,16.694300,2.246400,3.181100,1.899400
1,2,96.270875,16.726900,2.715700,3.017800,2.457900
1,2,96.287465,16.590599,2.440700,2.608600,2.082300
1,2,96.304145,16.679801,2.315900,2.464300,1.913600
1,2,96.320888,16.742900,2.270600,2.348600,1.787200
1,2,96.337394,16.506501,2.252200,2.586500,1.718700
1,2,96.354217,16.822901,2.215600,2.449500,1.701100
1,2,96.371263,17.045200,2.458900,2.571200,1.983700
1,2,96.387407,16.144600,2.829500,2.361100,2.324300
1,2,96.404301,16.893499,2.145300,2.961700,1.683600
1,2,96.421470,17.168902,2.297300,2.763400,1.836400
1,2,96.437671,16.201098,3.184700,3.231000,1.866000
1,2,96.454106,16.435102,2.613800,2.468700,1.655200
1,2,96.470815,16.709499,2.396900,2.883400,2.269900
1,2,96.487800,16.984500,2.248500,3.090400,3.119400
1,2,96.504120,16.320001,2.815000,3.450100,1.885800
1,2,96.521448,17.328400,2.849900,2.902000,2.058500
1,2,96.537785,16.336601,3.102700,2.769200,1.887900
1,2,96.554044,16.258899,2.869500,2.621600,1.804800
1,2,96.570753,16.709298,2.776700,2.570900,2.921100
1,2,96.587740,16.986601,2.155900,2.553500,1.591000
1,2,96.604132,16.392700,2.483300,2.800300,1.809000
1,2,96.620763,16.630299,2.316700,2.794300,2.139500
1,2,96.637616,16.853202,2.123400,2.548400,2.041300
1,2,96.654271,16.654998,2.502000,3.072300,2.117500
1,2,96.671031,16.759802,2.724600,2.972000,1.884700
1,2,96.687471,16.440000,2.724300,2.721300,2.018300
1,2,96.704183,16.712297,2.370700,2.895000,1.695300
1,2,96.720771,16.588103,2.433500,2.463100,1.760900
1,2,96.737662,16.890999,2.752600,2.454000,1.814600
1,2,96.754129,16.466901,2.244100,3.017700,1.938800
1,2,96.771233,17.104398,2.063300,2.669000,1.875900
1,2,96.787549,16.316101,2.713800,3.145800,1.568500
1,2,96.804205,16.655900,2.323900,2.772800,1.765400
1,2,96.820945,16.740002,2.525600,2.819700,1.572500
1,2,96.838039,17.093699,2.495200,3.182100,1.570500
1,2,96.854448,16.408600,2.604400,3.662400,1.813600
1,2,96.870907,16.459800,2.293300,2.130200,1.738800
1,2,96.887519,16.611699,2.510500,2.172000,1.910600
1,2,96.904672,17.152701,2.293500,2.826100,1.939500
1,2,96.921134,16.462497,2.337800,2.787700,2.487900
1,2,96.937806,16.671300,2.125900,3.067200,2.067200
1,2,96.954495,16.689200,1.855500,2.859400,1.891100
1,2,96.971192,16.697202,2.410000,2.734900,2.038700
1,2,96.988202,17.009702,2.340800,2.949400,1.755400
1,2,97.004452,16.250297,2.556800,2.826400,2.086800
1,2,97.021295,16.843300,2.076400,2.592600,1.907700
1,2,97.037879,16.584102,2.321000,2.419500,1.705600
1,2,97.054671,16.791899,2.009600,2.350000,1.801400
1,2,97.071190,16.518399,2.107400,3.078100,2.288600
1,2,97.087961,16.771801,2.242100,3.320800,2.489200
1,2,97.104612,16.650200,2.068600,2.603400,2.161900
1,2,97.121200,16.588300,2.398800,2.469600,2.601300
1,2,97.138898,17.697699,2.446100,3.250200,1.536900
1,2,97.154826,15.928801,2.888300,2.244000,2.350000
1,2,97.171597,16.770300,3.135500,3.046000,2.037900
1,2,97.188688,17.091498,2.406300,2.890600,2.084100
1,2,97.205136,16.447701,2.988500,2.504300,2.085000
1,2,97.222760,17.624501,2.977700,3.013000,1.695900
1,2,97.238144,15.383601,3.661100,3.466900,1.934400
1,2,97.254647,16.502600,2.582100,2.939100,2.264900
1,2,97.271565,16.918197,2.419900,2.605200,1.671100
1,2,97.288260,16.695000,2.225300,2.872200,1.795100
1,2,97.304737,16.477600,2.370300,2.552400,2.576800
1,2,97.321454,16.716201,2.135900,2.847100,1.694500
1,2,97.338239,16.785700,2.133500,2.683600,2.359400
1,2,97.354627,16.388100,2.358500,3.048200,1.827600
1,2,97.371604,16.976800,1.962000,2.116000,1.699500
1,2,97.388079,16.474601,2.270200,3.028600,2.050000
1,2,97.404847,16.768102,2.055000,2.286100,1.676400
1,2,97.421398,16.551200,2.147700,3.209000,1.654500
1,2,97.438184,16.785599,2.777500,2.607800,1.716100
1,2,97.454691,16.507398,2.422000,4.020300,2.007400
1,2,97.471455,16.763899,2.034900,2.853200,1.899000
1,2,97.488383,16.928200,2.417400,3.115300,2.200100
1,2,97.505149,16.765203,2.676200,2.849200,2.042100
1,2,97.521755,16.606197,2.713900,2.813700,1.831500
1,2,97.538168,16.413603,2.584800,2.787200,1.740000
1,2,97.554788,16.619697,2.392600,2.884800,1.914600
1,2,97.571374,16.586300,2.286900,2.522700,2.302300
1,2,97.588135,16.760699,2.097500,3.103800,1.676100
1,2,97.604949,16.814500,1.964500,2.722400,1.823700
1,2,97.621320,16.370203,2.400400,2.360000,2.272200
1,2,97.638243,16.923498,2.064000,2.852200,1.904000
1,2,97.654620,16.377199,2.081900,3.202700,1.929000
1,2,97.671484,16.864002,2.102700,2.460700,2.737200
1,2,97.688150,16.665198,2.090200,2.609300,1.944500
1,2,97.704640,16.490702,2.540900,2.375100,1.460700
1,2,97.721331,16.690798,1.936000,2.368600,1.850300
1,2,97.738441,17.109901,1.985000,2.463300,1.962300
1,2,97.754594,16.153101,2.359100,2.262200,1.872100
1,2,97.771298,16.703501,1.998300,2.100700,1.791400
1,2,97.788104,16.806699,1.700000,2.378000,1.612100
1,2,97.804970,16.865999,2.141000,2.335700,2.102800
1,2,97.821935,16.964599,2.233800,2.426600,1.792800
1,2,97.838017,16.082600,2.636000,2.726500,1.702600
1,2,97.855152,17.134503,2.116100,2.296500,1.957600
1,2,97.871408,16.255699,2.573100,2.438900,1.632500
1,2,97.888000,16.592801,2.624600,2.791300,1.735000
1,2,97.904826,16.825300,2.075900,2.857600,1.685500
1,2,97.921426,16.600300,2.548400,2.509700,1.961600
1,2,97.938200,16.773600,1.989300,2.723100,1.861600
1,2,97.954800,16.600400,2.679200,2.968700,1.501600
1,2,97.971674,16.874399,2.297900,2.673800,1.943200
1,2,97.988049,16.374901,2.589500,2.203400,1.546400
1,2,98.005238,17.188299,1.969300,2.371600,1.848600
1,2,98.021408,16.170498,2.295100,2.867800,1.899600
1,2,98.038511,17.102800,2.199300,2.506300,1.621000
1,2,98.054857,16.346000,2.544400,2.508700,1.833400
1,2,98.071651,16.794302,2.115700,2.963800,1.913500
1,2,98.088337,16.685601,2.496200,2.576000,1.977900
1,2,98.105124,16.787000,2.520000,2.907200,2.046700
1,2,98.121434,16.309898,2.752400,2.967700,2.093900
1,2,98.138418,16.984399,2.102900,2.380000,1.877700
1,2,98.154910,16.491503,2.332400,3.170600,2.146100
1,2,98.171983,17.073199,2.272000,2.608400,2.050200
1,2,98.188235,16.252398,2.912800,2.963200,1.896700
1,2,98.205049,16.813401,2.626800,2.988900,1.834500
1,2,98.221490,16.441599,2.604200,2.520200,1.731900
1,2,98.238420,16.930003,2.213000,2.279100,2.049100
1,2,98.254707,16.286898,2.143100,2.397600,1.776900
1,2,98.271704,16.996998,2.069400,2.403300,1.800200
1,2,98.288259,16.555101,2.172900,2.473700,1.559700
1,2,98.304751,16.491901,2.178600,3.265600,1.980400
1,2,98.321858,17.107200,1.937400,2.466600,1.978700
1,2,98.338074,16.215600,2.289300,3.130500,1.761100
1,2,98.355001,16.926900,1.999400,2.240900,1.440700
1,2,98.371617,16.616501,1.983100,2.783500,1.970100
1,2,98.388308,16.690299,2.272500,2.590300,1.892900
1,2,98.405025,16.717698,2.338600,2.822900,1.472900
1,2,98.421538,16.513001,2.306700,2.922000,2.144200
1,2,98.438574,17.035700,2.262900,2.464600,1.642500
1,2,98.454854,16.280301,2.590500,2.654000,1.625300
1,2,98.471495,16.640298,2.490700,2.388800,1.778400
1,2,98.488440,16.945403,2.018000,2.161100,1.546400
1,2,98.504821,16.380999,2.276800,2.548700,1.843500
1,2,98.521449,16.628299,2.258800,2.351000,2.161700
1,2,98.538660,17.210599,2.135400,2.185800,1.507300
1,2,98.554867,16.206503,2.634800,2.713800,2.065200
1,2,98.571943,17.076697,2.467000,2.405800,1.740300
1,2,98.588303,16.359802,3.009900,2.965200,1.939800
1,2,98.604873,16.570497,1.921800,2.524200,1.861800
1,2,98.621723,16.849503,2.308400,2.644500,1.722500
1,2,98.638253,16.530298,2.254300,3.257200,2.398100
1,2,98.655306,17.052300,2.392600,2.562900,1.807300
1,2,98.671889,16.583700,2.979400,3.073500,1.666700
1,2,98.688025,16.135801,2.773500,2.566700,1.945100
1,2,98.705314,17.288499,2.302000,2.199200,1.624600
1,2,98.721562,16.248301,2.540700,2.656100,1.954900
1,2,98.738553,16.991399,2.477500,2.486700,1.899400
1,2,98.755189,16.636003,2.554600,2.735500,1.551500
1,2,98.771507,16.317997,2.438700,3.663800,1.901200
1,2,98.788192,16.685102,2.368700,2.270600,1.603800
1,2,98.804955,16.762301,1.838100,3.018000,1.783300
1,2,98.821421,16.466197,1.912400,4.128800,1.906600
1,2,98.838823,17.402101,1.929400,2.303300,1.516900
1,2,98.854932,16.109198,2.522100,3.065600,2.133400
1,2,98.871474,16.541503,2.465800,2.910400,1.773100
1,2,98.888379,16.905598,2.016000,2.285700,1.926400
1,2,98.904738,16.359102,1.981800,3.817800,2.365900
1,2,98.921601,16.862597,2.016200,3.565900,2.140900
1,2,98.938398,16.796701,2.098100,2.659800,1.854400
1,2,98.954972,16.574800,2.507600,2.644900,1.889800
1,2,98.971630,16.657099,2.356600,2.555800,1.807600
1,2,98.988148,16.518902,2.226700,3.015500,1.894500
1,2,99.005573,17.424900,1.952100,2.509600,2.030000
1,2,99.021702,16.128298,2.918600,3.231900,2.065200
1,2,99.038780,17.077900,2.294300,3.753000,1.937000
1,2,99.056014,17.234299,2.942400,2.398200,1.589400
1,2,99.071585,15.571300,3.386100,3.188200,2.044600
1,2,99.088422,16.837101,2.317100,2.617800,1.964000
1,2,99.104846,16.423799,2.391200,2.572100,1.704500
1,2,99.121539,16.692802,1.950600,3.036900,1.829200
1,2,99.138370,16.831398,2.127400,2.356900,1.910000
1,2,99.154847,16.476799,2.073800,2.620700,2.018000
1,2,99.171635,16.788401,2.147100,2.438800,1.664400
1,2,99.188461,16.825501,2.193100,2.424200,1.884200
1,2,99.204828,16.366798,2.226700,2.513200,1.801300
1,2,99.221641,16.813200,2.206200,2.755700,1.392500
1,2,99.238179,16.538400,2.205300,2.457500,1.963900
1,2,99.254771,16.592000,2.062200,2.525300,1.710200
1,2,99.271711,16.939200,1.821600,2.720700,1.788800
1,2,99.288416,16.705301,2.100500,2.522200,1.924200
1,2,99.304952,16.536500,2.328800,2.342800,1.575200
1,2,99.321550,16.597502,2.124400,3.090700,1.684700
1,2,99.338381,16.831197,2.087300,3.123000,1.634900
1,2,99.355041,16.660001,2.283500,2.807500,1.642800
1,2,99.371596,16.554501,2.508000,3.333900,2.399500
1,2,99.388146,16.550701,2.410300,2.454400,1.914900
1,2,99.404923,16.777199,2.015500,2.796700,1.746300
1,2,99.421463,16.539600,1.954300,2.327800,1.837400
1,2,99.438688,17.225102,1.908100,2.414700,1.691300
1,2,99.454945,16.256399,2.567600,2.356100,1.974500
1,2,99.471829,16.884699,2.083300,2.492100,2.023600
1,2,99.488628,16.799100,2.310100,2.234700,1.776500
1,2,99.505889,17.260700,2.473800,2.812800,1.931000
1,2,99.521613,15.723698,4.406000,2.457800,1.693800
1,2,99.538443,16.830500,2.414400,2.911900,1.684400
1,2,99.554802,16.358301,2.110800,3.039600,1.577200
1,2,99.571843,17.041899,1.994000,2.236600,1.684600
1,2,99.588718,16.874902,2.200300,2.380000,1.744100
1,2,99.604971,16.252499,2.651700,3.274800,1.890000
1,2,99.621586,16.615301,2.331300,2.727200,2.013500
1,2,99.638578,16.991399,1.915800,2.475000,2.051300
1,2,99.655117,16.539898,2.555700,2.463700,1.972000
1,2,99.671828,16.710602,2.488100,2.720400,1.741600
1,2,99.688225,16.396601,2.292600,2.472100,1.608100
1,2,99.704966,16.741000,2.612700,2.446500,1.795900
1,2,99.721676,16.710199,2.027700,2.397100,1.868700
1,2,99.738271,16.594701,1.980700,2.575600,1.889100
1,2,99.755097,16.826399,2.304700,2.208800,1.571100
1,2,99.771678,16.581200,2.051300,2.905500,1.755100
1,2,99.788513,16.835202,2.095400,2.325100,1.902100
1,2,99.805119,16.605999,2.365400,2.858500,1.663200
1,2,99.821552,16.432598,2.190900,3.483000,1.799700
1,2,99.838302,16.750403,2.085300,2.327300,1.532800
1,2,99.855189,16.886599,1.964400,2.887300,1.670200
1,2,99.871514,16.325001,2.343200,2.203300,1.991800
1,2,99.888510,16.995698,1.983800,2.186000,1.514300
1,2,99.905120,16.610701,1.939900,2.941000,1.706400
1,2,99.921684,16.563199,2.233300,2.342700,2.267800
1,2,99.938377,16.693600,2.172000,2.396800,1.603600
1,2,99.955065,16.687799,1.971000,2.652000,2.092200
1,2,99.972052,16.986601,2.426500,2.786100,2.001800
1,2,99.988708,16.656000,2.814200,2.978400,1.870200
1,2,100.004898,16.190201,2.487900,3.002300,2.400100
1,2,100.022345,17.446999,2.747300,2.708500,1.779000
1,2,100.038392,16.047701,2.912500,2.694200,2.186800
1,2,100.054900,16.507600,2.258800,2.563000,1.823100
1,2,100.071764,16.863599,2.107900,2.530200,1.880400
1,2,100.088347,16.583499,1.885200,2.514900,1.850700
1,2,100.104917,16.569700,2.227400,2.599400,2.130000
1,2,100.121813,16.896401,1.977100,2.534000,1.905100
1,2,100.138331,16.517602,2.276400,2.548700,2.062200
1,2,100.155546,17.214999,2.150400,2.451200,1.765600
1,2,100.171791,16.244702,2.767400,3.051000,2.308100
1,2,100.188892,17.101899,2.420300,2.844100,1.620500
1,2,100.205426,16.533900,2.921900,2.935100,1.791100
1,2,100.226078,20.652100,4.528200,3.181400,1.955400
1,2,100.238956,12.877200,6.745900,2.789000,2.380100
1,2,100.255451,16.495101,3.081200,3.699100,1.666900
1,2,100.271947,16.496196,2.853400,4.293600,1.983900
1,2,100.288727,16.780101,2.356300,3.745400,2.193400
1,2,100.305245,16.518101,2.563900,2.574100,2.197100
1,2,100.322110,16.865000,2.354000,2.880200,1.886600
1,2,100.338730,16.619898,2.798000,2.729600,1.861600
1,2,100.355302,16.571701,2.632800,2.852900,1.924400
1,2,100.371849,16.547602,2.999400,4.013400,1.817500
1,2,100.388569,16.720001,2.203700,3.157400,1.553500
1,2,100.405236,16.666397,2.345400,2.485300,2.042300
1,2,100.421839,16.602900,2.310300,3.035400,1.490800
1,2,100.438472,16.633499,2.212900,2.417600,1.897100
1,2,100.455625,17.153300,2.005600,2.623900,2.680500
1,2,100.472126,16.500901,2.553600,2.660800,1.623000
1,2,100.488680,16.553700,2.415500,2.957700,2.028300
1,2,100.505260,16.580202,2.333400,2.429800,1.876400
1,2,100.522003,16.742799,2.415200,2.507300,1.860900
1,2,100.538424,16.420998,2.564300,3.366300,2.346300
1,2,100.555300,16.875800,2.230600,2.481100,1.507900
1,2,100.572003,16.702801,2.246500,3.017900,1.662400
1,2,100.588847,16.844701,2.523300,2.742300,2.012800
1,2,100.605327,16.479701,2.760300,3.535700,2.408200
1,2,100.621976,16.648699,2.622500,5.077500,2.418600
1,2,100.639046,17.069802,2.782900,2.947900,2.320900
1,2,100.655512,16.466100,2.960500,3.726400,2.067400
1,2,100.672047,16.535699,2.968600,3.819700,1.934800
1,2,100.689067,17.019898,2.934200,3.621100,2.338000
1,2,100.705709,16.641501,4.075400,3.889200,2.339200
1,2,100.723484,17.775301,3.732600,3.723300,4.737400
1,2,100.739612,16.128100,4.613800,5.623200,3.410200
1,2,100.755734,16.122300,6.401000,4.359700,3.160400
1,2,100.772537,16.802099,3.224200,3.767200,2.415900
1,2,100.789102,16.564999,2.740500,3.552300,2.444300
1,2,100.805887,16.785502,3.313600,4.126600,2.361600
1,2,100.822465,16.577799,3.326600,3.722100,2.143100
1,2,100.839105,16.640600,3.327200,3.798900,2.027900
1,2,100.855512,16.406100,3.367600,3.541500,2.175600
1,2,100.872526,17.014202,2.882300,3.665200,2.303500
1,2,100.889143,16.616799,3.427300,3.969700,2.493000
1,2,100.905812,16.668998,3.027900,3.703900,2.558900
1,2,100.922561,16.749803,3.432000,3.318900,2.044600
1,2,100.939268,16.707100,3.717600,3.156000,2.320500
1,2,100.955618,16.349901,2.880600,3.662500,2.339500
1,2,100.972457,16.838498,3.160100,3.468800,2.326300
1,2,100.988901,16.443700,3.073300,3.524600,2.134800
1,2,101.005772,16.871400,2.784400,3.328700,1.845500
1,2,101.022140,16.368400,2.566600,3.073100,2.326200
1,2,101.039224,17.083600,2.500300,3.627500,2.277200
1,2,101.055765,16.541101,3.231300,3.491200,2.358900
1,2,101.072379,16.613800,3.603600,3.468600,1.958500
1,2,101.088935,16.556397,3.778500,3.734500,2.096100
1,2,101.106063,17.127700,2.725400,2.905600,2.044600
1,2,101.122387,16.324200,3.035200,3.431300,2.122600
1,2,101.139165,16.778301,3.048200,3.480700,2.328200
1,2,101.155420,16.254202,2.902500,2.640900,1.799200
1,2,101.172215,16.795598,2.088900,3.243600,2.011500
1,2,101.189237,17.021701,2.376400,3.145300,2.154700
1,2,101.205593,16.356301,3.191800,3.266700,2.038900
1,2,101.222376,16.782399,3.070200,3.064200,1.856100
1,2,101.238848,16.471900,2.648000,3.139300,1.732500
1,2,101.255541,16.693000,2.122000,2.808200,1.787300
1,2,101.272295,16.754899,2.083800,2.973500,2.120100
1,2,101.289466,17.170303,2.680200,2.806600,1.902000
1,2,101.305552,16.086098,3.066400,2.848300,1.805500
1,2,101.322098,16.546600,2.644100,3.256700,1.706000
1,2,101.339045,16.946699,2.374000,2.829300,1.586500
1,2,101.355491,16.445503,2.717200,2.663500,1.757500
1,2,101.372103,16.612798,3.099600,2.884600,1.998000
1,2,101.388810,16.706102,2.213100,2.322200,1.534200
1,2,101.405557,16.747501,1.959000,2.457500,1.633600
1,2,101.422173,16.615700,2.355500,3.234200,2.608200
1,2,101.439010,16.837198,2.508900,3.093300,1.841500
1,2,101.455576,16.565800,2.348400,3.008100,1.797000
1,2,101.472305,16.728800,2.599000,3.160800,1.832600
1,2,101.488907,16.602602,2.611300,3.433300,1.923200
1,2,101.505596,16.688798,2.570500,2.937900,2.017900
1,2,101.522333,16.736601,2.335400,2.740300,2.111200
1,2,101.539051,16.718302,2.519500,3.250400,1.845800
1,2,101.555613,16.562100,2.557800,3.357200,2.059800
1,2,101.572399,16.786497,2.566600,3.622800,2.368600
1,2,101.589032,16.632900,2.440800,2.636600,2.149100
1,2,101.605973,16.940702,2.257900,2.927900,2.357600
1,2,101.622392,16.418498,2.670400,3.426500,2.013800
1,2,101.639064,16.672101,2.737100,3.129200,2.023000
1,2,101.655723,16.659100,2.624500,2.704700,2.008600
1,2,101.672436,16.713403,2.140200,3.326000,2.560500
1,2,101.689973,17.536499,2.808800,3.102500,2.042500
1,2,101.705638,15.665598,3.553900,4.092200,2.188900
1,2,101.722270,16.632203,2.490800,3.458500,2.905200
1,2,101.739690,17.419197,2.490800,3.348400,2.251400
1,2,101.755703,16.013600,3.071100,3.721400,2.316000
1,2,101.772441,16.738001,2.704100,2.942800,1.852200
1,2,101.789636,17.194800,2.587700,2.456300,1.892800
1,2,101.805827,16.191099,2.697800,3.088100,2.033600
1,2,101.822533,16.706303,2.437800,3.370300,2.082800
1,2,101.839380,16.846597,2.661400,3.269700,2.027800
1,2,101.855745,16.364902,3.158700,2.985300,2.233200
1,2,101.872670,16.925000,2.638500,2.964800,2.051000
1,2,101.889020,16.349901,2.760700,3.027100,2.207500
1,2,101.905653,16.632698,2.535400,2.830700,2.426800
1,2,101.922395,16.742703,2.309300,2.719000,1.820900
1,2,101.939009,16.613297,2.188200,2.679500,2.174200
1,2,101.955783,16.774800,2.288800,3.275500,1.798800
1,2,101.972438,16.654603,2.380200,2.656700,1.879900
1,2,101.988998,16.559597,2.454400,3.465500,2.606400
1,2,102.005958,16.960002,3.295200,2.640600,2.253300
1,2,102.022445,16.487598,2.644300,2.693100,1.824600
1,2,102.038992,16.547199,2.557800,3.151900,1.752200
1,2,102.055894,16.901400,2.346500,2.714900,1.707100
1,2,102.072714,16.820099,2.891200,3.287000,2.457500
1,2,102.090090,17.376300,3.022100,3.899300,2.107700
1,2,102.105708,15.617400,3.708100,3.588300,2.025800
1,2,102.122322,16.614802,2.912800,2.518300,2.223600
1,2,102.139146,16.823199,2.189500,2.520400,1.898300
1,2,102.155700,16.554002,2.555100,2.793600,1.849800
1,2,102.172427,16.727697,2.756700,3.469900,2.234400
1,2,102.189156,16.729102,2.539500,2.985200,2.093100
1,2,102.205951,16.794600,2.444300,3.360500,2.176900
1,2,102.222586,16.635299,2.836900,3.736100,2.854000
1,2,102.239164,16.577400,2.687500,3.043100,1.847000
1,2,102.256161,16.997103,2.855500,3.577000,2.348600
1,2,102.273345,17.183900,3.065800,3.117100,2.483200
1,2,102.289467,16.122799,3.702300,3.823500,2.613500
1,2,102.305852,16.384900,3.163600,2.991400,2.883900
1,2,102.322655,16.803000,2.545200,2.755900,2.156000
1,2,102.338967,16.311198,2.638300,3.117200,2.198000
1,2,102.355668,16.701501,2.377600,2.673800,2.051100
1,2,102.372646,16.977500,2.210100,2.895300,1.898000
1,2,102.388958,16.312201,2.458900,2.944200,1.915800
1,2,102.405752,16.794499,2.127700,3.184600,2.210600
1,2,102.422546,16.793400,2.248800,2.646600,2.276700
1,2,102.439163,16.617700,2.429700,2.985100,1.850500
1,2,102.455759,16.595200,3.275200,2.539700,1.838700
1,2,102.472482,16.723402,3.496700,2.954700,1.798500
1,2,102.489287,16.804997,2.626200,2.943800,2.296900
1,2,102.505864,16.577203,2.896400,3.416500,2.047100
1,2,102.522458,16.594101,2.937100,3.615500,2.315600
1,2,102.539122,16.663298,2.464800,2.880000,2.290400
1,2,102.555755,16.633902,2.275800,3.129600,1.898100
1,2,102.572401,16.645499,2.406500,3.144100,1.831100
1,2,102.589003,16.601600,2.577500,2.847800,1.869800
1,2,102.605853,16.850799,2.263500,3.529700,2.281100
1,2,102.623432,17.579000,2.408600,3.316600,2.010700
1,2,102.639532,16.099401,3.643600,3.370100,2.189400
1,2,102.656054,16.521901,3.223700,3.282300,2.228900
1,2,102.672616,16.562100,3.002600,4.005800,2.153600
1,2,102.689004,16.388100,3.025500,3.944300,2.178700
1,2,102.706162,17.158497,2.490300,3.132700,2.199300
1,2,102.722562,16.400002,3.157300,3.618600,2.396700
1,2,102.739664,17.101500,3.165300,3.520200,2.521800
1,2,102.755996,16.331900,3.264400,3.253300,2.395200
1,2,102.772543,16.547699,2.925800,3.497400,2.108500
1,2,102.789298,16.754501,2.682600,3.326000,1.933600
1,2,102.805948,16.649701,2.531900,3.500800,1.796900
1,2,102.822421,16.473699,2.659500,2.985200,2.190400
1,2,102.839555,17.133500,2.583400,3.389600,2.263500
1,2,102.855885,16.330201,2.840400,2.902600,2.057500
1,2,102.872354,16.468599,3.224500,3.751000,2.326000
1,2,102.889186,16.832300,2.600100,2.581300,1.938500
1,2,102.905907,16.720898,2.292500,3.670600,2.276600
1,2,102.922508,16.601503,2.578800,3.043200,2.321600
1,2,102.939857,17.348200,2.982300,2.576600,1.759100
1,2,102.956140,16.283397,3.014500,3.835500,2.157100
1,2,102.972509,16.369402,2.911800,3.133000,3.237000
1,2,102.989286,16.777098,2.812900,3.016000,2.046800
1,2,103.005893,16.606502,2.517300,3.447700,2.117500
1,2,103.022726,16.832899,2.497200,2.746900,1.860900
1,2,103.040001,17.274801,2.463800,2.869000,2.174200
1,2,103.056088,16.087100,3.385000,3.286200,2.004000
1,2,103.072671,16.582999,2.763000,3.060800,2.016500
1,2,103.090038,17.367300,2.505000,3.588300,2.530900
1,2,103.106079,16.040601,3.350400,4.005800,2.463800
1,2,103.122539,16.460799,3.239300,3.172400,2.065100
1,2,103.139175,16.635101,2.395800,4.083400,2.587100
1,2,103.156124,16.949300,2.427300,2.620600,1.887100
1,2,103.172778,16.654000,3.189400,3.433500,2.032800
1,2,103.189432,16.654301,2.953900,2.789500,2.248600
1,2,103.206807,17.374400,2.617900,3.131000,2.036700
1,2,103.222521,15.713997,3.597100,2.852900,2.334300
1,2,103.239334,16.813301,2.420000,2.657200,2.054100
1,2,103.256244,16.910501,2.458600,3.180100,1.767100
1,2,103.272473,16.228899,3.079600,3.014300,2.224300
1,2,103.289513,17.039400,2.496900,2.499200,1.839800
1,2,103.305986,16.473301,2.586700,3.112200,2.214300
1,2,103.323310,17.324202,2.797900,3.058200,1.712900
1,2,103.339402,16.091596,3.343500,3.192100,1.982600
1,2,103.355901,16.499702,2.266700,3.099800,2.129600
1,2,103.372615,16.713999,2.536900,2.802800,2.019500
1,2,103.389590,16.974799,2.580300,2.949400,1.923400
1,2,103.406001,16.410600,2.991500,3.151000,1.695800
1,2,103.422593,16.592402,2.531000,2.739600,1.705200
1,2,103.439289,16.695701,2.309800,2.762000,2.092100
1,2,103.456167,16.877700,2.464500,3.041200,2.156000
1,2,103.472591,16.424499,2.583700,2.767800,1.828700
1,2,103.489383,16.791400,2.461900,2.600200,1.822900
1,2,103.506130,16.747002,2.467200,3.161300,1.883700
1,2,103.522397,16.266998,2.724100,3.057700,1.709700
1,2,103.539175,16.778599,2.492500,3.091100,1.550200
1,2,103.555881,16.706202,1.990400,2.554300,1.833300
1,2,103.572707,16.825698,2.396600,2.623100,1.952700
1,2,103.589326,16.619202,2.943500,2.823400,2.209200
1,2,103.605829,16.502399,2.790000,2.969500,2.010400
1,2,103.622781,16.952600,2.677600,2.565800,2.248900
1,2,103.639635,16.853601,2.550500,2.510900,2.149900
1,2,103.655909,16.274299,2.806600,3.429500,3.307100
1,2,103.672976,17.067000,2.599400,3.195400,2.210100
1,2,103.689300,16.324099,2.989500,3.842800,2.232600
1,2,103.706064,16.763698,2.692900,3.535500,2.509900
1,2,103.722728,16.664501,2.638700,3.004500,2.087400
1,2,103.739420,16.691800,3.054000,3.569100,2.306600
1,2,103.756265,16.844701,2.622800,2.708900,2.132200
1,2,103.772553,16.288098,2.852400,3.304300,2.190000
1,2,103.789372,16.818799,2.571200,2.565500,2.032800
1,2,103.806064,16.692303,2.585200,3.057000,1.831600
1,2,103.823138,17.074000,2.938700,3.847300,2.264000
1,2,103.839773,16.634300,3.220900,3.432600,2.148300
1,2,103.856300,16.527798,2.858700,3.134500,2.427100
1,2,103.872918,16.617499,3.001400,4.518800,2.735600
1,2,103.889321,16.402703,3.600500,3.301800,2.102800
1,2,103.905958,16.637798,2.600700,2.964800,2.078300
1,2,103.922741,16.782999,2.528500,3.589200,2.831500
1,2,103.939200,16.458802,2.687000,4.367100,2.222300
1,2,103.956267,17.066900,2.270900,3.563700,1.825200
1,2,103.972721,16.454499,2.665200,2.834600,1.995700
1,2,103.989601,16.879302,2.811500,2.646600,1.804800
1,2,104.006008,16.406998,2.719000,3.104200,2.100400
1,2,104.022833,16.825300,2.831300,3.068000,1.952600
1,2,104.039517,16.684402,2.973500,3.189400,1.795200
1,2,104.056555,17.037697,2.914300,3.573500,2.717700
1,2,104.072835,16.280301,4.060900,4.176700,3.004800
1,2,104.089294,16.458903,3.600400,3.225800,1.876500
1,2,104.105941,16.646698,2.449800,2.724600,2.055900
1,2,104.122648,16.706601,2.389500,2.542500,1.848000
1,2,104.139142,16.494401,2.497800,2.923500,2.196400
1,2,104.156073,16.931400,2.268400,2.469500,1.839300
1,2,104.172538,16.464997,2.393300,3.237600,1.962000
1,2,104.189545,17.006103,2.486000,2.697900,1.703800
1,2,104.205715,16.170200,2.692500,2.894000,1.621000
1,2,104.222526,16.811699,2.280900,3.030300,1.888300
1,2,104.239183,16.656701,2.013200,2.431400,1.616400
1,2,104.256008,16.825199,1.966300,3.294800,1.685800
1,2,104.272544,16.535800,2.736000,3.009800,2.420700
1,2,104.289303,16.759101,2.523600,2.612900,1.697300
1,2,104.305894,16.590599,2.221600,2.730700,1.713100
1,2,104.322377,16.483299,2.313300,2.681800,1.699400
1,2,104.340758,18.380400,2.200400,2.270300,1.625200
1,2,104.355842,15.084300,3.584400,2.595300,1.784800
1,2,104.372421,16.579099,2.768900,2.675200,1.564200
1,2,104.389306,16.885303,2.488300,2.225100,1.628500
1,2,104.405820,16.513597,2.196600,2.575800,1.893800
1,2,104.422547,16.727403,2.707400,2.448000,1.872500
1,2,104.439232,16.684700,2.212300,2.622100,1.815000
1,2,104.455906,16.674098,2.926500,2.671100,1.716900
1,2,104.472732,16.826201,2.277800,3.227600,2.300600
1,2,104.489582,16.850002,2.725800,2.815900,1.859600
1,2,104.507104,17.522197,2.680100,2.953300,2.818200
1,2,104.523364,16.259801,3.280200,2.743700,2.137900
1,2,104.540065,16.701002,2.585400,3.089300,1.901800
1,2,104.556683,16.617998,3.086600,2.690400,2.156900
1,2,104.573421,16.738102,2.394600,3.697100,1.946400
1,2,104.590386,16.964197,2.787900,3.160600,2.183800
1,2,104.607079,16.693801,2.911800,2.881200,1.988700
1,2,104.623130,16.050499,3.428900,2.829600,2.064800
1,2,104.640267,17.137002,2.417200,2.545100,1.601300
1,2,104.656720,16.452998,2.587300,3.109300,2.049700
1,2,104.673529,16.809501,2.619000,2.568900,2.045600
1,2,104.689974,16.444601,2.780600,3.124000,1.637800
1,2,104.706575,16.600899,2.715400,2.782000,1.702900
1,2,104.723386,16.811300,2.410600,2.604900,1.680600
1,2,104.740016,16.629901,2.504600,3.021100,1.855900
1,2,104.756624,16.608000,2.267800,3.131500,1.839200
1,2,104.773447,16.823199,2.563900,2.946800,1.706500
1,2,104.789849,16.401500,2.606900,3.404900,1.987600
1,2,104.806483,16.634002,2.381500,2.334400,1.834000
1,2,104.823391,16.908597,2.229900,3.171500,1.849500
1,2,104.839803,16.411901,2.931900,2.368700,2.264000
1,2,104.856629,16.826000,2.259400,3.076000,2.170100
1,2,104.873287,16.657401,2.368200,3.389300,1.862600
1,2,104.889992,16.705301,2.424900,2.845700,1.807500
1,2,104.906828,16.836401,2.402000,2.852400,1.741900
1,2,104.923354,16.525399,2.649500,2.682800,2.055100
1,2,104.939778,16.424701,2.357200,2.583500,1.989500
1,2,104.957382,17.603800,2.031700,2.883000,1.732300
1,2,104.973120,15.737500,2.971400,2.708200,1.830400
1,2,104.989898,16.778700,2.859600,2.440000,1.579400
1,2,105.006767,16.868498,2.027500,2.893700,1.580300
1,2,105.023115,16.348101,2.393700,3.197000,1.845400
1,2,105.040042,16.927000,2.217800,2.314900,1.451700
1,2,105.056550,16.507600,2.327300,3.248600,1.892800
1,2,105.073550,17.000701,2.295300,3.193200,1.937700
1,2,105.089910,16.359400,3.025400,2.931500,1.732700
1,2,105.106770,16.860399,2.163700,2.612500,1.958300
1,2,105.123306,16.535401,2.484400,2.521600,1.968000
1,2,105.139976,16.670696,2.393000,3.164200,1.924900
1,2,105.157004,17.028000,2.281300,2.574900,1.883400
1,2,105.173460,16.455702,2.726500,2.808700,1.831900
1,2,105.190018,16.558200,2.730100,3.368800,1.739600
1,2,105.206864,16.846299,2.378900,2.376400,1.520200
1,2,105.223306,16.441498,2.549800,2.713900,2.230600
1,2,105.239905,16.599201,2.421200,2.402800,2.205600
1,2,105.257055,17.149903,2.445200,2.644400,2.267900
1,2,105.276828,19.772500,2.797300,3.041200,1.750600
1,2,105.290041,13.212997,5.958700,3.385100,1.963400
1,2,105.306849,16.808599,2.333100,2.983400,2.057000
1,2,105.323446,16.596802,3.016700,2.884300,1.580800
1,2,105.340039,16.593099,3.181000,3.113300,1.664900
1,2,105.356859,16.819600,2.288000,2.494400,1.991600
1,2,105.373536,16.676903,2.441000,2.427100,1.888500
1,2,105.390175,16.639400,2.529400,3.100100,2.178800
1,2,105.407206,17.031398,2.470800,3.182100,1.590200
1,2,105.423320,16.114101,3.009700,2.336500,1.905900
1,2,105.440052,16.731601,2.416700,2.459600,2.141200
1,2,105.456927,16.875200,2.378600,2.336800,1.784300
1,2,105.473441,16.513500,2.621800,2.997900,2.101800
1,2,105.489966,16.525600,2.483300,2.791700,2.183400
1,2,105.506710,16.743399,2.465100,3.092600,1.733200
1,2,105.523164,16.454499,2.315200,3.382000,1.859000
1,2,105.539880,16.716100,2.019600,2.360900,2.660100
1,2,105.556730,16.849700,2.021000,2.664700,1.560000
1,2,105.573354,16.624399,2.507500,3.349300,2.026300
1,2,105.590035,16.680501,2.603700,3.171900,2.004600
1,2,105.606594,16.558900,2.336500,2.923600,1.578000
1,2,105.623293,16.698901,2.161700,2.836800,2.231900
1,2,105.639903,16.609900,2.169100,2.354500,2.215500
1,2,105.656576,16.672999,2.127900,3.373500,2.003400
1,2,105.673302,16.726799,2.286200,2.385100,1.587500
1,2,105.690092,16.789701,2.386500,2.390000,1.869500
1,2,105.706429,16.336899,2.361000,2.787900,2.170100
1,2,105.723555,17.126199,2.022700,2.460600,1.751000
1,2,105.739929,16.373802,3.406000,2.417200,1.805600
1,2,105.756822,16.892899,2.685100,2.587300,1.597300
1,2,105.773382,16.559601,2.703700,2.933500,1.766300
1,2,105.789951,16.569201,2.554600,3.124400,1.659500
1,2,105.806537,16.586099,2.412300,2.506000,2.144000
1,2,105.823153,16.616002,2.258500,2.390800,1.944600
1,2,105.839880,16.727198,2.087900,2.493200,2.099400
1,2,105.856606,16.725700,2.090000,2.439400,1.907700
1,2,105.873297,16.691599,2.339800,2.380400,1.951500
1,2,105.889956,16.658500,2.468300,2.431300,2.103300
1,2,105.906535,16.578902,2.130100,2.382100,1.944400
1,2,105.923225,16.689800,2.100600,2.296200,1.910600
1,2,105.939879,16.654700,2.156200,2.382300,2.006000
1,2,105.956685,16.805999,1.968800,4.081600,1.824900
1,2,105.973359,16.673502,2.364600,2.457900,1.814500
1,2,105.990210,16.850799,2.427000,2.558300,1.889400
1,2,106.006880,16.670700,2.297500,2.353000,2.215700
1,2,106.023229,16.349200,2.470400,2.625100,1.931900
1,2,106.040164,16.934399,2.158800,3.035500,2.063300
1,2,106.056581,16.417202,2.609000,2.531000,1.995400
1,2,106.073456,16.875301,2.321000,2.601400,1.707700
1,2,106.090170,16.713500,2.488000,3.019200,1.721000
1,2,106.106639,16.468801,2.602200,2.854900,1.952300
1,2,106.123174,16.535297,2.852300,2.559900,1.901400
1,2,106.139967,16.792901,2.124900,2.720300,2.348800
1,2,106.156794,16.826700,2.060100,2.733800,1.655800
1,2,106.173417,16.623799,2.211000,2.338300,1.947600
1,2,106.190223,16.805500,2.460200,2.456300,1.923000
1,2,106.206602,16.379301,2.561100,2.638600,2.003800
1,2,106.223411,16.809203,2.390700,3.172300,1.850800
1,2,106.240103,16.691498,2.236200,2.770100,1.968700
1,2,106.256487,16.384501,2.359200,2.806500,1.955300
1,2,106.273652,17.165098,2.765300,2.338200,1.650000
1,2,106.290182,16.529899,2.764600,2.609500,1.937000
1,2,106.306771,16.588800,3.096600,3.235400,2.275600
1,2,106.323666,16.894400,2.603600,2.931400,2.065000
1,2,106.340073,16.407002,4.149300,2.451700,1.959300
1,2,106.356512,16.439199,2.235900,3.042900,1.603900
1,2,106.373249,16.736999,2.189600,3.232000,1.678400
1,2,106.390049,16.800202,2.268700,2.455000,1.565600
1,2,106.406766,16.717099,2.186600,2.718300,2.206000
1,2,106.423418,16.652100,2.446100,3.378700,1.955200
1,2,106.440033,16.614802,2.666400,2.850800,1.744200
1,2,106.456639,16.605698,2.444300,3.014300,1.777200
1,2,106.473519,16.880400,2.293700,2.558000,2.266100
1,2,106.490168,16.648699,2.676600,3.219000,1.866900
1,2,106.506804,16.635902,2.572000,2.688800,2.055700
1,2,106.523528,16.724799,2.849100,2.633400,2.201900
1,2,106.540329,16.800601,2.729000,3.467100,1.882600
1,2,106.556977,16.648099,2.684300,3.016300,1.592700
1,2,106.573560,16.582601,2.753700,3.196300,1.884600
1,2,106.589976,16.416401,2.555400,2.589100,1.903400
1,2,106.606954,16.977698,2.288900,3.054800,2.081800
1,2,106.623307,16.353302,2.736600,3.128500,2.104900
1,2,106.640074,16.767099,2.261900,4.248100,1.653900
1,2,106.656952,16.877599,2.251200,2.488600,2.163500
1,2,106.673311,16.358901,3.285000,3.155400,2.195100
1,2,106.690682,17.371602,2.288300,2.683200,1.979200
1,2,106.706778,16.095400,3.107300,2.466000,1.758900
1,2,106.723421,16.642798,2.381900,3.288200,1.943700
1,2,106.739961,16.540099,2.357100,2.706100,2.196800
1,2,106.756854,16.893201,2.073800,2.567800,1.856900
1,2,106.773639,16.784701,2.387700,3.080800,2.122900
1,2,106.790244,16.605400,3.185500,3.221800,2.040100
1,2,106.806895,16.651001,2.608700,2.395600,1.728300
1,2,106.823272,16.376898,2.608900,3.204600,1.796400
1,2,106.840258,16.986102,2.833900,2.559500,1.872400
1,2,106.856627,16.368899,2.748500,3.194300,2.255000
1,2,106.873879,17.252300,2.375900,3.082900,1.824300
1,2,106.890595,16.715799,2.561500,2.518300,1.737400
1,2,106.907114,16.519301,2.369300,2.681400,1.573100
1,2,106.924102,16.988102,2.234400,2.325200,1.754800
1,2,106.940346,16.243700,2.567300,2.655000,2.072900
1,2,106.957220,16.873498,2.145000,2.283000,1.553200
1,2,106.973964,16.744703,2.322500,2.898800,1.956400
1,2,106.990363,16.399000,2.511200,2.494200,2.328500
1,2,107.007182,16.818397,2.241800,2.198000,1.491000
1,2,107.024038,16.856503,2.285100,2.912000,2.014200
1,2,107.040482,16.443398,2.631700,5.273600,2.019200
1,2,107.057245,16.763203,2.441000,3.189000,1.698800
1,2,107.073868,16.622797,2.550900,4.014200,2.070700
1,2,107.090878,17.010603,2.536200,2.511600,1.822200
1,2,107.107356,16.477600,2.713400,2.997000,1.822700
1,2,107.123848,16.492598,2.580300,3.650800,2.116300
1,2,107.141164,17.315201,2.662300,2.806700,1.845600
1,2,107.157265,16.101800,2.877500,2.856800,2.331600
1,2,107.173637,16.371600,2.606400,3.223000,1.939500
1,2,107.190610,16.973399,2.325400,2.267700,1.880200
1,2,107.207071,16.460802,2.136700,2.738200,2.327400
1,2,107.223785,16.713597,2.361300,3.284100,1.864000
1,2,107.240482,16.697001,2.165700,3.921900,2.081600
1,2,107.257114,16.632102,2.206200,2.579200,1.780700
1,2,107.273762,16.648598,2.826200,2.292800,1.980100
1,2,107.290439,16.676601,2.142200,2.890400,2.047400
1,2,107.308067,17.627999,2.085300,2.277700,1.957200
1,2,107.323900,15.833098,3.055700,3.165800,1.661300
1,2,107.340458,16.557701,2.439800,2.481200,1.749600
1,2,107.357109,16.651601,2.174900,2.386900,1.648200
1,2,107.373851,16.741600,2.057700,2.417100,1.774500
1,2,107.390454,16.603101,2.300400,3.209800,2.095300
1,2,107.406987,16.532999,2.221600,2.964200,1.922800
1,2,107.423850,16.862601,1.775200,3.134600,1.803800
1,2,107.440489,16.639400,2.289300,2.530900,1.990500
1,2,107.457106,16.616400,2.255600,2.592500,1.968900
1,2,107.474284,17.178498,2.375100,2.746700,1.775700
1,2,107.490817,16.532499,2.608100,2.725300,1.839600
1,2,107.507638,16.821001,2.158300,2.286900,1.675100
1,2,107.524173,16.535901,2.514000,3.236900,1.889000
1,2,107.540807,16.633101,2.334700,2.359500,1.618800
1,2,107.557491,16.684901,2.168900,2.303200,1.650200
1,2,107.574050,16.558200,2.142600,3.205600,1.820200
1,2,107.590918,16.868100,2.212700,2.251900,1.706400
1,2,107.607481,16.563397,2.097900,2.276700,1.572700
1,2,107.624089,16.607802,2.228700,3.962100,1.691700
1,2,107.640805,16.715799,2.155000,2.260300,2.036300
1,2,107.657645,16.840000,2.116500,2.354700,1.607600
1,2,107.674453,16.808402,2.947300,2.499300,1.928800
1,2,107.691208,16.754501,2.691800,2.232600,1.756300
1,2,107.707463,16.254999,2.779900,3.096600,1.571300
1,2,107.724207,16.744800,2.382700,2.432300,1.935300
1,2,107.740912,16.704299,2.248900,3.292800,1.947300
1,2,107.757476,16.564202,2.440900,3.162300,2.237300
1,2,107.774115,16.638700,2.333600,2.416800,1.528800
1,2,107.790916,16.801499,2.404600,2.380100,1.952300
1,2,107.807446,16.530301,2.931600,2.587500,1.786400
1,2,107.824329,16.882598,2.184000,2.531000,1.807500
1,2,107.841202,16.873300,2.104300,2.441300,1.703400
1,2,107.857977,16.774900,2.796100,2.646600,2.570800
1,2,107.874241,16.263701,3.011700,2.227300,1.568400
1,2,107.890876,16.635299,2.478900,2.982500,1.711600
1,2,107.907456,16.579401,2.432100,2.557200,1.639800
1,2,107.924411,16.954899,2.247300,2.341500,1.684300
1,2,107.940832,16.421702,2.554800,3.091100,2.234600
1,2,107.957480,16.647998,2.443800,2.412000,1.701400
1,2,107.974315,16.834401,2.099300,2.249100,1.793900
1,2,107.990796,16.481601,2.477400,3.496600,2.099600
1,2,108.007705,16.909201,2.300900,2.348000,1.927600
1,2,108.025337,17.631300,2.621800,2.999600,1.839900
1,2,108.040799,15.462499,3.587100,3.312500,2.015600
1,2,108.057751,16.951602,2.595900,2.262600,1.711900
1,2,108.074145,16.394399,2.565900,3.193500,1.638200
1,2,108.090702,16.556598,2.549000,3.265200,1.714300
1,2,108.107892,17.189901,2.007900,2.341100,1.583200
1,2,108.124085,16.193300,2.518400,2.449100,1.823100
1,2,108.140971,16.885702,2.257800,2.473700,1.879400
1,2,108.157727,16.756698,2.310900,2.987800,1.724000
1,2,108.174157,16.429801,2.935500,2.600800,2.341900
1,2,108.190991,16.833801,2.506500,2.527000,1.848500
1,2,108.207570,16.578499,2.629400,3.799600,2.176600
1,2,108.224174,16.604699,2.924000,3.201000,2.148900
1,2,108.241837,17.663199,2.754500,2.774700,1.822400
1,2,108.257745,15.907601,3.142700,2.970700,1.987500
1,2,108.274598,16.852502,2.476500,2.498600,1.661200
1,2,108.291288,16.690597,2.636500,2.530200,2.185800
1,2,108.307696,16.407803,2.878000,3.318900,2.118900
1,2,108.324506,16.810197,2.515700,2.404100,1.886100
1,2,108.341037,16.530801,2.730300,3.419100,1.837800
1,2,108.357837,16.800102,2.421500,3.228500,1.780200
1,2,108.374392,16.555298,3.234300,3.065500,1.602700
1,2,108.390966,16.573902,2.845200,2.514500,1.878400
1,2,108.407546,16.579799,2.112500,2.283200,2.020500
1,2,108.424336,16.789898,1.964200,2.327100,2.002100
1,2,108.440856,16.519602,2.104100,2.330900,1.856500
1,2,108.457938,17.082799,1.872900,2.439500,1.632900
1,2,108.474296,16.357601,2.557000,3.420000,1.901800
1,2,108.490959,16.663499,2.330200,2.361800,1.873000
1,2,108.507992,17.032500,2.153600,2.374000,1.633900
1,2,108.524597,16.604599,2.527700,3.092000,1.844400
1,2,108.541008,16.411200,2.517600,2.997300,1.794900
1,2,108.557672,16.663902,2.058700,2.906400,1.801700
1,2,108.574293,16.621798,2.216800,2.798300,1.738200
1,2,108.591351,17.058000,2.335200,2.972400,1.517400
1,2,108.607590,16.238701,2.608100,2.647400,1.686300
1,2,108.624216,16.625699,2.163500,3.365300,1.913300
1,2,108.641164,16.948402,2.065500,2.360600,1.876200
1,2,108.657873,16.708899,2.291600,3.432300,1.926100
1,2,108.674474,16.600899,2.595000,3.138600,1.677300
1,2,108.690939,16.465299,2.562500,2.558700,1.626800
1,2,108.707736,16.797103,2.236200,3.518400,1.465700
1,2,108.724276,16.539600,2.318100,2.510500,1.969000
1,2,108.741094,16.818300,2.203500,2.685200,1.750400
1,2,108.757798,16.703498,2.084200,2.542800,2.005900
1,2,108.774251,16.453400,2.290100,3.016000,1.868800
1,2,108.791353,17.101400,2.081800,2.300500,1.663400
1,2,108.807657,16.303901,2.365800,3.053200,1.832900
1,2,108.824366,16.709000,2.377400,3.000500,1.965300
1,2,108.841157,16.791400,2.267900,2.823500,2.170600
1,2,108.857729,16.571801,2.459000,2.724300,1.759400
1,2,108.874409,16.680300,2.521200,2.564000,1.839600
1,2,108.891118,16.708601,2.079400,2.599100,2.045300
1,2,108.907762,16.643900,2.096100,3.165300,1.786000
1,2,108.924695,16.933300,2.417800,2.637800,1.973500
1,2,108.941200,16.505100,2.671100,2.827700,1.629500
1,2,108.957931,16.731501,3.140700,2.488200,1.700400
1,2,108.974278,16.346000,2.524500,2.637200,1.941500
1,2,108.991080,16.802397,2.371800,3.973400,2.322100
1,2,109.007685,16.605500,2.241900,2.323800,1.814700
1,2,109.024335,16.649801,2.107100,2.474900,1.650100
1,2,109.041162,16.826399,2.213500,2.590000,1.762100
1,2,109.057567,16.405802,2.504900,2.434500,1.891000
1,2,109.074591,17.023798,2.112400,2.322000,2.014800
1,2,109.091010,16.418502,2.281700,2.649800,1.846000
1,2,109.107947,16.937401,2.258900,3.587000,1.684500
1,2,109.124411,16.463798,2.550700,2.711100,1.779300
1,2,109.141275,16.863801,2.704000,2.482500,1.541500
1,2,109.158223,16.948599,2.410000,2.817500,1.622200
1,2,109.175274,17.050702,2.813900,2.622700,1.627800
1,2,109.191669,16.394600,3.066100,2.658200,1.733600
1,2,109.207809,16.140100,2.670600,2.950200,2.378300
1,2,109.224757,16.948398,2.508700,2.516600,1.811800
1,2,109.241159,16.402300,2.547500,3.186900,1.736700
1,2,109.257746,16.586602,2.746800,3.050000,1.697400
1,2,109.274533,16.786598,2.163000,2.985900,1.843200
1,2,109.291157,16.624801,2.380900,2.531100,2.117400
1,2,109.307802,16.644601,2.334200,2.337300,1.811000
1,2,109.324510,16.707599,2.018500,2.275100,1.939200
1,2,109.341118,16.608201,2.212900,2.362800,1.855200
1,2,109.357836,16.718000,2.299300,2.210500,1.633200
1,2,109.374527,16.691200,2.230300,2.496800,1.793500
1,2,109.391282,16.755000,2.472100,2.301600,1.836300
1,2,109.407943,16.660899,2.350200,2.881800,2.232800
1,2,109.424685,16.742598,2.307800,2.776000,1.580400
1,2,109.441415,16.729303,2.416600,2.234900,1.714700
1,2,109.457765,16.350098,2.490400,3.106700,2.225900
1,2,109.474737,16.971700,2.264900,2.414200,1.900600
1,2,109.491158,16.421899,2.657400,3.148000,1.792300
1,2,109.507805,16.646802,2.319600,2.571800,2.632200
1,2,109.525010,17.204799,2.394900,3.113200,1.567700
1,2,109.541096,16.085502,2.865500,2.433400,1.766100
1,2,109.557800,16.704500,2.468700,2.418300,1.675500
1,2,109.574612,16.811498,2.157200,2.789800,2.071500
1,2,109.591364,16.752500,2.378900,3.632300,2.075100
1,2,109.607796,16.432002,2.827700,2.935300,1.704400
1,2,109.624478,16.681898,2.374100,2.654100,1.674900
1,2,109.641203,16.724702,2.163200,2.343900,1.946300
1,2,109.657808,16.605601,2.208400,2.825300,2.090000
1,2,109.674542,16.733300,2.711400,2.297200,2.188700
1,2,109.691269,16.727697,2.300700,3.130100,1.830700
1,2,109.707744,16.474601,2.128900,2.562700,1.903900
1,2,109.724451,16.707402,2.057400,2.303900,1.610600
1,2,109.741181,16.729798,2.152600,2.940800,2.002000
1,2,109.757988,16.806599,2.185000,2.602500,1.678300
1,2,109.774699,16.711801,2.353900,2.835600,1.603400
1,2,109.791167,16.467199,2.351800,3.351100,1.842600
1,2,109.807879,16.711902,2.437000,2.313300,1.872800
1,2,109.824519,16.640801,2.274900,2.960300,1.772600
1,2,109.841138,16.618900,2.672400,2.575300,2.010300
1,2,109.857677,16.538497,2.268300,2.684200,2.433000
1,2,109.874484,16.806901,1.902900,3.045800,1.685900
1,2,109.891090,16.606800,2.226400,2.323200,2.068700
1,2,109.907817,16.726501,2.093800,2.645900,1.836700
1,2,109.924501,16.684100,2.685700,2.402900,1.866200
1,2,109.941437,16.936399,2.118100,2.479100,1.738400
1,2,109.957875,16.437400,2.504800,2.760100,1.826800
1,2,109.974649,16.773999,2.455400,2.578100,1.765800
1,2,109.991136,16.486902,2.671700,2.505300,1.922200
1,2,110.007860,16.724698,2.136600,2.676800,1.683700
1,2,110.024419,16.558502,2.450800,3.148300,1.628000
1,2,110.041125,16.705900,2.121900,3.092100,1.791500
1,2,110.057974,16.849600,2.058000,2.359600,1.692100
1,2,110.074653,16.678300,2.284000,2.548000,1.728700
1,2,110.091225,16.572099,2.621600,3.001500,1.795300
1,2,110.108002,16.777501,2.496100,3.280400,1.836400
1,2,110.124411,16.408302,2.723100,2.567700,2.011700
1,2,110.141265,16.854599,2.370000,3.138300,1.763500
1,2,110.157833,16.567398,2.576000,4.058700,1.619000
1,2,110.174441,16.608201,2.381200,2.600000,1.579900
1,2,110.191540,17.099299,1.930400,2.373800,1.644600
1,2,110.207816,16.275402,2.530700,2.340400,1.773500
1,2,110.224642,16.826600,2.336600,2.992300,1.823600
1,2,110.241179,16.537201,2.564000,2.462500,2.289900
1,2,110.258059,16.879201,3.300600,2.603000,1.586100
1,2,110.274466,16.407199,2.939100,2.437500,1.902000
1,2,110.291257,16.791098,2.703700,2.643900,2.066400
1,2,110.308146,16.889200,2.594800,3.172500,1.802700
1,2,110.328116,19.969601,2.753600,3.187600,1.940300
1,2,110.341343,13.227399,6.189000,3.219500,1.936200
1,2,110.358055,16.712300,2.518300,2.629500,1.778000
1,2,110.374783,16.727500,2.438200,2.643300,2.104900
1,2,110.391917,17.134000,2.263900,2.983500,1.699100
1,2,110.408427,16.509701,2.997500,3.580500,1.970400
1,2,110.424670,16.243801,2.908700,3.636900,1.985400
1,2,110.441477,16.806800,2.584700,2.845000,1.866400
1,2,110.458131,16.654301,2.753500,2.840200,2.225100
1,2,110.474588,16.456999,2.786200,3.442400,1.790500
1,2,110.491422,16.833398,2.636400,3.433400,1.895900
1,2,110.508182,16.760003,2.527100,2.601400,2.122500
1,2,110.524720,16.538598,2.659600,2.781100,1.745000
1,2,110.541262,16.541399,2.608900,2.637000,2.138000
1,2,110.558108,16.846601,2.352900,2.732600,2.122500
1,2,110.574482,16.373701,2.450600,2.818800,2.219200
1,2,110.591790,17.308198,2.273800,2.473500,1.928700
1,2,110.608352,16.562100,2.787400,3.772500,2.172300
1,2,110.624828,16.475402,2.952900,3.197500,2.150000
1,2,110.641631,16.803101,3.279200,2.882500,2.275300
1,2,110.658175,16.544197,2.853200,3.603000,2.438400
1,2,110.674900,16.724501,3.041500,3.894400,2.400300
1,2,110.691286,16.386401,3.210000,5.487100,2.032700
1,2,110.708481,17.195199,2.834600,3.342200,2.477100
1,2,110.724791,16.309701,3.191200,3.780000,2.318800
1,2,110.741322,16.531300,3.098500,3.171800,2.223200
1,2,110.758289,16.966701,2.619100,2.903500,2.306500
1,2,110.774926,16.636502,2.847100,3.554100,2.322800
1,2,110.791385,16.459398,2.993400,3.478900,2.522100
1,2,110.807999,16.613800,2.398600,3.160500,2.181200
1,2,110.824539,16.540501,2.460100,3.403000,1.743800
1,2,110.841496,16.956799,2.230900,2.891000,2.037900
1,2,110.858365,16.869001,2.717700,3.356200,2.026800
1,2,110.874701,16.336199,2.953400,2.714100,2.466700
1,2,110.891738,17.036501,2.437500,2.898300,2.140800
1,2,110.907949,16.211700,2.658100,2.835500,2.226000
1,2,110.924726,16.776901,2.265400,3.723000,2.275600
1,2,110.941218,16.492099,2.157300,3.492800,2.012600
1,2,110.958007,16.788401,2.290000,3.088300,2.007700
1,2,110.974808,16.800899,2.177000,2.629200,1.947200
1,2,110.991271,16.463201,2.930300,3.266200,2.339900
1,2,111.008255,16.984500,2.377200,2.602300,1.880500
1,2,111.024673,16.417898,2.613300,2.779800,2.025100
1,2,111.041351,16.677599,2.641500,3.262100,2.063400
1,2,111.058435,17.084200,2.422000,2.707900,1.807500
1,2,111.074660,16.225401,2.980500,3.505100,1.982800
1,2,111.091480,16.819201,2.892300,2.748200,2.534100
1,2,111.107921,16.441397,2.403800,2.412400,2.157400
1,2,111.124748,16.826700,2.276700,3.274400,1.964600
1,2,111.141554,16.806502,2.757000,2.915600,1.832400
1,2,111.157954,16.399499,2.673900,3.950100,1.921600
1,2,111.174512,16.557798,2.691200,2.754100,2.433400
1,2,111.191323,16.811602,2.399200,3.235100,2.021700
1,2,111.208055,16.732100,2.077600,2.953200,2.365900
1,2,111.225319,17.263599,2.475000,2.718000,2.194300
1,2,111.241774,16.454801,3.131900,3.564800,2.590200
1,2,111.258006,16.231898,3.268200,3.525600,2.585900
1,2,111.274939,16.933203,2.563000,2.883000,2.064600
1,2,111.291488,16.549598,2.765800,3.500500,1.860700
1,2,111.308018,16.529199,3.302600,3.334400,1.961000
1,2,111.324812,16.794100,2.713400,2.774100,2.013200
1,2,111.341286,16.474500,2.656600,3.100800,2.340400
1,2,111.358008,16.721901,2.428800,3.381500,2.024800
1,2,111.374690,16.681999,2.468800,3.650500,1.906000
1,2,111.391354,16.663700,2.484000,3.245300,2.446100
1,2,111.408148,16.794000,2.300500,2.681400,1.862900
1,2,111.424538,16.389903,2.686000,3.434500,1.969000
1,2,111.441380,16.842097,2.329200,3.982600,2.027200
1,2,111.457968,16.588200,2.241500,3.323300,1.949600
1,2,111.474532,16.564202,2.322200,3.665000,1.884600
1,2,111.491210,16.677801,2.334400,2.406300,2.602800
1,2,111.508005,16.794998,1.983900,3.019700,1.986800
1,2,111.524530,16.525000,2.167700,3.312100,1.977200
1,2,111.541381,16.850900,2.207200,2.517200,1.948900
1,2,111.558415,17.033901,2.286600,3.226400,2.021300
1,2,111.574549,16.134001,2.888100,3.559800,2.352400
1,2,111.591624,17.075200,2.284300,2.335400,1.891800
1,2,111.607935,16.311299,2.494400,3.221100,2.046400
1,2,111.624826,16.891100,2.585700,2.869700,1.987100
1,2,111.641828,17.001301,2.604300,2.762700,2.080300
1,2,111.658138,16.310100,2.902100,2.994900,2.395800
1,2,111.674691,16.553100,2.863300,3.211300,2.346500
1,2,111.691219,16.528301,3.629700,3.253200,1.829500
1,2,111.707817,16.598299,2.290900,2.696600,1.984800
1,2,111.724905,17.087698,2.008700,2.518400,1.650700
1,2,111.741300,16.394503,2.475300,2.712700,2.235600
1,2,111.758274,16.974598,2.167200,2.625700,1.834600
1,2,111.775099,16.825099,2.851300,2.941600,1.636900
1,2,111.791355,16.255803,3.031000,3.730900,2.323900
1,2,111.808202,16.846497,2.974500,2.590600,2.098200
1,2,111.824699,16.497303,2.759100,2.715200,1.867900
1,2,111.841146,16.446900,2.571900,3.388300,1.689500
1,2,111.858480,17.334301,2.143100,2.474000,1.970500
1,2,111.874717,16.236797,2.772900,3.063600,2.137700
1,2,111.891477,16.760003,2.666300,2.711000,2.164700
1,2,111.908065,16.588498,2.524900,3.170100,1.918100
1,2,111.924560,16.494602,2.491000,2.681600,2.222400
1,2,111.941588,17.028198,2.345400,2.389100,2.041400
1,2,111.958316,16.727500,2.401200,3.289800,1.736100
1,2,111.974599,16.283702,2.637600,3.095600,2.319200
1,2,111.991736,17.136298,2.313000,2.850500,1.877400
1,2,112.008101,16.364902,3.363700,3.120400,1.979400
1,2,112.024835,16.734097,2.249000,3.112500,1.599300
1,2,112.041371,16.536400,2.479400,2.513600,1.716200
1,2,112.057979,16.607903,2.381500,3.376100,2.119600
1,2,112.074665,16.686197,2.554600,2.455800,1.693100
1,2,112.091499,16.834203,2.400100,2.719700,2.372300
1,2,112.107931,16.431097,2.235500,3.065500,2.010100
1,2,112.124893,16.962800,2.264200,2.260300,2.296900
1,2,112.141387,16.493600,2.418300,3.190900,1.957600
1,2,112.158143,16.755801,2.263800,2.430300,2.011600
1,2,112.175793,17.650399,2.326000,2.916400,1.780800
1,2,112.191347,15.554100,4.168400,2.697700,2.141000
1,2,112.208119,16.772002,3.170100,2.399300,1.651400
1,2,112.224648,16.528599,2.611700,2.654200,1.800900
1,2,112.241176,16.527999,2.438000,2.775500,1.832700
1,2,112.258754,17.578401,2.015800,2.651000,1.659600
1,2,112.274613,15.858699,2.761700,2.551200,1.763000
1,2,112.291322,16.709100,2.292500,2.881700,1.784400
1,2,112.307917,16.595103,2.123000,3.331200,1.636600
1,2,112.324553,16.635899,2.079200,2.417800,1.838000
1,2,112.341168,16.615201,1.987400,2.265000,1.762100
1,2,112.358848,17.680097,1.837200,2.531200,1.934900
1,2,112.374595,15.746802,2.940200,3.224900,1.998200
1,2,112.391606,17.010301,2.528000,2.487100,1.574000
1,2,112.408125,16.519498,2.259300,2.333000,1.873400
1,2,112.424533,16.408101,2.297100,2.506100,1.663700
1,2,112.441617,17.083798,2.066000,2.711000,1.951500
1,2,112.457851,16.233902,3.369300,2.788600,1.860900
1,2,112.474781,16.930200,2.283000,2.645700,1.906200
1,2,112.491272,16.491499,2.987700,3.072700,1.956600
1,2,112.507929,16.656499,2.593500,2.816700,1.722200
1,2,112.524505,16.576402,2.321800,2.810000,2.275200
1,2,112.541699,17.193299,2.099300,2.678700,1.734800
1,2,112.557907,16.208000,2.426500,2.506400,1.907300
1,2,112.574732,16.824901,2.059100,2.626700,1.938600
1,2,112.591330,16.598597,2.444000,3.124900,2.320700
1,2,112.608352,17.021503,2.931800,2.482800,1.605800
1,2,112.624573,16.221300,2.734000,3.166400,1.807600
1,2,112.641514,16.941398,2.453900,4.636600,1.932400
1,2,112.658027,16.512401,2.516700,2.659200,1.894200
1,2,112.674756,16.729098,2.381000,3.240700,2.022300
1,2,112.691718,16.962200,3.435200,2.890800,2.324600
1,2,112.707929,16.211201,2.707300,3.240100,1.906800
1,2,112.725024,17.095000,2.390300,2.605000,2.107100
1,2,112.741634,16.609900,2.731000,3.254400,1.958400
1,2,112.757873,16.239200,2.617700,3.284600,2.238700
1,2,112.774825,16.951501,2.289700,2.405400,1.906100
1,2,112.791214,16.389299,2.289800,2.925300,1.869200
1,2,112.807904,16.690001,2.025000,3.689500,1.687000
1,2,112.824503,16.599100,2.167100,2.524800,2.012100
1,2,112.841182,16.678598,2.019400,2.689200,2.227900
1,2,112.858022,16.840100,2.047300,2.509300,2.040500
1,2,112.874583,16.561102,2.275600,2.319300,1.852600
1,2,112.891181,16.597800,2.125500,2.836200,1.807700
1,2,112.908081,16.899798,1.943800,2.563500,2.416200
1,2,112.924725,16.644303,2.465400,3.646800,2.593800
1,2,112.941599,16.874097,2.325300,2.614700,1.881700
1,2,112.958025,16.425800,2.363800,2.594900,2.076400
1,2,112.974696,16.671203,2.318700,3.000200,2.389200
1,2,112.991317,16.621400,2.150600,2.668400,1.862600
1,2,113.007962,16.644500,2.423000,3.050300,1.790400
1,2,113.024531,16.569499,2.654600,3.239800,1.759700
1,2,113.041268,16.736399,2.074400,2.757900,1.819000
1,2,113.057913,16.644899,2.049700,3.118800,1.690100
1,2,113.074726,16.812902,2.268700,3.211800,1.549200
1,2,113.091122,16.396001,2.119000,2.601800,2.085900
1,2,113.108062,16.940698,1.785300,3.153300,2.060600
1,2,113.125097,17.034300,2.357600,2.544500,1.779000
1,2,113.141554,16.457401,3.230900,2.530800,1.709300
1,2,113.157888,16.333699,2.493000,3.003000,1.815400
1,2,113.174535,16.646799,2.053600,3.016000,1.858200
1,2,113.191373,16.838502,2.100300,3.010500,2.476600
1,2,113.208047,16.674198,1.991800,2.912400,1.659400
1,2,113.224569,16.522102,2.422400,2.481400,1.868400
1,2,113.241301,16.731299,2.135800,3.239600,2.186000
1,2,113.257969,16.668402,1.964300,3.200800,1.813600
1,2,113.274571,16.601600,2.334000,2.411900,1.931000
1,2,113.291237,16.666599,1.861100,3.397600,1.793900
1,2,113.308153,16.916100,2.392200,2.672600,2.683200
1,2,113.325671,17.517298,2.593600,2.519700,1.802500
1,2,113.341237,15.566602,3.332900,2.618100,1.914800
1,2,113.357974,16.736399,2.158900,2.577200,1.710000
1,2,113.374735,16.761098,2.216600,2.736900,1.544700
1,2,113.391226,16.491700,2.547000,3.312300,2.081600
1,2,113.408176,16.949102,2.015200,3.042500,1.795500
1,2,113.424577,16.401500,2.228100,3.072800,1.909100
1,2,113.441405,16.828101,2.253500,2.418400,1.670600
1,2,113.457954,16.548999,2.140200,3.363100,2.014200
1,2,113.474774,16.819701,2.468900,2.621800,2.046200
1,2,113.492580,17.806299,2.315800,3.458500,1.994500
1,2,113.507959,15.379000,3.846100,3.595100,2.387400
1,2,113.524577,16.617902,2.308900,2.623000,2.101900
1,2,113.541497,16.920000,1.985200,4.326800,2.002200
1,2,113.558103,16.606398,2.451100,3.468500,2.950300
1,2,113.575068,16.964700,2.802400,4.461000,2.167600
1,2,113.591223,16.155101,3.386300,2.980000,2.255700
1,2,113.608257,17.033897,2.913500,2.701000,1.909900
1,2,113.624665,16.408201,2.634200,3.235800,2.175400
1,2,113.641307,16.641200,2.674600,3.595100,2.448900
1,2,113.658280,16.973801,2.264600,3.493600,2.095500
1,2,113.674715,16.434800,2.669200,3.768700,2.107500
1,2,113.691155,16.440202,2.541200,3.498800,1.962900
1,2,113.708044,16.888600,1.992400,3.289000,2.016300
1,2,113.724589,16.544797,2.243500,4.942900,2.166100
1,2,113.741359,16.769901,2.188900,3.549100,1.713200
1,2,113.758012,16.653001,2.420300,3.246000,2.125400
1,2,113.775078,17.066699,3.978400,2.666700,1.987200
1,2,113.791853,16.775001,2.896800,2.709900,2.584200
1,2,113.807999,16.145900,3.220800,2.659000,2.030300
1,2,113.824579,16.579799,2.294800,3.162200,2.202100
1,2,113.841414,16.835000,2.175100,3.146500,1.744200
1,2,113.857853,16.438499,2.476700,3.290600,1.741800
1,2,113.874557,16.704701,2.177400,2.646100,1.619500
1,2,113.891147,16.589500,1.927100,2.609400,2.030700
1,2,113.907962,16.814802,1.778400,3.011100,1.642700
1,2,113.924647,16.685799,2.070000,2.903200,1.681300
1,2,113.941769,17.122000,2.310300,2.904300,1.923000
1,2,113.957950,16.180698,2.708400,3.590600,2.097800
1,2,113.974565,16.615100,1.884600,2.776400,2.142000
1,2,113.991317,16.751703,2.294000,2.430000,1.743700
1,2,114.008034,16.717400,1.972700,3.022900,1.678900
1,2,114.024530,16.495597,2.101600,2.286500,1.955100
1,2,114.041311,16.781401,1.910400,2.709800,1.615300
1,2,114.057898,16.587000,2.077900,3.112200,2.044200
1,2,114.074590,16.691301,2.107200,3.043800,1.562500
1,2,114.091245,16.654901,1.854500,2.327000,1.770400
1,2,114.108087,16.842797,1.778400,3.164200,2.008600
1,2,114.124574,16.486302,2.328400,2.445300,1.667000
1,2,114.141301,16.727298,2.221100,3.214400,1.654100
1,2,114.158406,17.105300,1.970200,2.505300,1.837900
1,2,114.174847,16.440600,2.519900,2.399000,2.066400
1,2,114.191240,16.393200,2.332500,2.791900,2.031800
1,2,114.208027,16.787000,2.131000,2.563100,2.213300
1,2,114.224694,16.667299,2.327500,2.794500,1.761500
1,2,114.241423,16.728800,3.432800,2.718500,1.768600
1,2,114.257900,16.476803,2.232100,2.697300,2.062900
1,2,114.274668,16.768400,2.095700,3.438100,1.702700
1,2,114.291166,16.497400,2.031500,2.484400,1.949400
1,2,114.307911,16.745601,1.941600,2.188000,2.001800
1,2,114.324546,16.634598,2.028600,2.654300,1.619400
1,2,114.341202,16.655900,2.138200,2.387700,1.760300
1,2,114.358020,16.818203,1.875600,2.298500,1.689000
1,2,114.374498,16.477998,1.992800,3.878600,1.777500
1,2,114.391297,16.798601,1.841500,2.344400,1.736700
1,2,114.407853,16.556200,2.450600,2.989500,1.654200
1,2,114.424766,16.913600,1.856200,2.345000,1.833700
1,2,114.441699,16.932700,2.635700,2.489200,1.590100
1,2,114.458386,16.686499,2.752700,2.858000,1.863800
1,2,114.474748,16.362000,3.309800,3.152200,2.259500
1,2,114.491487,16.739100,2.806800,2.793300,1.600400
1,2,114.507965,16.478501,2.540200,3.241100,1.838100
1,2,114.524577,16.611598,2.235300,2.678600,1.730700
1,2,114.541366,16.788799,2.002400,3.148500,1.670600
1,2,114.557997,16.631402,2.056800,3.235200,1.679600
1,2,114.574712,16.715199,2.197400,2.361400,1.630600
1,2,114.591457,16.744599,2.131700,2.591200,1.982500
1,2,114.608320,16.863301,2.445300,3.123000,2.268800
1,2,114.624726,16.405601,2.602900,2.678300,2.186400
1,2,114.641350,16.624101,2.251400,3.690400,1.828300
1,2,114.658089,16.738798,2.272500,2.646000,1.796800
1,2,114.674741,16.651999,2.328300,3.055600,1.887500
1,2,114.691115,16.374301,3.064700,3.147800,1.957300
1,2,114.708042,16.927101,1.826900,2.278700,1.685800
1,2,114.724692,16.649697,2.076200,3.125300,1.983800
1,2,114.741523,16.831201,2.362200,2.609500,1.883200
1,2,114.758058,16.535301,2.506500,2.796000,1.638600
1,2,114.774518,16.459901,2.453600,2.808600,1.805400
1,2,114.791382,16.863998,2.633800,2.307300,1.776500
1,2,114.808039,16.656801,2.091500,2.581900,1.892900
1,2,114.824478,16.439401,2.254200,3.417900,1.722200
1,2,114.841293,16.814400,3.976200,2.429100,1.643500
1,2,114.857969,16.676702,2.040600,2.704900,1.655900
1,2,114.874877,16.907699,2.017000,2.807800,1.606100
1,2,114.891376,16.498998,2.295600,3.101300,1.526300
1,2,114.907914,16.538303,2.009400,2.811900,2.118100
1,2,114.924679,16.764399,2.036500,2.289000,1.503300
1,2,114.941429,16.749799,1.928000,2.524300,1.912300
1,2,114.957997,16.568899,2.333200,2.847100,1.426100
1,2,114.974662,16.664300,2.086000,2.383800,1.481600
1,2,114.991373,16.711600,2.008900,2.586100,2.067500
1,2,115.007865,16.491801,2.146100,3.039500,1.693800
1,2,115.024658,16.793001,2.039000,2.284100,1.636000
1,2,115.041279,16.620997,2.568000,2.495100,1.977600
1,2,115.058318,17.039303,2.598300,2.525600,1.820800
1,2,115.074500,16.181398,2.578600,2.966100,1.996300
1,2,115.091242,16.742401,2.231700,2.766600,1.519900
1,2,115.108036,16.793400,1.911600,2.499400,1.852100
1,2,115.124752,16.716201,2.076800,3.104500,2.037900
1,2,115.141345,16.592801,2.279500,2.670000,1.743400
1,2,115.157985,16.640298,1.912100,3.788700,2.016100
1,2,115.174689,16.704202,2.193200,2.573000,1.886300
1,2,115.191367,16.678199,2.309100,2.558500,1.762300
1,2,115.208013,16.645700,1.976900,3.127100,2.167200
1,2,115.224848,16.834598,2.177900,2.450900,2.021100
1,2,115.241225,16.377501,2.287800,2.740900,1.734100
1,2,115.257995,16.769499,1.828600,2.674500,1.774500
1,2,115.275141,17.146602,1.951700,2.457800,1.870800
1,2,115.291244,16.102601,2.545200,3.341900,1.802000
1,2,115.308107,16.862698,1.787700,2.430300,1.814000
1,2,115.324516,16.409401,2.271500,2.788200,1.859900
1,2,115.341491,16.974799,1.987000,2.486100,1.850900
1,2,115.362385,20.894699,2.803200,2.532200,1.798400
1,2,115.374944,12.558203,6.753900,3.072700,2.359500
1,2,115.391750,16.806200,2.565700,2.335600,1.546900
1,2,115.408068,16.318299,2.537400,3.052300,1.482100
1,2,115.424655,16.587000,2.201000,3.088000,1.639400
1,2,115.441427,16.771700,2.122800,2.595300,1.822700
1,2,115.457892,16.465601,2.216200,3.128200,1.737200
1,2,115.474599,16.706698,1.892700,2.662900,2.083000
1,2,115.491390,16.790602,2.002600,3.407300,1.765500
1,2,115.508400,17.010499,2.186400,2.482300,2.361900
1,2,115.524842,16.441498,2.736700,2.610200,1.572900
1,2,115.541570,16.728200,2.387500,2.724700,1.910600
1,2,115.557998,16.428500,2.245800,3.004100,1.944900
1,2,115.574621,16.622800,2.269800,3.686200,1.562300
1,2,115.591492,16.870700,1.834300,2.346900,1.698700
1,2,115.607995,16.503099,2.067400,2.499400,1.700400
1,2,115.624672,16.676601,1.934900,2.523900,1.844600
1,2,115.641266,16.594201,2.224800,2.557200,1.984800
1,2,115.658143,16.877301,1.771700,2.218000,1.771100
1,2,115.674747,16.604099,1.983400,3.813700,2.147300
1,2,115.691393,16.645700,2.166900,2.447400,1.941500
1,2,115.708193,16.800098,2.175200,2.519200,2.003200
1,2,115.725065,16.871702,2.441800,3.154000,1.938600
1,2,115.741450,16.385499,2.770400,2.432400,1.665000
1,2,115.757997,16.546801,1.962100,3.795500,1.767300
1,2,115.774883,16.886298,2.355100,3.181100,1.438500
1,2,115.791577,16.693901,2.185400,2.441900,2.114300
1,2,115.808107,16.529702,2.185900,3.390100,1.730700
1,2,115.824861,16.754497,2.169400,3.851400,1.614700
1,2,115.841651,16.789302,2.117400,2.424800,1.863400
1,2,115.858070,16.419299,2.123000,2.286300,1.713000
1,2,115.874763,16.692899,2.015700,2.451200,1.992000
1,2,115.891646,16.882900,2.045100,2.575700,2.053700
1,2,115.908757,17.111201,2.177200,2.915700,1.769800
1,2,115.924822,16.064499,2.893800,3.499800,1.859100
1,2,115.941521,16.699903,2.090100,2.618000,1.984800
1,2,115.958108,16.586900,2.293800,3.149100,1.970600
1,2,115.975126,17.018098,2.178700,3.103000,1.613500
1,2,115.991728,16.601101,2.348800,2.668300,1.865200
1,2,116.008128,16.400900,2.350700,2.446400,2.361600
1,2,116.025043,16.914401,2.102600,2.360100,1.584400
1,2,116.041541,16.498201,2.239800,2.914600,2.159100
1,2,116.058272,16.730897,2.381100,2.492300,1.538400
1,2,116.075081,16.809203,2.232300,2.277100,1.544200
1,2,116.091499,16.417399,2.416500,3.152300,2.064700
1,2,116.108694,17.195400,2.328300,2.507400,1.864700
1,2,116.124894,16.199600,2.561600,3.009700,1.805600
1,2,116.141513,16.619399,2.376400,3.552500,2.182700
1,2,116.158266,16.752601,2.221100,2.295500,1.684800
1,2,116.174932,16.666599,2.052200,3.451200,2.243600
1,2,116.192204,17.271403,2.415600,2.824100,2.300100
1,2,116.208555,16.351100,3.574300,2.655200,2.165200
1,2,116.224886,16.331200,3.219200,3.105400,2.276400
1,2,116.241846,16.959697,2.654800,2.678900,2.167800
1,2,116.258762,16.916502,2.761400,2.943500,1.991100
1,2,116.274808,16.045801,3.169600,3.690000,2.393700
1,2,116.291621,16.813599,3.306400,2.819300,1.645300
1,2,116.308320,16.698100,2.236600,2.791000,1.622700
1,2,116.324844,16.524699,2.729300,2.937700,1.654700
1,2,116.341500,16.655400,2.180100,3.357200,1.726000
1,2,116.358279,16.779799,2.196400,3.241800,1.574800
1,2,116.374996,16.716503,2.282200,3.292800,2.304500
1,2,116.391459,16.462598,2.198100,3.121800,1.923400
1,2,116.408140,16.681902,1.985300,2.545700,1.861600
1,2,116.424924,16.783901,1.842300,3.026300,1.613100
1,2,116.441573,16.649000,2.375300,3.003800,1.728100
1,2,116.458213,16.639698,2.053900,3.111600,2.072200
1,2,116.474909,16.696099,1.975000,2.462700,1.910500
1,2,116.491691,16.782001,2.073500,3.142400,2.154300
1,2,116.508285,16.593602,1.997200,3.158800,1.740800
1,2,116.525252,16.966898,2.023600,2.387600,1.849100
1,2,116.541612,16.359899,2.393300,2.953600,1.802500
1,2,116.558368,16.756702,2.148000,3.246400,1.715100
1,2,116.575119,16.750898,2.076200,2.477100,1.753500
1,2,116.591851,16.731702,2.568700,2.663200,2.162100
1,2,116.608423,16.572200,2.645800,2.879200,1.549400
1,2,116.625056,16.633000,2.590000,2.763000,1.844100
1,2,116.641602,16.546100,3.159600,2.883400,1.921700
1,2,116.658577,16.974397,2.204400,2.867800,2.427300
1,2,116.675113,16.536903,2.355500,2.655700,1.843500
1,2,116.691602,16.488098,2.221800,3.798000,1.769700
1,2,116.708473,16.871002,1.940000,2.473000,1.906400
1,2,116.724846,16.373198,2.272800,3.373200,2.140900
1,2,116.741800,16.954202,2.071200,2.476000,1.528700
1,2,116.758408,16.608298,2.253700,2.804800,1.905200
1,2,116.775154,16.745500,2.444800,3.113600,1.662600
1,2,116.791756,16.602401,2.728300,3.287800,1.871200
1,2,116.808395,16.638499,2.407700,2.797400,1.724500
1,2,116.824842,16.447701,2.867200,2.409000,2.249800
1,2,116.841882,17.039701,2.154900,3.428900,1.662600
1,2,116.858243,16.361099,2.290600,3.284500,1.703900
1,2,116.875345,17.101601,2.110900,2.499600,1.445400
1,2,116.891705,16.359899,2.647300,2.472000,1.609900
1,2,116.908325,16.620602,2.459500,3.108800,1.460900
1,2,116.924830,16.505100,2.259900,2.921200,1.763600
1,2,116.941628,16.797200,1.915500,2.372200,1.910200
1,2,116.958221,16.593099,2.025000,2.487700,2.251900
1,2,116.974909,16.688000,1.994400,2.126300,2.191900
1,2,116.991671,16.762201,2.086600,2.578400,2.103500
1,2,117.008367,16.696099,2.105200,2.455400,2.021900
1,2,117.025060,16.692799,2.150200,2.364300,1.851400
1,2,117.041587,16.526800,2.266800,2.460100,1.862000
1,2,117.058490,16.903304,2.848500,3.021000,1.769800
1,2,117.075255,16.765498,2.395400,2.415400,1.848200
1,2,117.091696,16.440801,2.823600,2.426300,1.878500
1,2,117.108628,16.931999,2.356200,2.698500,1.521500
1,2,117.125189,16.560398,2.783300,2.979300,2.213400
1,2,117.141527,16.338803,2.769600,3.385300,1.784400
1,2,117.158540,17.012198,2.077500,2.416200,1.751000
1,2,117.175176,16.636003,2.216100,2.751400,2.130600
1,2,117.191941,16.765099,2.382100,2.949000,2.435600
1,2,117.208398,16.456999,2.679300,3.209400,2.381200
1,2,117.225265,16.867001,2.712700,3.624500,1.929300
1,2,117.241687,16.422600,2.844200,2.861100,1.697400
1,2,117.258333,16.646001,3.235000,2.516200,2.160900
1,2,117.275244,16.911101,2.131800,2.537500,1.899100
1,2,117.291761,16.516197,2.842500,2.778400,2.637700
1,2,117.308593,16.832601,2.466500,2.604600,1.948700
1,2,117.325052,16.458500,3.176500,2.816200,1.888100
1,2,117.341783,16.730998,3.127300,2.663200,2.069200
1,2,117.358616,16.833000,2.565600,2.448600,1.744700
1,2,117.375197,16.581200,2.391500,2.542000,1.788500
1,2,117.391635,16.438302,2.782700,2.909500,1.725800
1,2,117.409051,17.415501,2.606400,3.013500,1.757200
1,2,117.425097,16.045898,2.970700,3.240800,2.237800
1,2,117.441692,16.595602,2.580200,2.352300,1.961500
1,2,117.458233,16.540498,1.998900,3.397200,1.941800
1,2,117.475202,16.969401,1.908900,2.710300,1.671300
1,2,117.491582,16.379699,2.370200,3.000400,2.185200
1,2,117.508384,16.801901,2.245700,3.997100,1.838500
1,2,117.525012,16.628798,2.254600,3.130400,2.126500
1,2,117.541664,16.651601,2.315300,2.509600,2.190600
1,2,117.558331,16.666900,2.071000,2.516100,1.833000
1,2,117.574978,16.646702,2.302900,2.917300,2.827500
1,2,117.591852,16.874298,2.763200,3.245500,1.764000
1,2,117.608402,16.549699,2.492400,2.999700,1.979200
1,2,117.625163,16.761400,3.216600,3.357900,1.756200
1,2,117.641948,16.784601,2.663500,3.217400,2.239300
1,2,117.658413,16.464900,3.016500,2.963200,1.759500
1,2,117.675113,16.700301,2.318300,2.807700,2.339400
1,2,117.692107,16.994298,2.311400,2.663200,2.077700
1,2,117.708791,16.683701,2.542400,3.034300,2.457900
1,2,117.725022,16.231399,2.771400,2.988100,1.809200
1,2,117.741720,16.697701,2.420600,2.694600,1.826500
1,2,117.758554,16.834199,2.549900,3.042600,1.827300
1,2,117.775036,16.481500,2.564500,3.023700,1.888900
1,2,117.791653,16.617801,2.448100,2.745000,1.854000
1,2,117.808419,16.765799,2.187800,2.846100,1.657400
1,2,117.825162,16.742699,2.335500,3.190800,1.753300
1,2,117.841640,16.478002,2.582300,3.098200,2.502700
1,2,117.858340,16.699698,2.189500,2.556900,2.000400
1,2,117.875024,16.684502,2.005200,2.491600,1.652100
1,2,117.891548,16.524099,2.134400,2.903800,2.062000
1,2,117.908347,16.798299,1.808900,3.029100,2.086300
1,2,117.924975,16.628001,2.084000,2.406300,2.157800
1,2,117.941685,16.710099,2.129800,2.890000,2.219700
1,2,117.958722,17.036900,2.202400,2.797000,2.509900
1,2,117.974970,16.248200,2.532900,2.434700,1.687800
1,2,117.991930,16.960301,2.346100,3.049200,2.060500
1,2,118.008401,16.470902,2.649300,3.219400,2.525300
1,2,118.025410,17.008699,2.494400,2.528200,1.888500
1,2,118.041756,16.346399,2.471700,3.253300,2.200700
1,2,118.058639,16.883302,2.703500,2.801900,2.006200
1,2,118.074915,16.275600,2.802100,3.012200,2.100500
1,2,118.091926,17.010599,2.085800,2.641200,1.677900
1,2,118.108445,16.519498,2.420400,2.640500,1.733500
1,2,118.124931,16.486201,2.878600,2.550800,1.576900
1,2,118.141700,16.768999,2.437300,2.461000,1.956100
1,2,118.158440,16.739599,2.027700,2.665500,2.114900
1,2,118.175229,16.789202,2.317700,3.083000,2.014100
1,2,118.191783,16.553801,2.612200,2.836200,2.340500
1,2,118.208594,16.811401,2.353600,2.452000,2.585700
1,2,118.224970,16.375899,2.478900,2.674100,2.037200
1,2,118.241742,16.771398,2.056500,2.828700,1.819100
1,2,118.258457,16.715702,2.058600,3.138900,2.119400
1,2,118.275073,16.615801,2.608000,2.714000,2.320400
1,2,118.291795,16.721498,2.266700,2.890000,2.078900
1,2,118.308628,16.833901,2.295300,3.386700,2.155600
1,2,118.325270,16.641397,2.524800,2.655100,2.554200
1,2,118.341705,16.435202,2.623700,3.481600,1.781800
1,2,118.358450,16.744599,2.057200,3.996600,1.877200
1,2,118.375516,17.066602,2.208400,2.398700,1.787300
1,2,118.391954,16.438000,3.367300,2.859000,2.012100
1,2,118.408329,16.374398,2.906800,3.126900,1.895000
1,2,118.425196,16.867802,2.397600,2.377100,1.673300
1,2,118.441698,16.501900,2.353200,2.672800,1.765200
1,2,118.458468,16.770098,2.239300,2.933900,1.754200
1,2,118.475116,16.647901,2.288500,2.520700,1.744700
1,2,118.491670,16.553599,2.418300,2.710400,1.871900
1,2,118.508498,16.827602,1.787400,2.519600,1.861100
1,2,118.525058,16.560201,1.992900,2.556900,1.991000
1,2,118.541787,16.729098,2.767200,2.257000,1.652600
1,2,118.558412,16.625602,2.044700,3.033000,2.078900
1,2,118.574962,16.549200,2.293400,3.023200,1.554700
1,2,118.591878,16.916599,1.942200,2.350000,1.917800
1,2,118.608375,16.496301,2.351800,3.077300,1.890200
1,2,118.625107,16.732700,2.456600,2.239900,1.652300
1,2,118.641674,16.566399,2.105500,2.583500,1.561400
1,2,118.658721,17.047599,2.621500,2.543100,1.508000
1,2,118.676154,17.432701,2.578200,2.747900,1.838700
1,2,118.691587,15.432898,3.858400,2.488700,2.222700
1,2,118.708469,16.882300,2.193600,3.131300,1.759500
1,2,118.725244,16.775202,2.039200,2.539900,1.570300
1,2,118.742049,16.804900,2.406900,2.974500,1.644400
1,2,118.758332,16.283199,2.530800,2.851400,1.528400
1,2,118.775051,16.718499,2.033700,2.671900,1.583600
1,2,118.791817,16.766399,2.306600,2.411800,1.893300
1,2,118.808718,16.900800,2.138100,2.664500,1.753500
1,2,118.825112,16.394202,2.781600,4.031400,1.950500
1,2,118.842268,17.155401,3.600800,2.639900,1.630000
1,2,118.858531,16.263697,2.654000,2.724900,1.826800
1,2,118.875145,16.613800,2.562300,4.705800,1.859200
1,2,118.891925,16.779602,2.410000,2.416400,1.923500
1,2,118.908482,16.557299,2.334300,2.889900,2.038400
1,2,118.925121,16.638499,2.543100,3.057600,2.327500
1,2,118.942248,17.127503,2.142300,2.814100,1.732800
1,2,118.958398,16.149499,3.153700,2.786300,2.360400
1,2,118.975102,16.704600,2.438700,2.942100,2.047300
1,2,118.991876,16.773600,2.320100,3.575000,1.700000
1,2,119.008405,16.529001,2.392200,3.040900,2.002100
1,2,119.025544,17.139301,2.381700,2.302900,1.447900
1,2,119.041850,16.305700,2.729300,3.565800,1.649200
1,2,119.058333,16.483597,2.891400,2.419300,1.430000
1,2,119.075429,17.095800,1.975800,2.159700,1.823400
1,2,119.091754,16.324699,2.514400,2.832500,1.880000
1,2,119.108641,16.887400,2.402100,2.379200,2.437800
1,2,119.125179,16.537502,2.266200,2.783500,1.482100
1,2,119.141782,16.603500,3.573100,4.024000,2.579000
1,2,119.158748,16.966000,2.059000,2.697400,1.917100
1,2,119.175229,16.481098,3.057400,3.059600,2.096300
1,2,119.191749,16.519699,2.744600,3.043400,2.325900
1,2,119.209311,17.561901,2.280900,2.277200,1.606100
1,2,119.225045,15.733402,3.709400,3.068700,2.068900
1,2,119.241870,16.825099,2.455000,2.514400,1.711900
1,2,119.258649,16.779099,2.281900,2.462500,1.583100
1,2,119.275031,16.382802,2.594400,3.089200,2.005100
1,2,119.291671,16.639099,2.190500,2.299200,1.430500
1,2,119.308537,16.866501,1.818100,2.461400,1.589000
1,2,119.324962,16.425200,2.222400,3.122200,2.085700
1,2,119.341733,16.770598,2.086200,2.317700,1.712400
1,2,119.358555,16.822301,2.676100,2.420700,1.548200
1,2,119.375116,16.561002,2.208800,2.611700,1.941000
1,2,119.392103,16.987201,2.914800,2.435600,1.646900
1,2,119.408433,16.329199,2.892800,2.694700,2.086900
1,2,119.425094,16.661201,2.482200,2.418000,1.576000
1,2,119.441983,16.888898,2.277800,2.576200,1.991000
1,2,119.458495,16.512100,2.676700,3.169100,1.698200
1,2,119.475151,16.656499,2.502100,4.800400,1.810500
1,2,119.491918,16.767003,2.243300,2.985400,1.990600
1,2,119.508647,16.728301,2.339200,2.982700,1.759100
1,2,119.525368,16.721297,2.497600,3.007300,2.080800
1,2,119.541885,16.517602,2.648500,3.171500,1.550100
1,2,119.558459,16.573098,2.224800,2.289700,1.928900
1,2,119.575581,17.122302,2.160300,2.516100,1.529800
1,2,119.591948,16.366798,2.843800,2.684200,1.725200
1,2,119.608440,16.492203,2.746300,2.523000,1.761000
1,2,119.625308,16.868100,2.240400,3.062800,1.583600
1,2,119.641707,16.399100,2.532500,3.435400,2.289600
1,2,119.658582,16.874596,2.271700,2.631500,2.338100
1,2,119.675399,16.817100,2.360500,2.722500,1.964200
1,2,119.691838,16.439501,2.518700,2.779500,1.801200
1,2,119.708680,16.841602,2.311100,2.736200,1.604100
1,2,119.725098,16.417697,2.717400,3.331000,2.086000
1,2,119.741660,16.562302,2.398600,2.539800,1.850200
1,2,119.758884,17.223701,1.995400,2.538400,1.947100
1,2,119.775055,16.171400,2.851700,3.238500,1.902800
1,2,119.791913,16.858198,2.154400,2.419800,1.804100
1,2,119.808534,16.620401,2.193900,3.074900,1.715800
1,2,119.825002,16.468901,2.709200,2.440200,1.932800
1,2,119.842037,17.034501,1.950100,2.416700,1.792900
1,2,119.858416,16.379200,2.265800,2.486600,1.977400
1,2,119.875280,16.863998,2.128000,2.569600,1.668300
1,2,119.891887,16.607102,2.399400,3.058000,1.951300
1,2,119.908488,16.600400,2.374500,3.995900,1.934400
1,2,119.925203,16.715799,2.307000,2.225800,1.772200
1,2,119.942021,16.817600,2.107400,3.081700,2.104000
1,2,119.958413,16.392201,2.302300,2.343600,2.075700
1,2,119.975303,16.889498,2.034900,2.221500,1.496900
1,2,119.991782,16.479600,2.286700,2.656500,1.894200
1,2,120.008517,16.734403,2.366200,2.303300,1.772200
1,2,120.025447,16.930297,2.154000,3.175800,1.802900
1,2,120.041810,16.363300,2.804200,2.837500,2.119400
1,2,120.058601,16.790301,2.167400,2.372000,1.588600
1,2,120.075139,16.538601,2.303100,3.408400,1.899000
1,2,120.092032,16.892299,2.782000,2.501300,1.854700
1,2,120.108830,16.798701,2.621900,3.474500,1.836000
1,2,120.125193,16.362701,2.846200,2.491300,2.055000
1,2,120.142022,16.828697,2.514700,4.511500,2.008800
1,2,120.158712,16.690303,2.457500,2.618600,1.609100
1,2,120.175192,16.479798,2.618900,2.611900,1.877300
1,2,120.191951,16.759001,2.614400,3.155200,1.861900
1,2,120.208644,16.693201,2.488000,2.828700,1.892800
1,2,120.225306,16.661998,2.802900,3.144100,2.185500
1,2,120.242027,16.721401,2.570500,2.613200,1.834900
1,2,120.258602,16.574200,2.700500,3.175200,1.793500
1,2,120.275129,16.527500,2.418300,2.722100,2.580100
1,2,120.291942,16.812500,2.318900,2.763800,1.948600
1,2,120.308476,16.534500,2.539900,2.578900,2.423400
1,2,120.325842,17.365701,2.303900,2.503600,1.673600
1,2,120.342405,16.562898,3.326300,3.269500,2.085000
1,2,120.358600,16.195100,3.111300,2.590900,1.548600
1,2,120.375246,16.646102,2.377600,3.096600,1.611200
1,2,120.391926,16.679898,2.368600,3.681300,2.346600
1,2,120.409183,17.257500,2.507500,2.357900,1.592400
1,2,120.428479,19.295700,3.052900,3.017500,2.154700
1,2,120.442051,13.572000,5.894900,3.139400,2.349600
1,2,120.458657,16.605999,2.737800,2.446900,1.912500
1,2,120.475292,16.635302,2.332100,2.604900,2.255800
1,2,120.492097,16.804300,2.317600,3.236500,1.610600
1,2,120.508733,16.636901,2.403400,3.560600,2.434300
1,2,120.525289,16.555399,3.419000,2.563000,1.467400
1,2,120.542157,16.867802,2.323900,2.942200,1.798400
1,2,120.558645,16.488098,2.487800,2.783700,1.753000
1,2,120.575466,16.821600,3.676300,2.879700,1.678400
1,2,120.591974,16.507801,2.654500,2.996300,1.940200
1,2,120.609209,17.234799,2.736500,2.449500,1.650300
1,2,120.625680,16.470701,2.898300,3.264200,1.903800
1,2,120.642126,16.446602,2.854800,3.403800,2.556400
1,2,120.659193,17.066598,2.676700,3.331400,2.417600
1,2,120.675513,16.320501,3.224900,3.692000,2.122800
1,2,120.692218,16.704801,2.996300,3.112800,2.496900
1,2,120.709031,16.812898,2.906100,3.246100,2.556900
1,2,120.725677,16.646001,3.241400,3.641900,2.139300
1,2,120.742332,16.654599,3.266600,3.327000,2.016300
1,2,120.758815,16.483799,3.382500,3.021800,2.102600
1,2,120.775536,16.720500,3.058300,3.250700,2.279400
1,2,120.792154,16.618002,2.498600,3.024800,2.068400
1,2,120.809258,17.104298,2.714900,3.964700,2.610600
1,2,120.825298,16.039301,3.533300,3.056600,1.813200
1,2,120.841935,16.637899,2.718600,3.079600,2.760900
1,2,120.858902,16.966801,2.316400,3.103200,1.720100
1,2,120.875362,16.459301,2.525800,3.225800,2.501400
1,2,120.892174,16.812600,2.549600,2.471700,2.716600
1,2,120.908801,16.626898,2.439000,3.380900,1.953600
1,2,120.925365,16.563702,2.604700,2.652300,2.111900
1,2,120.942166,16.801398,2.276100,2.512500,1.855200
1,2,120.958626,16.459901,2.304100,3.582100,2.008400
1,2,120.975511,16.885199,2.385600,2.448900,2.119100
1,2,120.993195,17.684199,2.366800,2.931400,2.182100
1,2,121.008644,15.448101,3.399400,6.100100,2.197400
1,2,121.025947,17.303400,2.397300,2.953200,1.795300
1,2,121.042032,16.085502,3.038200,3.519800,2.317500
1,2,121.058620,16.587298,2.828400,2.843300,2.143600
1,2,121.075606,16.986601,2.147900,3.464900,1.908700
1,2,121.091935,16.328901,2.965000,3.700000,2.018600
1,2,121.108781,16.845699,2.261900,2.586800,1.881100
1,2,121.125624,16.843200,2.284000,3.443600,2.534600
1,2,121.141960,16.335599,2.683900,3.445800,2.116700
1,2,121.158696,16.736101,2.228200,2.486300,2.303400
1,2,121.175449,16.753301,2.259600,2.943700,1.983300
1,2,121.192396,16.947199,2.522000,3.395300,1.820200
1,2,121.208555,16.158801,2.983900,3.506400,1.729600
1,2,121.225965,17.409701,2.612800,3.312400,1.825500
1,2,121.242184,16.219597,2.861000,3.243700,2.380400
1,2,121.258782,16.597100,3.126600,2.722100,2.786900
1,2,121.275453,16.671203,2.311100,2.548600,1.845200
1,2,121.292133,16.680297,2.246400,3.358000,1.937300
1,2,121.308628,16.494703,2.773200,3.371800,2.368800
1,2,121.325661,17.033100,2.309100,2.393200,1.659300
1,2,121.342415,16.754400,2.864000,3.098100,2.483600
1,2,121.358819,16.404200,3.786900,3.138000,2.023000
1,2,121.375476,16.656198,2.771700,2.486700,2.208200
1,2,121.392046,16.570400,2.470100,3.176400,1.999800
1,2,121.408655,16.609300,2.338700,2.573600,2.083600
1,2,121.425469,16.814001,2.329600,2.600400,2.042300
1,2,121.442003,16.533799,2.431400,3.560400,1.994400
1,2,121.458961,16.958002,2.222300,3.344400,1.710800
1,2,121.475305,16.344000,2.550200,3.449800,2.172000
1,2,121.491970,16.664900,2.594800,2.583600,2.374100
1,2,121.508957,16.987000,2.187500,3.176000,1.972300
1,2,121.525351,16.394299,3.541700,2.751100,2.121400
1,2,121.541994,16.642902,2.500300,2.611100,1.988700
1,2,121.558805,16.810797,2.247200,2.983500,2.055400
1,2,121.575281,16.476400,2.535800,4.578000,2.173100
1,2,121.592549,17.267201,2.118500,2.669600,1.618500
1,2,121.608830,16.281199,2.738400,3.543600,2.190300
1,2,121.625421,16.591601,2.607500,3.047400,2.066100
1,2,121.642473,17.051801,2.394200,2.488000,1.668200
1,2,121.658764,16.290598,3.090900,3.496900,2.154900
1,2,121.675377,16.613200,2.834900,3.233600,2.015500
1,2,121.692039,16.661603,2.394400,2.748600,1.998200
1,2,121.708624,16.585398,2.036500,2.738200,2.314300
1,2,121.725400,16.775500,2.051900,2.451000,1.882800
1,2,121.742259,16.859099,2.155100,3.417600,1.908900
1,2,121.759055,16.796302,2.573200,2.826800,2.075800
1,2,121.775641,16.586199,2.901300,2.721200,1.898400
1,2,121.791964,16.322698,2.698500,3.458400,1.851100
1,2,121.808867,16.902901,2.229000,2.704200,1.909400
1,2,121.825671,16.803999,2.417200,3.497400,1.811700
1,2,121.841978,16.307700,2.613100,3.682700,1.918000
1,2,121.858700,16.721401,3.577500,3.065900,1.639900
1,2,121.875430,16.730599,2.793500,3.223000,1.951200
1,2,121.892060,16.629599,2.621400,2.964000,2.628700
1,2,121.909127,17.066702,2.343100,2.651200,1.877700
1,2,121.925244,16.117599,2.994000,3.200600,1.918200
1,2,121.942014,16.769800,2.534100,3.215000,1.884800
1,2,121.958776,16.762000,2.152900,2.617700,1.732500
1,2,121.975307,16.530599,2.395600,3.793700,1.841500
1,2,121.992221,16.913801,2.461100,2.516300,2.075800
1,2,122.008885,16.664401,2.343300,2.592900,1.950200
1,2,122.025474,16.589500,2.500600,3.188500,2.300500
1,2,122.042127,16.652398,2.509100,3.002500,2.141000
1,2,122.058989,16.862299,2.393500,3.713400,2.335100
1,2,122.075539,16.550202,2.765500,2.698900,1.880100
1,2,122.092375,16.835898,2.554500,3.275000,2.107400
1,2,122.108865,16.489901,2.780200,3.830700,2.255700
1,2,122.125528,16.663000,2.941000,4.542300,2.189100
1,2,122.142173,16.644999,2.727000,3.222700,1.879700
1,2,122.158646,16.473200,2.363000,3.105600,1.934000
1,2,122.175503,16.856901,2.407800,2.608300,2.169500
1,2,122.192163,16.659401,2.467700,3.259400,1.864300
1,2,122.208642,16.479298,2.342000,2.542100,2.133800
1,2,122.225375,16.732600,2.278800,2.936200,1.917400
1,2,122.242052,16.677599,2.057400,2.716300,2.122000
1,2,122.259029,16.976800,2.150400,2.557200,1.936600
1,2,122.275267,16.238000,2.591400,2.523300,1.586600
1,2,122.291913,16.646102,2.370700,2.662600,2.009700
1,2,122.308871,16.957797,1.973900,2.278900,1.991000
1,2,122.325273,16.402602,2.412100,2.718800,1.623600
1,2,122.342016,16.742699,2.399000,2.421300,1.633900
1,2,122.358862,16.845901,1.945600,2.544500,2.084800
1,2,122.375236,16.373701,2.329900,3.063200,2.090000
1,2,122.392121,16.885500,2.357900,2.830500,1.619700
1,2,122.408827,16.705599,2.209900,3.308500,2.277200
1,2,122.425316,16.488899,2.378700,3.845500,1.525500
1,2,122.442342,17.026201,2.210800,2.822200,1.550200
1,2,122.458601,16.258601,2.472000,2.850400,1.695300
1,2,122.475954,17.353099,3.347600,2.480200,1.751100
1,3,129.595565,16.963400,2.233200,4.685800,2.333200
