Cycle,Round,ReadWallSeconds,UniqueGPUFrameMS,Disjoint
1,1,5.070517,3.777100,0
1,1,5.087123,3.778200,0
1,1,5.103560,4.505300,0
1,1,5.120305,3.743700,0
1,1,5.136850,3.768300,0
1,1,5.153528,4.038300,0
1,1,5.170437,3.795700,0
1,1,5.186826,3.946600,0
1,1,5.203502,3.741100,0
1,1,5.220473,4.386300,0
1,1,5.236898,4.384100,0
1,1,5.253898,3.898200,0
1,1,5.270045,4.041200,0
1,1,5.286949,3.801700,0
1,1,5.303616,3.769700,0
1,1,5.320041,4.348800,0
1,1,5.337100,3.812300,0
1,1,5.353568,4.053000,0
1,1,5.369998,4.986700,0
1,1,5.386870,4.358300,0
1,1,5.403554,3.789700,0
1,1,5.420095,4.427700,0
1,1,5.436974,3.752800,0
1,1,5.453632,3.769500,0
1,1,5.470274,3.991300,0
1,1,5.487016,3.771900,0
1,1,5.504932,3.988100,0
1,1,5.520342,3.943200,0
1,1,5.537117,3.806300,0
1,1,5.553602,4.345200,0
1,1,5.570333,4.036000,0
1,1,5.587258,3.779100,0
1,1,5.603462,4.377900,0
1,1,5.620479,4.103900,0
1,1,5.637164,4.581900,0
1,1,5.653541,3.760400,0
1,1,5.670127,5.348300,0
1,1,5.686984,3.945700,0
1,1,5.703576,3.776500,0
1,1,5.720046,3.830700,0
1,1,5.736891,4.380000,0
1,1,5.753781,4.360500,0
1,1,5.770541,4.429500,0
1,1,5.787446,3.857000,0
1,1,5.803663,3.826500,0
1,1,5.820636,3.950700,0
1,1,5.837125,3.778100,0
1,1,5.853752,3.875300,0
1,1,5.870325,4.035000,0
1,1,5.886960,3.767800,0
1,1,5.903645,4.900000,0
1,1,5.920325,3.786800,0
1,1,5.936921,3.798200,0
1,1,5.953480,4.142500,0
1,1,5.970533,4.353200,0
1,1,5.986885,3.816400,0
1,1,6.003324,3.977800,0
1,1,6.020681,3.797800,0
1,1,6.036918,3.804600,0
1,1,6.053685,3.762200,0
1,1,6.070389,4.115900,0
1,1,6.086990,3.844200,0
1,1,6.103607,4.381000,0
1,1,6.120138,4.374700,0
1,1,6.136945,3.797200,0
1,1,6.153700,4.842800,0
1,1,6.170378,4.338300,0
1,1,6.187192,4.400400,0
1,1,6.203504,3.736200,0
1,1,6.220289,4.010400,0
1,1,6.237556,3.781600,0
1,1,6.253428,3.773900,0
1,1,6.270277,4.744800,0
1,1,6.287151,3.982300,0
1,1,6.303562,3.789000,0
1,1,6.320228,3.995000,0
1,1,6.337191,4.366900,0
1,1,6.353567,3.738300,0
1,1,6.370211,5.280900,0
1,1,6.387239,3.757200,0
1,1,6.403874,3.767800,0
1,1,6.420182,3.730000,0
1,1,6.436820,4.212500,0
1,1,6.453772,3.781200,0
1,1,6.470328,4.358100,0
1,1,6.487112,4.145200,0
1,1,6.503766,3.771200,0
1,1,6.520147,3.716000,0
1,1,6.537140,4.492500,0
1,1,6.553543,3.765600,0
1,1,6.570265,4.382500,0
1,1,6.586875,4.811200,0
1,1,6.603555,3.783600,0
1,1,6.620272,3.746000,0
1,1,6.637123,3.760500,0
1,1,6.653868,4.551600,0
1,1,6.670775,3.809200,0
1,1,6.687040,3.732600,0
1,1,6.703740,4.635900,0
1,1,6.720802,3.797000,0
1,1,6.737322,3.767600,0
1,1,6.754302,4.575300,0
1,1,6.770484,3.914300,0
1,1,6.787503,3.730100,0
1,1,6.803891,4.022300,0
1,1,6.820434,4.032700,0
1,1,6.837327,3.888600,0
1,1,6.853743,3.767200,0
1,1,6.870550,5.115400,0
1,1,6.887140,4.392500,0
1,1,6.903771,3.803900,0
1,1,6.920412,4.508400,0
1,1,6.937182,4.487500,0
1,1,6.954299,3.811200,0
1,1,6.970339,4.383200,0
1,1,6.987368,4.620500,0
1,1,7.004201,3.784000,0
1,1,7.020579,4.318700,0
1,1,7.037385,5.405100,0
1,1,7.053981,3.811900,0
1,1,7.070422,4.834500,0
1,1,7.087229,4.985700,0
1,1,7.108491,3.786600,0
1,1,7.120579,3.913700,0
1,1,7.137314,3.777000,0
1,1,7.154001,4.366600,0
1,1,7.170713,3.752300,0
1,1,7.187475,3.754300,0
1,1,7.204221,4.343200,0
1,1,7.220775,3.726100,0
1,1,7.237369,4.390300,0
1,1,7.254342,4.371400,0
1,1,7.270865,3.931700,0
1,1,7.287385,3.945000,0
1,1,7.304388,4.402000,0
1,1,7.320644,4.187700,0
1,1,7.337226,4.837400,0
1,1,7.354086,4.680500,0
1,1,7.370812,3.835900,0
1,1,7.387504,3.774100,0
1,1,7.403900,4.433300,0
1,1,7.420712,4.252600,0
1,1,7.437380,3.714400,0
1,1,7.453968,3.979700,0
1,1,7.470952,3.829500,0
1,1,7.487499,3.882600,0
1,1,7.504014,5.862800,0
1,1,7.520854,4.356800,0
1,1,7.537265,3.817500,0
1,1,7.553754,4.416800,0
1,1,7.570929,3.742100,0
1,1,7.587281,3.807200,0
1,1,7.603983,4.052200,0
1,1,7.621063,3.808300,0
1,1,7.637338,4.339900,0
1,1,7.654137,4.921700,0
1,1,7.670586,4.015400,0
1,1,7.687499,3.947800,0
1,1,7.704373,3.800000,0
1,1,7.720906,4.789200,0
1,1,7.737468,4.450200,0
1,1,7.754166,4.118400,0
1,1,7.770480,3.734400,0
1,1,7.787178,4.360600,0
1,1,7.804105,3.966600,0
1,1,7.820572,3.790600,0
1,1,7.837350,4.061800,0
1,1,7.853895,4.365300,0
1,1,7.870530,4.908000,0
1,1,7.887713,4.074700,0
1,1,7.903680,4.391200,0
1,1,7.920731,4.337000,0
1,1,7.937272,3.803400,0
1,1,7.953879,4.365500,0
1,1,7.970439,3.808200,0
1,1,7.987182,4.805100,0
1,1,8.003784,4.376500,0
1,1,8.020834,3.765800,0
1,1,8.037580,3.823000,0
1,1,8.054215,4.073200,0
1,1,8.070672,3.752400,0
1,1,8.087189,3.795800,0
1,1,8.103761,3.740500,0
1,1,8.120423,4.587900,0
1,1,8.137332,3.797200,0
1,1,8.153876,3.752200,0
1,1,8.170414,3.812800,0
1,1,8.187739,3.745100,0
1,1,8.203875,3.768200,0
1,1,8.220590,4.064700,0
1,1,8.237252,3.760100,0
1,1,8.253994,3.759800,0
1,1,8.270584,5.481600,0
1,1,8.287289,3.754600,0
1,1,8.303833,4.645600,0
1,1,8.320876,3.731800,0
1,1,8.337219,3.753800,0
1,1,8.353990,5.151600,0
1,1,8.370687,3.749100,0
1,1,8.387150,4.655100,0
1,1,8.404127,3.752600,0
1,1,8.420590,3.767000,0
1,1,8.437502,5.226900,0
1,1,8.454193,3.762800,0
1,1,8.470638,4.566100,0
1,1,8.487549,4.357500,0
1,1,8.503913,3.732400,0
1,1,8.520870,4.185500,0
1,1,8.537414,3.768000,0
1,1,8.553982,3.903200,0
1,1,8.570894,5.423000,0
1,1,8.587555,3.756900,0
1,1,8.604198,4.790600,0
1,1,8.621045,3.772100,0
1,1,8.637370,3.835700,0
1,1,8.654072,3.825400,0
1,1,8.670511,3.915900,0
1,1,8.687193,3.889900,0
1,1,8.704030,3.765600,0
1,1,8.720498,4.026100,0
1,1,8.737411,3.755600,0
1,1,8.754020,3.730300,0
1,1,8.770400,3.993300,0
1,1,8.787553,3.758800,0
1,1,8.804267,3.796600,0
1,1,8.820768,3.759600,0
1,1,8.837257,3.745200,0
1,1,8.853871,4.160900,0
1,1,8.870423,3.760200,0
1,1,8.887240,4.950400,0
1,1,8.904190,3.774300,0
1,1,8.920881,3.783300,0
1,1,8.937213,3.743400,0
1,1,8.953781,4.343800,0
1,1,8.970461,3.772100,0
1,1,8.988191,3.761900,0
1,1,9.004417,4.039600,0
1,1,9.021259,4.594600,0
1,1,9.037929,3.903600,0
1,1,9.054365,4.413600,0
1,1,9.070644,3.843500,0
1,1,9.087702,3.796000,0
1,1,9.103898,3.799100,0
1,1,9.121072,3.834500,0
1,1,9.137350,3.778200,0
1,1,9.153805,3.820300,0
1,1,9.172086,4.593200,0
1,1,9.187278,3.665800,0
1,1,9.203961,4.135200,0
1,1,9.220581,4.390000,0
1,1,9.237222,4.278100,0
1,1,9.253853,3.495100,0
1,1,9.270579,3.618700,0
1,1,9.287223,3.588000,0
1,1,9.304090,3.543100,0
1,1,9.320783,3.489000,0
1,1,9.337517,3.634700,0
1,1,9.354281,3.554000,0
1,1,9.370787,4.159200,0
1,1,9.387469,3.755800,0
1,1,9.404559,3.489200,0
1,1,9.420636,3.555700,0
1,1,9.437589,3.891900,0
1,1,9.454595,3.605000,0
1,1,9.470787,4.124100,0
1,1,9.487493,3.611800,0
1,1,9.504242,3.521200,0
1,1,9.520740,4.756900,0
1,1,9.537789,3.602300,0
1,1,9.554166,3.771300,0
1,1,9.570814,4.207800,0
1,1,9.587474,3.511300,0
1,1,9.604194,3.928000,0
1,1,9.620792,3.500400,0
1,1,9.637772,3.548500,0
1,1,9.654425,4.114700,0
1,1,9.670861,3.914700,0
1,1,9.687670,3.819200,0
1,1,9.704215,3.508800,0
1,1,9.720794,4.349100,0
1,1,9.737653,3.679900,0
1,1,9.754439,3.540800,0
1,1,9.771464,4.634200,0
1,1,9.787839,4.597500,0
1,1,9.804568,3.587600,0
1,1,9.821086,3.533800,0
1,1,9.837837,3.448700,0
1,1,9.854588,3.583000,0
1,1,9.871189,4.758000,0
1,1,9.888002,4.615500,0
1,1,9.904556,4.173300,0
1,1,9.921513,4.115600,0
1,1,9.937830,4.563200,0
1,1,9.954465,4.286000,0
1,1,9.971326,3.539900,0
1,1,9.987768,4.469700,0
1,1,10.004685,4.748900,0
1,1,10.021218,4.240500,0
1,1,10.037924,4.184500,0
1,1,10.054886,4.152200,0
1,1,10.071300,3.562900,0
1,1,10.087944,4.270700,0
1,1,10.104572,3.806300,0
1,1,10.121399,3.539000,0
1,1,10.137886,4.185800,0
1,1,10.154448,3.528600,0
1,1,10.171322,3.740500,0
1,1,10.187987,3.643900,0
1,1,10.205046,3.529100,0
1,1,10.221178,3.669900,0
1,1,10.238465,3.516600,0
1,1,10.254482,3.482200,0
1,1,10.271177,3.832400,0
1,1,10.287896,4.150000,0
1,1,10.304835,3.493400,0
1,1,10.321092,3.772600,0
1,1,10.338062,4.690600,0
1,1,10.354347,4.026100,0
1,1,10.371141,3.534100,0
1,1,10.387899,3.520800,0
1,1,10.404474,3.627700,0
1,1,10.421150,3.504100,0
1,1,10.438009,3.531200,0
1,1,10.454572,4.214100,0
1,1,10.471250,3.643600,0
1,1,10.488072,3.504200,0
1,1,10.504467,3.870500,0
1,1,10.521216,3.643900,0
1,1,10.538063,3.516700,0
1,1,10.554580,3.769400,0
1,1,10.571214,4.597400,0
1,1,10.587959,3.521300,0
1,1,10.604439,3.570500,0
1,1,10.621324,4.602500,0
1,1,10.638021,3.524600,0
1,1,10.654681,3.842900,0
1,1,10.671277,3.549800,0
1,1,10.687975,3.544400,0
1,1,10.704452,4.177700,0
1,1,10.721355,3.541200,0
1,1,10.737877,3.521300,0
1,1,10.754411,3.875000,0
1,1,10.771180,4.089300,0
1,1,10.787848,3.527400,0
1,1,10.804448,3.522600,0
1,1,10.821216,4.418500,0
1,1,10.837896,3.561800,0
1,1,10.854544,5.284600,0
1,1,10.871187,4.621000,0
1,1,10.887905,4.140600,0
1,1,10.904580,5.042700,0
1,1,10.921943,4.602100,0
1,1,10.937987,4.107800,0
1,1,10.954762,4.165000,0
1,1,10.971497,3.735700,0
1,1,10.988139,4.013400,0
1,1,11.004689,4.185300,0
1,1,11.021323,3.530800,0
1,1,11.037920,3.691500,0
1,1,11.055065,3.780100,0
1,1,11.071224,3.795000,0
1,1,11.088037,3.618700,0
1,1,11.104985,3.597000,0
1,1,11.121619,4.128100,0
1,1,11.138063,3.722800,0
1,1,11.154698,3.828100,0
1,1,11.171712,4.909500,0
1,1,11.187904,3.571500,0
1,1,11.204507,4.634700,0
1,1,11.221231,3.539600,0
1,1,11.237978,4.664200,0
1,1,11.255169,4.086200,0
1,1,11.271908,3.563300,0
1,1,11.287922,4.106000,0
1,1,11.304595,3.525600,0
1,1,11.321310,3.512300,0
1,1,11.337948,4.298300,0
1,1,11.354502,4.450800,0
1,1,11.371244,3.538900,0
1,1,11.387852,4.209600,0
1,1,11.404565,3.747300,0
1,1,11.421753,3.512900,0
1,1,11.438465,4.400700,0
1,1,11.454548,3.795100,0
1,1,11.471231,3.584700,0
1,1,11.488033,4.332400,0
1,1,11.504612,3.940500,0
1,1,11.521210,3.499400,0
1,1,11.538139,3.505000,0
1,1,11.554607,3.754100,0
1,1,11.571270,4.171600,0
1,1,11.587825,4.147700,0
1,1,11.604596,4.120500,0
1,1,11.621243,4.118300,0
1,1,11.638016,4.161200,0
1,1,11.654944,4.157000,0
1,1,11.671234,3.659900,0
1,1,11.688401,3.477100,0
1,1,11.704563,3.508300,0
1,1,11.721242,3.813000,0
1,1,11.738139,3.539300,0
1,1,11.755537,4.094900,0
1,1,11.771108,4.546600,0
1,1,11.787874,3.566800,0
1,1,11.804558,4.261700,0
1,1,11.821349,4.075300,0
1,1,11.837935,3.541600,0
1,1,11.854506,4.123800,0
1,1,11.871298,4.176800,0
1,1,11.888148,3.803700,0
1,1,11.904626,4.598100,0
1,1,11.921305,3.506700,0
1,1,11.938521,3.482900,0
1,1,11.954691,4.654300,0
1,1,11.971886,4.364100,0
1,1,11.987987,3.568400,0
1,1,12.004521,4.162000,0
1,1,12.021847,3.739400,0
1,1,12.038101,3.745800,0
1,1,12.054814,3.678200,0
1,1,12.071377,4.742000,0
1,1,12.088113,3.539900,0
1,1,12.105333,3.553300,0
1,1,12.121252,4.274900,0
1,1,12.138073,3.478600,0
1,1,12.155270,3.543000,0
1,1,12.171544,3.639700,0
1,1,12.187994,3.545500,0
1,1,12.209394,4.660200,0
1,1,12.221875,4.083600,0
1,1,12.238279,3.798200,0
1,1,12.254855,3.752800,0
1,1,12.271580,3.809000,0
1,1,12.288285,4.073200,0
1,1,12.305059,4.446500,0
1,1,12.321616,4.077600,0
1,1,12.338183,3.779300,0
1,1,12.354774,3.765100,0
1,1,12.371551,4.512200,0
1,1,12.388437,4.771400,0
1,1,12.404956,3.800600,0
1,1,12.421682,4.016700,0
1,1,12.438284,4.374200,0
1,1,12.454896,4.414900,0
1,1,12.471636,4.540100,0
1,1,12.488226,3.773900,0
1,1,12.505120,3.768000,0
1,1,12.521616,3.764900,0
1,1,12.538442,3.727400,0
1,1,12.554805,4.388000,0
1,1,12.571941,3.939100,0
1,1,12.588515,3.765900,0
1,1,12.604845,3.905300,0
1,1,12.621876,3.857600,0
1,1,12.638459,3.745800,0
1,1,12.655048,3.813900,0
1,1,12.671646,3.882700,0
1,1,12.688079,4.902600,0
1,1,12.704979,3.818600,0
1,1,12.721503,4.008600,0
1,1,12.738195,4.972800,0
1,1,12.755567,3.747900,0
1,1,12.771634,4.371500,0
1,1,12.788284,3.895500,0
1,1,12.805424,3.746500,0
1,1,12.821454,4.423000,0
1,1,12.838513,4.407500,0
1,1,12.855163,3.736300,0
1,1,12.871882,3.999700,0
1,1,12.888307,4.525400,0
1,1,12.904965,3.761700,0
1,1,12.921628,3.886200,0
1,1,12.938263,4.234400,0
1,1,12.954864,4.375900,0
1,1,12.973403,3.829500,0
1,1,12.988272,3.973000,0
1,1,13.005219,4.009000,0
1,1,13.021598,4.077300,0
1,1,13.038223,3.750200,0
1,1,13.054964,3.753100,0
1,1,13.071814,4.036500,0
1,1,13.088890,3.924000,0
1,1,13.105012,3.748900,0
1,1,13.121526,3.770400,0
1,1,13.138192,4.048500,0
1,1,13.155015,3.792900,0
1,1,13.171378,3.767100,0
1,1,13.188224,3.752400,0
1,1,13.205258,4.006200,0
1,1,13.221384,3.741500,0
1,1,13.238486,3.830700,0
1,1,13.255273,3.766800,0
1,1,13.271496,3.783000,0
1,1,13.288279,4.619400,0
1,1,13.305047,4.391600,0
1,1,13.322029,3.735200,0
1,1,13.338360,3.967600,0
1,1,13.354918,4.234200,0
1,1,13.371681,4.389100,0
1,1,13.388826,4.001300,0
1,1,13.404946,3.989900,0
1,1,13.421850,3.790900,0
1,1,13.438496,4.379500,0
1,1,13.455254,4.011600,0
1,1,13.471794,3.757400,0
1,1,13.488360,3.772500,0
1,1,13.505332,3.796600,0
1,1,13.522266,3.851400,0
1,1,13.538729,4.022500,0
1,1,13.555097,4.376700,0
1,1,13.571972,4.007100,0
1,1,13.588508,4.576000,0
1,1,13.605096,4.292000,0
1,1,13.621733,4.499200,0
1,1,13.638732,3.773300,0
1,1,13.655271,3.774600,0
1,1,13.671860,4.031300,0
1,1,13.688529,4.808400,0
1,1,13.705084,4.852900,0
1,1,13.722074,4.137100,0
1,1,13.738500,4.347000,0
1,1,13.755002,3.763900,0
1,1,13.771752,4.831500,0
1,1,13.788735,3.796300,0
1,1,13.804988,3.787000,0
1,1,13.821656,3.710200,0
1,1,13.838480,3.730500,0
1,1,13.855311,3.992000,0
1,1,13.871793,4.026700,0
1,1,13.888595,3.819300,0
1,1,13.904988,4.031200,0
1,1,13.921921,4.567700,0
1,1,13.938708,3.974800,0
1,1,13.955456,4.016200,0
1,1,13.971797,4.005800,0
1,1,13.988659,4.342800,0
1,1,14.005447,3.739900,0
1,1,14.021926,3.839500,0
1,1,14.038515,4.452000,0
1,1,14.055143,4.007900,0
1,1,14.071806,4.139800,0
1,1,14.088473,3.727800,0
1,1,14.105350,5.091700,0
1,1,14.121814,3.876400,0
1,1,14.138551,4.400400,0
1,1,14.155272,3.798400,0
1,1,14.171766,4.957000,0
1,1,14.188407,3.794200,0
1,1,14.205354,3.755100,0
1,1,14.221919,3.765000,0
1,1,14.238513,4.386500,0
1,1,14.255852,3.773900,0
1,1,14.272126,3.871400,0
1,1,14.288411,4.569200,0
1,1,14.305145,3.755000,0
1,1,14.321792,3.778900,0
1,1,14.338602,4.410500,0
1,1,14.355437,4.181100,0
1,1,14.372168,3.767900,0
1,1,14.388903,3.799400,0
1,1,14.405147,4.042900,0
1,1,14.421762,3.748000,0
1,1,14.438567,4.345500,0
1,1,14.455212,5.535500,0
1,1,14.471803,3.743300,0
1,1,14.488526,3.798000,0
1,1,14.505310,3.743000,0
1,1,14.521815,4.169900,0
1,1,14.538402,4.003200,0
1,1,14.555243,3.773200,0
1,1,14.572008,3.739800,0
1,1,14.588567,4.932200,0
1,1,14.605748,3.807100,0
1,1,14.622038,4.327100,0
1,1,14.638561,4.543300,0
1,1,14.655173,3.932300,0
1,1,14.672093,3.827800,0
1,1,14.688760,4.035600,0
1,1,14.705290,4.765900,0
1,1,14.721938,4.052500,0
1,1,14.738626,3.800800,0
1,1,14.755087,3.741200,0
1,1,14.772109,3.820600,0
1,1,14.788706,4.404200,0
1,1,14.805080,5.018800,0
1,1,14.822004,4.361500,0
1,1,14.838659,3.897900,0
1,1,14.855219,3.940200,0
1,1,14.871966,3.776200,0
1,1,14.888591,4.438500,0
1,1,14.905323,3.750700,0
1,1,14.922395,3.734700,0
1,1,14.938520,4.816700,0
1,1,14.955133,3.741900,0
1,1,14.971933,3.776900,0
1,1,14.988435,3.767700,0
1,1,15.005112,3.746000,0
1,1,15.021917,4.075500,0
1,1,15.038596,3.778200,0
1,1,15.055335,3.744200,0
1,1,15.071836,3.967400,0
1,1,15.088928,4.713100,0
1,1,15.105135,3.839800,0
1,1,15.121863,4.107400,0
1,1,15.138467,4.391400,0
1,1,15.155274,3.746900,0
1,1,15.171771,3.850500,0
1,1,15.188416,4.605600,0
1,1,15.205334,3.889300,0
1,1,15.222010,3.784900,0
1,1,15.238504,4.228900,0
1,1,15.255305,3.823800,0
1,1,15.271911,3.860700,0
1,1,15.288415,4.044900,0
1,1,15.305216,4.834700,0
1,1,15.321912,3.925000,0
1,1,15.338480,3.843700,0
1,1,15.355242,4.983200,0
1,1,15.371806,4.357900,0
1,1,15.388670,4.400000,0
1,1,15.405167,4.425600,0
1,1,15.421802,3.747900,0
1,1,15.438691,4.396900,0
1,1,15.455454,4.429600,0
1,1,15.471775,3.781900,0
1,1,15.488578,3.786500,0
1,1,15.505233,3.774400,0
1,1,15.522103,4.275300,0
1,1,15.538624,3.764100,0
1,1,15.555226,4.338800,0
1,1,15.571721,4.087500,0
1,1,15.588644,3.967400,0
1,1,15.605330,4.866400,0
1,1,15.621921,4.547100,0
1,1,15.638601,4.519800,0
1,1,15.655223,3.764400,0
1,1,15.671873,4.396100,0
1,1,15.688512,3.759400,0
1,1,15.705392,3.751600,0
1,1,15.721766,3.765600,0
1,1,15.738832,4.517800,0
1,1,15.755240,3.929300,0
1,1,15.771931,3.826800,0
1,1,15.788797,3.732400,0
1,1,15.805373,4.672300,0
1,1,15.821766,4.550400,0
1,1,15.838544,3.786200,0
1,1,15.855188,4.350600,0
1,1,15.871893,3.824700,0
1,1,15.888761,3.923300,0
1,1,15.905449,4.027800,0
1,1,15.922193,4.006900,0
1,1,15.938488,3.726700,0
1,1,15.955159,3.744700,0
1,1,15.971942,4.411100,0
1,1,15.988871,4.499900,0
1,1,16.005470,3.762000,0
1,1,16.021937,3.845800,0
1,1,16.038984,3.884800,0
1,1,16.055531,4.315900,0
1,1,16.071825,5.076900,0
1,1,16.088815,3.779500,0
1,1,16.105287,4.189100,0
1,1,16.121854,3.992800,0
1,1,16.138616,3.766500,0
1,1,16.155724,4.016300,0
1,1,16.172048,4.530300,0
1,1,16.188614,3.767200,0
1,1,16.205699,4.316400,0
1,1,16.222068,3.727300,0
1,1,16.238659,3.753400,0
1,1,16.255430,4.114000,0
1,1,16.271862,3.713400,0
1,1,16.288609,3.889000,0
1,1,16.305310,3.742000,0
1,1,16.321942,3.999900,0
1,1,16.339046,4.000300,0
1,1,16.355162,4.832100,0
1,1,16.372087,3.778500,0
1,1,16.388505,4.004600,0
1,1,16.405310,4.275300,0
1,1,16.422033,3.860300,0
1,1,16.438770,4.413500,0
1,1,16.455299,4.404700,0
1,1,16.471945,4.588500,0
1,1,16.488555,3.871300,0
1,1,16.505210,4.235400,0
1,1,16.521797,4.456800,0
1,1,16.539077,3.765200,0
1,1,16.555229,3.847500,0
1,1,16.572612,4.583200,0
1,1,16.588669,3.749200,0
1,1,16.605364,3.868400,0
1,1,16.622154,3.741100,0
1,1,16.640149,3.726300,0
1,1,16.655426,3.833900,0
1,1,16.672219,4.473100,0
1,1,16.688654,3.808100,0
1,1,16.705407,4.376500,0
1,1,16.722151,3.762200,0
1,1,16.738607,3.802300,0
1,1,16.755789,4.369000,0
1,1,16.772997,3.751300,0
1,1,16.788744,3.959900,0
1,1,16.805466,3.853400,0
1,1,16.822014,3.747700,0
1,1,16.838599,4.366100,0
1,1,16.855447,3.930800,0
1,1,16.872038,3.773300,0
1,1,16.888622,3.991400,0
1,1,16.905425,3.827900,0
1,1,16.922038,4.528100,0
1,1,16.938857,4.528900,0
1,1,16.955376,3.999500,0
1,1,16.972226,3.987600,0
1,1,16.989271,4.854500,0
1,1,17.005249,3.828100,0
1,1,17.022034,3.752100,0
1,1,17.038674,4.367300,0
1,1,17.055447,3.930400,0
1,1,17.071997,4.288500,0
1,1,17.088650,4.378300,0
1,1,17.105328,5.481700,0
1,1,17.121929,3.766000,0
1,1,17.139439,4.406200,0
1,1,17.155383,3.766000,0
1,1,17.172292,4.014800,0
1,1,17.188547,3.783200,0
1,1,17.205323,4.186800,0
1,1,17.222017,4.376400,0
1,1,17.238522,3.737500,0
1,1,17.255418,3.772800,0
1,1,17.272088,4.365000,0
1,1,17.292333,3.750200,0
1,1,17.305436,3.822200,0
1,1,17.322146,5.373100,0
1,1,17.339310,3.736600,0
1,1,17.355462,3.912100,0
1,1,17.372579,3.802600,0
1,1,17.389059,3.744800,0
1,1,17.405412,4.092200,0
1,1,17.422246,4.507300,0
1,1,17.439130,3.748600,0
1,1,17.455431,4.616800,0
1,1,17.472200,3.925100,0
1,1,17.488852,4.618600,0
1,1,17.505455,4.788500,0
1,1,17.522064,3.776200,0
1,1,17.538728,4.947900,0
1,1,17.555483,3.768000,0
1,1,17.571840,4.296100,0
1,1,17.588619,4.452900,0
1,1,17.605278,3.792100,0
1,1,17.622204,3.746100,0
1,1,17.639043,4.416600,0
1,1,17.655282,4.392000,0
1,1,17.672240,3.763100,0
1,1,17.688603,4.909100,0
1,1,17.705380,4.097500,0
1,1,17.722025,3.797200,0
1,1,17.739019,3.770200,0
1,1,17.755253,4.571800,0
1,1,17.772341,3.904500,0
1,1,17.789552,3.794800,0
1,1,17.805259,4.461800,0
1,1,17.822405,3.934800,0
1,1,17.838796,3.763400,0
1,1,17.855372,4.053900,0
1,1,17.872093,4.849900,0
1,1,17.888886,4.611200,0
1,1,17.905394,4.410100,0
1,1,17.921935,3.714000,0
1,1,17.938806,3.764300,0
1,1,17.955296,4.387600,0
1,1,17.972027,4.579300,0
1,1,17.988711,4.264000,0
1,1,18.005295,4.062600,0
1,1,18.021996,4.929400,0
1,1,18.038758,3.785300,0
1,1,18.055474,3.771300,0
1,1,18.071934,5.452500,0
1,1,18.088810,3.879000,0
1,1,18.105520,3.766100,0
1,1,18.122873,4.386200,0
1,1,18.138763,3.754400,0
1,1,18.155560,4.558700,0
1,1,18.171994,4.384100,0
1,1,18.188657,3.754900,0
1,1,18.205487,3.821300,0
1,1,18.221884,3.834000,0
1,1,18.238644,3.775000,0
1,1,18.255445,3.736400,0
1,1,18.271931,4.375300,0
1,1,18.288628,3.768100,0
1,1,18.305332,3.756900,0
1,1,18.322114,3.786900,0
1,1,18.338834,3.756900,0
1,1,18.355253,3.862000,0
1,1,18.372075,4.377000,0
1,1,18.388624,4.368600,0
1,1,18.405330,3.734500,0
1,1,18.422020,3.762800,0
1,1,18.438980,4.087400,0
1,1,18.455237,4.379100,0
1,1,18.472098,3.814400,0
1,1,18.488770,4.393400,0
1,1,18.505416,3.765000,0
1,1,18.522109,3.828200,0
1,1,18.538787,3.749300,0
1,1,18.555378,3.835900,0
1,1,18.572584,4.002000,0
1,1,18.589124,3.967800,0
1,1,18.605420,3.905800,0
1,1,18.621950,3.762500,0
1,1,18.638773,4.323900,0
1,1,18.655624,3.775400,0
1,1,18.671908,3.799300,0
1,1,18.688857,4.911900,0
1,1,18.705308,4.048300,0
1,1,18.722007,3.977000,0
1,1,18.738559,3.754800,0
1,1,18.755342,4.362900,0
1,1,18.771922,4.428600,0
1,1,18.788570,3.787800,0
1,1,18.805297,4.390500,0
1,1,18.821909,4.859800,0
1,1,18.838645,3.745500,0
1,1,18.855353,4.145900,0
1,1,18.871964,3.783200,0
1,1,18.888903,3.783100,0
1,1,18.905357,3.762900,0
1,1,18.922007,3.901800,0
1,1,18.938885,3.776100,0
1,1,18.955299,4.447100,0
1,1,18.971953,3.775200,0
1,1,18.988767,4.337500,0
1,1,19.005633,4.866600,0
1,1,19.022206,3.861500,0
1,1,19.038836,3.782000,0
1,1,19.055259,4.081700,0
1,1,19.072276,3.752600,0
1,1,19.088733,4.381600,0
1,1,19.105469,3.765900,0
1,1,19.122157,3.762100,0
1,1,19.138812,3.748300,0
1,1,19.155710,3.788000,0
1,1,19.172104,4.306600,0
1,1,19.188769,4.034400,0
1,1,19.205444,3.739900,0
1,1,19.222029,3.764400,0
1,1,19.238818,3.795400,0
1,1,19.255655,3.740200,0
1,1,19.272033,4.038500,0
1,1,19.288783,3.854300,0
1,1,19.305363,3.752900,0
1,1,19.322189,3.988700,0
1,1,19.339507,4.396200,0
1,1,19.355562,3.778900,0
1,1,19.371976,4.439000,0
1,1,19.389314,4.579400,0
1,1,19.405510,3.781900,0
1,1,19.422056,3.984600,0
1,1,19.438821,3.871000,0
1,1,19.455451,3.783800,0
1,1,19.472101,3.829800,0
1,1,19.488655,3.751100,0
1,1,19.505345,4.611500,0
1,1,19.522081,4.452500,0
1,1,19.538614,4.034500,0
1,1,19.555343,3.749000,0
1,1,19.572053,3.730100,0
1,1,19.588826,4.027000,0
1,1,19.605363,3.763200,0
1,1,19.622325,4.682000,0
1,1,19.638846,4.367200,0
1,1,19.655605,3.772500,0
1,1,19.672155,4.369000,0
1,1,19.688733,3.921100,0
1,1,19.705358,3.823200,0
1,1,19.722238,3.780000,0
1,1,19.738959,4.252500,0
1,1,19.755535,3.848400,0
1,1,19.772306,4.023900,0
1,1,19.788664,4.779600,0
1,1,19.805655,4.363700,0
1,1,19.822109,3.780700,0
1,1,19.838752,3.959700,0
1,1,19.855754,3.719300,0
1,1,19.872082,4.218900,0
1,1,19.888650,4.176100,0
1,1,19.905450,3.784300,0
1,1,19.922161,4.393900,0
1,1,19.938815,4.364200,0
1,1,19.955362,4.210600,0
1,1,19.971988,3.978400,0
1,1,19.988817,3.770700,0
1,1,20.005315,5.494100,0
1,1,20.022047,4.435700,0
1,1,20.038684,3.970200,0
1,1,20.055476,3.760000,0
1,1,20.071959,3.741700,0
1,1,20.088940,4.558000,0
1,1,20.105607,4.060800,0
1,1,20.122034,3.917600,0
1,1,20.138810,4.829400,0
1,1,20.155599,4.642200,0
1,1,20.172193,4.715800,0
1,1,20.188693,4.025800,0
1,1,20.205558,3.762300,0
1,1,20.221885,4.074900,0
1,1,20.238802,3.743700,0
1,1,20.255745,3.780900,0
1,1,20.272299,4.157000,0
1,1,20.288729,3.736100,0
1,1,20.305471,4.331300,0
1,1,20.322078,4.086200,0
1,1,20.338918,3.794800,0
1,1,20.355327,4.363400,0
1,1,20.372035,3.984100,0
1,1,20.388704,3.934300,0
1,1,20.405287,4.294800,0
1,1,20.422077,3.738600,0
1,1,20.438733,3.835800,0
1,1,20.455882,4.139600,0
1,1,20.472255,4.009800,0
1,1,20.488697,4.178300,0
1,1,20.505471,4.498400,0
1,1,20.522174,4.306200,0
1,1,20.538838,4.835700,0
1,1,20.555388,4.750800,0
1,1,20.572132,4.075600,0
1,1,20.588807,3.758300,0
1,1,20.605540,3.964200,0
1,1,20.622105,4.855600,0
1,1,20.639399,3.779300,0
1,1,20.655479,4.015900,0
1,1,20.672410,5.486000,0
1,1,20.688873,3.785300,0
1,1,20.705273,3.840800,0
1,1,20.721969,3.758400,0
1,1,20.738869,3.775100,0
1,1,20.755333,3.763300,0
1,1,20.772294,3.716300,0
1,1,20.788951,3.707800,0
1,1,20.805339,4.925100,0
1,1,20.822151,4.351600,0
1,1,20.838818,3.745600,0
1,1,20.855379,3.823700,0
1,1,20.872583,3.754100,0
1,1,20.888855,3.724300,0
1,1,20.905391,4.311000,0
1,1,20.922290,3.759300,0
1,1,20.938779,3.817500,0
1,1,20.955317,4.937500,0
1,1,20.972302,3.746100,0
1,1,20.988777,3.807600,0
1,1,21.005661,4.034700,0
1,1,21.022374,3.747100,0
1,1,21.038771,4.015600,0
1,1,21.055362,5.574100,0
1,1,21.072228,3.758500,0
1,1,21.088715,3.760700,0
1,1,21.105331,4.533200,0
1,1,21.122223,3.761700,0
1,1,21.138757,3.768700,0
1,1,21.155737,3.786100,0
1,1,21.172038,3.733400,0
1,1,21.188827,3.905000,0
1,1,21.206050,3.772800,0
1,1,21.222242,4.954400,0
1,1,21.239117,4.903300,0
1,1,21.255952,3.739400,0
1,1,21.272298,5.288400,0
1,1,21.289059,4.293700,0
1,1,21.305899,3.761100,0
1,1,21.322244,4.160000,0
1,1,21.339438,3.712500,0
1,1,21.355754,3.753400,0
1,1,21.372274,4.386800,0
1,1,21.389113,4.385400,0
1,1,21.405750,3.783900,0
1,1,21.422349,3.999300,0
1,1,21.439051,4.791400,0
1,1,21.456224,3.772000,0
1,1,21.472292,4.614100,0
1,1,21.489038,4.672900,0
1,1,21.505901,3.809100,0
1,1,21.522311,4.608300,0
1,1,21.539073,4.851300,0
1,1,21.555791,3.753300,0
1,1,21.572211,3.785600,0
1,1,21.588997,3.733800,0
1,1,21.605908,4.382400,0
1,1,21.622212,4.439800,0
1,1,21.639200,4.817500,0
1,1,21.655834,3.766200,0
1,1,21.672363,3.850200,0
1,1,21.689105,3.747300,0
1,1,21.705881,3.821600,0
1,1,21.722318,3.739000,0
1,1,21.739057,4.589000,0
1,1,21.755700,3.797700,0
1,1,21.772926,4.367500,0
1,1,21.789084,3.792200,0
1,1,21.805543,3.991600,0
1,1,21.822565,3.728800,0
1,1,21.839071,3.789800,0
1,1,21.855692,3.793700,0
1,1,21.872531,3.738000,0
1,1,21.889035,3.796300,0
1,1,21.905746,4.420000,0
1,1,21.922378,4.359900,0
1,1,21.939144,3.797300,0
1,1,21.955622,4.833300,0
1,1,21.972348,4.329000,0
1,1,21.989048,3.798000,0
1,1,22.005647,3.778900,0
1,1,22.022541,4.815800,0
1,1,22.039239,3.796400,0
1,1,22.055716,3.732500,0
1,1,22.072392,3.969100,0
1,1,22.089465,3.989000,0
1,1,22.106249,4.309500,0
1,1,22.122379,3.754400,0
1,1,22.139187,4.812000,0
1,1,22.156117,3.748900,0
1,1,22.172445,3.787500,0
1,1,22.188990,3.760700,0
1,1,22.205989,3.710000,0
1,1,22.222442,3.771600,0
1,1,22.239068,3.758300,0
1,1,22.256104,4.303300,0
1,1,22.272486,3.810600,0
1,1,22.288962,4.601300,0
1,1,22.305876,3.768500,0
1,1,22.322440,3.872000,0
1,1,22.339230,4.797600,0
1,1,22.360081,3.754500,0
1,1,22.372486,3.803900,0
1,1,22.389252,3.778600,0
1,1,22.405922,3.764900,0
1,1,22.422489,4.433600,0
1,1,22.439497,3.731200,0
1,1,22.455928,3.793000,0
1,1,22.472595,3.998500,0
1,1,22.489486,3.739000,0
1,1,22.505984,3.771500,0
1,1,22.522628,4.530100,0
1,1,22.539281,3.751500,0
1,1,22.555951,4.722200,0
1,1,22.572979,4.043900,0
1,1,22.589228,3.807200,0
1,1,22.605994,4.944100,0
1,1,22.622549,3.955600,0
1,1,22.639126,3.755000,0
1,1,22.655773,4.509600,0
1,1,22.672402,3.766500,0
1,1,22.689153,3.799000,0
1,1,22.705908,3.790700,0
1,1,22.722449,3.745900,0
1,1,22.739138,4.210300,0
1,1,22.756034,3.767500,0
1,1,22.772404,3.780600,0
1,1,22.789021,3.963500,0
1,1,22.805953,3.777600,0
1,1,22.822419,3.801700,0
1,1,22.839370,3.969400,0
1,1,22.855929,3.781200,0
1,1,22.872333,3.800500,0
1,1,22.889173,4.842200,0
1,1,22.905806,3.763700,0
1,1,22.922334,4.005000,0
1,1,22.939123,4.384400,0
1,1,22.955761,4.400700,0
1,1,22.972828,4.424200,0
1,1,22.989043,3.930300,0
1,1,23.005934,3.802600,0
1,1,23.022469,4.393700,0
1,1,23.039227,4.003900,0
1,1,23.055706,3.983700,0
1,1,23.072450,3.739700,0
1,1,23.089100,3.813600,0
1,1,23.105770,3.742600,0
1,1,23.122423,3.773900,0
1,1,23.139137,3.769200,0
1,1,23.155660,4.351300,0
1,1,23.172330,3.950000,0
1,1,23.189049,3.744500,0
1,1,23.205699,3.752800,0
1,1,23.222445,4.474200,0
1,1,23.239359,3.769900,0
1,1,23.255893,3.750300,0
1,1,23.272631,5.012500,0
1,1,23.289124,3.791800,0
1,1,23.305787,3.958900,0
1,1,23.322696,3.769700,0
1,1,23.339028,3.775700,0
1,1,23.356025,3.884400,0
1,1,23.373147,3.772300,0
1,1,23.389131,4.548800,0
1,1,23.405948,3.910700,0
1,1,23.422437,3.979900,0
1,1,23.439080,3.866800,0
1,1,23.455800,4.351800,0
1,1,23.472497,4.304300,0
1,1,23.489087,4.389700,0
1,1,23.505668,3.743700,0
1,1,23.522782,4.168600,0
1,1,23.539105,3.770500,0
1,1,23.555736,3.758500,0
1,1,23.572302,3.747600,0
1,1,23.589074,3.761000,0
1,1,23.605856,4.408200,0
1,1,23.622636,4.405500,0
1,1,23.639281,3.829900,0
1,1,23.656343,3.858700,0
1,1,23.672885,3.825200,0
1,1,23.689240,3.901700,0
1,1,23.705812,3.965300,0
1,1,23.723132,4.484300,0
1,1,23.739279,3.863700,0
1,1,23.756337,4.041700,0
1,1,23.772537,3.803900,0
1,1,23.789268,4.078500,0
1,1,23.806117,3.954900,0
1,1,23.822767,4.769500,0
1,1,23.839604,3.839600,0
1,1,23.855969,4.060100,0
1,1,23.873019,3.973500,0
1,1,23.889350,3.893600,0
1,1,23.906115,3.778400,0
1,1,23.922572,3.988300,0
1,1,23.939522,4.778000,0
1,1,23.955834,3.821900,0
1,1,23.972580,4.101000,0
1,1,23.989277,4.482200,0
1,1,24.006001,4.113700,0
1,1,24.025347,4.007600,0
1,1,24.039355,4.255000,0
1,1,24.055912,4.603000,0
1,1,24.073175,3.886600,0
1,1,24.089452,3.962400,0
1,1,24.105777,4.485900,0
1,1,24.122571,3.866400,0
1,1,24.139273,4.432900,0
1,1,24.156034,3.861500,0
1,1,24.172859,4.403700,0
1,1,24.189387,5.054700,0
1,1,24.205980,5.442400,0
1,1,24.222632,3.986000,0
1,1,24.239704,3.773500,0
1,1,24.256244,4.829200,0
1,1,24.272550,5.049100,0
1,1,24.289529,3.757800,0
1,1,24.305901,3.776100,0
1,1,24.322834,3.760500,0
1,1,24.339691,3.766200,0
1,1,24.355951,3.913600,0
1,1,24.372674,3.772500,0
1,1,24.389221,3.790500,0
1,1,24.405934,3.832400,0
1,1,24.422609,3.740000,0
1,1,24.439150,4.371400,0
1,1,24.455883,3.779900,0
1,1,24.473673,3.761100,0
1,1,24.489209,4.234400,0
1,1,24.506434,3.738400,0
1,1,24.522534,3.794300,0
1,1,24.539377,3.973900,0
1,1,24.555878,3.854200,0
1,1,24.572473,3.846400,0
1,1,24.589405,3.928900,0
1,1,24.606034,4.433700,0
1,1,24.622853,3.854500,0
1,1,24.639131,4.733200,0
1,1,24.656093,4.724600,0
1,1,24.672940,4.347100,0
1,1,24.689635,3.799100,0
1,1,24.706387,3.734600,0
1,1,24.723013,3.810200,0
1,1,24.739596,3.928700,0
1,1,24.757516,3.773200,0
1,1,24.773032,3.781500,0
1,1,24.789816,3.959500,0
1,1,24.806473,3.787900,0
1,1,24.822861,4.067600,0
1,1,24.840043,3.767700,0
1,1,24.856599,3.778500,0
1,1,24.873056,3.894800,0
1,1,24.889979,4.361100,0
1,1,24.906442,3.891500,0
1,1,24.923378,4.002200,0
1,1,24.939777,3.795200,0
1,1,24.956790,4.067300,0
1,1,24.973156,3.815100,0
1,1,24.990133,4.126400,0
1,1,25.006660,3.793800,0
1,1,25.022840,4.429200,0
1,1,25.040316,4.342500,0
1,1,25.056156,3.803000,0
1,1,25.072958,4.673300,0
1,1,25.089690,3.747600,0
1,1,25.106184,3.772200,0
1,1,25.123306,4.412400,0
1,1,25.139903,4.400300,0
1,1,25.156154,4.612700,0
1,1,25.173610,3.783600,0
1,1,25.189651,3.811400,0
1,1,25.206647,4.238100,0
1,1,25.223248,4.401700,0
1,1,25.240115,4.012300,0
1,1,25.256921,4.713600,0
1,1,25.273998,3.910400,0
1,1,25.289787,4.104500,0
1,1,25.306632,3.787200,0
1,1,25.322991,4.094000,0
1,1,25.340623,4.432300,0
1,1,25.356359,3.768100,0
1,1,25.373204,3.887400,0
1,1,25.389957,3.790100,0
1,1,25.406401,4.013300,0
1,1,25.423309,4.145800,0
1,1,25.440031,3.748800,0
1,1,25.456701,4.020000,0
1,1,25.473232,4.443500,0
1,1,25.489531,3.933600,0
1,1,25.506529,4.417000,0
1,1,25.523460,4.555800,0
1,1,25.539640,4.060900,0
1,1,25.556428,3.818900,0
1,1,25.573275,4.395400,0
1,1,25.589544,4.073500,0
1,1,25.606278,3.778700,0
1,1,25.623107,3.772200,0
1,1,25.639764,4.417000,0
1,1,25.656493,3.927100,0
1,1,25.673254,3.776600,0
1,1,25.689591,4.399400,0
1,1,25.706396,3.767700,0
1,1,25.723139,4.343200,0
1,1,25.739458,4.864100,0
1,1,25.756198,3.846500,0
1,1,25.772894,3.768200,0
1,1,25.789626,4.302600,0
1,1,25.806915,3.755500,0
1,1,25.822996,3.741400,0
1,1,25.839765,4.907500,0
1,1,25.856471,4.353800,0
1,1,25.872762,4.508900,0
1,1,25.890292,4.400400,0
1,1,25.906423,4.347200,0
1,1,25.922870,4.311800,0
1,1,25.940048,3.738000,0
1,1,25.956719,3.737300,0
1,1,25.973534,4.988200,0
1,1,25.990026,4.779300,0
1,1,26.006545,3.759600,0
1,1,26.023334,4.647500,0
1,1,26.040017,3.742400,0
1,1,26.056554,3.801900,0
1,1,26.073267,3.741900,0
1,1,26.090118,3.717000,0
1,1,26.106380,4.017200,0
1,1,26.123354,3.828600,0
1,1,26.139988,3.795100,0
1,1,26.157011,3.742400,0
1,1,26.173237,4.634200,0
1,1,26.189780,4.379100,0
1,1,26.206588,4.001300,0
1,1,26.223337,4.861100,0
1,1,26.239843,3.812300,0
1,1,26.256511,3.788800,0
1,1,26.273227,4.408000,0
1,1,26.289713,4.367500,0
1,1,26.306458,3.802100,0
1,1,26.323073,3.767400,0
1,1,26.340246,3.823700,0
1,1,26.356369,4.426000,0
1,1,26.373314,5.392800,0
1,1,26.389865,3.777300,0
1,1,26.406394,4.272400,0
1,1,26.424195,4.824700,0
1,1,26.439758,3.790300,0
1,1,26.456433,3.803000,0
1,1,26.473116,4.795000,0
1,1,26.489661,4.995900,0
1,1,26.506801,3.779000,0
1,1,26.523264,4.334100,0
1,1,26.539749,4.437600,0
1,1,26.556329,3.765300,0
1,1,26.573097,3.729900,0
1,1,26.589824,4.409000,0
1,1,26.607397,3.796100,0
1,1,26.623495,3.776900,0
1,1,26.640588,3.778600,0
1,1,26.656988,4.400800,0
1,1,26.673806,4.205300,0
1,1,26.690414,3.759600,0
1,1,26.706911,4.548100,0
1,1,26.723648,4.040300,0
1,1,26.740447,3.747100,0
1,1,26.757177,4.093400,0
1,1,26.774209,3.935800,0
1,1,26.790443,3.777100,0
1,1,26.807088,4.281100,0
1,1,26.823517,3.765500,0
1,1,26.840173,3.822000,0
1,1,26.856838,4.380800,0
1,1,26.873663,4.362900,0
1,1,26.890293,4.120600,0
1,1,26.906965,3.768300,0
1,1,26.923669,3.768700,0
1,1,26.940439,4.420200,0
1,1,26.956935,4.381100,0
1,1,26.973711,4.525700,0
1,1,26.990273,3.779800,0
1,1,27.007126,4.510300,0
1,1,27.023502,3.748800,0
1,1,27.040333,4.408400,0
1,1,27.056956,4.527900,0
1,1,27.073905,3.782300,0
1,1,27.090251,3.765300,0
1,1,27.107445,4.840500,0
1,1,27.123824,3.755700,0
1,1,27.140503,4.024900,0
1,1,27.157250,4.811500,0
1,1,27.173765,4.111400,0
1,1,27.190459,3.787100,0
1,1,27.207100,3.780500,0
1,1,27.223761,4.885700,0
1,1,27.240718,4.012500,0
1,1,27.257123,3.734300,0
1,1,27.273758,3.943500,0
1,1,27.290527,3.756600,0
1,1,27.307171,4.148600,0
1,1,27.323812,4.019900,0
1,1,27.340556,3.893300,0
1,1,27.357128,4.010400,0
1,1,27.373726,3.756900,0
1,1,27.390358,4.817300,0
1,1,27.407189,4.853900,0
1,1,27.423754,4.301400,0
1,1,27.440278,3.766400,0
1,1,27.456986,3.770400,0
1,1,27.473643,3.748900,0
1,1,27.494621,4.524600,0
1,1,27.507265,3.990500,0
1,1,27.523776,3.761800,0
1,1,27.540491,4.398800,0
1,1,27.557476,3.765200,0
1,1,27.573814,4.384300,0
1,1,27.590525,4.008500,0
1,1,27.607434,3.761200,0
1,1,27.623843,4.502200,0
1,1,27.640865,3.777600,0
1,1,27.657440,3.778600,0
1,1,27.673972,4.769000,0
1,1,27.691004,3.801200,0
1,1,27.707283,3.744900,0
1,1,27.724179,3.765000,0
1,1,27.740753,3.930500,0
1,1,27.756897,3.802100,0
1,1,27.773954,3.807100,0
1,1,27.790767,3.779300,0
1,1,27.807527,3.999100,0
1,1,27.823821,3.745400,0
1,1,27.840301,4.684000,0
1,1,27.857153,3.887500,0
1,1,27.873833,3.739600,0
1,1,27.890345,4.069900,0
1,1,27.907016,4.212000,0
1,1,27.923640,3.872900,0
1,1,27.940453,4.018900,0
1,1,27.957047,3.767400,0
1,1,27.973943,3.802200,0
1,1,27.990344,4.041900,0
1,1,28.007026,4.482100,0
1,1,28.023587,4.405800,0
1,1,28.040726,3.784700,0
1,1,28.057050,3.770400,0
1,1,28.073762,4.772000,0
1,1,28.090467,3.782200,0
1,1,28.106999,4.384700,0
1,1,28.123808,3.758500,0
1,1,28.140238,3.862200,0
1,1,28.156872,4.759000,0
1,1,28.173827,4.323500,0
1,1,28.190225,3.765300,0
1,1,28.207351,4.814500,0
1,1,28.223803,3.746600,0
1,1,28.240403,3.791300,0
1,1,28.257712,3.767000,0
1,1,28.273833,3.750000,0
1,1,28.290312,3.971900,0
1,1,28.307172,4.513400,0
1,1,28.323759,3.935700,0
1,1,28.340482,4.825900,0
1,1,28.357183,4.243100,0
1,1,28.373775,4.362100,0
1,1,28.390947,3.819800,0
1,1,28.407096,3.750700,0
1,1,28.423768,3.722400,0
1,1,28.440496,4.032700,0
1,1,28.457082,3.744200,0
1,1,28.473796,3.803400,0
1,1,28.490349,3.850000,0
1,1,28.507280,3.760800,0
1,1,28.523850,3.881800,0
1,1,28.540317,3.774900,0
1,1,28.557109,3.747100,0
1,1,28.573860,3.758000,0
1,1,28.590750,3.761700,0
1,1,28.607466,5.103100,0
1,1,28.624162,3.778200,0
1,1,28.640800,3.784600,0
1,1,28.658112,3.962500,0
1,1,28.673896,3.898200,0
1,1,28.690488,4.776000,0
1,1,28.707271,4.367300,0
1,1,28.723795,3.995400,0
1,1,28.740589,3.836100,0
1,1,28.757283,4.364100,0
1,1,28.773845,3.989600,0
1,1,28.790587,3.826900,0
1,1,28.807275,3.774800,0
1,1,28.823830,4.009100,0
1,1,28.841524,4.443500,0
1,1,28.857174,3.939400,0
1,1,28.874253,3.752600,0
1,1,28.890870,3.826700,0
1,1,28.907152,4.425100,0
1,1,28.923819,3.741700,0
1,1,28.940759,4.186800,0
1,1,28.957063,4.003100,0
1,1,28.973948,4.419500,0
1,1,28.990570,3.773800,0
1,1,29.007384,4.239300,0
1,1,29.023969,4.740200,0
1,1,29.040454,3.951400,0
1,1,29.057481,4.405300,0
1,1,29.073961,4.391400,0
1,1,29.090574,3.756800,0
1,1,29.107391,4.501200,0
1,1,29.123901,3.807600,0
1,1,29.140549,3.783900,0
1,1,29.157255,4.377700,0
1,1,29.174205,3.767700,0
1,1,29.190546,4.022900,0
1,1,29.207629,3.887400,0
1,1,29.223974,3.747600,0
1,1,29.240484,4.935300,0
1,1,29.257929,4.358300,0
1,1,29.273956,4.049800,0
1,1,29.290602,4.898800,0
1,1,29.307222,3.776900,0
1,1,29.323857,4.562200,0
1,1,29.340534,4.336700,0
1,1,29.357254,3.848000,0
1,1,29.373902,3.776200,0
1,1,29.390714,3.915000,0
1,1,29.407397,3.781900,0
1,1,29.424060,4.537000,0
1,1,29.440861,4.249900,0
1,1,29.457284,3.763600,0
1,1,29.474055,4.379400,0
1,1,29.490741,4.835100,0
1,1,29.507300,4.423100,0
1,1,29.525079,3.772400,0
1,1,29.540491,3.974800,0
1,1,29.557107,3.733700,0
1,1,29.573891,3.723200,0
1,1,29.590778,4.858000,0
1,1,29.607220,4.523200,0
1,1,29.624084,3.739800,0
1,1,29.640698,4.417400,0
1,1,29.657443,3.782700,0
1,1,29.673989,3.728800,0
1,1,29.690508,4.114300,0
1,1,29.707348,3.752900,0
1,1,29.723912,4.814700,0
1,1,29.741036,3.714200,0
1,1,29.757323,4.351800,0
1,1,29.773874,3.924200,0
1,1,29.790423,3.767300,0
1,1,29.807247,3.730200,0
1,1,29.823791,3.751100,0
1,1,29.840789,3.762700,0
1,1,29.857221,3.877500,0
1,1,29.873810,4.327000,0
1,1,29.890928,3.782200,0
1,1,29.907244,4.380400,0
1,1,29.923886,4.056300,0
1,1,29.940752,3.975300,0
1,1,29.957216,4.000400,0
1,1,29.974019,4.839200,0
1,1,29.990592,4.072500,0
1,1,30.007398,4.269600,0
1,1,30.023783,4.642800,0
1,1,30.040691,3.740000,0
1,1,30.057339,3.746700,0
1,1,30.073862,3.776200,0
1,1,30.091274,3.713500,0
1,1,30.107440,3.864500,0
1,1,30.124181,3.752000,0
1,1,30.140676,4.341500,0
1,1,30.157366,3.833500,0
1,1,30.174129,3.759300,0
1,1,30.190491,3.997400,0
1,1,30.207430,3.716700,0
1,1,30.223994,3.772900,0
1,1,30.240715,4.135800,0
1,1,30.257415,4.773800,0
1,1,30.274121,3.735500,0
1,1,30.290516,3.739500,0
1,1,30.307323,4.418700,0
1,1,30.324077,3.721200,0
1,1,30.340762,4.901700,0
1,1,30.357291,4.006400,0
1,1,30.374069,3.706800,0
1,1,30.391122,4.353700,0
1,1,30.407524,3.822200,0
1,1,30.423952,3.748400,0
1,1,30.440682,3.810300,0
1,1,30.457653,4.812000,0
1,1,30.473921,3.738400,0
1,1,30.490644,3.971100,0
1,1,30.507450,3.948900,0
1,1,30.524011,3.967900,0
1,1,30.540649,4.360100,0
1,1,30.557275,4.628600,0
1,1,30.573950,3.828500,0
1,1,30.590654,3.806600,0
1,1,30.607406,4.337100,0
1,1,30.623908,3.707200,0
1,1,30.640691,3.761700,0
1,1,30.657533,3.765200,0
1,1,30.674002,3.763800,0
1,1,30.690853,3.749000,0
1,1,30.707270,4.387200,0
1,1,30.724075,3.788400,0
1,1,30.741318,3.744900,0
1,1,30.757612,4.410600,0
1,1,30.774111,3.943900,0
1,1,30.791083,3.766300,0
1,1,30.807760,3.723100,0
1,1,30.824442,3.912500,0
1,1,30.841025,4.463800,0
1,1,30.857812,3.829000,0
1,1,30.874203,4.488300,0
1,1,30.891082,3.917300,0
1,1,30.907630,3.929600,0
1,1,30.924218,4.191100,0
1,1,30.940965,3.724500,0
1,1,30.957617,3.755400,0
1,1,30.974228,3.800900,0
1,1,30.991370,4.352400,0
1,1,31.007635,3.797400,0
1,1,31.024153,3.832600,0
1,1,31.040844,4.388700,0
1,1,31.057624,4.426500,0
1,1,31.074194,4.382000,0
1,1,31.090849,3.949700,0
1,1,31.107622,3.868700,0
1,1,31.124204,3.751000,0
1,1,31.140928,3.771600,0
1,1,31.157878,4.353500,0
1,1,31.174151,3.723500,0
1,1,31.190990,3.769700,0
1,1,31.208358,3.756900,0
1,1,31.224224,3.734100,0
1,1,31.240895,3.744200,0
1,1,31.257799,3.759000,0
1,1,31.274580,4.491000,0
1,1,31.290838,4.593000,0
1,1,31.308170,3.736200,0
1,1,31.324226,4.874000,0
1,1,31.340857,3.790800,0
1,1,31.357669,3.767700,0
1,1,31.374165,4.456200,0
1,1,31.390952,3.739200,0
1,1,31.407679,3.739200,0
1,1,31.424202,4.379100,0
1,1,31.441586,3.742900,0
1,1,31.457907,3.742000,0
1,1,31.474408,3.978800,0
1,1,31.491144,3.722400,0
1,1,31.507895,3.759500,0
1,1,31.524506,4.404000,0
1,1,31.541287,3.708900,0
1,1,31.557848,3.769300,0
1,1,31.575036,4.327100,0
1,1,31.591499,3.736400,0
1,1,31.607951,3.753600,0
1,1,31.624653,3.760100,0
1,1,31.641388,3.731800,0
1,1,31.658119,3.810900,0
1,1,31.674725,4.468100,0
1,1,31.691259,4.507500,0
1,1,31.707750,4.838200,0
1,1,31.724498,3.712200,0
1,1,31.741173,4.747200,0
1,1,31.758384,3.981900,0
1,1,31.774841,4.459600,0
1,1,31.791091,3.974200,0
1,1,31.808266,4.005500,0
1,1,31.824658,4.433200,0
1,1,31.841574,3.761100,0
1,1,31.857966,3.879900,0
1,1,31.874711,3.999500,0
1,1,31.891353,3.736300,0
1,1,31.907989,3.744000,0
1,1,31.924656,4.377500,0
1,1,31.941212,3.760500,0
1,1,31.957825,3.782600,0
1,1,31.974852,3.707800,0
1,1,31.991218,3.762800,0
1,1,32.007842,3.835200,0
1,1,32.025242,3.703500,0
1,1,32.041185,3.735700,0
1,1,32.058403,4.127900,0
1,1,32.074722,3.707100,0
1,1,32.091218,4.055500,0
1,1,32.107909,4.525600,0
1,1,32.124544,4.692400,0
1,1,32.141344,3.799200,0
1,1,32.158133,3.742900,0
1,1,32.174737,3.930000,0
1,1,32.191190,4.510800,0
1,1,32.208295,3.745200,0
1,1,32.224478,4.023500,0
1,1,32.241190,4.003800,0
1,1,32.258172,3.759200,0
1,1,32.274547,4.041000,0
1,1,32.291145,4.633100,0
1,1,32.307997,3.752300,0
1,1,32.324537,3.991200,0
1,1,32.341197,3.798100,0
1,1,32.357974,3.770300,0
1,1,32.374505,3.765400,0
1,1,32.391156,4.362300,0
1,1,32.408052,3.735200,0
1,1,32.424495,4.049700,0
1,1,32.441297,3.740200,0
1,1,32.457886,3.764000,0
1,1,32.474898,3.836500,0
1,1,32.491288,4.355300,0
1,1,32.508003,3.768800,0
1,1,32.524523,4.347400,0
1,1,32.545859,3.758300,0
1,1,32.558427,3.780100,0
1,1,32.574683,4.842500,0
1,1,32.591330,3.706600,0
1,1,32.608039,4.411200,0
1,1,32.624576,4.381000,0
1,1,32.641298,3.735400,0
1,1,32.658378,3.774600,0
1,1,32.674938,3.797800,0
1,1,32.691265,4.828000,0
1,1,32.708371,4.518700,0
1,1,32.724944,3.795000,0
1,1,32.741605,4.348800,0
1,1,32.758328,4.354900,0
1,1,32.774800,3.724300,0
1,1,32.791562,4.013700,0
1,1,32.807969,3.935000,0
1,1,32.824750,3.808300,0
1,1,32.841282,3.760900,0
1,1,32.858515,4.800600,0
1,1,32.874906,3.932500,0
1,1,32.891380,4.454600,0
1,1,32.908450,4.416600,0
1,1,32.924933,3.742300,0
1,1,32.941670,3.989500,0
1,1,32.958231,4.869500,0
1,1,32.974855,4.468800,0
1,1,32.991471,3.806600,0
1,1,33.008359,4.400800,0
1,1,33.024720,3.759400,0
1,1,33.041394,3.769000,0
1,1,33.058211,3.783000,0
1,1,33.074777,3.785800,0
1,1,33.091338,3.735800,0
1,1,33.108078,4.422700,0
1,1,33.124807,3.795000,0
1,1,33.141624,4.044700,0
1,1,33.158120,3.715900,0
1,1,33.174923,4.150400,0
1,1,33.191399,3.775400,0
1,1,33.208337,3.739000,0
1,1,33.224713,3.788400,0
1,1,33.241465,3.744900,0
1,1,33.258334,3.745200,0
1,1,33.274794,3.773300,0
1,1,33.291732,3.954500,0
1,1,33.308166,3.750600,0
1,1,33.324745,4.026700,0
1,1,33.341638,3.809900,0
1,1,33.358141,3.952200,0
1,1,33.374935,4.871100,0
1,1,33.391431,4.104400,0
1,1,33.408363,4.556500,0
1,1,33.424896,3.757200,0
1,1,33.441566,4.011200,0
1,1,33.458578,4.267900,0
1,1,33.475066,3.766800,0
1,1,33.491624,4.520900,0
1,1,33.508124,3.792500,0
1,1,33.524782,3.752000,0
1,1,33.541466,3.854800,0
1,1,33.558934,4.428600,0
1,1,33.574802,4.229800,0
1,1,33.591408,3.770900,0
1,1,33.608421,3.994100,0
1,1,33.624751,3.783800,0
1,1,33.641815,3.971300,0
1,1,33.658241,3.920900,0
1,1,33.674890,3.906700,0
1,1,33.691635,3.784400,0
1,1,33.708136,3.937100,0
1,1,33.724750,3.795300,0
1,1,33.741514,3.772000,0
1,1,33.758308,4.676100,0
1,1,33.774776,3.769200,0
1,1,33.791393,3.752700,0
1,1,33.808095,3.765600,0
1,1,33.824866,4.300900,0
1,1,33.841459,3.751600,0
1,1,33.858081,3.744900,0
1,1,33.874790,3.760300,0
1,1,33.891390,3.766000,0
1,1,33.908112,3.765800,0
1,1,33.924724,3.747500,0
1,1,33.941572,3.746700,0
1,1,33.958093,3.769600,0
1,1,33.974844,4.168200,0
1,1,33.991747,3.784000,0
1,1,34.008711,3.772000,0
1,1,34.024993,4.018300,0
1,1,34.041859,3.945900,0
1,1,34.058484,3.806600,0
1,1,34.075305,3.967700,0
1,1,34.091541,4.624100,0
1,1,34.108183,4.905600,0
1,1,34.124695,3.746000,0
1,1,34.141413,3.739900,0
1,1,34.158208,3.986300,0
1,1,34.174899,3.730000,0
1,1,34.191706,3.772700,0
1,1,34.208061,3.774400,0
1,1,34.225068,4.348800,0
1,1,34.241610,4.376200,0
1,1,34.258507,3.863600,0
1,1,34.275017,3.762900,0
1,1,34.291409,3.935100,0
1,1,34.308220,4.581900,0
1,1,34.324704,3.782000,0
1,1,34.341455,4.535900,0
1,1,34.358096,4.318200,0
1,1,34.374934,3.761000,0
1,1,34.391843,3.766500,0
1,1,34.408536,4.397300,0
1,1,34.425112,4.355000,0
1,1,34.441980,4.416600,0
1,1,34.458488,3.881800,0
1,1,34.475159,3.802400,0
1,1,34.492053,4.181100,0
1,1,34.508798,4.341900,0
1,1,34.525123,3.763500,0
1,1,34.541754,3.805600,0
1,1,34.558698,3.793000,0
1,1,34.575911,4.389900,0
1,1,34.591943,4.010100,0
1,1,34.608677,3.772400,0
1,1,34.625073,3.787300,0
1,1,34.642461,4.857600,0
1,1,34.658789,3.759100,0
1,1,34.675282,4.385300,0
1,1,34.692365,3.751000,0
1,1,34.708811,3.781300,0
1,1,34.725433,4.235900,0
1,1,34.742244,3.761500,0
1,1,34.758653,4.722500,0
1,1,34.775276,4.382000,0
1,1,34.792030,3.760000,0
1,1,34.809039,4.849000,0
1,1,34.825348,5.257500,0
1,1,34.842083,3.783600,0
1,1,34.858608,4.182900,0
1,1,34.875554,3.737600,0
1,1,34.891964,4.396400,0
1,1,34.908566,4.164900,0
1,1,34.925566,3.763600,0
1,1,34.941960,3.803600,0
1,1,34.958659,4.190500,0
1,1,34.975480,4.177600,0
1,1,34.991836,4.073700,0
1,1,35.008674,5.462200,0
1,1,35.025518,3.796100,0
1,1,35.041824,3.836200,0
1,1,35.059100,3.746700,0
1,1,35.075409,3.751000,0
1,1,35.091889,3.943700,0
1,1,35.109110,3.754000,0
1,1,35.125352,3.790300,0
1,1,35.141931,4.067200,0
1,1,35.158656,3.730100,0
1,1,35.175319,4.170600,0
1,1,35.192003,3.957500,0
1,1,35.209058,3.751900,0
1,1,35.225311,4.046700,0
1,1,35.241966,3.761500,0
1,1,35.258917,3.776900,0
1,1,35.275290,3.900800,0
1,1,35.292112,3.742400,0
1,1,35.308821,4.251700,0
1,1,35.325323,4.804700,0
1,1,35.342021,3.779900,0
1,1,35.358708,4.373100,0
1,1,35.375292,4.401100,0
1,1,35.392294,3.766100,0
1,1,35.408683,3.771400,0
1,1,35.425339,4.048800,0
1,1,35.442225,3.762500,0
1,1,35.458725,3.714000,0
1,1,35.475533,4.511900,0
1,1,35.491945,3.778000,0
1,1,35.508589,4.411100,0
1,1,35.525588,4.536700,0
1,1,35.541930,3.792500,0
1,1,35.558709,3.827100,0
1,1,35.575878,4.018900,0
1,1,35.592149,3.753800,0
1,1,35.608673,4.003200,0
1,1,35.625616,4.678000,0
1,1,35.642127,4.555400,0
1,1,35.658755,4.305100,0
1,1,35.675318,4.942400,0
1,1,35.692000,3.884500,0
1,1,35.708695,4.310300,0
1,1,35.725432,3.717800,0
1,1,35.742006,4.364200,0
1,1,35.758714,3.771200,0
1,1,35.775687,3.770400,0
1,1,35.792022,3.827300,0
1,1,35.809395,3.793900,0
1,1,35.825772,3.750400,0
1,1,35.842142,3.960900,0
1,1,35.858695,4.133400,0
1,1,35.875584,3.716800,0
1,1,35.892100,3.829500,0
1,1,35.909094,4.353100,0
1,1,35.925517,4.298000,0
1,1,35.942111,4.044100,0
1,1,35.958699,4.876200,0
1,1,35.975521,4.368300,0
1,1,35.991931,4.435300,0
1,1,36.009210,4.481700,0
1,1,36.025476,3.802400,0
1,1,36.042129,4.195800,0
1,1,36.059029,3.772400,0
1,1,36.075226,3.908900,0
1,1,36.092463,4.597700,0
1,1,36.108695,3.794600,0
1,1,36.125625,3.827200,0
1,1,36.142195,3.749600,0
1,1,36.158880,3.876400,0
1,1,36.175562,4.433500,0
1,1,36.192596,4.371600,0
1,1,36.208814,3.847600,0
1,1,36.225488,4.407700,0
1,1,36.242425,3.763900,0
1,1,36.259044,3.745300,0
1,1,36.275607,4.782700,0
1,1,36.292305,3.756300,0
1,1,36.308763,4.021800,0
1,1,36.325668,3.787200,0
1,1,36.342142,3.783600,0
1,1,36.358776,4.334000,0
1,1,36.375927,3.741600,0
1,1,36.392193,3.756600,0
1,1,36.408923,4.342800,0
1,1,36.425405,3.764100,0
1,1,36.442143,3.828700,0
1,1,36.459030,4.387300,0
1,1,36.475738,3.742900,0
1,1,36.492296,4.356100,0
1,1,36.508998,4.369200,0
1,1,36.525567,3.767300,0
1,1,36.542273,4.372800,0
1,1,36.559008,4.412400,0
1,1,36.575645,3.794000,0
1,1,36.592280,3.777500,0
1,1,36.609169,3.777600,0
1,1,36.625810,4.432000,0
1,1,36.642421,3.978800,0
1,1,36.659567,4.402500,0
1,1,36.676762,4.235100,0
1,1,36.692820,4.028700,0
1,1,36.709209,3.973900,0
1,1,36.725825,3.974500,0
1,1,36.742708,3.867800,0
1,1,36.759273,3.784600,0
1,1,36.775776,4.685000,0
1,1,36.792829,3.780200,0
1,1,36.809148,4.392700,0
1,1,36.825875,4.022900,0
1,1,36.842878,4.390400,0
1,1,36.859305,3.963200,0
1,1,36.875935,3.861300,0
1,1,36.892972,4.413700,0
1,1,36.909235,3.968500,0
1,1,36.925952,4.903200,0
1,1,36.942651,4.384100,0
1,1,36.959278,4.748800,0
1,1,36.975895,3.754400,0
1,1,36.992630,3.761900,0
1,1,37.009223,4.092100,0
1,1,37.025961,4.399900,0
1,1,37.042662,3.773100,0
1,1,37.059235,3.758700,0
1,1,37.075924,4.347400,0
1,1,37.093196,3.768000,0
1,1,37.109342,3.778300,0
1,1,37.125896,3.774500,0
1,1,37.142709,3.894900,0
1,1,37.159451,3.832400,0
1,1,37.176094,4.916100,0
1,1,37.192773,3.807000,0
1,1,37.209707,3.819300,0
1,1,37.225835,4.051100,0
1,1,37.242793,3.968600,0
1,1,37.259379,4.483600,0
1,1,37.276135,4.000100,0
1,1,37.292559,3.814200,0
1,1,37.309250,3.762300,0
1,1,37.326117,4.437500,0
1,1,37.342699,5.490800,0
1,1,37.359265,3.779900,0
1,1,37.375972,3.755000,0
1,1,37.392699,3.769300,0
1,1,37.409182,4.485200,0
1,1,37.425860,4.356700,0
1,1,37.442636,4.411900,0
1,1,37.459271,3.751700,0
1,1,37.476030,4.322000,0
1,1,37.492599,5.524600,0
1,1,37.509180,4.430900,0
1,1,37.525926,4.397000,0
1,1,37.542778,3.749700,0
1,1,37.559298,3.757500,0
1,1,37.579619,4.061500,0
1,1,37.592829,3.807700,0
1,1,37.609362,4.915900,0
1,1,37.626396,3.759800,0
1,1,37.642662,4.020400,0
1,1,37.659593,3.859600,0
1,1,37.676233,3.858400,0
1,1,37.692693,3.756100,0
1,1,37.710007,3.762300,0
1,1,37.726225,3.781000,0
1,1,37.742678,3.960000,0
1,1,37.759592,3.736500,0
1,1,37.776245,3.771300,0
1,1,37.792732,4.931100,0
1,1,37.809794,3.751700,0
1,1,37.826073,3.753300,0
1,1,37.842815,4.315900,0
1,1,37.859574,4.316300,0
1,1,37.876031,3.963200,0
1,1,37.892645,3.871500,0
1,1,37.909453,3.782100,0
1,1,37.926068,4.408900,0
1,1,37.943155,3.786600,0
1,1,37.959413,3.822700,0
1,1,37.976092,4.917800,0
1,1,37.992646,3.734200,0
1,1,38.009315,3.786600,0
1,1,38.026066,5.777100,0
1,1,38.043096,3.761000,0
1,1,38.059375,3.853000,0
1,1,38.076105,3.987800,0
1,1,38.093128,3.728800,0
1,1,38.109436,3.731000,0
1,1,38.126146,4.019300,0
1,1,38.142899,3.770400,0
1,1,38.159814,4.186500,0
1,1,38.176072,3.752200,0
1,1,38.192914,3.820900,0
1,1,38.209418,4.989900,0
1,1,38.226261,4.402000,0
1,1,38.242920,3.810500,0
1,1,38.259342,3.854200,0
1,1,38.276350,4.911800,0
1,1,38.292739,3.780200,0
1,1,38.309325,4.525600,0
1,1,38.325980,3.765300,0
1,1,38.342787,3.839000,0
1,1,38.359561,3.828700,0
1,1,38.376483,4.370000,0
1,1,38.392834,3.840800,0
1,1,38.409847,4.379600,0
1,1,38.426452,3.759000,0
1,1,38.442708,4.915500,0
1,1,38.459469,4.059900,0
1,1,38.476105,3.775400,0
1,1,38.492642,4.974800,0
1,1,38.509372,3.788300,0
1,1,38.526054,4.027400,0
1,1,38.542838,3.775500,0
1,1,38.559707,3.842900,0
1,1,38.576121,3.866800,0
1,1,38.593190,3.985700,0
1,1,38.610113,3.780700,0
1,1,38.626210,3.908900,0
1,1,38.642831,3.825100,0
1,1,38.659651,3.989500,0
1,1,38.676078,4.414800,0
1,1,38.693492,3.767200,0
1,1,38.709411,4.044900,0
1,1,38.726042,3.846600,0
1,1,38.742840,3.801100,0
1,1,38.759245,4.436700,0
1,1,38.776240,4.426300,0
1,1,38.792739,4.417400,0
1,1,38.809331,4.620500,0
1,1,38.826661,4.649300,0
1,1,38.842746,4.019800,0
1,1,38.859511,4.405100,0
1,1,38.876381,4.146400,0
1,1,38.893003,4.004700,0
1,1,38.909421,4.386700,0
1,1,38.926092,3.764500,0
1,1,38.942701,4.906200,0
1,1,38.959950,3.984100,0
1,1,38.976817,3.800200,0
1,1,38.992790,4.064100,0
1,1,39.010060,3.815600,0
1,1,39.026064,3.895400,0
1,1,39.042811,3.823700,0
1,1,39.059331,3.794400,0
1,1,39.076505,3.796000,0
1,1,39.092859,3.789900,0
1,1,39.109466,3.799600,0
1,1,39.126281,3.781200,0
1,1,39.143055,3.802900,0
1,1,39.159864,3.815100,0
1,1,39.176963,3.783600,0
1,1,39.193314,3.724000,0
1,1,39.209743,3.755500,0
1,1,39.226506,4.004300,0
1,1,39.242871,3.768900,0
1,1,39.259694,3.759000,0
1,1,39.276175,3.817300,0
1,1,39.293169,3.790100,0
1,1,39.309586,4.570400,0
1,1,39.326363,4.605300,0
1,1,39.343251,3.865900,0
1,1,39.359520,3.727600,0
1,1,39.376197,4.528100,0
1,1,39.392874,4.408100,0
1,1,39.409710,3.769400,0
1,1,39.426463,4.851700,0
1,1,39.442932,4.399800,0
1,1,39.459592,3.794400,0
1,1,39.476664,3.791300,0
1,1,39.492837,3.766400,0
1,1,39.509888,3.970100,0
1,1,39.526159,3.765400,0
1,1,39.542822,5.258700,0
1,1,39.559466,3.757500,0
1,1,39.576167,3.775400,0
1,1,39.593152,3.772200,0
1,1,39.610271,4.427200,0
1,1,39.626180,4.856400,0
1,1,39.643281,3.995900,0
1,1,39.659695,4.389100,0
1,1,39.676442,4.069500,0
1,1,39.692947,3.809400,0
1,1,39.709624,3.914400,0
1,1,39.726185,4.396500,0
1,1,39.743218,3.787700,0
1,1,39.759842,4.357600,0
1,1,39.776734,4.067700,0
1,1,39.793186,3.770900,0
1,1,39.809683,3.943200,0
1,1,39.826333,3.820400,0
1,1,39.842956,3.766100,0
1,1,39.860045,5.417100,0
1,1,39.876469,4.851100,0
1,1,39.893084,3.803800,0
1,1,39.909609,4.948300,0
1,1,39.926677,3.924900,0
1,1,39.943459,4.101500,0
1,1,39.959911,3.873000,0
1,1,39.976763,3.966800,0
1,1,39.993226,4.742500,0
1,1,40.010159,3.771600,0
1,1,40.026266,5.451800,0
1,1,40.043421,4.329900,0
1,1,40.059711,3.788200,0
1,1,40.076450,5.064900,0
1,1,40.093184,3.795700,0
1,1,40.109699,4.261700,0
1,1,40.126576,3.755800,0
1,1,40.142919,3.785000,0
1,1,40.159887,4.028800,0
1,1,40.176283,3.777800,0
1,1,40.192818,4.655000,0
1,1,40.209687,3.744400,0
1,1,40.226247,3.773700,0
1,1,40.242826,4.428700,0
1,1,40.260280,3.731900,0
1,1,40.276371,3.794600,0
1,1,40.293408,3.798900,0
1,1,40.310171,3.749400,0
1,1,40.326466,4.214100,0
1,1,40.343080,3.997700,0
1,1,40.359857,4.327500,0
1,1,40.376498,4.494400,0
1,1,40.393001,3.983700,0
1,1,40.409682,4.366700,0
1,1,40.426332,4.526300,0
1,1,40.443637,3.730500,0
1,1,40.459667,3.795300,0
1,1,40.476340,4.267400,0
1,1,40.493122,3.729000,0
1,1,40.509744,3.849400,0
1,1,40.526666,3.735500,0
1,1,40.542978,4.378800,0
1,1,40.559578,4.671100,0
1,1,40.576301,3.761700,0
1,1,40.592905,4.380700,0
1,1,40.609761,3.788100,0
1,1,40.626786,3.804600,0
1,1,40.642943,4.875300,0
1,1,40.659965,4.856500,0
1,1,40.676584,4.369200,0
1,1,40.693374,3.935500,0
1,1,40.709674,4.882400,0
1,1,40.726250,3.832600,0
1,1,40.742983,3.748600,0
1,1,40.759813,4.392500,0
1,1,40.776239,4.911200,0
1,1,40.792963,3.779400,0
1,1,40.809625,3.896600,0
1,1,40.826309,3.800900,0
1,1,40.842937,3.744700,0
1,1,40.859685,3.763000,0
1,1,40.876556,4.368700,0
1,1,40.892831,4.379400,0
1,1,40.909603,4.883900,0
1,1,40.926194,3.812700,0
1,1,40.942893,3.771600,0
1,1,40.959561,4.568900,0
1,1,40.976141,4.384700,0
1,1,40.992872,3.812000,0
1,1,41.009651,4.169200,0
1,1,41.026288,4.407300,0
1,1,41.043029,4.301500,0
1,1,41.059719,3.914300,0
1,1,41.076234,3.826100,0
1,1,41.093343,3.800700,0
1,1,41.109686,4.394500,0
1,1,41.126606,3.781000,0
1,1,41.143605,4.115300,0
1,1,41.160543,3.979700,0
1,1,41.176371,4.355900,0
1,1,41.192970,4.048300,0
1,1,41.209939,3.969900,0
1,1,41.226357,3.985900,0
1,1,41.243198,4.428000,0
1,1,41.259917,3.758700,0
1,1,41.276421,3.941600,0
1,1,41.293272,4.398000,0
1,1,41.309800,3.950900,0
1,1,41.326302,4.022000,0
1,1,41.343089,3.846300,0
1,1,41.359744,3.768400,0
1,1,41.376259,4.395900,0
1,1,41.392985,3.739000,0
1,1,41.410060,3.738000,0
1,1,41.426306,3.886900,0
1,1,41.443395,3.749000,0
1,1,41.459753,3.767400,0
1,1,41.476347,3.853500,0
1,1,41.492950,4.081100,0
1,1,41.509708,3.764600,0
1,1,41.526317,3.778100,0
1,1,41.543243,4.045700,0
1,1,41.559730,3.751800,0
1,1,41.576548,3.732000,0
1,1,41.592891,3.743500,0
1,1,41.610092,3.873400,0
1,1,41.626796,3.760500,0
1,1,41.642960,3.753000,0
1,1,41.659884,3.895400,0
1,1,41.676328,3.985100,0
1,1,41.693194,4.589400,0
1,1,41.709756,4.856900,0
1,1,41.726661,3.961800,0
1,1,41.743202,3.738100,0
1,1,41.759868,3.780200,0
1,1,41.776482,3.975700,0
1,1,41.793066,3.753000,0
1,1,41.809606,4.473100,0
1,1,41.826566,3.787000,0
1,1,41.843296,3.751300,0
1,1,41.859758,4.438900,0
1,1,41.876577,4.863900,0
1,1,41.893008,3.749500,0
1,1,41.909578,3.972900,0
1,1,41.926432,4.434000,0
1,1,41.943051,3.768900,0
1,1,41.959632,3.729500,0
1,1,41.976403,3.749800,0
1,1,41.993007,4.416600,0
1,1,42.009653,3.730200,0
1,1,42.026319,3.779000,0
1,1,42.043052,4.377900,0
1,1,42.059797,3.727300,0
1,1,42.076472,4.016000,0
1,1,42.092978,3.785200,0
1,1,42.109621,4.405700,0
1,1,42.126402,3.788000,0
1,1,42.143183,4.378700,0
1,1,42.159688,4.941500,0
1,1,42.176414,3.763200,0
1,1,42.192913,3.821700,0
1,1,42.209569,3.738400,0
1,1,42.226249,3.766400,0
1,1,42.243079,3.975000,0
1,1,42.259789,3.756500,0
1,1,42.276397,3.766100,0
1,1,42.292972,3.773400,0
1,1,42.309734,3.914600,0
1,1,42.326247,4.426500,0
1,1,42.343018,3.772900,0
1,1,42.359750,4.322300,0
1,1,42.376382,4.358000,0
1,1,42.392913,3.764000,0
1,1,42.409848,3.752800,0
1,1,42.426330,4.427700,0
1,1,42.443008,4.715400,0
1,1,42.459999,3.738400,0
1,1,42.476351,4.313200,0
1,1,42.493237,3.778700,0
1,1,42.509854,3.735800,0
1,1,42.526300,3.954600,0
1,1,42.543161,5.431900,0
1,1,42.559702,3.772200,0
1,1,42.576268,4.375200,0
1,1,42.593136,3.784100,0
1,1,42.614045,3.775100,0
1,1,42.626543,3.934600,0
1,1,42.643443,4.359500,0
1,1,42.659963,4.187000,0
1,1,42.676840,4.213500,0
1,1,42.693351,4.322100,0
1,1,42.709803,4.022900,0
1,1,42.726624,3.741300,0
1,1,42.743312,3.838400,0
1,1,42.759778,3.761000,0
1,1,42.776762,4.385400,0
1,1,42.793244,3.736300,0
1,1,42.809832,3.761800,0
1,1,42.826484,3.739800,0
1,1,42.843379,3.930000,0
1,1,42.859694,3.760900,0
1,1,42.876651,3.899700,0
1,1,42.893145,3.764000,0
1,1,42.909898,3.750400,0
1,1,42.926598,4.084600,0
1,1,42.943673,3.985000,0
1,1,42.960036,3.754500,0
1,1,42.976811,3.942100,0
1,1,42.993955,3.762000,0
1,1,43.009813,4.377400,0
1,1,43.026708,4.084900,0
1,1,43.043287,3.747900,0
1,1,43.059768,3.752400,0
1,1,43.076700,4.532900,0
1,1,43.093198,3.760000,0
1,1,43.109781,4.445900,0
1,1,43.126688,3.753700,0
1,1,43.143254,3.805300,0
1,1,43.159813,3.773200,0
1,1,43.176510,3.741300,0
1,1,43.192968,3.793100,0
1,1,43.209801,3.793600,0
1,1,43.226574,3.735700,0
1,1,43.243232,4.280100,0
1,1,43.259985,3.743200,0
1,1,43.276453,3.770200,0
1,1,43.293107,3.769400,0
1,1,43.309795,3.772700,0
1,1,43.326485,3.755900,0
1,1,43.343156,4.020900,0
1,1,43.359893,3.770900,0
1,1,43.376441,4.357600,0
1,1,43.393239,4.375600,0
1,1,43.409868,3.767400,0
1,1,43.426510,4.065100,0
1,1,43.443407,3.747800,0
1,1,43.459862,3.784300,0
1,1,43.476802,3.903600,0
1,1,43.493298,3.710900,0
1,1,43.509820,3.886100,0
1,1,43.526710,3.727000,0
1,1,43.543261,3.770800,0
1,1,43.559783,4.885200,0
1,1,43.576646,3.729000,0
1,1,43.593244,3.745700,0
1,1,43.609780,4.082700,0
1,1,43.626499,3.768600,0
1,1,43.643321,3.813400,0
1,1,43.659830,4.113900,0
1,1,43.676724,3.787800,0
1,1,43.693203,3.923500,0
1,1,43.710048,3.702900,0
1,1,43.726466,3.819500,0
1,1,43.743340,3.819700,0
1,1,43.759887,3.813400,0
1,1,43.776311,5.822400,0
1,1,43.793273,3.979100,0
1,1,43.809856,3.785700,0
1,1,43.826413,3.788900,0
1,1,43.843064,4.376200,0
1,1,43.859925,4.806300,0
1,1,43.876789,3.814900,0
1,1,43.893394,3.801100,0
1,1,43.909880,3.712000,0
1,1,43.926554,3.909700,0
1,1,43.943181,4.032300,0
1,1,43.959683,3.802300,0
1,1,43.976528,3.763700,0
1,1,43.993139,3.711400,0
1,1,44.009732,3.771800,0
1,1,44.026661,4.926700,0
1,1,44.043365,3.750800,0
1,1,44.059966,3.861100,0
1,1,44.076420,4.530400,0
1,1,44.093491,4.044700,0
1,1,44.109676,4.176900,0
1,1,44.126578,3.767200,0
1,1,44.143333,4.031300,0
1,1,44.159758,4.004500,0
1,1,44.176687,3.957400,0
1,1,44.193331,3.828500,0
1,1,44.209762,4.140000,0
1,1,44.226605,4.112500,0
1,1,44.243321,4.346300,0
1,1,44.259838,3.716700,0
1,1,44.276515,3.761800,0
1,1,44.293050,3.805500,0
1,1,44.309806,3.756100,0
1,1,44.326564,3.757000,0
1,1,44.343146,4.396400,0
1,1,44.359658,3.838300,0
1,1,44.376412,3.756100,0
1,1,44.392996,4.195000,0
1,1,44.409989,3.830900,0
1,1,44.426549,3.750800,0
1,1,44.443417,3.930500,0
1,1,44.460230,4.007500,0
1,1,44.476691,3.889100,0
1,1,44.493150,3.783100,0
1,1,44.509889,3.782500,0
1,1,44.526406,4.431800,0
1,1,44.543139,3.788800,0
1,1,44.559812,4.354300,0
1,1,44.576431,4.302000,0
1,1,44.593237,4.530200,0
1,1,44.609968,3.808600,0
1,1,44.626420,4.868400,0
1,1,44.644809,3.757600,0
1,1,44.659873,3.849200,0
1,1,44.676581,4.004400,0
1,1,44.693264,3.729900,0
1,1,44.709841,4.432800,0
1,1,44.726851,3.816300,0
1,1,44.743145,3.752300,0
1,1,44.759652,3.726300,0
1,1,44.776839,3.723400,0
1,1,44.793063,3.784000,0
1,1,44.809589,4.563700,0
1,1,44.826447,5.371800,0
1,1,44.843133,4.020600,0
1,1,44.859808,4.372800,0
1,1,44.876447,3.805600,0
1,1,44.893083,3.997800,0
1,1,44.910055,3.765000,0
1,1,44.926373,4.816700,0
1,1,44.943269,3.750200,0
1,1,44.960716,3.757200,0
1,1,44.976632,4.056600,0
1,1,44.993300,3.816300,0
1,1,45.009978,3.929300,0
1,1,45.026463,4.861100,0
1,1,45.043135,4.372600,0
1,1,45.059747,4.831400,0
1,1,45.076318,3.743600,0
1,1,45.093106,4.386700,0
1,1,45.109725,3.772700,0
1,1,45.126752,3.785500,0
1,1,45.143037,3.795600,0
1,1,45.159830,3.826700,0
1,1,45.176526,3.755300,0
1,1,45.193024,4.011300,0
1,1,45.209862,4.304700,0
1,1,45.226489,3.777600,0
1,1,45.243197,3.961600,0
1,1,45.260480,3.756900,0
1,1,45.276363,4.882400,0
1,1,45.293104,5.074300,0
1,1,45.310063,3.759300,0
1,1,45.326476,3.756200,0
1,1,45.343331,4.058800,0
1,1,45.359797,3.799000,0
1,1,45.376404,3.923900,0
1,1,45.393055,4.198100,0
1,1,45.409917,4.031500,0
1,1,45.426356,4.031900,0
1,1,45.443010,3.848100,0
1,1,45.459875,3.745100,0
1,1,45.477456,3.729700,0
1,1,45.493502,3.757200,0
1,1,45.510645,3.977600,0
1,1,45.527230,3.731200,0
1,1,45.544270,3.784000,0
1,1,45.560830,3.889800,0
1,1,45.577499,3.718900,0
1,1,45.594029,3.941400,0
1,1,45.610875,3.797300,0
1,1,45.628129,3.766300,0
1,1,45.643987,3.813100,0
1,1,45.661130,3.790200,0
1,1,45.677258,3.987400,0
1,1,45.693930,3.825800,0
1,1,45.710931,5.406400,0
1,1,45.727206,4.016800,0
1,1,45.744022,3.759400,0
1,1,45.760664,4.812100,0
1,1,45.777420,3.827200,0
1,1,45.793995,3.791200,0
1,1,45.810580,3.730500,0
1,1,45.827160,3.738200,0
1,1,45.843848,3.751000,0
1,1,45.860920,4.057800,0
1,1,45.877208,3.788900,0
1,1,45.894098,4.002000,0
1,1,45.910695,3.762200,0
1,1,45.927369,4.068400,0
1,1,45.944059,4.607300,0
1,1,45.960675,4.652000,0
1,1,45.977394,3.774600,0
1,1,45.993904,3.768300,0
1,1,46.010610,3.776100,0
1,1,46.027048,3.770900,0
1,1,46.043816,3.768100,0
1,1,46.060630,4.421500,0
1,1,46.077451,3.740000,0
1,1,46.093808,4.375700,0
1,1,46.110367,3.833000,0
1,1,46.127262,3.761300,0
1,1,46.143853,4.396500,0
1,1,46.160356,3.762600,0
1,1,46.177368,3.751100,0
1,1,46.193725,4.454700,0
1,1,46.210795,4.859700,0
1,1,46.227258,3.752700,0
1,1,46.243870,4.033900,0
1,1,46.260646,3.778200,0
1,1,46.277214,3.775700,0
1,1,46.293787,3.743400,0
1,1,46.310583,3.748900,0
1,1,46.327557,4.348300,0
1,1,46.343928,4.287700,0
1,1,46.360559,3.750700,0
1,1,46.377164,4.380500,0
1,1,46.393818,4.861800,0
1,1,46.410438,4.387500,0
1,1,46.427112,3.722700,0
1,1,46.443905,3.786800,0
1,1,46.460415,4.156000,0
1,1,46.477339,3.762200,0
1,1,46.493822,3.761700,0
1,1,46.510411,3.955100,0
1,1,46.527362,3.772800,0
1,1,46.543888,4.390800,0
1,1,46.560621,3.753300,0
1,1,46.577370,3.775500,0
1,1,46.593763,3.788300,0
1,1,46.610992,3.715500,0
1,1,46.627337,3.746700,0
1,1,46.643965,3.885800,0
1,1,46.660481,4.087500,0
1,1,46.677193,4.079600,0
1,1,46.693885,4.325900,0
1,1,46.710396,3.754000,0
1,1,46.727191,4.270600,0
1,1,46.744145,4.084200,0
1,1,46.760753,3.759200,0
1,1,46.777358,4.799600,0
1,1,46.793854,4.049900,0
1,1,46.810926,3.731900,0
1,1,46.827200,4.867300,0
1,1,46.844439,3.958000,0
1,1,46.860646,3.782700,0
1,1,46.877537,3.824000,0
1,1,46.894349,3.794400,0
1,1,46.910654,3.995000,0
1,1,46.927218,3.825700,0
1,1,46.943940,4.409800,0
1,1,46.960499,3.966000,0
1,1,46.977202,4.826500,0
1,1,46.993804,3.738100,0
1,1,47.011295,3.782700,0
1,1,47.027636,3.758400,0
1,1,47.043886,4.279800,0
1,1,47.060517,3.767000,0
1,1,47.077196,4.412300,0
1,1,47.094085,3.776000,0
1,1,47.110501,4.838000,0
1,1,47.127185,3.758400,0
1,1,47.143943,3.736800,0
1,1,47.160470,3.773000,0
1,1,47.177478,3.723500,0
1,1,47.193791,3.756800,0
1,1,47.210969,3.883000,0
1,1,47.227692,3.761200,0
1,1,47.243882,3.952800,0
1,1,47.260857,4.415100,0
1,1,47.277358,4.002200,0
1,1,47.293809,3.849700,0
1,1,47.311163,4.169200,0
1,1,47.327635,3.721400,0
1,1,47.344455,4.521600,0
1,1,47.360699,3.732500,0
1,1,47.378118,3.910700,0
1,1,47.394264,4.415800,0
1,1,47.410790,3.702300,0
1,1,47.427447,4.618200,0
1,1,47.444423,4.302300,0
1,1,47.460903,3.737100,0
1,1,47.477385,3.731800,0
1,1,47.494092,4.721400,0
1,1,47.510936,3.760400,0
1,1,47.527370,4.928600,0
1,1,47.544083,4.372400,0
1,1,47.561018,3.764000,0
1,1,47.577503,4.326600,0
1,1,47.594872,3.747000,0
1,1,47.610953,3.790000,0
1,1,47.627334,4.036500,0
1,1,47.644304,4.307400,0
1,1,47.664968,4.025100,0
1,1,47.677474,4.523100,0
1,1,47.694795,3.781400,0
1,1,47.710859,4.934200,0
1,1,47.728250,3.741500,0
1,1,47.744322,3.795300,0
1,1,47.761167,4.330200,0
1,1,47.777898,3.754600,0
1,1,47.794193,4.637200,0
1,1,47.811140,4.320800,0
1,1,47.827971,3.791500,0
1,1,47.844481,4.510300,0
1,1,47.861181,3.836600,0
1,1,47.877803,4.611600,0
1,1,47.894569,3.975900,0
1,1,47.910917,3.766900,0
1,1,47.927453,3.943400,0
1,1,47.944575,4.166500,0
1,1,47.961119,4.317600,0
1,1,47.977666,3.791300,0
1,1,47.994074,4.833700,0
1,1,48.010986,4.578500,0
1,1,48.027526,3.763200,0
1,1,48.044245,4.280700,0
1,1,48.061271,3.753400,0
1,1,48.077692,3.799500,0
1,1,48.094717,4.588500,0
1,1,48.111088,3.786600,0
1,1,48.127616,4.977200,0
1,1,48.144771,3.843900,0
1,1,48.161094,3.784400,0
1,1,48.177647,3.991500,0
1,1,48.194267,3.743100,0
1,1,48.211081,3.776800,0
1,1,48.227832,4.131900,0
1,1,48.245936,3.745400,0
1,1,48.261206,3.803900,0
1,1,48.277969,3.745500,0
1,1,48.294430,3.756700,0
1,1,48.311091,4.166700,0
1,1,48.328086,3.773100,0
1,1,48.344382,3.758900,0
1,1,48.360932,5.171000,0
1,1,48.377867,3.753800,0
1,1,48.394565,3.910600,0
1,1,48.411040,5.520600,0
1,1,48.427717,3.747200,0
1,1,48.444262,4.014200,0
1,1,48.461223,3.979900,0
1,1,48.478030,3.811100,0
1,1,48.494311,3.772300,0
1,1,48.511321,4.362200,0
1,1,48.527743,3.712400,0
1,1,48.544643,4.143500,0
1,1,48.561413,4.192900,0
1,1,48.577824,4.528700,0
1,1,48.594291,4.005300,0
1,1,48.611138,3.785600,0
1,1,48.627602,3.774900,0
1,1,48.644509,4.834100,0
1,1,48.661169,4.091300,0
1,1,48.678180,3.845100,0
1,1,48.694402,3.787700,0
1,1,48.711473,3.826500,0
1,1,48.727710,4.059600,0
1,1,48.744399,3.800400,0
1,1,48.761208,3.774600,0
1,1,48.777896,4.377600,0
1,1,48.794353,4.202000,0
1,1,48.811034,4.316500,0
1,1,48.827745,3.796700,0
1,1,48.844316,3.774800,0
1,1,48.860937,4.372100,0
1,1,48.877924,3.773300,0
1,1,48.894595,4.885300,0
1,1,48.911205,3.755700,0
1,1,48.927814,3.800000,0
1,1,48.944376,3.975700,0
1,1,48.961165,3.802600,0
1,1,48.977695,4.521400,0
1,1,48.994278,3.779400,0
1,1,49.011037,3.988600,0
1,1,49.027674,3.720300,0
1,1,49.044509,4.403700,0
1,1,49.060976,3.820400,0
1,1,49.077741,3.750400,0
1,1,49.094282,3.752600,0
1,1,49.111209,3.772000,0
1,1,49.127705,5.431600,0
1,1,49.145011,3.794000,0
1,1,49.160975,4.215600,0
1,1,49.178165,3.805700,0
1,1,49.194805,3.812700,0
1,1,49.211059,3.806200,0
1,1,49.227781,4.776000,0
1,1,49.244376,3.977500,0
1,1,49.261207,3.958200,0
1,1,49.277739,3.753000,0
1,1,49.294721,3.955900,0
1,1,49.311120,3.985200,0
1,1,49.327801,4.518200,0
1,1,49.344782,3.834100,0
1,1,49.361037,3.838300,0
1,1,49.377921,4.416000,0
1,1,49.394325,4.404200,0
1,1,49.411172,3.871100,0
1,1,49.427915,3.779300,0
1,1,49.444438,4.412200,0
1,1,49.461668,4.529000,0
1,1,49.477874,3.858400,0
1,1,49.494539,3.816200,0
1,1,49.511203,3.857300,0
1,1,49.527929,4.048800,0
1,1,49.545123,3.753600,0
1,1,49.561121,4.113600,0
1,1,49.577882,3.870000,0
1,1,49.594608,3.749900,0
1,1,49.611228,4.117300,0
1,1,49.628061,3.888400,0
1,1,49.644560,4.228400,0
1,1,49.661034,4.468400,0
1,1,49.678016,3.764500,0
1,1,49.694570,3.820300,0
1,1,49.711963,4.170300,0
1,1,49.728142,3.817700,0
1,1,49.744406,3.783800,0
1,1,49.761261,3.930300,0
1,1,49.778372,3.767600,0
1,1,49.794360,3.986900,0
1,1,49.811136,4.185000,0
1,1,49.828180,4.363300,0
1,1,49.844449,4.357600,0
1,1,49.861457,3.772300,0
1,1,49.878348,3.795000,0
1,1,49.894649,4.030000,0
1,1,49.911272,3.790600,0
1,1,49.928059,3.947100,0
1,1,49.944522,3.820300,0
1,1,49.961209,3.886400,0
1,1,49.978015,3.888500,0
1,1,49.994723,3.890400,0
1,1,50.011137,4.525100,0
1,1,50.027829,3.791800,0
1,1,50.044440,4.932600,0
1,1,50.061364,4.277600,0
1,1,50.077845,4.272900,0
1,1,50.094465,4.335500,0
1,1,50.111206,3.924700,0
1,1,50.127736,4.730800,0
1,1,50.144776,4.764600,0
1,1,50.161084,4.051400,0
1,1,50.177793,3.985400,0
1,1,50.194763,3.766100,0
1,1,50.211156,3.804700,0
1,1,50.227938,3.777500,0
1,1,50.244599,3.769600,0
1,1,50.261097,4.020300,0
1,1,50.277955,3.991600,0
1,1,50.294413,3.789000,0
1,1,50.311331,4.057600,0
1,1,50.327726,3.804600,0
1,1,50.344499,3.955000,0
1,1,50.361185,3.845700,0
1,1,50.377697,3.781700,0
1,1,50.394436,4.047200,0
1,1,50.411506,3.956700,0
1,1,50.428023,4.363600,0
1,1,50.444467,4.007800,0
1,1,50.461573,3.764400,0
1,1,50.477932,3.815300,0
1,1,50.494591,4.429700,0
1,1,50.511404,3.749600,0
1,1,50.528170,3.786500,0
1,1,50.544507,4.315600,0
1,1,50.560983,4.885700,0
1,1,50.577854,4.926800,0
1,1,50.594329,3.809000,0
1,1,50.611264,3.787500,0
1,1,50.627701,3.763300,0
1,1,50.644637,3.758800,0
1,1,50.661232,3.770400,0
1,1,50.677847,3.728800,0
1,1,50.694676,3.765100,0
1,1,50.711156,3.849400,0
1,1,50.728142,4.762400,0
1,1,50.744688,4.363100,0
1,1,50.761126,3.785000,0
1,1,50.777935,3.842200,0
1,1,50.795018,4.004100,0
1,1,50.811606,3.738100,0
1,1,50.827662,4.753900,0
1,1,50.844794,4.023000,0
1,1,50.861329,3.799800,0
1,1,50.877828,4.813800,0
1,1,50.894526,4.374600,0
1,1,50.911252,3.896700,0
1,1,50.927990,4.531100,0
1,1,50.944461,3.970600,0
1,1,50.961100,3.977300,0
1,1,50.977814,3.781000,0
1,1,50.994516,3.885700,0
1,1,51.011428,4.406100,0
1,1,51.027873,4.434600,0
1,1,51.044423,4.366000,0
1,1,51.061212,4.410200,0
1,1,51.077849,4.390000,0
1,1,51.094424,4.655200,0
1,1,51.111086,3.805000,0
1,1,51.127891,3.791900,0
1,1,51.144389,3.767600,0
1,1,51.161151,3.752700,0
1,1,51.177867,3.722700,0
1,1,51.194488,3.748200,0
1,1,51.211166,3.755100,0
1,1,51.227781,3.766200,0
1,1,51.244525,3.810200,0
1,1,51.261719,3.745100,0
1,1,51.277968,4.358400,0
1,1,51.294770,3.777500,0
1,1,51.311098,4.564200,0
1,1,51.327847,3.937000,0
1,1,51.344591,3.787100,0
1,1,51.361124,4.648400,0
1,1,51.377750,3.772000,0
1,1,51.395214,3.815100,0
1,1,51.411022,3.778800,0
1,1,51.427854,3.754300,0
1,1,51.444720,3.767500,0
1,1,51.461087,4.952600,0
1,1,51.477781,4.331900,0
1,1,51.494593,3.759700,0
1,1,51.511159,5.031700,0
1,1,51.527825,4.308500,0
1,1,51.545134,3.786600,0
1,1,51.561523,4.580500,0
1,1,51.578154,3.756600,0
1,1,51.594563,3.825200,0
1,1,51.611234,5.219600,0
1,1,51.628172,3.759100,0
1,1,51.644477,3.900100,0
1,1,51.661383,4.381100,0
1,1,51.678175,3.774300,0
1,1,51.694563,4.012900,0
1,1,51.711527,4.465100,0
1,1,51.728060,4.288100,0
1,1,51.744962,4.553800,0
1,1,51.761382,3.809500,0
1,1,51.777953,4.029400,0
1,1,51.794974,4.368300,0
1,1,51.811453,3.863200,0
1,1,51.827892,4.590600,0
1,1,51.844741,3.958800,0
1,1,51.861068,3.958500,0
1,1,51.877781,4.005400,0
1,1,51.894630,4.342100,0
1,1,51.911080,3.749300,0
1,1,51.928215,3.844000,0
1,1,51.944818,3.878300,0
1,1,51.961274,4.833600,0
1,1,51.977940,3.937600,0
1,1,51.994563,4.267500,0
1,1,52.011306,3.778600,0
1,1,52.027980,4.055300,0
1,1,52.045540,3.746100,0
1,1,52.061078,5.009000,0
1,1,52.078041,3.920800,0
1,1,52.094615,4.017900,0
1,1,52.111375,5.011100,0
1,1,52.128088,3.938900,0
1,1,52.144757,3.894800,0
1,1,52.161360,4.619700,0
1,1,52.178046,4.152500,0
1,1,52.194823,4.201800,0
1,1,52.211271,3.725900,0
1,1,52.227787,4.228200,0
1,1,52.244710,3.850100,0
1,1,52.261385,4.126800,0
1,1,52.278467,3.722600,0
1,1,52.294757,4.322000,0
1,1,52.311674,4.452800,0
1,1,52.328278,4.596400,0
1,1,52.344683,5.206000,0
1,1,52.361333,4.458800,0
1,1,52.378662,4.642400,0
1,1,52.395034,3.738900,0
1,1,52.411376,3.906300,0
1,1,52.428270,3.727800,0
1,1,52.444736,4.166800,0
1,1,52.461310,4.729200,0
1,1,52.478147,4.187500,0
1,1,52.494691,3.837800,0
1,1,52.511472,3.712500,0
1,1,52.528399,3.924300,0
1,1,52.544641,4.349200,0
1,1,52.561474,4.402800,0
1,1,52.578608,3.990300,0
1,1,52.594960,4.251800,0
1,1,52.611698,3.872500,0
1,1,52.627953,3.957400,0
1,1,52.644904,5.321200,0
1,1,52.661326,3.768000,0
1,1,52.678318,3.744400,0
1,1,52.694606,4.162000,0
1,1,52.714785,4.499500,0
1,1,52.728233,4.149000,0
1,1,52.744924,4.194400,0
1,1,52.761584,3.886100,0
1,1,52.778277,3.823700,0
1,1,52.795060,4.099500,0
1,1,52.811699,4.125200,0
1,1,52.828164,5.280100,0
1,1,52.844761,3.950000,0
1,1,52.861798,3.946800,0
1,1,52.878178,4.234300,0
1,1,52.894878,4.407900,0
1,1,52.911772,4.346300,0
1,1,52.928068,3.886400,0
1,1,52.944863,3.772900,0
1,1,52.961492,3.933500,0
1,1,52.977983,4.197200,0
1,1,52.995054,4.399900,0
1,1,53.011382,4.471100,0
1,1,53.028071,4.104400,0
1,1,53.044687,4.820400,0
1,1,53.061709,4.522800,0
1,1,53.078877,3.908100,0
1,1,53.095382,3.926700,0
1,1,53.111470,3.900700,0
1,1,53.128076,4.411100,0
1,1,53.144743,4.337100,0
1,1,53.161360,4.351200,0
1,1,53.178412,3.897100,0
1,1,53.194595,4.058300,0
1,1,53.211557,4.481200,0
1,1,53.227984,3.852600,0
1,1,53.244897,3.883600,0
1,1,53.262499,4.014800,0
1,1,53.278387,3.825600,0
1,1,53.294878,4.014500,0
1,1,53.311463,5.412700,0
1,1,53.328398,3.890700,0
1,1,53.344928,3.730000,0
1,1,53.361327,4.598200,0
1,1,53.378539,3.891400,0
1,1,53.394721,3.880800,0
1,1,53.412066,4.435400,0
1,1,53.428120,3.813300,0
1,1,53.444874,4.875500,0
1,1,53.461564,4.100700,0
1,1,53.478483,4.308000,0
1,1,53.494801,4.181000,0
1,1,53.511386,4.472800,0
1,1,53.528318,4.013500,0
1,1,53.544878,4.359500,0
1,1,53.561587,5.257900,0
1,1,53.578000,4.254100,0
1,1,53.594871,4.172600,0
1,1,53.611376,4.740100,0
1,1,53.628237,4.406200,0
1,1,53.645020,4.095900,0
1,1,53.661570,4.388700,0
1,1,53.678375,4.189700,0
1,1,53.694884,4.021300,0
1,1,53.711301,3.965400,0
1,1,53.728351,4.358500,0
1,1,53.744883,4.715200,0
1,1,53.761644,3.734100,0
1,1,53.778381,4.401300,0
1,1,53.794825,3.827300,0
1,1,53.811689,4.650400,0
1,1,53.828111,3.700900,0
1,1,53.844949,3.793700,0
1,1,53.861445,3.770900,0
1,1,53.878446,4.300800,0
1,1,53.894650,3.982400,0
1,1,53.911358,4.535900,0
1,1,53.928144,3.954400,0
1,1,53.945153,4.276100,0
1,1,53.961386,3.889000,0
1,1,53.978178,4.540900,0
1,1,53.994661,4.339400,0
1,1,54.011571,4.071800,0
1,1,54.027999,3.999500,0
1,1,54.044853,4.704500,0
1,1,54.061497,4.319300,0
1,1,54.078033,3.773200,0
1,1,54.094828,3.790800,0
1,1,54.111577,4.317400,0
1,1,54.128026,4.303200,0
1,1,54.144875,4.810900,0
1,1,54.161952,3.741300,0
1,1,54.177980,4.652600,0
1,1,54.195354,3.724500,0
1,1,54.211436,3.780600,0
1,1,54.228022,4.394000,0
1,1,54.245107,4.346500,0
1,1,54.261472,4.296100,0
1,1,54.278222,4.261400,0
1,1,54.294781,4.334000,0
1,1,54.311503,4.233100,0
1,1,54.328059,4.508100,0
1,1,54.344797,4.903000,0
1,1,54.361471,4.406400,0
1,1,54.378073,3.923600,0
1,1,54.394969,3.780300,0
1,1,54.411753,3.770900,0
1,1,54.428123,4.482900,0
1,1,54.445116,3.818300,0
1,1,54.461492,3.849100,0
1,1,54.478367,3.832100,0
1,1,54.494587,4.054400,0
1,1,54.511349,4.588400,0
1,1,54.528087,3.914100,0
1,1,54.544672,3.812500,0
1,1,54.561253,4.632100,0
1,1,54.578096,3.770300,0
1,1,54.594888,3.773700,0
1,1,54.611431,4.313800,0
1,1,54.627999,3.766800,0
1,1,54.644790,4.544700,0
1,1,54.661591,3.780400,0
1,1,54.678285,3.723000,0
1,1,54.694609,5.188700,0
1,1,54.711684,4.421800,0
1,1,54.728030,3.950400,0
1,1,54.745476,4.019900,0
1,1,54.761555,4.402700,0
1,1,54.778299,3.778400,0
1,1,54.794797,3.742200,0
1,1,54.811410,4.004400,0
1,1,54.828055,4.098500,0
1,1,54.845053,4.382400,0
1,1,54.861508,3.765300,0
1,1,54.878131,5.111100,0
1,1,54.895240,4.265500,0
1,1,54.911616,3.789000,0
1,1,54.928125,3.948300,0
1,1,54.944693,4.001400,0
1,1,54.961579,4.378300,0
1,1,54.978014,3.784300,0
1,1,54.994694,4.373900,0
1,1,55.011326,4.417700,0
1,1,55.027961,3.763700,0
1,1,55.045115,4.399200,0
1,1,55.061406,4.383800,0
1,1,55.078143,3.761800,0
1,1,55.095297,3.818600,0
1,1,55.111410,4.470400,0
1,1,55.128280,3.779200,0
1,1,55.144781,4.125800,0
1,1,55.161299,4.225700,0
1,1,55.178214,3.862400,0
1,1,55.194889,3.795400,0
1,1,55.211352,4.377800,0
1,1,55.228216,3.981800,0
1,1,55.244918,3.887300,0
1,1,55.261500,4.400100,0
1,1,55.278193,4.423300,0
1,1,55.294746,4.635200,0
1,1,55.311488,4.292900,0
1,1,55.327995,3.797100,0
1,1,55.344686,3.805000,0
1,1,55.361350,3.950600,0
1,1,55.378073,3.859300,0
1,1,55.394766,4.337300,0
1,1,55.411528,3.829100,0
1,1,55.428220,3.813900,0
1,1,55.444725,3.771000,0
1,1,55.461553,3.778400,0
1,1,55.478206,3.812100,0
1,1,55.494864,4.324900,0
1,1,55.511310,4.368700,0
1,1,55.528142,3.785400,0
1,1,55.544697,3.776500,0
1,1,55.561388,3.791700,0
1,1,55.578170,4.387000,0
1,1,55.595024,3.792300,0
1,1,55.611370,4.467600,0
1,1,55.628134,3.867400,0
1,1,55.644957,3.781000,0
1,1,55.661399,3.816800,0
1,1,55.678340,4.398700,0
1,1,55.695435,3.750300,0
1,1,55.711460,3.778900,0
1,1,55.728431,4.823400,0
1,1,55.744822,3.956500,0
1,1,55.761515,4.024000,0
1,1,55.778142,3.971300,0
1,1,55.794867,4.074800,0
1,1,55.811484,4.431200,0
1,1,55.828051,3.727400,0
1,1,55.844707,3.926800,0
1,1,55.861327,3.751400,0
1,1,55.877992,3.753400,0
1,1,55.894655,4.914900,0
1,1,55.911519,3.837700,0
1,1,55.928073,3.770300,0
1,1,55.944857,4.359400,0
1,1,55.961835,3.781100,0
1,1,55.978172,3.749000,0
1,1,55.994696,5.506100,0
1,1,56.011222,4.919500,0
1,1,56.028076,4.379100,0
1,1,56.044709,4.382500,0
1,1,56.061521,4.001600,0
1,1,56.078214,3.772400,0
1,1,56.094615,3.927800,0
1,1,56.111444,4.543200,0
1,1,56.128194,3.770700,0
1,1,56.144621,3.913200,0
1,1,56.161415,3.724800,0
1,1,56.178108,3.852800,0
1,1,56.194849,3.937100,0
1,1,56.211369,3.779600,0
1,1,56.228141,4.013700,0
1,1,56.244699,3.760900,0
1,1,56.261551,3.747800,0
1,1,56.278083,4.386800,0
1,1,56.294716,4.362500,0
1,1,56.311706,3.801300,0
1,1,56.327987,4.411400,0
1,1,56.344763,3.817100,0
1,1,56.361668,3.749800,0
1,1,56.377977,3.939600,0
1,1,56.394718,4.464400,0
1,1,56.411468,3.756200,0
1,1,56.428099,4.005000,0
1,1,56.444778,3.805300,0
1,1,56.461557,3.768000,0
1,1,56.478376,4.435100,0
1,1,56.494669,3.727800,0
1,1,56.511381,4.014800,0
1,1,56.528347,3.978000,0
1,1,56.544778,3.774500,0
1,1,56.561342,3.864800,0
1,1,56.578437,3.787900,0
1,1,56.594756,4.305100,0
1,1,56.611426,4.386300,0
1,1,56.628607,3.768700,0
1,1,56.644679,3.762300,0
1,1,56.661344,3.768900,0
1,1,56.678092,4.192900,0
1,1,56.694737,3.866900,0
1,1,56.711726,3.796200,0
1,1,56.728074,4.013300,0
1,1,56.745019,4.472700,0
1,1,56.761448,3.908200,0
1,1,56.778040,3.773100,0
1,1,56.795032,4.402400,0
1,1,56.811627,3.866400,0
1,1,56.828488,4.390300,0
1,1,56.844679,4.582000,0
1,1,56.861678,3.816400,0
1,1,56.878161,3.793000,0
1,1,56.894811,3.955600,0
1,1,56.911694,3.760200,0
1,1,56.928024,3.937700,0
1,1,56.944942,3.807100,0
1,1,56.961747,3.712100,0
1,1,56.978078,3.895600,0
1,1,56.994857,3.944500,0
1,1,57.011468,3.801100,0
1,1,57.028102,5.336700,0
1,1,57.045079,3.711500,0
1,1,57.061485,3.774900,0
1,1,57.078320,3.867900,0
1,1,57.094690,3.816300,0
1,1,57.111407,4.466700,0
1,1,57.128203,3.922000,0
1,1,57.144752,3.829600,0
1,1,57.161428,4.076800,0
1,1,57.178077,3.798400,0
1,1,57.194887,3.770600,0
1,1,57.211504,3.730500,0
1,1,57.228371,3.745600,0
1,1,57.244844,4.048300,0
1,1,57.261657,4.055000,0
1,1,57.278229,3.779300,0
1,1,57.295008,5.133400,0
1,1,57.311536,3.726100,0
1,1,57.328041,4.513100,0
1,1,57.344765,4.530100,0
1,1,57.361527,3.800500,0
1,1,57.378086,4.429700,0
1,1,57.395000,3.751500,0
1,1,57.411697,3.760600,0
1,1,57.428219,4.595500,0
1,1,57.444804,3.735100,0
1,1,57.461445,3.760600,0
1,1,57.478029,4.784500,0
1,1,57.494771,4.055100,0
1,1,57.511575,4.490700,0
1,1,57.528163,3.770100,0
1,1,57.544906,3.741700,0
1,1,57.561469,3.833400,0
1,1,57.578374,3.782100,0
1,1,57.594804,3.749300,0
1,1,57.611445,4.050400,0
1,1,57.628125,3.790600,0
1,1,57.644761,3.759100,0
1,1,57.661669,4.265200,0
1,1,57.678253,3.866000,0
1,1,57.694750,3.781000,0
1,1,57.711525,3.706000,0
1,1,57.728247,3.764900,0
1,1,57.744657,3.818100,0
1,1,57.764849,4.354300,0
1,1,57.778496,3.802700,0
1,1,57.794844,3.805400,0
1,1,57.811927,3.742000,0
1,1,57.828340,3.760200,0
1,1,57.844803,3.780000,0
1,1,57.861790,3.739400,0
1,1,57.879052,3.746100,0
1,1,57.894817,4.384900,0
1,1,57.912033,3.722200,0
1,1,57.928445,4.387500,0
1,1,57.944867,4.185800,0
1,1,57.961643,3.752900,0
1,1,57.978375,3.745200,0
1,1,57.994954,3.873100,0
1,1,58.011708,3.744100,0
1,1,58.028044,3.930000,0
1,1,58.044911,5.493700,0
1,1,58.061556,3.788000,0
1,1,58.078100,3.919400,0
1,1,58.095063,4.361300,0
1,1,58.111490,4.329800,0
1,1,58.128432,3.774500,0
1,1,58.145079,3.918500,0
1,1,58.161575,4.059900,0
1,1,58.178159,3.896300,0
1,1,58.195126,3.795800,0
1,1,58.211442,3.796100,0
1,1,58.228468,3.902700,0
1,1,58.245376,3.757500,0
1,1,58.261692,3.775600,0
1,1,58.278668,3.906400,0
1,1,58.295166,3.757500,0
1,1,58.311543,3.919600,0
1,1,58.329058,3.891100,0
1,1,58.345086,3.795700,0
1,1,58.361997,3.865500,0
1,1,58.378601,3.904400,0
1,1,58.395126,3.830800,0
1,1,58.411875,4.555600,0
1,1,58.428350,4.417700,0
1,1,58.445008,4.370000,0
1,1,58.461741,3.943000,0
1,1,58.478455,3.816000,0
1,1,58.494960,4.443700,0
1,1,58.511619,4.044600,0
1,1,58.528468,4.382400,0
1,1,58.544909,4.414800,0
1,1,58.561820,4.032900,0
1,1,58.579215,3.820100,0
1,1,58.595091,4.116200,0
1,1,58.611917,3.858200,0
1,1,58.628448,3.891100,0
1,1,58.645182,4.155600,0
1,1,58.661787,3.740400,0
1,1,58.678294,4.574900,0
1,1,58.695078,3.750700,0
1,1,58.711819,3.770100,0
1,1,58.728347,4.397000,0
1,1,58.745785,3.739400,0
1,1,58.761622,3.776100,0
1,1,58.778690,3.957200,0
1,1,58.795129,3.743100,0
1,1,58.811686,4.544500,0
1,1,58.828253,3.758000,0
1,1,58.845072,3.791100,0
1,1,58.861793,3.787000,0
1,1,58.878478,4.394800,0
1,1,58.894965,4.396000,0
1,1,58.911656,4.312100,0
1,1,58.928514,3.777100,0
1,1,58.944948,4.382900,0
1,1,58.961699,4.124200,0
1,1,58.978294,4.288200,0
1,1,58.994989,3.788600,0
1,1,59.011695,3.784800,0
1,1,59.028739,3.796600,0
1,1,59.045046,3.756200,0
1,1,59.061713,4.092200,0
1,1,59.078552,3.881100,0
1,1,59.095196,3.760400,0
1,1,59.111854,4.539800,0
1,1,59.128624,3.768100,0
1,1,59.145235,3.984400,0
1,1,59.162059,4.004700,0
1,1,59.178317,4.091100,0
1,1,59.195427,4.344000,0
1,1,59.211687,4.872400,0
1,1,59.228468,3.989800,0
1,1,59.245136,3.754300,0
1,1,59.261885,3.757000,0
1,1,59.278483,3.770200,0
1,1,59.294984,3.711300,0
1,1,59.311683,4.375600,0
1,1,59.328401,3.790900,0
1,1,59.345264,4.416800,0
1,1,59.361760,3.874100,0
1,1,59.378435,3.773700,0
1,1,59.395209,4.420100,0
1,1,59.411743,4.860700,0
1,1,59.428353,4.084600,0
1,1,59.445075,3.773300,0
1,1,59.461942,3.768500,0
1,1,59.478539,5.004200,0
1,1,59.494941,3.771500,0
1,1,59.512032,3.751800,0
1,1,59.528280,3.735900,0
1,1,59.545175,3.729500,0
1,1,59.561744,3.991200,0
1,1,59.578531,3.932600,0
1,1,59.595946,3.965600,0
1,1,59.611814,4.495600,0
1,1,59.628479,4.894400,0
1,1,59.645140,4.958500,0
1,1,59.661601,4.479900,0
1,1,59.678670,3.772800,0
1,1,59.695270,3.766200,0
1,1,59.711762,4.078100,0
1,1,59.728549,3.759200,0
1,1,59.745342,3.754600,0
1,1,59.761905,4.395300,0
1,1,59.779429,3.754000,0
1,1,59.794981,3.803800,0
1,1,59.811901,3.797100,0
1,1,59.828425,3.761300,0
1,1,59.845011,3.758500,0
1,1,59.861808,3.777300,0
1,1,59.878421,3.933200,0
1,1,59.894850,4.258900,0
1,1,59.911881,4.330700,0
1,1,59.928273,3.753900,0
1,1,59.944924,3.932500,0
1,1,59.961675,3.733600,0
1,1,59.978280,4.242400,0
1,1,59.994964,4.166600,0
1,1,60.011815,3.763100,0
1,1,60.028679,3.774300,0
1,1,60.044818,3.967900,0
1,1,60.061777,3.745300,0
1,1,60.078511,3.781900,0
1,1,60.094923,3.744600,0
1,1,60.111895,3.827200,0
1,1,60.128630,3.770800,0
1,1,60.146096,4.017400,0
1,1,60.162112,4.002700,0
1,1,60.178412,3.814800,0
1,1,60.194975,3.760600,0
1,1,60.211589,3.739200,0
1,1,60.228368,3.959300,0
1,1,60.245152,3.774300,0
1,1,60.261805,4.968700,0
1,1,60.278540,4.040600,0
1,1,60.294928,3.887300,0
1,1,60.312055,4.495300,0
1,1,60.328846,4.377000,0
1,1,60.344811,4.036400,0
1,1,60.361614,3.754400,0
1,1,60.378340,3.795000,0
1,1,60.395360,3.786100,0
1,1,60.411647,4.380100,0
1,1,60.428470,4.253300,0
1,1,60.445030,3.780900,0
1,1,60.461559,4.015000,0
1,1,60.478481,3.767600,0
1,1,60.495694,3.753200,0
1,1,60.511670,4.351600,0
1,1,60.529008,3.819200,0
1,1,60.545135,4.405700,0
1,1,60.562007,3.915000,0
1,1,60.579815,3.739100,0
1,1,60.595176,3.835000,0
1,1,60.611893,3.761600,0
1,1,60.628773,4.043700,0
1,1,60.645600,4.296000,0
1,1,60.662228,3.744600,0
1,1,60.678461,4.032400,0
1,1,60.694914,3.947800,0
1,1,60.712263,3.863000,0
1,1,60.728920,4.032600,0
1,1,60.745138,4.300200,0
1,1,60.761942,5.016000,0
1,1,60.778561,3.747200,0
1,1,60.795031,4.409500,0
1,1,60.811936,3.969100,0
1,1,60.828599,3.727300,0
1,1,60.844864,4.120700,0
1,1,60.861977,4.859700,0
1,1,60.878436,3.766600,0
1,1,60.895087,3.921300,0
1,1,60.911710,3.767900,0
1,1,60.928436,3.779100,0
1,1,60.945043,4.138400,0
1,1,60.961801,3.866700,0
1,1,60.978802,3.898500,0
1,1,60.995168,4.303100,0
1,1,61.011754,4.950300,0
1,1,61.028821,4.009400,0
1,1,61.045024,3.786700,0
1,1,61.061635,3.954300,0
1,1,61.078424,4.301200,0
1,1,61.094938,4.377100,0
1,1,61.111736,4.515400,0
1,1,61.128532,3.783100,0
1,1,61.145174,4.411300,0
1,1,61.161787,3.804900,0
1,1,61.178651,3.959000,0
1,1,61.195556,3.761400,0
1,1,61.211642,4.524700,0
1,1,61.228941,3.778200,0
1,1,61.245342,4.440100,0
1,1,61.262142,4.101200,0
1,1,61.278604,3.815700,0
1,1,61.295017,4.811300,0
1,1,61.311631,4.399100,0
1,1,61.328584,3.747400,0
1,1,61.344931,3.791400,0
1,1,61.361604,4.016300,0
1,1,61.378360,4.551700,0
1,1,61.395209,4.077100,0
1,1,61.411833,4.347200,0
1,1,61.428352,4.078300,0
1,1,61.444929,3.731000,0
1,1,61.461576,3.770500,0
1,1,61.478424,4.896400,0
1,1,61.495087,4.000000,0
1,1,61.511783,3.789700,0
1,1,61.528392,3.938200,0
1,1,61.544994,3.894500,0
1,1,61.561772,3.782500,0
1,1,61.578500,4.070400,0
1,1,61.595323,3.959400,0
1,1,61.611621,4.113100,0
1,1,61.628518,4.285700,0
1,1,61.645127,3.746100,0
1,1,61.661693,3.763300,0
1,1,61.678533,4.298200,0
1,1,61.695037,3.774700,0
1,1,61.712126,3.872900,0
1,1,61.728333,4.400800,0
1,1,61.745038,3.725600,0
1,1,61.761868,3.745700,0
1,1,61.778202,4.926300,0
1,1,61.794934,4.377300,0
1,1,61.811787,3.763100,0
1,1,61.828286,4.389600,0
1,1,61.844946,3.908300,0
1,1,61.861742,3.739700,0
1,1,61.878292,4.407200,0
1,1,61.895364,3.792100,0
1,1,61.911758,3.746100,0
1,1,61.928327,4.836900,0
1,1,61.945314,3.785100,0
1,1,61.961657,3.770700,0
1,1,61.978303,3.877600,0
1,1,61.995114,3.720300,0
1,1,62.011674,3.876200,0
1,1,62.028426,3.773400,0
1,1,62.045006,3.741800,0
1,1,62.061722,4.395600,0
1,1,62.078439,3.758000,0
1,1,62.094941,3.779900,0
1,1,62.111573,4.411500,0
1,1,62.128374,4.429800,0
1,1,62.144999,4.398900,0
1,1,62.161624,4.870900,0
1,1,62.178292,3.906500,0
1,1,62.195461,3.751600,0
1,1,62.211517,3.743500,0
1,1,62.228611,3.932800,0
1,1,62.245096,3.739500,0
1,1,62.262222,4.014300,0
1,1,62.278400,3.878000,0
1,1,62.295096,3.814000,0
1,1,62.311670,3.989100,0
1,1,62.328655,4.266700,0
1,1,62.345186,4.400500,0
1,1,62.361901,4.253700,0
1,1,62.378401,4.372800,0
1,1,62.395057,4.297500,0
1,1,62.411677,3.957300,0
1,1,62.428317,4.425200,0
1,1,62.445045,4.423800,0
1,1,62.461796,4.064400,0
1,1,62.478395,3.872600,0
1,1,62.495050,4.356400,0
1,1,62.511676,4.853800,0
1,1,62.528391,3.780200,0
1,1,62.545652,3.768800,0
1,1,62.561680,4.677200,0
1,1,62.578321,3.765600,0
1,1,62.595227,3.785100,0
1,1,62.611700,4.441200,0
1,1,62.628669,3.738000,0
1,1,62.645066,4.414000,0
1,1,62.661781,3.968100,0
1,1,62.678922,4.692400,0
1,1,62.694880,3.784800,0
1,1,62.711754,3.943200,0
1,1,62.728837,3.909800,0
1,1,62.744925,3.796100,0
1,1,62.761883,4.052200,0
1,1,62.778741,4.064700,0
1,1,62.798276,3.928000,0
1,1,62.811936,4.429700,0
1,1,62.829056,4.620900,0
1,1,62.845223,4.112700,0
1,1,62.861950,3.813200,0
1,1,62.878467,3.737200,0
1,1,62.895073,3.836100,0
1,1,62.911788,4.395200,0
1,1,62.928570,4.828400,0
1,1,62.945000,3.884900,0
1,1,62.961785,4.948000,0
1,1,62.978430,3.757400,0
1,1,62.994995,3.829200,0
1,1,63.011815,4.381200,0
1,1,63.028409,3.988200,0
1,1,63.045281,4.419000,0
1,1,63.061767,4.429800,0
1,1,63.078375,3.987100,0
1,1,63.095409,3.804800,0
1,1,63.111667,4.600600,0
1,1,63.128859,4.851300,0
1,1,63.145111,4.649500,0
1,1,63.161966,4.973000,0
1,1,63.178383,3.794000,0
1,1,63.195373,3.758100,0
1,1,63.211798,3.779400,0
1,1,63.228452,3.775500,0
1,1,63.245260,3.745100,0
1,1,63.261964,3.740200,0
1,1,63.278437,4.391700,0
1,1,63.295085,4.374400,0
1,1,63.311929,4.433900,0
1,1,63.328455,3.805100,0
1,1,63.345015,4.290800,0
1,1,63.361836,4.988200,0
1,1,63.378319,3.772700,0
1,1,63.395004,3.806500,0
1,1,63.411863,3.772100,0
1,1,63.428380,3.795800,0
1,1,63.445057,3.839000,0
1,1,63.461952,3.752000,0
1,1,63.478701,3.923300,0
1,1,63.532936,4.163500,0
1,1,63.532936,4.188200,0
1,1,63.549384,3.790300,0
1,1,63.566553,4.736800,0
1,1,63.583733,3.766900,0
1,1,63.600441,3.709700,0
1,1,63.617198,3.750500,0
1,1,63.633908,3.748800,0
1,1,63.650579,3.725300,0
1,1,63.667265,3.747300,0
1,1,63.686017,3.775000,0
1,1,63.700873,3.805000,0
1,1,63.717090,4.825500,0
1,1,63.733663,3.951900,0
1,1,63.750563,3.746600,0
1,1,63.767590,3.761900,0
1,1,63.783659,4.183800,0
1,1,63.800641,3.893100,0
1,1,63.817327,3.779100,0
1,1,63.834184,3.816500,0
1,1,63.850559,4.113600,0
1,1,63.867136,3.961100,0
1,1,63.884036,3.781000,0
1,1,63.900462,5.017400,0
1,1,63.917203,3.901200,0
1,1,63.933869,4.420800,0
1,1,63.950340,4.022400,0
1,1,63.967117,4.834100,0
1,1,63.984053,3.958100,0
1,1,64.000698,4.390400,0
1,1,64.017211,3.815200,0
1,1,64.033725,3.752400,0
1,1,64.050462,3.786900,0
1,1,64.067055,4.429100,0
1,1,64.084052,3.769800,0
1,1,64.100584,3.783500,0
1,1,64.117064,4.574600,0
1,1,64.134065,3.753600,0
1,1,64.150590,4.466000,0
1,1,64.167267,4.276500,0
1,1,64.183849,4.808100,0
1,1,64.200855,4.949600,0
1,1,64.217153,3.786000,0
1,1,64.233777,3.819900,0
1,1,64.250647,3.761600,0
1,1,64.267389,3.806700,0
1,1,64.283817,4.413100,0
1,1,64.300701,3.836200,0
1,1,64.317227,3.761400,0
1,1,64.333917,3.975100,0
1,1,64.350484,3.785500,0
1,1,64.367175,3.970400,0
1,1,64.383763,4.634400,0
1,1,64.400383,3.810300,0
1,1,64.417151,3.766300,0
1,1,64.433779,4.381500,0
1,1,64.450467,3.804000,0
1,1,64.467225,3.777000,0
1,1,64.483960,4.453400,0
1,1,64.500664,4.436700,0
1,1,64.517598,3.977700,0
1,1,64.533884,4.359200,0
1,1,64.550687,4.063900,0
1,1,64.567396,3.803500,0
1,1,64.584003,3.994500,0
1,1,64.600672,3.896200,0
1,1,64.618474,4.013800,0
1,1,64.633959,3.757300,0
1,1,64.650816,4.579300,0
1,1,64.667295,5.441500,0
1,1,64.683883,4.924900,0
1,1,64.700628,4.300800,0
1,1,64.717261,3.743400,0
1,1,64.733915,3.946900,0
1,1,64.750658,4.350400,0
1,1,64.767166,3.794400,0
1,1,64.783910,4.023900,0
1,1,64.800757,4.294800,0
1,1,64.819188,4.430500,0
1,1,64.834237,5.453800,0
1,1,64.850651,3.941100,0
1,1,64.867136,4.107900,0
1,1,64.884285,3.744000,0
1,1,64.900633,3.994200,0
1,1,64.917089,4.029700,0
1,1,64.934006,3.827700,0
1,1,64.950544,4.544200,0
1,1,64.967591,3.750500,0
1,1,64.983846,4.913400,0
1,1,65.000650,4.009200,0
1,1,65.017221,4.261500,0
1,1,65.033983,5.394300,0
1,1,65.050800,3.741500,0
1,1,65.067201,4.329000,0
1,1,65.084521,4.760400,0
1,1,65.100935,3.789500,0
1,1,65.117224,3.896600,0
1,1,65.134072,4.336400,0
1,1,65.150563,3.921800,0
1,1,65.167383,4.411700,0
1,1,65.183997,3.827000,0
1,1,65.200615,3.799900,0
1,1,65.217189,3.762900,0
1,1,65.233915,4.348500,0
1,1,65.251070,3.802700,0
1,1,65.267400,4.562300,0
1,1,65.284347,4.885800,0
1,1,65.300736,4.870500,0
1,1,65.317200,3.727400,0
1,1,65.334152,4.064800,0
1,1,65.350694,4.028600,0
1,1,65.367249,3.841400,0
1,1,65.383973,3.850400,0
1,1,65.400595,3.977700,0
1,1,65.417262,3.760600,0
1,1,65.433932,4.589800,0
1,1,65.450680,4.413800,0
1,1,65.467185,3.750600,0
1,1,65.483863,4.376800,0
1,1,65.500487,3.768700,0
1,1,65.517126,4.533200,0
1,1,65.533851,4.785900,0
1,1,65.550452,3.766700,0
1,1,65.567105,3.790300,0
1,1,65.583915,4.352800,0
1,1,65.600717,3.749100,0
1,1,65.617200,3.756800,0
1,1,65.633880,4.149200,0
1,1,65.650575,4.395700,0
1,1,65.667363,3.871700,0
1,1,65.683883,3.767300,0
1,1,65.700623,4.324600,0
1,1,65.717148,3.962400,0
1,1,65.734048,3.753800,0
1,1,65.750434,4.846300,0
1,1,65.767454,3.822300,0
1,1,65.783939,3.761100,0
1,1,65.800499,5.044200,0
1,1,65.817277,4.358500,0
1,1,65.833975,3.785200,0
1,1,65.850546,5.422700,0
1,1,65.867163,4.352600,0
1,1,65.883878,3.754600,0
1,1,65.900493,5.438800,0
1,1,65.917202,4.319700,0
1,1,65.933954,3.769200,0
1,1,65.950486,4.116500,0
1,1,65.967871,4.855000,0
1,1,65.983996,3.803100,0
1,1,66.000714,3.758800,0
1,1,66.017263,3.878200,0
1,1,66.034027,3.904400,0
1,1,66.050858,3.774000,0
1,1,66.067700,4.406900,0
1,1,66.084079,3.856700,0
1,1,66.100981,3.768400,0
1,1,66.117296,4.508000,0
1,1,66.134211,4.017900,0
1,1,66.150759,3.735500,0
1,1,66.167362,4.357600,0
1,1,66.183927,3.741500,0
1,1,66.200735,3.784400,0
1,1,66.217187,3.951300,0
1,1,66.233810,3.730000,0
1,1,66.250727,3.771100,0
1,1,66.267439,4.373900,0
1,1,66.284059,3.734400,0
1,1,66.300716,3.847300,0
1,1,66.317394,3.755300,0
1,1,66.334006,3.750900,0
1,1,66.350596,3.754900,0
1,1,66.367272,3.844400,0
1,1,66.383916,4.311200,0
1,1,66.400644,4.793800,0
1,1,66.417207,3.738500,0
1,1,66.433920,3.741000,0
1,1,66.450672,4.412600,0
1,1,66.467259,4.372300,0
1,1,66.484116,3.739900,0
1,1,66.500579,3.847700,0
1,1,66.517345,4.014100,0
1,1,66.533863,3.799800,0
1,1,66.550590,4.349300,0
1,1,66.567228,4.423300,0
1,1,66.583886,3.747600,0
1,1,66.600598,3.795000,0
1,1,66.617344,3.761000,0
1,1,66.633811,3.786300,0
1,1,66.650756,3.754300,0
1,1,66.667190,3.784900,0
1,1,66.684016,3.745400,0
1,1,66.700578,4.314000,0
1,1,66.717404,3.941800,0
1,1,66.734275,3.769500,0
1,1,66.750659,4.057800,0
1,1,66.767521,3.761700,0
1,1,66.784162,3.829900,0
1,1,66.800651,4.002800,0
1,1,66.817408,3.832300,0
1,1,66.834114,4.666200,0
1,1,66.850547,4.385000,0
1,1,66.867382,4.014900,0
1,1,66.883949,4.387800,0
1,1,66.900693,4.845700,0
1,1,66.917546,4.407800,0
1,1,66.934060,4.793000,0
1,1,66.950711,3.780500,0
1,1,66.967284,3.765100,0
1,1,66.983940,4.385100,0
1,1,67.000535,3.752100,0
1,1,67.017277,3.860000,0
1,1,67.033902,3.756500,0
1,1,67.050872,3.758100,0
1,1,67.067280,4.414600,0
1,1,67.084058,3.752100,0
1,1,67.100635,3.759100,0
1,1,67.117250,3.733500,0
1,1,67.134446,4.844300,0
1,1,67.150678,3.793000,0
1,1,67.167712,4.178500,0
1,1,67.184199,3.764900,0
1,1,67.200842,3.730600,0
1,1,67.217861,4.429000,0
1,1,67.234198,3.775500,0
1,1,67.250702,4.133600,0
1,1,67.267477,4.850100,0
1,1,67.284105,3.945300,0
1,1,67.300934,3.756500,0
1,1,67.317717,3.819000,0
1,1,67.334070,3.763500,0
1,1,67.350737,3.778900,0
1,1,67.367420,4.553100,0
1,1,67.383970,3.755900,0
1,1,67.400624,3.773900,0
1,1,67.417336,4.530600,0
1,1,67.433909,4.133500,0
1,1,67.450587,4.389200,0
1,1,67.467528,4.366200,0
1,1,67.483937,4.550400,0
1,1,67.500647,4.322800,0
1,1,67.517229,4.162800,0
1,1,67.534174,4.864300,0
1,1,67.550574,4.816400,0
1,1,67.567280,3.760800,0
1,1,67.584033,4.382500,0
1,1,67.600597,4.404300,0
1,1,67.617394,3.751300,0
1,1,67.634025,3.981100,0
1,1,67.650909,3.772100,0
1,1,67.667772,3.919700,0
1,1,67.684205,3.734700,0
1,1,67.701126,3.983400,0
1,1,67.717605,3.779100,0
1,1,67.733904,3.750000,0
1,1,67.750628,4.849100,0
1,1,67.767656,3.952100,0
1,1,67.784194,3.773100,0
1,1,67.800686,3.967500,0
1,1,67.817484,4.540700,0
1,1,67.833986,3.759400,0
1,1,67.854250,4.902800,0
1,1,67.867655,3.813100,0
1,1,67.884284,4.403900,0
1,1,67.900787,3.997700,0
1,1,67.917433,4.863600,0
1,1,67.933980,4.351700,0
1,1,67.950649,3.765200,0
1,1,67.967359,4.392200,0
1,1,67.984024,3.932300,0
1,1,68.000721,4.352200,0
1,1,68.017429,4.510100,0
1,1,68.034127,3.745800,0
1,1,68.050934,3.770100,0
1,1,68.067435,3.953900,0
1,1,68.083933,4.373500,0
1,1,68.100719,3.763500,0
1,1,68.117222,3.741900,0
1,1,68.133951,3.883800,0
1,1,68.150786,3.732300,0
1,1,68.167155,4.128600,0
1,1,68.183927,4.611100,0
1,1,68.200873,3.735200,0
1,1,68.217217,3.769500,0
1,1,68.233956,4.386700,0
1,1,68.250924,4.368600,0
1,1,68.267455,4.349100,0
1,1,68.284303,4.547000,0
1,1,68.300903,3.751300,0
1,1,68.317291,3.937500,0
1,1,68.333969,3.754900,0
1,1,68.350793,3.770600,0
1,1,68.367251,4.087800,0
1,1,68.384394,4.364900,0
1,1,68.400779,3.924700,0
1,1,68.417246,4.426200,0
1,1,68.433957,4.864300,0
1,1,68.450771,4.249400,0
1,1,68.467273,3.759900,0
1,1,68.484544,3.777300,0
1,1,68.500685,4.902500,0
1,1,68.517481,3.905400,0
1,1,68.534234,4.159700,0
1,1,68.550677,3.972000,0
1,1,68.567349,4.572500,0
1,1,68.583878,4.302600,0
1,1,68.600725,3.767700,0
1,1,68.617743,3.964300,0
1,1,68.634100,3.776600,0
1,1,68.650700,4.482400,0
1,1,68.667532,4.075200,0
1,1,68.684173,3.795700,0
1,1,68.700870,4.382100,0
1,1,68.717561,4.318500,0
1,1,68.734195,3.910400,0
1,1,68.750692,3.902700,0
1,1,68.767769,3.791800,0
1,1,68.784299,3.864600,0
1,1,68.800706,4.232500,0
1,1,68.817421,3.755000,0
1,1,68.834186,3.785000,0
1,1,68.851232,4.148000,0
1,1,68.867779,3.732800,0
1,1,68.884077,4.549500,0
1,1,68.900650,4.012600,0
1,1,68.917405,3.749100,0
1,1,68.934271,4.867000,0
1,1,68.950649,4.765100,0
1,1,68.967390,4.093200,0
1,1,68.984040,3.787400,0
1,1,69.001159,3.749400,0
1,1,69.017306,4.436100,0
1,1,69.034085,3.852500,0
1,1,69.050630,3.844000,0
1,1,69.067533,3.723700,0
1,1,69.084100,3.740600,0
1,1,69.100750,4.008200,0
1,1,69.117587,4.029500,0
1,1,69.133917,4.546400,0
1,1,69.150738,4.770700,0
1,1,69.167494,3.800400,0
1,1,69.184139,3.854600,0
1,1,69.200668,4.342000,0
1,1,69.217375,3.961800,0
1,1,69.234187,3.737300,0
1,1,69.251086,3.773400,0
1,1,69.267700,3.759800,0
1,1,69.284152,4.630900,0
1,1,69.300818,3.835100,0
1,1,69.317490,3.851000,0
1,1,69.334241,3.748800,0
1,1,69.350666,3.781900,0
1,1,69.367696,4.096600,0
1,1,69.384125,3.748900,0
1,1,69.400699,3.796600,0
1,1,69.417390,3.756600,0
1,1,69.434148,3.798000,0
1,1,69.450752,4.378300,0
1,1,69.467281,3.727300,0
1,1,69.484081,4.051400,0
1,1,69.500639,3.762500,0
1,1,69.517633,3.827200,0
1,1,69.533989,4.318400,0
1,1,69.550671,4.563700,0
1,1,69.567242,3.760900,0
1,1,69.584105,3.752800,0
1,1,69.600616,3.752100,0
1,1,69.617786,3.731700,0
1,1,69.633942,3.753500,0
1,1,69.650942,4.064200,0
1,1,69.667762,3.872900,0
1,1,69.684083,3.919600,0
1,1,69.700789,3.823000,0
1,1,69.717501,3.749300,0
1,1,69.734034,3.992500,0
1,1,69.750720,4.397700,0
1,1,69.767430,4.321200,0
1,1,69.784101,4.243300,0
1,1,69.800699,4.938000,0
1,1,69.817293,3.753100,0
1,1,69.834080,4.887500,0
1,1,69.850756,4.561700,0
1,1,69.867341,4.301500,0
1,1,69.884631,4.411500,0
1,2,77.002727,3.901000,0
1,2,77.018529,4.208700,0
1,2,77.035119,3.816300,0
1,2,77.051694,4.003000,0
1,2,77.068377,4.390800,0
1,2,77.085119,4.566400,0
1,2,77.101999,3.869300,0
1,2,77.118302,3.794500,0
1,2,77.135165,4.321200,0
1,2,77.151799,3.741200,0
1,2,77.168706,4.072600,0
1,2,77.185327,3.946500,0
1,2,77.201768,3.845000,0
1,2,77.218451,5.438100,0
1,2,77.235194,3.739000,0
1,2,77.251603,3.801700,0
1,2,77.268881,4.476900,0
1,2,77.285024,3.887800,0
1,2,77.301641,3.769800,0
1,2,77.318647,3.780700,0
1,2,77.335341,4.052900,0
1,2,77.351654,4.852600,0
1,2,77.368474,3.782600,0
1,2,77.385409,3.749200,0
1,2,77.401624,4.818500,0
1,2,77.418494,4.582100,0
1,2,77.434951,3.764900,0
1,2,77.451761,4.426000,0
1,2,77.468446,3.798000,0
1,2,77.485377,3.778100,0
1,2,77.501839,3.882800,0
1,2,77.518388,3.982000,0
1,2,77.535293,3.815100,0
1,2,77.551913,3.926100,0
1,2,77.568770,3.766600,0
1,2,77.585027,4.556300,0
1,2,77.601885,4.802400,0
1,2,77.618456,3.772200,0
1,2,77.635364,4.145100,0
1,2,77.651628,3.804600,0
1,2,77.668612,4.034900,0
1,2,77.685222,3.934000,0
1,2,77.702019,3.772000,0
1,2,77.719082,3.839800,0
1,2,77.735239,3.832400,0
1,2,77.751793,3.902700,0
1,2,77.768759,4.350200,0
1,2,77.785010,3.916600,0
1,2,77.801808,4.910600,0
1,2,77.818626,3.792500,0
1,2,77.835144,4.020300,0
1,2,77.851910,4.407100,0
1,2,77.868654,3.890900,0
1,2,77.885022,3.975500,0
1,2,77.901695,3.767000,0
1,2,77.918484,4.316100,0
1,2,77.935165,4.260400,0
1,2,77.951889,3.775700,0
1,2,77.968443,3.765200,0
1,2,77.985473,3.782000,0
1,2,78.002126,3.779700,0
1,2,78.019086,4.400200,0
1,2,78.035386,4.654800,0
1,2,78.051885,3.784100,0
1,2,78.068575,4.285300,0
1,2,78.085450,3.996700,0
1,2,78.101843,3.942100,0
1,2,78.118549,3.866400,0
1,2,78.135151,3.736100,0
1,2,78.152370,4.297200,0
1,2,78.168409,4.051300,0
1,2,78.185625,3.750200,0
1,2,78.201763,4.333100,0
1,2,78.218486,3.866400,0
1,2,78.235248,4.583300,0
1,2,78.251806,3.783700,0
1,2,78.268660,3.882500,0
1,2,78.285207,3.965200,0
1,2,78.301904,3.989200,0
1,2,78.318671,4.268800,0
1,2,78.335067,4.955000,0
1,2,78.351877,3.811600,0
1,2,78.368517,4.393200,0
1,2,78.385187,3.908200,0
1,2,78.401886,3.754600,0
1,2,78.418406,3.788000,0
1,2,78.435193,4.120900,0
1,2,78.451829,3.802400,0
1,2,78.469030,3.794900,0
1,2,78.485505,3.742600,0
1,2,78.501806,4.106600,0
1,2,78.518540,3.746500,0
1,2,78.535300,3.762500,0
1,2,78.551773,3.932300,0
1,2,78.568526,4.802900,0
1,2,78.585156,4.297700,0
1,2,78.602014,3.980500,0
1,2,78.618639,3.798600,0
1,2,78.635078,4.240900,0
1,2,78.651987,4.864700,0
1,2,78.668691,4.060600,0
1,2,78.685167,3.874700,0
1,2,78.701791,4.845700,0
1,2,78.718418,4.959700,0
1,2,78.735265,4.088900,0
1,2,78.752073,3.799100,0
1,2,78.768801,4.585800,0
1,2,78.785214,4.447400,0
1,2,78.802121,3.941900,0
1,2,78.818796,3.747700,0
1,2,78.835122,4.054700,0
1,2,78.851914,4.132300,0
1,2,78.868689,3.812600,0
1,2,78.885069,4.029400,0
1,2,78.902480,3.789600,0
1,2,78.918933,3.806000,0
1,2,78.935189,4.603500,0
1,2,78.951953,4.301500,0
1,2,78.968410,3.888200,0
1,2,78.985322,3.743700,0
1,2,79.002033,4.338300,0
1,2,79.018434,4.097100,0
1,2,79.035339,4.353000,0
1,2,79.052057,3.775200,0
1,2,79.068446,4.176800,0
1,2,79.085646,3.758900,0
1,2,79.101790,3.997900,0
1,2,79.118478,4.401400,0
1,2,79.135263,3.781700,0
1,2,79.151669,3.798800,0
1,2,79.168715,3.783800,0
1,2,79.185321,3.780500,0
1,2,79.202473,5.625200,0
1,2,79.218564,3.746700,0
1,2,79.235161,3.810500,0
1,2,79.252027,3.745800,0
1,2,79.268616,3.711200,0
1,2,79.285026,3.889000,0
1,2,79.302056,3.775900,0
1,2,79.318590,3.833300,0
1,2,79.335110,3.932000,0
1,2,79.352053,3.821200,0
1,2,79.368383,3.890800,0
1,2,79.385318,3.995200,0
1,2,79.401950,3.787000,0
1,2,79.418555,3.989700,0
1,2,79.435604,3.791700,0
1,2,79.451798,3.799200,0
1,2,79.468667,3.828600,0
1,2,79.485250,3.795900,0
1,2,79.501721,4.331000,0
1,2,79.518605,3.762400,0
1,2,79.535286,3.835200,0
1,2,79.551976,4.595800,0
1,2,79.568515,4.141500,0
1,2,79.585143,4.015700,0
1,2,79.602326,4.309400,0
1,2,79.619286,3.761600,0
1,2,79.635259,4.067700,0
1,2,79.651815,3.762500,0
1,2,79.668600,4.122100,0
1,2,79.685222,3.999000,0
1,2,79.701823,3.774900,0
1,2,79.718662,3.941800,0
1,2,79.735259,3.883400,0
1,2,79.752057,3.742200,0
1,2,79.768633,4.931800,0
1,2,79.785152,3.784100,0
1,2,79.802018,3.779700,0
1,2,79.818541,4.851000,0
1,2,79.835195,4.408900,0
1,2,79.851799,3.878100,0
1,2,79.868616,4.363900,0
1,2,79.885298,3.829200,0
1,2,79.901888,3.878200,0
1,2,79.918860,3.765400,0
1,2,79.935081,3.828800,0
1,2,79.951991,3.937800,0
1,2,79.968594,4.100400,0
1,2,79.985292,4.387400,0
1,2,80.001752,3.734800,0
1,2,80.021636,5.503700,0
1,2,80.035354,3.907300,0
1,2,80.051917,3.776800,0
1,2,80.068573,4.164000,0
1,2,80.085457,3.771200,0
1,2,80.102016,3.743200,0
1,2,80.118830,3.886000,0
1,2,80.135555,3.752900,0
1,2,80.151955,4.753900,0
1,2,80.170608,4.588000,0
1,2,80.185588,3.977200,0
1,2,80.202544,5.482500,0
1,2,80.218682,3.780100,0
1,2,80.235152,4.365200,0
1,2,80.252338,3.755000,0
1,2,80.268495,3.863500,0
1,2,80.285376,4.572900,0
1,2,80.301834,4.341600,0
1,2,80.318552,4.607900,0
1,2,80.335048,4.347400,0
1,2,80.352013,3.892300,0
1,2,80.368459,3.764700,0
1,2,80.385307,3.781600,0
1,2,80.401837,3.805200,0
1,2,80.418522,4.366700,0
1,2,80.435787,3.714300,0
1,2,80.451831,3.798400,0
1,2,80.468808,3.974800,0
1,2,80.485422,3.728900,0
1,2,80.501832,3.845700,0
1,2,80.519354,4.078100,0
1,2,80.535648,4.042600,0
1,2,80.551902,3.914400,0
1,2,80.569001,3.768500,0
1,2,80.585110,4.216900,0
1,2,80.601906,5.271500,0
1,2,80.618525,3.786500,0
1,2,80.635093,4.404600,0
1,2,80.652261,3.749200,0
1,2,80.668523,3.951700,0
1,2,80.685396,4.145500,0
1,2,80.702049,3.754500,0
1,2,80.718907,4.699200,0
1,2,80.735417,5.253200,0
1,2,80.752339,3.899900,0
1,2,80.768670,3.842000,0
1,2,80.785258,5.533700,0
1,2,80.802475,3.865700,0
1,2,80.818772,3.726000,0
1,2,80.836177,3.901700,0
1,2,80.852281,3.761800,0
1,2,80.868745,4.011400,0
1,2,80.885515,4.398600,0
1,2,80.901947,3.749600,0
1,2,80.918732,4.881600,0
1,2,80.936277,3.816100,0
1,2,80.951849,4.100300,0
1,2,80.968692,4.368100,0
1,2,80.985486,3.762000,0
1,2,81.001889,4.040600,0
1,2,81.018477,4.027800,0
1,2,81.035294,3.950600,0
1,2,81.051952,4.051500,0
1,2,81.068807,3.783700,0
1,2,81.085291,3.789400,0
1,2,81.102119,4.011500,0
1,2,81.118967,4.581500,0
1,2,81.135342,3.801300,0
1,2,81.151848,4.397100,0
1,2,81.168501,3.914600,0
1,2,81.185676,4.039100,0
1,2,81.202189,4.357100,0
1,2,81.218652,3.995600,0
1,2,81.235308,3.879300,0
1,2,81.251921,3.786500,0
1,2,81.268918,3.780300,0
1,2,81.285464,4.633000,0
1,2,81.302034,3.820400,0
1,2,81.318601,4.599800,0
1,2,81.335223,3.748500,0
1,2,81.351937,3.766700,0
1,2,81.368405,4.349800,0
1,2,81.385364,3.896200,0
1,2,81.402523,3.957900,0
1,2,81.418663,3.772100,0
1,2,81.435434,3.883400,0
1,2,81.451904,3.787300,0
1,2,81.469132,4.033500,0
1,2,81.485403,3.809500,0
1,2,81.501858,4.949100,0
1,2,81.518677,4.834700,0
1,2,81.535221,3.760500,0
1,2,81.551921,3.942100,0
1,2,81.568492,3.798400,0
1,2,81.585318,3.944100,0
1,2,81.602570,4.388400,0
1,2,81.618543,3.761100,0
1,2,81.635316,4.290100,0
1,2,81.652196,3.909200,0
1,2,81.668808,3.911000,0
1,2,81.685463,3.821800,0
1,2,81.702416,3.929600,0
1,2,81.718886,4.413100,0
1,2,81.735420,4.383500,0
1,2,81.752446,4.771300,0
1,2,81.768788,4.394500,0
1,2,81.785173,3.775900,0
1,2,81.802186,3.814200,0
1,2,81.818650,3.804300,0
1,2,81.835640,3.970200,0
1,2,81.853326,3.765300,0
1,2,81.868851,4.395600,0
1,2,81.885861,4.415100,0
1,2,81.902357,4.396100,0
1,2,81.918939,3.959300,0
1,2,81.936002,3.762900,0
1,2,81.952431,3.802200,0
1,2,81.969030,3.756900,0
1,2,81.985917,3.723400,0
1,2,82.002515,3.841200,0
1,2,82.019190,3.808500,0
1,2,82.036058,3.769900,0
1,2,82.053236,4.022700,0
1,2,82.069101,4.001300,0
1,2,82.085736,3.779500,0
1,2,82.102330,3.855100,0
1,2,82.119036,5.423800,0
1,2,82.135595,4.292200,0
1,2,82.152449,3.743200,0
1,2,82.168979,3.803900,0
1,2,82.185582,3.708200,0
1,2,82.202466,3.789800,0
1,2,82.218889,3.787800,0
1,2,82.235562,3.850100,0
1,2,82.252377,3.772700,0
1,2,82.268906,3.736200,0
1,2,82.285653,4.852200,0
1,2,82.302333,3.899600,0
1,2,82.318888,3.943700,0
1,2,82.335632,5.381000,0
1,2,82.352330,3.762300,0
1,2,82.369005,4.364600,0
1,2,82.385782,4.814000,0
1,2,82.402220,3.931500,0
1,2,82.418867,3.730100,0
1,2,82.435606,3.784100,0
1,2,82.452538,3.760700,0
1,2,82.468920,3.746400,0
1,2,82.485671,3.956200,0
1,2,82.502319,3.754800,0
1,2,82.518886,3.761800,0
1,2,82.535739,4.423900,0
1,2,82.552846,4.545100,0
1,2,82.569253,4.007100,0
1,2,82.585701,3.985500,0
1,2,82.602385,4.933000,0
1,2,82.618940,3.804900,0
1,2,82.636136,3.760600,0
1,2,82.652354,4.395900,0
1,2,82.669160,4.102000,0
1,2,82.685760,3.756700,0
1,2,82.702600,3.781600,0
1,2,82.718845,3.780700,0
1,2,82.735649,3.965400,0
1,2,82.752444,3.746600,0
1,2,82.769068,4.854000,0
1,2,82.785780,4.402000,0
1,2,82.802601,3.817600,0
1,2,82.819023,4.912900,0
1,2,82.835629,3.830000,0
1,2,82.852614,4.348800,0
1,2,82.869392,3.782500,0
1,2,82.885797,4.392400,0
1,2,82.902372,3.717100,0
1,2,82.919044,3.752400,0
1,2,82.935553,3.728400,0
1,2,82.952515,3.703300,0
1,2,82.969017,3.744200,0
1,2,82.985597,3.964800,0
1,2,83.002419,4.822100,0
1,2,83.018999,3.843100,0
1,2,83.035913,4.350900,0
1,2,83.052549,3.766900,0
1,2,83.069025,3.938200,0
1,2,83.086088,3.777400,0
1,2,83.102297,3.747900,0
1,2,83.118909,4.074500,0
1,2,83.135823,4.168000,0
1,2,83.152317,3.742200,0
1,2,83.169156,4.366500,0
1,2,83.185959,3.771100,0
1,2,83.202261,3.784600,0
1,2,83.219446,3.803300,0
1,2,83.235638,4.383700,0
1,2,83.252237,3.911600,0
1,2,83.269135,3.762400,0
1,2,83.285675,4.821000,0
1,2,83.302276,4.666100,0
1,2,83.319047,4.359900,0
1,2,83.335597,3.793900,0
1,2,83.352557,4.251000,0
1,2,83.369180,3.738100,0
1,2,83.385588,3.792800,0
1,2,83.402290,3.766700,0
1,2,83.418964,3.789300,0
1,2,83.435717,4.683100,0
1,2,83.452458,3.734100,0
1,2,83.469078,4.324100,0
1,2,83.486070,4.003400,0
1,2,83.502658,3.782900,0
1,2,83.519201,4.635700,0
1,2,83.535977,4.372300,0
1,2,83.552291,4.094500,0
1,2,83.568978,4.873600,0
1,2,83.585648,3.770700,0
1,2,83.603109,3.833300,0
1,2,83.619540,3.834300,0
1,2,83.636228,3.728800,0
1,2,83.652384,4.013700,0
1,2,83.669158,3.994000,0
1,2,83.686057,3.794600,0
1,2,83.702318,4.326200,0
1,2,83.719888,5.421000,0
1,2,83.735726,3.760200,0
1,2,83.752490,4.508200,0
1,2,83.769168,3.815300,0
1,2,83.785674,3.911100,0
1,2,83.802550,4.087900,0
1,2,83.818995,3.763300,0
1,2,83.835595,3.903700,0
1,2,83.852503,3.768600,0
1,2,83.869009,3.784300,0
1,2,83.885866,4.000400,0
1,2,83.902580,3.760400,0
1,2,83.919413,3.901200,0
1,2,83.935770,3.806600,0
1,2,83.952827,3.779200,0
1,2,83.969264,3.769300,0
1,2,83.985864,3.753800,0
1,2,84.002630,4.016800,0
1,2,84.019120,4.231400,0
1,2,84.035961,3.745800,0
1,2,84.052470,3.780500,0
1,2,84.069181,4.620400,0
1,2,84.085980,4.356200,0
1,2,84.102397,4.446800,0
1,2,84.119550,4.338100,0
1,2,84.135970,3.734800,0
1,2,84.152350,4.051800,0
1,2,84.169634,3.752100,0
1,2,84.185831,4.099300,0
1,2,84.202533,4.398900,0
1,2,84.219168,3.768600,0
1,2,84.235729,3.843400,0
1,2,84.252431,3.725400,0
1,2,84.269113,3.853800,0
1,2,84.285836,4.032000,0
1,2,84.302541,3.744100,0
1,2,84.319032,4.482900,0
1,2,84.336123,3.742100,0
1,2,84.352452,3.963500,0
1,2,84.369062,4.912400,0
1,2,84.386074,4.352500,0
1,2,84.402506,3.798900,0
1,2,84.419131,3.962100,0
1,2,84.435821,4.443100,0
1,2,84.452370,4.787400,0
1,2,84.469430,3.822900,0
1,2,84.485833,3.967100,0
1,2,84.502716,4.362000,0
1,2,84.519192,3.839300,0
1,2,84.535967,4.542600,0
1,2,84.552716,3.712000,0
1,2,84.569141,3.836600,0
1,2,84.586235,4.536900,0
1,2,84.602542,4.229900,0
1,2,84.619121,4.394600,0
1,2,84.636457,3.759100,0
1,2,84.653079,3.787300,0
1,2,84.669457,4.528800,0
1,2,84.685774,4.719200,0
1,2,84.702518,4.381200,0
1,2,84.719410,3.695100,0
1,2,84.735861,3.764000,0
1,2,84.752951,3.752000,0
1,2,84.769126,4.481800,0
1,2,84.785767,3.926400,0
1,2,84.802850,3.723000,0
1,2,84.819203,3.791700,0
1,2,84.836057,3.740000,0
1,2,84.852554,4.250800,0
1,2,84.869084,4.071000,0
1,2,84.885861,3.734800,0
1,2,84.902508,3.779200,0
1,2,84.919564,3.706400,0
1,2,84.935957,4.021800,0
1,2,84.952530,4.242400,0
1,2,84.969375,3.751500,0
1,2,84.985878,3.744300,0
1,2,85.002617,4.528800,0
1,2,85.020085,4.513600,0
1,2,85.035821,3.933700,0
1,2,85.053254,3.731400,0
1,2,85.073566,3.740500,0
1,2,85.085726,3.944600,0
1,2,85.103095,4.187200,0
1,2,85.119228,4.253500,0
1,2,85.136151,3.765300,0
1,2,85.152911,3.846100,0
1,2,85.169304,5.276300,0
1,2,85.185994,4.359600,0
1,2,85.202656,3.785000,0
1,2,85.219351,3.764500,0
1,2,85.236074,4.730400,0
1,2,85.252648,3.828700,0
1,2,85.269318,4.718200,0
1,2,85.286024,3.977500,0
1,2,85.302706,3.764400,0
1,2,85.319212,4.661500,0
1,2,85.335943,3.710300,0
1,2,85.352975,4.114900,0
1,2,85.369533,4.575500,0
1,2,85.386065,3.781000,0
1,2,85.402580,4.064200,0
1,2,85.419275,3.998600,0
1,2,85.436475,3.771000,0
1,2,85.452518,3.953400,0
1,2,85.469271,4.138500,0
1,2,85.485966,3.797400,0
1,2,85.502511,4.317100,0
1,2,85.519483,3.782600,0
1,2,85.535949,4.262800,0
1,2,85.552454,4.440300,0
1,2,85.569445,3.857600,0
1,2,85.585862,3.765400,0
1,2,85.602795,4.050200,0
1,2,85.619622,3.790700,0
1,2,85.635900,4.215900,0
1,2,85.652866,3.908700,0
1,2,85.669288,4.030000,0
1,2,85.685931,4.400500,0
1,2,85.702595,4.384100,0
1,2,85.719223,4.432800,0
1,2,85.735910,3.752700,0
1,2,85.752514,4.079300,0
1,2,85.769352,4.342700,0
1,2,85.786024,3.778800,0
1,2,85.802604,4.370500,0
1,2,85.819333,3.782200,0
1,2,85.836143,3.791500,0
1,2,85.852605,3.853800,0
1,2,85.869347,4.477000,0
1,2,85.886196,3.755000,0
1,2,85.902517,3.784000,0
1,2,85.919304,4.054100,0
1,2,85.935967,3.769600,0
1,2,85.952797,4.386700,0
1,2,85.969286,4.003300,0
1,2,85.986001,4.469400,0
1,2,86.002689,4.419600,0
1,2,86.019172,3.821300,0
1,2,86.035965,4.297600,0
1,2,86.052509,3.766700,0
1,2,86.069331,3.782200,0
1,2,86.085912,3.757400,0
1,2,86.102457,3.813800,0
1,2,86.119659,3.808800,0
1,2,86.135944,5.466900,0
1,2,86.152878,3.752200,0
1,2,86.169301,3.780500,0
1,2,86.186462,3.880300,0
1,2,86.202692,3.802200,0
1,2,86.219440,4.061700,0
1,2,86.235947,4.387400,0
1,2,86.252687,3.983900,0
1,2,86.269984,3.788000,0
1,2,86.285930,3.752600,0
1,2,86.302592,4.857300,0
1,2,86.319313,3.971000,0
1,2,86.336286,3.805700,0
1,2,86.352547,3.758700,0
1,2,86.370295,4.814300,0
1,2,86.386877,3.764700,0
1,2,86.403210,3.770000,0
1,2,86.419773,3.805900,0
1,2,86.436379,3.970900,0
1,2,86.453260,3.924200,0
1,2,86.469929,3.831700,0
1,2,86.486396,4.050200,0
1,2,86.503179,3.807800,0
1,2,86.519884,3.762200,0
1,2,86.536434,3.860200,0
1,2,86.553629,4.766800,0
1,2,86.569743,3.753300,0
1,2,86.586329,4.859200,0
1,2,86.603093,3.795600,0
1,2,86.620263,4.434900,0
1,2,86.637075,3.764900,0
1,2,86.653266,3.761100,0
1,2,86.670242,4.404400,0
1,2,86.686790,3.765900,0
1,2,86.703797,3.767600,0
1,2,86.719852,3.776800,0
1,2,86.737116,3.948500,0
1,2,86.753227,3.798400,0
1,2,86.769966,3.787200,0
1,2,86.787167,4.214600,0
1,2,86.803582,3.788100,0
1,2,86.820462,3.756800,0
1,2,86.837385,3.966800,0
1,2,86.853520,4.048200,0
1,2,86.870603,4.370500,0
1,2,86.886821,4.051500,0
1,2,86.903440,4.552600,0
1,2,86.920224,3.755600,0
1,2,86.937145,3.784000,0
1,2,86.953614,3.729800,0
1,2,86.970250,3.937600,0
1,2,86.987041,4.060400,0
1,2,87.003589,3.754400,0
1,2,87.020240,4.034800,0
1,2,87.036792,3.833800,0
1,2,87.053542,3.775900,0
1,2,87.070103,3.781600,0
1,2,87.086883,4.368200,0
1,2,87.104362,3.756500,0
1,2,87.120114,4.002600,0
1,2,87.136948,4.408800,0
1,2,87.153685,3.740400,0
1,2,87.170330,3.905300,0
1,2,87.187269,3.752100,0
1,2,87.203431,3.906000,0
1,2,87.220206,3.905400,0
1,2,87.236972,3.769600,0
1,2,87.253410,4.004400,0
1,2,87.270128,5.477900,0
1,2,87.286868,4.381200,0
1,2,87.303383,3.774900,0
1,2,87.320398,4.896100,0
1,2,87.336881,4.564800,0
1,2,87.353512,3.796700,0
1,2,87.370321,4.543300,0
1,2,87.386902,4.859500,0
1,2,87.403453,3.778400,0
1,2,87.420131,3.769100,0
1,2,87.436820,3.761300,0
1,2,87.453410,3.775500,0
1,2,87.470225,3.764200,0
1,2,87.486769,3.734800,0
1,2,87.503480,4.339200,0
1,2,87.520295,3.777000,0
1,2,87.536750,3.780600,0
1,2,87.553425,4.394800,0
1,2,87.570136,3.777400,0
1,2,87.586671,3.954600,0
1,2,87.603400,3.805800,0
1,2,87.620427,3.834700,0
1,2,87.636955,3.796100,0
1,2,87.654071,3.845000,0
1,2,87.670162,4.071000,0
1,2,87.686842,4.347200,0
1,2,87.703642,4.404000,0
1,2,87.720246,4.371300,0
1,2,87.736775,4.831000,0
1,2,87.753505,4.552800,0
1,2,87.770524,3.775700,0
1,2,87.786780,4.851200,0
1,2,87.803827,4.386900,0
1,2,87.820277,4.455900,0
1,2,87.836940,4.064200,0
1,2,87.853500,3.786500,0
1,2,87.870207,4.001900,0
1,2,87.886982,5.083600,0
1,2,87.903539,3.771000,0
1,2,87.920056,3.792300,0
1,2,87.936851,4.920800,0
1,2,87.953713,3.919600,0
1,2,87.970469,3.775400,0
1,2,87.987263,3.804900,0
1,2,88.003602,3.972700,0
1,2,88.020316,3.941300,0
1,2,88.036806,3.795200,0
1,2,88.053475,4.412200,0
1,2,88.070180,3.789600,0
1,2,88.087011,3.762800,0
1,2,88.103440,4.373100,0
1,2,88.120184,4.021100,0
1,2,88.136869,3.780100,0
1,2,88.153753,3.867500,0
1,2,88.170193,3.754800,0
1,2,88.187149,3.764800,0
1,2,88.203545,3.950700,0
1,2,88.220288,3.780200,0
1,2,88.236771,3.799800,0
1,2,88.253521,4.316600,0
1,2,88.270293,3.782600,0
1,2,88.286798,4.994600,0
1,2,88.303604,3.740800,0
1,2,88.320240,4.380400,0
1,2,88.336726,5.652500,0
1,2,88.354362,3.752700,0
1,2,88.370473,3.782000,0
1,2,88.387311,4.168500,0
1,2,88.403665,3.753100,0
1,2,88.420234,3.807600,0
1,2,88.437704,3.837300,0
1,2,88.453556,4.026000,0
1,2,88.470596,4.488600,0
1,2,88.487169,3.773500,0
1,2,88.503528,4.798500,0
1,2,88.520255,3.837000,0
1,2,88.537102,3.752800,0
1,2,88.553989,5.137700,0
1,2,88.570201,3.772800,0
1,2,88.587104,4.675700,0
1,2,88.603953,3.778400,0
1,2,88.620317,3.766900,0
1,2,88.637102,4.527100,0
1,2,88.653733,3.881900,0
1,2,88.670264,5.408900,0
1,2,88.687267,4.093700,0
1,2,88.703538,3.798900,0
1,2,88.720685,3.746400,0
1,2,88.737004,3.757000,0
1,2,88.753771,3.895200,0
1,2,88.770481,3.839700,0
1,2,88.786971,3.908100,0
1,2,88.803704,3.756900,0
1,2,88.820298,3.918900,0
1,2,88.836944,4.000500,0
1,2,88.853754,4.144600,0
1,2,88.870202,3.942000,0
1,2,88.887463,3.728600,0
1,2,88.903500,3.887100,0
1,2,88.920235,4.471500,0
1,2,88.936930,3.898700,0
1,2,88.953479,3.790500,0
1,2,88.970444,3.749600,0
1,2,88.986907,4.369600,0
1,2,89.003579,4.198800,0
1,2,89.020233,4.252900,0
1,2,89.036838,3.799100,0
1,2,89.053430,4.013800,0
1,2,89.070157,3.904700,0
1,2,89.086931,4.056400,0
1,2,89.103786,3.840100,0
1,2,89.120180,3.776800,0
1,2,89.137085,3.986000,0
1,2,89.153922,3.789400,0
1,2,89.170149,3.884800,0
1,2,89.187117,3.848600,0
1,2,89.203829,3.715400,0
1,2,89.220140,4.415000,0
1,2,89.237226,3.960000,0
1,2,89.253506,4.251500,0
1,2,89.270123,4.995500,0
1,2,89.286938,3.766000,0
1,2,89.303866,3.769500,0
1,2,89.320589,3.780400,0
1,2,89.337067,3.948500,0
1,2,89.353832,3.773600,0
1,2,89.370714,3.751300,0
1,2,89.386978,4.253500,0
1,2,89.404146,3.761900,0
1,2,89.420631,3.799000,0
1,2,89.437222,4.181100,0
1,2,89.455414,4.363000,0
1,2,89.470387,3.802600,0
1,2,89.487266,3.746100,0
1,2,89.503837,3.755200,0
1,2,89.520255,4.816300,0
1,2,89.537327,3.763000,0
1,2,89.553718,3.777900,0
1,2,89.570609,3.914700,0
1,2,89.587382,3.752300,0
1,2,89.603665,4.051600,0
1,2,89.620314,3.753800,0
1,2,89.637157,3.765600,0
1,2,89.653721,4.054300,0
1,2,89.670567,3.754300,0
1,2,89.686973,4.093100,0
1,2,89.703674,4.327200,0
1,2,89.720469,3.748300,0
1,2,89.736951,4.878300,0
1,2,89.754166,3.756400,0
1,2,89.770387,4.201400,0
1,2,89.787039,3.979400,0
1,2,89.803728,3.762500,0
1,2,89.820255,3.916100,0
1,2,89.837177,4.380000,0
1,2,89.853872,4.026600,0
1,2,89.870257,3.794700,0
1,2,89.887234,3.748400,0
1,2,89.904010,4.008500,0
1,2,89.920403,4.100600,0
1,2,89.937224,3.760600,0
1,2,89.953610,4.474800,0
1,2,89.970263,4.876700,0
1,2,89.987228,3.754200,0
1,2,90.003883,3.983400,0
1,2,90.020301,4.785900,0
1,2,90.037008,4.879200,0
1,2,90.053649,4.652000,0
1,2,90.070260,3.883300,0
1,2,90.087211,4.397500,0
1,2,90.103522,4.737300,0
1,2,90.124143,3.920600,0
1,2,90.137060,4.427200,0
1,2,90.153760,4.391000,0
1,2,90.170669,3.991100,0
1,2,90.187285,4.196600,0
1,2,90.204230,3.743400,0
1,2,90.220668,3.922500,0
1,2,90.237116,4.854400,0
1,2,90.253833,3.975100,0
1,2,90.270770,3.884900,0
1,2,90.287291,4.587800,0
1,2,90.304145,3.850500,0
1,2,90.322021,3.824200,0
1,2,90.337310,3.784400,0
1,2,90.354666,4.300100,0
1,2,90.370715,3.796200,0
1,2,90.387256,4.285800,0
1,2,90.404780,5.392700,0
1,2,90.420519,3.756700,0
1,2,90.437103,3.770000,0
1,2,90.454390,3.766300,0
1,2,90.470636,3.786600,0
1,2,90.487062,4.679400,0
1,2,90.503969,3.760000,0
1,2,90.520564,3.804800,0
1,2,90.537281,4.836200,0
1,2,90.553959,3.760000,0
1,2,90.570444,3.955000,0
1,2,90.587293,3.747100,0
1,2,90.604131,3.780400,0
1,2,90.620549,4.732200,0
1,2,90.637359,4.342800,0
1,2,90.653904,3.825300,0
1,2,90.670620,3.771800,0
1,2,90.687321,3.787700,0
1,2,90.703774,4.846300,0
1,2,90.721107,3.786300,0
1,2,90.737438,3.788500,0
1,2,90.754044,3.767300,0
1,2,90.770882,3.750200,0
1,2,90.787111,3.786000,0
1,2,90.804080,3.766100,0
1,2,90.820632,3.768100,0
1,2,90.837238,3.996100,0
1,2,90.854072,4.573600,0
1,2,90.870584,3.780800,0
1,2,90.887140,5.031800,0
1,2,90.903899,3.783500,0
1,2,90.920610,3.782800,0
1,2,90.937166,4.381900,0
1,2,90.954100,3.766000,0
1,2,90.970567,3.799600,0
1,2,90.987408,4.077400,0
1,2,91.004020,4.338100,0
1,2,91.020559,3.810200,0
1,2,91.037208,3.743900,0
1,2,91.053985,3.776300,0
1,2,91.070468,3.980100,0
1,2,91.087837,3.778400,0
1,2,91.104037,3.769600,0
1,2,91.120559,4.070000,0
1,2,91.137603,3.759400,0
1,2,91.153878,3.782100,0
1,2,91.170571,4.918100,0
1,2,91.187496,3.767300,0
1,2,91.204087,3.854000,0
1,2,91.220788,4.458100,0
1,2,91.237637,3.803600,0
1,2,91.254243,3.816000,0
1,2,91.271003,3.762400,0
1,2,91.287161,3.798000,0
1,2,91.303805,4.736500,0
1,2,91.320912,3.772000,0
1,2,91.337197,4.615000,0
1,2,91.353950,4.393100,0
1,2,91.370703,3.761300,0
1,2,91.387108,3.822400,0
1,2,91.403966,4.395400,0
1,2,91.420715,3.753500,0
1,2,91.437364,3.968900,0
1,2,91.453814,3.790800,0
1,2,91.470515,5.467400,0
1,2,91.487127,4.376800,0
1,2,91.503957,4.376800,0
1,2,91.520576,4.824000,0
1,2,91.537408,4.501800,0
1,2,91.553835,3.751000,0
1,2,91.570585,5.428200,0
1,2,91.587108,3.745200,0
1,2,91.603769,3.801100,0
1,2,91.620695,3.766000,0
1,2,91.637218,4.555200,0
1,2,91.653904,4.840600,0
1,2,91.670652,3.780700,0
1,2,91.687175,4.519000,0
1,2,91.703871,4.396700,0
1,2,91.720536,4.387500,0
1,2,91.737079,3.757000,0
1,2,91.754067,4.332300,0
1,2,91.770781,3.791200,0
1,2,91.787235,4.471500,0
1,2,91.803792,3.742000,0
1,2,91.820584,3.796800,0
1,2,91.837371,3.755600,0
1,2,91.853997,3.767400,0
1,2,91.870580,3.792600,0
1,2,91.887377,3.770200,0
1,2,91.903880,3.769500,0
1,2,91.920527,4.286800,0
1,2,91.937560,4.528200,0
1,2,91.953851,3.784200,0
1,2,91.970546,5.425300,0
1,2,91.987527,4.029700,0
1,2,92.004074,3.777800,0
1,2,92.020745,3.791100,0
1,2,92.037353,4.044300,0
1,2,92.054071,4.443100,0
1,2,92.070615,4.381400,0
1,2,92.087163,4.402400,0
1,2,92.103898,3.790100,0
1,2,92.120615,3.768400,0
1,2,92.137167,3.843500,0
1,2,92.155036,3.790200,0
1,2,92.170729,4.468700,0
1,2,92.187552,3.849700,0
1,2,92.204237,3.823400,0
1,2,92.220864,4.028400,0
1,2,92.237382,3.848300,0
1,2,92.254111,4.004900,0
1,2,92.271017,3.775700,0
1,2,92.287522,3.774100,0
1,2,92.304027,4.065300,0
1,2,92.320623,4.393600,0
1,2,92.337316,5.426200,0
1,2,92.354067,3.801300,0
1,2,92.370613,3.783300,0
1,2,92.387474,3.969300,0
1,2,92.404284,3.787900,0
1,2,92.420941,3.814000,0
1,2,92.437441,3.915100,0
1,2,92.454044,3.800900,0
1,2,92.470720,4.057600,0
1,2,92.487641,4.427000,0
1,2,92.504152,3.791200,0
1,2,92.520756,3.882100,0
1,2,92.537521,3.865200,0
1,2,92.554282,4.919800,0
1,2,92.570970,3.873000,0
1,2,92.587365,3.976000,0
1,2,92.604325,4.437300,0
1,2,92.620716,3.781500,0
1,2,92.637528,3.980300,0
1,2,92.654372,4.588400,0
1,2,92.671001,3.842600,0
1,2,92.687277,4.476200,0
1,2,92.704974,3.748400,0
1,2,92.720776,3.783400,0
1,2,92.737871,3.802000,0
1,2,92.754297,3.767900,0
1,2,92.770797,3.875100,0
1,2,92.787478,3.917300,0
1,2,92.804075,4.359200,0
1,2,92.820727,3.793900,0
1,2,92.837769,3.764900,0
1,2,92.854012,3.773600,0
1,2,92.870895,4.012200,0
1,2,92.887209,3.752500,0
1,2,92.904075,3.960100,0
1,2,92.920710,3.797800,0
1,2,92.937388,3.763000,0
1,2,92.954100,3.983600,0
1,2,92.971049,3.779800,0
1,2,92.987853,3.789900,0
1,2,93.004377,4.443100,0
1,2,93.020788,3.903300,0
1,2,93.038066,3.897700,0
1,2,93.054579,4.059300,0
1,2,93.071645,3.825700,0
1,2,93.088666,4.158600,0
1,2,93.104564,5.555500,0
1,2,93.120988,3.815700,0
1,2,93.137756,4.591600,0
1,2,93.154248,3.753800,0
1,2,93.170802,4.804500,0
1,2,93.187845,4.356800,0
1,2,93.204135,4.626700,0
1,2,93.221052,4.797300,0
1,2,93.237470,3.744000,0
1,2,93.253970,4.983900,0
1,2,93.271205,3.961400,0
1,2,93.287487,4.099400,0
1,2,93.304095,3.985300,0
1,2,93.320828,3.760000,0
1,2,93.337361,3.875500,0
1,2,93.354243,3.744500,0
1,2,93.370732,4.606900,0
1,2,93.387477,4.476900,0
1,2,93.404096,3.785600,0
1,2,93.420762,4.971700,0
1,2,93.437587,4.170500,0
1,2,93.453942,4.077100,0
1,2,93.470727,4.807800,0
1,2,93.487698,3.789400,0
1,2,93.504232,3.971900,0
1,2,93.521329,4.244500,0
1,2,93.537456,4.230800,0
1,2,93.554034,3.938300,0
1,2,93.570768,3.809900,0
1,2,93.587567,4.893200,0
1,2,93.604069,4.128800,0
1,2,93.620751,4.820800,0
1,2,93.637905,3.923200,0
1,2,93.654374,3.757100,0
1,2,93.671084,4.700600,0
1,2,93.687441,4.879400,0
1,2,93.704164,3.790100,0
1,2,93.720726,3.769600,0
1,2,93.737450,3.842000,0
1,2,93.754461,4.382900,0
1,2,93.771007,3.903100,0
1,2,93.787351,3.920900,0
1,2,93.804204,4.473700,0
1,2,93.820801,4.014000,0
1,2,93.837525,3.966500,0
1,2,93.854137,4.853600,0
1,2,93.870554,3.834200,0
1,2,93.887499,4.365500,0
1,2,93.903989,3.786900,0
1,2,93.920777,3.777800,0
1,2,93.937698,3.800700,0
1,2,93.954392,4.068400,0
1,2,93.970882,3.819600,0
1,2,93.987540,3.909800,0
1,2,94.004079,4.439600,0
1,2,94.020734,3.921200,0
1,2,94.037768,4.345600,0
1,2,94.054507,3.786800,0
1,2,94.070717,3.752400,0
1,2,94.088576,5.415600,0
1,2,94.104111,3.947700,0
1,2,94.120777,3.770600,0
1,2,94.137635,4.022500,0
1,2,94.155467,5.428100,0
1,2,94.170859,3.795400,0
1,2,94.187910,3.987300,0
1,2,94.203946,3.770400,0
1,2,94.220750,4.538100,0
1,2,94.237556,3.932000,0
1,2,94.254204,3.749000,0
1,2,94.270994,4.935400,0
1,2,94.287602,4.380000,0
1,2,94.304149,4.004400,0
1,2,94.320931,3.785400,0
1,2,94.337683,4.379600,0
1,2,94.354006,4.569900,0
1,2,94.371328,4.421000,0
1,2,94.387648,3.773700,0
1,2,94.404128,4.431000,0
1,2,94.420851,3.838000,0
1,2,94.437656,4.928100,0
1,2,94.453970,3.760400,0
1,2,94.471134,3.755400,0
1,2,94.487477,4.036800,0
1,2,94.504645,4.008000,0
1,2,94.520767,3.775900,0
1,2,94.537400,4.388500,0
1,2,94.554763,4.862700,0
1,2,94.571507,3.830900,0
1,2,94.587553,3.770300,0
1,2,94.604211,3.840800,0
1,2,94.620991,3.756100,0
1,2,94.637594,3.799500,0
1,2,94.654474,3.766200,0
1,2,94.670893,4.361500,0
1,2,94.687517,3.716600,0
1,2,94.704210,3.786300,0
1,2,94.720653,3.917100,0
1,2,94.737736,3.741100,0
1,2,94.754295,3.778000,0
1,2,94.770825,3.846900,0
1,2,94.787703,4.346800,0
1,2,94.804131,3.875400,0
1,2,94.820987,3.779700,0
1,2,94.838161,3.777800,0
1,2,94.854392,4.459200,0
1,2,94.870843,3.998700,0
1,2,94.887580,3.854200,0
1,2,94.904309,4.589500,0
1,2,94.921276,4.353100,0
1,2,94.937466,4.366600,0
1,2,94.954297,4.558800,0
1,2,94.970959,3.786700,0
1,2,94.987458,3.819900,0
1,2,95.004489,3.763200,0
1,2,95.020730,4.040400,0
1,2,95.037589,3.866900,0
1,2,95.054283,3.777300,0
1,2,95.071820,4.558100,0
1,2,95.087970,3.837300,0
1,2,95.104269,3.786800,0
1,2,95.121161,4.002400,0
1,2,95.137591,4.412100,0
1,2,95.154377,4.377300,0
1,2,95.175102,3.826100,0
1,2,95.188279,4.023400,0
1,2,95.204415,4.400200,0
1,2,95.221203,3.826100,0
1,2,95.237664,3.788000,0
1,2,95.254310,3.819400,0
1,2,95.271162,4.391300,0
1,2,95.287696,4.116200,0
1,2,95.304667,3.785300,0
1,2,95.321006,3.784900,0
1,2,95.337635,3.985900,0
1,2,95.354521,4.168000,0
1,2,95.370948,3.801000,0
1,2,95.388084,3.844900,0
1,2,95.404264,3.749000,0
1,2,95.420778,4.088200,0
1,2,95.437610,3.751900,0
1,2,95.454221,3.777300,0
1,2,95.470803,4.799600,0
1,2,95.487738,4.356900,0
1,2,95.504123,3.783900,0
1,2,95.520843,3.968400,0
1,2,95.537642,3.784000,0
1,2,95.554084,3.734600,0
1,2,95.570918,4.426100,0
1,2,95.587569,3.772100,0
1,2,95.604109,3.852500,0
1,2,95.621070,4.418900,0
1,2,95.638027,3.824000,0
1,2,95.654412,4.718400,0
1,2,95.670997,3.792900,0
1,2,95.687509,4.382500,0
1,2,95.704292,3.774600,0
1,2,95.720943,3.766200,0
1,2,95.737423,3.853900,0
1,2,95.754151,3.738800,0
1,2,95.770797,3.788900,0
1,2,95.787456,3.751100,0
1,2,95.804228,3.745800,0
1,2,95.820677,3.860300,0
1,2,95.837722,3.961600,0
1,2,95.854188,3.788800,0
1,2,95.870841,4.053100,0
1,2,95.887613,3.859200,0
1,2,95.904056,4.439600,0
1,2,95.920738,4.659200,0
1,2,95.937428,3.788000,0
1,2,95.954105,4.429300,0
1,2,95.970834,3.806700,0
1,2,95.987368,4.351200,0
1,2,96.004021,4.873000,0
1,2,96.020657,3.782100,0
1,2,96.037435,3.781300,0
1,2,96.054027,3.755700,0
1,2,96.070876,3.779000,0
1,2,96.087396,3.724800,0
1,2,96.104023,4.079100,0
1,2,96.120734,3.774800,0
1,2,96.137544,3.782000,0
1,2,96.154133,4.398000,0
1,2,96.170901,4.584100,0
1,2,96.187626,4.371700,0
1,2,96.204073,3.798800,0
1,2,96.220866,4.833600,0
1,2,96.237453,4.105200,0
1,2,96.254148,4.264400,0
1,2,96.270875,4.378500,0
1,2,96.287465,4.855700,0
1,2,96.304145,5.497300,0
1,2,96.320888,3.765400,0
1,2,96.337394,4.420400,0
1,2,96.354217,3.970600,0
1,2,96.371263,3.779900,0
1,2,96.387407,3.989300,0
1,2,96.404301,3.752700,0
1,2,96.421470,3.782000,0
1,2,96.437671,3.791800,0
1,2,96.454106,4.676600,0
1,2,96.470815,3.991900,0
1,2,96.487800,4.032100,0
1,2,96.504120,4.395700,0
1,2,96.521448,4.812800,0
1,2,96.537785,3.782900,0
1,2,96.554044,3.774600,0
1,2,96.570753,3.754300,0
1,2,96.587740,3.911600,0
1,2,96.604132,3.785300,0
1,2,96.620763,4.062500,0
1,2,96.637616,3.928600,0
1,2,96.654271,4.076900,0
1,2,96.671031,3.810800,0
1,2,96.687471,3.953300,0
1,2,96.704183,4.011300,0
1,2,96.720771,4.844600,0
1,2,96.737662,4.193800,0
1,2,96.754129,3.792700,0
1,2,96.771233,4.002900,0
1,2,96.787549,3.768200,0
1,2,96.804205,4.587900,0
1,2,96.820945,3.769300,0
1,2,96.838039,4.008400,0
1,2,96.854448,3.766000,0
1,2,96.870907,3.757900,0
1,2,96.887519,4.379900,0
1,2,96.904672,3.764900,0
1,2,96.921134,4.485400,0
1,2,96.937806,4.390600,0
1,2,96.954495,4.418500,0
1,2,96.971192,3.752000,0
1,2,96.988202,3.910500,0
1,2,97.004452,4.290400,0
1,2,97.021295,3.783800,0
1,2,97.037879,4.375300,0
1,2,97.054671,3.750300,0
1,2,97.071190,3.775200,0
1,2,97.087961,4.520000,0
1,2,97.104612,4.541700,0
1,2,97.121200,3.824700,0
1,2,97.138898,4.865300,0
1,2,97.154826,3.795500,0
1,2,97.171597,4.537000,0
1,2,97.188688,3.830700,0
1,2,97.205136,3.773700,0
1,2,97.222760,3.928500,0
1,2,97.238144,4.029300,0
1,2,97.254647,4.786200,0
1,2,97.271565,3.767500,0
1,2,97.288260,4.345800,0
1,2,97.304737,3.732300,0
1,2,97.321454,4.795100,0
1,2,97.338239,4.052200,0
1,2,97.354627,4.325300,0
1,2,97.371604,3.755900,0
1,2,97.388079,4.931100,0
1,2,97.404847,4.811600,0
1,2,97.421398,4.193900,0
1,2,97.438184,4.894100,0
1,2,97.454691,3.753100,0
1,2,97.471455,3.831500,0
1,2,97.488383,4.257400,0
1,2,97.505149,3.938800,0
1,2,97.521755,4.009400,0
1,2,97.538168,3.841000,0
1,2,97.554788,3.813600,0
1,2,97.571374,3.762100,0
1,2,97.588135,3.753700,0
1,2,97.604949,4.389200,0
1,2,97.621320,3.945100,0
1,2,97.638243,3.766500,0
1,2,97.654620,4.865000,0
1,2,97.671484,4.940000,0
1,2,97.688150,4.069400,0
1,2,97.704640,3.776300,0
1,2,97.721331,3.816300,0
1,2,97.738441,3.793700,0
1,2,97.754594,3.768300,0
1,2,97.771298,4.369900,0
1,2,97.788104,4.396900,0
1,2,97.804970,3.751400,0
1,2,97.821935,3.777900,0
1,2,97.838017,3.750800,0
1,2,97.855152,3.811800,0
1,2,97.871408,3.776800,0
1,2,97.888000,4.538700,0
1,2,97.904826,3.739600,0
1,2,97.921426,3.744500,0
1,2,97.938200,4.098300,0
1,2,97.954800,3.731300,0
1,2,97.971674,4.002900,0
1,2,97.988049,4.404700,0
1,2,98.005238,3.771200,0
1,2,98.021408,3.788000,0
1,2,98.038511,3.773000,0
1,2,98.054857,3.746700,0
1,2,98.071651,4.006500,0
1,2,98.088337,4.388300,0
1,2,98.105124,5.013400,0
1,2,98.121434,3.771200,0
1,2,98.138418,3.779300,0
1,2,98.154910,4.908700,0
1,2,98.171983,4.356200,0
1,2,98.188235,3.753100,0
1,2,98.205049,3.780000,0
1,2,98.221490,3.769200,0
1,2,98.238420,4.006400,0
1,2,98.254707,3.823500,0
1,2,98.271704,3.751700,0
1,2,98.288259,4.408800,0
1,2,98.304751,3.730400,0
1,2,98.321858,3.764900,0
1,2,98.338074,3.980800,0
1,2,98.355001,3.755900,0
1,2,98.371617,3.762700,0
1,2,98.388308,3.937300,0
1,2,98.405025,3.730300,0
1,2,98.421538,4.055400,0
1,2,98.438574,3.993300,0
1,2,98.454854,3.773600,0
1,2,98.471495,3.871200,0
1,2,98.488440,3.737300,0
1,2,98.504821,3.768100,0
1,2,98.521449,3.966400,0
1,2,98.538660,3.756000,0
1,2,98.554867,3.788600,0
1,2,98.571943,3.738300,0
1,2,98.588303,3.776400,0
1,2,98.604873,4.708900,0
1,2,98.621723,3.763300,0
1,2,98.638253,3.738200,0
1,2,98.655306,4.455100,0
1,2,98.671889,3.727200,0
1,2,98.688025,4.087100,0
1,2,98.705314,3.772900,0
1,2,98.721562,3.766800,0
1,2,98.738553,4.500300,0
1,2,98.755189,3.738000,0
1,2,98.771507,4.135400,0
1,2,98.788192,3.744600,0
1,2,98.804955,3.731600,0
1,2,98.821421,4.071500,0
1,2,98.838823,3.729400,0
1,2,98.854932,4.271300,0
1,2,98.871474,5.661200,0
1,2,98.888379,4.407800,0
1,2,98.904738,4.853600,0
1,2,98.921601,3.912100,0
1,2,98.938398,4.420100,0
1,2,98.954972,3.754300,0
1,2,98.971630,3.728000,0
1,2,98.988148,3.870000,0
1,2,99.005573,3.753800,0
1,2,99.021702,3.830200,0
1,2,99.038780,4.891000,0
1,2,99.056014,3.950700,0
1,2,99.071585,3.750900,0
1,2,99.088422,3.735400,0
1,2,99.104846,4.348600,0
1,2,99.121539,3.972100,0
1,2,99.138370,3.770300,0
1,2,99.154847,4.111600,0
1,2,99.171635,4.568800,0
1,2,99.188461,4.229400,0
1,2,99.204828,3.967700,0
1,2,99.221641,3.741200,0
1,2,99.238179,3.881100,0
1,2,99.254771,3.920100,0
1,2,99.271711,3.776700,0
1,2,99.288416,3.773600,0
1,2,99.304952,4.384700,0
1,2,99.321550,3.799500,0
1,2,99.338381,3.878900,0
1,2,99.355041,4.376300,0
1,2,99.371596,3.817100,0
1,2,99.388146,3.961900,0
1,2,99.404923,3.770100,0
1,2,99.421463,4.409600,0
1,2,99.438688,4.163300,0
1,2,99.454945,3.769800,0
1,2,99.471829,3.924300,0
1,2,99.488628,4.343900,0
1,2,99.505889,4.015500,0
1,2,99.521613,4.095100,0
1,2,99.538443,3.752000,0
1,2,99.554802,3.885000,0
1,2,99.571843,3.724500,0
1,2,99.588718,3.777300,0
1,2,99.604971,3.914500,0
1,2,99.621586,3.753700,0
1,2,99.638578,3.759600,0
1,2,99.655117,4.683700,0
1,2,99.671828,3.813200,0
1,2,99.688225,4.130100,0
1,2,99.704966,3.818000,0
1,2,99.721676,3.739100,0
1,2,99.738271,3.900300,0
1,2,99.755097,3.720200,0
1,2,99.771678,3.818700,0
1,2,99.788513,3.745900,0
1,2,99.805119,3.775700,0
1,2,99.821552,3.833700,0
1,2,99.838302,4.374700,0
1,2,99.855189,3.828400,0
1,2,99.871514,3.783000,0
1,2,99.888510,3.760000,0
1,2,99.905120,3.732600,0
1,2,99.921684,4.389100,0
1,2,99.938377,4.222600,0
1,2,99.955065,3.774300,0
1,2,99.972052,4.926800,0
1,2,99.988708,4.321800,0
1,2,100.004898,4.020000,0
1,2,100.022345,4.172300,0
1,2,100.038392,3.733000,0
1,2,100.054900,4.998600,0
1,2,100.071764,3.738900,0
1,2,100.088347,3.775500,0
1,2,100.104917,4.404500,0
1,2,100.121813,3.758800,0
1,2,100.138331,4.309200,0
1,2,100.155546,3.762500,0
1,2,100.171791,3.784200,0
1,2,100.188892,4.477900,0
1,2,100.205426,4.000900,0
1,2,100.226078,3.854400,0
1,2,100.238956,4.908600,0
1,2,100.255451,4.433200,0
1,2,100.271947,3.861900,0
1,2,100.288727,3.783100,0
1,2,100.305245,3.776800,0
1,2,100.322110,3.913600,0
1,2,100.338730,3.771500,0
1,2,100.355302,3.869500,0
1,2,100.371849,3.851200,0
1,2,100.388569,3.849800,0
1,2,100.405236,4.397400,0
1,2,100.421839,3.774900,0
1,2,100.438472,4.420200,0
1,2,100.455625,3.768600,0
1,2,100.472126,3.789800,0
1,2,100.488680,4.857900,0
1,2,100.505260,3.912700,0
1,2,100.522003,3.761200,0
1,2,100.538424,3.846400,0
1,2,100.555300,4.095600,0
1,2,100.572003,3.778800,0
1,2,100.588847,3.895900,0
1,2,100.605327,4.400100,0
1,2,100.621976,4.183100,0
1,2,100.639046,3.785000,0
1,2,100.655512,3.776300,0
1,2,100.672047,3.971800,0
1,2,100.689067,4.020000,0
1,2,100.705709,3.773600,0
1,2,100.723484,4.077700,0
1,2,100.739612,3.940000,0
1,2,100.755734,4.238900,0
1,2,100.772537,3.838400,0
1,2,100.789102,3.772600,0
1,2,100.805887,3.839000,0
1,2,100.822465,4.067300,0
1,2,100.839105,4.122000,0
1,2,100.855512,4.139800,0
1,2,100.872526,4.537600,0
1,2,100.889143,3.807500,0
1,2,100.905812,3.802000,0
1,2,100.922561,5.176000,0
1,2,100.939268,4.022400,0
1,2,100.955618,3.792400,0
1,2,100.972457,3.979900,0
1,2,100.988901,4.397700,0
1,2,101.005772,4.099700,0
1,2,101.022140,3.830700,0
1,2,101.039224,3.810300,0
1,2,101.055765,3.827400,0
1,2,101.072379,4.019800,0
1,2,101.088935,3.818200,0
1,2,101.106063,4.351700,0
1,2,101.122387,4.085700,0
1,2,101.139165,5.151300,0
1,2,101.155420,3.758700,0
1,2,101.172215,4.207400,0
1,2,101.189237,3.785600,0
1,2,101.205593,4.525700,0
1,2,101.222376,4.687100,0
1,2,101.238848,3.823100,0
1,2,101.255541,3.937600,0
1,2,101.272295,3.933800,0
1,2,101.289466,3.822300,0
1,2,101.305552,3.785900,0
1,2,101.322098,3.943800,0
1,2,101.339045,4.862100,0
1,2,101.355491,3.787500,0
1,2,101.372103,3.800100,0
1,2,101.388810,3.773100,0
1,2,101.405557,3.794400,0
1,2,101.422173,3.777200,0
1,2,101.439010,3.992600,0
1,2,101.455576,4.092700,0
1,2,101.472305,4.428300,0
1,2,101.488907,3.783200,0
1,2,101.505596,3.778400,0
1,2,101.522333,4.023200,0
1,2,101.539051,4.168800,0
1,2,101.555613,3.928500,0
1,2,101.572399,4.407900,0
1,2,101.589032,4.538300,0
1,2,101.605973,4.204000,0
1,2,101.622392,3.786700,0
1,2,101.639064,4.013500,0
1,2,101.655723,4.832700,0
1,2,101.672436,4.286600,0
1,2,101.689973,4.080700,0
1,2,101.705638,3.759300,0
1,2,101.722270,4.480100,0
1,2,101.739690,3.771200,0
1,2,101.755703,3.786800,0
1,2,101.772441,5.496300,0
1,2,101.789636,3.772300,0
1,2,101.805827,3.800000,0
1,2,101.822533,4.456600,0
1,2,101.839380,3.755700,0
1,2,101.855745,3.980000,0
1,2,101.872670,3.771300,0
1,2,101.889020,3.762000,0
1,2,101.905653,3.765200,0
1,2,101.922395,4.849000,0
1,2,101.939009,3.791900,0
1,2,101.955783,4.407000,0
1,2,101.972438,3.761000,0
1,2,101.988998,3.853500,0
1,2,102.005958,3.981900,0
1,2,102.022445,3.773100,0
1,2,102.038992,4.101300,0
1,2,102.055894,3.999600,0
1,2,102.072714,3.786900,0
1,2,102.090090,4.445600,0
1,2,102.105708,4.537800,0
1,2,102.122322,4.065000,0
1,2,102.139146,3.957900,0
1,2,102.155700,3.786500,0
1,2,102.172427,4.112800,0
1,2,102.189156,3.758900,0
1,2,102.205951,3.825100,0
1,2,102.222586,5.069400,0
1,2,102.239164,3.780200,0
1,2,102.256161,4.009100,0
1,2,102.273345,3.776200,0
1,2,102.289467,3.892500,0
1,2,102.305852,4.438200,0
1,2,102.322655,3.765200,0
1,2,102.338967,3.788900,0
1,2,102.355668,4.121000,0
1,2,102.372646,3.973700,0
1,2,102.388958,3.783700,0
1,2,102.405752,3.965700,0
1,2,102.422546,3.987600,0
1,2,102.439163,3.790000,0
1,2,102.455759,3.793000,0
1,2,102.472482,3.919000,0
1,2,102.489287,4.000500,0
1,2,102.505864,4.413200,0
1,2,102.522458,3.870300,0
1,2,102.539122,4.417700,0
1,2,102.555755,3.768100,0
1,2,102.572401,4.343900,0
1,2,102.589003,3.779000,0
1,2,102.605853,3.774400,0
1,2,102.623432,3.806900,0
1,2,102.639532,3.937400,0
1,2,102.656054,4.004900,0
1,2,102.672616,4.154000,0
1,2,102.689004,4.930800,0
1,2,102.706162,3.821200,0
1,2,102.722562,3.793700,0
1,2,102.739664,3.774400,0
1,2,102.755996,4.520200,0
1,2,102.772543,3.791500,0
1,2,102.789298,4.012300,0
1,2,102.805948,3.779800,0
1,2,102.822421,4.968100,0
1,2,102.839555,3.961900,0
1,2,102.855885,3.803200,0
1,2,102.872354,3.824900,0
1,2,102.889186,3.781000,0
1,2,102.905907,3.775600,0
1,2,102.922508,4.014300,0
1,2,102.939857,3.771900,0
1,2,102.956140,3.921200,0
1,2,102.972509,3.811300,0
1,2,102.989286,3.778900,0
1,2,103.005893,4.855000,0
1,2,103.022726,3.826300,0
1,2,103.040001,3.760500,0
1,2,103.056088,4.130500,0
1,2,103.072671,3.753800,0
1,2,103.090038,3.973400,0
1,2,103.106079,4.286600,0
1,2,103.122539,3.776900,0
1,2,103.139175,3.871300,0
1,2,103.156124,4.185300,0
1,2,103.172778,3.848600,0
1,2,103.189432,4.392600,0
1,2,103.206807,3.744800,0
1,2,103.222521,3.793300,0
1,2,103.239334,4.077700,0
1,2,103.256244,3.773100,0
1,2,103.272473,4.127900,0
1,2,103.289513,4.022200,0
1,2,103.305986,3.784800,0
1,2,103.323310,4.474500,0
1,2,103.339402,3.763100,0
1,2,103.355901,3.819100,0
1,2,103.372615,3.781000,0
1,2,103.389590,3.873500,0
1,2,103.406001,3.945000,0
1,2,103.422593,3.963700,0
1,2,103.439289,3.955500,0
1,2,103.456167,3.761800,0
1,2,103.472591,4.360300,0
1,2,103.489383,4.443500,0
1,2,103.506130,3.794100,0
1,2,103.522397,4.851700,0
1,2,103.539175,4.830100,0
1,2,103.555881,4.070200,0
1,2,103.572707,3.947900,0
1,2,103.589326,4.433900,0
1,2,103.605829,5.010900,0
1,2,103.622781,3.934800,0
1,2,103.639635,3.767600,0
1,2,103.655909,4.299000,0
1,2,103.672976,3.782800,0
1,2,103.689300,4.068600,0
1,2,103.706064,3.946100,0
1,2,103.722728,3.784900,0
1,2,103.739420,4.448700,0
1,2,103.756265,4.894300,0
1,2,103.772553,3.826000,0
1,2,103.789372,4.417200,0
1,2,103.806064,4.868000,0
1,2,103.823138,3.992300,0
1,2,103.839773,3.789800,0
1,2,103.856300,3.784000,0
1,2,103.872918,3.901600,0
1,2,103.889321,3.863500,0
1,2,103.905958,4.092100,0
1,2,103.922741,4.367500,0
1,2,103.939200,4.374100,0
1,2,103.956267,4.422500,0
1,2,103.972721,3.827000,0
1,2,103.989601,3.908000,0
1,2,104.006008,3.831400,0
1,2,104.022833,3.873300,0
1,2,104.039517,3.874400,0
1,2,104.056555,4.016000,0
1,2,104.072835,4.429300,0
1,2,104.089294,4.061900,0
1,2,104.105941,3.926100,0
1,2,104.122648,3.788700,0
1,2,104.139142,4.128000,0
1,2,104.156073,4.550600,0
1,2,104.172538,3.927900,0
1,2,104.189545,4.568000,0
1,2,104.205715,3.769900,0
1,2,104.222526,3.854900,0
1,2,104.239183,3.778800,0
1,2,104.256008,3.756000,0
1,2,104.272544,4.281500,0
1,2,104.289303,3.743900,0
1,2,104.305894,3.766400,0
1,2,104.322377,3.814800,0
1,2,104.340758,3.758000,0
1,2,104.355842,3.783800,0
1,2,104.372421,4.571700,0
1,2,104.389306,4.215100,0
1,2,104.405820,4.533800,0
1,2,104.422547,3.763900,0
1,2,104.439232,4.527700,0
1,2,104.455906,4.263500,0
1,2,104.472732,4.438600,0
1,2,104.489582,3.868400,0
1,2,104.507104,3.989000,0
1,2,104.523364,3.771100,0
1,2,104.540065,3.774500,0
1,2,104.556683,4.291600,0
1,2,104.573421,4.004300,0
1,2,104.590386,4.451200,0
1,2,104.607079,3.959300,0
1,2,104.623130,3.925400,0
1,2,104.640267,4.792800,0
1,2,104.656720,3.788200,0
1,2,104.673529,3.942800,0
1,2,104.689974,3.766700,0
1,2,104.706575,4.441600,0
1,2,104.723386,4.670300,0
1,2,104.740016,3.800900,0
1,2,104.756624,4.580100,0
1,2,104.773447,4.362200,0
1,2,104.789849,3.759800,0
1,2,104.806483,3.905200,0
1,2,104.823391,4.381500,0
1,2,104.839803,3.842300,0
1,2,104.856629,3.850000,0
1,2,104.873287,3.762000,0
1,2,104.889992,3.800900,0
1,2,104.906828,3.774800,0
1,2,104.923354,4.002300,0
1,2,104.939778,3.805900,0
1,2,104.957382,3.771400,0
1,2,104.973120,3.947100,0
1,2,104.989898,4.058500,0
1,2,105.006767,3.808800,0
1,2,105.023115,3.794500,0
1,2,105.040042,3.771200,0
1,2,105.056550,3.771000,0
1,2,105.073550,4.309000,0
1,2,105.089910,3.843600,0
1,2,105.106770,4.976500,0
1,2,105.123306,3.833100,0
1,2,105.139976,3.791700,0
1,2,105.157004,4.277500,0
1,2,105.173460,4.314500,0
1,2,105.190018,3.916600,0
1,2,105.206864,4.322400,0
1,2,105.223306,3.774000,0
1,2,105.239905,4.501300,0
1,2,105.257055,4.378200,0
1,2,105.276828,3.907500,0
1,2,105.290041,4.900100,0
1,2,105.306849,3.733500,0
1,2,105.323446,3.898000,0
1,2,105.340039,3.974000,0
1,2,105.356859,3.830400,0
1,2,105.373536,3.799000,0
1,2,105.390175,4.424300,0
1,2,105.407206,4.240500,0
1,2,105.423320,4.379100,0
1,2,105.440052,3.946500,0
1,2,105.456927,3.803600,0
1,2,105.473441,4.365000,0
1,2,105.489966,5.222900,0
1,2,105.506710,4.525400,0
1,2,105.523164,4.683300,0
1,2,105.539880,3.808900,0
1,2,105.556730,3.815400,0
1,2,105.573354,3.884000,0
1,2,105.590035,3.921300,0
1,2,105.606594,4.685400,0
1,2,105.623293,3.869800,0
1,2,105.639903,3.752400,0
1,2,105.656576,3.785400,0
1,2,105.673302,4.887800,0
1,2,105.690092,3.787400,0
1,2,105.706429,3.768800,0
1,2,105.723555,4.223300,0
1,2,105.739929,3.775800,0
1,2,105.756822,3.945700,0
1,2,105.773382,4.416300,0
1,2,105.789951,4.075100,0
1,2,105.806537,4.012300,0
1,2,105.823153,3.793300,0
1,2,105.839880,5.447500,0
1,2,105.856606,3.778300,0
1,2,105.873297,3.766200,0
1,2,105.889956,3.775400,0
1,2,105.906535,3.739800,0
1,2,105.923225,3.750900,0
1,2,105.939879,3.742600,0
1,2,105.956685,4.851900,0
1,2,105.973359,3.789200,0
1,2,105.990210,3.788600,0
1,2,106.006880,3.777900,0
1,2,106.023229,3.942200,0
1,2,106.040164,3.790400,0
1,2,106.056581,4.062900,0
1,2,106.073456,3.860400,0
1,2,106.090170,3.843800,0
1,2,106.106639,3.815400,0
1,2,106.123174,4.892600,0
1,2,106.139967,3.751700,0
1,2,106.156794,3.748900,0
1,2,106.173417,3.791900,0
1,2,106.190223,3.824900,0
1,2,106.206602,3.978300,0
1,2,106.223411,3.762300,0
1,2,106.240103,3.851300,0
1,2,106.256487,3.760700,0
1,2,106.273652,4.337100,0
1,2,106.290182,3.805100,0
1,2,106.306771,3.755400,0
1,2,106.323666,3.942700,0
1,2,106.340073,4.092700,0
1,2,106.356512,3.780700,0
1,2,106.373249,3.744200,0
1,2,106.390049,4.531000,0
1,2,106.406766,3.791500,0
1,2,106.423418,3.962100,0
1,2,106.440033,5.566400,0
1,2,106.456639,3.899500,0
1,2,106.473519,3.809100,0
1,2,106.490168,4.395400,0
1,2,106.506804,4.386000,0
1,2,106.523528,3.814400,0
1,2,106.540329,3.761100,0
1,2,106.556977,3.738100,0
1,2,106.573560,3.904100,0
1,2,106.589976,4.004800,0
1,2,106.606954,3.790600,0
1,2,106.623307,4.884800,0
1,2,106.640074,3.777800,0
1,2,106.656952,3.858800,0
1,2,106.673311,3.764100,0
1,2,106.690682,4.884600,0
1,2,106.706778,4.568500,0
1,2,106.723421,3.768900,0
1,2,106.739961,3.810800,0
1,2,106.756854,4.320500,0
1,2,106.773639,3.789100,0
1,2,106.790244,3.809600,0
1,2,106.806895,3.779300,0
1,2,106.823272,4.047700,0
1,2,106.840258,4.448200,0
1,2,106.856627,4.787500,0
1,2,106.873879,3.991600,0
1,2,106.890595,3.804900,0
1,2,106.907114,3.792800,0
1,2,106.924102,3.747000,0
1,2,106.940346,4.412700,0
1,2,106.957220,3.890300,0
1,2,106.973964,3.778000,0
1,2,106.990363,3.781200,0
1,2,107.007182,4.255800,0
1,2,107.024038,3.797200,0
1,2,107.040482,4.391000,0
1,2,107.057245,4.381000,0
1,2,107.073868,3.776100,0
1,2,107.090878,4.304800,0
1,2,107.107356,3.758800,0
1,2,107.123848,3.939300,0
1,2,107.141164,3.924700,0
1,2,107.157265,3.762100,0
1,2,107.173637,4.413900,0
1,2,107.190610,3.765000,0
1,2,107.207071,3.777700,0
1,2,107.223785,3.983600,0
1,2,107.240482,4.379000,0
1,2,107.257114,4.027600,0
1,2,107.273762,3.780000,0
1,2,107.290439,3.778200,0
1,2,107.308067,3.891100,0
1,2,107.323900,3.794700,0
1,2,107.340458,3.804300,0
1,2,107.357109,4.544900,0
1,2,107.373851,3.991300,0
1,2,107.390454,3.776000,0
1,2,107.406987,4.386100,0
1,2,107.423850,3.842300,0
1,2,107.440489,3.908000,0
1,2,107.457106,4.312200,0
1,2,107.474284,4.651900,0
1,2,107.490817,4.407600,0
1,2,107.507638,3.799600,0
1,2,107.524173,3.943200,0
1,2,107.540807,4.021900,0
1,2,107.557491,3.782400,0
1,2,107.574050,3.754300,0
1,2,107.590918,4.376100,0
1,2,107.607481,3.947900,0
1,2,107.624089,3.779700,0
1,2,107.640805,4.411000,0
1,2,107.657645,3.943400,0
1,2,107.674453,3.948600,0
1,2,107.691208,3.749700,0
1,2,107.707463,3.914500,0
1,2,107.724207,4.764700,0
1,2,107.740912,3.740800,0
1,2,107.757476,4.397200,0
1,2,107.774115,5.508100,0
1,2,107.790916,3.770000,0
1,2,107.807446,3.783900,0
1,2,107.824329,3.731700,0
1,2,107.841202,3.771200,0
1,2,107.857977,4.427500,0
1,2,107.874241,3.767300,0
1,2,107.890876,3.799500,0
1,2,107.907456,4.384100,0
1,2,107.924411,3.785800,0
1,2,107.940832,3.797100,0
1,2,107.957480,4.915500,0
1,2,107.974315,3.759800,0
1,2,107.990796,4.274200,0
1,2,108.007705,4.566200,0
1,2,108.025337,3.721400,0
1,2,108.040799,3.938700,0
1,2,108.057751,3.761900,0
1,2,108.074145,3.769100,0
1,2,108.090702,5.559700,0
1,2,108.107892,3.759900,0
1,2,108.124085,3.797000,0
1,2,108.140971,4.427100,0
1,2,108.157727,3.759700,0
1,2,108.174157,4.001600,0
1,2,108.190991,3.775400,0
1,2,108.207570,3.779000,0
1,2,108.224174,4.554900,0
1,2,108.241837,3.785000,0
1,2,108.257745,3.775600,0
1,2,108.274598,4.026100,0
1,2,108.291288,3.756700,0
1,2,108.307696,3.890500,0
1,2,108.324506,3.786500,0
1,2,108.341037,3.923600,0
1,2,108.357837,3.829000,0
1,2,108.374392,3.855000,0
1,2,108.390966,4.009900,0
1,2,108.407546,3.765100,0
1,2,108.424336,3.748700,0
1,2,108.440856,3.766100,0
1,2,108.457938,3.759100,0
1,2,108.474296,3.825500,0
1,2,108.490959,3.929400,0
1,2,108.507992,4.022000,0
1,2,108.524597,3.776600,0
1,2,108.541008,3.899400,0
1,2,108.557672,3.810800,0
1,2,108.574293,4.021700,0
1,2,108.591351,3.753300,0
1,2,108.607590,3.775700,0
1,2,108.624216,4.808700,0
1,2,108.641164,4.362000,0
1,2,108.657873,3.781100,0
1,2,108.674474,3.753400,0
1,2,108.690939,3.894300,0
1,2,108.707736,4.845900,0
1,2,108.724276,3.811600,0
1,2,108.741094,3.765100,0
1,2,108.757798,3.778100,0
1,2,108.774251,3.859400,0
1,2,108.791353,4.408400,0
1,2,108.807657,3.778400,0
1,2,108.824366,4.569000,0
1,2,108.841157,4.364800,0
1,2,108.857729,3.794600,0
1,2,108.874409,4.125200,0
1,2,108.891118,3.800000,0
1,2,108.907762,4.195100,0
1,2,108.924695,4.764100,0
1,2,108.941200,3.928000,0
1,2,108.957931,3.948700,0
1,2,108.974278,3.749800,0
1,2,108.991080,3.742200,0
1,2,109.007685,4.446100,0
1,2,109.024335,3.760900,0
1,2,109.041162,4.917200,0
1,2,109.057567,3.754900,0
1,2,109.074591,3.765400,0
1,2,109.091010,3.791400,0
1,2,109.107947,5.040700,0
1,2,109.124411,3.798900,0
1,2,109.141275,4.997300,0
1,2,109.158223,3.773600,0
1,2,109.175274,4.937600,0
1,2,109.191669,3.763600,0
1,2,109.207809,3.800600,0
1,2,109.224757,3.748000,0
1,2,109.241159,3.746100,0
1,2,109.257746,4.191400,0
1,2,109.274533,3.772400,0
1,2,109.291157,3.794800,0
1,2,109.307802,3.792800,0
1,2,109.324510,3.795300,0
1,2,109.341118,3.993700,0
1,2,109.357836,3.741700,0
1,2,109.374527,3.967700,0
1,2,109.391282,3.741900,0
1,2,109.407943,3.723500,0
1,2,109.424685,4.704400,0
1,2,109.441415,3.771200,0
1,2,109.457765,3.848600,0
1,2,109.474737,3.812000,0
1,2,109.491158,3.747400,0
1,2,109.507805,4.590000,0
1,2,109.525010,3.735100,0
1,2,109.541096,4.052900,0
1,2,109.557800,4.669200,0
1,2,109.574612,3.804700,0
1,2,109.591364,4.160200,0
1,2,109.607796,4.806300,0
1,2,109.624478,4.980400,0
1,2,109.641203,3.758800,0
1,2,109.657808,3.774600,0
1,2,109.674542,3.774000,0
1,2,109.691269,3.763200,0
1,2,109.707744,3.781500,0
1,2,109.724451,3.765600,0
1,2,109.741181,3.734300,0
1,2,109.757988,3.802200,0
1,2,109.774699,3.748800,0
1,2,109.791167,3.788300,0
1,2,109.807879,3.760800,0
1,2,109.824519,3.773100,0
1,2,109.841138,4.012800,0
1,2,109.857677,3.760200,0
1,2,109.874484,3.890300,0
1,2,109.891090,3.759900,0
1,2,109.907817,3.816800,0
1,2,109.924501,4.403800,0
1,2,109.941437,3.932300,0
1,2,109.957875,3.775100,0
1,2,109.974649,3.911400,0
1,2,109.991136,3.826700,0
1,2,110.007860,3.851900,0
1,2,110.024419,4.423800,0
1,2,110.041125,3.756300,0
1,2,110.057974,4.395500,0
1,2,110.074653,3.964800,0
1,2,110.091225,3.793000,0
1,2,110.108002,3.855800,0
1,2,110.124411,3.820900,0
1,2,110.141265,4.423300,0
1,2,110.157833,3.787700,0
1,2,110.174441,3.761100,0
1,2,110.191540,3.784300,0
1,2,110.207816,4.431100,0
1,2,110.224642,4.527300,0
1,2,110.241179,3.725400,0
1,2,110.258059,4.115700,0
1,2,110.274466,4.191100,0
1,2,110.291257,3.772600,0
1,2,110.308146,4.570700,0
1,2,110.328116,3.839800,0
1,2,110.341343,4.476600,0
1,2,110.358055,3.782500,0
1,2,110.374783,3.801800,0
1,2,110.391917,4.878900,0
1,2,110.408427,3.752900,0
1,2,110.424670,4.883000,0
1,2,110.441477,4.867400,0
1,2,110.458131,3.975400,0
1,2,110.474588,3.957400,0
1,2,110.491422,4.351000,0
1,2,110.508182,3.780800,0
1,2,110.524720,3.790700,0
1,2,110.541262,4.458200,0
1,2,110.558108,3.763600,0
1,2,110.574482,3.774900,0
1,2,110.591790,4.403600,0
1,2,110.608352,3.845700,0
1,2,110.624828,3.972500,0
1,2,110.641631,3.777300,0
1,2,110.658175,4.032200,0
1,2,110.674900,5.096600,0
1,2,110.691286,3.780700,0
1,2,110.708481,3.884400,0
1,2,110.724791,3.763400,0
1,2,110.741322,4.027700,0
1,2,110.758289,3.958500,0
1,2,110.774926,3.793700,0
1,2,110.791385,4.428700,0
1,2,110.807999,4.774800,0
1,2,110.824539,3.757900,0
1,2,110.841496,4.035300,0
1,2,110.858365,4.850400,0
1,2,110.874701,4.030700,0
1,2,110.891738,3.774900,0
1,2,110.907949,4.418000,0
1,2,110.924726,3.783500,0
1,2,110.941218,3.730300,0
1,2,110.958007,3.951100,0
1,2,110.974808,3.773100,0
1,2,110.991271,3.770900,0
1,2,111.008255,4.029200,0
1,2,111.024673,3.772900,0
1,2,111.041351,3.972500,0
1,2,111.058435,3.782000,0
1,2,111.074660,3.768600,0
1,2,111.091480,4.408500,0
1,2,111.107921,3.748900,0
1,2,111.124748,3.800500,0
1,2,111.141554,4.037600,0
1,2,111.157954,3.795900,0
1,2,111.174512,4.477200,0
1,2,111.191323,3.756300,0
1,2,111.208055,3.919200,0
1,2,111.225319,3.747300,0
1,2,111.241774,3.805500,0
1,2,111.258006,3.811600,0
1,2,111.274939,3.990900,0
1,2,111.291488,3.765800,0
1,2,111.308018,4.084100,0
1,2,111.324812,3.791900,0
1,2,111.341286,3.787400,0
1,2,111.358008,4.422800,0
1,2,111.374690,4.795200,0
1,2,111.391354,3.786600,0
1,2,111.408148,3.789500,0
1,2,111.424538,4.391100,0
1,2,111.441380,4.322200,0
1,2,111.457968,3.772500,0
1,2,111.474532,4.398900,0
1,2,111.491210,4.676200,0
1,2,111.508005,3.783100,0
1,2,111.524530,3.932200,0
1,2,111.541381,3.716000,0
1,2,111.558415,3.767200,0
1,2,111.574549,4.433700,0
1,2,111.591624,3.773700,0
1,2,111.607935,3.777000,0
1,2,111.624826,4.072700,0
1,2,111.641828,3.739700,0
1,2,111.658138,3.793000,0
1,2,111.674691,4.022300,0
1,2,111.691219,3.760700,0
1,2,111.707817,5.118700,0
1,2,111.724905,3.745400,0
1,2,111.741300,4.388000,0
1,2,111.758274,3.998100,0
1,2,111.775099,3.746100,0
1,2,111.791355,4.208100,0
1,2,111.808202,4.420000,0
1,2,111.824699,3.787000,0
1,2,111.841146,4.048500,0
1,2,111.858480,3.772600,0
1,2,111.874717,3.799000,0
1,2,111.891477,5.452200,0
1,2,111.908065,3.768600,0
1,2,111.924560,3.789800,0
1,2,111.941588,3.767600,0
1,2,111.958316,3.784800,0
1,2,111.974599,4.426300,0
1,2,111.991736,3.791000,0
1,2,112.008101,3.766000,0
1,2,112.024835,3.954800,0
1,2,112.041371,3.764500,0
1,2,112.057979,4.021200,0
1,2,112.074665,3.806400,0
1,2,112.091499,3.763600,0
1,2,112.107931,4.492100,0
1,2,112.124893,3.799400,0
1,2,112.141387,4.384700,0
1,2,112.158143,4.262400,0
1,2,112.175793,3.756400,0
1,2,112.191347,3.797900,0
1,2,112.208119,4.331800,0
1,2,112.224648,3.790600,0
1,2,112.241176,4.028600,0
1,2,112.258754,3.766200,0
1,2,112.274613,3.769900,0
1,2,112.291322,4.552600,0
1,2,112.307917,5.434900,0
1,2,112.324553,4.030600,0
1,2,112.341168,3.782200,0
1,2,112.358848,3.758900,0
1,2,112.374595,4.307200,0
1,2,112.391606,3.781900,0
1,2,112.408125,3.775400,0
1,2,112.424533,3.947600,0
1,2,112.441617,3.756500,0
1,2,112.457851,3.753200,0
1,2,112.474781,3.995200,0
1,2,112.491272,3.913800,0
1,2,112.507929,3.764000,0
1,2,112.524505,3.879600,0
1,2,112.541699,4.917400,0
1,2,112.557907,3.752600,0
1,2,112.574732,3.764500,0
1,2,112.591330,4.007600,0
1,2,112.608352,4.840800,0
1,2,112.624573,4.357700,0
1,2,112.641514,3.781000,0
1,2,112.658027,4.395300,0
1,2,112.674756,4.132100,0
1,2,112.691718,3.806700,0
1,2,112.707929,4.400100,0
1,2,112.725024,3.966500,0
1,2,112.741634,3.750700,0
1,2,112.757873,4.062000,0
1,2,112.774825,3.737100,0
1,2,112.791214,4.066100,0
1,2,112.807904,3.769300,0
1,2,112.824503,3.747200,0
1,2,112.841182,3.756400,0
1,2,112.858022,4.334000,0
1,2,112.874583,4.400300,0
1,2,112.891181,3.754400,0
1,2,112.908081,3.895800,0
1,2,112.924725,4.911600,0
1,2,112.941599,3.737700,0
1,2,112.958025,3.741200,0
1,2,112.974696,3.761100,0
1,2,112.991317,3.824300,0
1,2,113.007962,3.887500,0
1,2,113.024531,3.916000,0
1,2,113.041268,4.872500,0
1,2,113.057913,3.753400,0
1,2,113.074726,4.370200,0
1,2,113.091122,3.747500,0
1,2,113.108062,4.376300,0
1,2,113.125097,4.373600,0
1,2,113.141554,3.760400,0
1,2,113.157888,3.766200,0
1,2,113.174535,4.133600,0
1,2,113.191373,3.739800,0
1,2,113.208047,4.379100,0
1,2,113.224569,3.924000,0
1,2,113.241301,4.157900,0
1,2,113.257969,3.790100,0
1,2,113.274571,3.703500,0
1,2,113.291237,3.725100,0
1,2,113.308153,4.319500,0
1,2,113.325671,4.525100,0
1,2,113.341237,3.793300,0
1,2,113.357974,3.866200,0
1,2,113.374735,3.741100,0
1,2,113.391226,5.158200,0
1,2,113.408176,3.972300,0
1,2,113.424577,4.268700,0
1,2,113.441405,3.753600,0
1,2,113.457954,4.369400,0
1,2,113.474774,3.926100,0
1,2,113.492580,3.761200,0
1,2,113.507959,3.841400,0
1,2,113.524577,4.537300,0
1,2,113.541497,3.773500,0
1,2,113.558103,4.835900,0
1,2,113.575068,4.106500,0
1,2,113.591223,4.130400,0
1,2,113.608257,4.879100,0
1,2,113.624665,4.108300,0
1,2,113.641307,3.999000,0
1,2,113.658280,3.764700,0
1,2,113.674715,4.357200,0
1,2,113.691155,4.551000,0
1,2,113.708044,3.762500,0
1,2,113.724589,3.770800,0
1,2,113.741359,4.342600,0
1,2,113.758012,4.182700,0
1,2,113.775078,3.767500,0
1,2,113.791853,3.749100,0
1,2,113.807999,4.101900,0
1,2,113.824579,3.791800,0
1,2,113.841414,3.976500,0
1,2,113.857853,4.000200,0
1,2,113.874557,3.941000,0
1,2,113.891147,4.276900,0
1,2,113.907962,3.720000,0
1,2,113.924647,4.420500,0
1,2,113.941769,3.972200,0
1,2,113.957950,3.750800,0
1,2,113.974565,4.392200,0
1,2,113.991317,3.746100,0
1,2,114.008034,3.949400,0
1,2,114.024530,4.786000,0
1,2,114.041311,3.735900,0
1,2,114.057898,4.130100,0
1,2,114.074590,3.810500,0
1,2,114.091245,3.751300,0
1,2,114.108087,3.903700,0
1,2,114.124574,4.827700,0
1,2,114.141301,3.954500,0
1,2,114.158406,4.533100,0
1,2,114.174847,3.753100,0
1,2,114.191240,4.365300,0
1,2,114.208027,4.763700,0
1,2,114.224694,3.760000,0
1,2,114.241423,4.864500,0
1,2,114.257900,3.732400,0
1,2,114.274668,4.516400,0
1,2,114.291166,4.555400,0
1,2,114.307911,3.711000,0
1,2,114.324546,3.841000,0
1,2,114.341202,3.788700,0
1,2,114.358020,3.760700,0
1,2,114.374498,3.794900,0
1,2,114.391297,4.325600,0
1,2,114.407853,4.357600,0
1,2,114.424766,3.949300,0
1,2,114.441699,3.738200,0
1,2,114.458386,3.773000,0
1,2,114.474748,4.318300,0
1,2,114.491487,3.728600,0
1,2,114.507965,3.956000,0
1,2,114.524577,4.868900,0
1,2,114.541366,3.748200,0
1,2,114.557997,4.342700,0
1,2,114.574712,3.760200,0
1,2,114.591457,3.756400,0
1,2,114.608320,4.582300,0
1,2,114.624726,3.773700,0
1,2,114.641350,3.782900,0
1,2,114.658089,3.902000,0
1,2,114.674741,3.765700,0
1,2,114.691115,3.976500,0
1,2,114.708042,3.752700,0
1,2,114.724692,4.303500,0
1,2,114.741523,4.014400,0
1,2,114.758058,4.311000,0
1,2,114.774518,4.234300,0
1,2,114.791382,4.388400,0
1,2,114.808039,3.836900,0
1,2,114.824478,5.436600,0
1,2,114.841293,3.739600,0
1,2,114.857969,3.758800,0
1,2,114.874877,3.769900,0
1,2,114.891376,3.767200,0
1,2,114.907914,4.957800,0
1,2,114.924679,3.754600,0
1,2,114.941429,4.360800,0
1,2,114.957997,3.745700,0
1,2,114.974662,3.900400,0
1,2,114.991373,4.404000,0
1,2,115.007865,4.433900,0
1,2,115.024658,3.765700,0
1,2,115.041279,3.971700,0
1,2,115.058318,3.774900,0
1,2,115.074500,4.769000,0
1,2,115.091242,3.911800,0
1,2,115.108036,3.736400,0
1,2,115.124752,3.739100,0
1,2,115.141345,4.627900,0
1,2,115.157985,3.764700,0
1,2,115.174689,4.473700,0
1,2,115.191367,3.732600,0
1,2,115.208013,3.838800,0
1,2,115.224848,3.808900,0
1,2,115.241225,3.726000,0
1,2,115.257995,3.838400,0
1,2,115.275141,3.764900,0
1,2,115.291244,3.741800,0
1,2,115.308107,3.765900,0
1,2,115.324516,4.579200,0
1,2,115.341491,3.978200,0
1,2,115.362385,3.863400,0
1,2,115.374944,3.989600,0
1,2,115.391750,3.987800,0
1,2,115.408068,3.771300,0
1,2,115.424655,4.580200,0
1,2,115.441427,3.781400,0
1,2,115.457892,3.745200,0
1,2,115.474599,4.404700,0
1,2,115.491390,4.414500,0
1,2,115.508400,4.410100,0
1,2,115.524842,3.757700,0
1,2,115.541570,4.416500,0
1,2,115.557998,3.782300,0
1,2,115.574621,4.417900,0
1,2,115.591492,3.798800,0
1,2,115.607995,4.392500,0
1,2,115.624672,3.764100,0
1,2,115.641266,3.774300,0
1,2,115.658143,3.766300,0
1,2,115.674747,4.210700,0
1,2,115.691393,3.782100,0
1,2,115.708193,3.933400,0
1,2,115.725065,3.958000,0
1,2,115.741450,4.026800,0
1,2,115.757997,3.929000,0
1,2,115.774883,4.838200,0
1,2,115.791577,3.745000,0
1,2,115.808107,3.873000,0
1,2,115.824861,4.885500,0
1,2,115.841651,3.781200,0
1,2,115.858070,3.772100,0
1,2,115.874763,4.555700,0
1,2,115.891646,3.779500,0
1,2,115.908757,4.406000,0
1,2,115.924822,4.891300,0
1,2,115.941521,3.784600,0
1,2,115.958108,3.786700,0
1,2,115.975126,4.424300,0
1,2,115.991728,3.775900,0
1,2,116.008128,3.774700,0
1,2,116.025043,3.798300,0
1,2,116.041541,3.805100,0
1,2,116.058272,4.882400,0
1,2,116.075081,4.349200,0
1,2,116.091499,3.800700,0
1,2,116.108694,4.844900,0
1,2,116.124894,3.791300,0
1,2,116.141513,3.996500,0
1,2,116.158266,3.771800,0
1,2,116.174932,3.799000,0
1,2,116.192204,4.688700,0
1,2,116.208555,4.384400,0
1,2,116.224886,3.985900,0
1,2,116.241846,3.967600,0
1,2,116.258762,3.785400,0
1,2,116.274808,4.078300,0
1,2,116.291621,3.759000,0
1,2,116.308320,4.025500,0
1,2,116.324844,4.840800,0
1,2,116.341500,4.398100,0
1,2,116.358279,3.835700,0
1,2,116.374996,3.785800,0
1,2,116.391459,4.405200,0
1,2,116.408140,3.778300,0
1,2,116.424924,3.769500,0
1,2,116.441573,4.410000,0
1,2,116.458213,4.415500,0
1,2,116.474909,3.762500,0
1,2,116.491691,3.764500,0
1,2,116.508285,3.760700,0
1,2,116.525252,3.739900,0
1,2,116.541612,3.738700,0
1,2,116.558368,3.889200,0
1,2,116.575119,3.740800,0
1,2,116.591851,3.881900,0
1,2,116.608423,3.920800,0
1,2,116.625056,3.815800,0
1,2,116.641602,3.993400,0
1,2,116.658577,3.741800,0
1,2,116.675113,3.757100,0
1,2,116.691602,3.816800,0
1,2,116.708473,3.760400,0
1,2,116.724846,4.697600,0
1,2,116.741800,3.885100,0
1,2,116.758408,3.787900,0
1,2,116.775154,4.252600,0
1,2,116.791756,3.895800,0
1,2,116.808395,4.245400,0
1,2,116.824842,4.837100,0
1,2,116.841882,3.743300,0
1,2,116.858243,4.818300,0
1,2,116.875345,4.033800,0
1,2,116.891705,3.777500,0
1,2,116.908325,4.604600,0
1,2,116.924830,4.876300,0
1,2,116.941628,3.793300,0
1,2,116.958221,3.746500,0
1,2,116.974909,3.761400,0
1,2,116.991671,4.638500,0
1,2,117.008367,3.932200,0
1,2,117.025060,3.767700,0
1,2,117.041587,4.462100,0
1,2,117.058490,3.911100,0
1,2,117.075255,3.794200,0
1,2,117.091696,4.013900,0
1,2,117.108628,3.736200,0
1,2,117.125189,4.053600,0
1,2,117.141527,4.131500,0
1,2,117.158540,3.758200,0
1,2,117.175176,3.821500,0
1,2,117.191941,3.757000,0
1,2,117.208398,3.999300,0
1,2,117.225265,3.839100,0
1,2,117.241687,3.945500,0
1,2,117.258333,4.879900,0
1,2,117.275244,3.772900,0
1,2,117.291761,4.149700,0
1,2,117.308593,3.843300,0
1,2,117.325052,4.580000,0
1,2,117.341783,4.270200,0
1,2,117.358616,3.752600,0
1,2,117.375197,3.858800,0
1,2,117.391635,4.235100,0
1,2,117.409051,4.411900,0
1,2,117.425097,4.008200,0
1,2,117.441692,3.857500,0
1,2,117.458233,3.770800,0
1,2,117.475202,3.794600,0
1,2,117.491582,3.789400,0
1,2,117.508384,4.087700,0
1,2,117.525012,3.785100,0
1,2,117.541664,3.769700,0
1,2,117.558331,3.806700,0
1,2,117.574978,4.359000,0
1,2,117.591852,3.770000,0
1,2,117.608402,3.789000,0
1,2,117.625163,4.804500,0
1,2,117.641948,3.788700,0
1,2,117.658413,3.925300,0
1,2,117.675113,4.186800,0
1,2,117.692107,3.789400,0
1,2,117.708791,3.795000,0
1,2,117.725022,3.888200,0
1,2,117.741720,3.836800,0
1,2,117.758554,3.858000,0
1,2,117.775036,4.831000,0
1,2,117.791653,4.403400,0
1,2,117.808419,4.444400,0
1,2,117.825162,4.907000,0
1,2,117.841640,3.906700,0
1,2,117.858340,3.774800,0
1,2,117.875024,4.336000,0
1,2,117.891548,3.768400,0
1,2,117.908347,3.768000,0
1,2,117.924975,3.773100,0
1,2,117.941685,3.777800,0
1,2,117.958722,3.769300,0
1,2,117.974970,4.067000,0
1,2,117.991930,3.847800,0
1,2,118.008401,3.941200,0
1,2,118.025410,4.375900,0
1,2,118.041756,3.795900,0
1,2,118.058639,3.798500,0
1,2,118.074915,3.749200,0
1,2,118.091926,3.793300,0
1,2,118.108445,3.738300,0
1,2,118.124931,3.734900,0
1,2,118.141700,4.380800,0
1,2,118.158440,3.791700,0
1,2,118.175229,4.425100,0
1,2,118.191783,3.791200,0
1,2,118.208594,3.761500,0
1,2,118.224970,3.764300,0
1,2,118.241742,3.769100,0
1,2,118.258457,3.773200,0
1,2,118.275073,4.160400,0
1,2,118.291795,3.774800,0
1,2,118.308628,4.897900,0
1,2,118.325270,3.769600,0
1,2,118.341705,3.785000,0
1,2,118.358450,4.588500,0
1,2,118.375516,3.754200,0
1,2,118.391954,3.872300,0
1,2,118.408329,4.018100,0
1,2,118.425196,4.375600,0
1,2,118.441698,4.598000,0
1,2,118.458468,3.980900,0
1,2,118.475116,4.822500,0
1,2,118.491670,4.296800,0
1,2,118.508498,4.397100,0
1,2,118.525058,3.767900,0
1,2,118.541787,3.759600,0
1,2,118.558412,4.022200,0
1,2,118.574962,3.901300,0
1,2,118.591878,3.766300,0
1,2,118.608375,3.800300,0
1,2,118.625107,4.799400,0
1,2,118.641674,3.990200,0
1,2,118.658721,4.870800,0
1,2,118.676154,4.104700,0
1,2,118.691587,4.397200,0
1,2,118.708469,4.376900,0
1,2,118.725244,3.744100,0
1,2,118.742049,3.773600,0
1,2,118.758332,4.193900,0
1,2,118.775051,3.895400,0
1,2,118.791817,4.406200,0
1,2,118.808718,3.760900,0
1,2,118.825112,3.771300,0
1,2,118.842268,4.521100,0
1,2,118.858531,3.782000,0
1,2,118.875145,3.790600,0
1,2,118.891925,3.794300,0
1,2,118.908482,3.786000,0
1,2,118.925121,4.454200,0
1,2,118.942248,3.769600,0
1,2,118.958398,3.779100,0
1,2,118.975102,3.791900,0
1,2,118.991876,3.760000,0
1,2,119.008405,4.159500,0
1,2,119.025544,3.733700,0
1,2,119.041850,3.759800,0
1,2,119.058333,4.271300,0
1,2,119.075429,3.759000,0
1,2,119.091754,3.810700,0
1,2,119.108641,3.754900,0
1,2,119.125179,3.763200,0
1,2,119.141782,3.950100,0
1,2,119.158748,4.348800,0
1,2,119.175229,3.743000,0
1,2,119.191749,4.257800,0
1,2,119.209311,3.771000,0
1,2,119.225045,3.761300,0
1,2,119.241870,5.430900,0
1,2,119.258649,3.750700,0
1,2,119.275031,3.842600,0
1,2,119.291671,4.409500,0
1,2,119.308537,4.393300,0
1,2,119.324962,4.442600,0
1,2,119.341733,4.363000,0
1,2,119.358555,4.208500,0
1,2,119.375116,4.009300,0
1,2,119.392103,3.744400,0
1,2,119.408433,4.467600,0
1,2,119.425094,5.727700,0
1,2,119.441983,4.181300,0
1,2,119.458495,3.805100,0
1,2,119.475151,4.919300,0
1,2,119.491918,3.828500,0
1,2,119.508647,3.749600,0
1,2,119.525368,4.395900,0
1,2,119.541885,3.787500,0
1,2,119.558459,3.797700,0
1,2,119.575581,3.766200,0
1,2,119.591948,3.961700,0
1,2,119.608440,4.044000,0
1,2,119.625308,3.771700,0
1,2,119.641707,4.642900,0
1,2,119.658582,4.532900,0
1,2,119.675399,4.639700,0
1,2,119.691838,3.928400,0
1,2,119.708680,4.366600,0
1,2,119.725098,3.745100,0
1,2,119.741660,3.948100,0
1,2,119.758884,3.755700,0
1,2,119.775055,4.437600,0
1,2,119.791913,3.744400,0
1,2,119.808534,3.782100,0
1,2,119.825002,4.984800,0
1,2,119.842037,3.785300,0
1,2,119.858416,3.797000,0
1,2,119.875280,4.824400,0
1,2,119.891887,3.764500,0
1,2,119.908488,4.930700,0
1,2,119.925203,4.370000,0
1,2,119.942021,3.767300,0
1,2,119.958413,4.829500,0
1,2,119.975303,3.731000,0
1,2,119.991782,4.039300,0
1,2,120.008517,4.384300,0
1,2,120.025447,3.907000,0
1,2,120.041810,3.789500,0
1,2,120.058601,4.388300,0
1,2,120.075139,3.773300,0
1,2,120.092032,3.834900,0
1,2,120.108830,4.108500,0
1,2,120.125193,4.039200,0
1,2,120.142022,5.017200,0
1,2,120.158712,3.955000,0
1,2,120.175192,4.235900,0
1,2,120.191951,4.151600,0
1,2,120.208644,3.810300,0
1,2,120.225306,4.034700,0
1,2,120.242027,3.757400,0
1,2,120.258602,3.724700,0
1,2,120.275129,5.446400,0
1,2,120.291942,3.780100,0
1,2,120.308476,4.215800,0
1,2,120.325842,3.720400,0
1,2,120.342405,3.764300,0
1,2,120.358600,4.048800,0
1,2,120.375246,3.770700,0
1,2,120.391926,4.371500,0
1,2,120.409183,3.803300,0
1,2,120.428479,4.005800,0
1,2,120.442051,5.135400,0
1,2,120.458657,4.364500,0
1,2,120.475292,4.008700,0
1,2,120.492097,3.782800,0
1,2,120.508733,3.897700,0
1,2,120.525289,3.804700,0
1,2,120.542157,3.783300,0
1,2,120.558645,5.087100,0
1,2,120.575466,3.788100,0
1,2,120.591974,4.010700,0
1,2,120.609209,4.405400,0
1,2,120.625680,4.395100,0
1,2,120.642126,4.434500,0
1,2,120.659193,3.780100,0
1,2,120.675513,4.969600,0
1,2,120.692218,3.790500,0
1,2,120.709031,3.771300,0
1,2,120.725677,5.163100,0
1,2,120.742332,3.798800,0
1,2,120.758815,4.436000,0
1,2,120.775536,4.358400,0
1,2,120.792154,3.854200,0
1,2,120.809258,5.153000,0
1,2,120.825298,3.751500,0
1,2,120.841935,4.821900,0
1,2,120.858902,3.747600,0
1,2,120.875362,3.786800,0
1,2,120.892174,3.743200,0
1,2,120.908801,4.346100,0
1,2,120.925365,4.043300,0
1,2,120.942166,3.768300,0
1,2,120.958626,3.805000,0
1,2,120.975511,4.402800,0
1,2,120.993195,3.769100,0
1,2,121.008644,3.802100,0
1,2,121.025947,3.765500,0
1,2,121.042032,3.791700,0
1,2,121.058620,4.678900,0
1,2,121.075606,3.765500,0
1,2,121.091935,3.872500,0
1,2,121.108781,4.381900,0
1,2,121.125624,4.400400,0
1,2,121.141960,4.037200,0
1,2,121.158696,3.772400,0
1,2,121.175449,4.049300,0
1,2,121.192396,3.773200,0
1,2,121.208555,3.937000,0
1,2,121.225965,3.833500,0
1,2,121.242184,3.766500,0
1,2,121.258782,3.783300,0
1,2,121.275453,3.768600,0
1,2,121.292133,3.778900,0
1,2,121.308628,4.013000,0
1,2,121.325661,3.746300,0
1,2,121.342415,3.749800,0
1,2,121.358819,4.108400,0
1,2,121.375476,3.777800,0
1,2,121.392046,3.817100,0
1,2,121.408655,3.758600,0
1,2,121.425469,3.755600,0
1,2,121.442003,4.453500,0
1,2,121.458961,3.760400,0
1,2,121.475305,3.816100,0
1,2,121.491970,4.650100,0
1,2,121.508957,3.776000,0
1,2,121.525351,3.873800,0
1,2,121.541994,3.757500,0
1,2,121.558805,3.794200,0
1,2,121.575281,4.165500,0
1,2,121.592549,3.736700,0
1,2,121.608830,3.788000,0
1,2,121.625421,4.650300,0
1,2,121.642473,3.787300,0
1,2,121.658764,4.047400,0
1,2,121.675377,5.502700,0
1,2,121.692039,3.764200,0
1,2,121.708624,3.817200,0
1,2,121.725400,3.776100,0
1,2,121.742259,3.771100,0
1,2,121.759055,3.919100,0
1,2,121.775641,3.758500,0
1,2,121.791964,3.763200,0
1,2,121.808867,3.935800,0
1,2,121.825671,3.803700,0
1,2,121.841978,3.801400,0
1,2,121.858700,3.768000,0
1,2,121.875430,3.761500,0
1,2,121.892060,3.999900,0
1,2,121.909127,3.757600,0
1,2,121.925244,3.904600,0
1,2,121.942014,3.870500,0
1,2,121.958776,3.801500,0
1,2,121.975307,3.979400,0
1,2,121.992221,4.399500,0
1,2,122.008885,3.744400,0
1,2,122.025474,4.414900,0
1,2,122.042127,3.767400,0
1,2,122.058989,3.801600,0
1,2,122.075539,4.040900,0
1,2,122.092375,3.781500,0
1,2,122.108865,3.974900,0
1,2,122.125528,4.020700,0
1,2,122.142173,4.343000,0
1,2,122.158646,3.800700,0
1,2,122.175503,3.764200,0
1,2,122.192163,4.403100,0
1,2,122.208642,4.655200,0
1,2,122.225375,3.756300,0
1,2,122.242052,3.788200,0
1,2,122.259029,3.767000,0
1,2,122.275267,4.811900,0
1,2,122.291913,4.041700,0
1,2,122.308871,3.758300,0
1,2,122.325273,4.224600,0
1,2,122.342016,4.812500,0
1,2,122.358862,3.781800,0
1,2,122.375236,4.079200,0
1,2,122.392121,4.798900,0
1,2,122.408827,3.757600,0
1,2,122.425316,3.941700,0
1,2,122.442342,3.767600,0
1,2,122.458601,3.966500,0
1,2,122.475954,3.782100,0
1,3,129.595565,4.411900,0
