Cycle,Round,ReadWallSeconds,UniqueGPUFrameMS,Disjoint
1,1,5.150102,17.112300,0
1,1,5.172368,24.338800,0
1,1,5.194922,20.675100,0
1,1,5.221789,16.879000,0
1,1,5.242806,18.540100,0
1,1,5.269599,20.502800,0
1,1,5.291950,23.555200,0
1,1,5.319153,18.206100,0
1,1,5.341273,17.911500,0
1,1,5.362749,20.233200,0
1,1,5.391587,22.295900,0
1,1,5.414961,19.404600,0
1,1,5.441112,17.952000,0
1,1,5.468307,18.542200,0
1,1,5.492314,19.356500,0
1,1,5.519040,16.824100,0
1,1,5.539092,24.571400,0
1,1,5.567499,15.548100,0
1,1,5.588379,20.417800,0
1,1,5.609947,18.317900,0
1,1,5.636340,17.944700,0
1,1,5.660473,19.388500,0
1,1,5.686389,26.028500,0
1,1,5.708970,18.841000,0
1,1,5.731566,17.517900,0
1,1,5.755029,23.845300,0
1,1,5.779846,18.025300,0
1,1,5.803623,17.422200,0
1,1,5.826271,18.447000,0
1,1,5.853373,21.260400,0
1,1,5.877761,17.885200,0
1,1,5.903117,19.184000,0
1,1,5.924595,21.314200,0
1,1,5.946446,20.406200,0
1,1,5.970864,24.569400,0
1,1,5.994137,19.862700,0
1,1,6.020724,22.232700,0
1,1,6.042658,19.161100,0
1,1,6.068859,19.384000,0
1,1,6.091389,18.035900,0
1,1,6.115956,19.710100,0
1,1,6.139241,19.120400,0
1,1,6.169011,21.856900,0
1,1,6.190652,24.914400,0
1,1,6.218716,18.909900,0
1,1,6.241816,18.483900,0
1,1,6.268647,19.611700,0
1,1,6.292268,19.683000,0
1,1,6.317134,19.828800,0
1,1,6.338864,18.399000,0
1,1,6.360736,18.437300,0
1,1,6.387230,27.854200,0
1,1,6.408719,17.293700,0
1,1,6.435456,24.747200,0
1,1,6.456980,19.190800,0
1,1,6.485108,19.140600,0
1,1,6.506279,18.074300,0
1,1,6.527760,17.691200,0
1,1,6.556223,25.423800,0
1,1,6.577539,15.905100,0
1,1,6.601805,18.890600,0
1,1,6.624701,19.909200,0
1,1,6.652553,17.429500,0
1,1,6.675213,25.726200,0
1,1,6.699781,15.646700,0
1,1,6.722218,21.383800,0
1,1,6.744330,17.967400,0
1,1,6.770359,17.713700,0
1,1,6.791588,21.450000,0
1,1,6.818324,17.860900,0
1,1,6.839730,18.615000,0
1,1,6.866311,13.482500,0
1,1,6.888459,22.834500,0
1,1,6.910580,17.521300,0
1,1,6.936179,24.120000,0
1,1,6.958860,20.565500,0
1,1,6.981619,12.532400,0
1,1,7.005879,24.859900,0
1,1,7.032086,20.196200,0
1,1,7.055418,20.141400,0
1,1,7.077356,19.655100,0
1,1,7.109061,20.255800,0
1,1,7.126929,19.498000,0
1,1,7.154382,19.246300,0
1,1,7.174449,26.025000,0
1,1,7.202833,25.635300,0
1,1,7.225520,20.488800,0
1,1,7.252669,18.282600,0
1,1,7.278205,24.394100,0
1,1,7.305984,27.206900,0
1,1,7.335078,18.642300,0
1,1,7.359803,24.003600,0
1,1,7.388269,25.958700,0
1,1,7.414585,19.892500,0
1,1,7.440526,21.500100,0
1,1,7.468421,16.831500,0
1,1,7.491992,26.059700,0
1,1,7.520905,28.228400,0
1,1,7.543394,19.960500,0
1,1,7.571529,25.555500,0
1,1,7.595084,18.769300,0
1,1,7.623834,25.626200,0
1,1,7.646609,22.082800,0
1,1,7.678813,26.849000,0
1,1,7.707614,27.873700,0
1,1,7.733076,19.723200,0
1,1,7.759019,21.781200,0
1,1,7.787147,25.862500,0
1,1,7.811414,22.136700,0
1,1,7.840212,32.813300,0
1,1,7.867859,15.628400,0
1,1,7.893256,18.711300,0
1,1,7.923792,29.263400,0
1,1,7.951054,20.669600,0
1,1,7.973603,21.662400,0
1,1,8.001351,16.754400,0
1,1,8.023830,18.241000,0
1,1,8.053554,24.674400,0
1,1,8.077231,20.002600,0
1,1,8.107963,27.776600,0
1,1,8.134992,20.603300,0
1,1,8.158277,26.608100,0
1,1,8.188212,27.217300,0
1,1,8.211443,19.700100,0
1,1,8.240337,26.125400,0
1,1,8.261878,16.613400,0
1,1,8.292562,23.752200,0
1,1,8.322650,29.945600,0
1,1,8.345179,22.054000,0
1,1,8.374580,23.499200,0
1,1,8.408051,27.875500,0
1,1,8.434929,22.246500,0
1,1,8.460738,30.576200,0
1,1,8.490647,28.478100,0
1,1,8.516358,17.762700,0
1,1,8.545822,28.199600,0
1,1,8.574478,28.080000,0
1,1,8.603418,16.059900,0
1,1,8.626922,31.779400,0
1,1,8.656988,20.616800,0
1,1,8.683998,16.185100,0
1,1,8.708478,24.978600,0
1,1,8.735669,19.947200,0
1,1,8.760439,22.785700,0
1,1,8.789157,29.070300,0
1,1,8.814836,20.769900,0
1,1,8.849857,22.666000,0
1,1,8.874336,19.972300,0
1,1,8.902125,19.151200,0
1,1,8.924806,23.064600,0
1,1,8.951374,20.198700,0
1,1,8.974518,20.793700,0
1,1,9.003078,19.659700,0
1,1,9.026494,25.486000,0
1,1,9.055368,22.608900,0
1,1,9.076262,19.731100,0
1,1,9.103000,19.084100,0
1,1,9.126525,24.383900,0
1,1,9.153443,23.382800,0
1,1,9.179402,18.555500,0
1,1,9.207002,19.122500,0
1,1,9.231266,20.040600,0
1,1,9.256215,20.062600,0
1,1,9.284517,16.325800,0
1,1,9.309343,27.529700,0
1,1,9.336152,21.327000,0
1,1,9.358548,18.083200,0
1,1,9.385329,18.638100,0
1,1,9.409213,21.500900,0
1,1,9.437654,22.271400,0
1,1,9.461877,18.699300,0
1,1,9.490749,26.262300,0
1,1,9.518123,18.913700,0
1,1,9.540527,19.134900,0
1,1,9.565203,17.539400,0
1,1,9.590809,20.449000,0
1,1,9.618385,20.384000,0
1,1,9.641501,19.645700,0
1,1,9.669036,21.400600,0
1,1,9.691595,24.370900,0
1,1,9.717725,19.648800,0
1,1,9.740363,24.883500,0
1,1,9.768148,16.128700,0
1,1,9.793200,17.300000,0
1,1,9.819622,23.643000,0
1,1,9.842163,22.801100,0
1,1,9.869690,22.062500,0
1,1,9.894221,18.598500,0
1,1,9.922009,25.277600,0
1,1,9.950094,19.982500,0
1,1,9.973171,23.991200,0
1,1,9.996111,20.454700,0
1,1,10.024981,21.540400,0
1,1,10.051449,15.513500,0
1,1,10.076381,22.249300,0
1,1,10.104268,20.972000,0
1,1,10.125831,26.025100,0
1,1,10.152514,22.203000,0
1,1,10.178273,24.532800,0
1,1,10.207190,29.389800,0
1,1,10.235663,16.118500,0
1,1,10.258391,24.834700,0
1,1,10.282061,19.646000,0
1,1,10.307286,24.626400,0
1,1,10.334783,15.795400,0
1,1,10.359349,26.257300,0
1,1,10.386239,22.775600,0
1,1,10.410208,22.438300,0
1,1,10.438161,26.233900,0
1,1,10.460609,18.696000,0
1,1,10.488356,22.115500,0
1,1,10.511078,20.231800,0
1,1,10.541095,29.599200,0
1,1,10.567859,14.778800,0
1,1,10.590724,25.579900,0
1,1,10.612708,19.832300,0
1,1,10.641745,27.044000,0
1,1,10.669661,17.571700,0
1,1,10.693473,20.966900,0
1,1,10.722032,22.803300,0
1,1,10.743813,17.870600,0
1,1,10.772883,23.481100,0
1,1,10.795341,20.442300,0
1,1,10.825305,27.272400,0
1,1,10.849934,21.173100,0
1,1,10.877214,22.302100,0
1,1,10.904723,26.568000,0
1,1,10.928195,19.639500,0
1,1,10.954226,23.107400,0
1,1,10.977305,22.968100,0
1,1,11.004816,25.494400,0
1,1,11.028005,17.114300,0
1,1,11.055671,25.053900,0
1,1,11.079115,16.443800,0
1,1,11.105450,14.875700,0
1,1,11.128470,23.261400,0
1,1,11.157011,25.656200,0
1,1,11.183622,16.761700,0
1,1,11.208628,24.440500,0
1,1,11.230673,21.209700,0
1,1,11.259124,23.625200,0
1,1,11.286512,19.200700,0
1,1,11.309048,24.650600,0
1,1,11.333248,19.313200,0
1,1,11.358353,20.191300,0
1,1,11.382230,21.153500,0
1,1,11.407466,20.737800,0
1,1,11.430750,20.123300,0
1,1,11.458906,22.296000,0
1,1,11.483059,21.070000,0
1,1,11.507602,24.845600,0
1,1,11.533917,19.121300,0
1,1,11.558571,25.227500,0
1,1,11.582255,18.001700,0
1,1,11.608192,25.985300,0
1,1,11.635717,17.063700,0
1,1,11.659919,25.141800,0
1,1,11.688438,29.197600,0
1,1,11.713382,19.260500,0
1,1,11.738852,21.682000,0
1,1,11.762176,20.324100,0
1,1,11.791400,29.955600,0
1,1,11.819503,22.770000,0
1,1,11.841826,25.580000,0
1,1,11.868164,19.766900,0
1,1,11.892458,20.971500,0
1,1,11.920323,26.998500,0
1,1,11.945452,18.835900,0
1,1,11.973687,27.403200,0
1,1,11.997045,16.812300,0
1,1,12.027743,26.035300,0
1,1,12.055965,24.962700,0
1,1,12.085175,17.548400,0
1,1,12.109886,30.275500,0
1,1,12.135604,23.269800,0
1,1,12.158857,22.839400,0
1,1,12.185837,16.582400,0
1,1,12.212111,20.162700,0
1,1,12.236719,19.718900,0
1,1,12.259466,21.418900,0
1,1,12.286813,19.023300,0
1,1,12.312684,21.134200,0
1,1,12.341643,26.004800,0
1,1,12.369042,22.308500,0
1,1,12.393330,28.419800,0
1,1,12.422670,24.618100,0
1,1,12.448952,20.273100,0
1,1,12.475466,22.357900,0
1,1,12.505088,18.848900,0
1,1,12.526146,22.161600,0
1,1,12.553573,19.805300,0
1,1,12.577523,20.784500,0
1,1,12.604814,25.896400,0
1,1,12.627590,18.787300,0
1,1,12.655204,18.805500,0
1,1,12.684754,25.639900,0
1,1,12.708043,21.176500,0
1,1,12.737551,22.689100,0
1,1,12.760095,22.959000,0
1,1,12.787163,27.051100,0
1,1,12.811633,19.237800,0
1,1,12.838501,24.383800,0
1,1,12.861683,18.021800,0
1,1,12.890356,25.297600,0
1,1,12.912623,14.375100,0
1,1,12.941842,32.266400,0
1,1,12.970302,20.172800,0
1,1,12.992577,20.942100,0
1,1,13.019907,20.076400,0
1,1,13.041673,24.910300,0
1,1,13.070659,18.464700,0
1,1,13.093133,26.581100,0
1,1,13.120306,20.560100,0
1,1,13.142792,17.876500,0
1,1,13.169744,21.954100,0
1,1,13.194155,23.751800,0
1,1,13.220886,23.730800,0
1,1,13.244297,20.335200,0
1,1,13.271209,26.842600,0
1,1,13.295684,22.395100,0
1,1,13.322381,26.812600,0
1,1,13.345836,23.862000,0
1,1,13.373994,24.953000,0
1,1,13.401045,20.124900,0
1,1,13.425952,23.567100,0
1,1,13.453541,20.264700,0
1,1,13.477444,25.260800,0
1,1,13.505656,22.510600,0
1,1,13.534708,19.730400,0
1,1,13.557839,25.490400,0
1,1,13.584925,20.789900,0
1,1,13.609154,26.707100,0
1,1,13.636788,19.568000,0
1,1,13.661881,22.343700,0
1,1,13.691628,11.812200,0
1,1,13.719381,20.692100,0
1,1,13.741853,25.309100,0
1,1,13.769693,19.078700,0
1,1,13.793119,18.007500,0
1,1,13.820970,20.743100,0
1,1,13.843619,18.963300,0
1,1,13.871745,27.685400,0
1,1,13.895520,22.465700,0
1,1,13.922257,22.883700,0
1,1,13.946429,19.846400,0
1,1,13.975779,18.854600,0
1,1,14.002606,19.545700,0
1,1,14.026650,25.503500,0
1,1,14.054029,21.273900,0
1,1,14.077822,20.948100,0
1,1,14.105916,22.849000,0
1,1,14.133955,24.246700,0
1,1,14.158850,19.824600,0
1,1,14.186916,24.183200,0
1,1,14.209292,17.984100,0
1,1,14.236375,21.433800,0
1,1,14.259585,18.042600,0
1,1,14.284869,21.701400,0
1,1,14.309878,23.913700,0
1,1,14.337210,19.733900,0
1,1,14.361512,25.860100,0
1,1,14.391904,18.622700,0
1,1,14.412572,21.057000,0
1,1,14.442048,26.233300,0
1,1,14.470326,21.985400,0
1,1,14.492575,19.714600,0
1,1,14.520388,17.995600,0
1,1,14.543765,18.680300,0
1,1,14.570956,23.115000,0
1,1,14.595843,24.541500,0
1,1,14.622038,16.781100,0
1,1,14.645643,17.598600,0
1,1,14.674578,26.303400,0
1,1,14.702234,17.974800,0
1,1,14.725874,26.202600,0
1,1,14.752511,20.069000,0
1,1,14.775803,25.062600,0
1,1,14.803087,20.212500,0
1,1,14.826641,16.862600,0
1,1,14.854862,23.840100,0
1,1,14.876491,19.004100,0
1,1,14.903494,22.970900,0
1,1,14.926603,17.057400,0
1,1,14.953437,20.658400,0
1,1,14.975966,20.739500,0
1,1,15.003185,24.482500,0
1,1,15.026432,24.851900,0
1,1,15.053353,25.431600,0
1,1,15.077113,20.314300,0
1,1,15.104203,19.705700,0
1,1,15.126535,19.297100,0
1,1,15.153402,25.322900,0
1,1,15.176859,21.779400,0
1,1,15.207182,28.046600,0
1,1,15.235819,21.182300,0
1,1,15.261071,26.371000,0
1,1,15.288415,27.367300,0
1,1,15.317910,19.815000,0
1,1,15.342761,25.643900,0
1,1,15.370446,26.584000,0
1,1,15.393034,21.800300,0
1,1,15.419934,20.806000,0
1,1,15.442403,19.440500,0
1,1,15.470943,18.444300,0
1,1,15.493509,24.369200,0
1,1,15.520107,24.283100,0
1,1,15.543657,22.825800,0
1,1,15.569480,20.936700,0
1,1,15.591835,24.344000,0
1,1,15.617893,20.382600,0
1,1,15.642712,19.231700,0
1,1,15.666449,22.239100,0
1,1,15.692248,21.464500,0
1,1,15.719708,23.779900,0
1,1,15.744447,16.629700,0
1,1,15.775187,28.832300,0
1,1,15.797236,19.238200,0
1,1,15.825804,23.723100,0
1,1,15.855100,23.653100,0
1,1,15.882367,22.333300,0
1,1,15.907876,20.279800,0
1,1,15.935114,15.609800,0
1,1,15.959525,25.353400,0
1,1,15.984256,17.281300,0
1,1,16.009819,25.418200,0
1,1,16.036885,27.307400,0
1,1,16.060142,20.706900,0
1,1,16.089341,28.083400,0
1,1,16.117695,22.798600,0
1,1,16.144087,27.322400,0
1,1,16.175115,24.530900,0
1,1,16.202018,15.780800,0
1,1,16.225682,26.943600,0
1,1,16.255304,22.924900,0
1,1,16.278399,21.967800,0
1,1,16.305996,25.326300,0
1,1,16.330222,20.541700,0
1,1,16.358888,30.340900,0
1,1,16.386383,22.497400,0
1,1,16.411790,22.183100,0
1,1,16.441611,25.743300,0
1,1,16.468543,20.967200,0
1,1,16.492389,19.825500,0
1,1,16.520170,19.598900,0
1,1,16.542646,24.301000,0
1,1,16.569593,19.003500,0
1,1,16.592753,25.973700,0
1,1,16.621222,24.581400,0
1,1,16.644221,19.383800,0
1,1,16.677936,27.783000,0
1,1,16.703975,21.232400,0
1,1,16.728390,20.136000,0
1,1,16.756585,25.783500,0
1,1,16.780591,21.039300,0
1,1,16.807719,25.912200,0
1,1,16.834899,16.189900,0
1,1,16.857497,17.306500,0
1,1,16.884667,13.843300,0
1,1,16.909529,25.958600,0
1,1,16.935600,19.633500,0
1,1,16.959259,21.807900,0
1,1,16.980945,18.520900,0
1,1,17.009530,26.159500,0
1,1,17.036059,20.899200,0
1,1,17.058828,25.244300,0
1,1,17.083394,21.717000,0
1,1,17.109440,21.099400,0
1,1,17.133073,19.510200,0
1,1,17.158390,21.534900,0
1,1,17.186914,15.316000,0
1,1,17.209835,29.034200,0
1,1,17.238211,18.544800,0
1,1,17.260550,21.704800,0
1,1,17.290709,18.165100,0
1,1,17.312679,19.827700,0
1,1,17.339745,26.118100,0
1,1,17.363287,20.934400,0
1,1,17.389798,25.832600,0
1,1,17.417579,17.903300,0
1,1,17.439914,24.026400,0
1,1,17.469003,22.719100,0
1,1,17.491842,19.419900,0
1,1,17.520889,20.285800,0
1,1,17.543967,19.696300,0
1,1,17.570563,18.476200,0
1,1,17.593245,20.590700,0
1,1,17.620531,18.907100,0
1,1,17.643577,22.090000,0
1,1,17.672251,24.849400,0
1,1,17.695888,21.435800,0
1,1,17.722167,23.247800,0
1,1,17.745347,17.067200,0
1,1,17.773023,24.551900,0
1,1,17.795902,17.944900,0
1,1,17.824676,22.864900,0
1,1,17.851710,15.205400,0
1,1,17.875989,26.985700,0
1,1,17.900281,20.894900,0
1,1,17.927171,19.276800,0
1,1,17.950623,21.152600,0
1,1,17.975859,24.994800,0
1,1,18.003604,17.702100,0
1,1,18.027873,27.586700,0
1,1,18.055303,19.694700,0
1,1,18.080921,21.329100,0
1,1,18.105761,22.489100,0
1,1,18.130523,21.736200,0
1,1,18.157729,23.394000,0
1,1,18.186217,24.066500,0
1,1,18.208744,24.986400,0
1,1,18.237080,22.457600,0
1,1,18.259967,22.782700,0
1,1,18.286852,19.928100,0
1,1,18.309808,19.101600,0
1,1,18.336086,19.816800,0
1,1,18.359596,25.376500,0
1,1,18.388597,21.292000,0
1,1,18.410691,20.811800,0
1,1,18.439154,26.281900,0
1,1,18.462410,19.383400,0
1,1,18.490614,25.678900,0
1,1,18.513501,16.554300,0
1,1,18.542114,25.340800,0
1,1,18.570381,20.128700,0
1,1,18.592889,24.810300,0
1,1,18.619768,21.714100,0
1,1,18.642972,18.765900,0
1,1,18.671651,21.702600,0
1,1,18.697786,22.980800,0
1,1,18.724306,21.888100,0
1,1,18.749322,21.056200,0
1,1,18.775167,25.596500,0
1,1,18.799511,21.089000,0
1,1,18.824911,22.609600,0
1,1,18.852645,20.361100,0
1,1,18.875548,18.216000,0
1,1,18.904192,21.479600,0
1,1,18.927154,24.706800,0
1,1,18.954128,18.801500,0
1,1,18.977580,20.614500,0
1,1,19.005858,23.071700,0
1,1,19.035071,21.011700,0
1,1,19.059547,25.184000,0
1,1,19.083913,17.215800,0
1,1,19.110461,23.683200,0
1,1,19.138303,22.841000,0
1,1,19.161017,22.055700,0
1,1,19.188772,19.341800,0
1,1,19.211618,19.142500,0
1,1,19.239381,18.536600,0
1,1,19.265329,16.553100,0
1,1,19.290169,26.110700,0
1,1,19.319527,13.916100,0
1,1,19.342180,20.261900,0
1,1,19.367055,16.138400,0
1,1,19.393560,19.712700,0
1,1,19.420295,20.721400,0
1,1,19.443481,23.387800,0
1,1,19.473751,25.045100,0
1,1,19.502623,16.277000,0
1,1,19.526279,25.705200,0
1,1,19.554155,21.185500,0
1,1,19.576809,18.283300,0
1,1,19.603839,21.500900,0
1,1,19.627220,18.621900,0
1,1,19.656889,27.394500,0
1,1,19.679092,16.773100,0
1,1,19.707531,17.730400,0
1,1,19.730312,19.556300,0
1,1,19.758365,25.109300,0
1,1,19.786455,20.211300,0
1,1,19.809911,25.047600,0
1,1,19.840534,24.657000,0
1,1,19.865496,23.553300,0
1,1,19.893288,22.432200,0
1,1,19.921654,21.291400,0
1,1,19.951091,22.477200,0
1,1,19.975681,25.906400,0
1,1,19.997693,19.569600,0
1,1,20.028486,26.535300,0
1,1,20.057223,24.709200,0
1,1,20.085039,21.037300,0
1,1,20.112260,27.850400,0
1,1,20.141493,26.195500,0
1,1,20.164241,16.459400,0
1,1,20.194253,23.707400,0
1,1,20.221334,21.328000,0
1,1,20.244313,19.208000,0
1,1,20.273117,20.569100,0
1,1,20.301579,21.750700,0
1,1,20.326357,30.961900,0
1,1,20.351078,22.182500,0
1,1,20.376397,26.737300,0
1,1,20.404459,22.974700,0
1,1,20.431176,18.077200,0
1,1,20.455973,22.137900,0
1,1,20.482499,22.256900,0
1,1,20.509763,25.912600,0
1,1,20.537868,24.022800,0
1,1,20.561806,18.347700,0
1,1,20.590674,26.051300,0
1,1,20.614287,23.420000,0
1,1,20.642623,25.688900,0
1,1,20.668410,20.462700,0
1,1,20.693333,19.801600,0
1,1,20.720480,24.121300,0
1,1,20.743225,17.784600,0
1,1,20.770732,20.903800,0
1,1,20.793839,19.592100,0
1,1,20.821579,24.957900,0
1,1,20.843947,19.303300,0
1,1,20.872724,26.692600,0
1,1,20.896446,21.647100,0
1,1,20.926870,22.139000,0
1,1,20.949526,22.571400,0
1,1,20.980072,27.311400,0
1,1,21.006445,21.821500,0
1,1,21.029973,25.065800,0
1,1,21.057051,25.262900,0
1,1,21.085575,16.005200,0
1,1,21.110247,23.001200,0
1,1,21.136448,18.659900,0
1,1,21.161188,24.029400,0
1,1,21.188847,18.559700,0
1,1,21.211809,18.596300,0
1,1,21.241854,23.959000,0
1,1,21.264107,16.586200,0
1,1,21.291872,26.375000,0
1,1,21.320192,20.619400,0
1,1,21.342906,23.623200,0
1,1,21.369641,19.478300,0
1,1,21.392816,24.079400,0
1,1,21.420092,20.689500,0
1,1,21.442880,19.962600,0
1,1,21.467282,21.145500,0
1,1,21.493067,22.074100,0
1,1,21.517147,21.243500,0
1,1,21.542918,21.403100,0
1,1,21.570446,22.481500,0
1,1,21.592753,16.675900,0
1,1,21.619503,21.156900,0
1,1,21.644728,22.184900,0
1,1,21.671147,22.762300,0
1,1,21.694246,21.315700,0
1,1,21.721313,18.488900,0
1,1,21.745057,17.427200,0
1,1,21.773386,25.697200,0
1,1,21.801031,15.917100,0
1,1,21.824307,18.450200,0
1,1,21.853636,19.471100,0
1,1,21.876646,24.895500,0
1,1,21.903159,19.534300,0
1,1,21.927089,22.770800,0
1,1,21.954576,20.920600,0
1,1,21.977189,21.717500,0
1,1,22.004318,19.996200,0
1,1,22.028443,19.781300,0
1,1,22.055645,19.771800,0
1,1,22.079262,19.725300,0
1,1,22.108060,26.088500,0
1,1,22.133491,21.669600,0
1,1,22.161595,25.474500,0
1,1,22.187895,25.007100,0
1,1,22.210317,19.328200,0
1,1,22.237934,20.175000,0
1,1,22.260989,20.717400,0
1,1,22.288114,21.994900,0
1,1,22.313164,17.838700,0
1,1,22.341004,25.185800,0
1,1,22.367470,19.386400,0
1,1,22.392664,26.022200,0
1,1,22.414932,21.656600,0
1,1,22.444367,23.131200,0
1,1,22.472493,24.630200,0
1,1,22.496065,22.683300,0
1,1,22.524362,23.502900,0
1,1,22.548814,17.026300,0
1,1,22.576273,27.239100,0
1,1,22.600893,21.168800,0
1,1,22.626170,23.961500,0
1,1,22.651105,21.036000,0
1,1,22.678911,26.253900,0
1,1,22.707219,28.269500,0
1,1,22.730084,17.797000,0
1,1,22.760516,24.765700,0
1,1,22.786871,22.616900,0
1,1,22.811955,25.239400,0
1,1,22.839371,26.932500,0
1,1,22.862293,20.566300,0
1,1,22.891307,27.652800,0
1,1,22.916517,13.880100,0
1,1,22.942836,27.295500,0
1,1,22.967465,18.566800,0
1,1,22.992927,22.321400,0
1,1,23.017293,19.621200,0
1,1,23.042654,20.833300,0
1,1,23.070241,18.512000,0
1,1,23.093656,25.140900,0
1,1,23.120244,21.255500,0
1,1,23.142667,18.235500,0
1,1,23.169971,20.196600,0
1,1,23.193042,24.951000,0
1,1,23.220916,25.301700,0
1,1,23.245510,18.788400,0
1,1,23.272730,26.211600,0
1,1,23.295746,21.604800,0
1,1,23.323652,22.776000,0
1,1,23.351203,19.678400,0
1,1,23.373294,24.340700,0
1,1,23.399063,17.636800,0
1,1,23.426014,24.391200,0
1,1,23.449953,22.913800,0
1,1,23.476767,22.708300,0
1,1,23.503625,19.827200,0
1,1,23.526467,25.487100,0
1,1,23.553050,17.824300,0
1,1,23.575953,19.216800,0
1,1,23.600256,19.878500,0
1,1,23.625623,17.146500,0
1,1,23.654780,15.092700,0
1,1,23.678822,33.459900,0
1,1,23.705969,20.922200,0
1,1,23.730462,18.780300,0
1,1,23.759855,25.028900,0
1,1,23.789270,16.849300,0
1,1,23.821293,30.593000,0
1,1,23.848554,21.744500,0
1,1,23.882063,28.816800,0
1,1,23.911996,30.760800,0
1,1,23.940196,27.160200,0
1,1,23.966404,21.578900,0
1,1,23.993731,20.977700,0
1,1,24.023742,26.218100,0
1,1,24.054193,21.556800,0
1,1,24.080372,24.095500,0
1,1,24.109780,26.898900,0
1,1,24.134871,18.077000,0
1,1,24.160654,25.737400,0
1,1,24.189175,19.508600,0
1,1,24.216600,27.078300,0
1,1,24.241641,27.341500,0
1,1,24.271360,15.948800,0
1,1,24.295207,28.653200,0
1,1,24.323800,26.172600,0
1,1,24.347306,19.274300,0
1,1,24.375687,28.780300,0
1,1,24.402916,21.170800,0
1,1,24.426268,23.820000,0
1,1,24.455210,21.818800,0
1,1,24.478355,22.500700,0
1,1,24.506781,23.118000,0
1,1,24.535172,22.087900,0
1,1,24.559037,25.005600,0
1,1,24.586400,21.014800,0
1,1,24.609726,25.094100,0
1,1,24.636480,19.098500,0
1,1,24.660585,21.507900,0
1,1,24.689636,24.341600,0
1,1,24.712158,17.745300,0
1,1,24.739671,20.188800,0
1,1,24.763829,18.685200,0
1,1,24.793393,26.458400,0
1,1,24.820258,17.780000,0
1,1,24.845368,18.214200,0
1,1,24.867727,22.092900,0
1,1,24.896333,19.501100,0
1,1,24.928667,27.658000,0
1,1,24.958334,27.685200,0
1,1,24.987109,20.981100,0
1,1,25.011407,24.487900,0
1,1,25.041413,24.625000,0
1,1,25.068625,19.932300,0
1,1,25.093542,27.362900,0
1,1,25.121748,19.316200,0
1,1,25.146264,18.914100,0
1,1,25.173347,19.640600,0
1,1,25.199845,20.781100,0
1,1,25.228255,26.803400,0
1,1,25.256685,20.984300,0
1,1,25.282796,27.115900,0
1,1,25.312520,27.025600,0
1,1,25.340155,21.531000,0
1,1,25.366898,20.822700,0
1,1,25.395494,25.559800,0
1,1,25.424741,20.551300,0
1,1,25.447442,25.858700,0
1,1,25.475533,25.372800,0
1,1,25.500404,21.498400,0
1,1,25.526744,26.465200,0
1,1,25.554892,16.129200,0
1,1,25.578261,22.549700,0
1,1,25.604934,19.197800,0
1,1,25.627756,19.239500,0
1,1,25.654859,24.405700,0
1,1,25.679467,21.303600,0
1,1,25.707054,25.423600,0
1,1,25.730627,15.562400,0
1,1,25.760063,25.446900,0
1,1,25.786938,16.155300,0
1,1,25.809297,25.459600,0
1,1,25.836893,17.821000,0
1,1,25.861124,23.392100,0
1,1,25.888326,26.536000,0
1,1,25.912506,18.175800,0
1,1,25.940197,19.033200,0
1,1,25.964208,20.893200,0
1,1,25.992161,24.922000,0
1,1,26.016879,20.937900,0
1,1,26.045393,21.541000,0
1,1,26.071738,22.445200,0
1,1,26.094618,20.394800,0
1,1,26.123557,22.631400,0
1,1,26.147229,20.901900,0
1,1,26.175013,27.279600,0
1,1,26.203723,15.109200,0
1,1,26.227548,27.665400,0
1,1,26.253844,19.549500,0
1,1,26.277120,25.452600,0
1,1,26.303251,18.733200,0
1,1,26.327505,18.252700,0
1,1,26.352089,21.006800,0
1,1,26.378522,25.893700,0
1,1,26.406284,18.188300,0
1,1,26.431689,26.349000,0
1,1,26.458528,22.690500,0
1,1,26.486621,21.334400,0
1,1,26.510180,22.978600,0
1,1,26.537033,20.906600,0
1,1,26.561218,19.507300,0
1,1,26.588310,21.074900,0
1,1,26.612101,19.377700,0
1,1,26.642020,20.561000,0
1,1,26.666668,17.747500,0
1,1,26.692335,17.411800,0
1,1,26.717061,20.838200,0
1,1,26.743560,23.812700,0
1,1,26.771388,19.885700,0
1,1,26.795073,19.924200,0
1,1,26.823450,22.115900,0
1,1,26.845239,18.370600,0
1,1,26.872118,19.638300,0
1,1,26.894818,20.825100,0
1,1,26.921575,21.153700,0
1,1,26.945474,19.584900,0
1,1,26.972480,24.977900,0
1,1,26.994713,18.228200,0
1,1,27.022941,22.005500,0
1,1,27.051693,16.486400,0
1,1,27.076080,25.844800,0
1,1,27.104067,20.938900,0
1,1,27.126793,20.523600,0
1,1,27.156547,17.448700,0
1,1,27.179415,25.394800,0
1,1,27.206510,27.111300,0
1,1,27.229999,19.940900,0
1,1,27.256493,27.224400,0
1,1,27.279397,20.127500,0
1,1,27.309989,25.997100,0
1,1,27.331773,17.245000,0
1,1,27.360475,25.873200,0
1,1,27.388932,16.729900,0
1,1,27.411724,26.556700,0
1,1,27.438875,17.599300,0
1,1,27.460694,20.589900,0
1,1,27.492770,19.839000,0
1,1,27.510631,14.900800,0
1,1,27.538028,24.421700,0
1,1,27.561948,21.535300,0
1,1,27.588640,23.799400,0
1,1,27.613305,24.228000,0
1,1,27.643799,22.952900,0
1,1,27.666754,20.228500,0
1,1,27.696278,26.735700,0
1,1,27.723489,24.040900,0
1,1,27.749194,19.492800,0
1,1,27.778036,24.361200,0
1,1,27.805635,17.754600,0
1,1,27.829213,19.186900,0
1,1,27.860590,29.659800,0
1,1,27.889599,15.928000,0
1,1,27.911993,23.280600,0
1,1,27.939992,26.010400,0
1,1,27.964763,22.709900,0
1,1,27.994591,26.576300,0
1,1,28.021568,22.885300,0
1,1,28.045814,21.057300,0
1,1,28.075046,23.958300,0
1,1,28.101493,26.296700,0
1,1,28.128969,20.786700,0
1,1,28.155306,19.044800,0
1,1,28.179719,21.774000,0
1,1,28.208355,24.828700,0
1,1,28.231157,22.919800,0
1,1,28.259052,23.912300,0
1,1,28.285056,15.360100,0
1,1,28.311289,25.527000,0
1,1,28.333180,19.590100,0
1,1,28.361598,22.662900,0
1,1,28.388878,20.866400,0
1,1,28.411092,26.394800,0
1,1,28.438040,18.019400,0
1,1,28.460809,18.035700,0
1,1,28.489822,20.094500,0
1,1,28.513401,25.394900,0
1,1,28.540107,24.987200,0
1,1,28.562660,20.655200,0
1,1,28.589215,24.138100,0
1,1,28.612838,21.715000,0
1,1,28.640778,23.840100,0
1,1,28.664812,24.442200,0
1,1,28.693157,23.204800,0
1,1,28.720336,19.264100,0
1,1,28.744865,28.664200,0
1,1,28.773727,22.736200,0
1,1,28.796616,20.886400,0
1,1,28.825828,24.283900,0
1,1,28.849669,16.997700,0
1,1,28.877114,25.595700,0
1,1,28.904691,22.745600,0
1,1,28.928108,26.424400,0
1,1,28.956538,26.234100,0
1,1,28.979518,20.957000,0
1,1,29.008633,21.565600,0
1,1,29.036790,19.002700,0
1,1,29.060012,24.194200,0
1,1,29.088271,21.414000,0
1,1,29.111496,24.269100,0
1,1,29.138820,19.862100,0
1,1,29.161943,20.739000,0
1,1,29.189344,20.509700,0
1,1,29.212015,20.347700,0
1,1,29.240472,24.295800,0
1,1,29.264405,21.993300,0
1,1,29.292794,27.774600,0
1,1,29.320604,17.510200,0
1,1,29.344290,19.965400,0
1,1,29.370874,19.961600,0
1,1,29.394770,26.094900,0
1,1,29.423053,17.083900,0
1,1,29.447447,20.931300,0
1,1,29.474727,27.300500,0
1,1,29.503647,18.440400,0
1,1,29.528389,24.466400,0
1,1,29.555202,21.056900,0
1,1,29.577588,23.814300,0
1,1,29.605875,19.622200,0
1,1,29.630586,20.842400,0
1,1,29.658301,24.622800,0
1,1,29.688145,19.282500,0
1,1,29.710384,24.705700,0
1,1,29.738652,23.115100,0
1,1,29.761446,18.649900,0
1,1,29.789905,21.278200,0
1,1,29.812360,18.020100,0
1,1,29.838905,25.431600,0
1,1,29.861641,19.481400,0
1,1,29.890973,21.088200,0
1,1,29.916094,18.569200,0
1,1,29.943253,22.296800,0
1,1,29.965448,18.807200,0
1,1,29.993849,25.048800,0
1,1,30.021937,20.080100,0
1,1,30.045196,22.915000,0
1,1,30.072425,25.122600,0
1,1,30.096867,19.865800,0
1,1,30.124445,26.134300,0
1,1,30.147796,16.368800,0
1,1,30.176239,26.217500,0
1,1,30.203990,24.042400,0
1,1,30.226445,25.139600,0
1,1,30.248955,19.656600,0
1,1,30.276761,27.203100,0
1,1,30.301307,19.315100,0
1,1,30.328154,20.664600,0
1,1,30.355963,24.737800,0
1,1,30.378980,22.392600,0
1,1,30.408716,21.746700,0
1,1,30.431573,20.679700,0
1,1,30.458909,24.974800,0
1,1,30.487322,16.384000,0
1,1,30.511305,25.039600,0
1,1,30.535497,21.228100,0
1,1,30.561000,24.433600,0
1,1,30.588179,19.147200,0
1,1,30.611699,19.953700,0
1,1,30.638698,19.635400,0
1,1,30.662836,23.093300,0
1,1,30.691223,27.497900,0
1,1,30.714935,20.310600,0
1,1,30.742057,24.413100,0
1,1,30.766525,19.972000,0
1,1,30.792762,23.627000,0
1,1,30.817582,20.608500,0
1,1,30.844555,27.106500,0
1,1,30.870911,19.230600,0
1,1,30.893183,27.832900,0
1,1,30.920745,18.766000,0
1,1,30.943546,19.586200,0
1,1,30.972152,19.547300,0
1,1,30.993264,25.644300,0
1,1,31.022299,21.947800,0
1,1,31.044982,20.239000,0
1,1,31.069427,19.781700,0
1,1,31.095052,24.053500,0
1,1,31.121554,19.955300,0
1,1,31.145472,26.076200,0
1,1,31.173187,23.574800,0
1,1,31.195653,22.679400,0
1,1,31.222602,20.909700,0
1,1,31.244803,25.908300,0
1,1,31.269631,20.904900,0
1,1,31.294339,20.773800,0
1,1,31.316927,18.032300,0
1,1,31.344973,26.051100,0
1,1,31.371626,19.184700,0
1,1,31.394375,18.980100,0
1,1,31.418523,16.140100,0
1,1,31.445305,25.430200,0
1,1,31.472347,20.064800,0
1,1,31.496733,25.231300,0
1,1,31.523174,25.064800,0
1,1,31.545777,20.257200,0
1,1,31.572624,19.926700,0
1,1,31.596945,19.152200,0
1,1,31.623859,22.407100,0
1,1,31.647489,19.335000,0
1,1,31.678769,26.845200,0
1,1,31.707239,26.717300,0
1,1,31.735258,22.843800,0
1,1,31.761511,28.799000,0
1,1,31.789243,21.268100,0
1,1,31.814171,20.783100,0
1,1,31.842363,19.870600,0
1,1,31.871808,16.495400,0
1,1,31.895819,22.801900,0
1,1,31.923652,21.167600,0
1,1,31.946333,20.491000,0
1,1,31.973691,21.698500,0
1,1,31.997111,20.698200,0
1,1,32.025311,23.642600,0
1,1,32.050743,19.482700,0
1,1,32.078097,28.839800,0
1,1,32.105883,21.414800,0
1,1,32.130302,25.380800,0
1,1,32.157200,24.082200,0
1,1,32.184573,24.333800,0
1,1,32.208361,21.083300,0
1,1,32.236011,17.701900,0
1,1,32.259955,26.011600,0
1,1,32.288203,21.401000,0
1,1,32.310378,18.036300,0
1,1,32.339393,19.293200,0
1,1,32.361571,26.805000,0
1,1,32.389582,21.029900,0
1,1,32.414412,16.500400,0
1,1,32.442381,24.428500,0
1,1,32.471188,16.929600,0
1,1,32.495801,19.758900,0
1,1,32.519390,19.702100,0
1,1,32.548375,22.613200,0
1,1,32.567226,19.352700,0
1,1,32.595220,23.244800,0
1,1,32.622901,18.524500,0
1,1,32.646382,25.590300,0
1,1,32.675143,18.813800,0
1,1,32.701802,21.962500,0
1,1,32.726098,22.699000,0
1,1,32.751819,16.680700,0
1,1,32.776924,24.808700,0
1,1,32.805897,16.327600,0
1,1,32.828003,22.733800,0
1,1,32.850512,21.036700,0
1,1,32.878936,25.488000,0
1,1,32.903260,18.491700,0
1,1,32.928471,20.473200,0
1,1,32.955891,19.066300,0
1,1,32.979115,18.659800,0
1,1,33.003827,18.184200,0
1,1,33.028892,21.779400,0
1,1,33.055037,21.974800,0
1,1,33.077739,20.546100,0
1,1,33.104294,19.668300,0
1,1,33.128736,25.164100,0
1,1,33.155715,22.821200,0
1,1,33.179572,25.819000,0
1,1,33.205917,21.717700,0
1,1,33.231382,19.466800,0
1,1,33.258218,27.812700,0
1,1,33.281037,19.114100,0
1,1,33.307405,25.498300,0
1,1,33.331269,19.802700,0
1,1,33.357995,23.466200,0
1,1,33.382248,19.709500,0
1,1,33.408877,26.440600,0
1,1,33.438035,19.083800,0
1,1,33.463351,23.679000,0
1,1,33.487318,18.635400,0
1,1,33.512965,25.129800,0
1,1,33.539586,21.033500,0
1,1,33.562420,24.300800,0
1,1,33.590273,20.755100,0
1,1,33.615095,17.753900,0
1,1,33.642059,19.071600,0
1,1,33.670103,20.030400,0
1,1,33.693250,20.425700,0
1,1,33.722795,20.973100,0
1,1,33.745465,22.021000,0
1,1,33.773082,20.364600,0
1,1,33.795455,24.710800,0
1,1,33.822278,21.225300,0
1,1,33.845547,18.105600,0
1,1,33.872150,19.866400,0
1,1,33.895989,19.665300,0
1,1,33.923354,22.973700,0
1,1,33.945520,21.946400,0
1,1,33.973916,23.503500,0
1,1,33.997630,19.099900,0
1,1,34.024978,20.624900,0
1,1,34.049623,18.084700,0
1,1,34.076020,22.506500,0
1,1,34.099421,22.419300,0
1,1,34.128724,24.158300,0
1,1,34.156057,21.657500,0
1,1,34.178786,25.327600,0
1,1,34.206723,26.851100,0
1,1,34.231063,20.909300,0
1,1,34.258813,22.905900,0
1,1,34.285809,18.588400,0
1,1,34.311120,22.931100,0
1,1,34.338337,19.986300,0
1,1,34.360665,17.156400,0
1,1,34.389839,20.549100,0
1,1,34.412888,27.634200,0
1,1,34.436940,21.926200,0
1,1,34.462371,19.612700,0
1,1,34.489813,20.255500,0
1,1,34.512588,19.189800,0
1,1,34.540764,25.809000,0
1,1,34.564454,20.716500,0
1,1,34.590919,21.731400,0
1,1,34.615813,26.099300,0
1,1,34.644704,17.222900,0
1,1,34.673190,21.431000,0
1,1,34.697531,23.828100,0
1,1,34.726921,26.405500,0
1,1,34.750361,15.200400,0
1,1,34.779290,25.068700,0
1,1,34.801105,20.599400,0
1,1,34.829457,25.240700,0
1,1,34.856503,22.169700,0
1,1,34.880185,23.889400,0
1,1,34.906755,21.229000,0
1,1,34.931542,21.971300,0
1,1,34.960407,25.063700,0
1,1,34.989672,14.932300,0
1,1,35.013467,24.998300,0
1,1,35.040620,18.111300,0
1,1,35.063337,17.939400,0
1,1,35.090661,21.433700,0
1,1,35.113791,18.086000,0
1,1,35.140833,26.999800,0
1,1,35.164575,18.901900,0
1,1,35.192270,21.733600,0
1,1,35.216941,19.574900,0
1,1,35.244686,27.597600,0
1,1,35.271936,19.215700,0
1,1,35.294621,24.290500,0
1,1,35.323003,13.891100,0
1,1,35.345862,15.567900,0
1,1,35.373916,19.700200,0
1,1,35.397456,21.623800,0
1,1,35.423854,24.262100,0
1,1,35.448927,20.599100,0
1,1,35.475857,24.857700,0
1,1,35.499435,21.016200,0
1,1,35.525860,24.512800,0
1,1,35.551082,12.838900,0
1,1,35.575988,22.570300,0
1,1,35.599174,16.871200,0
1,1,35.626391,29.494700,0
1,1,35.650295,17.562500,0
1,1,35.679427,21.155600,0
1,1,35.707557,21.809600,0
1,1,35.729889,24.757200,0
1,1,35.756635,18.036800,0
1,1,35.779860,19.684000,0
1,1,35.806476,24.605700,0
1,1,35.830737,19.177900,0
1,1,35.858456,26.376900,0
1,1,35.883255,20.878400,0
1,1,35.909700,25.692300,0
1,1,35.935988,16.365300,0
1,1,35.963133,27.762400,0
1,1,35.987514,18.261500,0
1,1,36.013780,22.439300,0
1,1,36.044629,22.223900,0
1,1,36.071584,19.939000,0
1,1,36.097824,26.731200,0
1,1,36.126512,27.227300,0
1,1,36.150470,17.455200,0
1,1,36.178064,25.882700,0
1,1,36.207121,17.399800,0
1,1,36.230052,25.141200,0
1,1,36.256788,19.726500,0
1,1,36.279523,19.719100,0
1,1,36.306907,20.005600,0
1,1,36.329354,24.216000,0
1,1,36.357536,19.977000,0
1,1,36.381847,25.437800,0
1,1,36.410701,26.352900,0
1,1,36.439688,20.627600,0
1,1,36.462019,19.595100,0
1,1,36.489422,16.994400,0
1,1,36.512052,23.122500,0
1,1,36.540610,20.091600,0
1,1,36.563060,19.603300,0
1,1,36.590628,20.960800,0
1,1,36.614717,25.144600,0
1,1,36.641768,16.830000,0
1,1,36.665881,19.385000,0
1,1,36.693248,17.847800,0
1,1,36.716614,18.922100,0
1,1,36.742986,25.443400,0
1,1,36.770213,20.363200,0
1,1,36.793486,17.316800,0
1,1,36.821086,21.860800,0
1,1,36.843488,22.538400,0
1,1,36.869162,19.538100,0
1,1,36.895534,27.074900,0
1,1,36.917990,21.166000,0
1,1,36.946356,25.544700,0
1,1,36.974229,19.755100,0
1,1,36.995215,19.234400,0
1,1,37.022452,21.395500,0
1,1,37.045191,19.402700,0
1,1,37.073492,21.268300,0
1,1,37.096220,18.750100,0
1,1,37.123384,17.836600,0
1,1,37.146607,19.914700,0
1,1,37.168474,19.750100,0
1,1,37.197179,24.760900,0
1,1,37.224392,21.389500,0
1,1,37.248895,24.135700,0
1,1,37.277423,24.487000,0
1,1,37.305101,19.815700,0
1,1,37.327890,22.757900,0
1,1,37.355852,14.214200,0
1,1,37.378247,24.808300,0
1,1,37.407003,20.942300,0
1,1,37.429556,25.089200,0
1,1,37.456882,18.490300,0
1,1,37.479561,18.498700,0
1,1,37.506862,23.629700,0
1,1,37.530093,22.243400,0
1,1,37.556981,19.850800,0
1,1,37.582602,20.547400,0
1,1,37.606800,21.719700,0
1,1,37.630823,17.047500,0
1,1,37.658586,21.656800,0
1,1,37.682332,21.404700,0
1,1,37.710876,18.584400,0
1,1,37.738865,17.661600,0
1,1,37.762721,26.554400,0
1,1,37.784359,16.884900,0
1,1,37.812083,21.889100,0
1,1,37.840690,17.877100,0
1,1,37.864038,24.903300,0
1,1,37.891313,25.994300,0
1,1,37.915599,20.591800,0
1,1,37.943855,23.567600,0
1,1,37.973453,21.937200,0
1,1,37.996501,27.808400,0
1,1,38.024098,19.578700,0
1,1,38.048085,23.638100,0
1,1,38.075886,21.765800,0
1,1,38.098758,24.772100,0
1,1,38.128069,24.998900,0
1,1,38.152612,17.146200,0
1,1,38.180755,26.518800,0
1,1,38.207255,19.734900,0
1,1,38.230382,26.080900,0
1,1,38.256980,19.685600,0
1,1,38.280882,25.966400,0
1,1,38.307584,19.351300,0
1,1,38.332568,17.543300,0
1,1,38.358904,23.590300,0
1,1,38.380336,22.389600,0
1,1,38.409847,25.711600,0
1,1,38.432810,20.574400,0
1,1,38.461567,26.693700,0
1,1,38.484386,21.480200,0
1,1,38.513150,22.303200,0
1,1,38.540882,20.507800,0
1,1,38.565833,24.397700,0
1,1,38.594186,19.856100,0
1,1,38.618025,20.852400,0
1,1,38.645810,24.178700,0
1,1,38.674367,20.714900,0
1,1,38.698390,21.852300,0
1,1,38.725112,22.050800,0
1,1,38.747857,19.080600,0
1,1,38.776372,26.087400,0
1,1,38.799653,20.879500,0
1,1,38.828707,20.049700,0
1,1,38.853565,19.719800,0
1,1,38.879129,20.663800,0
1,1,38.903721,19.032400,0
1,1,38.930373,25.163100,0
1,1,38.960185,25.736900,0
1,1,38.983178,18.603000,0
1,1,39.010275,19.024500,0
1,1,39.038533,21.308000,0
1,1,39.063255,23.326100,0
1,1,39.087789,20.780200,0
1,1,39.114341,26.129300,0
1,1,39.146176,18.793000,0
1,1,39.165049,16.896300,0
1,1,39.180852,15.325000,0
1,1,39.197639,15.993800,0
1,1,39.214787,15.394100,0
1,1,39.231847,17.357300,0
1,1,39.258756,21.401500,0
1,1,39.281955,26.457900,0
1,1,39.312600,25.983500,0
1,1,39.335930,17.144800,0
1,1,39.361798,27.753300,0
1,1,39.386987,20.448500,0
1,1,39.412506,25.673300,0
1,1,39.440677,21.548300,0
1,1,39.464020,27.168800,0
1,1,39.491512,19.582800,0
1,1,39.515324,19.599200,0
1,1,39.542514,18.739500,0
1,1,39.565272,17.935500,0
1,1,39.591741,23.897100,0
1,1,39.615279,20.702100,0
1,1,39.644619,19.424900,0
1,1,39.666821,20.817900,0
1,1,39.696742,28.605500,0
1,1,39.721394,17.411400,0
1,1,39.748398,30.066500,0
1,1,39.777034,22.171900,0
1,1,39.803469,18.165100,0
1,1,39.831996,24.717700,0
1,1,39.858631,28.294800,0
1,1,39.883650,20.196700,0
1,1,39.913942,26.952400,0
1,1,39.943453,24.055600,0
1,1,39.967467,19.804500,0
1,1,39.994749,23.373800,0
1,1,40.024930,21.084100,0
1,1,40.050313,16.830000,0
1,1,40.080572,24.819200,0
1,1,40.108603,20.378500,0
1,1,40.132075,18.778900,0
1,1,40.159888,24.147300,0
1,1,40.183683,18.424500,0
1,1,40.212056,26.716700,0
1,1,40.238627,15.391500,0
1,1,40.266254,29.872700,0
1,1,40.293614,20.114800,0
1,1,40.317510,20.455700,0
1,1,40.346713,25.329500,0
1,1,40.373966,22.422600,0
1,1,40.397508,18.611900,0
1,1,40.424695,21.327100,0
1,1,40.448275,23.813900,0
1,1,40.474885,19.874400,0
1,1,40.499236,20.148700,0
1,1,40.527376,26.083000,0
1,1,40.553655,21.651800,0
1,1,40.580797,24.600600,0
1,1,40.607517,19.810600,0
1,1,40.631486,19.306600,0
1,1,40.661826,27.025900,0
1,1,40.686873,16.400300,0
1,1,40.713100,27.344800,0
1,1,40.739844,21.314200,0
1,1,40.763753,24.907800,0
1,1,40.791525,24.832000,0
1,1,40.814619,21.122200,0
1,1,40.841446,24.781700,0
1,1,40.863845,17.824600,0
1,1,40.891088,19.769100,0
1,1,40.914372,22.592600,0
1,1,40.941429,19.119600,0
1,1,40.963955,19.493700,0
1,1,40.991034,26.993700,0
1,1,41.014422,20.648400,0
1,1,41.035776,19.765100,0
1,1,41.064553,21.271300,0
1,1,41.091042,20.664300,0
1,1,41.113701,18.089900,0
1,1,41.140590,18.173200,0
1,1,41.165388,25.791100,0
1,1,41.192926,24.361000,0
1,1,41.216432,22.008100,0
1,1,41.243750,23.185500,0
1,1,41.272584,18.289800,0
1,1,41.295105,25.769000,0
1,1,41.324094,19.608300,0
1,1,41.346735,25.605500,0
1,1,41.373394,17.930400,0
1,1,41.395459,21.410900,0
1,1,41.423944,17.684300,0
1,1,41.446595,26.019700,0
1,1,41.475363,20.688800,0
1,1,41.498239,27.407800,0
1,1,41.525208,22.922400,0
1,1,41.549364,24.502400,0
1,1,41.577617,25.120200,0
1,1,41.605262,20.568700,0
1,1,41.626851,23.807600,0
1,1,41.652278,20.637900,0
1,1,41.679996,27.846600,0
1,1,41.701448,20.163500,0
1,1,41.728041,25.836000,0
1,1,41.751158,20.215600,0
1,1,41.778438,26.087700,0
1,1,41.803632,21.422200,0
1,1,41.829116,19.322700,0
1,1,41.855275,22.212600,0
1,1,41.882215,19.796600,0
1,1,41.909284,20.903200,0
1,1,41.933016,24.815400,0
1,1,41.961328,24.177600,0
1,1,41.988918,21.918500,0
1,1,42.011996,16.934300,0
1,1,42.039743,14.788400,0
1,1,42.061724,26.067600,0
1,1,42.084777,19.499000,0
1,1,42.114393,28.301400,0
1,1,42.138117,22.285500,0
1,1,42.163598,24.613900,0
1,1,42.190501,17.773500,0
1,1,42.212850,18.218400,0
1,1,42.241814,19.223100,0
1,1,42.264022,25.011000,0
1,1,42.291233,19.658200,0
1,1,42.314185,23.901200,0
1,1,42.340892,24.525700,0
1,1,42.364196,20.009800,0
1,1,42.391254,22.554200,0
1,1,42.414503,23.555700,0
1,1,42.438212,21.263700,0
1,1,42.464617,22.913900,0
1,1,42.493344,20.185700,0
1,1,42.516852,19.102400,0
1,1,42.545924,18.829700,0
1,1,42.570497,16.698200,0
1,1,42.598263,26.284500,0
1,1,42.626606,17.425400,0
1,1,42.647733,22.795100,0
1,1,42.676900,20.102500,0
1,1,42.700232,26.005800,0
1,1,42.726820,24.491300,0
1,1,42.749117,19.011700,0
1,1,42.776204,24.568500,0
1,1,42.797916,19.186700,0
1,1,42.825525,19.576700,0
1,1,42.849678,18.746100,0
1,1,42.876648,21.044600,0
1,1,42.899073,21.338600,0
1,1,42.925845,19.375400,0
1,1,42.948631,18.274400,0
1,1,42.974866,22.355700,0
1,1,42.999261,23.989100,0
1,1,43.027570,23.571100,0
1,1,43.051066,19.190900,0
1,1,43.079003,22.931300,0
1,1,43.109128,20.890100,0
1,1,43.132167,19.119200,0
1,1,43.159765,22.691200,0
1,1,43.182136,19.422300,0
1,1,43.207894,18.447200,0
1,1,43.230987,18.264400,0
1,1,43.258492,23.503000,0
1,1,43.282565,18.278000,0
1,1,43.309744,18.573100,0
1,1,43.332936,18.946200,0
1,1,43.361520,26.474500,0
1,1,43.390461,14.018300,0
1,1,43.413674,18.793600,0
1,1,43.443567,19.782100,0
1,1,43.466794,20.481000,0
1,1,43.495297,21.629500,0
1,1,43.525355,20.242100,0
1,1,43.550461,20.398100,0
1,1,43.576984,23.138000,0
1,1,43.602479,15.847500,0
1,1,43.630408,20.799400,0
1,1,43.658507,17.609500,0
1,1,43.683327,27.856300,0
1,1,43.711338,24.003400,0
1,1,43.733036,20.605900,0
1,1,43.762210,28.560400,0
1,1,43.791169,20.849700,0
1,1,43.814073,23.399300,0
1,1,43.838832,19.443900,0
1,1,43.865017,21.435700,0
1,1,43.893395,18.633300,0
1,1,43.916834,19.669000,0
1,1,43.945714,19.681800,0
1,1,43.974874,16.694800,0
1,1,43.999739,31.063300,0
1,1,44.027152,26.981000,0
1,1,44.050367,19.192200,0
1,1,44.080447,26.463900,0
1,1,44.109595,28.591300,0
1,1,44.132542,21.853300,0
1,1,44.159754,26.179100,0
1,1,44.189026,23.877700,0
1,1,44.213541,27.167600,0
1,1,44.241324,19.103100,0
1,1,44.263502,19.260800,0
1,1,44.290109,23.353100,0
1,1,44.313026,24.244600,0
1,1,44.337223,21.087400,0
1,1,44.362924,25.815700,0
1,1,44.392880,22.620000,0
1,1,44.415983,24.693400,0
1,1,44.444940,25.972600,0
1,1,44.468426,21.053600,0
1,1,44.496280,26.321800,0
1,1,44.523452,18.243600,0
1,1,44.546455,20.266000,0
1,1,44.573750,19.940700,0
1,1,44.597262,18.723900,0
1,1,44.625990,21.711000,0
1,1,44.651287,24.319900,0
1,1,44.678026,24.149900,0
1,1,44.707824,17.938000,0
1,1,44.731139,20.156600,0
1,1,44.758266,21.682400,0
1,1,44.781733,18.040600,0
1,1,44.809584,23.264600,0
1,1,44.832752,21.675400,0
1,1,44.861901,25.183000,0
1,1,44.890534,17.626400,0
1,1,44.916058,25.264900,0
1,1,44.943349,27.344500,0
1,1,44.973111,21.033300,0
1,1,44.996027,27.321200,0
1,1,45.018906,19.685200,0
1,1,45.046687,19.136100,0
1,1,45.075291,25.796400,0
1,1,45.098516,19.871700,0
1,1,45.127384,27.615200,0
1,1,45.152730,20.490400,0
1,1,45.179299,27.108300,0
1,1,45.207749,20.746000,0
1,1,45.231443,20.587600,0
1,1,45.259448,21.445900,0
1,1,45.282879,20.764200,0
1,1,45.310455,23.756200,0
1,1,45.334699,18.181400,0
1,1,45.359941,24.163600,0
1,1,45.385189,19.182700,0
1,1,45.410441,20.882700,0
1,1,45.435956,15.806100,0
1,1,45.460174,25.484600,0
1,1,45.482360,18.938000,0
1,1,45.510439,23.371900,0
1,1,45.534460,22.706400,0
1,1,45.560608,19.542600,0
1,1,45.586073,18.737500,0
1,1,45.615902,22.059600,0
1,1,45.644029,22.322100,0
1,1,45.667930,17.757000,0
1,1,45.697501,26.938900,0
1,1,45.724174,15.110600,0
1,1,45.748976,25.675800,0
1,1,45.777670,25.487100,0
1,1,45.800732,20.720700,0
1,1,45.827000,24.853600,0
1,1,45.850530,22.090400,0
1,1,45.876696,24.820100,0
1,1,45.900304,18.563300,0
1,1,45.929724,25.654800,0
1,1,45.955656,22.844700,0
1,1,45.981231,20.743900,0
1,1,46.008284,22.241600,0
1,1,46.032981,24.381300,0
1,1,46.059673,19.372900,0
1,1,46.081721,17.796500,0
1,1,46.108677,22.647300,0
1,1,46.131370,18.980300,0
1,1,46.159439,23.172000,0
1,1,46.182169,21.536600,0
1,1,46.210813,23.760000,0
1,1,46.239827,25.091000,0
1,1,46.262988,26.688700,0
1,1,46.285356,19.401500,0
1,1,46.313028,24.166400,0
1,1,46.340730,21.193300,0
1,1,46.364152,25.586100,0
1,1,46.391242,15.350700,0
1,1,46.413944,25.873700,0
1,1,46.442110,21.558000,0
1,1,46.464431,22.670200,0
1,1,46.491784,20.970000,0
1,1,46.514654,19.730000,0
1,1,46.542548,21.328400,0
1,1,46.565770,19.632800,0
1,1,46.592555,24.374800,0
1,1,46.616791,23.128800,0
1,1,46.643995,20.320800,0
1,1,46.673592,21.806700,0
1,1,46.698009,22.564000,0
1,1,46.724774,19.740500,0
1,1,46.748169,19.497000,0
1,1,46.775435,19.593800,0
1,1,46.798989,21.554000,0
1,1,46.827201,22.543700,0
1,1,46.851249,25.878000,0
1,1,46.877601,20.069800,0
1,1,46.904700,20.763400,0
1,1,46.929147,20.738300,0
1,1,46.954112,16.327600,0
1,1,46.981372,21.230000,0
1,1,47.008809,19.642000,0
1,1,47.031282,19.572700,0
1,1,47.058582,21.841700,0
1,1,47.081440,23.969400,0
1,1,47.108825,21.848800,0
1,1,47.132661,17.736200,0
1,1,47.159968,25.353200,0
1,1,47.183181,19.055800,0
1,1,47.211084,25.967300,0
1,1,47.233885,19.044700,0
1,1,47.261065,21.654200,0
1,1,47.284690,19.492500,0
1,1,47.312497,19.299300,0
1,1,47.338700,16.247900,0
1,1,47.365065,27.527900,0
1,1,47.390143,21.163500,0
1,1,47.413971,23.870900,0
1,1,47.442455,19.132600,0
1,1,47.465361,20.480300,0
1,1,47.492132,19.221100,0
1,1,47.515354,20.427700,0
1,1,47.542534,23.342300,0
1,1,47.566409,19.375800,0
1,1,47.592738,24.839200,0
1,1,47.616852,22.955000,0
1,1,47.644169,21.666000,0
1,1,47.673767,17.328100,0
1,1,47.697939,23.619000,0
1,1,47.728804,27.715400,0
1,1,47.750533,21.346400,0
1,1,47.777901,21.784000,0
1,1,47.809514,16.461800,0
1,1,47.832936,25.306700,0
1,1,47.861846,23.292100,0
1,1,47.887601,25.107900,0
1,1,47.912817,24.240200,0
1,1,47.940962,19.868800,0
1,1,47.964187,26.167300,0
1,1,47.991787,19.066100,0
1,1,48.016342,24.501700,0
1,1,48.044114,26.695700,0
1,1,48.067444,19.489100,0
1,1,48.098607,25.169900,0
1,1,48.127806,21.188900,0
1,1,48.150287,24.228900,0
1,1,48.177048,20.215100,0
1,1,48.200716,20.629400,0
1,1,48.227272,22.120500,0
1,1,48.250417,18.248500,0
1,1,48.278080,19.410800,0
1,1,48.301125,19.048200,0
1,1,48.329719,21.928700,0
1,1,48.355429,19.169200,0
1,1,48.380432,25.326800,0
1,1,48.402398,15.765300,0
1,1,48.431543,27.643400,0
1,1,48.461896,19.717400,0
1,1,48.482984,22.534900,0
1,1,48.511347,19.739600,0
1,1,48.534087,27.818500,0
1,1,48.562715,25.886800,0
1,1,48.589010,19.988100,0
1,1,48.615194,27.088500,0
1,1,48.643745,21.550600,0
1,1,48.667363,18.990800,0
1,1,48.696526,26.773200,0
1,1,48.721825,21.949800,0
1,1,48.748438,22.099700,0
1,1,48.773036,19.579100,0
1,1,48.798339,22.976500,0
1,1,48.826733,21.195800,0
1,1,48.849559,19.374600,0
1,1,48.875593,21.911200,0
1,1,48.900069,23.706900,0
1,1,48.927342,25.032700,0
1,1,48.950092,20.824300,0
1,1,48.977738,25.195800,0
1,1,49.006522,22.984800,0
1,1,49.030229,25.767300,0
1,1,49.058027,20.979900,0
1,1,49.080576,23.128200,0
1,1,49.108378,19.702800,0
1,1,49.132716,22.811300,0
1,1,49.160903,19.912900,0
1,1,49.183480,21.847600,0
1,1,49.210342,22.416100,0
1,1,49.239827,25.011700,0
1,1,49.262851,23.149500,0
1,1,49.290098,20.334000,0
1,1,49.312809,20.441500,0
1,1,49.342032,19.644700,0
1,1,49.365586,27.573000,0
1,1,49.389518,22.410700,0
1,1,49.415112,26.727900,0
1,1,49.443449,19.739400,0
1,1,49.467707,19.555500,0
1,1,49.496714,26.969700,0
1,1,49.525624,23.111500,0
1,1,49.549749,24.068300,0
1,1,49.577236,24.826000,0
1,1,49.602514,20.864900,0
1,1,49.630986,21.068100,0
1,1,49.659550,15.462200,0
1,1,49.683867,27.625600,0
1,1,49.711785,18.994400,0
1,1,49.734009,20.630600,0
1,1,49.762610,23.019500,0
1,1,49.792454,17.265300,0
1,1,49.815113,26.311000,0
1,1,49.842808,19.549800,0
1,1,49.867083,18.114700,0
1,1,49.894648,19.312300,0
1,1,49.921074,13.762100,0
1,1,49.947810,27.720600,0
1,1,49.976164,20.831900,0
1,1,49.999295,24.035500,0
1,1,50.026287,21.343900,0
1,1,50.049852,23.086900,0
1,1,50.076977,18.292400,0
1,1,50.100354,20.522400,0
1,1,50.127720,20.545100,0
1,1,50.152070,21.272700,0
1,1,50.180576,21.899700,0
1,1,50.207978,16.984400,0
1,1,50.232265,26.020100,0
1,1,50.259242,22.559700,0
1,1,50.282502,25.233900,0
1,1,50.311701,25.688000,0
1,1,50.337573,20.474700,0
1,1,50.364193,23.098100,0
1,1,50.393253,23.275000,0
1,1,50.415756,28.037900,0
1,1,50.442710,19.191200,0
1,1,50.468083,25.731000,0
1,1,50.494020,23.248600,0
1,1,50.518407,18.046200,0
1,1,50.546938,25.792700,0
1,1,50.569630,19.769800,0
1,1,50.598831,25.030700,0
1,1,50.626059,21.016500,0
1,1,50.649153,20.681600,0
1,1,50.676539,23.041700,0
1,1,50.699273,23.549400,0
1,1,50.726292,21.327100,0
1,1,50.750769,25.270600,0
1,1,50.777150,19.342100,0
1,1,50.801460,16.663000,0
1,1,50.827579,21.032500,0
1,1,50.850685,20.482500,0
1,1,50.877833,19.684000,0
1,1,50.902066,21.880900,0
1,1,50.928611,24.197400,0
1,1,50.956713,21.114500,0
1,1,50.981256,18.455900,0
1,1,51.005502,17.212100,0
1,1,51.031206,20.585600,0
1,1,51.055176,19.625900,0
1,1,51.081878,21.110800,0
1,1,51.109647,28.140500,0
1,1,51.131934,17.911300,0
1,1,51.161133,22.143000,0
1,1,51.183578,21.795800,0
1,1,51.210027,23.753600,0
1,1,51.232804,18.221000,0
1,1,51.259732,24.483300,0
1,1,51.282154,23.074500,0
1,1,51.307545,18.677000,0
1,1,51.331598,21.123200,0
1,1,51.354373,19.791000,0
1,1,51.381559,25.309400,0
1,1,51.408236,18.309200,0
1,1,51.431231,24.926000,0
1,1,51.458730,20.832100,0
1,1,51.481297,24.306700,0
1,1,51.503057,20.233600,0
1,1,51.532389,24.013800,0
1,1,51.559544,21.270500,0
1,1,51.582458,18.965000,0
1,1,51.611362,19.397000,0
1,1,51.635246,20.834500,0
1,1,51.666099,27.139100,0
1,1,51.693214,21.616300,0
1,1,51.718913,19.105900,0
1,1,51.750146,30.643800,0
1,1,51.779016,26.909500,0
1,1,51.803256,15.024500,0
1,1,51.831399,21.524500,0
1,1,51.860127,19.768600,0
1,1,51.882720,26.738100,0
1,1,51.909705,25.269700,0
1,1,51.933365,21.533200,0
1,1,51.963987,28.701800,0
1,1,51.994120,24.354700,0
1,1,52.021448,26.089400,0
1,1,52.050075,25.870300,0
1,1,52.080141,28.293200,0
1,1,52.103323,21.749700,0
1,1,52.132899,20.635900,0
1,1,52.160143,20.150800,0
1,1,52.187725,28.147000,0
1,1,52.216409,21.867000,0
1,1,52.249262,25.263600,0
1,1,52.278924,22.195700,0
1,1,52.313593,27.335700,0
1,1,52.348243,19.462800,0
1,1,52.379183,39.376200,0
1,1,52.402459,23.512300,0
1,1,52.429755,20.086300,0
1,1,52.459858,22.049300,0
1,1,52.484565,28.089100,0
1,1,52.512957,26.443500,0
1,1,52.543612,16.997200,0
1,1,52.568923,22.097300,0
1,1,52.598518,27.609400,0
1,1,52.625528,14.443500,0
1,1,52.650908,27.401800,0
1,1,52.681120,27.395800,0
1,1,52.715862,23.558200,0
1,1,52.743049,20.526200,0
1,1,52.768241,25.605100,0
1,1,52.799440,24.131100,0
1,1,52.827066,22.027200,0
1,1,52.858647,23.528800,0
1,1,52.883934,23.908200,0
1,1,52.914569,28.385000,0
1,1,52.943098,20.738900,0
1,1,52.967228,20.643800,0
1,1,53.000647,29.639300,0
1,1,53.033014,26.766200,0
1,1,53.067412,25.922100,0
1,1,53.095741,26.449900,0
1,1,53.123013,18.138400,0
1,1,53.152224,18.973600,0
1,1,53.182910,31.656800,0
1,1,53.212325,17.782400,0
1,1,53.243160,20.113700,0
1,1,53.270832,25.882600,0
1,1,53.297421,23.835700,0
1,1,53.328045,18.229500,0
1,1,53.357854,20.004200,0
1,1,53.381703,27.676000,0
1,1,53.413185,23.690800,0
1,1,53.436638,22.843300,0
1,1,53.469297,30.175200,0
1,1,53.499727,27.238900,0
1,1,53.529992,26.672400,0
1,1,53.561957,23.731800,0
1,1,53.586637,24.652300,0
1,1,53.625028,29.717100,0
1,1,53.651721,29.249100,0
1,1,53.682568,23.653800,0
1,1,53.710511,22.652500,0
1,1,53.733951,19.607300,0
1,1,53.765496,21.903300,0
1,1,53.794144,22.931300,0
1,1,53.818336,21.338800,0
1,1,53.849248,25.686100,0
1,1,53.878557,23.191100,0
1,1,53.906369,23.339500,0
1,1,53.932866,23.610200,0
1,1,53.961437,29.706100,0
1,1,53.988225,16.737800,0
1,1,54.012719,25.705600,0
1,1,54.041754,21.415700,0
1,1,54.067484,29.009400,0
1,1,54.096370,28.459800,0
1,1,54.123444,14.097800,0
1,1,54.147391,21.404800,0
1,1,54.176405,23.339700,0
1,1,54.198397,26.398500,0
1,1,54.222939,18.347000,0
1,1,54.251207,18.568900,0
1,1,54.282170,30.822900,0
1,1,54.312906,22.681100,0
1,1,54.342491,16.154800,0
1,1,54.366381,23.258500,0
1,1,54.398737,29.757800,0
1,1,54.426301,21.561400,0
1,1,54.451396,24.727000,0
1,1,54.480398,27.566600,0
1,1,54.509489,18.603200,0
1,1,54.532116,19.780800,0
1,1,54.559630,19.612600,0
1,1,54.582440,22.338700,0
1,1,54.610821,22.384600,0
1,1,54.634709,18.407900,0
1,1,54.663041,28.803700,0
1,1,54.689593,17.580200,0
1,1,54.714876,25.682700,0
1,1,54.744964,23.763200,0
1,1,54.766123,24.128200,0
1,1,54.794876,19.779200,0
1,1,54.819229,21.024300,0
1,1,54.848199,29.283500,0
1,1,54.877185,22.784500,0
1,1,54.902873,24.871800,0
1,1,54.932149,24.236700,0
1,1,54.956244,23.022300,0
1,1,54.982459,19.648300,0
1,1,55.006180,22.356000,0
1,1,55.031713,25.430000,0
1,1,55.055537,19.591100,0
1,1,55.081677,25.486400,0
1,1,55.105987,17.521600,0
1,1,55.131108,25.031300,0
1,1,55.158899,15.679000,0
1,1,55.184670,20.429300,0
1,1,55.210813,19.831800,0
1,1,55.236186,19.999400,0
1,1,55.263131,25.556400,0
1,1,55.292045,20.951200,0
1,1,55.315664,20.586200,0
1,1,55.342860,23.650300,0
1,1,55.366237,23.112300,0
1,1,55.394250,18.583600,0
1,1,55.417470,25.479900,0
1,1,55.444436,18.793600,0
1,1,55.468925,19.452900,0
1,1,55.496191,26.185300,0
1,1,55.520521,21.933100,0
1,1,55.549139,26.325800,0
1,1,55.575628,18.285600,0
1,1,55.598258,22.713200,0
1,1,55.627086,22.954200,0
1,1,55.651570,22.515300,0
1,1,55.678166,22.044000,0
1,1,55.701176,20.487700,0
1,1,55.728501,23.538700,0
1,1,55.757563,19.748300,0
1,1,55.781068,27.615800,0
1,1,55.808325,18.881000,0
1,1,55.832112,22.647900,0
1,1,55.859590,20.080700,0
1,1,55.882440,26.102400,0
1,1,55.910216,20.743000,0
1,1,55.932096,19.389100,0
1,1,55.959244,18.316800,0
1,1,55.981375,18.756300,0
1,1,56.009078,20.344300,0
1,1,56.032946,25.687000,0
1,1,56.062080,20.716000,0
1,1,56.085353,19.294300,0
1,1,56.113735,24.045900,0
1,1,56.138219,20.365300,0
1,1,56.165467,22.649300,0
1,1,56.192309,18.371500,0
1,1,56.215877,19.562000,0
1,1,56.243795,20.061200,0
1,1,56.265869,23.464100,0
1,1,56.293544,20.405600,0
1,1,56.316190,24.685400,0
1,1,56.344599,24.246700,0
1,1,56.367837,21.742600,0
1,1,56.394582,24.781500,0
1,1,56.417851,19.349100,0
1,1,56.446716,25.377400,0
1,1,56.475898,18.424100,0
1,1,56.499758,18.397000,0
1,1,56.529100,23.587000,0
1,1,56.552441,17.021900,0
1,1,56.580890,25.646800,0
1,1,56.606000,19.780900,0
1,1,56.631453,19.820300,0
1,1,56.660041,18.712600,0
1,1,56.683570,18.767000,0
1,1,56.712959,21.772500,0
1,1,56.741703,18.887000,0
1,1,56.764530,27.337100,0
1,1,56.791821,16.953000,0
1,1,56.814918,18.151500,0
1,1,56.843559,21.551700,0
1,1,56.865863,18.235300,0
1,1,56.893840,22.220400,0
1,1,56.918627,20.594400,0
1,1,56.947254,25.919700,0
1,1,56.974649,19.367300,0
1,1,56.997674,26.609300,0
1,1,57.023339,21.302100,0
1,1,57.049189,25.805300,0
1,1,57.076691,22.598100,0
1,1,57.099204,24.121500,0
1,1,57.128294,22.703500,0
1,1,57.153928,16.816700,0
1,1,57.183152,26.179400,0
1,1,57.210175,18.361100,0
1,1,57.234313,19.406300,0
1,1,57.265207,25.562500,0
1,1,57.287763,22.697200,0
1,1,57.314471,20.203900,0
1,1,57.344365,24.775200,0
1,1,57.368995,25.859500,0
1,1,57.395581,26.827200,0
1,1,57.425045,23.128700,0
1,1,57.447088,25.858800,0
1,1,57.476513,14.053900,0
1,1,57.499310,30.603000,0
1,1,57.527742,20.896300,0
1,1,57.550247,25.141100,0
1,1,57.578589,21.982200,0
1,1,57.607105,17.185500,0
1,1,57.629980,21.548900,0
1,1,57.656828,19.264900,0
1,1,57.682368,23.736100,0
1,1,57.708931,22.635900,0
1,1,57.732071,19.091400,0
1,1,57.764456,19.997100,0
1,1,57.783104,18.629900,0
1,1,57.810492,26.689100,0
1,1,57.833813,19.428300,0
1,1,57.859082,23.184100,0
1,1,57.883469,19.332000,0
1,1,57.911946,28.346900,0
1,1,57.935772,13.536900,0
1,1,57.965844,26.065200,0
1,1,57.993097,22.202100,0
1,1,58.016787,25.431900,0
1,1,58.046443,28.043500,0
1,1,58.071065,19.378800,0
1,1,58.096401,20.669400,0
1,1,58.128319,19.642700,0
1,1,58.149945,22.001100,0
1,1,58.177498,27.485800,0
1,1,58.199705,19.587100,0
1,1,58.226773,21.681000,0
1,1,58.251007,19.255300,0
1,1,58.279266,25.728600,0
1,1,58.304820,19.245800,0
1,1,58.329563,21.429300,0
1,1,58.357138,20.546400,0
1,1,58.380964,25.583500,0
1,1,58.408423,16.423500,0
1,1,58.430497,25.173100,0
1,1,58.459279,16.326300,0
1,1,58.482415,20.880300,0
1,1,58.509699,21.593800,0
1,1,58.533332,24.391700,0
1,1,58.563313,26.663500,0
1,1,58.586780,17.210300,0
1,1,58.614630,24.482600,0
1,1,58.645296,21.202600,0
1,1,58.670073,19.390300,0
1,1,58.697077,27.323400,0
1,1,58.727800,15.153100,0
1,1,58.750385,17.559300,0
1,1,58.779310,20.995200,0
1,1,58.803019,19.302700,0
1,1,58.831714,25.742200,0
1,1,58.860091,21.143200,0
1,1,58.882963,20.311600,0
1,1,58.910363,23.492400,0
1,1,58.932591,18.150100,0
1,1,58.959958,26.127800,0
1,1,58.983374,20.396600,0
1,1,59.010483,24.921400,0
1,1,59.033189,20.971800,0
1,1,59.060343,22.130800,0
1,1,59.084702,18.672800,0
1,1,59.113459,26.151300,0
1,1,59.142426,14.419400,0
1,1,59.165070,25.584400,0
1,1,59.194889,21.954400,0
1,1,59.217354,21.103200,0
1,1,59.244216,19.346500,0
1,1,59.266851,20.532100,0
1,1,59.293707,19.705900,0
1,1,59.316367,21.084400,0
1,1,59.344057,20.285400,0
1,1,59.368485,20.560100,0
1,1,59.396545,24.064700,0
1,1,59.424832,17.861100,0
1,1,59.447533,25.086800,0
1,1,59.475285,16.584100,0
1,1,59.498789,21.249400,0
1,1,59.526076,18.425400,0
1,1,59.549377,23.713400,0
1,1,59.578684,18.331300,0
1,1,59.601962,21.010900,0
1,1,59.630940,21.105500,0
1,1,59.659541,23.829000,0
1,1,59.682618,25.619700,0
1,1,59.709928,19.791100,0
1,1,59.734071,25.339400,0
1,1,59.761960,22.087800,0
1,1,59.785462,18.621800,0
1,1,59.812514,26.629800,0
1,1,59.835413,21.825100,0
1,1,59.863642,19.191100,0
1,1,59.893274,19.832500,0
1,1,59.916125,26.218500,0
1,1,59.942786,22.393500,0
1,1,59.965769,17.954100,0
1,1,59.994176,26.605100,0
1,1,60.017523,17.852000,0
1,1,60.044736,20.233800,0
1,1,60.067529,20.685800,0
1,1,60.095906,25.759000,0
1,1,60.119439,21.092500,0
1,1,60.146451,21.551300,0
1,1,60.176203,21.374900,0
1,1,60.200593,25.731600,0
1,1,60.227945,20.344100,0
1,1,60.251139,19.478300,0
1,1,60.280814,25.684600,0
1,1,60.310215,17.108800,0
1,1,60.332729,18.429000,0
1,1,60.359887,24.218300,0
1,1,60.382359,18.632700,0
1,1,60.406780,21.026300,0
1,1,60.433204,23.300100,0
1,1,60.458841,18.604200,0
1,1,60.483782,19.513300,0
1,1,60.510265,20.182100,0
1,1,60.536636,21.013600,0
1,1,60.563154,27.811500,0
1,1,60.594604,20.724400,0
1,1,60.618963,24.062600,0
1,1,60.648374,20.071200,0
1,1,60.677256,25.389100,0
1,1,60.701222,23.838000,0
1,1,60.731281,26.178600,0
1,1,60.759935,17.002100,0
1,1,60.784171,26.390600,0
1,1,60.813447,21.644200,0
1,1,60.842324,16.053300,0
1,1,60.866230,21.165300,0
1,1,60.894309,22.992400,0
1,1,60.917724,17.151400,0
1,1,60.944649,20.828400,0
1,1,60.967490,20.594800,0
1,1,60.996817,21.591400,0
1,1,61.025867,18.317300,0
1,1,61.049299,19.714000,0
1,1,61.077896,20.182900,0
1,1,61.100796,18.712900,0
1,1,61.130291,21.079200,0
1,1,61.152582,21.169500,0
1,1,61.181903,26.334200,0
1,1,61.210096,15.098200,0
1,1,61.235140,19.201300,0
1,1,61.260891,20.029000,0
1,1,61.285010,24.060900,0
1,1,61.314691,24.700500,0
1,1,61.343156,20.812700,0
1,1,61.366438,25.518600,0
1,1,61.396769,27.252300,0
1,1,61.421486,21.586900,0
1,1,61.447390,25.244900,0
1,1,61.475919,18.765600,0
1,1,61.500696,24.044900,0
1,1,61.527938,25.869300,0
1,1,61.550861,18.746200,0
1,1,61.579134,24.726000,0
1,1,61.602524,23.025400,0
1,1,61.630695,26.633000,0
1,1,61.660615,23.130600,0
1,1,61.683726,23.513100,0
1,1,61.712441,25.801600,0
1,1,61.735234,20.918300,0
1,1,61.764086,20.480100,0
1,1,61.789095,19.939300,0
1,1,61.813222,25.070100,0
1,1,61.840709,19.686300,0
1,1,61.865113,23.537200,0
1,1,61.893987,19.853800,0
1,1,61.916455,25.917000,0
1,1,61.943906,26.562700,0
1,1,61.966463,20.644900,0
1,1,61.993700,25.470900,0
1,1,62.016248,19.277900,0
1,1,62.043447,21.149400,0
1,1,62.065820,18.294300,0
1,1,62.092602,19.746200,0
1,1,62.115709,24.962200,0
1,1,62.143574,20.647400,0
1,1,62.167892,22.667100,0
1,1,62.195461,20.765200,0
1,1,62.223136,18.998000,0
1,1,62.247648,19.665800,0
1,1,62.271848,21.670700,0
1,1,62.297568,19.002600,0
1,1,62.325261,16.199500,0
1,1,62.349170,17.325100,0
1,1,62.372882,19.755500,0
1,1,62.398090,20.445800,0
1,1,62.422245,16.611600,0
1,1,62.447456,27.561600,0
1,1,62.476848,20.305600,0
1,1,62.499286,19.444200,0
1,1,62.526597,22.356400,0
1,1,62.549654,21.370900,0
1,1,62.576737,22.526000,0
1,1,62.600450,20.438500,0
1,1,62.628723,25.789300,0
1,1,62.652337,16.877300,0
1,1,62.678964,26.630000,0
1,1,62.702427,20.345300,0
1,1,62.729491,24.664500,0
1,1,62.754588,19.968700,0
1,1,62.779569,27.620700,0
1,1,62.805213,14.064600,0
1,1,62.829974,26.198500,0
1,1,62.854075,17.516000,0
1,1,62.881835,21.568600,0
1,1,62.906521,21.125000,0
1,1,62.932082,23.379100,0
1,1,62.953895,18.945000,0
1,1,62.982061,23.072900,0
1,1,63.006409,19.985300,0
1,1,63.032442,21.754900,0
1,1,63.056638,22.359200,0
1,1,63.083069,26.636300,0
1,1,63.111282,22.322700,0
1,1,63.140505,25.149000,0
1,1,63.166130,29.545500,0
1,1,63.192964,24.149200,0
1,1,63.215501,21.741000,0
1,1,63.242606,20.060100,0
1,1,63.264796,27.287200,0
1,1,63.293382,25.714100,0
1,1,63.316063,21.034200,0
1,1,63.342602,20.788500,0
1,1,63.366181,20.134300,0
1,1,63.393431,20.135600,0
1,1,63.415749,19.092400,0
1,1,63.444621,21.798700,0
1,1,63.467883,20.592700,0
1,1,63.490488,20.261200,0
1,1,63.685246,14.204000,0
1,1,63.685246,15.106400,0
1,1,63.685246,23.223200,0
1,1,63.718704,18.232500,0
1,1,63.752246,24.543400,0
1,1,63.774283,20.179400,0
1,1,63.802158,23.682800,0
1,1,63.832895,20.847000,0
1,1,63.857416,26.473400,0
1,1,63.885022,27.040100,0
1,1,63.913131,18.179300,0
1,1,63.936261,25.257700,0
1,1,63.963904,16.084800,0
1,1,63.987849,20.935200,0
1,1,64.013790,14.792300,0
1,1,64.036376,23.849300,0
1,1,64.061595,20.487700,0
1,1,64.086931,26.618400,0
1,1,64.114933,20.988600,0
1,1,64.139777,20.244100,0
1,1,64.169028,23.437200,0
1,1,64.197614,20.913500,0
1,1,64.222442,24.034300,0
1,1,64.249297,18.492000,0
1,1,64.272996,19.472200,0
1,1,64.302586,25.141100,0
1,1,64.329341,21.823200,0
1,1,64.353643,25.422600,0
1,1,64.381256,20.647900,0
1,1,64.403607,26.858400,0
1,1,64.425920,19.773100,0
1,1,64.454134,25.901200,0
1,1,64.481230,20.182600,0
1,1,64.506558,25.020700,0
1,1,64.535782,25.132300,0
1,1,64.564676,21.030100,0
1,1,64.589282,18.770500,0
1,1,64.618428,20.616800,0
1,1,64.644817,28.576600,0
1,1,64.671855,25.641200,0
1,1,64.700079,25.194600,0
1,1,64.723879,21.537700,0
1,1,64.753101,28.039700,0
1,1,64.781489,14.475900,0
1,1,64.806193,25.610900,0
1,1,64.839316,20.090300,0
1,1,64.857608,20.463900,0
1,1,64.889923,23.545000,0
1,1,64.916635,27.032200,0
1,1,64.940234,22.888200,0
1,1,64.970095,28.286500,0
1,1,64.999132,21.582300,0
1,1,65.023143,21.755800,0
1,1,65.052363,24.007300,0
1,1,65.078174,26.459000,0
1,1,65.105765,25.580400,0
1,1,65.133405,21.000700,0
1,1,65.163269,21.509000,0
1,1,65.188077,30.830100,0
1,1,65.215212,21.254400,0
1,1,65.240300,24.024600,0
1,1,65.270842,19.630400,0
1,1,65.293451,21.611000,0
1,1,65.321729,26.195700,0
1,1,65.351208,22.890300,0
1,1,65.374690,17.908200,0
1,1,65.404232,24.345100,0
1,1,65.428495,18.399100,0
1,1,65.453204,23.950900,0
1,1,65.478658,20.754000,0
1,1,65.502927,22.500500,0
1,1,65.526100,13.298300,0
1,1,65.553595,25.803100,0
1,1,65.580768,22.368200,0
1,1,65.604216,25.176600,0
1,1,65.631754,19.604600,0
1,1,65.657020,21.707800,0
1,1,65.683763,20.169100,0
1,1,65.706821,22.313900,0
1,1,65.734040,25.679000,0
1,1,65.760067,20.772300,0
1,1,65.785819,23.872900,0
1,1,65.811001,20.962300,0
1,1,65.836136,19.288400,0
1,1,65.861103,13.639700,0
1,1,65.885804,20.741100,0
1,1,65.911063,13.620100,0
1,1,65.936320,21.475000,0
1,1,65.959103,18.383000,0
1,1,65.986212,27.063700,0
1,1,66.015598,15.564600,0
1,1,66.038863,23.895900,0
1,1,66.066096,18.423900,0
1,1,66.088947,17.291300,0
1,1,66.112893,20.930300,0
1,1,66.138198,20.542900,0
1,1,66.159903,19.174000,0
1,1,66.189219,28.376000,0
1,1,66.216399,18.637100,0
1,1,66.241161,23.005900,0
1,1,66.267428,18.651200,0
1,1,66.291800,19.197500,0
1,1,66.320762,28.025200,0
1,1,66.348383,20.172000,0
1,1,66.370467,19.190800,0
1,1,66.398353,18.986800,0
1,1,66.421164,18.081100,0
1,1,66.447460,19.308900,0
1,1,66.470578,20.632500,0
1,1,66.498660,17.136900,0
1,1,66.521621,27.417900,0
1,1,66.548340,19.969200,0
1,1,66.571224,23.785400,0
1,1,66.598146,21.089100,0
1,1,66.621081,18.981700,0
1,1,66.647870,20.881200,0
1,1,66.672192,26.790200,0
1,1,66.699813,19.977400,0
1,1,66.724534,27.275700,0
1,1,66.752774,24.659700,0
1,1,66.775569,19.125700,0
1,1,66.804230,21.146200,0
1,1,66.826961,20.834000,0
1,1,66.854976,21.574900,0
1,1,66.878954,21.045000,0
1,1,66.904665,25.407800,0
1,1,66.926930,19.373100,0
1,1,66.955098,22.948900,0
1,1,66.981305,21.413700,0
1,1,67.005346,21.923100,0
1,1,67.032330,24.367600,0
1,1,67.056217,19.193200,0
1,1,67.082561,22.635700,0
1,1,67.107179,24.936900,0
1,1,67.134447,25.248900,0
1,1,67.158022,19.212900,0
1,1,67.184372,23.764400,0
1,1,67.209439,15.003800,0
1,1,67.237199,23.163700,0
1,1,67.264718,15.139900,0
1,1,67.287552,21.291300,0
1,1,67.316011,20.822600,0
1,1,67.338411,24.570300,0
1,1,67.362654,19.465300,0
1,1,67.387706,24.315000,0
1,1,67.412167,22.100700,0
1,1,67.438582,18.523400,0
1,1,67.461794,22.347300,0
1,1,67.486645,20.614900,0
1,1,67.509557,20.208400,0
1,1,67.536860,26.199500,0
1,1,67.565342,19.208700,0
1,1,67.587908,19.804200,0
1,1,67.614779,19.869300,0
1,1,67.638171,22.749300,0
1,1,67.668223,16.221000,0
1,1,67.695109,32.499200,0
1,1,67.721698,22.634800,0
1,1,67.742652,15.824000,0
1,1,67.771236,25.989900,0
1,1,67.797350,19.374100,0
1,1,67.820321,23.827900,0
1,1,67.845365,19.971400,0
1,1,67.869948,18.403200,0
1,1,67.899228,20.906400,0
1,1,67.922143,24.598700,0
1,1,67.949557,20.282800,0
1,1,67.973497,20.546200,0
1,1,68.000547,21.679600,0
1,1,68.026355,20.481500,0
1,1,68.050865,18.482400,0
1,1,68.073564,18.541200,0
1,1,68.100698,21.619400,0
1,1,68.123242,20.498200,0
1,1,68.152615,24.665800,0
1,1,68.175979,19.694000,0
1,1,68.202495,25.069800,0
1,1,68.228065,16.306500,0
1,1,68.252465,25.310400,0
1,1,68.279817,21.551000,0
1,1,68.301683,18.579100,0
1,1,68.329945,15.608400,0
1,1,68.353772,30.570400,0
1,1,68.378410,16.457500,0
1,1,68.404396,22.066000,0
1,1,68.425883,20.516000,0
1,1,68.455361,26.765300,0
1,1,68.483451,20.243000,0
1,1,68.506960,27.308200,0
1,1,68.534357,24.299000,0
1,1,68.558557,18.487500,0
1,1,68.588629,26.445900,0
1,1,68.618038,19.050100,0
1,1,68.647508,30.048600,0
1,1,68.673354,27.321700,0
1,1,68.700885,21.733700,0
1,1,68.724749,17.487700,0
1,1,68.754958,24.761400,0
1,1,68.782846,22.181500,0
1,1,68.806917,20.328300,0
1,1,68.837869,21.792100,0
1,1,68.868019,23.751100,0
1,1,68.896374,28.041800,0
1,1,68.920057,20.448700,0
1,1,68.948471,18.530500,0
1,1,68.971621,24.571000,0
1,1,68.998830,22.537700,0
1,1,69.022873,18.974700,0
1,1,69.049224,25.376900,0
1,1,69.072596,19.198200,0
1,1,69.100426,20.621300,0
1,1,69.123999,18.590300,0
1,1,69.154833,27.269700,0
1,1,69.181812,21.430900,0
1,1,69.204408,18.122700,0
1,1,69.233363,21.410600,0
1,1,69.258255,28.232500,0
1,1,69.285763,26.535600,0
1,1,69.316536,18.939100,0
1,1,69.341171,19.826900,0
1,1,69.367819,19.708100,0
1,1,69.397588,18.559100,0
1,1,69.420118,21.732900,0
1,1,69.444532,17.028100,0
1,1,69.471280,23.928700,0
1,1,69.499203,23.814900,0
1,1,69.522690,21.855700,0
1,1,69.550019,19.700300,0
1,1,69.572091,20.733100,0
1,1,69.599616,25.421100,0
1,1,69.622731,17.734000,0
1,1,69.650942,23.093900,0
1,1,69.674233,18.919000,0
1,1,69.703137,24.454600,0
1,1,69.730205,20.663900,0
1,1,69.750733,27.023400,0
1,1,69.774579,16.172100,0
1,1,69.804547,24.620400,0
1,1,69.826195,20.862800,0
1,1,69.854911,23.616100,0
1,1,69.880337,20.845500,0
1,2,77.024358,21.583000,0
1,2,77.054939,22.436900,0
1,2,77.081559,19.353100,0
1,2,77.104288,24.090100,0
1,2,77.129765,14.084500,0
1,2,77.154855,23.770800,0
1,2,77.184121,24.980400,0
1,2,77.209318,15.875200,0
1,2,77.239915,25.185300,0
1,2,77.269188,24.451700,0
1,2,77.294405,18.454900,0
1,2,77.320778,25.375600,0
1,2,77.348706,19.016000,0
1,2,77.371444,25.075100,0
1,2,77.398890,19.336900,0
1,2,77.421858,18.661900,0
1,2,77.446064,17.810900,0
1,2,77.471616,20.339500,0
1,2,77.500618,23.627900,0
1,2,77.523389,19.607700,0
1,2,77.552753,20.051700,0
1,2,77.580000,25.930500,0
1,2,77.606289,27.212400,0
1,2,77.635527,21.542800,0
1,2,77.665968,16.901400,0
1,2,77.692124,27.918300,0
1,2,77.718512,25.642700,0
1,2,77.745945,20.967800,0
1,2,77.773092,27.073900,0
1,2,77.800527,22.263000,0
1,2,77.830835,24.346200,0
1,2,77.853763,27.394000,0
1,2,77.881384,16.903100,0
1,2,77.905175,24.061300,0
1,2,77.933456,21.911900,0
1,2,77.957595,20.828000,0
1,2,77.985495,25.337600,0
1,2,78.008710,15.669000,0
1,2,78.035316,23.903600,0
1,2,78.059200,19.349000,0
1,2,78.085556,18.588300,0
1,2,78.114878,17.131100,0
1,2,78.139192,18.667600,0
1,2,78.167803,24.298800,0
1,2,78.190287,17.430900,0
1,2,78.216981,25.327500,0
1,2,78.240654,21.055400,0
1,2,78.268948,27.270100,0
1,2,78.294715,18.153300,0
1,2,78.323108,26.271400,0
1,2,78.351971,26.550200,0
1,2,78.375313,18.442400,0
1,2,78.406115,25.886400,0
1,2,78.434435,21.900700,0
1,2,78.458171,20.671200,0
1,2,78.486273,23.954400,0
1,2,78.515456,22.241100,0
1,2,78.537545,19.545900,0
1,2,78.567214,18.087100,0
1,2,78.590820,24.791700,0
1,2,78.619412,27.537800,0
1,2,78.642513,16.112000,0
1,2,78.672285,26.527600,0
1,2,78.700700,23.023300,0
1,2,78.726979,23.644300,0
1,2,78.752074,20.347100,0
1,2,78.774842,15.956500,0
1,2,78.802628,24.567800,0
1,2,78.825259,17.915800,0
1,2,78.855452,25.792100,0
1,2,78.883982,24.931100,0
1,2,78.907637,19.538500,0
1,2,78.936825,25.661100,0
1,2,78.966950,19.824400,0
1,2,78.989703,22.575700,0
1,2,79.017093,22.665100,0
1,2,79.041604,22.702100,0
1,2,79.070696,26.528200,0
1,2,79.098816,16.719100,0
1,2,79.122698,24.833800,0
1,2,79.149660,19.570700,0
1,2,79.172343,17.862200,0
1,2,79.200139,21.085900,0
1,2,79.223236,26.241400,0
1,2,79.250346,23.236600,0
1,2,79.274314,22.759700,0
1,2,79.305021,26.129600,0
1,2,79.333135,21.843600,0
1,2,79.358069,25.276200,0
1,2,79.385767,23.289600,0
1,2,79.414933,18.603500,0
1,2,79.439933,28.980000,0
1,2,79.467546,19.464000,0
1,2,79.491734,20.799400,0
1,2,79.521174,28.289000,0
1,2,79.548909,20.764600,0
1,2,79.573628,19.823000,0
1,2,79.603691,29.067900,0
1,2,79.625745,20.160800,0
1,2,79.656205,25.613300,0
1,2,79.686431,26.562200,0
1,2,79.713675,16.227800,0
1,2,79.737858,27.748700,0
1,2,79.765980,17.114300,0
1,2,79.789201,17.155100,0
1,2,79.811049,23.780100,0
1,2,79.839468,23.512200,0
1,2,79.868291,27.299000,0
1,2,79.893813,22.140200,0
1,2,79.920307,26.076200,0
1,2,79.949262,15.639300,0
1,2,79.972303,26.309900,0
1,2,79.999579,19.926500,0
1,2,80.028759,21.579600,0
1,2,80.050597,21.202400,0
1,2,80.074242,23.216900,0
1,2,80.100785,21.395600,0
1,2,80.124381,20.741000,0
1,2,80.151640,23.017000,0
1,2,80.175924,21.103600,0
1,2,80.204176,25.253600,0
1,2,80.233656,14.384300,0
1,2,80.258374,24.476200,0
1,2,80.285514,22.341000,0
1,2,80.314431,17.506700,0
1,2,80.339323,19.875800,0
1,2,80.366052,21.750700,0
1,2,80.389353,19.363700,0
1,2,80.417264,20.753300,0
1,2,80.441477,19.620400,0
1,2,80.470558,24.790700,0
1,2,80.495114,17.582000,0
1,2,80.521478,26.377500,0
1,2,80.551029,21.794100,0
1,2,80.575714,26.000400,0
1,2,80.605079,25.344300,0
1,2,80.632412,21.566000,0
1,2,80.658895,23.105500,0
1,2,80.688144,26.905200,0
1,2,80.717291,15.868100,0
1,2,80.742717,25.411000,0
1,2,80.771691,27.433100,0
1,2,80.802538,21.560400,0
1,2,80.828436,29.649700,0
1,2,80.854701,26.013300,0
1,2,80.885659,20.663100,0
1,2,80.909442,29.302500,0
1,2,80.937756,26.236700,0
1,2,80.963305,17.246100,0
1,2,80.989430,25.774100,0
1,2,81.018237,23.752300,0
1,2,81.041837,20.986200,0
1,2,81.069118,26.080600,0
1,2,81.097612,17.317500,0
1,2,81.121748,25.665600,0
1,2,81.146895,21.180300,0
1,2,81.172554,21.254200,0
1,2,81.201756,24.061800,0
1,2,81.232379,22.985900,0
1,2,81.256456,23.872300,0
1,2,81.286236,23.735700,0
1,2,81.314102,20.819300,0
1,2,81.338837,26.294600,0
1,2,81.366938,21.011400,0
1,2,81.392273,26.728300,0
1,2,81.418531,26.848600,0
1,2,81.440931,20.232000,0
1,2,81.472063,27.522000,0
1,2,81.499788,20.741300,0
1,2,81.524154,19.420000,0
1,2,81.553113,26.183600,0
1,2,81.578405,16.295500,0
1,2,81.604685,24.246700,0
1,2,81.633543,23.674200,0
1,2,81.659126,23.010300,0
1,2,81.687930,23.836900,0
1,2,81.715573,22.208700,0
1,2,81.739940,27.202300,0
1,2,81.767157,19.284100,0
1,2,81.790675,18.280400,0
1,2,81.817565,19.964800,0
1,2,81.841604,20.414600,0
1,2,81.865622,20.363100,0
1,2,81.890907,19.439500,0
1,2,81.918071,23.788500,0
1,2,81.941998,19.247100,0
1,2,81.968872,20.482000,0
1,2,81.992149,17.657000,0
1,2,82.021758,27.292000,0
1,2,82.052063,20.717800,0
1,2,82.075954,24.545600,0
1,2,82.104153,22.474500,0
1,2,82.132930,17.847100,0
1,2,82.157064,29.705900,0
1,2,82.183996,24.561600,0
1,2,82.208235,18.386700,0
1,2,82.235143,18.394100,0
1,2,82.258194,20.497400,0
1,2,82.287341,22.127500,0
1,2,82.312757,22.171500,0
1,2,82.340290,24.970900,0
1,2,82.366901,21.106700,0
1,2,82.390239,26.747300,0
1,2,82.417229,23.790400,0
1,2,82.439796,16.995200,0
1,2,82.466874,22.215400,0
1,2,82.490967,26.461700,0
1,2,82.518563,18.646400,0
1,2,82.542123,17.784200,0
1,2,82.571300,27.727800,0
1,2,82.593686,16.984200,0
1,2,82.623381,23.723000,0
1,2,82.648080,18.431500,0
1,2,82.675906,23.241000,0
1,2,82.702452,25.657700,0
1,2,82.732666,19.852800,0
1,2,82.755476,20.566500,0
1,2,82.783352,20.509800,0
1,2,82.807060,18.198200,0
1,2,82.834564,23.205900,0
1,2,82.857459,18.329400,0
1,2,82.884149,18.477800,0
1,2,82.906655,19.143700,0
1,2,82.934064,21.956900,0
1,2,82.956255,22.530800,0
1,2,82.983704,20.522300,0
1,2,83.008330,26.182300,0
1,2,83.034922,24.526400,0
1,2,83.057988,20.425700,0
1,2,83.086091,26.809600,0
1,2,83.108804,21.522700,0
1,2,83.137999,24.512800,0
1,2,83.167178,22.311800,0
1,2,83.191814,22.433400,0
1,2,83.219605,19.076500,0
1,2,83.248686,21.012900,0
1,2,83.272077,23.614200,0
1,2,83.299446,21.973700,0
1,2,83.323342,21.020200,0
1,2,83.352576,24.920000,0
1,2,83.377041,23.231500,0
1,2,83.405387,27.431800,0
1,2,83.432954,20.089300,0
1,2,83.457012,18.491100,0
1,2,83.486812,25.740400,0
1,2,83.509784,16.726900,0
1,2,83.538053,28.050800,0
1,2,83.566825,20.565100,0
1,2,83.591288,27.135900,0
1,2,83.620156,23.059000,0
1,2,83.643087,25.004400,0
1,2,83.672366,26.883300,0
1,2,83.694809,20.005000,0
1,2,83.723755,26.933900,0
1,2,83.751984,24.681100,0
1,2,83.781721,21.227600,0
1,2,83.806347,29.138600,0
1,2,83.833669,20.418600,0
1,2,83.858385,19.749700,0
1,2,83.886481,26.943400,0
1,2,83.916028,21.040500,0
1,2,83.940959,22.220200,0
1,2,83.969104,21.180100,0
1,2,83.994082,27.692300,0
1,2,84.021811,25.825100,0
1,2,84.044319,16.526200,0
1,2,84.071274,26.386400,0
1,2,84.100902,18.250400,0
1,2,84.123890,27.796000,0
1,2,84.151368,19.634800,0
1,2,84.176918,20.851600,0
1,2,84.204878,27.096300,0
1,2,84.233986,19.307500,0
1,2,84.258474,24.313200,0
1,2,84.287761,27.839500,0
1,2,84.313247,16.120900,0
1,2,84.339542,24.923600,0
1,2,84.368475,24.636000,0
1,2,84.392942,22.994000,0
1,2,84.423158,23.862800,0
1,2,84.451649,22.345000,0
1,2,84.475968,24.071100,0
1,2,84.506533,27.502200,0
1,2,84.534365,20.835900,0
1,2,84.558910,24.506500,0
1,2,84.586348,26.185300,0
1,2,84.613016,19.062900,0
1,2,84.642686,26.589400,0
1,2,84.674146,28.204300,0
1,2,84.702085,27.096500,0
1,2,84.725355,17.875200,0
1,2,84.753875,25.356300,0
1,2,84.784193,16.337600,0
1,2,84.808144,20.518500,0
1,2,84.837581,27.359500,0
1,2,84.866743,23.812900,0
1,2,84.889867,25.982100,0
1,2,84.919020,19.672400,0
1,2,84.942183,25.211900,0
1,2,84.971362,27.879000,0
1,2,84.996590,20.524600,0
1,2,85.022840,24.959900,0
1,2,85.055914,23.682600,0
1,2,85.081618,16.458000,0
1,2,85.107869,27.775600,0
1,2,85.137677,28.750500,0
1,2,85.163431,21.507600,0
1,2,85.192146,22.756200,0
1,2,85.221418,22.882800,0
1,2,85.249429,16.691400,0
1,2,85.275704,26.555200,0
1,2,85.305582,27.730000,0
1,2,85.333135,20.466800,0
1,2,85.358725,24.814200,0
1,2,85.390814,28.947700,0
1,2,85.417192,24.960900,0
1,2,85.441646,22.146400,0
1,2,85.471922,26.070900,0
1,2,85.494188,21.186900,0
1,2,85.522074,23.282500,0
1,2,85.549975,20.304800,0
1,2,85.573815,25.528000,0
1,2,85.602889,24.576500,0
1,2,85.625969,21.066300,0
1,2,85.656035,28.390200,0
1,2,85.683561,17.341600,0
1,2,85.706110,24.391300,0
1,2,85.734540,25.643500,0
1,2,85.757346,19.652400,0
1,2,85.785227,20.990500,0
1,2,85.807530,22.787000,0
1,2,85.836156,25.010700,0
1,2,85.862603,19.275600,0
1,2,85.886244,25.794900,0
1,2,85.909709,18.133000,0
1,2,85.935942,23.650700,0
1,2,85.959673,18.025200,0
1,2,85.987864,24.146100,0
1,2,86.011104,16.223900,0
1,2,86.038838,20.663200,0
1,2,86.066714,19.581000,0
1,2,86.089317,20.745200,0
1,2,86.117236,22.497200,0
1,2,86.140610,24.706600,0
1,2,86.168276,18.510700,0
1,2,86.192704,26.817200,0
1,2,86.219817,24.723100,0
1,2,86.248698,21.870700,0
1,2,86.272935,22.050100,0
1,2,86.300773,18.828600,0
1,2,86.325326,27.592600,0
1,2,86.351530,26.503100,0
1,2,86.374961,20.196900,0
1,2,86.402486,19.848500,0
1,2,86.427157,20.628100,0
1,2,86.453837,20.699000,0
1,2,86.477500,18.783500,0
1,2,86.506302,24.228900,0
1,2,86.536020,17.555700,0
1,2,86.561678,19.343800,0
1,2,86.590548,23.433600,0
1,2,86.615585,20.470800,0
1,2,86.639813,24.170700,0
1,2,86.668901,16.922000,0
1,2,86.691820,20.575400,0
1,2,86.718950,21.339300,0
1,2,86.741457,19.364900,0
1,2,86.769401,21.371000,0
1,2,86.792466,26.045800,0
1,2,86.820868,25.437700,0
1,2,86.844578,18.944800,0
1,2,86.871483,24.952100,0
1,2,86.900503,22.192700,0
1,2,86.924738,25.301600,0
1,2,86.953071,23.372200,0
1,2,86.980269,24.525700,0
1,2,87.008331,21.902500,0
1,2,87.034725,20.340800,0
1,2,87.057396,18.964100,0
1,2,87.084042,19.933800,0
1,2,87.108685,18.452500,0
1,2,87.135471,21.315900,0
1,2,87.158802,21.876700,0
1,2,87.187822,21.021800,0
1,2,87.215690,16.785600,0
1,2,87.239446,25.715300,0
1,2,87.264704,17.509400,0
1,2,87.290232,19.415500,0
1,2,87.311915,16.034900,0
1,2,87.341008,21.148100,0
1,2,87.365337,22.165500,0
1,2,87.391161,23.397000,0
1,2,87.419333,21.323300,0
1,2,87.443657,19.606700,0
1,2,87.472316,26.407100,0
1,2,87.500346,16.926800,0
1,2,87.524477,26.506400,0
1,2,87.551696,21.060900,0
1,2,87.575906,21.090100,0
1,2,87.603015,24.131600,0
1,2,87.626929,21.203600,0
1,2,87.655796,27.281800,0
1,2,87.681072,18.832100,0
1,2,87.706148,21.803400,0
1,2,87.734186,21.380100,0
1,2,87.757632,25.054200,0
1,2,87.784700,19.513000,0
1,2,87.809654,25.535800,0
1,2,87.838246,27.449700,0
1,2,87.867588,18.666500,0
1,2,87.891276,28.159400,0
1,2,87.919130,24.392700,0
1,2,87.943159,22.590700,0
1,2,87.971148,22.284800,0
1,2,87.994772,22.039900,0
1,2,88.023399,30.226700,0
1,2,88.049124,20.768200,0
1,2,88.074084,24.211800,0
1,2,88.101087,19.881500,0
1,2,88.124394,19.735600,0
1,2,88.153938,20.247200,0
1,2,88.176994,18.845600,0
1,2,88.205388,23.596400,0
1,2,88.234066,15.050900,0
1,2,88.257089,25.265600,0
1,2,88.284191,20.994000,0
1,2,88.307011,16.375600,0
1,2,88.334962,19.104000,0
1,2,88.357539,19.296300,0
1,2,88.385935,22.638100,0
1,2,88.410701,23.831600,0
1,2,88.441773,26.795100,0
1,2,88.469235,21.686000,0
1,2,88.493735,28.217300,0
1,2,88.525152,28.738300,0
1,2,88.554708,19.094500,0
1,2,88.580730,25.151000,0
1,2,88.610389,22.705400,0
1,2,88.635653,24.802500,0
1,2,88.664459,18.194100,0
1,2,88.692033,28.376700,0
1,2,88.720897,27.244600,0
1,2,88.745881,20.279400,0
1,2,88.775453,28.121900,0
1,2,88.806748,23.073700,0
1,2,88.834965,21.359200,0
1,2,88.860691,29.740700,0
1,2,88.888257,27.369300,0
1,2,88.914038,18.899100,0
1,2,88.941458,26.087200,0
1,2,88.969728,26.660500,0
1,2,88.996091,22.632400,0
1,2,89.024559,30.279300,0
1,2,89.053367,20.161500,0
1,2,89.084006,16.701200,0
1,2,89.109361,28.896800,0
1,2,89.138390,21.666900,0
1,2,89.167553,15.365800,0
1,2,89.191654,20.620600,0
1,2,89.218541,24.823400,0
1,2,89.243446,22.189600,0
1,2,89.274207,25.385700,0
1,2,89.301578,20.275400,0
1,2,89.327999,28.042500,0
1,2,89.356369,26.057300,0
1,2,89.384220,20.949300,0
1,2,89.406916,21.343900,0
1,2,89.437202,26.209600,0
1,2,89.461593,20.613600,0
1,2,89.491181,27.510400,0
1,2,89.518415,20.663600,0
1,2,89.541474,26.468000,0
1,2,89.568890,23.805800,0
1,2,89.594646,25.443500,0
1,2,89.622122,24.957900,0
1,2,89.645675,16.499100,0
1,2,89.674959,26.211100,0
1,2,89.702011,24.781800,0
1,2,89.726559,19.518600,0
1,2,89.754840,22.540100,0
1,2,89.780864,21.739300,0
1,2,89.807608,23.901400,0
1,2,89.834522,22.802100,0
1,2,89.858313,24.819500,0
1,2,89.887235,22.423100,0
1,2,89.910661,21.013400,0
1,2,89.938641,25.450400,0
1,2,89.961356,21.008900,0
1,2,89.989568,23.382500,0
1,2,90.017551,17.742800,0
1,2,90.040752,22.701600,0
1,2,90.070180,22.530100,0
1,2,90.093927,23.982400,0
1,2,90.126205,25.922200,0
1,2,90.147308,17.537000,0
1,2,90.175133,21.745700,0
1,2,90.202718,23.971600,0
1,2,90.226336,19.570000,0
1,2,90.253694,19.715500,0
1,2,90.276783,19.329400,0
1,2,90.303483,22.141200,0
1,2,90.328607,18.044400,0
1,2,90.356528,24.618500,0
1,2,90.384994,22.226800,0
1,2,90.409461,24.311000,0
1,2,90.436531,19.505100,0
1,2,90.459726,22.529100,0
1,2,90.486803,25.792500,0
1,2,90.509825,19.269800,0
1,2,90.537026,26.045100,0
1,2,90.560351,18.949600,0
1,2,90.586834,24.581500,0
1,2,90.614476,22.163000,0
1,2,90.641314,25.054900,0
1,2,90.669236,22.636100,0
1,2,90.692435,20.264600,0
1,2,90.721079,26.155000,0
1,2,90.744213,22.075500,0
1,2,90.770902,25.918900,0
1,2,90.799375,21.801400,0
1,2,90.823892,26.180900,0
1,2,90.849230,21.162900,0
1,2,90.874082,24.006700,0
1,2,90.901615,25.360300,0
1,2,90.925431,22.997000,0
1,2,90.956042,28.393800,0
1,2,90.984754,14.409800,0
1,2,91.008636,24.883900,0
1,2,91.036558,21.870500,0
1,2,91.059405,19.192300,0
1,2,91.087822,25.712300,0
1,2,91.111327,20.493600,0
1,2,91.140638,24.487500,0
1,2,91.167888,22.750800,0
1,2,91.190846,21.656300,0
1,2,91.220035,21.167800,0
1,2,91.243631,20.253500,0
1,2,91.274099,30.162000,0
1,2,91.300997,14.987700,0
1,2,91.323851,22.943700,0
1,2,91.351193,19.162300,0
1,2,91.377203,20.375500,0
1,2,91.405731,28.563900,0
1,2,91.434106,20.440500,0
1,2,91.456791,23.881000,0
1,2,91.481915,21.745200,0
1,2,91.506662,19.463900,0
1,2,91.532912,20.345200,0
1,2,91.557819,21.552800,0
1,2,91.584927,21.713500,0
1,2,91.607549,24.944800,0
1,2,91.631802,19.615100,0
1,2,91.658110,21.171000,0
1,2,91.685777,21.940600,0
1,2,91.708141,20.293900,0
1,2,91.736415,19.924700,0
1,2,91.758688,17.778300,0
1,2,91.785953,20.032400,0
1,2,91.808607,21.934300,0
1,2,91.835952,21.746300,0
1,2,91.860175,22.025100,0
1,2,91.890346,28.678800,0
1,2,91.917711,22.469100,0
1,2,91.942050,23.773800,0
1,2,91.969640,25.178400,0
1,2,91.994062,19.242900,0
1,2,92.023450,25.491500,0
1,2,92.051134,20.815900,0
1,2,92.076276,25.886200,0
1,2,92.102886,23.394300,0
1,2,92.127776,22.395100,0
1,2,92.157690,27.320200,0
1,2,92.179068,18.384800,0
1,2,92.207408,24.294200,0
1,2,92.236906,18.186500,0
1,2,92.261441,30.505500,0
1,2,92.289913,24.344400,0
1,2,92.316362,15.863900,0
1,2,92.342201,21.307600,0
1,2,92.369181,20.970600,0
1,2,92.393987,26.735400,0
1,2,92.420811,22.630600,0
1,2,92.444229,19.378700,0
1,2,92.474353,23.339400,0
1,2,92.501934,13.977800,0
1,2,92.525919,18.656300,0
1,2,92.555254,20.603700,0
1,2,92.578634,25.286300,0
1,2,92.604883,26.558500,0
1,2,92.632970,19.355300,0
1,2,92.658148,24.219700,0
1,2,92.687011,22.053900,0
1,2,92.710438,21.445100,0
1,2,92.739002,19.393600,0
1,2,92.764519,18.474900,0
1,2,92.791170,27.226800,0
1,2,92.818203,20.895800,0
1,2,92.842661,19.523000,0
1,2,92.872136,24.701300,0
1,2,92.900899,19.611200,0
1,2,92.923803,23.715400,0
1,2,92.953035,20.855300,0
1,2,92.976290,24.812100,0
1,2,93.002223,21.349800,0
1,2,93.030506,21.107600,0
1,2,93.056929,18.464700,0
1,2,93.085106,21.361500,0
1,2,93.109217,24.799100,0
1,2,93.139856,22.114900,0
1,2,93.163089,19.388500,0
1,2,93.193742,20.491800,0
1,2,93.224121,27.858700,0
1,2,93.252700,19.118100,0
1,2,93.277636,31.248700,0
1,2,93.308277,28.025900,0
1,2,93.337261,19.945700,0
1,2,93.360364,17.744900,0
1,2,93.390300,30.210100,0
1,2,93.412766,16.037500,0
1,2,93.442207,26.655400,0
1,2,93.472921,28.592000,0
1,2,93.502814,17.261500,0
1,2,93.527878,28.881700,0
1,2,93.557429,27.163800,0
1,2,93.579922,21.105600,0
1,2,93.610577,24.006400,0
1,2,93.637621,21.063400,0
1,2,93.666438,19.408000,0
1,2,93.690865,26.963000,0
1,2,93.719736,24.818100,0
1,2,93.741965,23.434100,0
1,2,93.770849,23.439600,0
1,2,93.799059,21.152100,0
1,2,93.823678,21.586200,0
1,2,93.851630,20.150600,0
1,2,93.874639,21.702200,0
1,2,93.902235,21.552700,0
1,2,93.926960,24.691500,0
1,2,93.955058,20.529100,0
1,2,93.977677,20.832700,0
1,2,94.006341,19.172000,0
1,2,94.034006,14.700500,0
1,2,94.057326,18.192200,0
1,2,94.082708,17.500900,0
1,2,94.107917,31.412900,0
1,2,94.137219,18.483900,0
1,2,94.161017,22.037900,0
1,2,94.191944,26.210800,0
1,2,94.219729,19.151900,0
1,2,94.243514,19.500300,0
1,2,94.271265,19.472300,0
1,2,94.294699,22.761400,0
1,2,94.323031,21.834600,0
1,2,94.352637,20.655600,0
1,2,94.377441,25.602400,0
1,2,94.406313,26.141000,0
1,2,94.429387,15.290100,0
1,2,94.458364,26.186300,0
1,2,94.486540,19.989300,0
1,2,94.510748,19.458900,0
1,2,94.539378,22.912200,0
1,2,94.562753,17.722800,0
1,2,94.592258,27.096900,0
1,2,94.622780,21.050200,0
1,2,94.642336,20.080100,0
1,2,94.667711,22.711300,0
1,2,94.692021,21.542200,0
1,2,94.719413,22.202900,0
1,2,94.745417,20.491200,0
1,2,94.773156,22.851800,0
1,2,94.802075,22.348700,0
1,2,94.827489,26.985200,0
1,2,94.855093,26.228300,0
1,2,94.878545,16.765400,0
1,2,94.907166,26.817200,0
1,2,94.936877,19.209600,0
1,2,94.961293,27.341600,0
1,2,94.990582,25.809400,0
1,2,95.017936,16.758300,0
1,2,95.041593,26.093000,0
1,2,95.069508,22.952400,0
1,2,95.094223,19.809300,0
1,2,95.121549,27.692000,0
1,2,95.150875,16.241400,0
1,2,95.181029,24.211500,0
1,2,95.201311,23.052800,0
1,2,95.226668,25.150900,0
1,2,95.256527,25.756900,0
1,2,95.284859,15.194600,0
1,2,95.309358,26.072200,0
1,2,95.335894,19.984200,0
1,2,95.359605,17.585200,0
1,2,95.390470,25.222400,0
1,2,95.417658,15.539100,0
1,2,95.441640,31.379900,0
1,2,95.470810,23.991400,0
1,2,95.495389,23.066400,0
1,2,95.524178,27.489600,0
1,2,95.551986,22.585400,0
1,2,95.577005,19.488200,0
1,2,95.604050,21.388900,0
1,2,95.629070,22.826200,0
1,2,95.655985,16.966600,0
1,2,95.679811,14.695100,0
1,2,95.708207,28.779500,0
1,2,95.736212,22.727800,0
1,2,95.760630,23.303300,0
1,2,95.788607,26.728000,0
1,2,95.817969,16.779200,0
1,2,95.843239,28.405400,0
1,2,95.872498,27.271300,0
1,2,95.900668,18.585300,0
1,2,95.924398,24.333800,0
1,2,95.951460,19.542400,0
1,2,95.973344,26.355000,0
1,2,96.001348,18.278700,0
1,2,96.025487,23.524200,0
1,2,96.052392,21.234100,0
1,2,96.075177,19.435400,0
1,2,96.101753,19.274300,0
1,2,96.125956,19.531000,0
1,2,96.152771,25.463300,0
1,2,96.174918,18.700700,0
1,2,96.204092,21.264400,0
1,2,96.229873,26.670900,0
1,2,96.256751,16.333800,0
1,2,96.284780,16.874800,0
1,2,96.308021,29.412600,0
1,2,96.334564,19.760400,0
1,2,96.358500,25.459200,0
1,2,96.386238,19.831200,0
1,2,96.409775,24.803500,0
1,2,96.438215,18.935800,0
1,2,96.464256,18.754200,0
1,2,96.490633,23.992000,0
1,2,96.513267,16.753300,0
1,2,96.542529,27.126700,0
1,2,96.569451,18.502100,0
1,2,96.592363,24.562400,0
1,2,96.620596,26.115100,0
1,2,96.644792,18.116800,0
1,2,96.671818,26.059000,0
1,2,96.702287,22.176200,0
1,2,96.726308,27.245800,0
1,2,96.753051,22.630200,0
1,2,96.777371,18.900400,0
1,2,96.806711,25.994700,0
1,2,96.833683,16.642900,0
1,2,96.858407,26.503500,0
1,2,96.884624,19.750800,0
1,2,96.907144,20.543700,0
1,2,96.934819,15.523700,0
1,2,96.956836,25.176700,0
1,2,96.984665,15.795600,0
1,2,97.008475,26.500900,0
1,2,97.037346,24.498900,0
1,2,97.058932,17.773500,0
1,2,97.086180,21.456100,0
1,2,97.111820,20.629900,0
1,2,97.142888,22.522600,0
1,2,97.173419,20.607900,0
1,2,97.196202,13.100700,0
1,2,97.226111,22.924700,0
1,2,97.250846,13.465800,0
1,2,97.275679,20.097000,0
1,2,97.304392,18.700100,0
1,2,97.328776,21.231500,0
1,2,97.358011,27.372900,0
1,2,97.386219,21.200900,0
1,2,97.417077,27.591800,0
1,2,97.442292,29.819500,0
1,2,97.471415,19.082900,0
1,2,97.494186,19.709100,0
1,2,97.521976,26.350700,0
1,2,97.548205,14.360900,0
1,2,97.574882,22.102500,0
1,2,97.599429,21.449700,0
1,2,97.624750,26.689500,0
1,2,97.652702,20.091000,0
1,2,97.680668,21.892400,0
1,2,97.708675,21.946400,0
1,2,97.735179,20.813000,0
1,2,97.758320,24.998400,0
1,2,97.784938,20.963800,0
1,2,97.809170,26.849000,0
1,2,97.836008,19.798000,0
1,2,97.860320,26.284000,0
1,2,97.887660,27.085800,0
1,2,97.911391,19.018800,0
1,2,97.940166,21.217500,0
1,2,97.968403,21.827300,0
1,2,97.993014,20.267500,0
1,2,98.021496,21.385200,0
1,2,98.043987,24.812700,0
1,2,98.072572,24.504500,0
1,2,98.100892,21.608200,0
1,2,98.125275,27.394400,0
1,2,98.147096,20.616300,0
1,2,98.177745,18.319700,0
1,2,98.205283,28.381200,0
1,2,98.234493,21.476000,0
1,2,98.258265,25.104100,0
1,2,98.282887,22.281700,0
1,2,98.309794,20.769600,0
1,2,98.337018,21.835900,0
1,2,98.361240,18.538100,0
1,2,98.388483,21.174000,0
1,2,98.415216,21.783900,0
1,2,98.441809,27.371000,0
1,2,98.468669,19.785800,0
1,2,98.493078,24.074200,0
1,2,98.520604,22.524900,0
1,2,98.543645,19.976800,0
1,2,98.571699,25.182300,0
1,2,98.601124,18.051300,0
1,2,98.624598,25.973500,0
1,2,98.656133,18.286500,0
1,2,98.682089,21.929800,0
1,2,98.706677,26.181500,0
1,2,98.731965,18.852000,0
1,2,98.757741,25.374400,0
1,2,98.786753,17.994200,0
1,2,98.810100,26.357400,0
1,2,98.838823,24.370400,0
1,2,98.861864,19.830700,0
1,2,98.889796,24.392900,0
1,2,98.918122,15.944500,0
1,2,98.942388,21.745300,0
1,2,98.970957,20.911300,0
1,2,98.993912,26.843500,0
1,2,99.021964,20.182600,0
1,2,99.045775,20.147300,0
1,2,99.073765,25.891300,0
1,2,99.103158,14.911100,0
1,2,99.125625,23.573500,0
1,2,99.153007,20.220700,0
1,2,99.177578,28.279400,0
1,2,99.206588,27.508000,0
1,2,99.237268,17.969100,0
1,2,99.261721,20.102500,0
1,2,99.288556,24.288200,0
1,2,99.312171,19.917000,0
1,2,99.339930,26.097300,0
1,2,99.363018,17.358500,0
1,2,99.391555,25.385800,0
1,2,99.416225,22.381300,0
1,2,99.443811,20.538700,0
1,2,99.471891,23.190800,0
1,2,99.495639,16.110700,0
1,2,99.524434,21.513900,0
1,2,99.553360,20.466500,0
1,2,99.575998,24.026600,0
1,2,99.604216,21.395700,0
1,2,99.628277,27.059800,0
1,2,99.655818,23.899900,0
1,2,99.686765,25.238400,0
1,2,99.709268,18.567000,0
1,2,99.736736,18.313200,0
1,2,99.761457,19.128600,0
1,2,99.789711,25.896000,0
1,2,99.818360,18.559100,0
1,2,99.841367,21.360000,0
1,2,99.869579,22.416300,0
1,2,99.892538,21.957500,0
1,2,99.916829,21.236200,0
1,2,99.945011,21.192500,0
1,2,99.972491,21.405800,0
1,2,100.001886,18.210900,0
1,2,100.026688,29.652800,0
1,2,100.054106,21.523900,0
1,2,100.078909,19.051000,0
1,2,100.108531,22.050600,0
1,2,100.137200,23.611400,0
1,2,100.161976,19.494900,0
1,2,100.190291,23.840800,0
1,2,100.213633,17.021300,0
1,2,100.243721,21.432900,0
1,2,100.272084,18.541100,0
1,2,100.294263,24.764300,0
1,2,100.323245,20.488600,0
1,2,100.346536,17.009900,0
1,2,100.374829,27.325500,0
1,2,100.400066,20.093900,0
1,2,100.426613,22.307400,0
1,2,100.454386,23.148000,0
1,2,100.477409,25.355800,0
1,2,100.506561,27.517200,0
1,2,100.529839,19.565100,0
1,2,100.558278,25.449400,0
1,2,100.588890,20.575700,0
1,2,100.613520,19.595800,0
1,2,100.640647,26.263500,0
1,2,100.666960,21.429600,0
1,2,100.694218,27.588700,0
1,2,100.718310,17.102700,0
1,2,100.746503,23.326300,0
1,2,100.776276,25.503200,0
1,2,100.798108,19.290900,0
1,2,100.825532,26.043800,0
1,2,100.855373,17.973400,0
1,2,100.878713,24.262700,0
1,2,100.906046,21.597100,0
1,2,100.931093,19.907700,0
1,2,100.960847,20.558800,0
1,2,100.988413,21.766100,0
1,2,101.011569,22.183800,0
1,2,101.041949,25.876800,0
1,2,101.069631,19.065600,0
1,2,101.097366,21.223700,0
1,2,101.125138,27.797400,0
1,2,101.153995,22.166000,0
1,2,101.178831,21.539800,0
1,2,101.208058,24.913200,0
1,2,101.237655,20.142900,0
1,2,101.260465,29.850800,0
1,2,101.289442,20.197300,0
1,2,101.318411,20.356300,0
1,2,101.342262,26.413900,0
1,2,101.370770,19.998200,0
1,2,101.394576,19.408300,0
1,2,101.421821,18.717700,0
1,2,101.447108,23.942100,0
1,2,101.476851,28.105700,0
1,2,101.505280,18.047100,0
1,2,101.529464,18.857600,0
1,2,101.558917,29.590900,0
1,2,101.584117,17.140300,0
1,2,101.610449,26.901300,0
1,2,101.638055,21.529500,0
1,2,101.667079,20.421200,0
1,2,101.693933,27.468000,0
1,2,101.720763,16.198100,0
1,2,101.743015,16.883100,0
1,2,101.771727,18.299800,0
1,2,101.794316,23.373500,0
1,2,101.824679,18.428300,0
1,2,101.852991,19.572200,0
1,2,101.877697,27.392700,0
1,2,101.904010,20.074100,0
1,2,101.927999,25.502500,0
1,2,101.955533,18.043500,0
1,2,101.978437,18.999000,0
1,2,102.007053,23.016000,0
1,2,102.030591,20.877700,0
1,2,102.061223,26.104900,0
1,2,102.087934,22.401200,0
1,2,102.112030,22.788800,0
1,2,102.140837,23.023400,0
1,2,102.170014,16.766000,0
1,2,102.195775,24.577800,0
1,2,102.222503,22.294900,0
1,2,102.253526,14.816200,0
1,2,102.278963,24.490300,0
1,2,102.304889,17.093400,0
1,2,102.327307,20.504200,0
1,2,102.354686,20.514700,0
1,2,102.377149,20.322900,0
1,2,102.405131,20.138200,0
1,2,102.429434,24.961200,0
1,2,102.458412,18.856300,0
1,2,102.487569,24.169100,0
1,2,102.510116,26.308000,0
1,2,102.537028,16.067600,0
1,2,102.560859,20.665400,0
1,2,102.588426,25.539700,0
1,2,102.613301,20.543700,0
1,2,102.639532,19.490500,0
1,2,102.672753,21.448900,0
1,2,102.698055,28.850300,0
1,2,102.727220,25.422600,0
1,2,102.752319,18.505300,0
1,2,102.779001,20.925900,0
1,2,102.805967,26.865100,0
1,2,102.833570,23.671500,0
1,2,102.861034,26.189500,0
1,2,102.887791,18.957000,0
1,2,102.911499,19.777700,0
1,2,102.939847,25.774300,0
1,2,102.962379,20.484700,0
1,2,102.991287,20.861500,0
1,2,103.020804,17.229500,0
1,2,103.043648,25.156100,0
1,2,103.072441,26.216400,0
1,2,103.097098,21.392400,0
1,2,103.126272,24.269300,0
1,2,103.154222,16.796000,0
1,2,103.178688,18.967200,0
1,2,103.206839,20.754100,0
1,2,103.228085,22.735200,0
1,2,103.256588,23.847100,0
1,2,103.285251,18.348400,0
1,2,103.309796,26.401600,0
1,2,103.336399,20.015600,0
1,2,103.361290,21.204300,0
1,2,103.390192,26.099700,0
1,2,103.417933,17.347200,0
1,2,103.442711,21.815100,0
1,2,103.470086,18.940800,0
1,2,103.492838,23.011000,0
1,2,103.521202,21.417500,0
1,2,103.546387,28.051500,0
1,2,103.573617,25.809200,0
1,2,103.603690,19.953600,0
1,2,103.626932,17.180000,0
1,2,103.656628,19.991400,0
1,2,103.681706,24.930900,0
1,2,103.711185,26.579300,0
1,2,103.735113,20.839900,0
1,2,103.763385,26.112800,0
1,2,103.790528,24.834500,0
1,2,103.820179,21.756500,0
1,2,103.845623,25.196000,0
1,2,103.873057,21.624900,0
1,2,103.897832,25.434700,0
1,2,103.926484,24.609900,0
1,2,103.956291,21.284400,0
1,2,103.979951,19.914100,0
1,2,104.008200,22.957000,0
1,2,104.030974,16.358000,0
1,2,104.058043,24.621300,0
1,2,104.085875,19.666300,0
1,2,104.110250,21.293600,0
1,2,104.138175,20.050600,0
1,2,104.162743,19.845200,0
1,2,104.189811,21.661900,0
1,2,104.218749,20.661300,0
1,2,104.241410,20.072300,0
1,2,104.265953,22.418100,0
1,2,104.294355,23.041400,0
1,2,104.320795,20.903700,0
1,2,104.342687,18.794300,0
1,2,104.371543,24.772700,0
1,2,104.401312,19.994800,0
1,2,104.424556,23.639700,0
1,2,104.452663,17.343700,0
1,2,104.477479,19.738300,0
1,2,104.504406,19.343800,0
1,2,104.530704,26.689900,0
1,2,104.560596,22.094500,0
1,2,104.589088,19.098200,0
1,2,104.612708,24.652600,0
1,2,104.642052,23.342900,0
1,2,104.671274,17.924300,0
1,2,104.696383,25.494900,0
1,2,104.723515,18.472800,0
1,2,104.751999,21.319400,0
1,2,104.777263,28.922600,0
1,2,104.805635,19.960800,0
1,2,104.828383,19.560300,0
1,2,104.859195,25.455100,0
1,2,104.886016,15.481100,0
1,2,104.908954,26.312000,0
1,2,104.937998,21.601600,0
1,2,104.962344,23.639900,0
1,2,104.989404,20.876100,0
1,2,105.014715,19.468600,0
1,2,105.042686,25.845300,0
1,2,105.072803,17.845400,0
1,2,105.096977,24.096800,0
1,2,105.127016,27.312700,0
1,2,105.156980,19.940200,0
1,2,105.183296,21.323500,0
1,2,105.209446,25.330300,0
1,2,105.241932,19.150600,0
1,2,105.274631,16.137800,0
1,2,105.297887,28.958800,0
1,2,105.326068,20.463100,0
1,2,105.354816,21.273400,0
1,2,105.378774,25.625600,0
1,2,105.407217,20.842000,0
1,2,105.429905,20.683100,0
1,2,105.457332,26.249500,0
1,2,105.482256,17.001000,0
1,2,105.510824,27.255800,0
1,2,105.539468,25.464400,0
1,2,105.562374,17.568400,0
1,2,105.589875,26.177400,0
1,2,105.613891,20.063500,0
1,2,105.641628,24.134400,0
1,2,105.671287,21.807400,0
1,2,105.694559,24.425000,0
1,2,105.724888,26.373200,0
1,2,105.751820,18.637400,0
1,2,105.774555,24.225900,0
1,2,105.804017,17.638800,0
1,2,105.827266,26.508100,0
1,2,105.855476,22.117800,0
1,2,105.877999,20.692800,0
1,2,105.904865,24.103500,0
1,2,105.927549,17.931600,0
1,2,105.949664,20.834600,0
1,2,105.977349,25.880300,0
1,2,106.005801,26.873500,0
1,2,106.029354,19.028500,0
1,2,106.056478,19.075900,0
1,2,106.080755,22.073900,0
1,2,106.111657,25.452600,0
1,2,106.139194,19.289500,0
1,2,106.162809,19.302600,0
1,2,106.191649,26.821900,0
1,2,106.214363,20.852200,0
1,2,106.242697,32.515700,0
1,2,106.267357,18.796100,0
1,2,106.292487,25.940000,0
1,2,106.317382,15.659500,0
1,2,106.342585,26.599300,0
1,2,106.371408,18.423500,0
1,2,106.394526,26.116000,0
1,2,106.423253,22.401400,0
1,2,106.447788,25.985800,0
1,2,106.475602,27.262100,0
1,2,106.501512,22.403400,0
1,2,106.526882,20.506400,0
1,2,106.556979,17.789400,0
1,2,106.580342,21.193400,0
1,2,106.607128,26.070400,0
1,2,106.631356,17.083600,0
1,2,106.659001,26.369200,0
1,2,106.687165,22.081100,0
1,2,106.711264,19.796200,0
1,2,106.738467,21.431500,0
1,2,106.762874,20.736400,0
1,2,106.790720,23.295300,0
1,2,106.813663,19.212000,0
1,2,106.840895,22.971900,0
1,2,106.871160,20.248800,0
1,2,106.893175,26.993800,0
1,2,106.924652,28.280300,0
1,2,106.949412,17.196000,0
1,2,106.975436,25.051700,0
1,2,106.997941,19.645800,0
1,2,107.026391,25.958200,0
1,2,107.051589,15.605500,0
1,2,107.079009,20.885800,0
1,2,107.108118,21.801300,0
1,2,107.130878,25.048800,0
1,2,107.159463,30.041900,0
1,2,107.189074,22.677700,0
1,2,107.210257,23.713400,0
1,2,107.238148,19.016100,0
1,2,107.261665,22.851700,0
1,2,107.289097,22.163500,0
1,2,107.312755,17.889800,0
1,2,107.340144,22.081300,0
1,2,107.363283,19.357900,0
1,2,107.390163,23.733800,0
1,2,107.414753,20.607900,0
1,2,107.443382,27.618800,0
1,2,107.468517,19.881100,0
1,2,107.493600,25.618200,0
1,2,107.522596,23.274100,0
1,2,107.545206,24.821700,0
1,2,107.572452,18.593300,0
1,2,107.596962,20.873200,0
1,2,107.624089,24.108000,0
1,2,107.647440,19.608300,0
1,2,107.674903,22.496200,0
1,2,107.703497,20.579100,0
1,2,107.726724,20.703900,0
1,2,107.753075,23.975100,0
1,2,107.779016,26.008000,0
1,2,107.806363,18.187700,0
1,2,107.828591,22.706500,0
1,2,107.852746,19.447300,0
1,2,107.880013,20.631700,0
1,2,107.906607,25.411200,0
1,2,107.929740,19.336500,0
1,2,107.956910,25.146900,0
1,2,107.980799,21.783900,0
1,2,108.008741,22.535700,0
1,2,108.032935,22.995300,0
1,2,108.059929,24.859200,0
1,2,108.083235,21.325700,0
1,2,108.113211,24.622100,0
1,2,108.140278,25.707900,0
1,2,108.171079,19.471400,0
1,2,108.195380,27.440600,0
1,2,108.223557,20.800600,0
1,2,108.247362,20.574300,0
1,2,108.274865,24.844400,0
1,2,108.297501,21.569500,0
1,2,108.325181,26.940100,0
1,2,108.348866,19.570200,0
1,2,108.379347,25.619400,0
1,2,108.405861,18.477500,0
1,2,108.428585,20.499100,0
1,2,108.458785,20.273400,0
1,2,108.486208,21.410500,0
1,2,108.509223,24.951200,0
1,2,108.537127,22.288700,0
1,2,108.561748,27.716400,0
1,2,108.590526,18.459400,0
1,2,108.614880,21.821000,0
1,2,108.644264,26.218700,0
1,2,108.671730,17.626400,0
1,2,108.694073,20.077700,0
1,2,108.722713,22.570200,0
1,2,108.745172,18.948900,0
1,2,108.772280,20.023500,0
1,2,108.797284,24.254900,0
1,2,108.826637,23.732800,0
1,2,108.855068,14.305100,0
1,2,108.878777,24.620900,0
1,2,108.906361,19.791300,0
1,2,108.931283,20.028500,0
1,2,108.958085,24.599800,0
1,2,108.981411,19.380500,0
1,2,109.011097,25.642000,0
1,2,109.037956,16.181100,0
1,2,109.062121,24.140500,0
1,2,109.089957,21.915500,0
1,2,109.113629,19.795100,0
1,2,109.142562,27.153200,0
1,2,109.171107,21.652500,0
1,2,109.196368,28.066500,0
1,2,109.226539,28.199200,0
1,2,109.254319,12.940900,0
1,2,109.278703,23.134400,0
1,2,109.306726,23.963100,0
1,2,109.331700,19.929800,0
1,2,109.361692,24.440500,0
1,2,109.390367,21.646800,0
1,2,109.413697,25.203000,0
1,2,109.443336,26.734700,0
1,2,109.467994,20.805500,0
1,2,109.497014,26.047800,0
1,2,109.524370,18.293700,0
1,2,109.551481,25.107500,0
1,2,109.576674,28.837900,0
1,2,109.605515,19.431500,0
1,2,109.628623,24.362300,0
1,2,109.656359,20.387800,0
1,2,109.679373,20.017900,0
1,2,109.706775,24.417100,0
1,2,109.729835,19.376500,0
1,2,109.756640,23.295500,0
1,2,109.781269,19.240700,0
1,2,109.809637,24.702000,0
1,2,109.836993,15.507200,0
1,2,109.861642,22.668600,0
1,2,109.890328,21.403100,0
1,2,109.913382,21.162900,0
1,2,109.942368,27.831700,0
1,2,109.967172,20.463900,0
1,2,109.992784,29.092100,0
1,2,110.019090,20.954900,0
1,2,110.045772,20.648300,0
1,2,110.076497,24.021900,0
1,2,110.099205,17.429300,0
1,2,110.128928,26.338400,0
1,2,110.156338,19.532400,0
1,2,110.180126,25.389400,0
1,2,110.206370,25.284600,0
1,2,110.229933,18.181900,0
1,2,110.257130,20.948000,0
1,2,110.282174,20.394700,0
1,2,110.309411,20.077400,0
1,2,110.336785,17.507200,0
1,2,110.363433,26.457000,0
1,2,110.384328,18.572000,0
1,2,110.414248,23.829600,0
1,2,110.443334,27.383300,0
1,2,110.473329,20.105200,0
1,2,110.496282,26.446800,0
1,2,110.523246,24.692800,0
1,2,110.546174,19.592000,0
1,2,110.573001,18.746200,0
1,2,110.597920,24.987400,0
1,2,110.624839,25.910200,0
1,2,110.650712,21.745500,0
1,2,110.680612,28.089300,0
1,2,110.711381,26.030700,0
1,2,110.736139,20.514500,0
1,2,110.762934,24.520800,0
1,2,110.787971,20.105100,0
1,2,110.815509,22.394100,0
1,2,110.843290,27.415900,0
1,2,110.872307,21.460200,0
1,2,110.896282,28.307600,0
1,2,110.924726,18.553300,0
1,2,110.947800,19.519500,0
1,2,110.976170,26.145200,0
1,2,111.005232,20.728300,0
1,2,111.029325,18.523300,0
1,2,111.058372,22.788600,0
1,2,111.080901,25.382200,0
1,2,111.110056,20.341700,0
1,2,111.137857,20.609900,0
1,2,111.162118,20.150600,0
1,2,111.189875,19.995800,0
1,2,111.212549,23.653800,0
1,2,111.241691,20.241400,0
1,2,111.271631,24.390200,0
1,2,111.292866,22.407900,0
1,2,111.320992,16.559000,0
1,2,111.345932,24.057300,0
1,2,111.367522,19.994300,0
1,2,111.396150,26.408000,0
1,2,111.422772,19.659500,0
1,2,111.445725,18.642600,0
1,2,111.472761,19.844300,0
1,2,111.496242,17.415500,0
1,2,111.523493,20.117800,0
1,2,111.546576,19.594800,0
1,2,111.573457,21.009500,0
1,2,111.596823,22.294900,0
1,2,111.624915,21.704700,0
1,2,111.648121,24.831800,0
1,2,111.676553,20.843000,0
1,2,111.706129,18.684400,0
1,2,111.730263,25.834400,0
1,2,111.758920,21.858700,0
1,2,111.782021,18.915000,0
1,2,111.809646,27.756200,0
1,2,111.837930,20.811000,0
1,2,111.862341,27.979100,0
1,2,111.891651,21.286700,0
1,2,111.916965,23.316200,0
1,2,111.944734,30.134600,0
1,2,111.970490,22.696700,0
1,2,111.997129,20.704400,0
1,2,112.026627,20.749100,0
1,2,112.049233,17.328900,0
1,2,112.079240,25.840900,0
1,2,112.104602,18.252700,0
1,2,112.130254,20.101600,0
1,2,112.158128,22.653200,0
1,2,112.180992,20.863600,0
1,2,112.209286,27.750800,0
1,2,112.238497,16.690800,0
1,2,112.260825,26.064100,0
1,2,112.288267,16.857100,0
1,2,112.312793,24.789400,0
1,2,112.339996,25.379800,0
1,2,112.363054,20.563900,0
1,2,112.391706,25.134800,0
1,2,112.414889,21.830300,0
1,2,112.442832,25.026300,0
1,2,112.470219,20.313600,0
1,2,112.495432,24.476700,0
1,2,112.523486,20.749400,0
1,2,112.548488,20.773300,0
1,2,112.576999,27.043300,0
1,2,112.600072,15.747300,0
1,2,112.628616,26.123200,0
1,2,112.656943,16.516800,0
1,2,112.679463,20.512400,0
1,2,112.704292,21.016300,0
1,2,112.729514,25.417100,0
1,2,112.757128,21.751400,0
1,2,112.782268,19.289500,0
1,2,112.811774,21.353500,0
1,2,112.839049,21.066300,0
1,2,112.861961,17.296300,0
1,2,112.890047,19.919300,0
1,2,112.912684,21.941200,0
1,2,112.940481,25.878700,0
1,2,112.963065,20.524800,0
1,2,112.991588,23.722000,0
1,2,113.020449,17.684300,0
1,2,113.043627,18.680400,0
1,2,113.069619,22.050100,0
1,2,113.095124,19.375000,0
1,2,113.123923,21.015600,0
1,2,113.148075,21.146700,0
1,2,113.177758,27.753300,0
1,2,113.202925,19.938800,0
1,2,113.228364,21.317500,0
1,2,113.256921,22.480200,0
1,2,113.280910,23.071500,0
1,2,113.308079,22.969900,0
1,2,113.333020,21.351100,0
1,2,113.361823,24.356300,0
1,2,113.384161,19.849400,0
1,2,113.413829,24.741100,0
1,2,113.443984,28.239800,0
1,2,113.467624,16.580100,0
1,2,113.495032,25.635100,0
1,2,113.524409,23.226600,0
1,2,113.547541,20.447400,0
1,2,113.576498,24.174600,0
1,2,113.600020,18.503100,0
1,2,113.630595,25.855800,0
1,2,113.660939,21.511200,0
1,2,113.689618,19.770500,0
1,2,113.712763,20.523200,0
1,2,113.740564,18.997900,0
1,2,113.763612,16.839700,0
1,2,113.790584,21.998800,0
1,2,113.814057,25.039700,0
1,2,113.842879,21.665800,0
1,2,113.872011,15.362300,0
1,2,113.895078,23.466600,0
1,2,113.919539,19.039700,0
1,2,113.944724,25.467100,0
1,2,113.973453,17.232000,0
1,2,113.997929,20.625200,0
1,2,114.026675,23.254200,0
1,2,114.056256,18.314800,0
1,2,114.080102,18.747400,0
1,2,114.109246,25.621500,0
1,2,114.138794,22.790200,0
1,2,114.162074,27.589600,0
1,2,114.189617,21.666100,0
1,2,114.214657,22.931900,0
1,2,114.241605,27.705100,0
1,2,114.270062,20.538700,0
1,2,114.295282,25.695100,0
1,2,114.322212,19.903800,0
1,2,114.344602,24.889900,0
1,2,114.373291,21.153700,0
1,2,114.396789,16.979800,0
1,2,114.424762,26.856400,0
1,2,114.448198,17.231000,0
1,2,114.476104,20.452100,0
1,2,114.504968,15.313800,0
1,2,114.527961,26.579300,0
1,2,114.550910,20.954400,0
1,2,114.579022,23.279600,0
1,2,114.606680,22.903500,0
1,2,114.631065,20.692000,0
1,2,114.660210,27.697100,0
1,2,114.689579,15.551900,0
1,2,114.713935,24.640700,0
1,2,114.742581,22.099900,0
1,2,114.770371,16.575700,0
1,2,114.795053,25.628800,0
1,2,114.822605,19.627600,0
1,2,114.846137,24.642200,0
1,2,114.873617,24.423200,0
1,2,114.898107,20.713200,0
1,2,114.927966,26.316200,0
1,2,114.956123,19.525100,0
1,2,114.979095,25.557300,0
1,2,115.007944,21.950200,0
1,2,115.030872,26.093400,0
1,2,115.059788,26.314500,0
1,2,115.087306,18.151900,0
1,2,115.110247,24.261900,0
1,2,115.137180,20.895600,0
1,2,115.162318,26.991600,0
1,2,115.190723,26.753000,0
1,2,115.213171,19.042400,0
1,2,115.239859,23.471800,0
1,2,115.262436,22.813100,0
1,2,115.291129,23.416600,0
1,2,115.313912,19.223800,0
1,2,115.343189,21.084600,0
1,2,115.370422,22.290100,0
1,2,115.395197,25.438600,0
1,2,115.422185,17.912700,0
1,2,115.444431,24.074100,0
1,2,115.471774,21.155600,0
1,2,115.495679,26.671100,0
1,2,115.523101,21.586900,0
1,2,115.545473,25.312900,0
1,2,115.570813,21.393400,0
1,2,115.595689,20.533300,0
1,2,115.622074,19.839000,0
1,2,115.646061,19.526500,0
1,2,115.674165,18.282300,0
1,2,115.697754,21.300600,0
1,2,115.724103,25.794900,0
1,2,115.749477,20.625900,0
1,2,115.778997,24.819100,0
1,2,115.806524,21.464800,0
1,2,115.829744,19.177200,0
1,2,115.856230,24.106400,0
1,2,115.878825,18.089900,0
1,2,115.906180,21.216200,0
1,2,115.929273,17.999100,0
1,2,115.956662,21.541000,0
1,2,115.979217,19.505100,0
1,2,116.006841,21.323400,0
1,2,116.029979,24.515100,0
1,2,116.057671,18.246500,0
1,2,116.082649,20.072200,0
1,2,116.111121,27.777300,0
1,2,116.140445,16.749500,0
1,2,116.165291,31.694200,0
1,2,116.192596,26.066500,0
1,2,116.215145,21.353800,0
1,2,116.245578,26.323000,0
1,2,116.273759,17.815600,0
1,2,116.298282,22.186000,0
1,2,116.327430,23.531200,0
1,2,116.354829,16.603800,0
1,2,116.379147,25.859700,0
1,2,116.406539,23.653000,0
1,2,116.427610,21.627800,0
1,2,116.453470,22.157500,0
1,2,116.478721,26.356700,0
1,2,116.507083,20.865200,0
1,2,116.531204,19.285200,0
1,2,116.559973,20.435200,0
1,2,116.584397,19.446700,0
1,2,116.609675,21.882300,0
1,2,116.634816,16.151100,0
1,2,116.662432,26.369300,0
1,2,116.688854,19.501200,0
1,2,116.712721,24.116300,0
1,2,116.742023,26.533800,0
1,2,116.765684,18.927900,0
1,2,116.794290,19.652300,0
1,2,116.823971,20.587200,0
1,2,116.846672,26.714700,0
1,2,116.876029,24.546100,0
1,2,116.904316,18.958900,0
1,2,116.928719,20.818700,0
1,2,116.955673,22.870300,0
1,2,116.979151,18.448700,0
1,2,117.007936,20.544500,0
1,2,117.030240,25.225500,0
1,2,117.058824,25.941100,0
1,2,117.082230,17.248300,0
1,2,117.111118,26.259100,0
1,2,117.140951,17.800800,0
1,2,117.163681,23.990300,0
1,2,117.195682,27.697200,0
1,2,117.224519,17.599300,0
1,2,117.246114,27.248900,0
1,2,117.275734,27.973300,0
1,2,117.306434,20.323100,0
1,2,117.329171,24.574800,0
1,2,117.359729,26.484600,0
1,2,117.382867,18.731900,0
1,2,117.412206,22.264300,0
1,2,117.440803,24.217000,0
1,2,117.463942,20.914900,0
1,2,117.491434,22.372600,0
1,2,117.522053,23.179200,0
1,2,117.546298,20.149400,0
1,2,117.574598,21.191600,0
1,2,117.599179,25.553600,0
1,2,117.627797,26.300200,0
1,2,117.657255,19.691300,0
1,2,117.680547,24.980700,0
1,2,117.708989,24.834800,0
1,2,117.732279,23.494300,0
1,2,117.760990,26.645200,0
1,2,117.789611,21.480700,0
1,2,117.812520,20.700500,0
1,2,117.841133,21.089200,0
1,2,117.864697,27.617200,0
1,2,117.891189,18.301500,0
1,2,117.913899,22.871300,0
1,2,117.940997,24.564000,0
1,2,117.965963,16.364400,0
1,2,117.992801,25.538600,0
1,2,118.022384,15.412800,0
1,2,118.046072,20.645900,0
1,2,118.073592,21.780200,0
1,2,118.096535,19.452500,0
1,2,118.122995,23.362100,0
1,2,118.145895,21.793000,0
1,2,118.170777,18.677100,0
1,2,118.195414,23.570800,0
1,2,118.223437,20.374300,0
1,2,118.245938,19.521400,0
1,2,118.273124,19.772600,0
1,2,118.297072,26.474900,0
1,2,118.325007,20.993200,0
1,2,118.348002,19.571100,0
1,2,118.376617,26.080100,0
1,2,118.402172,22.294200,0
1,2,118.426938,26.421400,0
1,2,118.456137,21.455500,0
1,2,118.479663,21.480000,0
1,2,118.507470,25.113800,0
1,2,118.529834,19.488900,0
1,2,118.557595,21.101700,0
1,2,118.580555,22.931100,0
1,2,118.607451,22.431200,0
1,2,118.637597,20.849300,0
1,2,118.663019,25.984900,0
1,2,118.690653,22.210200,0
1,2,118.714819,24.314700,0
1,2,118.742010,22.321900,0
1,2,118.767906,19.849800,0
1,2,118.793887,24.595200,0
1,2,118.816690,23.023200,0
1,2,118.844375,23.427800,0
1,2,118.867794,16.913200,0
1,2,118.896732,28.346100,0
1,2,118.923845,21.217800,0
1,2,118.947722,21.458500,0
1,2,118.974341,17.030100,0
1,2,118.999907,20.779600,0
1,2,119.026322,27.445300,0
1,2,119.049805,16.071500,0
1,2,119.077321,24.698100,0
1,2,119.108642,21.077500,0
1,2,119.132294,20.761900,0
1,2,119.160418,26.588800,0
1,2,119.188053,18.245300,0
1,2,119.210424,20.898200,0
1,2,119.236862,19.152400,0
1,2,119.261309,29.133000,0
1,2,119.289181,18.003600,0
1,2,119.311900,24.477000,0
1,2,119.340199,26.850500,0
1,2,119.364461,17.727900,0
1,2,119.392779,24.373900,0
1,2,119.419542,18.061900,0
1,2,119.444197,26.236900,0
1,2,119.466855,20.714200,0
1,2,119.496878,26.542900,0
1,2,119.520753,19.865900,0
1,2,119.547427,19.740800,0
1,2,119.575704,28.334700,0
1,2,119.601990,17.217800,0
1,2,119.628860,28.051500,0
1,2,119.657492,25.047500,0
1,2,119.687724,25.214200,0
1,2,119.712357,24.286300,0
1,2,119.739498,17.613700,0
1,2,119.765754,26.981100,0
1,2,119.794368,26.620000,0
1,2,119.823341,15.810200,0
1,2,119.848248,24.470200,0
1,2,119.875232,22.143900,0
1,2,119.898905,20.915100,0
1,2,119.927781,23.570500,0
1,2,119.955550,21.064800,0
1,2,119.979729,26.228500,0
1,2,120.007296,23.545200,0
1,2,120.032335,18.280000,0
1,2,120.060448,25.989700,0
1,2,120.087649,19.567700,0
1,2,120.112971,26.753000,0
1,2,120.135798,21.579600,0
1,2,120.166207,25.078900,0
1,2,120.198032,28.816200,0
1,2,120.227192,26.092800,0
1,2,120.249916,18.343300,0
1,2,120.279683,26.187000,0
1,2,120.308469,20.494200,0
1,2,120.331551,20.692800,0
1,2,120.360718,25.156000,0
1,2,120.385179,22.211300,0
1,2,120.414382,26.513200,0
1,2,120.443764,22.725900,0
1,2,120.473594,13.040500,0
1,2,120.500211,26.605500,0
1,2,120.529163,25.927800,0
1,2,120.556877,20.158900,0
1,2,120.581750,24.805600,0
1,2,120.612959,26.116400,0
1,2,120.638813,20.802200,0
1,2,120.668892,21.344500,0
1,2,120.697224,27.528300,0
1,2,120.726803,19.285800,0
1,2,120.757360,21.867100,0
1,2,120.780457,26.856300,0
1,2,120.809469,21.058600,0
1,2,120.840202,19.230300,0
1,2,120.865013,22.284200,0
1,2,120.895696,20.772000,0
1,2,120.924546,22.658200,0
1,2,120.950031,27.280600,0
1,2,120.979348,27.075300,0
1,2,121.003619,18.609500,0
1,2,121.032249,25.848600,0
1,2,121.060860,27.691100,0
1,2,121.091478,22.417100,0
1,2,121.114703,22.595900,0
1,2,121.141473,22.553400,0
1,2,121.166272,19.277900,0
1,2,121.195840,20.921000,0
1,2,121.224161,17.811800,0
1,2,121.247012,24.473200,0
1,2,121.275110,18.889900,0
1,2,121.299989,19.623900,0
1,2,121.326956,25.848800,0
1,2,121.355734,20.577800,0
1,2,121.382256,27.559600,0
1,2,121.408071,25.262800,0
1,2,121.432438,17.990000,0
1,2,121.460832,26.239500,0
1,2,121.489260,18.702800,0
1,2,121.513133,25.717700,0
1,2,121.541251,22.894600,0
1,2,121.565568,23.961400,0
1,2,121.595548,24.296800,0
1,2,121.623077,17.782700,0
1,2,121.645648,20.479300,0
1,2,121.674397,16.269000,0
1,2,121.697151,21.995000,0
1,2,121.724109,23.433700,0
1,2,121.748010,23.931300,0
1,2,121.775536,25.945100,0
1,2,121.802169,20.884700,0
1,2,121.827990,25.482700,0
1,2,121.856363,22.346900,0
1,2,121.880910,23.124400,0
1,2,121.909922,25.781400,0
1,2,121.939979,17.244400,0
1,2,121.963022,22.433000,0
1,2,121.990705,23.180300,0
1,2,122.015555,19.366700,0
1,2,122.041376,22.859000,0
1,2,122.066122,20.612000,0
1,2,122.094970,26.523200,0
1,2,122.124189,18.015100,0
1,2,122.148840,23.480300,0
1,2,122.179187,26.636200,0
1,2,122.206134,22.465900,0
1,2,122.230187,17.119300,0
1,2,122.258753,23.587400,0
1,2,122.282197,20.852000,0
1,2,122.310484,27.189100,0
1,2,122.340553,22.935100,0
1,2,122.365516,24.131300,0
1,2,122.394566,26.933200,0
1,2,122.419836,22.045500,0
1,2,122.445013,24.631300,0
1,2,122.474211,23.263000,0
1,3,129.605916,18.851100,0
