Cycle,Round,ReadWallSeconds,UniqueGPUFrameMS,Disjoint
1,1,27.514083,21.821300,0
1,1,27.544510,29.610400,0
1,1,27.573091,20.108700,0
1,1,27.603123,26.063000,0
1,1,27.628927,28.133900,0
1,1,27.653402,20.615900,0
1,1,27.680835,25.165700,0
1,1,27.711779,26.877400,0
1,1,27.742375,23.432300,0
1,1,27.766795,21.629500,0
1,1,27.796320,26.071700,0
1,1,27.823271,25.060500,0
1,1,27.853745,25.945800,0
1,1,27.876924,22.720900,0
1,1,27.905625,22.460500,0
1,1,27.930006,21.071700,0
1,1,27.962347,27.086600,0
1,1,27.986515,22.412400,0
1,1,28.013761,23.817300,0
1,1,28.043855,25.269300,0
1,1,28.071973,16.966400,0
1,1,28.097835,24.978400,0
1,1,28.126909,18.617300,0
1,1,28.149090,17.166400,0
1,1,28.177740,18.510100,0
1,1,28.206555,18.077900,0
1,1,28.231158,19.388700,0
1,1,28.260347,27.633400,0
1,1,28.288734,21.317200,0
1,1,28.312456,26.203400,0
1,1,28.340183,22.778500,0
1,1,28.364603,18.091900,0
1,1,28.394561,25.623000,0
1,1,28.423094,22.006500,0
1,1,28.445845,17.621500,0
1,1,28.473164,24.957400,0
1,1,28.497380,20.947100,0
1,1,28.525575,24.020700,0
1,1,28.555012,16.473600,0
1,1,28.577578,31.487800,0
1,1,28.605430,22.816900,0
1,1,28.629022,20.491900,0
1,1,28.656402,23.987500,0
1,1,28.681004,19.459100,0
1,1,28.709987,24.867900,0
1,1,28.738302,20.738000,0
1,1,28.761071,22.472300,0
1,1,28.789038,20.826000,0
1,1,28.812330,22.592700,0
1,1,28.836856,20.956600,0
1,1,28.862898,21.025900,0
1,1,28.889478,19.898700,0
1,1,28.914269,21.316600,0
1,1,28.945454,23.995700,0
1,1,28.972228,25.940200,0
1,1,28.995889,20.753800,0
1,1,29.024737,18.811400,0
1,1,29.047480,24.855700,0
1,1,29.075321,26.854200,0
1,1,29.104608,16.320600,0
1,1,29.127750,25.410500,0
1,1,29.156607,24.399200,0
1,1,29.178443,18.312300,0
1,1,29.210301,18.189700,0
1,1,29.236913,18.094600,0
1,1,29.260070,27.483600,0
1,1,29.288087,20.996600,0
1,1,29.312290,18.669700,0
1,1,29.337621,21.373100,0
1,1,29.360405,19.187500,0
1,1,29.382437,19.591100,0
1,1,29.411074,26.968200,0
1,1,29.438298,18.640100,0
1,1,29.463432,21.116200,0
1,1,29.489319,23.391800,0
1,1,29.513209,19.091100,0
1,1,29.539795,25.965500,0
1,1,29.569003,19.586200,0
1,1,29.591562,25.005600,0
1,1,29.619503,14.292100,0
1,1,29.642024,18.987900,0
1,1,29.663464,19.434400,0
1,1,29.690047,24.965200,0
1,1,29.715139,20.613300,0
1,1,29.742560,15.939500,0
1,1,29.770229,20.899400,0
1,1,29.793056,19.660500,0
1,1,29.821545,20.887800,0
1,1,29.845730,17.757300,0
1,1,29.871905,23.640900,0
1,1,29.895351,19.889700,0
1,1,29.922100,26.172900,0
1,1,29.944973,18.776200,0
1,1,29.973592,19.665700,0
1,1,29.997236,15.984400,0
1,1,30.024271,25.839500,0
1,1,30.047655,19.383400,0
1,1,30.076059,26.575500,0
1,1,30.098083,17.395300,0
1,1,30.128047,22.021000,0
1,1,30.154968,20.205200,0
1,1,30.177978,19.469000,0
1,1,30.201858,20.915600,0
1,1,30.228505,23.156900,0
1,1,30.249622,18.296800,0
1,1,30.278324,23.845300,0
1,1,30.300338,18.620400,0
1,1,30.333578,21.786800,0
1,1,30.353065,17.137400,0
1,1,30.379617,25.630500,0
1,1,30.410807,26.931200,0
1,1,30.438903,22.685600,0
1,1,30.462126,22.541300,0
1,1,30.485250,18.443300,0
1,1,30.510728,27.019900,0
1,1,30.535505,16.988600,0
1,1,30.560520,25.019300,0
1,1,30.588881,22.110100,0
1,1,30.611236,25.714300,0
1,1,30.635942,19.650200,0
1,1,30.660991,20.174100,0
1,1,30.688089,17.834000,0
1,1,30.711309,24.650500,0
1,1,30.738876,17.225200,0
1,1,30.763619,26.305600,0
1,1,30.789602,18.693100,0
1,1,30.813451,19.068500,0
1,1,30.840099,19.046800,0
1,1,30.864958,26.657600,0
1,1,30.893734,24.465600,0
1,1,30.925066,22.094600,0
1,1,30.957877,20.957600,0
1,1,30.983679,23.706700,0
1,1,31.011563,29.149700,0
1,1,31.043100,24.167400,0
1,1,31.071801,18.805800,0
1,1,31.096918,26.063400,0
1,1,31.126163,28.087400,0
1,1,31.153608,18.107200,0
1,1,31.178260,24.258300,0
1,1,31.205751,20.193500,0
1,1,31.228787,20.119800,0
1,1,31.257392,19.191600,0
1,1,31.287082,22.059200,0
1,1,31.311019,28.134300,0
1,1,31.339386,21.535700,0
1,1,31.371252,22.464300,0
1,1,31.396941,26.821600,0
1,1,31.424735,21.645700,0
1,1,31.447138,21.853400,0
1,1,31.477277,28.075300,0
1,1,31.501889,19.327100,0
1,1,31.527969,27.541900,0
1,1,31.558070,27.113300,0
1,1,31.584053,21.585900,0
1,1,31.610881,26.926800,0
1,1,31.640712,23.184700,0
1,1,31.663544,23.607500,0
1,1,31.691635,26.451500,0
1,1,31.718192,16.950900,0
1,1,31.747439,22.544600,0
1,1,31.776688,20.649600,0
1,1,31.804632,21.601400,0
1,1,31.827359,19.556400,0
1,1,31.857308,23.963900,0
1,1,31.880645,20.639900,0
1,1,31.911791,23.039800,0
1,1,31.941388,26.039300,0
1,1,31.969147,18.085500,0
1,1,31.992101,27.651300,0
1,1,32.018785,14.377900,0
1,1,32.043895,18.639500,0
1,1,32.070209,19.857800,0
1,1,32.093758,20.138300,0
1,1,32.115493,20.651500,0
1,1,32.143881,22.241900,0
1,1,32.172587,25.634600,0
1,1,32.195210,19.348700,0
1,1,32.223117,20.515600,0
1,1,32.246223,19.966500,0
1,1,32.274973,23.161300,0
1,1,32.297518,18.186900,0
1,1,32.324273,22.432000,0
1,1,32.347471,19.325900,0
1,1,32.376316,24.973200,0
1,1,32.404479,15.523700,0
1,1,32.428468,20.135700,0
1,1,32.450503,17.083900,0
1,1,32.477249,25.287500,0
1,1,32.504998,19.708500,0
1,1,32.527680,24.676500,0
1,1,32.554237,16.695100,0
1,1,32.577402,19.415300,0
1,1,32.603041,20.445200,0
1,1,32.627369,17.274700,0
1,1,32.653806,17.942800,0
1,1,32.677811,24.968200,0
1,1,32.706975,23.161800,0
1,1,32.730983,22.977100,0
1,1,32.758538,22.547100,0
1,1,32.784933,20.582500,0
1,1,32.809130,20.464600,0
1,1,32.836951,20.373200,0
1,1,32.860652,19.734600,0
1,1,32.889917,21.156900,0
1,1,32.913293,25.655100,0
1,1,32.940410,21.050700,0
1,1,32.970362,18.788100,0
1,1,32.991663,23.359300,0
1,1,33.021438,21.979600,0
1,1,33.045238,19.296900,0
1,1,33.071651,18.688200,0
1,1,33.094467,21.747100,0
1,1,33.122572,19.424100,0
1,1,33.144764,26.626300,0
1,1,33.169745,20.789000,0
1,1,33.193524,25.528500,0
1,1,33.221530,19.288100,0
1,1,33.245825,25.519800,0
1,1,33.269405,22.748700,0
1,1,33.295830,19.442800,0
1,1,33.318798,18.337900,0
1,1,33.346789,19.698100,0
1,1,33.373775,19.864400,0
1,1,33.397119,26.140800,0
1,1,33.424409,20.894900,0
1,1,33.451250,15.650200,0
1,1,33.476204,25.745100,0
1,1,33.504469,12.916500,0
1,1,33.527219,26.579500,0
1,1,33.555266,19.263600,0
1,1,33.578390,24.220800,0
1,1,33.605056,20.252700,0
1,1,33.629501,21.461600,0
1,1,33.656006,22.646300,0
1,1,33.678650,24.443700,0
1,1,33.705172,21.125600,0
1,1,33.728975,26.785800,0
1,1,33.754734,19.455800,0
1,1,33.777412,18.907900,0
1,1,33.804906,17.188600,0
1,1,33.828416,20.174100,0
1,1,33.854963,17.797000,0
1,1,33.877483,25.667200,0
1,1,33.904790,18.244500,0
1,1,33.928932,19.281900,0
1,1,33.955319,21.798900,0
1,1,33.977835,18.470700,0
1,1,34.004640,22.224500,0
1,1,34.026898,24.596800,0
1,1,34.049698,17.296200,0
1,1,34.076331,23.178100,0
1,1,34.103985,21.349700,0
1,1,34.125833,21.546400,0
1,1,34.148580,23.457100,0
1,1,34.176456,23.540700,0
1,1,34.204763,20.515500,0
1,1,34.227862,26.654600,0
1,1,34.254150,19.822500,0
1,1,34.276459,24.543200,0
1,1,34.304075,20.760000,0
1,1,34.328857,20.955200,0
1,1,34.351688,20.594000,0
1,1,34.377717,23.869200,0
1,1,34.407160,20.325400,0
1,1,34.427637,23.853000,0
1,1,34.456011,20.152800,0
1,1,34.479742,24.424000,0
1,1,34.507124,20.127900,0
1,1,34.528590,18.407000,0
1,1,34.555148,19.330600,0
1,1,34.579077,19.326800,0
1,1,34.606273,21.265400,0
1,1,34.629095,20.320900,0
1,1,34.655735,20.150100,0
1,1,34.680559,18.908500,0
1,1,34.706859,20.898500,0
1,1,34.729597,20.312400,0
1,1,34.755291,20.195700,0
1,1,34.777569,24.568600,0
1,1,34.802445,21.304900,0
1,1,34.827171,20.518100,0
1,1,34.849103,20.832000,0
1,1,34.875465,24.266400,0
1,1,34.904647,19.829200,0
1,1,34.928229,23.267700,0
1,1,34.955803,17.444100,0
1,1,34.979172,26.398800,0
1,1,35.006869,20.164000,0
1,1,35.037410,15.128600,0
1,1,35.061157,21.692900,0
1,1,35.087248,22.155400,0
1,1,35.110125,19.564600,0
1,1,35.137986,19.781200,0
1,1,35.161276,22.852000,0
1,1,35.183644,19.521000,0
1,1,35.212616,25.162100,0
1,1,35.240628,24.322200,0
1,1,35.267744,23.337800,0
1,1,35.293588,17.332300,0
1,1,35.325778,25.501700,0
1,1,35.348566,22.457400,0
1,1,35.374280,25.012400,0
1,1,35.398991,19.483200,0
1,1,35.431325,22.171000,0
1,1,35.453487,22.763700,0
1,1,35.480387,24.702000,0
1,1,35.507891,27.113800,0
1,1,35.539128,21.366900,0
1,1,35.563351,22.975300,0
1,1,35.590739,26.749300,0
1,1,35.620756,18.290200,0
1,1,35.645065,28.197800,0
1,1,35.673531,27.602500,0
1,1,35.695607,21.818500,0
1,1,35.724538,23.781200,0
1,1,35.747225,20.336800,0
1,1,35.776483,24.658200,0
1,1,35.803175,19.524900,0
1,1,35.825254,19.661200,0
1,1,35.848917,22.040000,0
1,1,35.875994,22.062600,0
1,1,35.903212,19.730100,0
1,1,35.928414,27.015900,0
1,1,35.955819,19.562400,0
1,1,35.979539,27.692600,0
1,1,36.006120,19.516300,0
1,1,36.029269,18.455800,0
1,1,36.056089,21.055000,0
1,1,36.079106,23.850800,0
1,1,36.107553,22.746500,0
1,1,36.134040,19.403400,0
1,1,36.157620,25.599700,0
1,1,36.182158,22.199300,0
1,1,36.209154,22.240200,0
1,1,36.240511,19.672600,0
1,1,36.264013,18.559600,0
1,1,36.291350,24.395500,0
1,1,36.314339,16.845500,0
1,1,36.341513,25.787400,0
1,1,36.364161,18.857800,0
1,1,36.392748,20.596100,0
1,1,36.415344,15.453400,0
1,1,36.442025,26.759700,0
1,1,36.467047,21.944900,0
1,1,36.491779,24.310200,0
1,1,36.514945,19.375900,0
1,1,36.543811,24.109500,0
1,1,36.570383,18.065900,0
1,1,36.593035,23.078000,0
1,1,36.620393,15.060200,0
1,1,36.645101,25.402100,0
1,1,36.673385,19.360700,0
1,1,36.696009,16.272200,0
1,1,36.723489,20.156900,0
1,1,36.746844,17.952300,0
1,1,36.775085,23.025800,0
1,1,36.798780,19.230700,0
1,1,36.829197,26.221100,0
1,1,36.856795,19.862000,0
1,1,36.881038,19.439900,0
1,1,36.910241,24.743200,0
1,1,36.933416,22.027400,0
1,1,36.962792,18.586000,0
1,1,36.989973,23.434600,0
1,1,37.013901,17.717900,0
1,1,37.040721,22.467100,0
1,1,37.063286,19.286300,0
1,1,37.092332,25.981100,0
1,1,37.117773,20.916900,0
1,1,37.145176,28.006100,0
1,1,37.175645,29.000500,0
1,1,37.198817,20.395800,0
1,1,37.225490,31.692400,0
1,1,37.248857,17.871000,0
1,1,37.276865,27.025300,0
1,1,37.300453,18.689500,0
1,1,37.324656,21.421600,0
1,1,37.353491,27.122000,0
1,1,37.377564,28.261300,0
1,1,37.399712,20.574100,0
1,1,37.428600,29.201300,0
1,1,37.455315,22.142300,0
1,1,37.480564,24.100800,0
1,1,37.508406,22.975500,0
1,1,37.531321,20.688000,0
1,1,37.558052,25.228800,0
1,1,37.581835,19.738300,0
1,1,37.610738,28.682600,0
1,1,37.637715,14.289600,0
1,1,37.660086,22.301900,0
1,1,37.683637,19.465400,0
1,1,37.713416,27.886100,0
1,1,37.740416,21.173000,0
1,1,37.764797,21.287000,0
1,1,37.793380,28.825800,0
1,1,37.820971,20.724400,0
1,1,37.845518,27.725600,0
1,1,37.872801,20.574800,0
1,1,37.898211,20.297400,0
1,1,37.926425,26.124100,0
1,1,37.953647,17.036500,0
1,1,37.978621,27.994300,0
1,1,38.008664,25.420700,0
1,1,38.031919,18.673000,0
1,1,38.062081,28.246300,0
1,1,38.093137,28.740800,0
1,1,38.116004,19.509600,0
1,1,38.144077,25.309700,0
1,1,38.173068,16.655800,0
1,1,38.195792,23.758300,0
1,1,38.222733,19.762900,0
1,1,38.245425,23.735100,0
1,1,38.274029,20.531800,0
1,1,38.298319,19.944200,0
1,1,38.326661,21.160700,0
1,1,38.355559,20.750300,0
1,1,38.379272,25.945500,0
1,1,38.408005,25.696700,0
1,1,38.433533,18.379700,0
1,1,38.458991,22.743000,0
1,1,38.482031,17.426700,0
1,1,38.510781,25.709800,0
1,1,38.533060,23.342200,0
1,1,38.561604,26.404100,0
1,1,38.588195,20.672100,0
1,1,38.611963,19.247300,0
1,1,38.636743,21.278900,0
1,1,38.661743,20.718300,0
1,1,38.689158,21.199300,0
1,1,38.711764,20.918100,0
1,1,38.739463,19.831300,0
1,1,38.761840,21.788600,0
1,1,38.788882,17.677000,0
1,1,38.812032,19.390500,0
1,1,38.834219,22.060400,0
1,1,38.862699,23.258600,0
1,1,38.889149,21.620200,0
1,1,38.914175,27.180600,0
1,1,38.944049,26.068500,0
1,1,38.973436,17.052000,0
1,1,38.996045,26.379300,0
1,1,39.025155,23.955800,0
1,1,39.054732,20.990600,0
1,1,39.078897,23.775500,0
1,1,39.106633,20.257900,0
1,1,39.130082,25.006700,0
1,1,39.160802,25.395400,0
1,1,39.189685,19.158700,0
1,1,39.212854,27.035100,0
1,1,39.241843,21.682600,0
1,1,39.264699,21.287600,0
1,1,39.293446,24.460000,0
1,1,39.321477,21.747500,0
1,1,39.345419,25.221800,0
1,1,39.374871,21.858400,0
1,1,39.406864,22.499800,0
1,1,39.430705,22.939600,0
1,1,39.458496,22.035300,0
1,1,39.483297,20.192700,0
1,1,39.510445,25.908700,0
1,1,39.538108,17.960400,0
1,1,39.561021,24.938900,0
1,1,39.589379,21.222000,0
1,1,39.615190,23.021300,0
1,1,39.645151,28.529600,0
1,1,39.669883,18.518500,0
1,1,39.696127,19.583900,0
1,1,39.723599,21.855000,0
1,1,39.748379,22.586800,0
1,1,39.775732,27.828500,0
1,1,39.805351,16.401300,0
1,1,39.830978,17.281900,0
1,1,39.860509,25.705300,0
1,1,39.885227,20.397000,0
1,1,39.914478,27.547200,0
1,1,39.943267,24.047200,0
1,1,39.965263,20.369600,0
1,1,39.993027,19.765200,0
1,1,40.015912,15.710500,0
1,1,40.044014,20.964600,0
1,1,40.073730,21.800500,0
1,1,40.097891,18.440900,0
1,1,40.124798,21.165100,0
1,1,40.153658,18.917900,0
1,1,40.175687,19.919300,0
1,1,40.204854,18.314800,0
1,1,40.229256,20.992700,0
1,1,40.255386,19.328800,0
1,1,40.277813,18.270300,0
1,1,40.305552,16.195400,0
1,1,40.328246,18.087000,0
1,1,40.355388,20.262300,0
1,1,40.378132,19.407200,0
1,1,40.405140,21.889000,0
1,1,40.429827,19.750200,0
1,1,40.456049,20.240300,0
1,1,40.479251,18.119200,0
1,1,40.509404,20.708500,0
1,1,40.528953,20.494200,0
1,1,40.555925,19.388000,0
1,1,40.582550,21.979100,0
1,1,40.609664,26.258300,0
1,1,40.632955,17.867300,0
1,1,40.659073,26.274900,0
1,1,40.681839,20.198600,0
1,1,40.710994,20.897200,0
1,1,40.738843,19.888100,0
1,1,40.762829,27.419400,0
1,1,40.789970,21.592100,0
1,1,40.812581,20.459900,0
1,1,40.839923,19.268400,0
1,1,40.862889,17.984800,0
1,1,40.890152,19.925200,0
1,1,40.911520,20.277800,0
1,1,40.938924,20.397900,0
1,1,40.963112,24.219100,0
1,1,40.987884,22.335800,0
1,1,41.013658,22.107500,0
1,1,41.040631,21.173400,0
1,1,41.064988,19.175700,0
1,1,41.094530,27.649800,0
1,1,41.123151,15.214300,0
1,1,41.147147,25.259900,0
1,1,41.172752,20.741200,0
1,1,41.195689,26.065000,0
1,1,41.224666,19.782100,0
1,1,41.249124,24.202500,0
1,1,41.277635,21.712300,0
1,1,41.300321,18.304600,0
1,1,41.329175,23.684500,0
1,1,41.352961,19.301500,0
1,1,41.378907,17.166800,0
1,1,41.402852,18.719900,0
1,1,41.428080,19.308000,0
1,1,41.456512,20.650600,0
1,1,41.479427,25.753000,0
1,1,41.503539,19.760900,0
1,1,41.529177,20.768700,0
1,1,41.555183,17.183400,0
1,1,41.579058,23.929200,0
1,1,41.603021,15.991700,0
1,1,41.628511,23.004100,0
1,1,41.656992,19.720400,0
1,1,41.681676,24.982600,0
1,1,41.710146,24.480400,0
1,1,41.733070,14.968800,0
1,1,41.761145,25.681600,0
1,1,41.788886,17.986800,0
1,1,41.811779,25.106800,0
1,1,41.840995,20.318600,0
1,1,41.863520,19.520800,0
1,1,41.892368,25.986300,0
1,1,41.917371,20.411000,0
1,1,41.946299,22.350700,0
1,1,41.972743,21.598800,0
1,1,41.995789,24.887900,0
1,1,42.023017,19.392100,0
1,1,42.045691,25.056400,0
1,1,42.074513,20.696000,0
1,1,42.097895,26.665700,0
1,1,42.127327,23.169200,0
1,1,42.155595,19.678000,0
1,1,42.178586,27.424000,0
1,1,42.207036,21.485700,0
1,1,42.229833,24.135100,0
1,1,42.259484,21.042100,0
1,1,42.284356,20.829700,0
1,1,42.309007,24.199700,0
1,1,42.331600,18.941900,0
1,1,42.358670,21.267300,0
1,1,42.382028,25.300800,0
1,1,42.411043,21.689100,0
1,1,42.437955,21.212400,0
1,1,42.462893,26.319100,0
1,1,42.489193,20.969400,0
1,1,42.512773,19.802500,0
1,1,42.541688,27.703000,0
1,1,42.565468,14.326100,0
1,1,42.593807,25.312700,0
1,1,42.622356,19.474100,0
1,1,42.644714,31.597200,0
1,1,42.673445,18.237900,0
1,1,42.696467,18.067200,0
1,1,42.723940,22.804300,0
1,1,42.745017,19.310900,0
1,1,42.771884,21.259400,0
1,1,42.794753,19.341600,0
1,1,42.821755,12.511100,0
1,1,42.845880,18.227300,0
1,1,42.867324,21.082400,0
1,1,42.896540,24.126700,0
1,1,42.923133,19.923800,0
1,1,42.946466,22.354200,0
1,1,42.975296,19.176400,0
1,1,43.003402,16.857100,0
1,1,43.025090,10.890400,0
1,1,43.046926,19.538800,0
1,1,43.074555,19.771700,0
1,1,43.098603,26.297100,0
1,1,43.129510,29.667400,0
1,1,43.157817,22.263400,0
1,1,43.182275,24.999800,0
1,1,43.212794,25.804800,0
1,1,43.240677,20.624100,0
1,1,43.271699,19.522900,0
1,1,43.294740,27.336200,0
1,1,43.319217,12.570100,0
1,1,43.343613,24.792100,0
1,1,43.371494,19.652900,0
1,1,43.396734,28.629300,0
1,1,43.424538,20.759500,0
1,1,43.444970,20.349800,0
1,1,43.474709,20.371300,0
1,1,43.498303,22.706600,0
1,1,43.524989,19.291700,0
1,1,43.548981,19.044500,0
1,1,43.577577,21.777600,0
1,1,43.606681,20.156100,0
1,1,43.629587,19.889000,0
1,1,43.657814,23.782800,0
1,1,43.680205,17.582500,0
1,1,43.710933,27.627700,0
1,1,43.737664,20.024200,0
1,1,43.760596,14.496700,0
1,1,43.783252,21.413600,0
1,1,43.810966,18.540400,0
1,1,43.832645,18.810200,0
1,1,43.861460,22.216200,0
1,1,43.882840,14.718100,0
1,1,43.912915,30.162700,0
1,1,43.939537,21.236900,0
1,1,43.962427,23.440800,0
1,1,43.989100,18.694700,0
1,1,44.011011,23.629400,0
1,1,44.038763,19.086600,0
1,1,44.063116,22.925200,0
1,1,44.087959,18.913100,0
1,1,44.109982,19.156300,0
1,1,44.135589,15.875600,0
1,1,44.162094,22.890200,0
1,1,44.189172,13.647500,0
1,1,44.212454,24.003900,0
1,1,44.236723,18.391100,0
1,1,44.261907,24.003200,0
1,1,44.283709,15.045300,0
1,1,44.309855,25.553700,0
1,1,44.337110,14.762600,0
1,1,44.359166,26.749000,0
1,1,44.379951,19.223200,0
1,1,44.406552,24.091900,0
1,1,44.429784,20.577000,0
1,1,44.451527,20.593200,0
1,1,44.478182,22.074900,0
1,1,44.502479,18.843100,0
1,1,44.528814,22.089500,0
1,1,44.555847,19.677000,0
1,1,44.576264,16.664300,0
1,1,44.599128,20.285200,0
1,1,44.628109,24.191300,0
1,1,44.656383,14.944700,0
1,1,44.678407,23.489700,0
1,1,44.705023,20.282000,0
1,1,44.727933,27.011000,0
1,1,44.755188,20.199900,0
1,1,44.777811,18.966500,0
1,1,44.796629,18.762700,0
1,1,44.823815,19.154600,0
1,1,44.845554,22.696700,0
1,1,44.866149,18.008600,0
1,1,44.894131,20.547800,0
1,1,44.921349,19.770700,0
1,1,44.943640,23.573200,0
1,1,44.965288,19.376100,0
1,1,44.991854,20.369300,0
1,1,45.014059,20.105700,0
1,1,45.039796,19.699000,0
1,1,45.060431,24.337500,0
1,1,45.087121,15.730200,0
1,1,45.108954,23.916000,0
1,1,45.131252,15.284900,0
1,1,45.157954,19.963200,0
1,1,45.178649,20.016100,0
1,1,45.206089,17.972600,0
1,1,45.230129,22.351800,0
1,1,45.250228,19.076600,0
1,1,45.276230,18.019500,0
1,1,45.299564,17.663300,0
1,1,45.326637,27.765700,0
1,1,45.347929,18.629100,0
1,1,45.374630,17.207100,0
1,1,45.398079,19.038000,0
1,1,45.424245,25.262100,0
1,1,45.449233,18.886300,0
1,1,45.474088,20.861400,0
1,1,45.496029,20.407500,0
1,1,45.520647,16.963600,0
1,1,45.546961,25.063900,0
1,1,45.579742,19.782700,0
1,1,45.596240,17.944200,0
1,1,45.623495,19.331000,0
1,1,45.645971,18.511200,0
1,1,45.673650,20.746800,0
1,1,45.697142,25.047200,0
1,1,45.725645,25.925300,0
1,1,45.748494,20.557700,0
1,1,45.775544,23.977300,0
1,1,45.798657,18.407700,0
1,1,45.827313,24.910200,0
1,1,45.854778,15.409000,0
1,1,45.879161,24.181600,0
1,1,45.908190,18.641200,0
1,1,45.930939,21.112300,0
1,1,45.959034,21.361000,0
1,1,45.981669,17.700600,0
1,1,46.007590,21.179100,0
1,1,46.030727,19.223200,0
1,1,46.057887,24.393500,0
1,1,46.081325,18.648800,0
1,1,46.108634,23.008800,0
1,1,46.131541,20.941700,0
1,1,46.159123,19.276000,0
1,1,46.183418,21.870800,0
1,1,46.209685,24.256200,0
1,1,46.238862,17.125600,0
1,1,46.261815,22.829700,0
1,1,46.290879,21.285100,0
1,1,46.313139,27.876800,0
1,1,46.341589,21.418800,0
1,1,46.364264,21.644800,0
1,1,46.390611,25.501400,0
1,1,46.414228,22.408300,0
1,1,46.440491,19.070900,0
1,1,46.463054,19.436500,0
1,1,46.489830,22.054900,0
1,1,46.513418,25.699900,0
1,1,46.541439,18.861400,0
1,1,46.564204,20.565200,0
1,1,46.592372,27.049100,0
1,1,46.615848,20.358200,0
1,1,46.642410,23.192500,0
1,1,46.672662,22.986400,0
1,1,46.695613,21.846400,0
1,1,46.720610,20.416700,0
1,1,46.747811,19.663300,0
1,1,46.773904,17.016800,0
1,1,46.796021,18.335400,0
1,1,46.823266,25.395500,0
1,1,46.846813,21.023400,0
1,1,46.875514,21.358900,0
1,1,46.900718,28.822700,0
1,1,46.930138,22.888500,0
1,1,46.959936,21.970500,0
1,1,46.983768,23.650500,0
1,1,47.014067,26.836200,0
1,1,47.048865,29.706600,0
1,1,47.084087,24.742400,0
1,1,47.117421,30.576400,0
1,1,47.148755,28.648100,0
1,1,47.182696,27.626300,0
1,1,47.214163,28.748500,0
1,1,47.248489,25.351100,0
1,1,47.281243,21.793300,0
1,1,47.313465,35.781400,0
1,1,47.341049,22.692300,0
1,1,47.364847,24.289500,0
1,1,47.394170,27.513400,0
1,1,47.424962,20.087300,0
1,1,47.448311,17.580900,0
1,1,47.478139,24.630000,0
1,1,47.508396,22.039800,0
1,1,47.531052,16.745800,0
1,1,47.559624,24.806000,0
1,1,47.584232,24.558200,0
1,1,47.614433,24.242700,0
1,1,47.640493,20.394800,0
1,1,47.666193,23.973900,0
1,1,47.696354,19.514800,0
1,1,47.721644,16.294500,0
1,1,47.750034,24.758800,0
1,1,47.777853,27.442300,0
1,1,47.799837,14.969800,0
1,1,47.829139,22.066100,0
1,1,47.859234,23.692500,0
1,1,47.882655,19.924000,0
1,1,47.915100,28.223600,0
1,1,47.942845,28.571500,0
1,1,47.967392,19.710000,0
1,1,47.994399,22.994800,0
1,1,48.024048,22.098400,0
1,1,48.048117,22.566400,0
1,1,48.076490,22.006600,0
1,1,48.099013,19.460200,0
1,1,48.128148,21.324100,0
1,1,48.150882,24.343900,0
1,1,48.179664,25.939800,0
1,1,48.207491,17.944200,0
1,1,48.231023,23.380500,0
1,1,48.255354,22.295400,0
1,1,48.281755,18.442200,0
1,1,48.309416,21.714100,0
1,1,48.334018,20.194300,0
1,1,48.362407,25.846900,0
1,1,48.390044,15.445100,0
1,1,48.416160,21.535800,0
1,1,48.443714,26.109700,0
1,1,48.473114,19.694200,0
1,1,48.499654,27.639700,0
1,1,48.528526,26.285900,0
1,1,48.557802,12.995800,0
1,1,48.583490,27.674400,0
1,1,48.609495,19.212800,0
1,1,48.634879,17.840900,0
1,1,48.661224,27.716700,0
1,1,48.693272,18.106100,0
1,1,48.716883,22.331100,0
1,1,48.743000,19.320000,0
1,1,48.768798,20.700800,0
1,1,48.795723,26.261400,0
1,1,48.824033,15.895500,0
1,1,48.846852,26.405600,0
1,1,48.873797,21.201300,0
1,1,48.897475,19.496400,0
1,1,48.924055,18.080000,0
1,1,48.948178,17.002400,0
1,1,48.974398,19.092900,0
1,1,48.998367,22.232300,0
1,1,49.025673,24.471700,0
1,1,49.050068,18.994700,0
1,1,49.076600,24.772000,0
1,1,49.106040,18.428800,0
1,1,49.129746,20.393500,0
1,1,49.151807,16.797400,0
1,1,49.179285,26.797900,0
1,1,49.207225,16.204900,0
1,1,49.232566,26.221100,0
1,1,49.259207,21.079500,0
1,1,49.282366,19.299700,0
1,1,49.310335,20.033100,0
1,1,49.339473,20.021700,0
1,1,49.363959,27.773700,0
1,1,49.390627,21.947600,0
1,1,49.414107,19.799100,0
1,1,49.443642,23.064500,0
1,1,49.473245,19.993600,0
1,1,49.497681,21.824000,0
1,1,49.525086,21.771200,0
1,1,49.552005,19.536500,0
1,1,49.580193,26.645100,0
1,1,49.600808,15.001100,0
1,1,49.628625,25.874000,0
1,1,49.656526,20.280700,0
1,1,49.680872,12.950100,0
1,1,49.708108,19.534100,0
1,1,49.731509,19.076900,0
1,1,49.757791,20.788500,0
1,1,49.780798,17.991300,0
1,1,49.807673,21.482800,0
1,1,49.832104,20.428900,0
1,1,49.858572,23.454300,0
1,1,49.882418,24.765900,0
1,1,49.912040,21.109800,0
1,1,49.934854,19.992700,0
1,1,49.961302,26.166400,0
1,1,49.984308,18.225600,0
1,1,50.012905,27.017100,0
1,1,50.040597,17.947300,0
1,1,50.064850,23.536800,0
1,1,50.090519,19.423900,0
1,1,50.114750,21.920500,0
1,1,50.141127,22.292800,0
1,1,50.164310,23.890800,0
1,1,50.191777,22.695100,0
1,1,50.214413,18.354000,0
1,1,50.240857,18.737800,0
1,1,50.266292,18.300500,0
1,1,50.292863,24.056700,0
1,1,50.317060,19.951200,0
1,1,50.343841,27.205400,0
1,1,50.370285,20.802000,0
1,1,50.397416,19.811900,0
1,1,50.425933,15.017500,0
1,1,50.449010,18.847400,0
1,1,50.477226,27.984300,0
1,1,50.500411,20.227100,0
1,1,50.526774,20.408800,0
1,1,50.550719,17.479200,0
1,1,50.579664,21.889000,0
1,1,50.603905,19.655400,0
1,1,50.630542,25.755800,0
1,1,50.658054,20.557300,0
1,1,50.680886,18.028500,0
1,1,50.710983,21.095100,0
1,1,50.730579,19.976700,0
1,1,50.758808,20.011200,0
1,1,50.781720,18.416900,0
1,1,50.805342,19.174000,0
1,1,50.831016,20.972900,0
1,1,50.853657,19.485500,0
1,1,50.882498,24.312200,0
1,1,50.908515,20.569100,0
1,1,50.935917,18.926800,0
1,1,50.965874,21.429100,0
1,1,50.992754,15.718900,0
1,1,51.017240,19.518900,0
1,1,51.044781,21.791300,0
1,1,51.074602,23.178100,0
1,1,51.096958,25.129200,0
1,1,51.126304,19.716900,0
1,1,51.158847,22.409100,0
1,1,51.182348,27.819000,0
1,1,51.211172,22.431400,0
1,1,51.241025,17.860100,0
1,1,51.264748,23.135400,0
1,1,51.292798,18.498600,0
1,1,51.316804,22.620100,0
1,1,51.346648,29.073000,0
1,1,51.374491,20.429500,0
1,1,51.400317,26.747300,0
1,1,51.426048,20.070100,0
1,1,51.450449,25.375600,0
1,1,51.477090,26.384200,0
1,1,51.499555,21.089600,0
1,1,51.526582,24.085200,0
1,1,51.552912,18.478800,0
1,1,51.579099,19.811700,0
1,1,51.607747,20.243700,0
1,1,51.632275,20.022200,0
1,1,51.658920,26.379500,0
1,1,51.681747,18.164400,0
1,1,51.709390,18.336100,0
1,1,51.732102,21.122600,0
1,1,51.758677,19.564300,0
1,1,51.781410,19.372800,0
1,1,51.808467,24.408400,0
1,1,51.832195,20.411000,0
1,1,51.861790,24.943400,0
1,1,51.884707,18.199400,0
1,1,51.915784,28.524900,0
1,1,51.944140,26.198000,0
1,1,51.967949,18.196300,0
1,1,51.996591,25.838700,0
1,1,52.023805,21.121000,0
1,1,52.046312,17.708500,0
1,1,52.076020,20.945800,0
1,1,52.098203,26.272300,0
1,1,52.127159,23.667800,0
1,1,52.150222,19.664700,0
1,1,52.177287,24.940000,0
1,1,52.204238,14.852500,0
1,1,52.229414,22.296600,0
1,1,52.257771,20.088200,0
1,1,52.280726,21.712900,0
1,1,52.307830,22.591100,0
1,1,52.330929,22.735600,0
1,1,52.359281,23.236400,0
1,1,52.382714,23.553200,0
1,1,52.410600,20.523500,0
1,1,52.438763,21.319200,0
1,1,52.463438,21.966900,0
1,1,52.488169,20.410100,0
1,1,52.513962,19.944700,0
1,1,52.542997,21.499300,0
1,1,52.566213,18.085300,0
1,1,52.593222,26.577400,0
1,1,52.617088,19.537800,0
1,1,52.645291,26.865300,0
1,1,52.673062,22.313500,0
1,1,52.695346,26.186400,0
1,1,52.718610,21.309600,0
1,1,52.745868,24.945200,0
1,1,52.773675,23.555900,0
1,1,52.797203,26.088100,0
1,1,52.818783,19.127500,0
1,1,52.848780,24.162600,0
1,1,52.872764,19.711000,0
1,1,52.900108,21.798500,0
1,1,52.929798,19.194200,0
1,1,52.951635,19.709200,0
1,1,52.980166,26.441400,0
1,1,53.007776,19.930700,0
1,1,53.030321,24.931600,0
1,1,53.058058,22.905600,0
1,1,53.083059,21.796500,0
1,1,53.109950,28.612400,0
1,1,53.133013,19.281000,0
1,1,53.160122,25.770500,0
1,1,53.189265,22.236500,0
1,1,53.213120,28.171400,0
1,1,53.240645,20.989100,0
1,1,53.264050,25.272700,0
1,1,53.291664,18.103300,0
1,1,53.314674,25.322100,0
1,1,53.342959,19.732000,0
1,1,53.366153,16.892800,0
1,1,53.393740,22.136000,0
1,1,53.417548,14.493500,0
1,1,53.445920,24.352800,0
1,1,53.474401,17.299500,0
1,1,53.497864,26.365200,0
1,1,53.524942,21.479300,0
1,1,53.547647,20.934600,0
1,1,53.569343,20.549200,0
1,1,53.597777,19.917500,0
1,1,53.626435,21.003800,0
1,1,53.648913,19.357900,0
1,1,53.676367,18.516000,0
1,1,53.701046,19.944400,0
1,1,53.728071,25.665400,0
1,1,53.757118,19.715200,0
1,1,53.779888,28.602300,0
1,1,53.808934,27.216400,0
1,1,53.832792,19.423100,0
1,1,53.859593,20.702600,0
1,1,53.882345,16.560100,0
1,1,53.908938,20.968300,0
1,1,53.933399,22.455800,0
1,1,53.960425,24.522700,0
1,1,53.983404,20.409100,0
1,1,54.010491,25.607900,0
1,1,54.034500,22.964700,0
1,1,54.061491,22.622600,0
1,1,54.084484,18.276500,0
1,1,54.112605,20.050400,0
1,1,54.139981,20.411000,0
1,1,54.162836,20.566900,0
1,1,54.189910,18.702900,0
1,1,54.212894,24.621100,0
1,1,54.235176,16.077600,0
1,1,54.264802,20.412600,0
1,1,54.288902,20.140100,0
1,1,54.313529,20.669800,0
1,1,54.341282,22.193100,0
1,1,54.363638,28.392900,0
1,1,54.390819,20.857200,0
1,1,54.415412,24.698100,0
1,1,54.441917,24.205400,0
1,1,54.466153,22.061300,0
1,1,54.493997,24.928500,0
1,1,54.517147,21.695300,0
1,1,54.545340,25.265100,0
1,1,54.573488,22.631400,0
1,1,54.598287,22.902800,0
1,1,54.625835,18.566500,0
1,1,54.648884,25.325500,0
1,1,54.676863,25.257400,0
1,1,54.698199,20.867200,0
1,1,54.725174,21.420900,0
1,1,54.747725,17.099000,0
1,1,54.775931,22.567600,0
1,1,54.798283,26.032100,0
1,1,54.825838,25.129900,0
1,1,54.849835,22.940700,0
1,1,54.876752,21.436800,0
1,1,54.904298,20.930800,0
1,1,54.932039,25.581700,0
1,1,54.960050,26.205900,0
1,1,54.983349,21.545800,0
1,1,55.011472,27.144500,0
1,1,55.039564,20.864100,0
1,1,55.061724,25.438900,0
1,1,55.084470,19.593500,0
1,1,55.113754,26.246400,0
1,1,55.141254,21.030800,0
1,1,55.164154,19.618400,0
1,1,55.191934,19.970000,0
1,1,55.216392,21.578400,0
1,1,55.242883,26.119800,0
1,1,55.266481,19.136900,0
1,1,55.295573,22.201500,0
1,1,55.326144,21.801200,0
1,1,55.350876,27.683300,0
1,1,55.377826,20.635500,0
1,1,55.406523,21.559800,0
1,1,55.429342,25.452800,0
1,1,55.456659,19.651500,0
1,1,55.479982,25.970800,0
1,1,55.505048,19.263100,0
1,1,55.530720,24.985100,0
1,1,55.554935,18.804500,0
1,1,55.580705,23.601600,0
1,1,55.607988,19.071500,0
1,1,55.630298,18.946600,0
1,1,55.658611,19.652400,0
1,1,55.682663,24.434700,0
1,1,55.709968,25.886300,0
1,1,55.732379,18.953000,0
1,1,55.764042,26.411100,0
1,1,55.785688,19.257300,0
1,1,55.813251,26.417500,0
1,1,55.838577,21.993500,0
1,1,55.864050,22.767200,0
1,1,55.892909,21.305300,0
1,1,55.915645,20.144200,0
1,1,55.945162,21.094200,0
1,1,55.968476,17.197000,0
1,1,55.994775,26.000300,0
1,1,56.017628,17.625800,0
1,1,56.044149,25.706600,0
1,1,56.068550,19.021300,0
1,1,56.095616,25.530500,0
1,1,56.118693,14.298000,0
1,1,56.145689,27.205100,0
1,1,56.172419,18.548000,0
1,1,56.199538,27.678300,0
1,1,56.227280,26.728200,0
1,1,56.249425,18.246700,0
1,1,56.276758,23.883400,0
1,1,56.299096,17.682400,0
1,1,56.325727,19.719000,0
1,1,56.348315,23.808400,0
1,1,56.374847,20.534200,0
1,1,56.398497,25.799400,0
1,1,56.425871,21.856200,0
1,1,56.448118,23.637700,0
1,1,56.476010,19.725100,0
1,1,56.499658,20.846100,0
1,1,56.528441,22.073600,0
1,1,56.553292,17.980700,0
1,1,56.580623,23.068500,0
1,1,56.602807,21.465800,0
1,1,56.632005,20.755000,0
1,1,56.658257,20.844500,0
1,1,56.681945,19.985800,0
1,1,56.709115,22.852100,0
1,1,56.731765,18.351100,0
1,1,56.758776,21.193700,0
1,1,56.782397,25.136000,0
1,1,56.811137,21.318400,0
1,1,56.834943,23.062100,0
1,1,56.860810,24.279800,0
1,1,56.885691,20.673300,0
1,1,56.914976,25.840300,0
1,1,56.941378,19.431200,0
1,1,56.965108,25.560000,0
1,1,56.987738,18.589900,0
1,1,57.015389,26.930400,0
1,1,57.043605,20.891600,0
1,1,57.065445,19.260400,0
1,1,57.093331,21.575500,0
1,1,57.116322,20.773900,0
1,1,57.142450,24.467800,0
1,1,57.166654,18.231500,0
1,1,57.193261,19.908100,0
1,1,57.217468,18.112900,0
1,1,57.243516,23.154700,0
1,1,57.267706,21.393100,0
1,1,57.295356,18.241700,0
1,1,57.318878,15.970700,0
1,1,57.348269,26.590000,0
1,1,57.376350,19.670100,0
1,1,57.401524,25.498700,0
1,1,57.428510,24.600500,0
1,1,57.458373,13.824400,0
1,1,57.481458,24.267100,0
1,1,57.508467,18.028900,0
1,1,57.531893,25.747200,0
1,1,57.559095,22.880900,0
1,1,57.583560,24.407600,0
1,1,57.610575,19.545500,0
1,1,57.633783,19.868000,0
1,1,57.664717,27.117100,0
1,1,57.690945,19.763400,0
1,1,57.715861,25.670000,0
1,1,57.744491,24.040500,0
1,1,57.767287,17.679300,0
1,1,57.794888,25.791300,0
1,1,57.817072,20.962800,0
1,1,57.846925,27.563200,0
1,1,57.876468,15.665100,0
1,1,57.900206,25.554600,0
1,1,57.930165,24.636700,0
1,1,57.954367,17.185700,0
1,1,57.982529,26.059800,0
1,1,58.009452,19.404100,0
1,1,58.032282,25.265700,0
1,1,58.055515,20.477100,0
1,1,58.084505,22.560400,0
1,1,58.111957,24.449900,0
1,1,58.139767,23.221600,0
1,1,58.164030,26.129900,0
1,1,58.188738,17.757200,0
1,1,58.216122,23.657700,0
1,1,58.242776,14.318400,0
1,1,58.265781,19.550500,0
1,1,58.295384,20.240000,0
1,1,58.318212,18.575500,0
1,1,58.346402,26.244600,0
1,1,58.376358,18.703500,0
1,1,58.401760,27.538000,0
1,1,58.428231,20.451000,0
1,1,58.451584,16.660900,0
1,1,58.478210,21.421900,0
1,1,58.503479,22.026600,0
1,1,58.531424,25.595800,0
1,1,58.561475,19.385200,0
1,1,58.586838,19.579300,0
1,1,58.611164,23.708000,0
1,1,58.635599,19.753600,0
1,1,58.664391,20.240400,0
1,1,58.692292,22.160300,0
1,1,58.715839,19.499500,0
1,1,58.742470,16.413000,0
1,1,58.766493,20.868200,0
1,1,58.793726,25.519900,0
1,1,58.816398,20.299400,0
1,1,58.844976,26.872200,0
1,1,58.869019,14.932500,0
1,1,58.896913,25.707800,0
1,1,58.926797,22.113200,0
1,1,58.949349,21.069500,0
1,1,58.976268,19.545600,0
1,1,58.998675,17.964200,0
1,1,59.027531,21.386900,0
1,1,59.051856,20.905300,0
1,1,59.080115,18.765800,0
1,1,59.108029,17.301500,0
1,1,59.134497,21.054200,0
1,1,59.164405,26.793300,0
1,1,59.192725,15.805200,0
1,1,59.216523,26.177400,0
1,1,59.245492,26.971300,0
1,1,59.268765,18.752400,0
1,1,59.295395,27.940500,0
1,1,59.322182,22.052000,0
1,1,59.349599,30.003600,0
1,1,59.375953,22.507100,0
1,1,59.400497,24.584700,0
1,1,59.427453,20.917900,0
1,1,59.450632,17.285000,0
1,1,59.479423,23.301000,0
1,1,59.503582,16.715900,0
1,1,59.530803,22.110400,0
1,1,59.558150,13.768300,0
1,1,59.582469,25.928400,0
1,1,59.609903,22.959000,0
1,1,59.633019,22.015700,0
1,1,59.660323,20.175100,0
1,1,59.682721,18.378700,0
1,1,59.709702,18.232500,0
1,1,59.732799,20.195400,0
1,1,59.760188,21.211000,0
1,1,59.782343,23.619400,0
1,1,59.809894,21.360700,0
1,1,59.832996,18.635500,0
1,1,59.856539,19.072900,0
1,1,59.882634,18.306200,0
1,1,59.913326,26.343300,0
1,1,59.936920,20.819600,0
1,1,59.964128,22.730100,0
1,1,59.987722,17.661200,0
1,1,60.014703,25.849500,0
1,1,60.041791,14.205600,0
1,1,60.064808,24.203200,0
1,1,60.091489,19.421300,0
1,1,60.114589,20.066500,0
1,1,60.141796,13.975500,0
1,1,60.165195,22.904400,0
1,1,60.187971,17.978900,0
1,1,60.215050,18.077400,0
1,1,60.243175,18.901200,0
1,1,60.265951,26.224100,0
1,1,60.293069,19.152700,0
1,1,60.316286,25.374500,0
1,1,60.343162,22.351700,0
1,1,60.365870,24.902700,0
1,1,60.395781,20.212300,0
1,1,60.421355,27.600100,0
1,1,60.446183,26.984200,0
1,1,60.475614,18.837700,0
1,1,60.498432,26.992600,0
1,1,60.525729,19.815000,0
1,1,60.549094,19.893300,0
1,1,60.576722,20.876800,0
1,1,60.599177,25.268400,0
1,1,60.626182,19.371300,0
1,1,60.648784,19.310100,0
1,1,60.676283,21.103700,0
1,1,60.698321,25.056400,0
1,1,60.726357,21.054100,0
1,1,60.748779,27.105300,0
1,1,60.776200,21.607900,0
1,1,60.802220,25.088500,0
1,1,60.821969,19.364700,0
1,1,60.849718,20.567000,0
1,1,60.876207,20.173800,0
1,1,60.900782,25.810100,0
1,1,60.927917,26.302100,0
1,1,60.950558,18.906500,0
1,1,60.977632,20.869500,0
1,1,61.001353,22.963400,0
1,1,61.029114,18.022600,0
1,1,61.052301,17.740800,0
1,1,61.080112,26.512400,0
1,1,61.103254,17.617900,0
1,1,61.132042,20.113800,0
1,1,61.157720,19.569300,0
1,1,61.182681,21.771300,0
1,1,61.210460,19.965200,0
1,1,61.233514,20.525600,0
1,1,61.260711,20.440600,0
1,1,61.284777,22.058600,0
1,1,61.311228,20.257300,0
1,1,61.334277,21.831500,0
1,1,61.360862,17.144500,0
1,1,61.384566,20.468800,0
1,1,61.412387,21.602900,0
1,1,61.434716,22.949500,0
1,1,61.463415,29.645900,0
1,1,61.486270,20.593000,0
1,1,61.514176,26.029500,0
1,1,61.540804,14.988900,0
1,1,61.567213,25.081700,0
1,1,61.595144,21.118900,0
1,1,61.618842,17.904200,0
1,1,61.646798,18.296400,0
1,1,61.672486,26.041800,0
1,1,61.701377,26.226800,0
1,1,61.728582,19.982300,0
1,1,61.756009,21.748400,0
1,1,61.782405,27.403500,0
1,1,61.811007,19.916600,0
1,1,61.835867,25.500900,0
1,1,61.864957,18.619500,0
1,1,61.892674,18.004900,0
1,1,61.917465,24.208900,0
1,1,61.944135,19.351200,0
1,1,61.967030,25.643500,0
1,1,61.993913,21.006900,0
1,1,62.016749,24.046300,0
1,1,62.045589,19.538600,0
1,1,62.070056,17.481900,0
1,1,62.095923,10.235200,0
1,1,62.119614,18.752300,0
1,1,62.148350,23.130900,0
1,1,62.170573,18.681100,0
1,1,62.199514,23.829100,0
1,1,62.227771,21.199300,0
1,1,62.253099,29.916900,0
1,1,62.280047,25.938700,0
1,1,62.305370,16.076100,0
1,1,62.456874,26.953100,0
1,1,62.456874,25.068000,0
1,1,62.456874,21.996000,0
1,1,62.489697,18.230400,0
1,1,62.522835,22.498000,0
1,1,62.543195,14.439200,0
1,1,62.567561,20.369600,0
1,1,62.595066,21.066100,0
1,1,62.617367,22.437000,0
1,1,62.644089,25.845600,0
1,1,62.669090,19.820500,0
1,1,62.695883,22.788800,0
1,1,62.719622,18.643500,0
1,1,62.748570,23.160900,0
1,1,62.771812,22.680000,0
1,1,62.802117,26.080700,0
1,1,62.836907,24.397600,0
1,1,62.855798,20.457200,0
1,1,62.884768,21.977600,0
1,1,62.912628,17.904900,0
1,1,62.942875,21.348500,0
1,1,62.967876,27.619600,0
1,1,62.991962,22.421800,0
1,1,63.019464,21.737100,0
1,1,63.049798,27.581500,0
1,1,63.078450,22.555100,0
1,1,63.108584,20.607200,0
1,1,63.133770,16.362600,0
1,1,63.165123,21.004000,0
1,1,63.193502,28.733200,0
1,1,63.219460,28.299200,0
1,1,63.249827,20.607700,0
1,1,63.279715,22.066300,0
1,1,63.303587,20.064100,0
1,1,63.336354,19.221700,0
1,1,63.363690,26.840400,0
1,1,63.385947,19.746600,0
1,1,63.416882,23.388800,0
1,1,63.444055,27.244300,0
1,1,63.468384,20.815800,0
1,1,63.497428,22.232900,0
1,1,63.518762,20.339500,0
1,1,63.547600,20.976300,0
1,1,63.574894,21.194000,0
1,1,63.599594,19.297400,0
1,1,63.627816,20.820000,0
1,1,63.650363,26.371200,0
1,1,63.679777,21.074200,0
1,1,63.700396,19.730500,0
1,1,63.727865,19.547500,0
1,1,63.750275,22.799000,0
1,1,63.774346,21.937100,0
1,1,63.799779,26.798600,0
1,1,63.823947,22.399300,0
1,1,63.849305,24.967400,0
1,1,63.876956,20.646700,0
1,1,63.902441,24.215300,0
1,1,63.929638,20.273300,0
1,1,63.953438,20.140500,0
1,1,63.981721,26.981200,0
1,1,64.009140,20.475800,0
1,1,64.033666,18.274100,0
1,1,64.060752,19.040200,0
1,1,64.084579,21.951600,0
1,1,64.110147,19.796400,0
1,1,64.132860,18.281900,0
1,1,64.160617,22.733500,0
1,1,64.184289,18.011700,0
1,1,64.212237,19.973000,0
1,1,64.234540,20.143300,0
1,1,64.262041,20.186500,0
1,1,64.286550,21.378900,0
1,1,64.312146,22.974300,0
1,1,64.334995,20.238500,0
1,1,64.362981,25.789300,0
1,1,64.386322,20.658300,0
1,1,64.415466,27.331500,0
1,1,64.442653,18.807900,0
1,1,64.466603,20.224400,0
1,1,64.492841,21.157200,0
1,1,64.516256,19.663100,0
1,1,64.545804,22.228000,0
1,1,64.567426,23.063200,0
1,1,64.594258,19.098500,0
1,1,64.618495,19.670800,0
1,1,64.646758,25.081400,0
1,1,64.669548,21.788000,0
1,1,64.695743,20.185400,0
1,1,64.719684,19.378800,0
1,1,64.745856,19.008200,0
1,1,64.768698,20.281900,0
1,1,64.795920,26.120300,0
1,1,64.818945,21.166600,0
1,1,64.846740,20.562300,0
1,1,64.869448,21.281700,0
1,1,64.896846,25.730100,0
1,1,64.925762,21.298600,0
1,1,64.949255,27.279000,0
1,1,64.981348,20.132100,0
1,1,65.008394,20.841800,0
1,1,65.032389,27.097100,0
1,1,65.058945,20.768400,0
1,1,65.081826,26.574000,0
1,1,65.104160,15.099100,0
1,1,65.131641,21.823900,0
1,1,65.158930,19.980200,0
1,1,65.180659,16.926100,0
1,1,65.205182,21.650500,0
1,1,65.232153,18.919000,0
1,1,65.256709,18.148800,0
1,1,65.281653,24.142700,0
1,1,65.310173,20.417200,0
1,1,65.334508,27.049700,0
1,1,65.361046,18.848000,0
1,1,65.384071,18.090800,0
1,1,65.410898,19.578900,0
1,1,65.434164,19.400800,0
1,1,65.460564,21.976200,0
1,1,65.483578,23.244000,0
1,1,65.510351,22.317000,0
1,1,65.533508,24.357700,0
1,1,65.557982,22.213300,0
1,1,65.582950,20.513300,0
1,1,65.607638,20.452700,0
1,1,65.633805,25.070700,0
1,1,65.659349,18.170700,0
1,1,65.682759,24.388100,0
1,1,65.704872,19.059600,0
1,1,65.732701,25.786100,0
1,1,65.759564,21.199200,0
1,1,65.784831,22.317100,0
1,1,65.811684,29.399900,0
1,1,65.838437,20.306700,0
1,1,65.860251,20.432500,0
1,1,65.887869,26.205200,0
1,1,65.916184,26.112200,0
1,1,65.945201,19.835200,0
1,1,65.969487,18.335100,0
1,1,65.995431,19.555200,0
1,1,66.018148,24.883200,0
1,1,66.046016,23.124400,0
1,1,66.069282,19.246500,0
1,1,66.095212,23.736800,0
1,1,66.120061,20.659900,0
1,1,66.146572,24.239700,0
1,1,66.169494,20.753900,0
1,1,66.196011,18.300500,0
1,1,66.218750,17.809600,0
1,1,66.242973,19.526000,0
1,1,66.269021,18.650600,0
1,1,66.295516,21.048000,0
1,1,66.318652,26.049600,0
1,1,66.345107,21.153600,0
1,1,66.371044,19.425400,0
1,1,66.400067,19.175000,0
1,1,66.427068,21.185000,0
1,1,66.451006,20.747000,0
1,1,66.472426,21.071100,0
1,1,66.500948,21.907300,0
1,1,66.528415,19.881900,0
1,1,66.550265,18.053400,0
1,1,66.577812,21.481000,0
1,1,66.602046,19.636700,0
1,1,66.630682,27.354700,0
1,1,66.657131,17.069600,0
1,1,66.684894,23.320400,0
1,1,66.713276,26.242000,0
1,1,66.736315,20.419600,0
1,1,66.766036,28.665400,0
1,1,66.793359,19.026700,0
1,1,66.817989,24.310200,0
1,1,66.844979,18.846700,0
1,1,66.869933,19.526200,0
1,1,66.900847,25.458100,0
1,1,66.929442,24.961300,0
1,1,66.952912,21.971600,0
1,1,66.981813,26.261500,0
1,1,67.011991,16.636900,0
1,1,67.035892,16.738500,0
1,1,67.065603,26.964500,0
1,1,67.093187,19.092600,0
1,1,67.116268,24.131600,0
1,1,67.143090,13.242600,0
1,1,67.167036,25.510400,0
1,1,67.193776,23.222600,0
1,1,67.217462,24.136200,0
1,1,67.243926,20.893000,0
1,1,67.268060,26.374600,0
1,1,67.297774,25.469900,0
1,1,67.326409,24.257100,0
1,1,67.350349,23.034100,0
1,1,67.380388,21.706900,0
1,1,67.407936,26.774300,0
1,1,67.433833,24.308300,0
1,1,67.460703,14.693300,0
1,1,67.484845,25.639200,0
1,1,67.510777,23.312800,0
1,1,67.533630,18.226200,0
1,1,67.561155,20.087500,0
1,1,67.585553,21.011300,0
1,1,67.612710,26.026700,0
1,1,67.640570,20.138800,0
1,1,67.667027,25.977800,0
1,1,67.694994,23.416200,0
1,1,67.717744,25.687800,0
1,1,67.744091,19.951600,0
1,1,67.767105,19.709900,0
1,1,67.796009,20.808000,0
1,1,67.819192,19.474200,0
1,1,67.847819,24.390200,0
1,1,67.877111,23.293400,0
1,1,67.900824,21.362700,0
1,1,67.930364,26.288700,0
1,1,67.954544,21.767200,0
1,1,67.982096,28.255800,0
1,1,68.008845,21.964800,0
1,1,68.031346,23.712700,0
1,1,68.054343,21.311900,0
1,1,68.083009,24.604700,0
1,1,68.108729,19.129200,0
1,1,68.132670,28.630900,0
1,1,68.154465,20.436600,0
1,1,68.182890,24.529100,0
1,1,68.213301,22.699300,0
1,1,68.236461,24.430800,0
1,1,68.264147,21.619200,0
1,1,68.289276,23.672200,0
1,1,68.317295,20.824000,0
1,1,68.345153,23.795300,0
1,1,68.369237,19.148400,0
1,1,68.396177,26.685300,0
1,1,68.419762,20.136400,0
1,1,68.447978,19.255300,0
1,1,68.476866,15.286600,0
1,1,68.500268,24.727400,0
1,1,68.522930,23.003300,0
1,1,68.551089,19.525500,0
1,1,68.579588,24.241200,0
1,1,68.602106,22.135500,0
1,1,68.631158,22.299200,0
1,1,68.659000,14.045600,0
1,1,68.681389,24.753000,0
1,1,68.710922,20.994200,0
1,1,68.735236,19.418600,0
1,1,68.762718,23.728200,0
1,1,68.785324,22.876900,0
1,1,68.813823,21.267500,0
1,1,68.837916,18.866300,0
1,1,68.863313,23.196900,0
1,1,68.887117,18.451100,0
1,1,68.916199,25.392400,0
1,1,68.939389,23.270600,0
1,1,68.968256,25.115400,0
1,1,68.990673,19.704000,0
1,1,69.018445,22.355500,0
1,1,69.046638,20.054600,0
1,1,69.069180,19.509200,0
1,1,69.097868,26.099700,0
1,1,69.121123,19.412200,0
1,1,69.150846,28.697200,0
1,1,69.178618,18.512300,0
1,1,69.202003,24.172000,0
1,1,69.229260,21.563900,0
1,1,69.251640,18.024200,0
1,1,69.278042,17.163700,0
1,1,69.301027,19.235700,0
1,1,69.325030,22.246900,0
1,1,69.350401,20.562100,0
1,1,69.376836,21.120200,0
1,1,69.400862,21.151400,0
1,1,69.427772,20.711800,0
1,1,69.451569,26.684000,0
1,1,69.479825,23.920000,0
1,1,69.504974,26.453900,0
1,1,69.534367,14.940400,0
1,1,69.558802,20.137100,0
1,1,69.584554,26.610000,0
1,1,69.611361,21.288200,0
1,1,69.634927,21.526200,0
1,1,69.661755,19.676300,0
1,1,69.685896,17.729500,0
1,1,69.713970,17.703800,0
1,1,69.737393,19.511000,0
1,1,69.765852,25.790000,0
1,1,69.790192,19.652700,0
1,1,69.815307,22.647000,0
1,1,69.843654,19.684400,0
1,1,69.867243,23.695100,0
1,1,69.896044,14.247100,0
1,1,69.918430,19.331700,0
1,1,69.945667,19.609100,0
1,1,69.968704,19.910600,0
1,1,69.997132,20.154300,0
1,1,70.020719,18.808100,0
1,1,70.048754,21.329800,0
1,1,70.073565,20.693300,0
1,1,70.098898,23.502800,0
1,1,70.121420,14.161700,0
1,1,70.148596,21.947900,0
1,1,70.171250,20.505900,0
1,1,70.198448,25.295900,0
1,1,70.227192,18.855800,0
1,1,70.250053,20.784400,0
1,1,70.272013,18.795900,0
1,1,70.300726,24.770500,0
1,1,70.327939,21.872400,0
1,1,70.352015,24.067200,0
1,1,70.378546,19.656500,0
1,1,70.401621,20.894500,0
1,1,70.428308,21.380700,0
1,1,70.452983,24.833300,0
1,1,70.479794,19.825600,0
1,1,70.503225,22.197700,0
1,1,70.530063,25.189200,0
1,1,70.558981,19.349300,0
1,1,70.581114,24.201400,0
1,1,70.608794,20.891300,0
1,1,70.630860,14.040700,0
1,1,70.660043,17.061400,0
1,1,70.684229,18.023400,0
1,1,70.711088,21.199900,0
1,1,70.734041,24.443700,0
1,1,70.756709,19.585900,0
1,1,70.784491,22.170200,0
1,1,70.806886,19.170400,0
1,1,70.835517,24.251100,0
1,1,70.861686,20.658800,0
1,1,70.887821,25.578000,0
1,1,70.918159,21.363800,0
1,1,70.945575,22.067800,0
1,1,70.969718,23.177600,0
1,1,70.998114,26.374300,0
1,1,71.021202,19.350600,0
1,1,71.050460,29.783600,0
1,1,71.081380,14.980100,0
1,1,71.112041,22.081900,0
1,1,71.135637,28.808300,0
1,1,71.162385,18.602000,0
1,1,71.187003,21.520500,0
1,1,71.216745,20.616700,0
1,1,71.244296,19.027300,0
1,1,71.269830,18.710200,0
1,1,71.299898,28.408500,0
1,1,71.325335,16.112200,0
1,1,71.351716,23.197300,0
1,1,71.379284,18.113600,0
1,1,71.409258,21.044900,0
1,1,71.432868,21.458000,0
1,1,71.462948,16.643700,0
1,1,71.487228,24.486000,0
1,1,71.514727,21.158000,0
1,1,71.538338,20.649800,0
1,1,71.565015,21.046800,0
1,1,71.594934,20.668400,0
1,1,71.616734,20.097400,0
1,1,71.642551,15.795000,0
1,1,71.670423,27.454900,0
1,1,71.701797,25.587000,0
1,1,71.719165,20.317800,0
1,1,71.748307,19.620900,0
1,1,71.770811,25.114600,0
1,1,71.799758,23.478000,0
1,1,71.828679,22.318300,0
1,1,71.850427,24.157800,0
1,1,71.876788,16.425900,0
1,1,71.904229,20.288700,0
1,1,71.935460,25.737500,0
1,1,71.963924,27.902000,0
1,1,71.988970,18.887500,0
1,1,72.015195,26.915900,0
1,1,72.045733,19.986000,0
1,1,72.068469,28.220300,0
1,1,72.095672,20.070400,0
1,1,72.119512,17.615300,0
1,1,72.146951,22.461000,0
1,1,72.171086,21.908100,0
1,1,72.199924,25.975600,0
1,1,72.227273,21.674900,0
1,1,72.251893,25.697300,0
1,1,72.276227,21.000700,0
1,1,72.301801,21.159300,0
1,1,72.328465,15.970900,0
1,1,72.351372,24.135600,0
1,1,72.381487,22.485000,0
1,1,72.404694,21.303300,0
1,1,72.431655,21.923300,0
1,1,72.455126,19.571500,0
1,1,72.483867,25.353800,0
1,1,72.511109,16.292000,0
1,1,72.533468,17.375500,0
1,1,72.562433,21.058900,0
1,1,72.587151,25.838900,0
1,1,72.614374,24.747900,0
1,1,72.641732,19.540100,0
1,1,72.666302,26.912900,0
1,1,72.693598,15.063700,0
1,1,72.715982,24.791600,0
1,1,72.738531,20.297700,0
1,1,72.766246,27.321300,0
1,1,72.797416,13.074500,0
1,1,72.820667,27.801700,0
1,1,72.850030,24.856700,0
1,1,72.875979,20.755200,0
1,1,72.903407,26.246500,0
1,1,72.932984,24.188100,0
1,1,72.953737,18.809200,0
1,1,72.980116,21.453200,0
1,1,73.004469,18.038400,0
1,1,73.034052,20.177100,0
1,1,73.058520,20.414300,0
1,1,73.086745,22.052000,0
1,1,73.113044,21.562400,0
1,1,73.136712,22.838700,0
1,1,73.164714,25.368300,0
1,1,73.188297,18.300800,0
1,1,73.214809,25.874300,0
1,1,73.243762,13.414900,0
1,1,73.267334,22.042800,0
1,1,73.297927,27.826200,0
1,1,73.320811,20.531400,0
1,1,73.350083,26.274000,0
1,1,73.378189,15.884500,0
1,1,73.403334,25.348500,0
1,1,73.431125,25.798600,0
1,1,73.459249,21.020900,0
1,1,73.481043,26.986200,0
1,1,73.510858,21.677700,0
1,1,73.535239,19.777400,0
1,1,73.561874,21.008600,0
1,1,73.586610,25.731000,0
1,1,73.613268,21.341800,0
1,1,73.637556,21.445600,0
1,1,73.666435,21.670500,0
1,1,73.694911,20.730000,0
1,1,73.718280,23.463900,0
1,1,73.745167,19.361800,0
1,1,73.768803,19.002100,0
1,1,73.795081,18.618100,0
1,1,73.818264,23.625200,0
1,1,73.845121,20.099200,0
1,1,73.868611,18.036700,0
1,1,73.897438,22.656400,0
1,1,73.920309,19.533100,0
1,1,73.946670,19.531100,0
1,1,73.970497,17.970900,0
1,1,73.996895,16.854800,0
1,1,74.020860,16.312400,0
1,1,74.047466,17.123600,0
1,1,74.071174,21.492900,0
1,1,74.099487,28.589700,0
1,1,74.124322,21.518100,0
1,1,74.150011,22.996500,0
1,1,74.175012,20.513800,0
1,1,74.200332,26.410900,0
1,1,74.229059,18.926400,0
1,1,74.252032,25.211300,0
1,1,74.278648,21.452800,0
1,1,74.301359,23.988200,0
1,1,74.328736,18.478100,0
1,1,74.351360,16.621900,0
1,1,74.378522,22.407500,0
1,1,74.401188,19.460500,0
1,1,74.428968,24.322600,0
1,1,74.451760,19.161300,0
1,1,74.478812,19.011100,0
1,1,74.502730,22.832500,0
1,1,74.531274,21.581600,0
1,1,74.559461,19.287400,0
1,1,74.582626,19.916400,0
1,1,74.609591,14.988100,0
1,1,74.635287,25.478000,0
1,1,74.662069,17.260500,0
1,1,74.684320,27.689500,0
1,1,74.713037,20.235900,0
1,1,74.736939,23.747200,0
1,1,74.763760,19.199900,0
1,1,74.788398,21.820700,0
1,1,74.817562,20.824400,0
1,1,74.840699,15.059400,0
1,1,74.867971,28.017500,0
1,1,74.892595,16.722800,0
1,1,74.921687,25.393900,0
1,1,74.950407,24.590100,0
1,1,74.979055,15.260800,0
1,1,75.003072,25.526500,0
1,1,75.033881,20.582300,0
1,1,75.058973,23.463200,0
1,1,75.086027,25.642200,0
1,1,75.113010,17.361900,0
1,1,75.137897,20.053300,0
1,1,75.164879,18.610800,0
1,1,75.197309,20.636700,0
1,1,75.230393,28.214000,0
1,1,75.264235,28.168600,0
1,1,75.297356,26.546100,0
1,1,75.323044,22.563000,0
1,1,75.354431,27.422100,0
1,1,75.383872,26.475400,0
1,1,75.417375,29.390000,0
1,1,75.452484,30.676900,0
1,1,75.485613,30.061800,0
1,1,75.515169,22.375900,0
1,1,75.546171,29.426700,0
1,1,75.575524,20.829200,0
1,1,75.604032,29.692100,0
1,1,75.636208,30.883400,0
1,1,75.664777,27.635800,0
1,1,75.690648,24.816100,0
1,1,75.719956,33.546000,0
1,1,75.752846,25.694400,0
1,1,75.785047,23.769800,0
1,1,75.814846,19.659800,0
1,1,75.844173,23.465200,0
1,1,75.871015,19.618100,0
1,1,75.901861,30.204400,0
1,1,75.939730,31.461700,0
1,1,75.972511,21.374600,0
1,1,76.002463,27.978200,0
1,1,76.036100,20.548900,0
1,1,76.069413,19.842300,0
1,1,76.099371,29.897400,0
1,1,76.131417,21.995500,0
1,1,76.162365,28.588800,0
1,1,76.187799,27.853600,0
1,1,76.221819,29.148100,0
1,1,76.254497,23.396600,0
1,1,76.286619,27.742700,0
1,1,76.318075,27.935700,0
1,1,76.349346,24.002100,0
1,1,76.377773,21.126200,0
1,1,76.405258,29.319500,0
1,1,76.437163,30.025400,0
1,1,76.472044,28.484100,0
1,1,76.502826,30.338200,0
1,1,76.530674,26.631300,0
1,1,76.563609,25.141000,0
1,1,76.588681,23.271900,0
1,1,76.618411,26.337000,0
1,1,76.648908,26.487300,0
1,1,76.677819,20.294900,0
1,1,76.711148,31.497000,0
1,1,76.745586,32.440600,0
1,1,76.777442,20.372300,0
1,1,76.810735,29.048900,0
1,1,76.841540,25.369200,0
1,1,76.875661,29.218400,0
1,1,76.905837,28.552800,0
1,1,76.937525,30.726400,0
1,1,76.967676,28.148600,0
1,1,76.997751,22.676100,0
1,1,77.021427,18.421100,0
1,1,77.054521,30.839900,0
1,1,77.085319,26.468400,0
1,1,77.119847,26.271300,0
1,1,77.149609,29.279700,0
1,1,77.181442,22.070300,0
1,1,77.212465,29.293900,0
1,1,77.237029,21.894200,0
1,1,77.269424,28.785500,0
1,1,77.303731,32.168600,0
1,1,77.329888,20.982400,0
1,1,77.355458,20.784200,0
1,1,77.384596,23.219300,0
1,1,77.412875,17.959600,0
1,1,77.435303,16.775800,0
1,1,77.464214,19.900000,0
1,1,77.496261,25.502700,0
1,1,77.527509,22.651500,0
1,1,77.561913,28.484800,0
1,1,77.591857,26.617900,0
1,1,77.621600,23.746800,0
1,1,77.650017,26.681600,0
1,1,77.677516,18.315100,0
1,1,77.701274,24.240600,0
1,1,77.723881,19.617400,0
1,1,77.754207,24.090500,0
1,1,77.780940,23.511600,0
1,1,77.808587,24.672100,0
1,1,77.833581,20.431600,0
1,1,77.862324,23.487300,0
1,1,77.886903,25.244400,0
1,1,77.915595,26.127600,0
1,1,77.944690,23.159700,0
1,1,77.970031,28.906400,0
1,1,77.993334,18.657200,0
1,1,78.017309,22.873900,0
1,1,78.046473,21.563500,0
1,1,78.069731,17.955500,0
1,1,78.097319,24.761500,0
1,1,78.125960,19.751000,0
1,1,78.148424,19.502800,0
1,1,78.172517,19.809500,0
1,1,78.199086,24.333600,0
1,1,78.227915,19.716200,0
1,1,78.252617,23.927200,0
1,1,78.279370,24.681300,0
1,1,78.302325,17.179400,0
1,1,78.329070,21.387400,0
1,1,78.351842,24.153700,0
1,1,78.381129,18.320200,0
1,1,78.406637,24.621700,0
1,1,78.431366,25.903600,0
1,1,78.459262,20.493800,0
1,1,78.483383,21.203900,0
1,1,78.511331,21.338200,0
1,1,78.535596,21.352200,0
1,1,78.563731,22.099900,0
1,1,78.587434,22.334600,0
1,1,78.614253,25.992300,0
1,1,78.640178,21.353500,0
1,1,78.668757,23.793800,0
1,1,78.695494,21.993100,0
1,1,78.719700,25.544000,0
1,1,78.747111,19.244700,0
1,1,78.770152,19.715800,0
1,1,78.796767,17.214500,0
1,1,78.818764,19.280800,0
1,1,78.843052,19.646100,0
1,1,78.868940,25.538900,0
1,1,78.895570,20.839100,0
1,1,78.920435,19.997400,0
1,1,78.947866,23.608300,0
1,1,78.970756,18.611900,0
1,1,78.997868,27.517600,0
1,1,79.021686,14.918000,0
1,1,79.048427,25.486300,0
1,1,79.076933,16.147300,0
1,1,79.099784,26.681800,0
1,1,79.123582,18.484300,0
1,1,79.151440,25.607900,0
1,1,79.178064,19.534000,0
1,1,79.201631,19.608800,0
1,1,79.222310,21.323300,0
1,1,79.251323,26.474600,0
1,1,79.275548,20.813800,0
1,1,79.301401,20.931000,0
1,1,79.329208,19.435900,0
1,1,79.354019,18.084600,0
1,1,79.380831,20.043500,0
1,1,79.404362,20.739400,0
1,1,79.432306,20.550200,0
1,1,79.461551,18.655900,0
1,1,79.486252,27.305600,0
1,1,79.512253,22.502000,0
1,1,79.535452,17.086400,0
1,1,79.562247,19.945600,0
1,1,79.586927,20.730700,0
1,1,79.613698,23.110400,0
1,1,79.637000,20.848000,0
1,1,79.663998,19.255800,0
1,1,79.690318,19.416400,0
1,1,79.715887,25.011700,0
1,1,79.744706,21.217500,0
1,1,79.769514,19.235400,0
1,1,79.796984,22.458900,0
1,1,79.827686,18.094500,0
1,1,79.852456,20.866700,0
1,1,79.878892,18.226600,0
1,1,79.903501,21.499800,0
1,1,79.930426,26.088700,0
1,1,79.961390,20.279500,0
1,1,79.985512,21.271700,0
1,1,80.014055,19.164300,0
1,1,80.043716,26.441800,0
1,1,80.065080,24.174700,0
1,1,80.090411,19.818400,0
1,1,80.119172,21.447000,0
1,1,80.148132,29.122700,0
1,1,80.171627,19.392300,0
1,1,80.198140,26.909400,0
1,1,80.226439,20.416500,0
1,1,80.252300,26.027500,0
1,1,80.279540,20.978100,0
1,1,80.302045,26.129500,0
1,1,80.330826,23.055200,0
1,1,80.358878,23.150300,0
1,1,80.380962,20.997600,0
1,1,80.413375,19.807200,0
1,1,80.436576,20.157300,0
1,1,80.465808,26.055100,0
1,1,80.497794,21.457300,0
1,1,80.520004,24.342900,0
1,1,80.547686,26.581900,0
1,1,80.578684,22.083300,0
1,1,80.603317,24.854700,0
1,1,80.629728,22.166800,0
1,1,80.652645,22.997700,0
1,1,80.678935,26.766300,0
1,1,80.702033,20.764500,0
1,1,80.729262,20.557500,0
1,1,80.753417,21.897800,0
1,1,80.779090,23.321000,0
1,1,80.802812,24.368300,0
1,1,80.829873,19.626900,0
1,1,80.852249,19.718800,0
1,1,80.879151,25.572900,0
1,1,80.902805,17.813200,0
1,1,80.930001,24.181700,0
1,1,80.952820,19.192500,0
1,1,80.981687,18.234700,0
1,1,81.003491,21.707400,0
1,1,81.029463,19.496100,0
1,1,81.052718,25.008500,0
1,1,81.079011,22.341200,0
1,1,81.101336,18.996300,0
1,1,81.127288,22.170400,0
1,1,81.152824,21.133900,0
1,1,81.180221,22.356300,0
1,1,81.204596,21.112700,0
1,1,81.233466,26.933500,0
1,1,81.260014,17.105600,0
1,1,81.286848,23.343400,0
1,1,81.313950,20.171500,0
1,1,81.338752,22.021600,0
1,1,81.367649,23.477000,0
1,1,81.395046,20.516200,0
1,1,81.419386,27.008100,0
1,1,81.447027,20.849300,0
1,1,81.470179,20.799300,0
1,1,81.497059,17.921900,0
1,1,81.520265,22.943900,0
1,1,81.547229,27.369100,0
1,1,81.570896,19.484100,0
1,1,81.598958,24.704300,0
1,1,81.623323,17.407300,0
1,1,81.652745,26.453700,0
1,1,81.676038,19.578500,0
1,1,81.701560,21.654000,0
1,1,81.728814,20.252600,0
1,1,81.753153,23.292800,0
1,1,81.780021,19.654300,0
1,1,81.804496,21.474200,0
1,1,81.833523,21.535100,0
1,1,81.856420,13.887000,0
1,1,81.885507,26.067400,0
1,1,81.910216,19.648100,0
1,1,81.936368,23.565700,0
1,1,81.964102,25.311300,0
1,1,81.989585,20.194400,0
1,1,82.017006,23.308900,0
1,1,82.044931,20.387900,0
1,1,82.070889,26.313400,0
1,1,82.098593,26.489400,0
1,1,82.127936,20.576900,0
1,1,82.151849,27.014000,0
1,1,82.179061,19.937200,0
1,1,82.202343,18.583400,0
1,1,82.229825,19.331400,0
1,1,82.254149,19.496500,0
1,1,82.280547,16.894600,0
1,1,82.304292,20.124400,0
1,1,82.332360,18.309500,0
1,1,82.355710,22.360600,0
1,1,82.382351,24.047800,0
1,1,82.413337,20.108000,0
1,1,82.437040,18.588800,0
1,1,82.464354,23.628700,0
1,1,82.486582,19.394800,0
1,1,82.515064,25.509300,0
1,1,82.542190,20.164300,0
1,1,82.564812,22.721500,0
1,1,82.591794,19.921700,0
1,1,82.617446,28.147700,0
1,1,82.640092,16.878600,0
1,1,82.670060,24.171700,0
1,1,82.697047,21.813100,0
1,1,82.720856,22.432200,0
1,1,82.748782,17.583900,0
1,1,82.771325,20.636100,0
1,1,82.798181,20.173900,0
1,1,82.821096,20.470500,0
1,1,82.849773,25.872200,0
1,1,82.879859,16.345600,0
1,1,82.903731,26.208300,0
1,1,82.931709,25.749700,0
1,1,82.959959,23.710100,0
1,1,82.982032,26.540700,0
1,1,83.006370,19.924200,0
1,1,83.031727,26.387200,0
1,1,83.054360,19.282000,0
1,1,83.083309,21.874800,0
1,1,83.110157,19.650200,0
1,1,83.135035,26.063700,0
1,1,83.161674,22.028100,0
1,1,83.184946,21.029500,0
1,1,83.213717,22.266100,0
1,1,83.236386,17.205600,0
1,1,83.263271,25.798100,0
1,1,83.286909,19.145000,0
1,1,83.313862,18.429900,0
1,1,83.338281,22.065900,0
1,1,83.365248,23.490200,0
1,1,83.388887,14.870900,0
1,1,83.418528,25.420900,0
1,1,83.444899,19.328000,0
1,1,83.468783,18.834500,0
1,1,83.497918,22.450000,0
1,1,83.521255,23.390500,0
1,1,83.549184,25.058700,0
1,1,83.580506,20.741000,0
1,1,83.603234,25.667100,0
1,1,83.632315,25.169600,0
1,1,83.662536,20.623500,0
1,1,83.686352,24.326400,0
1,1,83.714695,21.313000,0
1,1,83.736723,24.334700,0
1,1,83.766707,25.966700,0
1,1,83.794413,21.680500,0
1,1,83.819509,21.912100,0
1,1,83.847410,24.158600,0
1,1,83.870462,21.340600,0
1,1,83.903395,28.972300,0
1,1,83.930757,22.867000,0
1,1,83.955629,19.779800,0
1,1,83.984314,24.910500,0
1,1,84.014393,29.506500,0
1,1,84.037759,19.861200,0
1,1,84.068544,28.406400,0
1,1,84.098752,27.247300,0
1,1,84.123683,22.328200,0
1,1,84.152722,25.967500,0
1,1,84.183587,22.474300,0
1,1,84.211244,15.281100,0
1,1,84.237156,19.699800,0
1,1,84.266576,28.393300,0
1,1,84.295075,16.365800,0
1,1,84.318533,19.806300,0
1,1,84.348138,22.495700,0
1,1,84.371634,14.896000,0
1,1,84.401670,28.981800,0
1,1,84.428338,22.678600,0
1,1,84.453339,23.849900,0
1,1,84.484228,21.721300,0
1,1,84.513615,21.445100,0
1,1,84.537069,26.133500,0
1,1,84.565663,27.164300,0
1,1,84.595071,18.581800,0
1,1,84.618939,24.918100,0
1,1,84.646731,19.859300,0
1,1,84.670460,18.713200,0
1,1,84.697120,25.093700,0
1,1,84.721049,19.248200,0
1,1,84.747821,23.984700,0
1,1,84.773468,15.785000,0
1,1,84.799957,25.740800,0
1,1,84.827756,19.786800,0
1,1,84.852119,26.375200,0
1,1,84.880093,21.392300,0
1,1,84.903582,22.449600,0
1,1,84.930754,22.474000,0
1,1,84.952954,19.036600,0
1,1,84.979526,22.727600,0
1,1,85.003663,20.620700,0
1,1,85.029859,20.192000,0
1,1,85.053944,19.017000,0
1,1,85.081071,24.571100,0
1,1,85.105073,20.239500,0
1,1,85.132213,24.264800,0
1,1,85.163468,19.541600,0
1,1,85.186309,22.301600,0
1,1,85.213303,17.179500,0
1,1,85.235374,25.456400,0
1,1,85.262583,18.922200,0
1,1,85.285235,23.353100,0
1,1,85.312420,20.350100,0
1,1,85.336324,26.137800,0
1,1,85.363235,17.298400,0
1,1,85.385225,19.343500,0
1,1,85.413524,19.637700,0
1,1,85.436456,20.801100,0
1,1,85.464984,27.221900,0
1,1,85.488307,20.207900,0
1,1,85.514786,20.259900,0
1,1,85.543714,21.835400,0
1,1,85.567295,27.681000,0
1,1,85.594896,16.629900,0
1,1,85.617552,21.919900,0
1,1,85.644468,20.474700,0
1,1,85.666573,24.645700,0
1,1,85.692284,20.422300,0
1,1,85.717083,27.369500,0
1,1,85.744551,21.830200,0
1,1,85.768581,24.720900,0
1,1,85.795815,19.557800,0
1,1,85.818927,22.339500,0
1,1,85.845815,20.692700,0
1,1,85.869394,22.289800,0
1,1,85.897002,20.577600,0
1,1,85.919818,18.072400,0
1,1,85.946476,24.943100,0
1,1,85.970205,19.071000,0
1,1,85.998260,24.670500,0
1,1,86.025630,17.772800,0
1,1,86.050408,20.882600,0
1,1,86.072901,20.276100,0
1,1,86.099412,23.415200,0
1,1,86.122444,16.582700,0
1,1,86.150378,25.487200,0
1,1,86.179672,23.282900,0
1,1,86.204292,21.327700,0
1,1,86.231073,18.402900,0
1,1,86.254459,19.048100,0
1,1,86.281358,24.692400,0
1,1,86.304604,17.003200,0
1,1,86.332918,21.241100,0
1,1,86.356424,17.972900,0
1,1,86.384971,29.537800,0
1,1,86.412553,21.189700,0
1,1,86.436351,18.908700,0
1,1,86.463510,26.752400,0
1,1,86.486745,18.253400,0
1,1,86.509895,21.160600,0
1,1,86.535747,23.795800,0
1,1,86.562583,18.689000,0
1,1,86.586695,17.786600,0
1,1,86.613737,24.466400,0
1,1,86.636831,19.573900,0
1,1,86.664148,18.367300,0
1,1,86.687303,24.563700,0
1,1,86.715505,20.800300,0
1,1,86.747519,14.047600,0
1,1,86.747519,14.160300,0
1,1,86.784748,24.023600,0
1,1,86.815749,16.110400,0
1,1,86.815749,7.164900,0
1,1,86.815749,4.785100,0
1,1,86.832831,6.947100,0
1,1,86.832831,8.564700,0
1,1,86.849495,9.663800,0
1,1,86.866393,9.124800,0
1,1,86.883289,9.211800,0
1,1,86.901451,10.161700,0
1,1,86.933495,12.840500,0
1,1,86.966387,26.465900,0
1,1,86.983217,27.479600,0
1,1,87.019103,22.228200,0
1,1,87.044327,18.932400,0
1,1,87.073920,18.919300,0
1,1,87.099786,13.918900,0
1,1,87.126498,24.152600,0
1,1,87.155421,27.963500,0
1,1,87.181957,16.238500,0
1,1,87.208193,21.463400,0
1,1,87.232119,20.176100,0
1,1,87.257861,20.417500,0
1,1,87.286705,20.950600,0
1,1,87.309337,19.717700,0
1,1,87.339422,28.276500,0
1,1,87.366032,16.203100,0
1,1,87.389599,24.478400,0
1,1,87.412592,21.800800,0
1,1,87.441379,23.053900,0
1,1,87.468558,22.090500,0
1,1,87.491075,19.078600,0
1,1,87.518918,19.719100,0
1,1,87.542819,23.245600,0
1,1,87.571269,25.356700,0
1,1,87.596933,14.141100,0
1,1,87.624912,25.839200,0
1,1,87.651576,22.182700,0
1,1,87.675034,22.941200,0
1,1,87.702905,22.826700,0
1,1,87.727628,23.346100,0
1,1,87.756124,28.275700,0
1,1,87.786071,20.880600,0
1,1,87.808375,25.916900,0
1,1,87.836982,19.338400,0
1,1,87.860517,15.769100,0
1,1,87.887454,24.740500,0
1,1,87.917961,15.820700,0
1,1,87.943244,23.670600,0
1,1,87.969240,26.026400,0
1,1,87.994070,18.487600,0
1,1,88.021977,21.203100,0
1,1,88.051005,16.769300,0
1,1,88.074384,25.998100,0
1,1,88.103485,24.011700,0
1,1,88.130445,22.057500,0
1,1,88.157740,25.302600,0
1,1,88.188744,24.996200,0
1,1,88.219601,15.914500,0
1,1,88.243894,23.700100,0
1,1,88.273196,28.445200,0
1,1,88.295925,17.510000,0
1,1,88.324702,22.472600,0
1,1,88.355365,31.014000,0
1,1,88.384630,21.107200,0
1,1,88.408832,23.594500,0
1,1,88.440129,20.674400,0
1,1,88.467811,22.345900,0
1,1,88.492853,23.379600,0
1,1,88.524898,29.809700,0
1,1,88.551832,24.636900,0
1,1,88.575798,22.009300,0
1,1,88.606871,26.822600,0
1,1,88.634410,17.982800,0
1,1,88.657952,18.352300,0
1,1,88.681263,21.070000,0
1,1,88.708639,20.437600,0
1,1,88.734971,24.364800,0
1,1,88.757978,22.238700,0
1,1,88.785500,21.011500,0
1,1,88.808004,20.755500,0
1,1,88.835315,20.975800,0
1,1,88.857566,24.861000,0
1,1,88.881887,20.871700,0
1,1,88.906652,20.183000,0
1,1,88.928253,16.796300,0
1,1,88.956741,26.311300,0
1,1,88.978931,20.930000,0
1,1,89.007527,17.143900,0
1,1,89.034803,18.989200,0
1,1,89.057834,24.851600,0
1,1,89.079147,21.021800,0
1,1,89.108024,24.402300,0
1,1,89.129029,21.072100,0
1,1,89.157505,24.303900,0
1,1,89.185994,21.051200,0
1,1,89.209954,24.695000,0
1,1,89.236460,21.992000,0
1,1,89.260341,18.116900,0
1,1,89.287278,22.233500,0
1,1,89.310966,26.037100,0
1,1,89.337904,24.065800,0
1,1,89.361513,18.013200,0
1,1,89.389732,20.504500,0
1,1,89.419352,24.570700,0
1,1,89.441563,20.411800,0
1,1,89.469303,26.324800,0
1,1,89.493147,24.123200,0
1,1,89.520307,21.207700,0
1,1,89.542480,18.747900,0
1,1,89.569042,25.374800,0
1,1,89.591217,19.093400,0
1,1,89.618396,22.526900,0
1,1,89.641954,17.816100,0
1,1,89.668134,18.338500,0
1,1,89.691095,18.148900,0
1,1,89.717830,22.517800,0
1,1,89.741035,19.691400,0
1,1,89.768522,22.943600,0
1,1,89.792261,17.738700,0
1,1,89.819135,20.228900,0
1,1,89.841470,19.350300,0
1,1,89.869004,23.037700,0
1,1,89.893663,22.433000,0
1,1,89.920250,21.468600,0
1,1,89.944037,18.683300,0
1,1,89.970634,22.838100,0
1,1,89.994489,17.361600,0
1,1,90.020939,21.226400,0
1,1,90.044987,20.895000,0
1,1,90.072361,25.888500,0
1,1,90.100935,19.851600,0
1,1,90.123755,25.243700,0
1,1,90.148209,18.185700,0
1,1,90.173886,16.689800,0
1,1,90.200502,17.989900,0
1,1,90.223631,23.969900,0
1,1,90.251732,22.601600,0
1,1,90.274402,17.998700,0
1,1,90.299132,20.062200,0
1,1,90.324894,24.148700,0
1,1,90.352736,22.729100,0
1,1,90.376271,25.777800,0
1,1,90.404188,25.069700,0
1,1,90.426263,19.126500,0
1,1,90.453746,21.243000,0
1,1,90.477286,18.058900,0
1,1,90.506730,28.817200,0
1,1,90.535637,18.696300,0
1,1,90.558564,25.206400,0
1,1,90.585032,19.294400,0
1,1,90.606898,19.114800,0
1,1,90.633916,15.268100,0
1,1,90.656596,19.435900,0
1,1,90.681189,18.719300,0
1,1,90.706293,19.566400,0
1,1,90.728407,16.227500,0
1,1,90.757412,24.213500,0
1,1,90.784937,22.484600,0
1,1,90.807960,24.377100,0
1,1,90.834321,19.840800,0
1,1,90.856932,17.956000,0
1,1,90.882393,19.459200,0
1,1,90.910705,27.698600,0
1,1,90.937524,19.166200,0
1,1,90.960681,18.892200,0
1,1,90.986585,21.991100,0
1,1,91.011479,18.627700,0
1,1,91.039130,24.282800,0
1,1,91.069035,15.577200,0
1,1,91.092085,26.166500,0
1,1,91.115800,16.835000,0
1,1,91.141122,22.854600,0
1,1,91.168805,19.815700,0
1,1,91.191186,18.568800,0
1,1,91.218689,23.034100,0
1,1,91.240977,19.394200,0
1,1,91.269743,19.972500,0
1,1,91.291577,19.512300,0
1,1,91.318511,20.250200,0
1,1,91.341451,25.111500,0
1,1,91.367879,21.052500,0
1,1,91.392183,18.359900,0
1,1,91.419033,25.487200,0
1,1,91.445169,21.825400,0
1,1,91.470241,24.628100,0
1,1,91.492649,18.051100,0
1,1,91.521630,20.387100,0
1,1,91.544290,21.496400,0
1,1,91.572270,27.317100,0
1,1,91.595205,18.874000,0
1,1,91.621240,26.303900,0
1,1,91.652308,22.307400,0
1,1,91.675053,20.664400,0
1,1,91.702677,20.603900,0
1,1,91.725225,19.702300,0
1,1,91.755356,25.631700,0
1,1,91.784845,16.939100,0
1,1,91.809013,28.779300,0
1,1,91.836754,27.440800,0
1,1,91.868395,21.451300,0
1,1,91.893590,30.668500,0
1,1,91.924691,25.355900,0
1,1,91.952389,21.282700,0
1,1,91.976496,23.635900,0
1,1,92.007471,26.233100,0
1,1,92.032900,17.023200,0
1,1,92.060768,24.571400,0
1,1,92.087977,25.867800,0
1,1,92.111275,19.605000,0
1,1,92.141062,21.661700,0
1,1,92.169766,21.044100,0
1,1,92.199168,28.137400,0
1,1,92.224048,26.187500,0
1,1,92.252271,18.660700,0
1,1,92.276744,26.160200,0
1,1,92.309363,21.783300,0
1,1,92.336972,20.319800,0
1,1,92.367860,17.321400,0
1,1,92.393966,28.868300,0
1,1,92.422096,24.604700,0
1,1,92.452667,21.862900,0
1,1,92.476168,27.311500,0
1,1,92.504887,18.443600,0
1,1,92.527941,24.682900,0
1,1,92.557614,27.936400,0
1,1,92.585427,18.055900,0
1,1,92.608664,19.639600,0
1,1,92.636698,20.631300,0
1,1,92.659142,21.519200,0
1,1,92.687273,25.800000,0
1,1,92.711198,18.195300,0
1,1,92.739290,13.420400,0
1,1,92.767640,15.675400,0
1,1,92.791434,27.336700,0
1,1,92.818830,23.236300,0
1,1,92.841698,21.918200,0
1,1,92.867837,21.073600,0
1,1,92.893945,25.749700,0
1,1,92.922044,30.185700,0
1,1,92.944798,21.799800,0
1,1,92.973825,26.194600,0
1,1,93.002524,21.267400,0
1,1,93.026617,27.395300,0
1,1,93.053314,27.685600,0
1,1,93.077873,18.305800,0
1,1,93.104417,19.236900,0
1,2,100.231434,17.113100,0
1,2,100.256925,26.245800,0
1,2,100.285307,19.893400,0
1,2,100.310851,28.849200,0
1,2,100.339885,22.967900,0
1,2,100.370309,20.717300,0
1,2,100.395190,26.257900,0
1,2,100.424985,30.969100,0
1,2,100.452088,14.496300,0
1,2,100.477082,27.333700,0
1,2,100.506593,30.910900,0
1,2,100.536561,15.521200,0
1,2,100.561655,19.731000,0
1,2,100.590725,27.019200,0
1,2,100.619230,21.267500,0
1,2,100.642827,24.424000,0
1,2,100.669959,24.190600,0
1,2,100.692414,20.693000,0
1,2,100.722131,27.184800,0
1,2,100.748462,21.074400,0
1,2,100.776875,25.413500,0
1,2,100.806605,29.767600,0
1,2,100.829287,20.896800,0
1,2,100.859113,26.238300,0
1,2,100.887475,21.398100,0
1,2,100.911144,17.616500,0
1,2,100.938879,20.441100,0
1,2,100.962331,19.177500,0
1,2,100.989873,26.051100,0
1,2,101.019102,14.059000,0
1,2,101.042402,26.153300,0
1,2,101.069543,19.981500,0
1,2,101.100015,21.107400,0
1,2,101.124742,21.951300,0
1,2,101.146829,18.479100,0
1,2,101.175265,22.464500,0
1,2,101.201972,19.730800,0
1,2,101.226343,25.154500,0
1,2,101.253065,19.725800,0
1,2,101.277754,21.078300,0
1,2,101.304904,27.583400,0
1,2,101.328297,22.024300,0
1,2,101.354899,23.294400,0
1,2,101.380705,20.882400,0
1,2,101.408239,21.576600,0
1,2,101.436772,20.975000,0
1,2,101.461471,21.095800,0
1,2,101.490275,20.778400,0
1,2,101.517299,19.735200,0
1,2,101.539679,24.669500,0
1,2,101.568348,17.588800,0
1,2,101.592608,26.150100,0
1,2,101.619670,21.255400,0
1,2,101.647933,19.572700,0
1,2,101.675724,27.657500,0
1,2,101.705891,21.167100,0
1,2,101.728891,25.286400,0
1,2,101.757509,19.762000,0
1,2,101.784233,15.307100,0
1,2,101.809173,26.165800,0
1,2,101.839572,25.707600,0
1,2,101.868113,20.910400,0
1,2,101.894971,26.732700,0
1,2,101.923139,23.757200,0
1,2,101.946140,21.508500,0
1,2,101.976521,25.265900,0
1,2,102.005544,26.068100,0
1,2,102.028578,20.165000,0
1,2,102.055693,24.665800,0
1,2,102.087568,25.485200,0
1,2,102.111752,20.911600,0
1,2,102.140360,26.287800,0
1,2,102.169570,26.678400,0
1,2,102.192753,18.038800,0
1,2,102.220871,20.547500,0
1,2,102.250592,20.461500,0
1,2,102.276058,27.426500,0
1,2,102.302320,23.398600,0
1,2,102.325101,25.184200,0
1,2,102.354743,22.771400,0
1,2,102.379184,23.122000,0
1,2,102.408662,26.942400,0
1,2,102.430192,21.250800,0
1,2,102.461247,25.356700,0
1,2,102.488515,25.610200,0
1,2,102.519307,20.016800,0
1,2,102.543510,22.589200,0
1,2,102.571527,18.853000,0
1,2,102.594906,14.953200,0
1,2,102.627248,24.204100,0
1,2,102.653366,20.211200,0
1,2,102.677334,19.311700,0
1,2,102.708006,26.459000,0
1,2,102.735674,20.859500,0
1,2,102.760765,18.698000,0
1,2,102.789030,19.514500,0
1,2,102.818340,22.496500,0
1,2,102.844221,23.692100,0
1,2,102.870719,20.077700,0
1,2,102.895453,19.867200,0
1,2,102.925704,27.349500,0
1,2,102.954124,21.324300,0
1,2,102.978469,20.492000,0
1,2,103.006281,25.969800,0
1,2,103.029141,17.324400,0
1,2,103.058543,20.869600,0
1,2,103.088009,21.968100,0
1,2,103.110726,19.941900,0
1,2,103.138143,24.987200,0
1,2,103.164643,17.898200,0
1,2,103.191186,28.238100,0
1,2,103.219072,20.709500,0
1,2,103.248377,25.247100,0
1,2,103.266524,19.132600,0
1,2,103.294402,24.450000,0
1,2,103.321632,24.599900,0
1,2,103.344891,16.992900,0
1,2,103.374318,28.895600,0
1,2,103.407541,28.160200,0
1,2,103.430738,22.483500,0
1,2,103.461302,25.283400,0
1,2,103.488267,26.265700,0
1,2,103.517803,19.309100,0
1,2,103.542484,25.539400,0
1,2,103.571039,21.692800,0
1,2,103.594457,25.891000,0
1,2,103.626943,26.447600,0
1,2,103.653816,19.671700,0
1,2,103.678123,20.321400,0
1,2,103.707314,25.269600,0
1,2,103.734559,15.098600,0
1,2,103.757839,24.305700,0
1,2,103.787616,14.971300,0
1,2,103.818087,20.942000,0
1,2,103.841417,25.780100,0
1,2,103.870703,21.666800,0
1,2,103.901690,28.077300,0
1,2,103.924498,27.565500,0
1,2,103.953505,22.694500,0
1,2,103.981890,18.867900,0
1,2,104.009969,27.390500,0
1,2,104.041139,27.691100,0
1,2,104.068024,16.248700,0
1,2,104.090566,27.035700,0
1,2,104.116850,22.601500,0
1,2,104.143688,26.740100,0
1,2,104.173566,22.517200,0
1,2,104.204936,23.151600,0
1,2,104.231747,27.485500,0
1,2,104.259257,21.647800,0
1,2,104.290264,27.640600,0
1,2,104.318207,20.859600,0
1,2,104.341353,25.788300,0
1,2,104.370505,27.527500,0
1,2,104.394704,20.944500,0
1,2,104.422799,26.860000,0
1,2,104.454365,21.633600,0
1,2,104.477388,24.573000,0
1,2,104.506177,19.279500,0
1,2,104.535375,20.861400,0
1,2,104.559022,29.022000,0
1,2,104.588333,21.575700,0
1,2,104.612659,26.151800,0
1,2,104.639438,25.006600,0
1,2,104.669602,20.969000,0
1,2,104.694000,28.243700,0
1,2,104.722402,20.970500,0
1,2,104.746528,16.271100,0
1,2,104.773881,23.715300,0
1,2,104.802823,17.853200,0
1,2,104.825681,18.654400,0
1,2,104.854076,21.490300,0
1,2,104.877670,20.144500,0
1,2,104.905165,26.734400,0
1,2,104.929140,18.850500,0
1,2,104.958205,25.590200,0
1,2,104.985116,19.156800,0
1,2,105.010828,27.355500,0
1,2,105.038624,24.767000,0
1,2,105.066872,22.039900,0
1,2,105.089592,22.522000,0
1,2,105.116737,19.511500,0
1,2,105.142390,25.502000,0
1,2,105.170514,21.516100,0
1,2,105.193318,23.425900,0
1,2,105.220448,21.536400,0
1,2,105.244592,24.184100,0
1,2,105.273133,26.764100,0
1,2,105.296811,19.350700,0
1,2,105.325611,19.569600,0
1,2,105.347831,19.870300,0
1,2,105.376434,25.988400,0
1,2,105.404792,18.328700,0
1,2,105.427117,19.585800,0
1,2,105.454126,25.080100,0
1,2,105.476759,18.547200,0
1,2,105.503266,22.262100,0
1,2,105.528222,18.489100,0
1,2,105.554834,26.105700,0
1,2,105.584204,21.371300,0
1,2,105.607361,23.800400,0
1,2,105.637020,16.749700,0
1,2,105.660446,28.082900,0
1,2,105.688943,26.951100,0
1,2,105.717814,18.060000,0
1,2,105.740684,21.736900,0
1,2,105.763002,14.243600,0
1,2,105.792024,25.770200,0
1,2,105.819706,19.846300,0
1,2,105.844453,28.516100,0
1,2,105.872515,24.706300,0
1,2,105.901240,20.600900,0
1,2,105.923028,26.697500,0
1,2,105.951333,19.266500,0
1,2,105.974315,24.492100,0
1,2,106.002728,20.970200,0
1,2,106.025518,27.426100,0
1,2,106.053830,20.869200,0
1,2,106.077051,26.313400,0
1,2,106.106761,20.465600,0
1,2,106.134212,15.325700,0
1,2,106.157926,26.359900,0
1,2,106.184911,18.302900,0
1,2,106.207087,19.245300,0
1,2,106.229294,13.223900,0
1,2,106.257484,27.519200,0
1,2,106.287617,21.399700,0
1,2,106.310587,24.745000,0
1,2,106.337556,23.235500,0
1,2,106.364152,21.089700,0
1,2,106.393058,25.950000,0
1,2,106.419471,23.904900,0
1,2,106.442536,21.741500,0
1,2,106.469403,20.154400,0
1,2,106.492496,20.988800,0
1,2,106.514301,19.717500,0
1,2,106.542527,22.646200,0
1,2,106.569731,22.512200,0
1,2,106.593598,26.722900,0
1,2,106.621188,20.025600,0
1,2,106.651170,16.822300,0
1,2,106.674577,19.420400,0
1,2,106.702604,18.727400,0
1,2,106.726554,21.381900,0
1,2,106.753676,19.386100,0
1,2,106.786631,23.100500,0
1,2,106.809675,24.801900,0
1,2,106.839390,23.705400,0
1,2,106.862219,20.107200,0
1,2,106.893617,27.260500,0
1,2,106.923726,28.825100,0
1,2,106.946631,18.512200,0
1,2,106.976280,29.007200,0
1,2,107.005530,24.400800,0
1,2,107.030973,16.436000,0
1,2,107.058374,25.809900,0
1,2,107.086947,18.514700,0
1,2,107.110671,27.859400,0
1,2,107.140618,21.816800,0
1,2,107.171030,24.286300,0
1,2,107.194552,19.902400,0
1,2,107.222216,22.974200,0
1,2,107.251231,19.269700,0
1,2,107.274530,26.818700,0
1,2,107.303428,22.324900,0
1,2,107.326708,27.004100,0
1,2,107.355839,22.581300,0
1,2,107.378815,18.317300,0
1,2,107.407748,26.477700,0
1,2,107.432861,15.155300,0
1,2,107.460031,22.744300,0
1,2,107.488207,23.098400,0
1,2,107.511891,23.908400,0
1,2,107.542085,22.174800,0
1,2,107.568893,21.218600,0
1,2,107.593908,26.603200,0
1,2,107.624772,27.976800,0
1,2,107.652865,21.025900,0
1,2,107.676704,25.681700,0
1,2,107.707607,25.519600,0
1,2,107.734511,16.939700,0
1,2,107.759519,31.561300,0
1,2,107.790049,26.275700,0
1,2,107.818576,20.195500,0
1,2,107.844058,25.056300,0
1,2,107.873367,26.444500,0
1,2,107.903903,23.122000,0
1,2,107.929181,20.690000,0
1,2,107.958953,28.938700,0
1,2,107.985578,18.454500,0
1,2,108.011369,27.932500,0
1,2,108.045155,26.317200,0
1,2,108.070862,19.120800,0
1,2,108.103069,19.822100,0
1,2,108.126236,25.016700,0
1,2,108.155309,23.157600,0
1,2,108.178951,22.890700,0
1,2,108.208007,23.103700,0
1,2,108.237820,22.961500,0
1,2,108.263844,21.468300,0
1,2,108.297531,27.049500,0
1,2,108.321561,19.409500,0
1,2,108.347975,22.125200,0
1,2,108.379594,28.548700,0
1,2,108.410124,22.908800,0
1,2,108.441632,27.811100,0
1,2,108.469467,20.854000,0
1,2,108.493449,26.401400,0
1,2,108.522997,28.595100,0
1,2,108.546341,21.046100,0
1,2,108.575837,25.711300,0
1,2,108.606226,21.540900,0
1,2,108.634911,21.256900,0
1,2,108.659231,25.501300,0
1,2,108.686168,18.424300,0
1,2,108.711420,26.801600,0
1,2,108.738027,19.510600,0
1,2,108.761588,19.408900,0
1,2,108.788188,22.841600,0
1,2,108.813313,20.329000,0
1,2,108.842010,27.592600,0
1,2,108.871456,18.486800,0
1,2,108.896589,21.448600,0
1,2,108.924682,22.400000,0
1,2,108.950058,16.332700,0
1,2,108.974901,15.877300,0
1,2,109.003094,18.773900,0
1,2,109.027233,23.330900,0
1,2,109.054413,24.588100,0
1,2,109.078574,20.505300,0
1,2,109.106375,24.688400,0
1,2,109.128200,19.153400,0
1,2,109.158109,20.764700,0
1,2,109.185805,16.982800,0
1,2,109.208783,22.838400,0
1,2,109.233202,18.643800,0
1,2,109.259804,21.008200,0
1,2,109.287920,23.498100,0
1,2,109.309952,19.189100,0
1,2,109.336917,22.363000,0
1,2,109.361512,27.493800,0
1,2,109.390784,25.199800,0
1,2,109.415707,20.860000,0
1,2,109.442254,24.051100,0
1,2,109.471112,20.116600,0
1,2,109.494083,18.108100,0
1,2,109.522153,28.748800,0
1,2,109.546579,21.208800,0
1,2,109.573129,27.478300,0
1,2,109.602170,15.591500,0
1,2,109.626377,25.990200,0
1,2,109.655327,22.455700,0
1,2,109.678005,28.746000,0
1,2,109.706526,26.050900,0
1,2,109.730189,20.494300,0
1,2,109.758926,27.236400,0
1,2,109.787130,18.767000,0
1,2,109.810511,29.647400,0
1,2,109.838554,26.232600,0
1,2,109.860812,20.421600,0
1,2,109.888024,21.118000,0
1,2,109.912270,21.293400,0
1,2,109.940650,20.389000,0
1,2,109.968211,19.470300,0
1,2,109.992302,25.032100,0
1,2,110.014377,19.364000,0
1,2,110.040649,25.624000,0
1,2,110.063806,17.871400,0
1,2,110.092574,26.783500,0
1,2,110.121432,16.492100,0
1,2,110.144504,24.523000,0
1,2,110.173763,27.179200,0
1,2,110.196595,18.876600,0
1,2,110.225729,21.802800,0
1,2,110.250786,16.643500,0
1,2,110.277369,25.807800,0
1,2,110.303588,21.189000,0
1,2,110.327255,23.927000,0
1,2,110.355442,18.989500,0
1,2,110.378804,25.824000,0
1,2,110.407103,22.100700,0
1,2,110.430341,18.519000,0
1,2,110.459001,28.578300,0
1,2,110.487441,16.435800,0
1,2,110.510843,24.900500,0
1,2,110.539595,21.246300,0
1,2,110.563103,20.407900,0
1,2,110.591553,27.241400,0
1,2,110.614103,14.248200,0
1,2,110.643884,30.109300,0
1,2,110.670946,21.396400,0
1,2,110.694600,26.064200,0
1,2,110.721734,22.252100,0
1,2,110.745537,23.819900,0
1,2,110.772105,24.393000,0
1,2,110.795344,19.420700,0
1,2,110.822599,26.275900,0
1,2,110.846636,21.641700,0
1,2,110.874521,26.760700,0
1,2,110.898690,20.977800,0
1,2,110.927370,29.038000,0
1,2,110.956169,22.792200,0
1,2,110.979999,20.380100,0
1,2,111.007820,27.122600,0
1,2,111.036127,15.811000,0
1,2,111.061128,32.949700,0
1,2,111.088328,22.964600,0
1,2,111.113522,22.727300,0
1,2,111.141812,27.616700,0
1,2,111.165478,14.020500,0
1,2,111.192986,25.590500,0
1,2,111.220993,15.215400,0
1,2,111.244544,25.527600,0
1,2,111.272613,26.797300,0
1,2,111.296635,19.367300,0
1,2,111.325041,26.873400,0
1,2,111.354375,17.710600,0
1,2,111.377277,26.688000,0
1,2,111.405860,21.931400,0
1,2,111.428289,21.132100,0
1,2,111.458282,23.768500,0
1,2,111.488479,17.558700,0
1,2,111.511682,26.247900,0
1,2,111.539470,26.162600,0
1,2,111.563047,20.007700,0
1,2,111.590621,26.888200,0
1,2,111.617270,18.520200,0
1,2,111.644693,26.017800,0
1,2,111.676559,20.243900,0
1,2,111.707828,19.533800,0
1,2,111.729987,20.252000,0
1,2,111.760576,27.768800,0
1,2,111.781973,24.412400,0
1,2,111.810977,26.738300,0
1,2,111.841595,24.835300,0
1,2,111.871713,18.666000,0
1,2,111.896445,31.070900,0
1,2,111.930351,30.095200,0
1,2,111.961989,24.667100,0
1,2,111.989958,26.817900,0
1,2,112.017080,21.318800,0
1,2,112.045666,26.448800,0
1,2,112.075633,28.436900,0
1,2,112.099697,17.495000,0
1,2,112.133867,26.477400,0
1,2,112.160892,28.947900,0
1,2,112.193158,21.711600,0
1,2,112.222130,20.801200,0
1,2,112.246880,20.410600,0
1,2,112.277052,26.588800,0
1,2,112.305752,23.883400,0
1,2,112.330638,19.543300,0
1,2,112.360332,29.971300,0
1,2,112.391910,28.337000,0
1,2,112.422769,23.373100,0
1,2,112.445371,24.271500,0
1,2,112.474573,26.605400,0
1,2,112.504281,22.890100,0
1,2,112.529770,23.212800,0
1,2,112.559616,28.861300,0
1,2,112.588613,22.239000,0
1,2,112.612213,21.830000,0
1,2,112.640481,24.263100,0
1,2,112.669547,20.682100,0
1,2,112.693607,19.596100,0
1,2,112.722668,27.434300,0
1,2,112.745750,19.179600,0
1,2,112.774102,26.795000,0
1,2,112.802624,22.475500,0
1,2,112.828370,24.117600,0
1,2,112.855459,26.118700,0
1,2,112.880374,21.989800,0
1,2,112.910064,27.994100,0
1,2,112.938263,27.688900,0
1,2,112.962791,19.459200,0
1,2,112.990476,24.485800,0
1,2,113.013719,22.756600,0
1,2,113.043253,25.981500,0
1,2,113.070235,19.129200,0
1,2,113.094675,24.931900,0
1,2,113.123561,25.929500,0
1,2,113.147133,25.790600,0
1,2,113.178287,28.364900,0
1,2,113.206006,26.431000,0
1,2,113.229906,21.909100,0
1,2,113.260335,22.620700,0
1,2,113.282568,20.618800,0
1,2,113.311067,19.792700,0
1,2,113.341044,22.116600,0
1,2,113.361801,25.198500,0
1,2,113.388649,24.418600,0
1,2,113.418660,18.521500,0
1,2,113.442937,27.853400,0
1,2,113.472292,25.386100,0
1,2,113.500188,24.865500,0
1,2,113.526000,26.146200,0
1,2,113.554541,15.868800,0
1,2,113.579718,22.253700,0
1,2,113.609167,25.502500,0
1,2,113.632170,21.255800,0
1,2,113.660070,23.326900,0
1,2,113.690987,21.077100,0
1,2,113.714427,20.487900,0
1,2,113.742806,27.594800,0
1,2,113.770432,22.267400,0
1,2,113.796754,26.969700,0
1,2,113.827916,25.864200,0
1,2,113.855150,24.113800,0
1,2,113.880819,26.197100,0
1,2,113.909361,27.346100,0
1,2,113.939478,15.520200,0
1,2,113.962085,24.092600,0
1,2,113.990079,20.286400,0
1,2,114.014461,20.298900,0
1,2,114.041839,28.305400,0
1,2,114.064453,20.399100,0
1,2,114.091742,23.621800,0
1,2,114.121488,22.095500,0
1,2,114.144446,23.385200,0
1,2,114.172138,21.391900,0
1,2,114.197088,19.096400,0
1,2,114.223833,27.428400,0
1,2,114.250365,21.950500,0
1,2,114.277804,25.801000,0
1,2,114.306585,20.125300,0
1,2,114.329024,17.917200,0
1,2,114.359007,25.289000,0
1,2,114.381688,16.370300,0
1,2,114.409452,27.699100,0
1,2,114.438748,18.865400,0
1,2,114.462385,25.564500,0
1,2,114.491136,19.115400,0
1,2,114.514156,23.635200,0
1,2,114.543672,23.774600,0
1,2,114.570513,22.034100,0
1,2,114.593189,24.188500,0
1,2,114.623043,18.688300,0
1,2,114.651578,23.960100,0
1,2,114.674665,20.183000,0
1,2,114.698226,18.574300,0
1,2,114.725918,25.895600,0
1,2,114.749031,16.726900,0
1,2,114.776900,23.027200,0
1,2,114.804840,21.051000,0
1,2,114.828213,26.850800,0
1,2,114.854795,25.094800,0
1,2,114.879051,18.538400,0
1,2,114.909559,26.067500,0
1,2,114.934341,16.413000,0
1,2,114.961215,24.251800,0
1,2,114.987440,22.410400,0
1,2,115.011795,27.473900,0
1,2,115.039015,24.903300,0
1,2,115.061342,20.847300,0
1,2,115.090089,21.575700,0
1,2,115.113138,19.199600,0
1,2,115.139397,20.759700,0
1,2,115.163293,22.628400,0
1,2,115.189712,25.441400,0
1,2,115.213762,18.576500,0
1,2,115.241740,19.450400,0
1,2,115.265047,13.862000,0
1,2,115.292872,24.045300,0
1,2,115.320297,16.967300,0
1,2,115.345502,18.308700,0
1,2,115.373966,18.544400,0
1,2,115.397068,26.477300,0
1,2,115.427198,27.754700,0
1,2,115.451982,16.378700,0
1,2,115.478730,24.628400,0
1,2,115.507299,24.414900,0
1,2,115.538534,19.495600,0
1,2,115.562259,28.023500,0
1,2,115.590388,19.677300,0
1,2,115.615124,20.438800,0
1,2,115.643899,28.702900,0
1,2,115.672119,22.159600,0
1,2,115.696168,18.722500,0
1,2,115.720182,21.516500,0
1,2,115.745396,19.676700,0
1,2,115.772841,22.322900,0
1,2,115.800152,20.648300,0
1,2,115.828459,25.866700,0
1,2,115.856796,21.409300,0
1,2,115.879842,22.488400,0
1,2,115.913690,28.363900,0
1,2,115.939303,21.442500,0
1,2,115.964753,20.747700,0
1,2,115.991140,27.027400,0
1,2,116.019648,20.861100,0
1,2,116.044165,27.002800,0
1,2,116.071268,18.651900,0
1,2,116.094894,25.009500,0
1,2,116.121846,20.082700,0
1,2,116.145408,24.241700,0
1,2,116.173187,26.910900,0
1,2,116.196295,20.984400,0
1,2,116.226639,25.603600,0
1,2,116.256942,18.685100,0
1,2,116.281183,26.800300,0
1,2,116.311876,28.081400,0
1,2,116.336401,20.701500,0
1,2,116.368368,18.226500,0
1,2,116.396632,21.463000,0
1,2,116.425478,27.306100,0
1,2,116.449012,20.995200,0
1,2,116.479145,24.868400,0
1,2,116.507700,28.630100,0
1,2,116.539985,22.577000,0
1,2,116.563570,26.543800,0
1,2,116.593271,27.666000,0
1,2,116.627638,27.509400,0
1,2,116.655075,21.581000,0
1,2,116.686658,19.156900,0
1,2,116.712597,27.107600,0
1,2,116.739653,20.675600,0
1,2,116.765421,21.259000,0
1,2,116.799450,26.760500,0
1,2,116.826907,25.329900,0
1,2,116.856289,20.086300,0
1,2,116.879735,26.838500,0
1,2,116.907967,21.097400,0
1,2,116.937087,23.070400,0
1,2,116.961732,25.883800,0
1,2,116.988701,19.859500,0
1,2,117.013878,20.907600,0
1,2,117.042785,30.089500,0
1,2,117.072354,14.638400,0
1,2,117.095440,26.461400,0
1,2,117.125388,19.283800,0
1,2,117.149547,15.909300,0
1,2,117.175928,24.201300,0
1,2,117.197903,21.107600,0
1,2,117.225809,20.955000,0
1,2,117.255370,23.170900,0
1,2,117.279628,26.822800,0
1,2,117.306960,21.553800,0
1,2,117.334525,23.809100,0
1,2,117.359184,26.494400,0
1,2,117.388165,17.556900,0
1,2,117.412497,19.591300,0
1,2,117.439557,19.536600,0
1,2,117.463495,19.259500,0
1,2,117.491349,26.934400,0
1,2,117.518831,24.559500,0
1,2,117.547007,23.783000,0
1,2,117.577430,26.744100,0
1,2,117.604443,19.136400,0
1,2,117.627739,24.375200,0
1,2,117.656272,21.143400,0
1,2,117.680262,24.630600,0
1,2,117.707634,20.027300,0
1,2,117.735762,19.950000,0
1,2,117.760126,24.669900,0
1,2,117.782198,20.408100,0
1,2,117.810852,25.015800,0
1,2,117.839405,17.470000,0
1,2,117.863075,25.353000,0
1,2,117.892374,26.790500,0
1,2,117.924251,20.013300,0
1,2,117.943866,26.200000,0
1,2,117.972367,23.798100,0
1,2,117.995122,19.724200,0
1,2,118.025388,27.629000,0
1,2,118.051068,16.171200,0
1,2,118.075806,23.849000,0
1,2,118.103843,19.295900,0
1,2,118.128940,25.091300,0
1,2,118.158449,22.962000,0
1,2,118.187475,15.789700,0
1,2,118.211953,26.887200,0
1,2,118.241292,23.422900,0
1,2,118.267618,17.756000,0
1,2,118.293518,22.036700,0
1,2,118.316562,20.022100,0
1,2,118.344192,27.309100,0
1,2,118.368336,18.095100,0
1,2,118.398525,26.164500,0
1,2,118.424328,20.102100,0
1,2,118.448845,24.648300,0
1,2,118.479236,25.888100,0
1,2,118.510377,28.003300,0
1,2,118.537306,22.529300,0
1,2,118.562753,23.259500,0
1,2,118.591270,25.085800,0
1,2,118.615566,18.576800,0
1,2,118.645831,26.600400,0
1,2,118.672173,19.828500,0
1,2,118.694641,20.667500,0
1,2,118.725021,23.517400,0
1,2,118.751214,20.902000,0
1,2,118.774311,19.039500,0
1,2,118.797551,17.524800,0
1,2,118.826620,20.081900,0
1,2,118.855460,21.174000,0
1,2,118.880326,26.828700,0
1,2,118.909440,24.119800,0
1,2,118.936489,17.085400,0
1,2,118.960553,24.011400,0
1,2,118.988711,21.275100,0
1,2,119.011485,20.418300,0
1,2,119.041861,25.603000,0
1,2,119.068965,17.546100,0
1,2,119.093067,25.832300,0
1,2,119.121731,16.352000,0
1,2,119.145000,24.063700,0
1,2,119.172815,21.462800,0
1,2,119.194942,17.354500,0
1,2,119.222632,19.694500,0
1,2,119.246340,21.431400,0
1,2,119.272693,22.225500,0
1,2,119.295936,20.659700,0
1,2,119.323032,25.576600,0
1,2,119.345888,20.441700,0
1,2,119.373922,23.339100,0
1,2,119.403464,21.331900,0
1,2,119.426419,25.579000,0
1,2,119.454276,17.447100,0
1,2,119.478553,27.512200,0
1,2,119.502678,19.018900,0
1,2,119.528606,21.271800,0
1,2,119.557156,27.370800,0
1,2,119.579986,20.446100,0
1,2,119.608121,24.642800,0
1,2,119.633126,18.990600,0
1,2,119.661849,24.903400,0
1,2,119.688840,19.840800,0
1,2,119.712286,24.695800,0
1,2,119.739127,20.476700,0
1,2,119.762501,21.459800,0
1,2,119.790337,22.096700,0
1,2,119.813233,19.128900,0
1,2,119.839992,18.690900,0
1,2,119.862849,17.548600,0
1,2,119.892648,26.930900,0
1,2,119.922013,17.638600,0
1,2,119.944304,25.254600,0
1,2,119.973934,28.146000,0
1,2,119.997527,18.194500,0
1,2,120.026190,25.882900,0
1,2,120.048691,14.278300,0
1,2,120.076902,20.455600,0
1,2,120.106064,17.598400,0
1,2,120.128198,24.927100,0
1,2,120.156125,23.322000,0
1,2,120.178048,17.169300,0
1,2,120.205356,22.158700,0
1,2,120.228497,25.528800,0
1,2,120.255743,20.307300,0
1,2,120.278249,23.248100,0
1,2,120.306977,23.332900,0
1,2,120.330080,21.674800,0
1,2,120.357940,25.470000,0
1,2,120.387958,22.811500,0
1,2,120.414193,27.335100,0
1,2,120.442948,28.193000,0
1,2,120.467083,19.893500,0
1,2,120.498246,20.083400,0
1,2,120.528077,29.149500,0
1,2,120.555122,17.180200,0
1,2,120.580236,19.305300,0
1,2,120.609218,27.661400,0
1,2,120.632006,17.396200,0
1,2,120.661713,25.513500,0
1,2,120.690843,22.110500,0
1,2,120.713810,28.101000,0
1,2,120.742489,24.861800,0
1,2,120.767794,18.405500,0
1,2,120.795315,24.919600,0
1,2,120.824416,24.347300,0
1,2,120.847438,22.795900,0
1,2,120.876009,28.423800,0
1,2,120.904903,17.488400,0
1,2,120.929672,20.626900,0
1,2,120.956520,20.179300,0
1,2,120.978833,17.897100,0
1,2,121.007544,24.588200,0
1,2,121.029950,18.346600,0
1,2,121.058390,25.781000,0
1,2,121.081964,19.505400,0
1,2,121.109940,26.543300,0
1,2,121.139797,22.986300,0
1,2,121.164593,27.202200,0
1,2,121.194212,23.961200,0
1,2,121.219323,19.944100,0
1,2,121.243867,25.619400,0
1,2,121.271885,17.373300,0
1,2,121.296284,24.358300,0
1,2,121.323467,20.205100,0
1,2,121.347846,21.752800,0
1,2,121.375953,26.895200,0
1,2,121.405481,18.417900,0
1,2,121.427843,24.301500,0
1,2,121.456551,21.006500,0
1,2,121.479521,23.369000,0
1,2,121.509368,25.655700,0
1,2,121.532010,15.205800,0
1,2,121.560900,25.721300,0
1,2,121.591293,22.264400,0
1,2,121.614068,21.769200,0
1,2,121.645290,27.568600,0
1,2,121.671836,20.760200,0
1,2,121.695450,19.079700,0
1,2,121.726006,28.547600,0
1,2,121.752655,17.387600,0
1,2,121.776826,30.937900,0
1,2,121.806515,22.565900,0
1,2,121.830718,23.831700,0
1,2,121.859790,28.935400,0
1,2,121.888559,17.629100,0
1,2,121.912761,28.289200,0
1,2,121.942995,26.288600,0
1,2,121.971357,22.054100,0
1,2,121.994000,19.404600,0
1,2,122.022551,20.123500,0
1,2,122.046408,24.615400,0
1,2,122.075711,19.501900,0
1,2,122.106149,15.497500,0
1,2,122.130190,19.666200,0
1,2,122.158163,21.485800,0
1,2,122.184771,18.560900,0
1,2,122.213341,21.834700,0
1,2,122.239863,20.303300,0
1,2,122.264071,19.519900,0
1,2,122.294760,25.205900,0
1,2,122.321801,19.385400,0
1,2,122.345338,24.529600,0
1,2,122.376809,28.673500,0
1,2,122.404489,18.852100,0
1,2,122.429017,22.439000,0
1,2,122.458267,25.058500,0
1,2,122.486383,21.808700,0
1,2,122.511306,27.670800,0
1,2,122.535851,20.332600,0
1,2,122.561681,26.105000,0
1,2,122.593144,29.154000,0
1,2,122.618006,16.194800,0
1,2,122.646533,23.778600,0
1,2,122.674609,21.788300,0
1,2,122.698515,16.998900,0
1,2,122.725205,26.190600,0
1,2,122.749278,20.667400,0
1,2,122.777363,26.780200,0
1,2,122.804922,14.829100,0
1,2,122.827477,19.565700,0
1,2,122.857358,22.224000,0
1,2,122.879294,20.736800,0
1,2,122.908062,27.205600,0
1,2,122.934152,19.784100,0
1,2,122.962610,25.920000,0
1,2,122.989689,21.382000,0
1,2,123.013734,20.230900,0
1,2,123.044576,24.493500,0
1,2,123.071432,17.621600,0
1,2,123.095744,21.909100,0
1,2,123.124306,24.462400,0
1,2,123.146986,18.453600,0
1,2,123.174586,24.693600,0
1,2,123.197703,20.279000,0
1,2,123.227286,22.490100,0
1,2,123.255473,21.555700,0
1,2,123.279264,19.590600,0
1,2,123.307407,26.011300,0
1,2,123.329425,20.592400,0
1,2,123.359357,27.431600,0
1,2,123.386899,14.588700,0
1,2,123.409592,25.951100,0
1,2,123.451035,16.678400,0
1,2,123.467374,25.921900,0
1,2,123.488137,16.639100,0
1,2,123.513699,26.963600,0
1,2,123.541458,19.923900,0
1,2,123.565178,19.624300,0
1,2,123.592665,22.293700,0
1,2,123.621640,19.255500,0
1,2,123.644922,25.702000,0
1,2,123.668966,18.611600,0
1,2,123.695455,20.809600,0
1,2,123.717802,18.371600,0
1,2,123.746003,23.607500,0
1,2,123.773798,23.625800,0
1,2,123.798513,19.403900,0
1,2,123.827582,28.792700,0
1,2,123.849982,20.485200,0
1,2,123.877721,24.028000,0
1,2,123.908326,18.594300,0
1,2,123.932788,24.323500,0
1,2,123.962443,23.305300,0
1,2,123.990226,22.989800,0
1,2,124.016197,22.308100,0
1,2,124.042753,19.001800,0
1,2,124.069364,25.049000,0
1,2,124.097873,27.829700,0
1,2,124.126138,23.437400,0
1,2,124.150702,20.654700,0
1,2,124.178748,19.405300,0
1,2,124.205956,17.083700,0
1,2,124.229405,22.875400,0
1,2,124.257914,20.835300,0
1,2,124.282551,25.609200,0
1,2,124.312307,19.552600,0
1,2,124.339927,20.279400,0
1,2,124.367068,18.863700,0
1,2,124.399500,28.204900,0
1,2,124.426865,27.464400,0
1,2,124.455325,14.744400,0
1,2,124.480849,28.456500,0
1,2,124.510094,23.970600,0
1,2,124.533310,15.110000,0
1,2,124.563603,26.516400,0
1,2,124.591812,19.573900,0
1,2,124.615212,18.780000,0
1,2,124.644888,25.826300,0
1,2,124.671781,19.249800,0
1,2,124.694432,23.558500,0
1,2,124.722654,16.687800,0
1,2,124.749278,26.824300,0
1,2,124.778177,20.196300,0
1,2,124.805243,21.900800,0
1,2,124.833332,24.501500,0
1,2,124.861432,29.762400,0
1,2,124.890769,15.865600,0
1,2,124.919854,28.685700,0
1,2,124.948370,31.329300,0
1,2,124.975928,21.157800,0
1,2,124.997189,26.574900,0
1,2,125.024753,20.082000,0
1,2,125.048553,23.760600,0
1,2,125.078226,27.654300,0
1,2,125.100494,17.830800,0
1,2,125.128843,26.654400,0
1,2,125.156307,19.748500,0
1,2,125.179890,15.910000,0
1,2,125.211149,25.579600,0
1,2,125.237751,19.727400,0
1,2,125.259656,25.605200,0
1,2,125.288045,18.103900,0
1,2,125.311801,25.506900,0
1,2,125.338178,14.027800,0
1,2,125.365804,22.249500,0
1,2,125.397865,23.800600,0
1,2,125.424411,21.945500,0
1,2,125.447407,20.382800,0
1,2,125.475403,26.130200,0
1,2,125.501327,19.177800,0
1,2,125.525746,24.521800,0
1,2,125.548230,19.518900,0
1,2,125.575064,20.367900,0
1,2,125.598280,19.781300,0
1,2,125.625224,16.256600,0
1,2,125.648982,18.031600,0
1,2,125.677277,24.687700,0
1,2,125.701973,18.232500,0
1,2,125.728719,22.023400,0
1,2,125.755922,19.366800,0
1,2,125.778574,19.868300,0
1,2,125.806983,17.690500,0
1,2,125.830659,27.241200,0
1,2,125.859368,25.600900,0
1,2,125.885295,21.534100,0
1,2,125.917141,21.187400,0
1,2,125.942478,26.171700,0
1,2,125.968134,19.134600,0
1,2,125.995311,24.970600,0
1,2,126.024121,16.488100,0
1,2,126.048461,20.612100,0
1,2,126.075941,19.721000,0
1,2,126.099934,19.133900,0
1,2,126.128303,25.685900,0
1,2,126.156290,18.083500,0
1,2,126.179183,21.816300,0
1,2,126.208786,22.391500,0
1,2,126.233057,24.278500,0
1,2,126.261199,23.248100,0
1,2,126.287777,19.371400,0
1,2,126.314296,25.806800,0
1,2,126.336912,19.065700,0
1,2,126.367213,23.317600,0
1,2,126.396745,26.210000,0
1,2,126.425181,19.199800,0
1,2,126.448988,20.902100,0
1,2,126.477911,24.555900,0
1,2,126.503070,16.518500,0
1,2,126.529078,23.522500,0
1,2,126.557404,16.691100,0
1,2,126.580673,26.170700,0
1,2,126.611024,21.972100,0
1,2,126.638792,19.696900,0
1,2,126.664025,26.225700,0
1,2,126.692509,20.681000,0
1,2,126.714950,20.643400,0
1,2,126.744807,27.499300,0
1,2,126.772664,22.071800,0
1,2,126.797481,18.931800,0
1,2,126.823555,22.701400,0
1,2,126.847607,25.234700,0
1,2,126.879178,27.395700,0
1,2,126.909971,14.581400,0
1,2,126.935232,24.864100,0
1,2,126.963101,28.613400,0
1,2,126.984479,13.921100,0
1,2,127.013085,26.183100,0
1,2,127.042658,21.291100,0
1,2,127.065148,26.889200,0
1,2,127.092490,18.847200,0
1,2,127.117168,20.097900,0
1,2,127.145244,25.088800,0
1,2,127.174067,16.206100,0
1,2,127.198606,25.569300,0
1,2,127.226521,26.320700,0
1,2,127.255756,23.176000,0
1,2,127.278997,19.060800,0
1,2,127.308171,17.122800,0
1,2,127.331466,21.325800,0
1,2,127.360194,26.265400,0
1,2,127.387993,20.794500,0
1,2,127.412876,25.629600,0
1,2,127.441117,18.969800,0
1,2,127.464157,20.507000,0
1,2,127.494138,25.444200,0
1,2,127.522125,22.332500,0
1,2,127.545059,19.591100,0
1,2,127.571843,19.887200,0
1,2,127.594031,20.317500,0
1,2,127.616689,15.554100,0
1,2,127.645190,23.651800,0
1,2,127.672805,20.438400,0
1,2,127.696880,20.544200,0
1,2,127.724943,19.008700,0
1,2,127.749833,18.782100,0
1,2,127.776317,18.709700,0
1,2,127.800980,21.436900,0
1,2,127.828883,23.101000,0
1,2,127.857392,17.290000,0
1,2,127.882585,28.269400,0
1,2,127.912076,25.189300,0
1,2,127.937720,22.133200,0
1,2,127.965191,26.339900,0
1,2,127.993143,25.830400,0
1,2,128.017482,18.318400,0
1,2,128.046262,25.952200,0
1,2,128.074802,19.912700,0
1,2,128.098070,23.337800,0
1,2,128.128121,26.271900,0
1,2,128.155310,15.249500,0
1,2,128.179489,25.513500,0
1,2,128.208432,19.262900,0
1,2,128.230382,18.821100,0
1,2,128.258944,21.329000,0
1,2,128.283202,21.254700,0
1,2,128.311040,23.085000,0
1,2,128.335645,20.412700,0
1,2,128.363282,25.348200,0
1,2,128.393668,23.201500,0
1,2,128.422886,22.089300,0
1,2,128.447559,26.199300,0
1,2,128.475195,20.963000,0
1,2,128.501450,22.905400,0
1,2,128.523326,19.446900,0
1,2,128.554446,20.498500,0
1,2,128.582019,22.235700,0
1,2,128.612377,27.992900,0
1,2,128.643840,22.591000,0
1,2,128.669437,24.321400,0
1,2,128.697524,26.083500,0
1,2,128.729910,32.824100,0
1,2,128.757756,19.143000,0
1,2,128.787930,20.320300,0
1,2,128.812343,27.552200,0
1,2,128.840534,17.379500,0
1,2,128.862997,18.267800,0
1,2,128.890065,19.524900,0
1,2,128.915103,26.165700,0
1,2,128.941943,21.701900,0
1,2,128.965323,22.069600,0
1,2,128.993741,26.070600,0
1,2,129.017385,19.581500,0
1,2,129.046046,20.202000,0
1,2,129.074995,19.328200,0
1,2,129.097515,25.318100,0
1,2,129.124794,23.357100,0
1,2,129.147085,19.004600,0
1,2,129.175160,20.091000,0
1,2,129.198479,18.810000,0
1,2,129.227067,26.127100,0
1,2,129.250329,18.409100,0
1,2,129.276866,24.603000,0
1,2,129.302689,19.229400,0
1,2,129.328984,26.590000,0
1,2,129.358493,16.736500,0
1,2,129.383031,22.053600,0
1,2,129.410557,27.464300,0
1,2,129.440154,13.861700,0
1,2,129.464636,27.131100,0
1,2,129.492043,22.560500,0
1,2,129.515382,19.401700,0
1,2,129.543422,20.780000,0
1,2,129.567908,19.539700,0
1,2,129.595815,25.115500,0
1,2,129.620840,17.137900,0
1,2,129.646646,24.430900,0
1,2,129.669073,16.574900,0
1,2,129.697560,26.538100,0
1,2,129.726050,22.386100,0
1,2,129.748793,19.310600,0
1,2,129.776671,20.099400,0
1,2,129.799775,20.544600,0
1,2,129.825870,25.574400,0
1,2,129.850687,19.395000,0
1,2,129.880496,20.243900,0
1,2,129.909242,23.124200,0
1,2,129.933477,27.006000,0
1,2,129.963747,26.152300,0
1,2,129.989794,21.868100,0
1,2,130.012204,23.097000,0
1,2,130.040149,21.840600,0
1,2,130.063892,25.591500,0
1,2,130.091268,20.145600,0
1,2,130.114815,26.470200,0
1,2,130.142243,18.341500,0
1,2,130.165117,19.085100,0
1,2,130.193728,26.093200,0
1,2,130.216569,20.113300,0
1,2,130.243819,23.318600,0
1,2,130.267203,20.379600,0
1,2,130.296683,24.462100,0
1,2,130.318816,15.194700,0
1,2,130.347176,23.374600,0
1,2,130.376920,22.725600,0
1,2,130.401588,19.529700,0
1,2,130.429912,27.273900,0
1,2,130.456594,19.348800,0
1,2,130.481219,17.730200,0
1,2,130.510089,23.145600,0
1,2,130.533524,23.712100,0
1,2,130.559732,21.530100,0
1,2,130.583843,17.559200,0
1,2,130.613225,23.933000,0
1,2,130.640075,15.559400,0
1,2,130.663271,26.707400,0
1,2,130.690885,17.782200,0
1,2,130.716598,22.238700,0
1,2,130.745121,21.281800,0
1,2,130.772906,17.288500,0
1,2,130.796852,24.222900,0
1,2,130.824215,21.053300,0
1,2,130.847325,22.347600,0
1,2,130.874276,21.383200,0
1,2,130.899819,21.342900,0
1,2,130.928433,22.932300,0
1,2,130.950859,19.186400,0
1,2,130.979650,24.216000,0
1,2,131.002333,15.514100,0
1,2,131.032568,26.351500,0
1,2,131.059061,26.796600,0
1,2,131.083636,21.807400,0
1,2,131.109936,19.910400,0
1,2,131.133792,20.895700,0
1,2,131.162701,24.057300,0
1,2,131.190292,16.729600,0
1,2,131.214533,27.271900,0
1,2,131.245253,27.891100,0
1,2,131.268477,17.744800,0
1,2,131.296267,25.705400,0
1,2,131.325931,20.061800,0
1,2,131.349119,19.028100,0
1,2,131.379084,21.140000,0
1,2,131.406544,17.166500,0
1,2,131.430825,26.151700,0
1,2,131.460073,15.294600,0
1,2,131.486251,28.471300,0
1,2,131.515308,29.077100,0
1,2,131.543792,23.009500,0
1,2,131.567779,15.831800,0
1,2,131.596199,22.193400,0
1,2,131.625468,19.791400,0
1,2,131.647864,24.377800,0
1,2,131.675065,19.931700,0
1,2,131.698179,20.704300,0
1,2,131.725389,22.932100,0
1,2,131.749593,21.025000,0
1,2,131.777161,17.788300,0
1,2,131.806124,18.202200,0
1,2,131.831371,17.479500,0
1,2,131.858173,15.882200,0
1,2,131.881330,25.979600,0
1,2,131.912554,25.506600,0
1,2,131.936437,22.344300,0
1,2,131.965092,22.447800,0
1,2,131.996210,26.909500,0
1,2,132.024089,16.130300,0
1,2,132.049052,23.183900,0
1,2,132.077426,21.594300,0
1,2,132.101394,19.217700,0
1,2,132.129669,24.679600,0
1,2,132.152980,14.880900,0
1,2,132.180765,26.627200,0
1,2,132.209698,21.098200,0
1,2,132.232308,20.951600,0
1,2,132.260664,24.201500,0
1,2,132.284604,24.229800,0
1,2,132.313399,23.403800,0
1,2,132.344202,20.938700,0
1,2,132.374768,21.354100,0
1,2,132.407003,29.803500,0
1,2,132.433013,27.148600,0
1,2,132.460323,21.801700,0
1,2,132.486013,27.085200,0
1,2,132.515784,25.243000,0
1,2,132.543084,27.158100,0
1,2,132.567815,22.019500,0
1,2,132.598174,30.275900,0
1,2,132.627357,20.189400,0
1,2,132.655546,22.464600,0
1,2,132.683676,27.317700,0
1,2,132.715511,28.032600,0
1,2,132.743642,24.561300,0
1,2,132.768684,24.930000,0
1,2,132.800041,26.581300,0
1,2,132.827475,20.768300,0
1,2,132.857528,22.931400,0
1,2,132.883315,24.698100,0
1,2,132.909589,27.635000,0
1,2,132.932907,22.593900,0
1,2,132.963691,26.022800,0
1,2,132.990279,15.425500,0
1,2,133.015138,25.412500,0
1,2,133.046934,27.690200,0
1,2,133.075784,23.398900,0
1,2,133.103473,19.556000,0
1,2,133.132103,24.392500,0
1,2,133.158094,21.471800,0
1,2,133.182781,22.388600,0
1,2,133.211658,26.743300,0
1,2,133.237126,14.068500,0
1,2,133.263094,26.672300,0
1,2,133.285562,14.247000,0
1,2,133.316403,29.161500,0
1,2,133.344901,21.903400,0
1,2,133.375207,15.415500,0
1,2,133.400333,21.896100,0
1,2,133.427696,25.417500,0
1,2,133.450444,20.223700,0
1,2,133.477631,21.923900,0
1,2,133.501067,19.068400,0
1,2,133.528264,27.430000,0
1,2,133.555192,18.606800,0
1,2,133.580226,18.444600,0
1,2,133.607787,20.198300,0
1,2,133.631472,27.851900,0
1,2,133.660894,22.438700,0
1,2,133.685124,23.757100,0
1,2,133.715723,26.245000,0
1,2,133.744481,19.645200,0
1,2,133.766927,19.074000,0
1,2,133.798289,26.221400,0
1,2,133.822501,16.297400,0
1,2,133.850811,25.348000,0
1,2,133.880303,29.732100,0
1,2,133.905572,20.927400,0
1,2,133.933103,22.519000,0
1,2,133.962861,22.026900,0
1,2,133.988502,16.578600,0
1,2,134.016036,24.419600,0
1,2,134.042324,16.591600,0
1,2,134.065364,24.057600,0
1,2,134.092568,21.553800,0
1,2,134.115916,17.389300,0
1,2,134.142569,19.689200,0
1,2,134.165551,19.292600,0
1,2,134.194182,20.634100,0
1,2,134.218546,19.003000,0
1,2,134.245746,26.738800,0
1,2,134.268431,19.295700,0
1,2,134.297685,26.116300,0
1,2,134.322837,23.315100,0
1,2,134.350162,25.476000,0
1,2,134.379653,25.955000,0
1,2,134.410218,22.808300,0
1,2,134.434896,21.915500,0
1,2,134.465534,28.856600,0
1,2,134.489680,15.274200,0
1,2,134.515036,26.016900,0
1,2,134.541842,16.729400,0
1,2,134.566767,25.385400,0
1,2,134.596714,21.370800,0
1,2,134.622948,17.313900,0
1,2,134.647484,24.701300,0
1,2,134.670325,23.156800,0
1,2,134.697730,24.062800,0
1,2,134.726471,21.590400,0
1,2,134.751222,20.433800,0
1,2,134.779875,26.037000,0
1,2,134.802776,20.476700,0
1,2,134.829665,22.995900,0
1,2,134.855019,17.711400,0
1,2,134.883505,25.632600,0
1,2,134.913463,27.965400,0
1,2,134.936162,16.449000,0
1,2,134.967364,25.429700,0
1,2,134.994865,28.357000,0
1,2,135.019459,20.303200,0
1,2,135.049253,22.030100,0
1,2,135.077606,20.422700,0
1,2,135.099348,17.581100,0
1,2,135.124268,21.047500,0
1,2,135.151852,19.105000,0
1,2,135.177945,26.983300,0
1,2,135.201477,20.460200,0
1,2,135.229145,21.467200,0
1,2,135.254060,20.537500,0
1,2,135.281646,27.150100,0
1,2,135.310527,20.720000,0
1,2,135.334637,22.899100,0
1,2,135.361796,24.613000,0
1,2,135.391874,20.543800,0
1,2,135.417174,27.914500,0
1,2,135.446479,26.523900,0
1,2,135.475533,15.099100,0
1,2,135.501125,29.795400,0
1,2,135.528401,25.918700,0
1,2,135.557409,20.150900,0
1,2,135.582938,24.056300,0
1,2,135.609480,21.203100,0
1,2,135.633550,23.100800,0
1,2,135.660214,26.895900,0
1,2,135.683102,21.384500,0
1,2,135.712182,26.200200,0
1,2,135.741333,17.808800,0
1,2,135.766066,27.136900,0
1,2,135.794253,19.230600,0
1,2,135.817944,19.401200,0
1,2,135.847413,26.959300,0
1,2,135.869708,19.290700,0
1,2,135.899823,25.293200,0
1,2,135.928768,23.044100,0
1,2,135.952351,18.095200,0
1,2,135.980628,25.560900,0
1,2,136.008502,20.756600,0
1,2,136.031531,18.554800,0
1,2,136.058243,17.888900,0
1,2,136.081099,19.625100,0
1,2,136.105075,20.613200,0
1,2,136.132248,25.319100,0
1,2,136.154924,18.757300,0
1,2,136.182046,23.138900,0
1,2,136.212617,21.881900,0
1,2,136.237761,22.202000,0
1,2,136.264273,25.627000,0
1,2,136.293058,25.560200,0
1,2,136.315914,19.614800,0
1,2,136.344406,22.363800,0
1,2,136.367314,25.601100,0
1,2,136.398477,26.049500,0
1,2,136.427618,23.640900,0
1,2,136.450428,27.918700,0
1,2,136.479535,24.363300,0
1,2,136.510111,21.671800,0
1,2,136.533599,24.142300,0
1,2,136.562476,26.941700,0
1,2,136.593454,16.253900,0
1,2,136.618168,26.536500,0
1,2,136.648398,26.769500,0
1,2,136.680617,30.966000,0
1,2,136.713280,22.102900,0
1,2,136.743263,18.710800,0
1,2,136.766513,19.511000,0
1,2,136.794464,17.316200,0
1,2,136.818065,19.451000,0
1,2,136.848323,26.213200,0
1,2,136.877025,17.157500,0
1,2,136.901808,18.003700,0
1,2,136.931111,28.869700,0
1,2,136.960256,20.700000,0
1,2,136.984599,25.792000,0
1,2,137.011513,21.290900,0
1,2,137.034633,20.297600,0
1,2,137.063443,26.404700,0
1,2,137.092552,21.576300,0
1,2,137.115272,28.069700,0
1,2,137.144251,27.841300,0
1,2,137.173236,20.856100,0
1,2,137.197594,26.953800,0
1,2,137.226147,21.525000,0
1,2,137.250435,19.263500,0
1,2,137.277623,24.404300,0
1,2,137.307186,21.461300,0
1,2,137.330583,17.323600,0
1,2,137.358851,21.432100,0
1,2,137.382847,24.013700,0
1,2,137.412876,25.724300,0
1,2,137.441000,19.136900,0
1,2,137.463963,19.972100,0
1,2,137.491081,18.932600,0
1,2,137.514748,26.426800,0
1,2,137.543240,22.631700,0
1,2,137.565961,25.393200,0
1,2,137.597413,21.822800,0
1,2,137.626790,17.416100,0
1,2,137.651207,20.858000,0
1,2,137.680166,25.798900,0
1,2,137.708299,16.142500,0
1,2,137.730272,26.129700,0
1,2,137.752706,15.938300,0
1,2,137.783459,24.834300,0
1,2,137.811688,27.955900,0
1,2,137.836901,20.226900,0
1,2,137.864962,25.727100,0
1,2,137.896102,22.556400,0
1,2,137.919068,23.262100,0
1,2,137.950134,25.887200,0
1,2,137.977906,26.899700,0
1,2,138.001509,19.530600,0
1,2,138.031749,23.343400,0
1,2,138.057044,22.379700,0
1,2,138.085689,19.783000,0
1,2,138.113697,23.635200,0
1,2,138.141097,18.051600,0
1,2,138.166295,21.192200,0
1,2,138.192541,21.922000,0
1,2,138.215554,20.800800,0
1,2,138.240040,18.474100,0
1,2,138.266319,24.259000,0
1,2,138.294637,26.122400,0
1,2,138.323815,20.012800,0
1,2,138.348842,19.982200,0
1,2,138.377273,22.899800,0
1,2,138.406833,21.125400,0
1,2,138.431729,27.352000,0
1,2,138.459150,18.619200,0
1,2,138.482761,24.361200,0
1,2,138.508711,20.201700,0
1,2,138.532973,24.474700,0
1,2,138.560749,25.363700,0
1,2,138.586798,20.804200,0
1,2,138.609913,22.266000,0
1,2,138.641123,26.479900,0
1,2,138.664921,21.430200,0
1,2,138.692873,21.411000,0
1,2,138.715295,25.150500,0
1,2,138.743450,20.374100,0
1,2,138.765733,18.392400,0
1,2,138.793268,21.525200,0
1,2,138.816652,19.303300,0
1,2,138.843867,25.518400,0
1,2,138.866201,20.726600,0
1,2,138.892920,23.286600,0
1,2,138.916831,21.680500,0
1,2,138.946898,21.494800,0
1,2,138.974173,17.475000,0
1,2,138.997971,23.062900,0
1,2,139.025839,21.919600,0
1,2,139.048233,20.983500,0
1,2,139.076215,23.967200,0
1,2,139.100053,21.251300,0
1,2,139.128769,26.048000,0
1,2,139.152223,19.390700,0
1,2,139.181149,25.543500,0
1,2,139.208339,18.981400,0
1,2,139.233059,21.983100,0
1,2,139.259394,20.347800,0
1,2,139.284941,21.915100,0
1,2,139.314066,24.670000,0
1,2,139.335926,15.398100,0
1,2,139.363842,26.058200,0
1,2,139.393583,20.380000,0
1,2,139.417463,19.127600,0
1,2,139.446733,23.148400,0
1,2,139.473873,17.379600,0
1,2,139.497712,24.142700,0
1,2,139.525438,15.717800,0
1,2,139.548141,25.369700,0
1,2,139.573137,19.374100,0
1,2,139.598326,20.818800,0
1,2,139.625898,19.955200,0
1,2,139.648612,20.778300,0
1,2,139.676557,19.763200,0
1,2,139.699487,20.826000,0
1,2,139.726164,21.575100,0
1,2,139.750978,26.261600,0
1,2,139.776985,23.546200,0
1,2,139.802058,19.152000,0
1,2,139.829770,23.578600,0
1,2,139.859445,20.109300,0
1,2,139.883002,26.288800,0
1,2,139.909779,24.529400,0
1,2,139.932634,20.835500,0
1,2,139.955374,18.593700,0
1,2,139.982830,22.547400,0
1,2,140.011301,24.884500,0
1,2,140.035475,22.297600,0
1,2,140.064711,28.161100,0
1,2,140.093954,21.703400,0
1,2,140.119037,28.381000,0
1,2,140.147767,26.734700,0
1,2,140.175297,21.423300,0
1,2,140.198330,23.923700,0
1,2,140.225787,22.389200,0
1,2,140.248590,26.902000,0
1,2,140.275247,22.037200,0
1,2,140.299123,24.492000,0
1,2,140.327988,20.060400,0
1,2,140.354939,20.866600,0
1,2,140.382089,28.283000,0
1,2,140.414839,21.936400,0
1,2,140.441261,15.508900,0
1,2,140.464545,23.415700,0
1,2,140.492580,17.747400,0
1,2,140.517980,25.757500,0
1,2,140.547019,20.309700,0
1,2,140.576724,16.686800,0
1,2,140.607422,25.918100,0
1,2,140.630882,19.585800,0
1,2,140.658305,21.140600,0
1,2,140.684409,32.842000,0
1,2,140.711461,30.062800,0
1,2,140.741026,21.411000,0
1,2,140.767608,21.452500,0
1,2,140.794480,24.622800,0
1,2,140.818110,21.299200,0
1,2,140.846726,27.211200,0
1,2,140.875922,21.646300,0
1,2,140.901609,25.854100,0
1,2,140.928781,21.045500,0
1,2,140.955375,17.477700,0
1,2,140.982106,23.763800,0
1,2,141.003919,19.537600,0
1,2,141.031935,23.231300,0
1,2,141.059157,21.142000,0
1,2,141.082167,17.053900,0
1,2,141.109151,19.701600,0
1,2,141.132899,23.842100,0
1,2,141.160190,24.032900,0
1,2,141.182936,19.421500,0
1,2,141.210932,25.155600,0
1,2,141.235520,17.769600,0
1,2,141.265121,27.575900,0
1,2,141.288566,15.401300,0
1,2,141.315773,20.742800,0
1,2,141.342798,20.523500,0
1,2,141.365282,18.171500,0
1,2,141.394403,19.932200,0
1,2,141.416407,16.814800,0
1,2,141.442502,16.825700,0
1,2,141.465312,19.389800,0
1,2,141.492009,20.152200,0
1,2,141.514963,18.536400,0
1,2,141.537578,20.966800,0
1,2,141.565642,26.296900,0
1,2,141.592925,24.680300,0
1,2,141.617076,20.234600,0
1,2,141.644550,26.082800,0
1,2,141.673616,23.721400,0
1,2,141.696558,24.255000,0
1,2,141.726739,15.251600,0
1,2,141.750316,24.836600,0
1,2,141.777969,22.802000,0
1,2,141.807272,20.347800,0
1,2,141.830157,21.883500,0
1,2,141.857964,23.633500,0
1,2,141.882651,26.522300,0
1,2,141.912607,26.312700,0
1,2,141.942102,16.112300,0
1,2,141.965471,22.328800,0
1,2,141.992516,19.680100,0
1,2,142.016875,22.362500,0
1,2,142.045001,28.263100,0
1,2,142.068753,20.327100,0
1,2,142.099138,27.994000,0
1,2,142.126602,28.375600,0
1,2,142.150733,20.312100,0
1,2,142.178829,22.224400,0
1,2,142.201772,19.404500,0
1,2,142.232710,24.505200,0
1,2,142.262504,27.614600,0
1,2,142.287958,20.856800,0
1,2,142.317150,28.936300,0
1,2,142.344269,19.719700,0
1,2,142.368875,25.998500,0
1,2,142.398141,28.279400,0
1,2,142.427712,23.268900,0
1,2,142.451224,25.064500,0
1,2,142.478858,25.720500,0
1,2,142.507847,16.708200,0
1,2,142.532325,26.616700,0
1,2,142.560824,21.358300,0
1,2,142.584701,24.126200,0
1,2,142.613571,26.082700,0
1,2,142.640784,14.464200,0
1,2,142.667963,20.839800,0
1,2,142.694737,18.144200,0
1,2,142.718755,20.250000,0
1,2,142.747098,25.675800,0
1,2,142.774661,17.047100,0
1,2,142.797204,21.236000,0
1,2,142.823845,19.587700,0
1,2,142.847467,24.992100,0
1,2,142.876444,20.711500,0
1,2,142.900406,27.344600,0
1,2,142.929269,22.171100,0
1,2,142.952787,14.124400,0
1,2,142.981587,26.333100,0
1,2,143.007182,21.327700,0
1,2,143.031122,23.710000,0
1,2,143.059674,19.053700,0
1,2,143.084019,21.643900,0
1,2,143.114233,24.566000,0
1,2,143.141546,16.336100,0
1,2,143.166383,24.247500,0
1,2,143.193817,25.749000,0
1,2,143.218904,19.237600,0
1,2,143.247920,26.570000,0
1,2,143.276327,22.718800,0
1,2,143.300911,21.051300,0
1,2,143.330087,21.794000,0
1,2,143.361267,22.722800,0
1,2,143.390409,26.003400,0
1,2,143.415102,26.473300,0
1,2,143.447765,28.891500,0
1,2,143.475275,17.167300,0
1,2,143.508626,26.381200,0
1,2,143.534346,27.060600,0
1,2,143.563349,26.057800,0
1,2,143.593266,21.711500,0
1,2,143.617391,26.320700,0
1,2,143.650413,25.567600,0
1,2,143.671658,22.600300,0
1,2,143.700744,26.934000,0
1,2,143.732182,27.276000,0
1,2,143.761411,22.364000,0
1,2,143.785843,19.334900,0
1,2,143.815596,26.884700,0
1,2,143.844849,23.345800,0
1,2,143.869812,26.114000,0
1,2,143.899600,22.036600,0
1,2,143.930565,29.566600,0
1,2,143.957794,20.820400,0
1,2,143.993265,24.238000,0
1,2,144.017177,22.765400,0
1,2,144.046989,24.964500,0
1,2,144.077205,17.096300,0
1,2,144.101310,26.037200,0
1,2,144.128434,25.427100,0
1,2,144.152321,21.094200,0
1,2,144.182134,25.437600,0
1,2,144.210190,17.303200,0
1,2,144.235072,27.655400,0
1,2,144.264538,26.657400,0
1,2,144.294255,18.836100,0
1,2,144.317506,26.318500,0
1,2,144.348306,30.554800,0
1,2,144.375664,16.607500,0
1,2,144.401709,25.474100,0
1,2,144.429798,25.245000,0
1,2,144.460418,15.697900,0
1,2,144.484876,25.425800,0
1,2,144.511689,24.739400,0
1,2,144.533425,18.066100,0
1,2,144.563276,26.050600,0
1,2,144.587548,20.509600,0
1,2,144.615868,19.310900,0
1,2,144.644814,18.601400,0
1,2,144.669251,18.971800,0
1,2,144.698598,26.081200,0
1,2,144.724902,16.392300,0
1,2,144.750105,25.929700,0
1,2,144.778116,20.370400,0
1,2,144.800912,17.975400,0
1,2,144.829549,27.727900,0
1,2,144.858198,19.401700,0
1,2,144.881335,23.227000,0
1,2,144.908611,22.365100,0
1,2,144.933758,19.480500,0
1,2,144.963939,25.950900,0
1,2,144.988858,20.489300,0
1,2,145.015792,23.757300,0
1,2,145.044445,15.749800,0
1,2,145.068161,18.373900,0
1,2,145.096946,20.316800,0
1,2,145.124683,19.402000,0
1,2,145.146840,24.099800,0
1,2,145.171990,19.343900,0
1,2,145.197264,21.164400,0
1,2,145.227729,19.585500,0
1,2,145.250854,18.550100,0
1,2,145.281097,27.002900,0
1,2,145.303069,18.493400,0
1,2,145.331598,21.344800,0
1,2,145.355119,13.166400,0
1,2,145.382385,26.366100,0
1,2,145.408967,18.337600,0
1,2,145.432237,27.773900,0
1,2,145.458840,19.140400,0
1,2,145.481848,27.614100,0
1,2,145.509035,20.479000,0
1,2,145.531797,23.642900,0
1,2,145.559480,21.020700,0
1,2,145.582663,26.499300,0
1,2,145.609786,21.540500,0
1,2,145.634870,20.016300,0
1,2,145.662001,24.267900,0
1,2,145.693780,21.744900,0
1,3,152.800457,23.580800,0
