Cycle,Round,WallSeconds,FrameMS,GameBusyMS,RenderBusyMS,RHIBusyMS
1,1,27.514083,24.659701,3.098800,24.961201,2.361400
1,1,27.544510,30.427199,2.866800,30.086201,1.839300
1,1,27.573091,28.580002,3.371000,28.526300,2.030800
1,1,27.603123,30.032400,5.620300,30.278200,2.456200
1,1,27.628927,25.803898,5.125900,25.346800,2.196200
1,1,27.653402,24.475500,3.934000,24.409599,2.473200
1,1,27.680835,27.432401,4.360700,27.814699,2.371600
1,1,27.711779,30.944001,3.270000,30.181601,1.918400
1,1,27.742375,30.596200,4.300600,31.221500,2.552200
1,1,27.766795,24.420097,4.385000,24.697901,2.699300
1,1,27.796320,29.525302,3.712200,29.241899,3.064100
1,1,27.823271,26.950300,3.625300,27.113899,1.964600
1,1,27.853745,30.474000,3.008800,30.600401,2.032700
1,1,27.876924,23.179501,3.022400,23.251600,2.037500
1,1,27.905625,28.701298,5.023000,27.944901,3.443700
1,1,27.930006,24.380602,4.336300,25.009701,2.141400
1,1,27.962347,32.340698,3.219800,30.367500,1.790400
1,1,27.986515,24.168201,5.181200,25.886801,2.280900
1,1,28.013761,27.245998,3.572100,27.480499,2.419600
1,1,28.043855,30.094102,3.293900,29.467199,1.948000
1,1,28.071973,28.118301,3.857000,28.829000,2.505300
1,1,28.097835,25.862198,3.336400,25.490400,1.917900
1,1,28.126909,29.073302,3.673300,28.986601,2.046100
1,1,28.149090,22.181198,3.496300,22.555799,2.001900
1,1,28.177740,28.650399,2.889400,28.072399,2.228600
1,1,28.206555,28.815001,3.718700,29.412001,2.104100
1,1,28.231158,24.603099,3.173600,23.781000,2.047300
1,1,28.260347,29.188700,3.837600,29.673300,2.088700
1,1,28.288734,28.386902,3.901000,28.200300,2.475800
1,1,28.312456,23.722198,3.286900,23.543699,1.917200
1,1,28.340183,27.727101,3.358300,28.223801,3.609300
1,1,28.364603,24.419300,3.227900,24.141600,1.911100
1,1,28.394561,29.958598,2.865100,30.017000,1.800600
1,1,28.423094,28.533000,3.007500,28.779100,2.072200
1,1,28.445845,22.750802,2.792200,22.677299,2.301800
1,1,28.473164,27.318601,2.821300,27.216700,1.697900
1,1,28.497380,24.216298,3.222500,24.283800,2.083900
1,1,28.525575,28.195400,2.857100,27.770000,1.824100
1,1,28.555012,29.437002,3.277800,29.479900,1.971400
1,1,28.577578,22.565100,4.925200,22.350700,2.199900
1,1,28.605430,27.852397,3.620800,28.295300,2.466200
1,1,28.629022,23.591802,3.687000,23.052700,1.889500
1,1,28.656402,27.380098,3.656100,28.014000,2.123100
1,1,28.681004,24.602503,2.902900,24.617100,1.717600
1,1,28.709987,28.982300,2.617500,28.440599,1.861800
1,1,28.738302,28.315399,3.287500,28.448900,2.120500
1,1,28.761071,22.768699,3.333700,22.612101,2.735800
1,1,28.789038,27.967703,3.777500,28.344400,3.022700
1,1,28.812330,23.291100,3.393900,23.133400,2.572800
1,1,28.836856,24.526898,5.229900,24.871201,2.091600
1,1,28.862898,26.041802,2.829300,25.360600,2.000100
1,1,28.889478,26.580099,3.615800,26.745300,1.858100
1,1,28.914269,24.791099,3.760500,25.017300,2.122400
1,1,28.945454,31.184301,3.163800,31.019600,1.948900
1,1,28.972228,26.774399,3.297700,27.086700,1.756500
1,1,28.995889,23.660801,2.904200,23.420799,1.716200
1,1,29.024737,28.848499,3.093400,28.577801,1.929800
1,1,29.047480,22.742301,4.056700,22.824900,2.545300
1,1,29.075321,27.841199,3.436700,27.835800,1.853100
1,1,29.104608,29.287498,3.551800,29.238300,2.012700
1,1,29.127750,23.141902,3.744900,23.069300,2.154100
1,1,29.156607,28.857101,3.755100,28.832199,2.055800
1,1,29.178443,21.835499,3.580500,22.190100,2.108800
1,1,29.210301,31.857900,3.240800,31.463499,2.127900
1,1,29.236913,26.612502,4.389000,26.943800,2.021600
1,1,29.260070,23.156598,3.437500,23.177700,1.880300
1,1,29.288087,28.016802,3.451000,27.843700,1.731700
1,1,29.312290,24.203297,3.999500,24.354000,1.695600
1,1,29.337621,25.331102,3.470300,25.366301,2.061000
1,1,29.360405,22.783499,3.339200,22.708599,1.631700
1,1,29.382437,22.032399,3.101900,22.403799,2.039900
1,1,29.411074,28.637201,2.653600,27.638599,1.917300
1,1,29.438298,27.224001,3.861100,28.135401,1.945800
1,1,29.463432,25.133502,2.631200,24.865700,1.637800
1,1,29.489319,25.887500,3.028500,26.086599,1.860600
1,1,29.513209,23.889899,2.765200,23.427601,1.600400
1,1,29.539795,26.585598,3.146200,27.222000,1.845200
1,1,29.569003,29.208302,2.614200,28.829901,2.073900
1,1,29.591562,22.559498,3.204500,22.299999,1.886800
1,1,29.619503,27.940903,3.746000,28.095301,1.918800
1,1,29.642024,22.520799,3.442500,22.415899,1.832000
1,1,29.663464,21.440201,3.160600,21.699900,2.210300
1,1,29.690047,26.582800,4.600800,26.747700,1.807500
1,1,29.715139,25.091801,3.000800,25.072399,1.764100
1,1,29.742560,27.420700,2.656300,26.570900,1.522700
1,1,29.770229,27.668800,3.973000,28.344601,2.453600
1,1,29.793056,22.827398,3.190100,22.678900,3.542000
1,1,29.821545,28.488800,3.200400,28.767300,2.148100
1,1,29.845730,24.185099,2.662000,24.077700,1.979200
1,1,29.871905,26.175402,2.687500,25.829800,1.938300
1,1,29.895351,23.445800,3.044900,23.468100,1.664600
1,1,29.922100,26.749399,3.192500,26.950701,1.915400
1,1,29.944973,22.872400,2.831800,22.647900,2.138500
1,1,29.973592,28.619502,3.012800,28.880699,1.755800
1,1,29.997236,23.643900,3.114300,23.538401,2.406000
1,1,30.024271,27.035099,2.992200,27.066000,1.701900
1,1,30.047655,23.383502,3.152000,23.107401,1.911500
1,1,30.076059,28.404199,4.542800,28.551600,1.499300
1,1,30.098083,22.024103,3.079200,22.351601,2.403600
1,1,30.128047,29.964298,2.542700,29.482401,1.680800
1,1,30.154968,26.920799,3.255100,27.184700,1.667900
1,1,30.177978,23.009900,2.707200,22.732300,1.401500
1,1,30.201858,23.880400,2.962700,24.231800,1.925100
1,1,30.228505,26.646700,2.632600,26.284700,1.534000
1,1,30.249622,21.117102,3.159800,21.493601,2.167900
1,1,30.278324,28.701201,2.970800,28.554600,1.707400
1,1,30.300338,22.014398,2.783400,22.108900,1.764000
1,1,30.333578,33.240501,2.553700,29.089199,1.394500
1,1,30.353065,19.487001,9.162200,22.557600,1.701600
1,1,30.379617,26.551899,3.902400,27.233500,1.731800
1,1,30.410807,31.189699,3.254700,29.886299,2.210300
1,1,30.438903,28.095800,4.612000,28.968100,2.012600
1,1,30.462126,23.223002,3.547300,22.402100,1.806400
1,1,30.485250,23.123801,4.650800,24.194599,2.454100
1,1,30.510728,25.478799,3.335900,25.445101,1.786100
1,1,30.535505,24.776500,3.262000,24.402000,2.018100
1,1,30.560520,25.015399,3.739800,25.151899,1.777800
1,1,30.588881,28.360602,3.559700,28.898899,1.779500
1,1,30.611236,22.355400,3.108300,22.391500,2.017700
1,1,30.635942,24.706099,2.875600,24.368999,1.834600
1,1,30.660991,25.048699,3.170800,25.332600,1.852800
1,1,30.688089,27.097501,2.835600,26.924000,1.829800
1,1,30.711309,23.220699,2.969100,23.052200,1.943300
1,1,30.738876,27.567100,4.012200,27.516701,2.497100
1,1,30.763619,24.742503,3.467200,24.584101,2.070800
1,1,30.789602,25.983397,3.506900,26.552299,1.969900
1,1,30.813451,23.848902,2.798000,22.526199,1.999900
1,1,30.840099,26.647899,4.151900,27.762100,1.908100
1,1,30.864958,24.859399,3.003100,24.377399,1.916100
1,1,30.893734,28.775901,4.099000,28.436701,2.367700
1,1,30.925066,31.331301,4.551700,31.922800,2.161900
1,1,30.957877,32.811701,4.036300,33.298801,2.357800
1,1,30.983679,25.801100,3.739300,25.541300,2.219300
1,1,31.011563,27.883999,3.409600,28.027000,1.875100
1,1,31.043100,31.537101,2.950900,30.989100,1.746200
1,1,31.071801,28.701797,3.886100,29.196699,1.872000
1,1,31.096918,25.116600,3.232700,24.864401,2.115900
1,1,31.126163,29.244803,3.218000,28.745100,2.046600
1,1,31.153608,27.445100,4.261300,28.348499,2.241500
1,1,31.178260,24.652500,3.470700,24.309999,1.891400
1,1,31.205751,27.490299,3.072900,27.396999,1.764600
1,1,31.228787,23.036700,3.137000,23.431700,1.516800
1,1,31.257392,28.604798,2.739600,28.573099,1.544800
1,1,31.287082,29.689901,3.451000,29.571400,1.849700
1,1,31.311019,23.937300,3.250400,23.359200,1.803000
1,1,31.339386,28.366901,4.006800,28.878201,1.878800
1,1,31.371252,31.865202,3.683800,31.004999,1.672500
1,1,31.396941,25.689498,4.818400,26.398199,2.237800
1,1,31.424735,27.794201,3.230500,26.500999,1.673300
1,1,31.447138,22.402301,4.307400,23.501499,1.695000
1,1,31.477277,30.139297,3.145300,30.401300,2.003200
1,1,31.501889,24.612300,3.775200,24.777100,2.109100
1,1,31.527969,26.080400,2.819900,25.689800,1.947300
1,1,31.558070,30.100003,3.469100,30.343201,1.956100
1,1,31.584053,25.983397,3.506200,25.815100,1.860900
1,1,31.610881,26.828103,3.381700,26.512899,1.822000
1,1,31.640712,29.830799,3.574900,30.085400,1.916300
1,1,31.663544,22.831902,3.245800,22.825300,1.813200
1,1,31.691635,28.091498,3.474100,27.936701,1.800100
1,1,31.718192,26.556600,3.659200,26.417601,1.661500
1,1,31.747439,29.247701,3.590200,29.494699,1.887800
1,1,31.776688,29.248402,3.079400,29.001900,1.865100
1,1,31.804632,27.944297,3.701600,27.934000,1.901600
1,1,31.827359,22.726502,3.937200,22.993999,1.948400
1,1,31.857308,29.949300,4.619600,30.083599,2.448800
1,1,31.880645,23.337398,3.813500,23.080601,2.349900
1,1,31.911791,31.145602,3.515900,30.999100,2.040600
1,1,31.941388,29.596601,3.350000,29.602800,2.034400
1,1,31.969147,27.758900,3.792200,27.942699,1.943400
1,1,31.992101,22.954699,3.703100,23.004801,2.037900
1,1,32.018785,26.683401,3.692000,27.115000,1.864100
1,1,32.043895,25.110498,2.821200,24.640400,1.691400
1,1,32.070209,26.313800,3.566400,26.426901,2.179600
1,1,32.093758,23.549199,3.309200,23.187099,2.027200
1,1,32.115493,21.735400,3.285900,22.279900,1.914800
1,1,32.143881,28.387301,2.740900,28.308100,3.701700
1,1,32.172587,28.706100,2.824400,28.500099,2.181000
1,1,32.195210,22.622999,3.125700,23.033899,1.599100
1,1,32.223117,27.907401,2.601200,27.272600,1.580800
1,1,32.246223,23.106102,3.498400,23.080700,1.952400
1,1,32.274973,28.749600,4.085000,28.946301,2.168300
1,1,32.297518,22.545397,4.436900,22.480000,2.510100
1,1,32.324273,26.754200,4.682400,26.635799,1.932900
1,1,32.347471,23.198899,3.848900,23.341299,2.161700
1,1,32.376316,28.844602,3.360200,28.429600,1.704400
1,1,32.404479,28.162900,3.856700,27.897499,1.611800
1,1,32.428468,23.989499,4.163600,24.112000,2.417200
1,1,32.450503,22.034299,3.859200,22.836901,1.742000
1,1,32.477249,26.746001,2.909100,26.805700,1.491000
1,1,32.504998,27.749501,2.701400,27.869301,1.855300
1,1,32.527680,22.681601,2.455300,22.436800,1.780100
1,1,32.554237,26.556797,2.827900,26.460600,1.832500
1,1,32.577402,23.165300,3.147800,23.040100,1.819100
1,1,32.603041,25.638700,3.000900,25.911301,2.011200
1,1,32.627369,24.328701,2.650600,24.195400,1.392300
1,1,32.653806,26.436400,2.755100,26.373699,1.812100
1,1,32.677811,24.005000,3.064000,24.180401,1.560800
1,1,32.706975,29.164199,2.679500,29.184799,1.925200
1,1,32.730983,24.007600,2.859700,23.845200,2.022300
1,1,32.758538,27.555902,2.937000,27.552601,1.600600
1,1,32.784933,26.394200,2.792200,25.996599,1.823300
1,1,32.809130,24.196900,3.221100,24.642300,1.775800
1,1,32.836951,27.821101,2.729400,27.859699,1.619400
1,1,32.860652,23.701601,2.748700,23.462000,1.599500
1,1,32.889917,29.264599,3.723100,29.440399,2.062600
1,1,32.913293,23.375601,2.934300,23.339399,2.036500
1,1,32.940410,27.117200,2.812600,27.085600,1.701400
1,1,32.970362,29.952198,2.713100,28.863800,1.461400
1,1,32.991663,21.300901,4.311900,22.536301,1.581100
1,1,33.021438,29.774800,2.809700,29.471701,1.746700
1,1,33.045238,23.800198,3.177100,23.796200,1.736400
1,1,33.071651,26.413303,2.999100,26.350000,1.817900
1,1,33.094467,22.815499,3.134700,22.476000,2.202300
1,1,33.122572,28.105799,3.368900,28.458300,2.736400
1,1,33.144764,22.191498,3.403400,22.357901,2.676800
1,1,33.169745,24.981502,2.825200,24.766600,1.458400
1,1,33.193524,23.778301,3.127300,23.729401,1.479600
1,1,33.221530,28.006099,2.845600,28.112900,1.667400
1,1,33.245825,24.295200,2.805200,23.916000,1.784600
1,1,33.269405,23.579698,3.138900,24.105499,1.707100
1,1,33.295830,26.425000,2.661900,26.024300,1.628600
1,1,33.318798,22.968702,3.197300,23.232500,2.317100
1,1,33.346789,27.990699,2.978500,27.237499,2.076300
1,1,33.373775,26.985500,3.593400,27.932100,2.030600
1,1,33.397119,23.344900,2.549700,23.210600,1.797500
1,1,33.424409,27.289599,2.808900,27.590401,1.694900
1,1,33.451250,26.840601,2.517400,26.265900,2.131900
1,1,33.476204,24.954300,3.389900,25.058100,1.497200
1,1,33.504469,28.264798,2.865100,28.478800,1.817400
1,1,33.527219,22.750501,2.766700,22.743299,1.513900
1,1,33.555266,28.046500,2.732400,27.842800,2.022300
1,1,33.578390,23.123901,2.884100,22.937401,1.769200
1,1,33.605056,26.666600,3.034300,27.122499,1.826800
1,1,33.629501,24.445198,2.550700,24.001600,1.929500
1,1,33.656006,26.504502,3.034200,26.673901,2.144600
1,1,33.678650,22.644300,2.993000,22.596600,1.602500
1,1,33.705172,26.521798,2.756000,26.430500,1.779500
1,1,33.728975,23.802802,3.165600,23.720501,1.802900
1,1,33.754734,25.758799,2.903100,25.877100,1.914000
1,1,33.777412,22.678699,2.869900,22.827700,1.567100
1,1,33.804906,27.493499,2.868500,27.331100,1.693400
1,1,33.828416,23.510400,2.735500,22.176300,1.695200
1,1,33.854963,26.546702,5.181400,27.823601,2.058200
1,1,33.877483,22.519797,3.089900,22.389999,2.067800
1,1,33.904790,27.307604,3.465100,27.466000,2.122000
1,1,33.928932,24.141297,4.212000,23.792700,1.870000
1,1,33.955319,26.387602,3.624800,26.762400,2.347700
1,1,33.977835,22.515401,3.155700,22.242599,1.671100
1,1,34.004640,26.805297,3.639300,27.041901,2.159300
1,1,34.026898,22.258401,3.245400,22.213900,1.635100
1,1,34.049698,22.799302,3.994900,22.939501,1.657800
1,1,34.076331,26.633698,3.057700,26.510000,1.591900
1,1,34.103985,27.653400,2.942500,27.613199,1.774900
1,1,34.125833,21.848302,2.943100,22.057301,1.382600
1,1,34.148580,22.746500,2.603700,22.899099,1.548300
1,1,34.176456,27.876399,2.386300,27.427900,1.705800
1,1,34.204763,28.307498,2.954600,28.575701,1.790000
1,1,34.227862,23.099001,2.602200,22.666000,1.728100
1,1,34.254150,26.287202,2.954100,26.450600,1.789700
1,1,34.276459,22.309497,3.011200,22.253099,1.759700
1,1,34.304075,27.615502,3.182000,27.143499,1.831200
1,1,34.328857,24.782497,3.446500,25.104500,1.488500
1,1,34.351688,22.830501,3.306400,23.184401,2.038800
1,1,34.377717,26.029199,2.695100,25.774099,2.142700
1,1,34.407160,29.443402,3.503900,29.319700,2.144800
1,1,34.427637,20.476699,3.485300,20.647301,2.035900
1,1,34.456011,28.373599,3.351300,28.613100,1.595400
1,1,34.479742,23.731001,3.326100,22.706900,1.729300
1,1,34.507124,27.382601,3.661400,27.972601,1.975500
1,1,34.528590,21.465600,3.628000,21.630400,1.931900
1,1,34.555148,26.558500,3.201800,26.371700,2.230000
1,1,34.579077,23.928698,3.113600,23.649200,1.575700
1,1,34.606273,27.195502,3.222900,27.595400,1.623800
1,1,34.629095,22.822201,3.027700,22.109600,1.571600
1,1,34.655735,26.640698,3.601200,26.919901,2.020200
1,1,34.680559,24.823699,3.880800,24.934000,2.135500
1,1,34.706859,26.300400,3.730700,26.302200,1.966500
1,1,34.729597,22.737101,3.293500,22.051701,1.694100
1,1,34.755291,25.694799,4.046600,26.636999,2.449600
1,1,34.777569,22.277102,2.900400,22.244600,2.156300
1,1,34.802445,24.876498,3.063700,25.066099,1.896400
1,1,34.827171,24.726201,2.781300,24.521500,1.694000
1,1,34.849103,21.932200,2.961700,22.267599,1.589400
1,1,34.875465,26.361302,2.429600,25.968599,1.763400
1,1,34.904647,29.182099,2.807600,29.222401,2.089600
1,1,34.928229,23.581702,2.936000,23.561800,1.458600
1,1,34.955803,27.574599,3.540100,27.675200,1.899400
1,1,34.979172,23.368601,3.048400,23.520800,1.960400
1,1,35.006869,27.696900,2.638900,27.556101,1.640800
1,1,35.037410,30.541200,2.957700,30.527000,1.808600
1,1,35.061157,23.747098,2.893600,23.441000,1.675800
1,1,35.087248,26.091199,3.353200,26.388800,1.814400
1,1,35.110125,22.877000,2.702400,22.873400,1.444900
1,1,35.137986,27.861003,2.940400,27.675600,1.786600
1,1,35.161276,23.289599,2.869200,23.513500,1.500600
1,1,35.183644,22.367802,2.671900,22.414101,1.984000
1,1,35.212616,28.972097,2.500100,28.665899,1.582800
1,1,35.240628,28.011903,2.865300,28.361500,2.005600
1,1,35.267744,27.116898,2.771400,27.006701,1.736200
1,1,35.293588,25.844000,2.840100,25.523199,1.513200
1,1,35.325778,32.189701,3.000500,31.896700,2.081500
1,1,35.348566,22.788100,3.938500,23.176300,1.675500
1,1,35.374280,25.714200,2.810900,25.889299,1.595400
1,1,35.398991,24.710700,2.573700,24.851000,1.545800
1,1,35.431325,32.333899,2.660000,28.698500,1.690500
1,1,35.453487,22.162300,7.035700,25.068300,1.857300
1,1,35.480387,26.899800,3.287900,26.902901,1.691000
1,1,35.507891,27.503699,3.276400,27.408800,1.988200
1,1,35.539128,31.237200,3.436100,31.309799,2.071300
1,1,35.563351,24.222903,3.342000,24.661400,1.826800
1,1,35.590739,27.388200,2.786400,27.212700,1.502900
1,1,35.620756,30.016698,2.972400,29.621500,1.803800
1,1,35.645065,24.309199,3.554500,24.463200,1.693100
1,1,35.673531,28.465502,3.334500,28.430201,1.796400
1,1,35.695607,22.076100,3.543300,22.052500,2.002100
1,1,35.724538,28.931499,3.959300,29.125500,1.967600
1,1,35.747225,22.686902,3.056400,22.993401,1.799500
1,1,35.776483,29.258497,2.704100,28.619801,1.606100
1,1,35.803175,26.691701,3.575800,26.995001,1.914900
1,1,35.825254,22.078499,3.295200,22.083099,1.885000
1,1,35.848917,23.663502,2.944600,23.510201,1.755700
1,1,35.875994,27.076699,3.253100,27.103701,1.567600
1,1,35.903212,27.218498,3.231000,27.650101,1.974100
1,1,35.928414,25.201302,2.760300,24.842199,1.817700
1,1,35.955819,27.405500,3.239700,27.634600,1.665700
1,1,35.979539,23.720101,2.850100,22.974501,1.839100
1,1,36.006120,26.580300,3.363500,27.379200,1.760200
1,1,36.029269,23.149498,2.810500,22.737801,1.837500
1,1,36.056089,26.819602,3.305700,27.156900,1.895500
1,1,36.079106,23.017097,2.562300,22.792299,1.435000
1,1,36.107553,28.447501,2.918800,28.336399,1.754200
1,1,36.134040,26.486602,3.129700,26.249300,1.553900
1,1,36.157620,23.580000,3.622200,23.871599,1.674200
1,1,36.182158,24.538200,3.357300,24.645901,1.392400
1,1,36.209154,26.996098,3.053700,27.286900,1.465900
1,1,36.240511,31.356800,2.643000,30.975401,1.828800
1,1,36.264013,23.502298,3.341300,23.754299,1.548800
1,1,36.291350,27.336501,2.711600,27.136600,1.546400
1,1,36.314339,22.989500,2.774700,22.779301,1.723000
1,1,36.341513,27.173299,3.661400,27.274000,1.678200
1,1,36.364161,22.648502,2.883100,22.797400,1.509500
1,1,36.392748,28.587300,2.676000,28.408701,1.741200
1,1,36.415344,22.595599,2.954700,22.584700,1.716100
1,1,36.442025,26.680700,3.302300,26.801100,1.494800
1,1,36.467047,25.022399,2.841400,25.206100,1.983500
1,1,36.491779,24.731901,2.768100,24.688200,1.536400
1,1,36.514945,23.165800,2.618400,23.309799,1.613100
1,1,36.543811,28.866101,2.666200,28.318701,1.499900
1,1,36.570383,26.572399,3.168200,26.901300,1.815400
1,1,36.593035,22.652101,2.878800,22.400299,1.665600
1,1,36.620393,27.357899,2.836000,27.719900,1.653000
1,1,36.645101,24.707701,3.041200,24.253099,1.823900
1,1,36.673385,28.284401,3.232500,28.586399,2.006300
1,1,36.696009,22.623498,3.005800,22.563801,1.696700
1,1,36.723489,27.479801,3.067200,27.818001,1.690900
1,1,36.746844,23.355301,2.516900,22.491699,1.698500
1,1,36.775085,28.240599,3.389700,28.719299,1.979300
1,1,36.798780,23.695000,2.960500,23.558399,1.672900
1,1,36.829197,30.417800,3.129700,30.074699,1.395400
1,1,36.856795,27.597502,3.461100,27.779699,2.010500
1,1,36.881038,24.243500,3.510300,24.281799,1.802100
1,1,36.910241,29.202599,3.002400,29.004299,1.580100
1,1,36.933416,23.174699,3.488700,23.452400,1.781700
1,1,36.962792,29.376499,3.182100,29.418900,1.489100
1,1,36.989973,27.180400,3.062000,27.281799,1.678600
1,1,37.013901,23.928899,2.848500,23.777201,1.434000
1,1,37.040721,26.819002,2.893000,27.232700,1.847600
1,1,37.063286,22.565499,2.689200,22.134501,1.987500
1,1,37.092332,29.046100,3.358400,29.097799,1.792800
1,1,37.117773,25.440600,3.069300,25.331600,1.760600
1,1,37.145176,27.403101,3.000800,27.339600,1.581800
1,1,37.175645,30.469500,3.161400,30.673401,2.000600
1,1,37.198817,23.172200,3.388600,22.971701,2.140400
1,1,37.225490,26.672002,3.141800,26.729099,1.643000
1,1,37.248857,23.367397,2.844100,23.514500,1.797200
1,1,37.276865,28.008301,2.729900,27.460501,1.654400
1,1,37.300453,23.588300,3.654100,23.983299,1.696000
1,1,37.324656,24.202902,3.152500,24.552799,1.493800
1,1,37.353491,28.834898,2.698600,28.411600,1.786300
1,1,37.377564,24.072699,3.060500,24.188400,1.657700
1,1,37.399712,22.147603,2.921500,22.443100,2.051800
1,1,37.428600,28.888397,2.623600,28.517599,1.473800
1,1,37.455315,26.715301,3.347700,26.898899,2.022900
1,1,37.480564,25.249001,2.772100,24.053499,1.736600
1,1,37.508406,27.841400,4.146500,29.145201,1.538300
1,1,37.531321,22.915099,2.710200,22.901600,1.713200
1,1,37.558052,26.731599,2.512400,26.538000,1.625800
1,1,37.581835,23.783002,2.796500,24.045500,1.735600
1,1,37.610738,28.902300,2.543200,28.498800,2.286200
1,1,37.637715,26.977099,2.962700,27.129801,1.977900
1,1,37.660086,22.371400,3.196400,22.297899,2.001600
1,1,37.683637,23.551300,3.216300,23.475700,1.582100
1,1,37.713416,29.778499,3.138900,30.140900,1.753800
1,1,37.740416,26.999701,2.789300,26.782200,1.660900
1,1,37.764797,24.381701,3.141400,24.239901,1.512000
1,1,37.793380,28.582998,3.420900,28.521200,1.527300
1,1,37.820971,27.590200,3.404900,27.844200,1.899400
1,1,37.845518,24.547402,2.936100,24.071800,1.803400
1,1,37.872801,27.283199,3.321500,27.623400,2.628800
1,1,37.898211,25.410101,2.930100,25.114599,1.984100
1,1,37.926425,28.213400,3.208400,28.305700,1.919800
1,1,37.953647,27.222298,2.857600,25.790001,1.592100
1,1,37.978621,24.974201,4.238100,26.436001,1.965100
1,1,38.008664,30.042998,3.667300,30.279400,1.711000
1,1,38.031919,23.254801,2.919400,23.056801,1.619500
1,1,38.062081,30.161802,2.968800,29.814100,1.786400
1,1,38.093137,31.056598,3.509700,31.150499,1.897000
1,1,38.116004,22.866201,3.762000,22.910101,1.921600
1,1,38.144077,28.072901,3.616400,28.007999,1.830200
1,1,38.173068,28.991401,4.089100,29.334200,2.084900
1,1,38.195792,22.724498,2.857800,22.256599,1.874900
1,1,38.222733,26.940502,3.207200,27.274599,1.890300
1,1,38.245425,22.691898,2.892700,22.393999,1.739900
1,1,38.274029,28.604202,3.316500,29.063101,2.044800
1,1,38.298319,24.289500,2.876300,23.861401,2.022200
1,1,38.326661,28.342798,2.929200,28.386999,1.639600
1,1,38.355559,28.897900,2.987400,28.950800,1.657500
1,1,38.379272,23.713201,3.161800,23.922400,1.544000
1,1,38.408005,28.732698,2.640100,28.549999,1.549000
1,1,38.433533,25.528099,2.888500,25.811001,1.765400
1,1,38.458991,25.458101,2.773900,25.331900,1.541900
1,1,38.482031,23.039300,3.186700,22.974800,1.947300
1,1,38.510781,28.749999,2.909700,28.507700,1.562700
1,1,38.533060,22.279900,3.189900,22.517900,1.883200
1,1,38.561604,28.543603,2.908500,28.451300,1.512300
1,1,38.588195,26.591200,3.161600,26.667700,2.186600
1,1,38.611963,23.767497,2.833600,23.733101,1.565100
1,1,38.636743,24.780501,2.766000,24.204399,2.439800
1,1,38.661743,24.999999,3.356500,25.230000,2.074300
1,1,38.689158,27.414400,3.699800,27.637899,1.765000
1,1,38.711764,22.606701,3.184700,22.345501,2.460300
1,1,38.739463,27.698901,3.311300,28.242399,1.568000
1,1,38.761840,22.376399,3.953800,22.287901,1.388000
1,1,38.788882,27.042501,2.879000,26.935301,1.739100
1,1,38.812032,23.150101,3.048400,22.727699,1.586400
1,1,38.834219,22.186797,3.810200,22.312099,1.774700
1,1,38.862699,28.479703,2.997900,28.132601,1.918900
1,1,38.889149,26.450500,3.410200,26.623800,2.165000
1,1,38.914175,25.025398,3.145100,25.188200,1.845100
1,1,38.944049,29.873900,2.955500,29.883801,2.523400
1,1,38.973436,29.387102,3.424800,29.455099,1.810700
1,1,38.996045,22.609700,4.007500,22.365101,2.582400
1,1,39.025155,29.109500,3.187400,29.554800,1.883600
1,1,39.054732,29.577401,2.425900,29.535400,1.749400
1,1,39.078897,24.164300,2.598500,23.965799,1.995100
1,1,39.106633,27.736299,2.865200,27.786800,1.705300
1,1,39.130082,23.448601,2.980100,22.980499,1.540900
1,1,39.160802,30.720998,3.305200,31.304701,1.864600
1,1,39.189685,28.882802,3.030500,28.493401,2.089700
1,1,39.212854,23.168698,3.438000,22.754999,1.862500
1,1,39.241843,28.988604,3.814100,29.328699,1.984100
1,1,39.264699,22.856399,3.176300,23.158899,2.033800
1,1,39.293446,28.746501,2.711000,28.451599,1.500700
1,1,39.321477,28.031498,3.520800,28.199301,1.814100
1,1,39.345419,23.942102,4.512000,23.684200,1.732300
1,1,39.374871,29.451698,3.858400,29.838900,1.750700
1,1,39.406864,31.993601,2.900300,31.790899,1.840000
1,1,39.430705,23.840498,3.270800,23.754499,1.770200
1,1,39.458496,27.790900,3.060100,28.268101,1.733100
1,1,39.483297,24.801001,2.575500,24.479099,1.904200
1,1,39.510445,27.147900,3.118900,27.064699,1.711800
1,1,39.538108,27.663101,2.997600,27.993200,1.583300
1,1,39.561021,22.912897,2.766600,22.727301,1.372700
1,1,39.589379,28.358601,2.996800,28.285000,1.877000
1,1,39.615190,25.811099,3.069400,25.760700,1.593900
1,1,39.645151,29.960103,2.973300,29.564301,1.937900
1,1,39.669883,24.732497,3.743500,24.532499,1.819400
1,1,39.696127,26.244100,3.810000,26.530199,1.818100
1,1,39.723599,27.472302,3.281900,27.699900,1.682800
1,1,39.748379,24.779499,3.136800,24.862600,1.600100
1,1,39.775732,27.353201,3.047700,27.424601,1.497200
1,1,39.805351,29.618900,3.179600,29.385500,1.895200
1,1,39.830978,25.626801,3.571500,25.281700,1.976500
1,1,39.860509,29.531397,3.182100,29.205700,1.976900
1,1,39.885227,24.718001,4.203900,24.936800,1.992100
1,1,39.914478,29.250599,3.648000,29.687901,1.950800
1,1,39.943267,28.789300,2.880400,28.319700,1.651600
1,1,39.965263,21.996100,3.654700,22.517799,2.040400
1,1,39.993027,27.764201,2.879400,27.687401,1.601600
1,1,40.015912,22.884600,4.127400,22.622999,1.993500
1,1,40.044014,28.101601,3.312800,28.341801,1.863700
1,1,40.073730,29.716898,2.948600,29.638599,1.876300
1,1,40.097891,24.160903,2.969800,24.245001,1.793800
1,1,40.124798,26.906699,2.746500,26.975201,1.476200
1,1,40.153658,28.859999,2.616400,28.815100,1.715400
1,1,40.175687,22.029299,2.694500,22.200300,1.620800
1,1,40.204854,29.166900,2.777400,28.769600,1.620700
1,1,40.229256,24.401601,3.464000,23.966101,1.486000
1,1,40.255386,26.129901,3.303100,26.661301,1.501500
1,1,40.277813,22.427499,3.131500,22.383499,1.566400
1,1,40.305552,27.738500,3.094000,27.665701,1.626500
1,1,40.328246,22.694297,3.031300,22.516500,1.911300
1,1,40.355388,27.141903,3.328900,27.224899,1.561500
1,1,40.378132,22.744298,3.054900,22.405399,1.749600
1,1,40.405140,27.008001,3.404800,27.720400,1.613100
1,1,40.429827,24.686702,3.095000,23.627001,1.806200
1,1,40.456049,26.222497,3.645200,27.292500,1.841900
1,1,40.479251,23.201503,2.608600,22.710600,1.558500
1,1,40.509404,30.153397,2.955800,26.941799,2.540600
1,1,40.528953,19.548800,7.083000,21.951099,1.558800
1,1,40.555925,26.972100,3.965200,27.980301,1.882800
1,1,40.582550,26.624203,2.893500,26.009199,2.141100
1,1,40.609664,27.114000,3.481000,27.402399,1.928600
1,1,40.632955,23.291800,3.369000,23.059900,1.871800
1,1,40.659073,26.117798,3.300800,26.670700,1.691200
1,1,40.681839,22.766400,2.928200,22.874201,1.799700
1,1,40.710994,29.154800,2.710200,28.742100,1.840300
1,1,40.738843,27.849000,3.194500,27.750299,1.819200
1,1,40.762829,23.985300,3.227300,23.836201,1.545700
1,1,40.789970,27.141102,3.302500,27.580900,1.783900
1,1,40.812581,22.611000,3.142200,22.585899,1.479400
1,1,40.839923,27.341899,2.807700,27.083099,1.657600
1,1,40.862889,22.966601,3.083900,23.042101,1.809600
1,1,40.890152,27.262900,3.180300,27.225401,1.685200
1,1,40.911520,21.367699,3.193600,21.511900,1.666400
1,1,40.938924,27.403802,3.015700,27.433901,1.974800
1,1,40.963112,24.187997,3.329000,24.123501,1.608200
1,1,40.987884,24.772801,3.084700,24.430000,2.129900
1,1,41.013658,25.773801,3.192400,25.797199,1.456700
1,1,41.040631,26.972499,3.520200,27.101200,1.606700
1,1,41.064988,24.357703,3.193100,24.651800,1.736400
1,1,41.094530,29.541798,2.776600,28.520500,1.824600
1,1,41.123151,28.621200,4.185500,29.700701,2.337900
1,1,41.147147,23.995601,3.006100,22.804399,1.539000
1,1,41.172752,25.605500,4.033100,26.705200,1.713200
1,1,41.195689,22.937000,2.856600,22.523600,1.955600
1,1,41.224666,28.976701,3.140600,28.968500,1.901000
1,1,41.249124,24.457701,3.193100,24.889700,1.640400
1,1,41.277635,28.511599,2.988800,28.081400,1.583800
1,1,41.300321,22.685301,3.744700,23.002899,1.933200
1,1,41.329175,28.854199,3.233800,28.380100,2.135700
1,1,41.352961,23.786001,3.707100,24.196899,1.845300
1,1,41.378907,25.945801,3.180200,25.165001,1.864900
1,1,41.402852,23.945499,3.795400,24.824301,1.682900
1,1,41.428080,25.227997,2.873500,25.093901,1.487800
1,1,41.456512,28.431803,2.995800,28.240999,1.945800
1,1,41.479427,22.914600,3.206400,22.894100,1.640000
1,1,41.503539,24.112199,3.052100,24.103800,2.358700
1,1,41.529177,25.637999,3.118600,25.332199,1.767500
1,1,41.555183,26.006103,3.316400,26.815001,1.982800
1,1,41.579058,23.874898,2.548800,23.473900,1.544500
1,1,41.603021,23.963302,3.294800,23.869400,2.092800
1,1,41.628511,25.489397,3.242000,25.763100,1.505600
1,1,41.656992,28.480902,2.731400,27.992500,2.016700
1,1,41.681676,24.684500,3.231500,24.805500,1.864700
1,1,41.710146,28.470401,3.203700,28.527000,1.636900
1,1,41.733070,22.923298,3.166500,22.905800,1.809500
1,1,41.761145,28.075602,4.255900,28.460699,2.024400
1,1,41.788886,27.741097,3.074400,27.435900,1.988200
1,1,41.811779,22.892702,3.220200,23.168301,1.632700
1,1,41.840995,29.216301,2.824800,28.729601,1.789000
1,1,41.863520,22.524200,3.439400,22.704300,1.491100
1,1,41.892368,28.848499,2.975200,28.867901,1.659800
1,1,41.917371,25.002800,3.400800,24.930401,1.701700
1,1,41.946299,28.928101,3.130800,28.812201,1.370300
1,1,41.972743,26.443698,3.133600,26.788601,1.845900
1,1,41.995789,23.046702,2.845400,22.912901,1.676400
1,1,42.023017,27.228098,3.044100,27.306999,2.028400
1,1,42.045691,22.673700,2.983400,22.550699,1.922600
1,1,42.074513,28.822001,3.028500,28.904699,1.958900
1,1,42.097895,23.382097,2.919100,23.462400,1.635700
1,1,42.127327,29.431503,3.161900,28.816000,1.575800
1,1,42.155595,28.267797,3.665800,28.393101,1.694100
1,1,42.178586,22.991203,4.696600,22.970501,1.661600
1,1,42.207036,28.450597,4.258200,28.700800,1.947800
1,1,42.229833,22.796702,3.112200,22.669701,1.703300
1,1,42.259484,29.650599,3.192500,29.350901,1.872600
1,1,42.284356,24.872202,3.687800,25.139500,1.815400
1,1,42.309007,24.651300,3.496900,24.998100,1.611800
1,1,42.331600,22.592299,3.192600,22.654200,1.505300
1,1,42.358670,27.070299,2.903800,26.835199,1.565700
1,1,42.382028,23.358300,3.121900,23.312401,1.520400
1,1,42.411043,29.014602,3.143100,28.587400,1.969800
1,1,42.437955,26.912399,3.631800,27.700199,1.922800
1,1,42.462893,24.937801,2.638800,24.318399,1.726600
1,1,42.489193,26.299700,3.187700,26.756599,1.752200
1,1,42.512773,23.580197,2.741300,23.417801,1.919700
1,1,42.541688,28.915402,2.892100,28.649599,1.588300
1,1,42.565468,23.779798,3.214500,22.830700,2.386700
1,1,42.593807,28.338600,4.375300,28.932100,1.655500
1,1,42.622356,28.549500,5.422800,29.128500,1.903800
1,1,42.644714,22.358302,3.600000,22.179501,1.733600
1,1,42.673445,28.730299,3.323300,29.002001,1.791900
1,1,42.696467,23.022402,3.355700,23.043600,1.715000
1,1,42.723940,27.472798,2.915800,26.625000,1.628600
1,1,42.745017,21.077100,4.093400,21.491100,1.905800
1,1,42.771884,26.866902,3.470700,27.188700,1.725300
1,1,42.794753,22.868898,2.867900,22.814400,1.507700
1,1,42.821755,27.002301,3.049200,27.048300,2.664500
1,1,42.845880,24.124898,2.989600,22.585400,1.576600
1,1,42.867324,21.444201,5.232100,23.123800,2.098500
1,1,42.896540,29.215701,2.760900,28.887899,1.678200
1,1,42.923133,26.593100,3.049900,26.773500,1.974700
1,1,42.946466,23.332898,3.015700,23.142000,1.549500
1,1,42.975296,28.830301,2.922300,29.298000,2.188900
1,1,43.003402,28.105699,2.598200,27.667000,1.623300
1,1,43.025090,21.688301,2.958200,21.812700,1.338900
1,1,43.046926,21.835800,2.667900,21.526300,1.696700
1,1,43.074555,27.629100,3.942200,27.703199,1.922800
1,1,43.098603,24.048399,3.288300,24.214399,1.829700
1,1,43.129510,30.906703,3.337200,30.523199,1.709300
1,1,43.157817,28.306499,3.151600,28.292500,1.863300
1,1,43.182275,24.458099,3.214600,24.636801,1.956000
1,1,43.212794,30.519199,2.932500,30.249701,1.512200
1,1,43.240677,27.882602,3.298200,28.168800,1.953600
1,1,43.271699,31.022798,2.985000,30.955700,1.360700
1,1,43.294740,23.040801,3.005700,22.863001,1.479200
1,1,43.319217,24.476402,3.406600,24.705799,1.727000
1,1,43.343613,24.396397,3.277900,24.246700,1.750700
1,1,43.371494,27.880900,3.177500,27.902399,1.983100
1,1,43.396734,25.240302,3.439900,25.319300,1.617800
1,1,43.424538,27.804099,3.322800,27.626900,1.834700
1,1,43.444970,20.431701,3.705900,20.716900,1.590300
1,1,43.474709,29.738698,3.480100,29.655001,1.889800
1,1,43.498303,23.594201,2.830700,23.411900,1.699300
1,1,43.524989,26.686199,3.082500,26.641899,2.062600
1,1,43.548981,23.992401,3.040900,24.078100,1.583800
1,1,43.577577,28.595902,3.148700,28.764200,1.514300
1,1,43.606681,29.103298,3.021000,29.199301,1.872000
1,1,43.629587,22.906102,2.988500,22.475599,1.615100
1,1,43.657814,28.227698,3.151600,28.302601,1.890300
1,1,43.680205,22.390701,3.092800,22.708200,1.983500
1,1,43.710933,30.727699,3.176400,30.323500,1.609700
1,1,43.737664,26.731201,3.223500,27.153200,1.752100
1,1,43.760596,22.931401,2.916400,22.511299,1.878700
1,1,43.783252,22.656299,3.334900,22.783199,1.524100
1,1,43.810966,27.714599,2.890800,28.050501,1.560100
1,1,43.832645,21.679003,2.802400,21.684299,1.766300
1,1,43.861460,28.814800,2.474400,28.435600,1.664500
1,1,43.882840,21.380097,3.011500,21.643200,1.750100
1,1,43.912915,30.074403,2.660000,29.535900,1.769500
1,1,43.939537,26.622400,3.588400,27.225201,1.871100
1,1,43.962427,22.889998,2.646400,22.807199,1.701000
1,1,43.989100,26.672900,2.612900,26.668699,1.672900
1,1,44.011011,21.910902,2.837700,21.933300,1.836400
1,1,44.038763,27.752001,2.612100,27.464300,2.009800
1,1,44.063116,24.353500,2.933100,24.294901,2.167800
1,1,44.087959,24.842300,3.179200,24.977900,1.978600
1,1,44.109982,22.023000,2.767300,22.007500,1.857600
1,1,44.135589,25.606997,3.046400,25.455299,1.948600
1,1,44.162094,26.505601,2.981500,26.400600,1.782100
1,1,44.189172,27.077302,3.241700,27.103500,2.192000
1,1,44.212454,23.282398,3.974400,22.975000,1.475800
1,1,44.236723,24.269402,3.358500,24.572399,2.054000
1,1,44.261907,25.183298,3.291700,25.164499,1.593000
1,1,44.283709,21.801900,3.115200,21.826099,1.803600
1,1,44.309855,26.146401,3.057400,26.044800,1.441200
1,1,44.337110,27.254701,3.169300,27.299000,1.681600
1,1,44.359166,22.056799,3.403900,22.283899,1.508300
1,1,44.379951,20.784602,3.175300,20.727200,1.678500
1,1,44.406552,26.600599,2.889300,26.763700,1.971700
1,1,44.429784,23.232501,2.834100,22.815701,1.565400
1,1,44.451527,21.743197,3.111700,22.062599,1.985200
1,1,44.478182,26.654400,2.658100,26.400101,1.557900
1,1,44.502479,24.296902,3.392900,24.479099,1.936300
1,1,44.528814,26.335001,2.720700,26.075800,1.634300
1,1,44.555847,27.032997,2.772100,27.031500,1.967600
1,1,44.576264,20.417102,3.141200,20.823500,1.740600
1,1,44.599128,22.863898,2.587100,22.853901,1.944300
1,1,44.628109,28.981000,2.601500,28.462999,1.582900
1,1,44.656383,28.274201,3.559000,28.549700,1.686100
1,1,44.678407,22.023901,3.145000,21.499701,1.811900
1,1,44.705023,26.616000,3.414400,27.309500,1.930700
1,1,44.727933,22.910599,3.043000,22.761200,1.897900
1,1,44.755188,27.254701,2.793700,27.315300,1.817000
1,1,44.777811,22.622701,3.483600,21.669100,1.811500
1,1,44.796629,18.818699,3.868000,19.601999,1.656800
1,1,44.823815,27.185299,2.911200,26.715401,1.563400
1,1,44.845554,21.739203,3.577400,21.928200,1.537900
1,1,44.866149,20.595398,3.158100,21.108200,1.840400
1,1,44.894131,27.981799,3.063000,27.535999,1.521800
1,1,44.921349,27.217902,3.389600,27.262699,1.877100
1,1,44.943640,22.290498,3.187900,22.370800,1.487100
1,1,44.965288,21.648701,2.828500,21.541300,1.743600
1,1,44.991854,26.565399,3.047200,26.606400,1.605300
1,1,45.014059,22.205699,2.801000,22.173000,1.590900
1,1,45.039796,25.736500,2.926100,26.016199,1.721400
1,1,45.060431,20.635501,2.574400,20.294201,1.948500
1,1,45.087121,26.689202,2.954400,26.866800,1.749900
1,1,45.108954,21.833599,2.947500,22.143999,1.895500
1,1,45.131252,22.297602,2.667200,20.917601,1.932800
1,1,45.157954,26.702099,3.897900,27.254900,1.898700
1,1,45.178649,20.695500,3.879800,20.970900,1.647700
1,1,45.206089,27.439501,3.495300,27.499201,1.677800
1,1,45.230129,24.040498,2.995000,22.540400,1.354400
1,1,45.250228,20.098802,4.468500,21.678900,1.537300
1,1,45.276230,26.002299,2.721300,26.231501,1.409200
1,1,45.299564,23.333400,2.960000,22.870001,1.960400
1,1,45.326637,27.073201,2.813500,27.209200,1.564700
1,1,45.347929,21.291599,3.112800,21.195101,1.896500
1,1,45.374630,26.701801,3.080700,27.086100,1.856600
1,1,45.398079,23.448799,2.635000,23.055000,1.990700
1,1,45.424245,26.165701,3.024000,26.469999,2.030000
1,1,45.449233,24.987701,2.577000,24.890100,1.757500
1,1,45.474088,24.855599,2.594600,24.677000,1.675800
1,1,45.496029,21.940298,2.914500,21.422199,1.858100
1,1,45.520647,24.618700,5.005800,25.136200,1.796600
1,1,45.546961,26.313502,3.396100,25.950701,1.467300
1,1,45.579742,32.781698,3.646400,28.632099,2.116100
1,1,45.596240,16.497701,8.366000,20.432199,1.993600
1,1,45.623495,27.254801,3.820400,27.240999,1.657700
1,1,45.645971,22.475898,4.161200,22.324800,2.110400
1,1,45.673650,27.679600,3.690600,28.057600,1.833900
1,1,45.697142,23.491200,4.022500,23.650999,1.610400
1,1,45.725645,28.503202,3.771000,28.796301,1.749700
1,1,45.748494,22.848897,3.054200,22.806499,1.931200
1,1,45.775544,27.049903,2.713700,26.865999,1.713200
1,1,45.798657,23.113098,2.875100,23.485701,1.412200
1,1,45.827313,28.656103,2.666000,28.090200,1.601600
1,1,45.854778,27.464896,3.323600,27.601500,1.854100
1,1,45.879161,24.383500,3.534500,24.184500,1.664800
1,1,45.908190,29.028900,3.466400,29.456400,1.971100
1,1,45.930939,22.748601,3.064200,22.658899,1.715600
1,1,45.959034,28.095100,3.210100,26.964100,1.781700
1,1,45.981669,22.634901,4.097100,23.312599,1.503700
1,1,46.007590,25.921401,3.447700,26.407600,1.850900
1,1,46.030727,23.136500,2.818800,22.996599,1.551600
1,1,46.057887,27.160399,2.936100,26.963699,1.566600
1,1,46.081325,23.437601,3.103500,23.797701,1.687600
1,1,46.108634,27.309600,2.699000,27.004499,1.852700
1,1,46.131541,22.906799,3.094300,23.201099,1.496000
1,1,46.159123,27.581900,2.644900,27.094200,1.399600
1,1,46.183418,24.294600,3.538000,24.572901,1.946100
1,1,46.209685,26.267201,3.652700,26.469700,1.702200
1,1,46.238862,29.177099,3.268500,28.945900,1.844300
1,1,46.261815,22.952799,3.091800,22.681000,1.849200
1,1,46.290879,29.064801,3.830200,29.101400,1.974600
1,1,46.313139,22.259802,3.553300,22.326099,1.795800
1,1,46.341589,28.449301,3.430600,28.488100,1.755600
1,1,46.364264,22.675898,3.228300,22.502600,1.835300
1,1,46.390611,26.346199,3.368600,26.842600,1.972800
1,1,46.414228,23.617201,3.144600,23.006399,1.787800
1,1,46.440491,26.263200,3.805900,26.616899,1.673800
1,1,46.463054,22.563200,2.860200,22.636700,1.586300
1,1,46.489830,26.775599,2.927000,26.758301,1.869400
1,1,46.513418,23.588400,3.002200,23.492701,1.539900
1,1,46.541439,28.020401,3.023400,28.046700,1.972500
1,1,46.564204,22.765201,2.973900,22.722300,1.395300
1,1,46.592372,28.167799,3.252400,28.511000,2.061500
1,1,46.615848,23.476701,2.631600,23.466801,1.554000
1,1,46.642410,26.561301,2.664100,26.665600,1.724800
1,1,46.672662,30.252397,2.642000,29.591900,1.784900
1,1,46.695613,22.950701,3.223600,22.848301,1.667000
1,1,46.720610,24.996899,3.432500,24.881599,1.921500
1,1,46.747811,27.201101,3.542500,27.419701,1.647100
1,1,46.773904,26.093200,3.813600,26.323500,1.712500
1,1,46.796021,22.116899,2.959700,22.288300,1.936100
1,1,46.823266,27.245302,2.813800,27.074200,2.174800
1,1,46.846813,23.546997,3.165400,23.303200,1.495000
1,1,46.875514,28.700400,3.122800,28.590799,1.865400
1,1,46.900718,25.204100,3.524500,25.622499,1.862900
1,1,46.930138,29.420003,3.030400,28.827700,1.974800
1,1,46.959936,29.798198,3.675500,30.052601,2.017000
1,1,46.983768,23.832500,3.838400,23.896400,1.926200
1,1,47.014067,30.298200,3.322000,29.478701,2.038600
1,1,47.048865,34.798399,4.715700,35.000198,2.168900
1,1,47.084087,35.222001,4.786500,34.835300,2.238200
1,1,47.117421,33.333600,5.090000,33.899399,2.455000
1,1,47.148755,31.334702,4.651500,31.548599,2.528400
1,1,47.182696,33.940300,3.336300,34.032200,2.193200
1,1,47.214163,31.467799,3.273600,31.165501,1.916200
1,1,47.248489,34.325998,3.825200,33.683201,1.861400
1,1,47.281243,32.754101,4.240900,33.282902,2.105400
1,1,47.313465,32.221802,4.135600,31.893999,2.447700
1,1,47.341049,27.583800,4.294000,28.400600,1.989500
1,1,47.364847,23.798399,3.865600,23.455999,1.633700
1,1,47.394170,29.322799,3.715300,29.531200,2.297700
1,1,47.424962,30.792002,3.877700,30.704500,2.136100
1,1,47.448311,23.348399,3.949700,23.343700,2.404800
1,1,47.478139,29.828101,3.509700,29.058001,1.851100
1,1,47.508396,30.257098,5.514300,30.820999,2.092400
1,1,47.531052,22.656299,3.951600,22.179600,2.036200
1,1,47.559624,28.571501,3.956600,28.988800,1.965300
1,1,47.584232,24.608199,4.477900,24.690599,2.183300
1,1,47.614433,30.201301,3.467800,28.241899,1.891200
1,1,47.640493,26.059501,5.780400,28.095699,2.154700
1,1,47.666193,25.700402,3.587100,25.686501,1.864800
1,1,47.696354,30.160498,3.147700,29.100901,1.646500
1,1,47.721644,25.290802,4.591500,26.670401,1.878800
1,1,47.750034,28.389499,3.122100,28.314501,2.057400
1,1,47.777853,27.819499,3.370300,27.531700,2.216500
1,1,47.799837,21.984100,3.542000,22.250299,1.915200
1,1,47.829139,29.301800,3.254600,29.065100,1.781800
1,1,47.859234,30.094400,3.618400,30.555401,1.865600
1,1,47.882655,23.421701,3.079400,23.575300,2.532300
1,1,47.915100,32.444399,2.551100,32.064400,1.616600
1,1,47.942845,27.744900,3.252300,27.511900,2.290600
1,1,47.967392,24.547398,3.772100,24.703600,3.134000
1,1,47.994399,27.006403,3.428400,27.124001,2.229100
1,1,48.024048,29.649898,3.157500,29.509600,2.293400
1,1,48.048117,24.068102,3.602800,23.470400,2.066400
1,1,48.076490,28.373197,4.156900,29.098101,2.286500
1,1,48.099013,22.523802,3.850400,22.019100,2.203500
1,1,48.128148,29.134199,3.855100,29.384800,2.242500
1,1,48.150882,22.734400,3.910200,22.839399,2.286000
1,1,48.179664,28.782200,4.396400,28.694401,2.117400
1,1,48.207491,27.826600,3.709800,28.029100,2.383500
1,1,48.231023,23.532301,3.015200,22.938700,2.417500
1,1,48.255354,24.331100,3.972300,24.703300,2.271000
1,1,48.281755,26.400998,3.228100,26.228500,2.221300
1,1,48.309416,27.660400,3.341300,28.080200,1.878600
1,1,48.334018,24.602201,2.791900,24.639999,1.965000
1,1,48.362407,28.388999,2.826400,28.357201,1.957100
1,1,48.390044,27.636703,2.784100,27.497101,1.636600
1,1,48.416160,26.116498,3.144600,26.287300,1.969700
1,1,48.443714,27.553800,2.687700,27.382401,2.148700
1,1,48.473114,29.399998,3.503600,27.181499,2.142900
1,1,48.499654,26.540402,5.727600,28.294300,2.240800
1,1,48.528526,28.871298,4.004200,28.895901,2.387400
1,1,48.557802,29.276703,4.404900,29.054800,2.249300
1,1,48.583490,25.688197,4.547000,25.594700,2.070600
1,1,48.609495,26.004501,4.093700,26.309200,2.452400
1,1,48.634879,25.384199,4.266500,25.443399,2.219100
1,1,48.661224,26.344404,3.626200,26.648100,2.132900
1,1,48.693272,32.048397,3.188200,32.164398,2.210900
1,1,48.716883,23.611102,2.968600,23.130600,2.770700
1,1,48.743000,26.116900,3.420000,26.614500,1.858100
1,1,48.768798,25.798198,3.112100,25.552799,1.720200
1,1,48.795723,26.924800,3.093900,27.103701,1.911900
1,1,48.824033,28.309502,3.265100,28.336500,2.033800
1,1,48.846852,22.819899,2.915400,22.638300,1.997500
1,1,48.873797,26.944101,2.801300,26.834700,1.979900
1,1,48.897475,23.678698,3.133100,23.129299,1.806500
1,1,48.924055,26.579604,3.620100,27.101101,2.310100
1,1,48.948178,24.123497,3.041600,23.290100,2.073400
1,1,48.974398,26.220001,4.281000,26.971600,2.481400
1,1,48.998367,23.968998,3.811400,24.259701,2.166900
1,1,49.025673,27.305603,2.723000,27.049400,2.157200
1,1,49.050068,24.394698,2.957500,24.429300,1.819400
1,1,49.076600,26.532300,3.036100,26.899900,1.945000
1,1,49.106040,29.440399,2.653100,29.020300,1.827600
1,1,49.129746,23.705602,2.893100,23.588699,1.801100
1,1,49.151807,22.060998,2.988400,22.349400,1.765900
1,1,49.179285,27.478002,2.639400,27.507900,1.727000
1,1,49.207225,27.940299,3.178300,27.824100,2.013300
1,1,49.232566,25.340501,3.041200,24.940599,1.448900
1,1,49.259207,26.641700,3.084500,26.953100,1.787800
1,1,49.282366,23.158897,2.934200,23.092699,1.483900
1,1,49.310335,27.969200,3.014100,28.025299,1.782500
1,1,49.339473,29.137801,2.996500,29.065500,1.966100
1,1,49.363959,24.485402,2.867000,24.321501,1.576900
1,1,49.390627,26.668496,2.978800,27.056900,1.958600
1,1,49.414107,23.479503,2.730000,22.890499,1.674000
1,1,49.443642,29.535498,3.477800,30.018999,2.088000
1,1,49.473245,29.602699,2.959500,29.387300,2.018700
1,1,49.497681,24.435803,3.548000,24.267700,1.893000
1,1,49.525086,27.405597,3.173700,27.445299,2.338100
1,1,49.552005,26.918203,3.157500,26.971901,1.852700
1,1,49.580193,28.188799,3.106800,26.735701,1.817300
1,1,49.600808,20.615101,4.548600,22.190701,1.507000
1,1,49.628625,27.816299,3.206300,27.604799,1.827800
1,1,49.656526,27.901601,3.604800,28.171499,2.256900
1,1,49.680872,24.345201,3.334200,23.826700,1.781100
1,1,49.708108,27.236700,3.353100,27.790001,1.737400
1,1,49.731509,23.400597,2.721500,23.240601,1.464300
1,1,49.757791,26.282202,2.830000,26.439501,1.530200
1,1,49.780798,23.007099,2.846000,22.982599,1.785500
1,1,49.807673,26.874401,2.805500,26.988899,1.590800
1,1,49.832104,24.431299,2.595500,23.925600,1.588400
1,1,49.858572,26.468601,3.122600,26.724199,1.923100
1,1,49.882418,23.846097,3.033300,23.380301,1.675500
1,1,49.912040,29.621601,3.410600,29.407700,2.530700
1,1,49.934854,22.813402,4.353500,23.390699,2.270900
1,1,49.961302,26.448600,3.615700,26.556801,2.113200
1,1,49.984308,23.006000,2.867300,23.081301,2.094900
1,1,50.012905,28.596897,2.894600,28.313999,1.914900
1,1,50.040597,27.691901,3.363500,27.746300,2.192500
1,1,50.064850,24.252702,3.279300,24.031000,1.854500
1,1,50.090519,25.669500,3.110400,25.878201,1.780700
1,1,50.114750,24.230998,3.319600,23.877399,1.796500
1,1,50.141127,26.376903,3.219700,26.813999,2.259800
1,1,50.164310,23.183398,2.836600,22.841101,1.762600
1,1,50.191777,27.466301,3.168400,27.700399,1.966200
1,1,50.214413,22.636101,2.939000,22.501600,1.925300
1,1,50.240857,26.444100,3.391100,26.669800,2.473700
1,1,50.266292,25.435098,2.786600,25.413500,1.994800
1,1,50.292863,26.570700,2.858200,26.289900,1.514200
1,1,50.317060,24.197202,3.170600,24.262501,1.472600
1,1,50.343841,26.780799,3.477700,27.038099,1.755600
1,1,50.370285,26.444599,2.940600,26.512699,2.086900
1,1,50.397416,27.130701,2.792800,26.277201,1.769200
1,1,50.425933,28.517302,3.838100,29.177000,2.246600
1,1,50.449010,23.076300,3.215100,22.290501,1.626600
1,1,50.477226,28.216898,3.757100,29.288700,1.777000
1,1,50.500411,23.185000,2.612900,23.025600,1.530000
1,1,50.526774,26.362099,2.590000,26.449900,1.561100
1,1,50.550719,23.945302,2.605400,23.775600,1.561700
1,1,50.579664,28.944802,2.797100,28.424400,1.744800
1,1,50.603905,24.241298,3.621200,24.929899,2.269300
1,1,50.630542,26.637100,2.900200,25.967100,1.780700
1,1,50.658054,27.511802,3.382000,27.864000,1.734800
1,1,50.680886,22.831600,3.162400,22.719400,1.767100
1,1,50.710983,30.097999,3.020800,26.688200,1.689800
1,1,50.730579,19.595999,7.917400,22.014601,2.124900
1,1,50.758808,28.228302,4.329800,29.264299,2.005700
1,1,50.781720,22.912297,3.664400,22.555799,2.377400
1,1,50.805342,23.621801,3.318200,23.740801,1.600800
1,1,50.831016,25.674600,3.039700,25.313900,1.943900
1,1,50.853657,22.640500,3.502300,23.391100,1.795300
1,1,50.882498,28.840601,2.767900,28.589600,2.002800
1,1,50.908515,26.017398,3.152700,24.958200,2.087900
1,1,50.935917,27.401801,4.187200,28.137400,2.884300
1,1,50.965874,29.957000,3.511600,28.186800,2.181800
1,1,50.992754,26.880499,5.369800,28.756901,2.381300
1,1,51.017240,24.486102,4.179400,24.525400,1.983600
1,1,51.044781,27.540997,3.419900,27.344700,2.020900
1,1,51.074602,29.820401,3.368900,29.674101,1.917700
1,1,51.096958,22.355802,3.497300,22.547600,2.034400
1,1,51.126304,29.346198,3.454300,29.567801,1.784200
1,1,51.158847,32.542799,3.251000,32.285900,2.070900
1,1,51.182348,23.501001,3.454400,23.861799,1.792700
1,1,51.211172,28.824799,2.769500,28.514799,1.582900
1,1,51.241025,29.852301,3.269300,29.792400,1.675300
1,1,51.264748,23.723401,3.347100,23.983900,1.885900
1,1,51.292798,28.050099,3.302300,27.390400,1.505900
1,1,51.316804,24.005301,3.747300,24.962799,1.751900
1,1,51.346648,29.844400,3.103900,29.439199,1.881600
1,1,51.374491,27.843501,3.091200,28.069599,1.781800
1,1,51.400317,25.826000,2.786600,25.908501,1.729700
1,1,51.426048,25.730398,2.562000,25.359800,1.508300
1,1,51.450449,24.401203,2.931100,24.598700,1.716900
1,1,51.477090,26.641000,2.960400,26.605600,1.558400
1,1,51.499555,22.465300,2.820700,22.537300,1.525300
1,1,51.526582,27.026597,2.657200,27.156799,1.408800
1,1,51.552912,26.330400,2.761000,26.374100,1.696600
1,1,51.579099,26.186302,2.458400,25.449800,1.788700
1,1,51.607747,28.648701,3.443400,29.134800,2.218000
1,1,51.632275,24.527900,3.495000,24.303200,1.489800
1,1,51.658920,26.644398,3.055400,26.556601,1.704700
1,1,51.681747,22.826903,3.153200,23.294001,1.495100
1,1,51.709390,27.643397,2.613900,26.943100,1.547300
1,1,51.732102,22.712201,3.561400,23.318100,1.827900
1,1,51.758677,26.574701,3.171000,26.575701,1.605500
1,1,51.781410,22.733599,2.837000,22.681400,1.538900
1,1,51.808467,27.056701,2.754800,27.019899,1.698100
1,1,51.832195,23.728397,2.931500,23.039301,1.868200
1,1,51.861790,29.594801,3.799900,29.927700,2.264700
1,1,51.884707,22.916701,3.828700,23.074100,1.971100
1,1,51.915784,31.076901,3.312800,30.911600,2.082900
1,1,51.944140,28.356500,3.892700,28.609600,1.891800
1,1,51.967949,23.808699,3.209900,23.747700,2.421800
1,1,51.996591,28.641500,3.577500,27.401899,1.662200
1,1,52.023805,27.214602,4.270000,28.524700,1.968000
1,1,52.046312,22.506598,3.118800,22.428301,2.146200
1,1,52.076020,29.708400,3.015700,29.233500,2.025300
1,1,52.098203,22.182599,3.505700,22.728100,1.940300
1,1,52.127159,28.955903,3.001100,29.149200,1.550400
1,1,52.150222,23.063697,2.548100,22.713100,1.584800
1,1,52.177287,27.064901,2.845400,27.437000,1.384000
1,1,52.204238,26.951101,2.605900,26.228600,1.952300
1,1,52.229414,25.175799,3.230300,25.359600,1.882000
1,1,52.257771,28.356802,3.199200,28.665800,1.857000
1,1,52.280726,22.955198,2.883300,22.566900,1.600900
1,1,52.307830,27.103603,3.562100,27.396200,1.915800
1,1,52.330929,23.099497,2.941900,22.608299,1.962600
1,1,52.359281,28.351802,3.432400,28.972500,1.907400
1,1,52.382714,23.432598,2.623300,23.327900,1.552600
1,1,52.410600,27.886704,2.860600,27.926001,1.847200
1,1,52.438763,28.162800,2.945500,28.182501,1.655300
1,1,52.463438,24.674699,2.786900,24.004101,1.910200
1,1,52.488169,24.731498,3.526100,25.350700,2.097300
1,1,52.513962,25.793102,2.800600,25.359400,1.846500
1,1,52.542997,29.034600,3.189400,29.226801,2.009000
1,1,52.566213,23.215599,3.258100,22.849400,1.587300
1,1,52.593222,27.009301,3.868800,27.681601,1.429100
1,1,52.617088,23.865599,2.730700,23.424400,1.721300
1,1,52.645291,28.203201,3.186300,28.256100,1.607400
1,1,52.673062,27.771100,3.158400,28.170401,1.610600
1,1,52.695346,22.284102,3.152100,22.122601,1.793500
1,1,52.718610,23.264498,2.850900,23.066700,1.868000
1,1,52.745868,27.257401,3.155800,26.469101,1.559100
1,1,52.773675,27.807098,3.976900,28.847200,1.808700
1,1,52.797203,23.527902,2.850700,23.108400,1.531000
1,1,52.818783,21.579601,3.142400,22.160000,2.015600
1,1,52.848780,29.997800,2.786400,29.194000,1.845500
1,1,52.872764,23.983698,3.402200,24.340500,1.936300
1,1,52.900108,27.343702,2.953500,27.704300,1.871300
1,1,52.929798,29.690400,2.589600,29.421000,1.586400
1,1,52.951635,21.836799,2.858500,21.914499,1.907500
1,1,52.980166,28.530803,2.683000,28.384501,1.654300
1,1,53.007776,27.610298,3.085700,27.544600,2.089400
1,1,53.030321,22.544600,3.085300,22.469601,1.891900
1,1,53.058058,27.737301,3.157000,28.053699,2.470000
1,1,53.083059,25.001097,2.875300,25.040899,1.657700
1,1,53.109950,26.890602,2.671200,26.716600,1.494400
1,1,53.133013,23.063000,3.193400,23.060600,1.836800
1,1,53.160122,27.109601,2.848100,26.925800,1.627500
1,1,53.189265,29.142898,3.001000,29.575300,2.049100
1,1,53.213120,23.854900,2.461100,23.519699,1.841900
1,1,53.240645,27.525403,3.024600,27.501600,1.743700
1,1,53.264050,23.405097,3.550000,23.342300,1.577000
1,1,53.291664,27.613901,2.924200,27.603901,1.674400
1,1,53.314674,23.009401,2.995100,22.623600,2.058000
1,1,53.342959,28.285298,3.501900,28.826200,1.950100
1,1,53.366153,23.193501,2.906100,23.415600,2.081700
1,1,53.393740,27.587801,2.744500,27.328699,1.581600
1,1,53.417548,23.807798,2.732600,23.605000,1.622700
1,1,53.445920,28.371401,2.867100,28.422800,1.536300
1,1,53.474401,28.481200,3.495500,28.734699,2.079000
1,1,53.497864,23.463499,2.816400,23.186501,1.676200
1,1,53.524942,27.077802,2.891700,26.933100,1.927800
1,1,53.547647,22.704501,3.042400,22.908600,1.529500
1,1,53.569343,21.696199,2.767100,21.767300,1.645500
1,1,53.597777,28.434500,2.519600,28.234100,1.451900
1,1,53.626435,28.657898,2.858400,28.613100,1.633200
1,1,53.648913,22.477303,2.971900,22.493601,1.568200
1,1,53.676367,27.454298,2.877300,27.613001,1.684300
1,1,53.701046,24.679001,3.004100,24.533701,1.620400
1,1,53.728071,27.024701,2.784700,27.180401,1.395500
1,1,53.757118,29.047798,2.891000,29.126801,2.033800
1,1,53.779888,22.769399,2.550600,22.526699,1.845700
1,1,53.808934,29.046401,2.905500,29.263100,1.849400
1,1,53.832792,23.858000,2.708900,22.773399,1.687800
1,1,53.859593,26.800599,3.853200,27.522800,1.842300
1,1,53.882345,22.752602,3.436000,22.863100,1.792900
1,1,53.908938,26.592799,3.081400,26.535601,1.543500
1,1,53.933399,24.460401,3.177500,24.785400,1.452500
1,1,53.960425,27.026899,2.774200,26.942900,1.486300
1,1,53.983404,22.979099,2.612500,22.969999,1.769600
1,1,54.010491,27.086701,2.758600,26.861799,1.997900
1,1,54.034500,24.008598,2.929100,24.098900,1.966500
1,1,54.061491,26.991602,2.706900,26.938000,1.495200
1,1,54.084484,22.992101,2.892900,22.970400,2.091300
1,1,54.112605,28.121799,2.883500,27.971300,1.492600
1,1,54.139981,27.375702,3.594300,27.514999,1.777000
1,1,54.162836,22.855297,2.892100,22.621000,1.549800
1,1,54.189910,27.074102,3.240500,27.308300,1.497100
1,1,54.212894,22.983700,2.934400,22.681601,1.482000
1,1,54.235176,22.282299,3.212500,22.759899,1.644700
1,1,54.264802,29.625602,2.778700,28.573601,1.707100
1,1,54.288902,24.100199,3.635600,24.745199,1.828300
1,1,54.313529,24.627198,2.883600,24.725901,1.621800
1,1,54.341282,27.752601,3.092100,27.865400,1.485000
1,1,54.363638,22.355601,2.809100,22.167900,1.610600
1,1,54.390819,27.181100,3.199300,27.611799,1.907400
1,1,54.415412,24.592899,2.680200,24.130400,1.691800
1,1,54.441917,26.505500,2.987000,26.589800,1.872600
1,1,54.466153,24.236202,2.872200,24.509899,1.381400
1,1,54.493997,27.844198,2.786400,27.743401,1.542000
1,1,54.517147,23.149699,2.766500,23.245199,1.817700
1,1,54.545340,28.192401,2.473500,27.997999,1.465700
1,1,54.573488,28.148599,2.661000,28.195999,1.501800
1,1,54.598287,24.798602,3.127000,24.539600,2.183400
1,1,54.625835,27.548399,3.451900,27.792801,1.835700
1,1,54.648884,23.048602,2.590100,22.624800,1.487600
1,1,54.676863,27.979501,3.649000,27.788000,1.782500
1,1,54.698199,21.335799,3.444800,21.639601,1.694700
1,1,54.725174,26.975099,3.095500,26.970501,1.703000
1,1,54.747725,22.551201,3.226400,22.293501,1.411400
1,1,54.775931,28.205499,3.265400,28.462799,1.620700
1,1,54.798283,22.351701,2.927100,22.296400,1.548700
1,1,54.825838,27.555000,3.412600,27.878500,1.900900
1,1,54.849835,23.997199,2.935900,23.906601,2.576100
1,1,54.876752,26.916701,2.837700,26.562799,1.559500
1,1,54.904298,27.546298,3.301800,28.033300,1.925800
1,1,54.932039,27.741402,2.856600,27.546101,1.767300
1,1,54.960050,28.010998,3.011600,27.780399,1.790900
1,1,54.983349,23.298901,3.293200,23.766100,1.427700
1,1,55.011472,28.122701,2.693500,27.904600,1.483500
1,1,55.039564,28.092001,4.496600,27.855400,1.909400
1,1,55.061724,22.160597,4.705400,22.412500,2.337100
1,1,55.084470,22.745401,2.677300,22.721201,1.606800
1,1,55.113754,29.284701,2.767700,28.925699,1.852400
1,1,55.141254,27.499299,3.441400,27.593000,3.088500
1,1,55.164154,22.899799,3.180800,22.821899,1.612700
1,1,55.191934,27.780801,2.943900,28.150801,1.848100
1,1,55.216392,24.457302,2.710600,24.203300,1.687800
1,1,55.242883,26.491597,2.829700,26.821699,1.653900
1,1,55.266481,23.598000,2.541000,23.146601,1.513200
1,1,55.295573,29.091600,2.937600,29.327000,2.067000
1,1,55.326144,30.571099,3.079900,30.244101,2.060700
1,1,55.350876,24.731603,3.248900,24.998301,1.716200
1,1,55.377826,26.950199,2.810400,27.281799,1.614300
1,1,55.406523,28.697398,2.399100,28.582500,1.719400
1,1,55.429342,22.818703,2.419800,22.600700,1.689400
1,1,55.456659,27.317300,2.820700,27.522800,1.508100
1,1,55.479982,23.322400,2.573700,22.767700,1.902300
1,1,55.505048,25.066499,3.107300,25.205900,1.735900
1,1,55.530720,25.672000,2.937200,25.622801,1.746000
1,1,55.554935,24.214499,2.923500,24.194599,1.852700
1,1,55.580705,25.770102,2.972300,25.766600,1.742300
1,1,55.607988,27.283300,2.958600,27.557800,1.910300
1,1,55.630298,22.309899,2.696100,21.993401,2.779500
1,1,55.658611,28.312702,3.038300,28.556400,1.897500
1,1,55.682663,24.052400,2.726100,23.941200,1.796500
1,1,55.709968,27.305100,2.716400,27.601500,1.734400
1,1,55.732379,22.410598,2.555200,22.313900,1.496800
1,1,55.764042,31.663701,2.436400,28.069401,1.588200
1,1,55.785688,21.645300,6.713000,23.812300,1.811500
1,1,55.813251,27.563401,4.039300,28.171499,2.055700
1,1,55.838577,25.326099,3.453200,25.882900,1.780400
1,1,55.864050,25.472499,2.825300,25.072399,2.482400
1,1,55.892909,28.859701,3.219800,28.884199,1.865700
1,1,55.915645,22.735801,3.316300,23.086800,1.617700
1,1,55.945162,29.517200,2.919100,29.501400,1.914000
1,1,55.968476,23.313601,3.055500,23.360201,1.578900
1,1,55.994775,26.299100,2.829600,26.459101,1.753500
1,1,56.017628,22.852797,2.490100,22.784599,1.907200
1,1,56.044149,26.520900,3.254400,26.274200,1.571400
1,1,56.068550,24.401002,2.974700,24.344400,1.522200
1,1,56.095616,27.065799,2.790300,27.445700,1.545000
1,1,56.118693,23.077801,2.800100,23.048800,1.809400
1,1,56.145689,26.995998,2.596000,26.786200,1.893100
1,1,56.172419,26.730001,3.005300,26.531700,2.015800
1,1,56.199538,27.119000,3.174300,27.165701,1.636200
1,1,56.227280,27.742002,3.050000,27.536301,1.908500
1,1,56.249425,22.144400,3.332600,22.403601,1.989200
1,1,56.276758,27.333401,3.287100,26.851900,1.690200
1,1,56.299096,22.338197,3.481900,22.301901,1.613000
1,1,56.325727,26.630703,3.343100,26.848000,1.762500
1,1,56.348315,22.588000,3.323500,22.802099,1.773300
1,1,56.374847,26.531797,2.873800,26.788300,2.001700
1,1,56.398497,23.650501,2.731500,23.014799,1.784500
1,1,56.425871,27.373400,3.467100,27.626200,1.980500
1,1,56.448118,22.246800,2.962000,22.080000,1.706100
1,1,56.476010,27.892601,3.082500,28.105101,2.091600
1,1,56.499658,23.648001,3.048700,23.931101,1.793600
1,1,56.528441,28.782800,2.808000,28.649799,1.670600
1,1,56.553292,24.850700,3.422800,24.943100,1.564800
1,1,56.580623,27.331300,3.126900,26.835400,2.028100
1,1,56.602807,22.183999,3.824600,22.716101,2.058400
1,1,56.632005,29.198300,2.683600,28.669201,1.628800
1,1,56.658257,26.251398,3.294000,26.602100,2.061200
1,1,56.681945,23.688201,2.930700,22.638399,1.804600
1,1,56.709115,27.169801,4.049600,27.910200,2.060600
1,1,56.731765,22.650700,3.192500,22.744499,1.771300
1,1,56.758776,27.010199,2.734400,26.880800,1.976500
1,1,56.782397,23.621500,3.034000,23.306101,1.706300
1,1,56.811137,28.740101,3.450000,29.041901,2.158200
1,1,56.834943,23.805801,3.135200,23.724001,1.762400
1,1,56.860810,25.866900,3.381600,26.173401,2.025700
1,1,56.885691,24.881300,2.948900,24.841499,1.961200
1,1,56.914976,29.285301,2.915100,28.131201,1.988000
1,1,56.941378,26.401598,4.084000,27.515600,2.016300
1,1,56.965108,23.729701,2.977000,23.053200,1.536500
1,1,56.987738,22.630300,3.405100,23.142000,1.846600
1,1,57.015389,27.650800,3.066800,27.285000,1.557500
1,1,57.043605,28.216600,3.381900,28.515800,1.594700
1,1,57.065445,21.839801,3.116500,22.054300,1.508900
1,1,57.093331,27.885500,2.789700,27.480600,2.139300
1,1,57.116322,22.991698,3.426000,22.689699,1.485600
1,1,57.142450,26.127201,3.448900,26.986500,1.730300
1,1,57.166654,24.204601,2.621200,24.330000,1.621900
1,1,57.193261,26.606798,2.529600,26.425699,1.624700
1,1,57.217468,24.207201,2.658300,23.669001,1.333000
1,1,57.243516,26.047699,2.707600,26.600300,1.671200
1,1,57.267706,24.190102,2.676300,23.693899,1.523000
1,1,57.295356,27.649801,3.300400,28.132601,1.836200
1,1,57.318878,23.522399,3.048100,23.369400,2.244600
1,1,57.348269,29.391099,2.846900,29.230600,1.592800
1,1,57.376350,28.080400,2.951700,28.353201,2.231200
1,1,57.401524,25.174599,2.662600,24.367901,1.712100
1,1,57.428510,26.985802,3.475800,27.622999,1.646700
1,1,57.458373,29.862501,2.869300,29.961599,1.419800
1,1,57.481458,23.084998,2.741100,22.713800,1.744600
1,1,57.508467,27.009800,3.262100,26.986401,1.701600
1,1,57.531893,23.425799,3.239300,23.325199,1.388400
1,1,57.559095,27.201802,3.184300,27.535500,1.792700
1,1,57.583560,24.465099,2.930100,24.292101,1.465800
1,1,57.610575,27.014602,3.009900,27.365900,1.622400
1,1,57.633783,23.208298,2.673700,23.092100,1.876800
1,1,57.664717,30.933402,2.831100,29.822201,1.879500
1,1,57.690945,26.228499,4.251100,27.369200,1.763000
1,1,57.715861,24.916399,3.109600,24.267099,1.548100
1,1,57.744491,28.629903,3.539400,29.075100,1.845500
1,1,57.767287,22.795796,3.104000,22.247700,1.736800
1,1,57.794888,27.600601,3.511300,27.036699,1.956100
1,1,57.817072,22.184402,4.115600,22.745501,1.569800
1,1,57.846925,29.852998,3.726800,30.134899,1.944500
1,1,57.876468,29.543202,3.607000,29.978001,2.134000
1,1,57.900206,23.737300,2.867700,23.081800,1.669000
1,1,57.930165,29.959898,4.004200,29.861401,1.747100
1,1,57.954367,24.201602,3.492500,25.088301,1.859000
1,1,57.982529,28.161999,2.838000,26.668100,1.750500
1,1,58.009452,26.922401,4.246400,28.016001,1.776000
1,1,58.032282,22.830799,3.201900,22.619301,1.704000
1,1,58.055515,23.233198,3.638700,23.155800,2.088100
1,1,58.084505,28.989904,4.262200,29.240801,1.744200
1,1,58.111957,27.451299,3.440300,26.981899,1.745700
1,1,58.139767,27.810100,3.302800,28.606600,1.942000
1,1,58.164030,24.262998,3.272300,22.781200,1.561800
1,1,58.188738,24.708599,4.515300,25.243299,1.850800
1,1,58.216122,27.383201,3.981300,26.233700,1.597600
1,1,58.242776,26.654102,5.507500,28.267700,2.005000
1,1,58.265781,23.005199,3.091500,23.009501,1.779600
1,1,58.295384,29.602900,3.189700,29.718599,1.963500
1,1,58.318212,22.828300,3.261500,22.919100,1.914600
1,1,58.346402,28.190400,2.819200,27.742001,1.775200
1,1,58.376358,29.955201,3.904600,30.282801,1.978500
1,1,58.401760,25.401998,3.324800,24.898600,2.092100
1,1,58.428231,26.471701,3.301000,26.938200,1.698300
1,1,58.451584,23.352299,2.712800,23.235500,1.665300
1,1,58.478210,26.626602,3.064500,26.985800,2.251300
1,1,58.503479,25.268700,2.667100,24.992901,1.666700
1,1,58.531424,27.945299,2.906100,27.927299,1.782800
1,1,58.561475,30.050702,3.230800,29.968800,2.207000
1,1,58.586838,25.362797,3.062900,25.468700,1.795000
1,1,58.611164,24.326101,2.991000,24.500700,1.453600
1,1,58.635599,24.435502,2.481100,24.597300,1.505000
1,1,58.664391,28.791998,2.311200,28.476400,1.580600
1,1,58.692292,27.900301,2.975200,27.919100,1.813200
1,1,58.715839,23.547601,2.738700,23.147699,1.493400
1,1,58.742470,26.630498,2.998700,27.053801,1.638000
1,1,58.766493,24.023302,2.681000,23.881300,1.504300
1,1,58.793726,27.233299,3.148900,27.262699,1.455400
1,1,58.816398,22.671200,2.956200,22.815599,1.564100
1,1,58.844976,28.578900,2.705800,28.593300,1.600600
1,1,58.869019,24.042901,2.574600,23.792700,1.903100
1,1,58.896913,27.893800,3.200500,27.667801,1.983200
1,1,58.926797,29.883798,3.019100,30.005600,1.798900
1,1,58.949349,22.551801,3.089300,22.553600,2.071800
1,1,58.976268,26.918799,2.972200,27.337400,2.126400
1,1,58.998675,22.407800,2.769500,22.059200,1.716600
1,1,59.027531,28.855301,2.824600,29.057699,1.469600
1,1,59.051856,24.325699,2.874600,24.348700,1.445200
1,1,59.080115,28.258502,2.749400,27.901501,1.730100
1,1,59.108029,27.914301,3.189200,28.125799,1.609900
1,1,59.134497,26.468199,2.872100,26.171000,2.247900
1,1,59.164405,29.907901,3.195100,29.108000,1.652000
1,1,59.192725,28.319899,4.300700,29.409901,1.677400
1,1,59.216523,23.797400,3.064600,23.342100,1.960800
1,1,59.245492,28.969698,3.748500,29.062599,2.185400
1,1,59.268765,23.272801,3.411900,23.405100,1.919900
1,1,59.295395,26.629601,2.889600,26.964100,2.038200
1,1,59.322182,26.787098,2.508600,26.247101,1.740500
1,1,59.349599,27.417500,3.458900,27.400900,1.670100
1,1,59.375953,26.354201,3.257100,26.637300,1.696000
1,1,59.400497,24.543099,2.982400,24.580400,1.430200
1,1,59.427453,26.956003,2.732100,27.018000,1.579000
1,1,59.450632,23.179397,2.687600,23.106600,1.526200
1,1,59.479423,28.791100,2.737500,29.074400,1.539200
1,1,59.503582,24.159200,2.485200,23.714701,1.438200
1,1,59.530803,27.221102,3.041200,27.276400,1.367600
1,1,59.558150,27.346298,3.213200,27.361401,1.708200
1,1,59.582469,24.319701,3.261500,24.035400,1.396400
1,1,59.609903,27.433600,3.670300,27.687201,2.064200
1,1,59.633019,23.116201,2.983100,23.002899,1.577600
1,1,59.660323,27.303498,3.105600,27.503599,1.961300
1,1,59.682721,22.397999,2.749200,22.358299,1.658800
1,1,59.709702,26.981801,2.779400,27.021400,1.579000
1,1,59.732799,23.096401,2.775500,22.935801,1.536200
1,1,59.760188,27.389299,2.863400,27.214100,2.183000
1,1,59.782343,22.154599,3.137200,22.155100,1.679000
1,1,59.809894,27.551599,3.061400,27.668301,1.850900
1,1,59.832996,23.101203,3.076200,22.981701,1.637700
1,1,59.856539,23.543898,2.898700,23.948900,1.900300
1,1,59.882634,26.094999,2.566000,25.782700,1.675600
1,1,59.913326,30.691303,3.032500,30.793699,2.053400
1,1,59.936920,23.593899,3.120800,23.798599,1.681000
1,1,59.964128,27.208298,2.597700,26.756300,1.584900
1,1,59.987722,23.593903,2.951900,23.480400,1.805800
1,1,60.014703,26.980899,3.210300,27.191401,1.833800
1,1,60.041791,27.088098,3.482000,27.151300,1.627200
1,1,60.064808,23.016900,3.053500,22.880199,1.341400
1,1,60.091489,26.681300,3.151700,27.043100,1.730700
1,1,60.114589,23.100000,2.696200,22.645700,1.919800
1,1,60.141796,27.206499,3.213100,27.271799,1.971700
1,1,60.165195,23.398902,3.024400,23.470200,1.693000
1,1,60.187971,22.776499,2.870000,22.890600,1.911800
1,1,60.215050,27.079102,2.730300,26.922001,1.630600
1,1,60.243175,28.124399,2.797200,28.077600,1.696800
1,1,60.265951,22.776000,2.794100,22.676001,1.418400
1,1,60.293069,27.118500,2.957500,27.325001,1.665100
1,1,60.316286,23.216598,2.715100,23.291201,1.603700
1,1,60.343162,26.876602,2.702100,26.672001,2.047300
1,1,60.365870,22.708297,2.838700,22.610901,1.866300
1,1,60.395781,29.910903,2.933500,29.870701,2.339700
1,1,60.421355,25.573798,3.051800,25.720699,1.894600
1,1,60.446183,24.828199,2.962900,24.996099,1.764700
1,1,60.475614,29.430300,2.590900,29.232401,2.032200
1,1,60.498432,22.818703,2.816400,22.599501,1.942000
1,1,60.525729,27.296297,3.109000,27.543900,1.943500
1,1,60.549094,23.365200,2.747000,22.971001,1.859800
1,1,60.576722,27.628202,3.216500,27.663700,1.877200
1,1,60.599177,22.455398,3.253600,22.878201,2.085200
1,1,60.626182,27.004801,2.609800,26.955299,1.544500
1,1,60.648784,22.602100,2.733300,22.499701,2.269500
1,1,60.676283,27.498800,2.714500,27.278999,1.869000
1,1,60.698321,22.037700,2.985600,22.370199,1.759400
1,1,60.726357,28.036401,2.550800,27.749001,2.106200
1,1,60.748779,22.421900,3.571000,22.475401,1.533500
1,1,60.776200,27.421299,2.728000,27.378099,1.691100
1,1,60.802220,26.019100,3.223200,22.758801,1.837700
1,1,60.821969,19.749898,6.587400,21.865000,1.869300
1,1,60.849718,27.748503,4.020200,28.355900,1.941300
1,1,60.876207,26.488900,3.751400,26.608200,2.223200
1,1,60.900782,24.574798,3.145300,24.453300,1.566500
1,1,60.927917,27.135201,3.370700,27.466900,1.874900
1,1,60.950558,22.641402,2.991100,22.738199,1.345700
1,1,60.977632,27.073700,3.467800,26.893101,2.087900
1,1,61.001353,23.720499,2.948400,24.102400,1.629700
1,1,61.029114,27.762000,2.628400,27.442801,1.678700
1,1,61.052301,23.186300,2.790000,23.641001,1.566800
1,1,61.080112,27.810801,2.406000,27.704100,1.643900
1,1,61.103254,23.142498,2.609000,23.132700,1.640800
1,1,61.132042,28.787803,2.417300,28.464001,1.611400
1,1,61.157720,25.678098,3.007700,25.462601,1.917400
1,1,61.182681,24.960600,3.399600,25.239500,1.679700
1,1,61.210460,27.779400,3.046400,27.934099,1.943800
1,1,61.233514,23.054000,2.753000,22.239901,1.846200
1,1,61.260711,27.197301,3.490700,27.945400,1.739500
1,1,61.284777,24.065800,2.909400,23.217400,2.277000
1,1,61.311228,26.450898,3.448900,26.855801,1.886400
1,1,61.334277,23.049500,3.409400,22.610600,1.600200
1,1,61.360862,26.584499,4.105700,27.471001,2.096800
1,1,61.384566,23.704100,2.908300,23.073299,1.973300
1,1,61.412387,27.821202,3.639600,28.275999,1.768600
1,1,61.434716,22.328798,3.423800,21.874001,1.950500
1,1,61.463415,28.698701,3.346000,29.019100,1.756000
1,1,61.486270,22.855099,3.492100,23.127800,1.978300
1,1,61.514176,27.906202,2.777600,27.681101,1.795300
1,1,61.540804,26.627898,3.053900,26.228901,1.915200
1,1,61.567213,26.409000,4.110900,26.727100,1.583600
1,1,61.595144,27.930699,3.440200,27.790001,1.911200
1,1,61.618842,23.698602,3.232100,24.002199,1.704700
1,1,61.646798,27.955599,3.418200,28.089300,1.960200
1,1,61.672486,25.687899,3.016000,25.783600,1.586300
1,1,61.701377,28.891303,2.537000,28.040199,1.809800
1,1,61.728582,27.204998,3.367500,27.788099,1.857400
1,1,61.756009,27.426701,2.837700,27.560400,1.546800
1,1,61.782405,26.396498,2.756100,26.291000,1.783200
1,1,61.811007,28.601300,3.057200,28.685101,1.713900
1,1,61.835867,24.860702,2.925900,24.708000,1.823800
1,1,61.864957,29.089298,2.771000,27.606701,2.092800
1,1,61.892674,27.717900,4.856600,29.389200,2.888300
1,1,61.917465,24.790801,3.196300,24.326300,2.380100
1,1,61.944135,26.669402,3.244100,27.068100,2.053800
1,1,61.967030,22.895500,2.725100,22.632799,2.093600
1,1,61.993913,26.882999,2.861700,27.146200,1.954100
1,1,62.016749,22.836100,2.714000,22.634701,1.662900
1,1,62.045589,28.839301,2.844800,29.066999,2.220400
1,1,62.070056,24.467099,2.612300,23.824301,1.957200
1,1,62.095923,25.867600,3.045900,26.426901,1.637800
1,1,62.119614,23.690797,2.641900,23.665600,1.571400
1,1,62.148350,28.735902,2.669300,28.451401,1.581700
1,1,62.170573,22.222899,3.035400,22.679501,1.719700
1,1,62.199514,28.941002,2.712300,28.399900,1.568300
1,1,62.227771,28.257098,3.243300,28.742599,1.814000
1,1,62.253099,25.328200,2.653100,25.188801,1.624400
1,1,62.280047,26.947901,2.627000,26.967300,1.819300
1,1,62.305370,25.323201,2.840800,25.114201,1.924000
1,1,62.456874,151.503999,150.078201,28.216101,2.263200
1,1,62.473022,16.147699,6.271500,2.851000,1.942000
1,1,62.489697,16.675100,5.599900,10.319400,1.930200
1,1,62.506187,16.489699,6.159100,10.319400,1.930200
1,1,62.522835,16.648002,4.912000,19.947500,1.464500
1,1,62.543195,20.360298,3.648400,28.720301,1.803200
1,1,62.567561,24.365600,6.506200,23.945900,1.498000
1,1,62.595066,27.505603,3.310600,27.751699,1.866800
1,1,62.617367,22.301197,2.751300,21.631800,1.499200
1,1,62.644089,26.721202,3.523800,27.377501,1.445700
1,1,62.669090,25.001500,2.885000,24.867100,1.637100
1,1,62.695883,26.792400,3.089500,26.928900,1.698200
1,1,62.719622,23.739301,2.775900,23.406900,2.189400
1,1,62.748570,28.948098,3.126200,28.689699,1.607200
1,1,62.771812,23.241702,3.678600,23.956699,1.890500
1,1,62.802117,30.304898,3.018800,29.769699,1.536400
1,1,62.836907,34.790300,3.162600,31.889700,1.654900
1,1,62.855798,18.891200,6.470100,22.074499,2.004700
1,1,62.884768,28.969899,3.405400,28.321899,1.768700
1,1,62.912628,27.859602,3.739700,27.957100,2.653000
1,1,62.942875,30.247200,3.670200,30.658199,2.136500
1,1,62.967876,25.000900,3.215400,24.840900,2.214300
1,1,62.991962,24.086099,3.334800,24.302601,1.736200
1,1,63.019464,27.502000,2.896500,27.172001,1.810900
1,1,63.049798,30.334100,3.211000,30.346201,1.947500
1,1,63.078450,28.651800,3.517500,28.780800,2.064700
1,1,63.108584,30.134298,3.272600,30.358500,2.062800
1,1,63.133770,25.186401,2.989700,24.829201,1.922000
1,1,63.165123,31.352799,3.375700,30.678301,1.924300
1,1,63.193502,28.378703,4.066800,29.426800,2.025100
1,1,63.219460,25.958598,3.171700,25.514900,1.888700
1,1,63.249827,30.366700,3.423000,30.226299,2.088000
1,1,63.279715,29.888000,5.313200,30.283100,2.521200
1,1,63.303587,23.871701,4.083200,23.902700,2.044700
1,1,63.336354,32.767199,3.191400,32.474899,1.886700
1,1,63.363690,27.336001,3.592200,27.774700,1.750400
1,1,63.385947,22.257298,2.988500,22.216101,2.021900
1,1,63.416882,30.934900,2.962000,30.364401,1.765600
1,1,63.444055,27.172800,3.331000,27.779200,1.700300
1,1,63.468384,24.328701,2.940100,24.214500,1.541100
1,1,63.497428,29.044598,2.769700,28.939301,1.787500
1,1,63.518762,21.333802,2.957700,21.418400,1.985600
1,1,63.547600,28.837498,2.676300,28.398701,1.755800
1,1,63.574894,27.294699,3.375600,27.551901,2.046600
1,1,63.599594,24.699301,3.116900,24.456301,2.000800
1,1,63.627816,28.222602,3.819400,28.593399,2.272200
1,1,63.650363,22.546999,3.153700,22.296200,1.749000
1,1,63.679777,29.413499,3.144900,29.211300,1.855200
1,1,63.700396,20.619001,3.287800,20.785200,2.487200
1,1,63.727865,27.469400,3.181600,27.661100,1.987600
1,1,63.750275,22.409901,2.855200,22.238800,2.685300
1,1,63.774346,24.071097,3.183900,24.077200,1.831200
1,1,63.799779,25.433201,2.927400,25.275101,1.505600
1,1,63.823947,24.167899,3.022800,24.600700,1.737000
1,1,63.849305,25.357801,2.585300,25.245001,2.097700
1,1,63.876956,27.651098,2.860900,27.630400,2.147200
1,1,63.902441,25.484402,3.141800,25.672400,1.650700
1,1,63.929638,27.197398,2.534100,26.908400,1.703200
1,1,63.953438,23.799900,2.716400,23.900900,1.865300
1,1,63.981721,28.283101,2.793100,28.461201,1.664000
1,1,64.009140,27.419101,2.681800,27.292601,1.866100
1,1,64.033666,24.526399,2.873700,24.096300,1.639700
1,1,64.060752,27.085401,3.286600,27.542601,1.946300
1,1,64.084579,23.826800,2.653800,22.703699,1.499100
1,1,64.110147,25.568299,3.829100,26.538401,2.203400
1,1,64.132860,22.713199,2.845600,22.618799,1.892100
1,1,64.160617,27.757201,2.777500,28.028900,2.046500
1,1,64.184289,23.671199,2.632700,22.295401,1.471200
1,1,64.212237,27.948700,3.961400,29.200500,1.590000
1,1,64.234540,22.303201,2.720600,22.292299,1.866400
1,1,64.262041,27.500302,2.701000,27.254200,1.929400
1,1,64.286550,24.509497,2.919100,24.715401,1.910700
1,1,64.312146,25.595602,3.078100,25.393101,1.885900
1,1,64.334995,22.849500,3.101700,22.706100,1.887600
1,1,64.362981,27.985699,3.271200,28.407600,1.799300
1,1,64.386322,23.341302,2.515000,23.125999,1.597300
1,1,64.415466,29.143900,2.997300,28.895500,1.539200
1,1,64.442653,27.187198,3.152500,27.625000,1.767000
1,1,64.466603,23.949500,3.231000,23.360100,1.589600
1,1,64.492841,26.237600,3.328000,26.879900,1.825500
1,1,64.516256,23.415301,2.503000,22.854500,1.581200
1,1,64.545804,29.547799,3.175400,29.823500,1.938300
1,1,64.567426,21.622602,2.988700,21.419800,1.743600
1,1,64.594258,26.831798,2.962900,27.103300,1.627300
1,1,64.618495,24.236999,2.629600,24.311100,1.520800
1,1,64.646758,28.262801,2.706000,28.004400,1.510400
1,1,64.669548,22.790398,3.104600,22.811199,1.621800
1,1,64.695743,26.194301,3.034900,26.238800,1.648600
1,1,64.719684,23.941699,2.623500,23.591299,1.843300
1,1,64.745856,26.172001,3.051400,26.407301,1.822000
1,1,64.768698,22.842001,2.787400,22.935499,2.164500
1,1,64.795920,27.222000,2.794500,26.819300,1.817100
1,1,64.818945,23.024298,3.060600,23.314800,1.463100
1,1,64.846740,27.795602,3.319200,28.168900,1.886700
1,1,64.869448,22.707500,2.542500,22.306900,2.010700
1,1,64.896846,27.397800,2.712400,27.756800,1.637800
1,1,64.925762,28.916299,2.529700,28.723801,1.834500
1,1,64.949255,23.493599,2.589800,23.147800,1.836500
1,1,64.981348,32.092102,3.176400,31.805500,1.743100
1,1,65.008394,27.046397,3.502300,27.444401,1.843400
1,1,65.032389,23.994703,3.255300,23.785999,1.885900
1,1,65.058945,26.556697,3.723000,26.900200,1.863400
1,1,65.081826,22.880301,2.996000,22.778799,1.623200
1,1,65.104160,22.333901,3.073300,22.321699,1.914200
1,1,65.131641,27.481001,4.363100,27.379700,1.748300
1,1,65.158930,27.289499,2.888500,27.404900,1.523700
1,1,65.180659,21.728799,3.085800,21.784401,1.435600
1,1,65.205182,24.522800,2.532600,24.696100,1.727000
1,1,65.232153,26.971601,2.692500,26.684401,1.587800
1,1,65.256709,24.555799,2.818600,24.586399,1.750500
1,1,65.281653,24.944000,3.064200,24.691900,1.682800
1,1,65.310173,28.519802,3.066400,28.649300,1.812300
1,1,65.334508,24.334900,3.291300,24.441000,1.551000
1,1,65.361046,26.538000,2.875500,26.676300,1.776400
1,1,65.384071,23.025401,2.762000,22.339899,1.813700
1,1,65.410898,26.826899,3.445700,27.476900,1.757500
1,1,65.434164,23.265701,2.682700,22.663700,1.276300
1,1,65.460564,26.400100,3.151300,26.902700,1.435600
1,1,65.483578,23.014300,2.864700,22.783300,1.353600
1,1,65.510351,26.773099,2.993100,26.895901,1.987700
1,1,65.533508,23.156401,2.914300,22.988001,1.507600
1,1,65.557982,24.474699,3.034700,24.473200,2.072200
1,1,65.582950,24.967302,2.861900,24.921600,1.607600
1,1,65.607638,24.688598,3.390000,24.927601,2.210300
1,1,65.633805,26.166901,2.943600,25.106701,1.685700
1,1,65.659349,25.544200,3.631400,26.861500,1.744600
1,1,65.682759,23.409899,2.403200,22.828400,1.899800
1,1,65.704872,22.112999,3.013000,22.519899,1.737100
1,1,65.732701,27.828302,2.545700,27.672199,2.495400
1,1,65.759564,26.863698,3.142300,27.153601,1.978700
1,1,65.784831,25.267202,2.502700,24.991899,1.810700
1,1,65.811684,26.852500,2.660100,27.010799,1.697900
1,1,65.838437,26.753500,2.504600,23.026400,1.813600
1,1,65.860251,21.813899,6.836300,24.428101,1.969300
1,1,65.887869,27.617201,4.096100,28.114000,2.103400
1,1,65.916184,28.315499,3.438000,27.856701,2.515500
1,1,65.945201,29.016901,4.372100,29.176800,1.737800
1,1,65.969487,24.286397,4.564100,23.769100,2.441600
1,1,65.995431,25.943302,4.349200,26.938200,2.526000
1,1,66.018148,22.717100,3.375800,22.511000,2.058100
1,1,66.046016,27.868301,3.415500,28.152500,1.637100
1,1,66.069282,23.265801,2.799600,22.907600,1.636100
1,1,66.095212,25.930099,3.159300,26.337099,1.842600
1,1,66.120061,24.848998,2.734000,24.689199,1.955800
1,1,66.146572,26.511300,3.061300,26.222601,2.057900
1,1,66.169494,22.921301,3.262600,23.326700,1.831800
1,1,66.196011,26.517101,2.767500,26.357901,1.881600
1,1,66.218750,22.739898,3.216600,22.767599,1.780800
1,1,66.242973,24.222899,3.161600,24.343599,1.612400
1,1,66.269021,26.048001,2.752600,25.657400,2.204100
1,1,66.295516,26.495099,3.056200,26.618500,1.493400
1,1,66.318652,23.135602,2.982700,22.562500,1.619000
1,1,66.345107,26.454598,3.570700,26.913200,2.094600
1,1,66.371044,25.937602,3.086500,26.222000,2.018700
1,1,66.400067,29.022899,2.828600,28.425699,1.807800
1,1,66.427068,27.000800,3.592800,27.763800,1.678900
1,1,66.451006,23.937803,2.703400,22.753401,1.388200
1,1,66.472426,21.420598,3.841900,22.706900,1.923300
1,1,66.500948,28.522100,2.494900,27.645399,1.720700
1,1,66.528415,27.466800,3.274900,27.256100,2.143100
1,1,66.550265,21.849900,3.585100,22.262100,2.039000
1,1,66.577812,27.546398,3.299700,27.654499,1.691400
1,1,66.602046,24.234001,3.199700,24.571301,1.524400
1,1,66.630682,28.636899,2.724200,28.576599,1.689200
1,1,66.657131,26.448503,2.774700,26.344700,1.644200
1,1,66.684894,27.762998,3.075200,27.134800,1.645500
1,1,66.713276,28.381702,3.622900,28.898899,2.034100
1,1,66.736315,23.038998,2.847900,22.810499,1.630100
1,1,66.766036,29.721800,3.128400,29.982500,1.865900
1,1,66.793359,27.322400,3.205600,27.634300,1.918400
1,1,66.817989,24.629999,2.507700,24.077499,1.648500
1,1,66.844979,26.990402,2.966900,27.326500,1.891600
1,1,66.869933,24.954099,3.122000,24.802000,1.674900
1,1,66.900847,30.913800,3.519000,30.442200,1.888900
1,1,66.929442,28.594401,3.290200,29.352501,1.933900
1,1,66.952912,23.470100,2.464100,23.270201,1.745100
1,1,66.981813,28.901000,2.599400,28.476999,2.331800
1,1,67.011991,30.178200,3.410000,30.390100,1.849100
1,1,67.035892,23.901500,3.787900,24.048000,1.699400
1,1,67.065603,29.711097,3.618300,29.511000,1.739800
1,1,67.093187,27.583502,4.449100,27.859301,2.505300
1,1,67.116268,23.080900,4.335000,22.819700,1.845600
1,1,67.143090,26.822500,3.964500,27.172001,2.056500
1,1,67.167036,23.945499,2.955900,23.349300,1.609500
1,1,67.193776,26.740201,3.230700,27.399599,1.794300
1,1,67.217462,23.685999,2.547200,22.771700,1.920400
1,1,67.243926,26.464000,3.517900,26.954901,2.039800
1,1,67.268060,24.134099,3.082500,24.354900,1.447700
1,1,67.297774,29.713500,2.833000,29.624599,1.706100
1,1,67.326409,28.634898,3.368700,28.821301,1.870700
1,1,67.350349,23.940500,3.464000,23.388300,1.830500
1,1,67.380388,30.038901,3.139000,30.357201,1.663600
1,1,67.407936,27.547799,2.934400,27.737200,1.744900
1,1,67.433833,25.897600,2.634300,24.416300,1.785500
1,1,67.460703,26.869804,4.582200,28.110901,1.847500
1,1,67.484845,24.141997,3.122700,23.639099,2.116200
1,1,67.510777,25.932100,3.620700,26.690300,2.205600
1,1,67.533630,22.852600,2.718900,22.597401,1.425500
1,1,67.561155,27.525503,2.911900,27.372400,1.874300
1,1,67.585553,24.397500,3.136400,24.490700,1.731900
1,1,67.612710,27.157400,2.933200,27.346500,1.480400
1,1,67.640570,27.859498,2.751200,27.941500,1.392900
1,1,67.667027,26.457101,2.661600,25.307199,1.752700
1,1,67.694994,27.967099,3.840700,28.605200,1.785400
1,1,67.717744,22.750203,3.559000,22.662100,1.893800
1,1,67.744091,26.346397,3.414000,26.820700,1.899000
1,1,67.767105,23.014203,2.863400,22.809700,1.835500
1,1,67.796009,28.904699,3.026800,28.929800,2.136000
1,1,67.819192,23.182701,2.813400,23.063200,1.857300
1,1,67.847819,28.626300,3.165800,28.935801,1.443600
1,1,67.877111,29.292900,2.707100,27.757099,1.902600
1,1,67.900824,23.712497,4.707200,24.756399,1.628300
1,1,67.930364,29.540002,3.551500,29.833599,1.675800
1,1,67.954544,24.179898,3.150400,24.303600,2.221700
1,1,67.982096,27.552500,2.947900,27.459801,1.497600
1,1,68.008845,26.748400,3.026400,26.801300,1.860200
1,1,68.031346,22.501498,2.909900,22.296301,1.455800
1,1,68.054343,22.996802,2.797300,23.278799,1.752600
1,1,68.083009,28.665598,2.831500,28.304899,1.468400
1,1,68.108729,25.720201,3.122900,26.100401,1.918300
1,1,68.132670,23.941100,2.840200,23.569401,1.550600
1,1,68.154465,21.795399,2.981500,22.064800,2.028500
1,1,68.182890,28.425001,2.663600,28.145201,1.553600
1,1,68.213301,30.410800,3.126400,30.805599,1.897700
1,1,68.236461,23.159798,2.995200,23.104401,1.904100
1,1,68.264147,27.685702,2.614800,27.589100,2.259500
1,1,68.289276,25.129002,2.755600,25.183599,1.434200
1,1,68.317295,28.019298,2.858100,27.484100,1.534600
1,1,68.345153,27.858000,3.334700,28.017401,1.895700
1,1,68.369237,24.083801,3.005200,24.587500,1.620200
1,1,68.396177,26.940499,2.623800,26.829000,1.675700
1,1,68.419762,23.584601,2.607400,23.372999,1.919300
1,1,68.447978,28.216001,2.634300,28.127600,1.760600
1,1,68.476866,28.888099,2.757100,29.091999,1.555400
1,1,68.500268,23.402400,3.371100,23.044600,1.702600
1,1,68.522930,22.661202,3.178200,22.942400,1.920800
1,1,68.551089,28.159399,2.719800,28.009600,1.479300
1,1,68.579588,28.499201,2.878700,28.384001,1.606100
1,1,68.602106,22.517499,3.185300,22.762800,3.142100
1,1,68.631158,29.052101,2.561900,29.048599,1.768300
1,1,68.659000,27.842499,2.818300,27.812901,1.554300
1,1,68.681389,22.389200,3.098300,22.347200,1.907600
1,1,68.710922,29.532902,2.682700,29.522600,1.940500
1,1,68.735236,24.313997,3.299800,23.799400,1.508500
1,1,68.762718,27.482200,3.750300,27.471399,2.236800
1,1,68.785324,22.605702,3.918300,22.807600,1.932300
1,1,68.813823,28.499000,3.605000,28.494101,2.267100
1,1,68.837916,24.093099,3.541700,24.111500,2.174600
1,1,68.863313,25.396600,4.506000,25.459700,2.392700
1,1,68.887117,23.804300,3.442600,23.333200,2.130200
1,1,68.916199,29.082201,3.795400,29.038500,1.988900
1,1,68.939389,23.189299,4.310100,23.904600,1.805300
1,1,68.968256,28.867401,3.585600,28.221399,1.766700
1,1,68.990673,22.416700,3.471900,22.973600,2.034500
1,1,69.018445,27.772699,3.157600,27.738701,1.996900
1,1,69.046638,28.192300,3.514400,28.106300,2.184000
1,1,69.069180,22.542302,3.276300,22.207300,1.997900
1,1,69.097868,28.687999,4.154500,29.256701,2.213900
1,1,69.121123,23.254801,3.128100,23.144400,1.745400
1,1,69.150846,29.722698,2.832500,28.311600,1.697300
1,1,69.178618,27.772103,4.375600,29.008101,1.876300
1,1,69.202003,23.385197,3.254600,23.285999,1.808200
1,1,69.229260,27.257502,3.166300,27.465599,2.118700
1,1,69.251640,22.379398,3.050100,22.298599,2.249300
1,1,69.278042,26.401803,3.036800,26.591999,1.955600
1,1,69.301027,22.985797,2.866000,22.768600,1.730800
1,1,69.325030,24.002802,2.962700,24.019800,2.306700
1,1,69.350401,25.371201,2.986600,25.077000,1.700400
1,1,69.376836,26.434898,3.050200,26.896799,2.029300
1,1,69.400862,24.025500,2.617000,23.832199,1.688600
1,1,69.427772,26.910100,3.006100,27.158400,1.640000
1,1,69.451569,23.797199,2.612400,23.065201,1.775400
1,1,69.479825,28.255500,3.185500,28.972300,1.855400
1,1,69.504974,25.149602,2.643300,24.509600,2.258200
1,1,69.534367,29.392898,3.356200,29.595900,1.818000
1,1,69.558802,24.435099,3.367000,24.652100,1.775500
1,1,69.584554,25.751900,2.927000,25.677601,1.721100
1,1,69.611361,26.806701,3.386400,26.970301,1.989200
1,1,69.634927,23.566000,2.897600,23.140699,1.642300
1,1,69.661755,26.828699,3.040000,27.087900,1.852000
1,1,69.685896,24.140302,3.038500,24.046301,1.477600
1,1,69.713970,28.073899,2.977500,28.050301,1.812200
1,1,69.737393,23.423400,2.925900,23.422501,1.830300
1,1,69.765852,28.459299,2.971300,28.324499,1.623900
1,1,69.790192,24.339300,3.261800,24.699699,1.790700
1,1,69.815307,25.115602,3.098200,24.851999,1.771600
1,1,69.843654,28.346699,3.151100,28.427200,1.799300
1,1,69.867243,23.589399,2.935600,23.515699,2.154000
1,1,69.896044,28.800704,3.143700,28.657400,2.051900
1,1,69.918430,22.386000,3.384500,22.489401,2.442800
1,1,69.945667,27.236599,3.037000,27.227699,2.005900
1,1,69.968704,23.037598,3.032600,22.904699,1.957500
1,1,69.997132,28.428100,3.141500,28.362301,2.009100
1,1,70.020719,23.587100,3.544800,23.739700,1.851300
1,1,70.048754,28.034501,3.151000,27.777901,1.763300
1,1,70.073565,24.810601,3.396800,25.081301,2.341100
1,1,70.098898,25.332998,3.119300,24.905800,2.126800
1,1,70.121420,22.522300,4.213700,22.936199,2.613600
1,1,70.148596,27.176302,3.661000,27.024599,2.019500
1,1,70.171250,22.653300,3.107200,22.975901,1.891200
1,1,70.198448,27.198397,2.961000,27.108999,1.628200
1,1,70.227192,28.744102,2.933000,28.552500,1.875700
1,1,70.250053,22.861399,2.919600,23.122801,1.696500
1,1,70.272013,21.959901,2.727700,22.226801,1.865900
1,1,70.300726,28.712500,2.362700,27.970699,1.678700
1,1,70.327939,27.212702,3.095500,27.683201,1.974600
1,1,70.352015,24.076197,2.934100,24.208000,1.552100
1,1,70.378546,26.530802,2.476200,26.351999,1.597400
1,1,70.401621,23.075599,2.813200,23.139900,1.643600
1,1,70.428308,26.687302,2.567300,26.838200,1.670800
1,1,70.452983,24.675097,2.802400,24.200001,1.526200
1,1,70.479794,26.810501,2.788700,27.016800,1.464100
1,1,70.503225,23.430899,3.444400,23.521900,1.777500
1,1,70.530063,26.838403,2.499900,26.921700,1.629900
1,1,70.558981,28.917499,2.425100,28.699301,1.371200
1,1,70.581114,22.132900,2.676700,22.136700,1.510100
1,1,70.608794,27.680598,2.840800,27.618700,1.651800
1,1,70.630860,22.065703,2.915500,22.392300,1.615000
1,1,70.660043,29.183399,2.286400,28.869801,2.123100
1,1,70.684229,24.185799,2.695100,24.015600,1.417500
1,1,70.711088,26.859101,3.139000,26.961399,1.698300
1,1,70.734041,22.953000,2.777800,22.835501,1.822700
1,1,70.756709,22.667300,2.847600,22.817801,1.751500
1,1,70.784491,27.782001,2.758600,27.815800,2.116800
1,1,70.806886,22.395100,2.730800,22.257500,1.864200
1,1,70.835517,28.630998,2.819500,28.267401,1.767000
1,1,70.861686,26.169501,3.276300,26.478500,1.819000
1,1,70.887821,26.134800,2.951500,22.717800,1.735900
1,1,70.918159,30.337598,6.891600,32.356602,1.975300
1,1,70.945575,27.416501,4.585400,28.645599,2.382700
1,1,70.969718,24.143200,3.092900,23.912399,1.946500
1,1,70.998114,28.395701,3.943800,28.221701,2.213300
1,1,71.021202,23.087900,3.581400,22.521299,1.954600
1,1,71.050460,29.257700,3.754900,30.119600,1.809400
1,1,71.081380,30.920397,3.375300,31.291100,1.981400
1,1,71.112041,30.660503,3.619000,30.621000,2.472600
1,1,71.135637,23.596197,3.007500,23.495600,1.405000
1,1,71.162385,26.748501,2.697200,27.013800,2.219100
1,1,71.187003,24.618100,2.865800,23.582001,1.490800
1,1,71.216745,29.741999,3.446100,30.302999,1.972800
1,1,71.244296,27.550902,3.305200,27.916599,1.853500
1,1,71.269830,25.534000,2.692600,25.183100,1.780000
1,1,71.299898,30.067399,2.895500,29.559999,1.674100
1,1,71.325335,25.437299,3.482000,25.940201,2.462700
1,1,71.351716,26.381500,3.403000,26.016899,1.669900
1,1,71.379284,27.567800,3.957200,27.644199,2.054600
1,1,71.409258,29.973499,3.535500,29.969200,1.785500
1,1,71.432868,23.610100,3.201600,23.869699,1.789400
1,1,71.462948,30.080199,3.041100,29.928499,1.904700
1,1,71.487228,24.280000,3.600600,23.814400,2.598700
1,1,71.514727,27.498700,4.283200,28.017000,2.103400
1,1,71.538338,23.611102,3.457300,23.502899,1.856400
1,1,71.565015,26.677199,3.321800,26.787001,2.257600
1,1,71.594934,29.919099,3.235300,29.998301,1.771400
1,1,71.616734,21.799803,3.233200,21.458300,1.695700
1,1,71.642551,25.816999,3.726400,26.005199,1.771600
1,1,71.670423,27.872197,4.372400,27.601900,1.773200
1,1,71.701797,31.374101,3.276400,31.026600,1.689200
1,1,71.719165,17.367702,4.000900,17.823500,2.386400
1,1,71.748307,29.141698,3.579400,28.704700,1.800900
1,1,71.770811,22.504803,5.499400,23.207300,1.829000
1,1,71.799758,28.946497,3.158900,27.847000,1.540100
1,1,71.828679,28.921403,4.248000,29.715900,2.508500
1,1,71.850427,21.747798,4.288300,21.747700,2.006200
1,1,71.876788,26.361000,3.864500,26.174700,2.241300
1,1,71.904229,27.441401,4.017400,27.752800,2.389600
1,1,71.935460,31.230200,3.856300,31.330000,2.121700
1,1,71.963924,28.464001,3.407400,28.709000,1.591300
1,1,71.988970,25.046699,2.582200,24.544800,2.097600
1,1,72.015195,26.224300,3.222900,26.577999,1.687400
1,1,72.045733,30.538000,3.442200,30.305300,1.887000
1,1,72.068469,22.735901,3.012600,22.794001,2.283700
1,1,72.095672,27.203199,3.121500,26.955000,1.952900
1,1,72.119512,23.840401,3.344600,23.833900,1.826100
1,1,72.146951,27.438898,3.176700,27.344200,1.723000
1,1,72.171086,24.135102,3.346400,24.298201,1.614300
1,1,72.199924,28.837699,3.505100,28.959700,1.442000
1,1,72.227273,27.349301,3.016900,27.375099,1.774700
1,1,72.251893,24.619799,3.158200,24.379400,1.612200
1,1,72.276227,24.334300,3.200600,24.817600,1.629200
1,1,72.301801,25.573302,2.662700,25.124500,1.500600
1,1,72.328465,26.664700,3.114100,26.969700,1.827500
1,1,72.351372,22.906598,2.967800,22.466200,2.100000
1,1,72.381487,30.115202,3.258500,30.405800,1.534400
1,1,72.404694,23.206897,3.652100,23.207500,1.726100
1,1,72.431655,26.961103,3.018900,27.221600,1.347700
1,1,72.455126,23.470700,2.769400,23.434099,1.988600
1,1,72.483867,28.741200,2.636500,28.351200,1.751800
1,1,72.511109,27.241699,3.183800,27.120100,1.679900
1,1,72.533468,22.359401,3.347300,22.857100,1.757300
1,1,72.562433,28.964698,3.486400,28.908300,2.505900
1,1,72.587151,24.718501,2.802100,24.546900,1.529800
1,1,72.614374,27.222499,2.816600,27.043400,1.657600
1,1,72.641732,27.358200,3.355600,27.627100,1.569700
1,1,72.666302,24.570499,2.800500,24.200300,1.592600
1,1,72.693598,27.295802,3.201600,27.634600,2.292200
1,1,72.715982,22.383999,3.258400,22.114000,1.987600
1,1,72.738531,22.548702,3.129400,22.468700,1.680700
1,1,72.766246,27.715299,3.246600,27.424400,1.697000
1,1,72.797416,31.169798,3.630700,31.988300,2.140400
1,1,72.820667,23.251303,3.053800,23.029100,2.036000
1,1,72.850030,29.362399,3.554500,28.888100,1.865500
1,1,72.875979,25.949001,3.580300,26.160801,1.687800
1,1,72.903407,27.427699,3.263100,27.409100,1.846700
1,1,72.932984,29.577699,3.468200,26.845200,1.802700
1,1,72.953737,20.752799,7.725500,22.958099,2.115400
1,1,72.980116,26.379302,4.236000,27.157301,2.261100
1,1,73.004469,24.353199,2.878100,24.535400,2.136500
1,1,73.034052,29.582601,2.718100,29.009399,1.821600
1,1,73.058520,24.468400,3.328400,24.880100,2.375100
1,1,73.086745,28.224502,2.902000,28.211399,1.780500
1,1,73.113044,26.299000,2.763300,26.538401,1.595100
1,1,73.136712,23.668099,2.463300,23.196699,1.602700
1,1,73.164714,28.001599,3.041500,28.523001,2.044400
1,1,73.188297,23.583200,2.528400,23.166300,2.040600
1,1,73.214809,26.512600,2.854000,26.660101,1.814300
1,1,73.243762,28.952900,3.069000,28.902901,2.362500
1,1,73.267334,23.571499,2.775400,23.523899,1.661200
1,1,73.297927,30.592602,2.951200,30.453899,1.989900
1,1,73.320811,22.884801,3.415300,23.273199,1.585400
1,1,73.350083,29.271599,2.553700,28.468300,2.364800
1,1,73.378189,28.106101,3.447400,28.498301,1.921100
1,1,73.403334,25.145400,3.929600,25.420000,2.213100
1,1,73.431125,27.791098,2.686200,27.828100,1.685900
1,1,73.459249,28.123800,2.610500,27.634001,1.855900
1,1,73.481043,21.794200,2.999900,22.487801,1.665700
1,1,73.510858,29.814601,2.684400,29.222200,2.271200
1,1,73.535239,24.381101,2.964400,24.462799,1.697900
1,1,73.561874,26.635099,2.897900,26.762300,1.840400
1,1,73.586610,24.735600,2.751800,24.236601,1.654600
1,1,73.613268,26.658099,3.166300,26.945801,1.806600
1,1,73.637556,24.288300,2.976000,24.308100,1.568800
1,1,73.666435,28.878499,3.501500,28.154301,1.927700
1,1,73.694911,28.475702,3.586900,28.538601,1.944400
1,1,73.718280,23.369499,4.039000,23.896200,2.015500
1,1,73.745167,26.887100,7.855000,26.730301,2.100200
1,1,73.768803,23.636103,3.755900,22.478399,1.994200
1,1,73.795081,26.277497,4.478000,27.774099,2.251900
1,1,73.818264,23.183402,2.974700,23.042200,1.972400
1,1,73.845121,26.857000,3.074500,26.778999,2.091100
1,1,73.868611,23.490299,3.077700,23.417500,2.122400
1,1,73.897438,28.826900,3.068900,28.839899,1.970100
1,1,73.920309,22.871003,3.185700,22.514000,2.005900
1,1,73.946670,26.360400,3.479100,26.968500,2.351800
1,1,73.970497,23.827698,2.939000,22.783899,1.888400
1,1,73.996895,26.397601,3.989900,27.213100,2.032800
1,1,74.020860,23.964800,2.997100,24.065701,1.961400
1,1,74.047466,26.605900,3.087800,26.768801,2.008200
1,1,74.071174,23.708399,2.650400,23.717501,1.731900
1,1,74.099487,28.312899,2.721800,28.144800,1.838800
1,1,74.124322,24.835300,2.705800,24.926500,1.819200
1,1,74.150011,25.688902,2.837000,25.427999,1.738800
1,1,74.175012,25.001198,3.369000,25.039700,1.984900
1,1,74.200332,25.319900,4.209100,25.327900,1.650900
1,1,74.229059,28.727200,2.802900,28.727699,2.469800
1,1,74.252032,22.972699,3.065600,22.649000,1.651900
1,1,74.278648,26.615500,3.224300,27.027901,1.786500
1,1,74.301359,22.711601,2.823600,22.510900,1.758700
1,1,74.328736,27.377002,2.912600,27.693701,1.711600
1,1,74.351360,22.623897,2.846300,22.426399,2.071100
1,1,74.378522,27.161803,2.840500,27.011400,1.714900
1,1,74.401188,22.665799,3.043700,22.760500,2.265000
1,1,74.428968,27.779900,2.763400,27.903299,1.871400
1,1,74.451760,22.792600,2.666600,22.594601,1.685300
1,1,74.478812,27.052000,3.013200,27.202900,1.770900
1,1,74.502730,23.918100,2.687700,23.615000,1.456700
1,1,74.531274,28.543502,3.382900,29.006500,1.752000
1,1,74.559461,28.186899,2.630700,27.651300,1.570000
1,1,74.582626,23.165300,3.181800,23.183300,1.773700
1,1,74.609591,26.965298,2.749600,27.213100,1.544700
1,1,74.635287,25.695402,3.173800,24.221100,1.692100
1,1,74.662069,26.781898,5.369300,27.496201,1.914600
1,1,74.684320,22.251002,3.568200,22.707800,1.905300
1,1,74.713037,28.717197,3.110900,28.804300,2.089900
1,1,74.736939,23.901701,3.572300,22.482100,2.045000
1,1,74.763760,26.821598,4.564100,28.270300,2.267300
1,1,74.788398,24.637803,2.869200,24.836399,1.654700
1,1,74.817562,29.164199,3.159600,28.830999,1.337900
1,1,74.840699,23.137100,3.448500,23.209700,1.766100
1,1,74.867971,27.271900,3.228900,27.383600,2.628700
1,1,74.892595,24.624199,2.968700,24.299601,2.303700
1,1,74.921687,29.091202,3.446100,29.017000,1.608900
1,1,74.950407,28.719999,3.761900,27.525700,1.781800
1,1,74.979055,28.648298,5.068800,29.802500,1.945700
1,1,75.003072,24.017502,4.069000,23.915100,2.347300
1,1,75.033881,30.809000,4.035000,30.205500,1.828400
1,1,75.058973,25.091100,3.994600,25.917999,2.374100
1,1,75.086027,27.054701,3.687200,25.640699,2.485500
1,1,75.113010,26.982799,4.638000,28.425600,2.314900
1,1,75.137897,24.887398,3.968900,24.919300,1.808700
1,1,75.164879,26.981901,3.323300,26.492300,1.686100
1,1,75.197309,32.429699,4.323700,32.738300,1.876200
1,1,75.230393,33.083800,3.595200,33.051601,1.757400
1,1,75.264235,33.842001,3.320100,34.306702,2.103800
1,1,75.297356,33.121198,2.749600,32.688499,1.946500
1,1,75.323044,25.687702,3.202400,25.515200,2.010300
1,1,75.354431,31.387299,3.460600,31.844101,1.896800
1,1,75.383872,29.440701,2.841000,28.926201,1.654900
1,1,75.417375,33.502899,4.809200,33.843300,1.904100
1,1,75.452484,35.109501,3.624500,35.033798,2.075300
1,1,75.485613,33.128697,3.369600,32.168098,2.036300
1,1,75.515169,29.556401,4.220700,30.021000,2.113000
1,1,75.546171,31.001799,4.126700,31.213800,1.902100
1,1,75.575524,29.352900,3.838500,29.553900,1.832900
1,1,75.604032,28.508000,3.661300,28.784500,2.135100
1,1,75.636208,32.176301,3.362700,31.104200,2.167000
1,1,75.664777,28.569002,4.029400,29.518600,2.181400
1,1,75.690648,25.871299,3.433400,25.589701,1.719900
1,1,75.719956,29.307999,3.344300,28.773800,1.999500
1,1,75.752846,32.889999,3.697600,33.490799,2.430500
1,1,75.785047,32.200404,3.662500,31.413200,1.895900
1,1,75.814846,29.799100,3.897400,30.924299,2.001500
1,1,75.844173,29.327098,2.679500,29.085899,1.741100
1,1,75.871015,26.841499,2.866400,26.540199,2.472300
1,1,75.901861,30.846201,3.197000,30.774500,2.136300
1,1,75.939730,37.868802,3.336600,35.450500,1.966800
1,1,75.972511,32.780997,6.793200,34.616901,1.582600
1,1,76.002463,29.952001,5.222400,30.006300,1.726100
1,1,76.036100,33.637099,4.245500,33.856098,2.319000
1,1,76.069413,33.313602,3.900400,33.553101,2.311500
1,1,76.099371,29.957701,3.310500,29.950001,1.738200
1,1,76.131417,32.045700,3.753600,32.446602,1.971200
1,1,76.162365,30.948400,2.993400,30.938000,1.907700
1,1,76.187799,25.434300,2.987300,25.122499,1.795800
1,1,76.221819,34.019999,3.078700,34.140598,1.798700
1,1,76.254497,32.677200,2.988800,32.665100,1.671200
1,1,76.286619,32.122698,3.121600,31.817699,1.722000
1,1,76.318075,31.456001,3.486200,30.898300,1.963000
1,1,76.349346,31.271201,4.365000,31.981501,2.005900
1,1,76.377773,28.426599,3.944700,28.594200,2.072800
1,1,76.405258,27.484503,3.400200,27.152500,1.963000
1,1,76.437163,31.905800,3.474500,32.504299,1.845600
1,1,76.472044,34.880400,2.824000,34.446499,1.655500
1,1,76.502826,30.781899,3.098400,30.410400,1.916700
1,1,76.530674,27.848400,3.732000,28.022900,2.059300
1,1,76.563609,32.935001,4.692800,32.692902,2.133500
1,1,76.588681,25.071900,5.181500,25.516001,1.898500
1,1,76.618411,29.730197,3.477900,29.350401,1.889400
1,1,76.648908,30.496500,4.571400,30.371201,2.192800
1,1,76.677819,28.911501,3.686400,29.306101,1.989100
1,1,76.711148,33.328999,3.295600,33.078899,1.805200
1,1,76.745586,34.437601,3.586000,34.754700,1.760500
1,1,76.777442,31.855900,3.173400,31.761200,1.741300
1,1,76.810735,33.293102,3.303400,33.349800,1.751700
1,1,76.841540,30.805398,3.273000,31.118500,1.667500
1,1,76.875661,34.120701,2.778600,33.181599,1.580200
1,1,76.905837,30.176301,3.862700,30.607000,2.153400
1,1,76.937525,31.687398,3.514700,32.151199,1.988500
1,1,76.967676,30.151803,2.803000,29.520500,1.626200
1,1,76.997751,30.074999,4.158600,30.167000,2.332700
1,1,77.021427,23.675900,3.506600,23.877001,1.977300
1,1,77.054521,33.093698,3.216300,33.035801,1.782500
1,1,77.085319,30.798003,3.203500,29.678900,1.881900
1,1,77.119847,34.528300,4.772700,35.345901,2.117100
1,1,77.149609,29.761497,3.393000,29.979700,1.984900
1,1,77.181442,31.833500,3.409700,32.240299,2.204300
1,1,77.212465,31.022403,3.153400,30.527100,2.009800
1,1,77.237029,24.563998,3.432300,24.863501,2.003900
1,1,77.269424,32.395400,3.181100,31.672400,2.238200
1,1,77.303731,34.307100,3.934000,34.407398,1.748200
1,1,77.329888,26.156601,4.359100,26.735001,2.564200
1,1,77.355458,25.569800,3.480100,25.284700,2.137900
1,1,77.384596,29.138599,3.273600,28.715799,1.409000
1,1,77.412875,28.278500,3.873800,28.906700,2.115500
1,1,77.435303,22.427902,2.911000,22.519400,1.960300
1,1,77.464214,28.911199,2.731400,28.866199,1.904300
1,1,77.496261,32.046702,2.812300,32.289600,1.758700
1,1,77.527509,31.248100,2.734000,30.875799,1.795100
1,1,77.561913,34.404296,3.247400,34.300701,1.719400
1,1,77.591857,29.944401,3.207600,30.356701,1.947800
1,1,77.621600,29.743101,2.870300,29.285999,1.858500
1,1,77.650017,28.416701,3.823700,27.815100,1.726200
1,1,77.677516,27.498499,3.984700,28.644600,1.784600
1,1,77.701274,23.757901,2.651400,23.155800,1.721400
1,1,77.723881,22.607099,3.329900,23.204399,2.041000
1,1,77.754207,30.326001,3.613000,29.822901,2.004000
1,1,77.780940,26.733097,3.103900,26.860100,1.523700
1,1,77.808587,27.647100,2.822500,27.658001,1.579800
1,1,77.833581,24.994101,2.986700,24.660299,1.461600
1,1,77.862324,28.743498,3.526400,29.010201,2.130400
1,1,77.886903,24.578400,3.520500,24.514799,1.280700
1,1,77.915595,28.691802,3.210600,28.783501,1.941400
1,1,77.944690,29.095799,3.044300,28.692200,2.228400
1,1,77.970031,25.340199,3.584000,24.327499,1.810600
1,1,77.993334,23.303203,4.583900,24.679501,2.096900
1,1,78.017309,23.975600,3.029100,24.174700,1.844900
1,1,78.046473,29.163599,2.794400,29.172001,2.070300
1,1,78.069731,23.258198,2.813900,22.887699,2.484200
1,1,78.097319,27.587403,3.043000,27.687500,1.462600
1,1,78.125960,28.641798,3.106900,28.816999,2.052100
1,1,78.148424,22.463400,2.874000,22.494600,1.870000
1,1,78.172517,24.093203,2.962300,24.266500,1.631600
1,1,78.199086,26.569299,2.449700,26.224300,1.427800
1,1,78.227915,28.828301,2.955600,28.935101,2.025400
1,1,78.252617,24.702098,2.780300,24.586100,1.566200
1,1,78.279370,26.753101,2.866100,26.990400,1.429200
1,1,78.302325,22.954900,2.631900,22.430901,1.566100
1,1,78.329070,26.745498,3.100700,27.141300,2.307200
1,1,78.351842,22.771899,2.736900,22.725000,1.659600
1,1,78.381129,29.287301,2.796400,29.462200,1.970500
1,1,78.406637,25.507599,2.543200,25.422199,1.982100
1,1,78.431366,24.728701,2.916500,24.874599,1.953500
1,1,78.459262,27.896103,2.476000,27.688601,1.731200
1,1,78.483383,24.120800,2.933700,23.920401,1.902800
1,1,78.511331,27.948599,3.138700,28.090401,2.332000
1,1,78.535596,24.265200,3.058400,22.962700,1.762800
1,1,78.563731,28.134398,4.039100,29.368900,2.156000
1,1,78.587434,23.703001,2.984900,23.574800,1.677300
1,1,78.614253,26.819699,3.778600,26.805401,2.349900
1,1,78.640178,25.924303,2.949300,25.879700,1.708500
1,1,78.668757,28.579399,3.054000,28.326099,1.721200
1,1,78.695494,26.737299,3.436500,26.905800,2.091400
1,1,78.719700,24.205901,3.614800,24.027800,1.666100
1,1,78.747111,27.410500,4.228600,27.697300,2.066800
1,1,78.770152,23.041200,2.996300,23.114300,1.732700
1,1,78.796767,26.614901,2.951800,26.528200,2.212600
1,1,78.818764,21.997400,2.947200,22.026600,1.741900
1,1,78.843052,24.287298,2.742700,24.405001,1.474400
1,1,78.868940,25.888201,2.997400,25.501699,1.896200
1,1,78.895570,26.630502,3.135300,26.961300,2.379200
1,1,78.920435,24.864201,2.887100,24.656900,2.012700
1,1,78.947866,27.430899,3.029500,27.642599,1.856800
1,1,78.970756,22.890799,2.679800,22.674400,1.964900
1,1,78.997868,27.111799,3.324300,27.504700,1.696800
1,1,79.021686,23.818400,2.406400,23.492100,1.609900
1,1,79.048427,26.740003,2.740300,26.891001,1.715800
1,1,79.076933,28.506096,2.933200,28.598600,1.651800
1,1,79.099784,22.851303,2.464500,22.735100,2.167900
1,1,79.123582,23.798097,2.614200,23.744200,1.661900
1,1,79.151440,27.858302,3.328400,27.809401,1.591400
1,1,79.178064,26.623499,2.687400,26.709999,1.892600
1,1,79.201631,23.566902,2.836000,23.266399,2.138200
1,1,79.222310,20.679399,2.965300,21.095400,1.708700
1,1,79.251323,29.012602,2.560100,28.569901,1.614200
1,1,79.275548,24.225697,3.415200,24.501400,1.774300
1,1,79.301401,25.852799,2.751100,25.732901,1.743000
1,1,79.329208,27.806401,2.886100,27.972500,1.990600
1,1,79.354019,24.811100,2.902400,24.636999,1.616900
1,1,79.380831,26.812002,2.677900,26.760799,1.815000
1,1,79.404362,23.531497,2.775800,23.372101,1.734200
1,1,79.432306,27.944300,2.783100,28.103500,1.668500
1,1,79.461551,29.244602,2.786100,29.237101,1.823100
1,1,79.486252,24.700798,2.981900,23.805000,1.974800
1,1,79.512253,26.001401,3.686500,26.877600,2.004200
1,1,79.535452,23.198899,2.775100,22.979799,1.811000
1,1,79.562247,26.794400,3.006000,27.217899,1.769100
1,1,79.586927,24.680100,2.649600,24.195101,1.610700
1,1,79.613698,26.771601,2.922900,27.217100,1.778100
1,1,79.637000,23.302000,2.701900,22.873100,1.328500
1,1,79.663998,26.998099,3.093000,27.177601,1.523400
1,1,79.690318,26.319303,2.785300,26.363701,1.685600
1,1,79.715887,25.569700,3.058700,25.588301,1.515500
1,1,79.744706,28.818697,3.078300,28.875401,1.732000
1,1,79.769514,24.808101,3.254000,24.598700,1.890000
1,1,79.796984,27.470000,2.860600,27.516701,1.995600
1,1,79.827686,30.702099,2.836000,30.567900,1.607200
1,1,79.852456,24.769399,3.470700,24.560400,1.460400
1,1,79.878892,26.436500,3.352400,26.944500,1.564400
1,1,79.903501,24.608601,2.611000,23.992599,2.091600
1,1,79.930426,26.925102,3.266500,27.527399,1.657000
1,1,79.961390,30.963700,2.697900,30.649099,1.680300
1,1,79.985512,24.122000,3.127200,23.947901,1.668100
1,1,80.014055,28.543897,3.175000,28.708401,1.931100
1,1,80.043716,29.660802,3.034900,29.721100,1.568300
1,1,80.065080,21.363601,4.306700,21.504801,2.246500
1,1,80.090411,25.331598,3.116100,25.199200,1.817700
1,1,80.119172,28.760299,3.025000,28.401199,2.035600
1,1,80.148132,28.960500,3.243300,29.258101,1.840100
1,1,80.171627,23.495100,2.964100,23.448200,1.886800
1,1,80.198140,26.513003,2.806000,26.819401,1.838200
1,1,80.226439,28.298598,2.534500,28.157400,1.884000
1,1,80.252300,25.860999,2.962000,25.827900,1.841200
1,1,80.279540,27.240001,2.897000,27.264000,1.722100
1,1,80.302045,22.504602,2.857700,22.402100,1.645000
1,1,80.330826,28.781101,2.863500,28.872801,1.910100
1,1,80.358878,28.051898,2.982500,27.947901,1.686400
1,1,80.380962,22.084899,2.906300,22.329500,2.019700
1,1,80.413375,32.412302,2.468900,31.868799,1.500900
1,1,80.436576,23.201399,3.591000,22.667999,1.913300
1,1,80.465808,29.232301,4.107200,30.091299,1.700800
1,1,80.497794,31.985801,3.073600,31.797199,1.693500
1,1,80.520004,22.209398,3.474200,21.873800,1.917500
1,1,80.547686,27.682401,3.496800,27.982901,1.878800
1,1,80.578684,30.997898,3.088700,30.337299,1.556000
1,1,80.603317,24.632502,6.018800,24.169500,1.974300
1,1,80.629728,26.411898,4.670500,26.862301,2.089000
1,1,80.652645,22.916302,4.947100,23.261801,1.581500
1,1,80.678935,26.290398,4.071600,26.546700,2.530000
1,1,80.702033,23.097500,3.125200,22.898300,2.033600
1,1,80.729262,27.229499,2.996300,27.650801,1.794900
1,1,80.753417,24.155200,3.244800,23.929800,1.377600
1,1,80.779090,25.673002,3.500800,25.740299,1.717400
1,1,80.802812,23.721598,2.703600,23.878099,1.467100
1,1,80.829873,27.061403,2.704300,26.838100,1.581100
1,1,80.852249,22.375498,2.830500,22.449900,1.698400
1,1,80.879151,26.901901,2.841800,26.880301,1.510500
1,1,80.902805,23.654301,2.795100,23.349800,1.741400
1,1,80.930001,27.196199,3.077000,27.459000,1.628800
1,1,80.952820,22.818699,3.087200,22.385599,1.464600
1,1,80.981687,28.867099,3.128600,27.145201,1.690300
1,1,81.003491,21.804303,5.561900,22.610001,1.570300
1,1,81.029463,25.971200,4.323600,27.258200,1.912200
1,1,81.052718,23.255099,3.057200,22.795500,1.845600
1,1,81.079011,26.292998,3.258500,26.840099,1.857700
1,1,81.101336,22.325803,2.628700,22.267599,1.862800
1,1,81.127288,25.951900,2.960800,25.669500,1.893300
1,1,81.152824,25.535699,3.623800,25.589100,1.872300
1,1,81.180221,27.396601,2.984600,27.491899,1.918000
1,1,81.204596,24.375398,2.781400,24.419800,1.806800
1,1,81.233466,28.870001,2.780300,28.674601,1.814100
1,1,81.260014,26.548002,3.033000,26.644699,1.736800
1,1,81.286848,26.833899,3.088100,27.036600,1.802000
1,1,81.313950,27.102400,2.724500,26.829300,1.493100
1,1,81.338752,24.801500,3.004000,24.615700,1.381500
1,1,81.367649,28.896701,3.418200,28.398800,1.715600
1,1,81.395046,27.397897,4.078500,28.320299,2.984100
1,1,81.419386,24.339702,3.563200,23.734900,2.622800
1,1,81.447027,27.640499,3.248800,28.357000,1.656600
1,1,81.470179,23.152802,2.793400,23.026100,1.721100
1,1,81.497059,26.879799,2.860900,26.917999,1.767800
1,1,81.520265,23.205400,2.590700,22.680300,1.647200
1,1,81.547229,26.963901,3.196500,27.574499,1.506000
1,1,81.570896,23.667198,2.546000,23.007799,1.957600
1,1,81.598958,28.062403,3.345200,28.505800,1.901900
1,1,81.623323,24.364498,3.133300,24.405100,1.828300
1,1,81.652745,29.422700,2.809400,28.105101,1.594300
1,1,81.676038,23.292802,4.079200,24.056299,2.148100
1,1,81.701560,25.521498,3.207100,25.498800,1.696800
1,1,81.728814,27.254302,3.450100,27.398199,1.872800
1,1,81.753153,24.339199,3.245100,24.670700,1.690100
1,1,81.780021,26.868299,2.645900,26.931801,1.801500
1,1,81.804496,24.474300,2.722000,24.280800,1.577900
1,1,81.833523,29.026899,2.907700,28.715401,1.965700
1,1,81.856420,22.897702,3.469200,23.245199,2.064800
1,1,81.885507,29.086899,2.946600,28.736601,1.994400
1,1,81.910216,24.708800,4.156800,25.086700,1.857400
1,1,81.936368,26.152398,2.743300,25.617800,1.799600
1,1,81.964102,27.733602,3.300600,27.900600,1.632800
1,1,81.989585,25.482699,3.293200,25.523800,1.530900
1,1,82.017006,27.421702,3.131300,27.128401,1.650300
1,1,82.044931,27.924299,3.328300,28.116699,1.733600
1,1,82.070889,25.957901,3.222300,25.957600,1.560000
1,1,82.098593,27.704697,3.359100,28.066299,1.759900
1,1,82.127936,29.342402,2.767500,29.074200,1.690900
1,1,82.151849,23.913000,2.919100,24.031000,1.536300
1,1,82.179061,27.212098,2.836900,27.048100,1.878500
1,1,82.202343,23.282401,3.054600,23.138700,1.582200
1,1,82.229825,27.481999,3.204400,27.588800,1.616500
1,1,82.254149,24.324000,3.359600,24.275499,1.514800
1,1,82.280547,26.397999,3.043400,26.958200,1.455200
1,1,82.304292,23.744602,2.992800,23.325001,1.607200
1,1,82.332360,28.067999,3.145200,28.248600,1.515300
1,1,82.355710,23.349702,3.077600,23.048201,1.716800
1,1,82.382351,26.641198,3.131600,26.850100,1.586700
1,1,82.413337,30.985802,3.481100,31.007700,2.032300
1,1,82.437040,23.703597,3.240600,22.868601,1.899600
1,1,82.464354,27.314201,3.434600,27.675400,1.931700
1,1,82.486582,22.227801,3.415400,22.646000,1.675000
1,1,82.515064,28.481998,3.316600,28.295099,1.719200
1,1,82.542190,27.126003,3.025700,27.411600,1.614700
1,1,82.564812,22.622000,2.717000,22.425699,1.603300
1,1,82.591794,26.982199,2.896500,26.849001,1.789600
1,1,82.617446,25.651600,2.991300,24.874800,1.501400
1,1,82.640092,22.646599,4.665700,23.408600,1.718200
1,1,82.670060,29.967401,3.734200,30.141300,1.687000
1,1,82.697047,26.986700,2.902300,26.916901,1.506900
1,1,82.720856,23.809299,3.096900,23.529400,1.466000
1,1,82.748782,27.926102,3.528200,28.479200,1.583700
1,1,82.771325,22.543397,2.622800,22.632700,1.806300
1,1,82.798181,26.855301,2.568100,26.908400,1.785200
1,1,82.821096,22.915501,2.628900,22.771299,2.041200
1,1,82.849773,28.676901,2.643300,28.194799,1.590800
1,1,82.879859,30.086000,3.152800,30.206800,1.762000
1,1,82.903731,23.871899,3.316200,23.968100,1.941900
1,1,82.931709,27.978200,2.927300,28.156500,1.573300
1,1,82.959959,28.249800,2.684400,27.854799,1.508900
1,1,82.982032,22.072598,3.197300,22.126499,1.425200
1,1,83.006370,24.338700,3.505300,23.687901,1.629300
1,1,83.031727,25.356900,3.814800,26.071501,1.732900
1,1,83.054360,22.632401,3.224900,22.904200,1.403000
1,1,83.083309,28.949201,2.557700,28.644899,2.181800
1,1,83.110157,26.847899,3.219800,27.156000,1.945500
1,1,83.135035,24.878599,2.815100,24.632500,1.903100
1,1,83.161674,26.638702,2.826900,26.932100,2.168200
1,1,83.184946,23.272399,2.605600,23.002899,1.622800
1,1,83.213717,28.770700,2.767700,28.795500,1.669100
1,1,83.236386,22.668499,2.907600,22.655899,1.444700
1,1,83.263271,26.885200,2.920300,27.175301,1.773700
1,1,83.286909,23.638401,2.465800,23.366699,1.462500
1,1,83.313862,26.952900,2.652000,26.759899,1.810400
1,1,83.338281,24.418700,2.871800,24.756500,1.536700
1,1,83.365248,26.967198,2.765100,26.767000,1.573800
1,1,83.388887,23.638900,3.556800,23.903700,1.537700
1,1,83.418528,29.641502,3.172300,29.017500,1.539000
1,1,83.444899,26.370499,3.317500,26.880301,1.899800
1,1,83.468783,23.884099,2.585200,23.297300,1.871600
1,1,83.497918,29.134601,3.374300,29.466101,1.715700
1,1,83.521255,23.337401,3.254300,23.355200,1.574900
1,1,83.549184,27.928699,2.715100,27.957399,2.105700
1,1,83.580506,31.322498,2.790900,31.385900,1.888600
1,1,83.603234,22.728201,2.655500,22.452101,1.781000
1,1,83.632315,29.080402,3.287300,29.326401,1.650300
1,1,83.662536,30.221399,3.352900,29.954700,1.759500
1,1,83.686352,23.815800,3.205200,22.731701,1.436500
1,1,83.714695,28.342798,4.196000,28.669399,1.900200
1,1,83.736723,22.028103,4.054300,22.614599,1.381500
1,1,83.766707,29.984098,4.426300,29.541000,1.724100
1,1,83.794413,27.705699,3.836700,27.743000,2.100100
1,1,83.819509,25.096200,4.265000,25.466999,2.424800
1,1,83.847410,27.901500,3.635000,27.771900,2.413700
1,1,83.870462,23.051601,4.469500,22.928200,2.023900
1,1,83.903395,32.933101,3.641900,32.901699,2.523900
1,1,83.930757,27.361900,4.227700,27.839199,2.486200
1,1,83.955629,24.871897,3.062900,24.874100,2.319600
1,1,83.984314,28.685402,3.231300,28.599600,1.682200
1,1,84.014393,30.078698,3.156000,29.917000,2.362000
1,1,84.037759,23.366202,3.465400,23.793800,1.553500
1,1,84.068544,30.785300,2.678200,30.298401,1.523200
1,1,84.098752,30.207101,3.158900,30.490900,1.684000
1,1,84.123683,24.931200,3.130400,24.972900,2.056200
1,1,84.152722,29.039297,2.972400,28.661200,1.600000
1,1,84.183587,30.865103,3.771900,30.913401,2.027300
1,1,84.211244,27.656898,3.499200,27.769699,2.087000
1,1,84.237156,25.912300,3.201700,25.818100,1.906900
1,1,84.266576,29.419903,3.087900,29.681601,1.480200
1,1,84.295075,28.498799,2.821200,27.589300,1.486400
1,1,84.318533,23.457401,3.625800,24.213900,2.136700
1,1,84.348138,29.605798,2.940600,29.555099,1.896400
1,1,84.371634,23.495402,3.186000,23.510300,1.936500
1,1,84.401670,30.036300,3.040800,29.260201,1.921400
1,1,84.428338,26.667897,4.185400,27.535801,1.998700
1,1,84.453339,25.000703,3.155700,24.989901,2.000400
1,1,84.484228,30.889601,3.153600,30.252899,1.726900
1,1,84.513615,29.386498,3.903100,29.647499,2.274000
1,1,84.537069,23.454200,3.787300,23.673401,1.954500
1,1,84.565663,28.594501,3.836900,28.739201,1.600100
1,1,84.595071,29.407497,4.094900,29.388800,1.961100
1,1,84.618939,23.868401,3.178000,23.691601,2.046800
1,1,84.646731,27.791299,3.311400,27.478001,2.161500
1,1,84.670460,23.729101,3.507200,24.119200,2.133500
1,1,84.697120,26.660301,3.192700,26.616899,1.527800
1,1,84.721049,23.928702,3.196400,24.117901,1.619000
1,1,84.747821,26.772000,3.154000,26.798500,1.893700
1,1,84.773468,25.647797,2.570300,25.517900,1.741100
1,1,84.799957,26.488703,3.030700,26.236700,1.806700
1,1,84.827756,27.799100,3.036600,27.559299,1.849800
1,1,84.852119,24.362598,4.350800,24.594500,1.769700
1,1,84.880093,27.974103,3.318000,27.830799,1.786900
1,1,84.903582,23.488797,3.495600,22.585100,2.019300
1,1,84.930754,27.172104,4.337400,28.314199,1.984200
1,1,84.952954,22.199899,3.082100,22.142200,1.433700
1,1,84.979526,26.572298,3.059700,26.705500,1.949000
1,1,85.003663,24.137203,2.840600,23.882799,1.743500
1,1,85.029859,26.195697,2.976500,26.363199,1.919700
1,1,85.053944,24.084900,2.828400,24.170500,1.701400
1,1,85.081071,27.126603,2.677300,26.793301,1.504400
1,1,85.105073,24.002597,3.054100,24.309000,1.875000
1,1,85.132213,27.139403,2.850500,27.261700,1.639600
1,1,85.163468,31.255398,3.118200,30.859501,1.934000
1,1,85.186309,22.840701,3.196200,22.566999,2.097300
1,1,85.213303,26.994798,3.197200,27.199600,2.340700
1,1,85.235374,22.070900,3.167700,22.116400,1.482800
1,1,85.262583,27.209200,3.242800,27.527700,1.934800
1,1,85.285235,22.651803,2.782700,22.260900,1.628400
1,1,85.312420,27.184598,3.039700,27.299999,1.658900
1,1,85.336324,23.904301,2.893000,23.832600,1.556700
1,1,85.363235,26.911099,2.919400,26.791700,2.654400
1,1,85.385225,21.989401,3.060400,22.402201,1.344900
1,1,85.413524,28.298900,2.623900,28.344299,1.889700
1,1,85.436456,22.932701,2.634500,22.652700,2.037000
1,1,85.464984,28.528001,2.884300,28.547800,1.824200
1,1,85.488307,23.322299,2.737400,23.080200,1.583200
1,1,85.514786,26.479699,3.374000,26.581699,1.680000
1,1,85.543714,28.927799,2.900700,29.209000,1.822400
1,1,85.567295,23.581401,2.744000,23.393299,1.449100
1,1,85.594896,27.600899,2.896100,27.685900,1.886700
1,1,85.617552,22.655301,2.874900,22.605400,1.630400
1,1,85.644468,26.916001,2.791400,26.909599,2.266100
1,1,85.666573,22.105001,2.848800,22.025400,1.898800
1,1,85.692284,25.711499,2.909000,25.114799,1.609200
1,1,85.717083,24.799101,3.516500,25.560801,1.803900
1,1,85.744551,27.467698,2.787300,27.491301,2.029300
1,1,85.768581,24.029702,2.782600,23.695299,1.724300
1,1,85.795815,27.234700,2.953700,27.553801,1.646100
1,1,85.818927,23.111600,2.593500,22.685200,1.737100
1,1,85.845815,26.887897,3.154200,27.266399,2.315000
1,1,85.869394,23.578700,3.170800,23.050699,1.785500
1,1,85.897002,27.608901,3.286500,27.856300,1.888300
1,1,85.919818,22.815801,2.941400,22.529499,1.756600
1,1,85.946476,26.657298,3.124900,27.236099,2.084800
1,1,85.970205,23.729600,2.544000,23.221800,1.443500
1,1,85.998260,28.054900,3.050000,28.410900,1.788800
1,1,86.025630,27.369700,3.558500,23.623100,1.571100
1,1,86.050408,24.777800,7.043800,26.905001,1.866900
1,1,86.072901,22.493001,4.712400,23.336700,1.790800
1,1,86.099412,26.511498,4.551700,26.749500,2.524000
1,1,86.122444,23.032200,3.293000,23.543301,1.649700
1,1,86.150378,27.933203,2.541400,27.742599,1.783700
1,1,86.179672,29.294200,2.860900,29.373899,1.782600
1,1,86.204292,24.620797,2.934800,24.795601,1.732000
1,1,86.231073,26.780702,2.529800,26.643499,1.495600
1,1,86.254459,23.385700,2.737000,23.408501,1.893600
1,1,86.281358,26.898798,2.774100,26.756201,1.417900
1,1,86.304604,23.246702,2.969100,23.131001,1.714100
1,1,86.332918,28.313100,2.990400,28.043900,1.506900
1,1,86.356424,23.506701,3.711400,23.832600,1.513500
1,1,86.384971,28.547298,3.016000,28.278700,1.438100
1,1,86.412553,27.581401,3.271600,27.942200,1.565300
1,1,86.436351,23.798499,3.011200,23.713800,1.985000
1,1,86.463510,27.158599,2.916500,26.885900,1.915500
1,1,86.486745,23.235202,3.363600,23.134501,1.355400
1,1,86.509895,23.150098,3.294900,23.570900,2.071400
1,1,86.535747,25.852002,2.797400,25.392000,1.450000
1,1,86.562583,26.835699,3.179000,27.401899,2.154000
1,1,86.586695,24.111599,2.739500,23.625401,1.572800
1,1,86.613737,27.042303,3.173600,27.379400,1.988200
1,1,86.636831,23.094498,2.786500,23.014601,1.550500
1,1,86.664148,27.316399,2.807000,27.141199,1.579700
1,1,86.687303,23.155402,3.217700,22.832001,1.609800
1,1,86.715505,28.201800,3.329200,28.463301,1.554800
1,1,86.747519,32.013901,3.123000,19.497801,2.462300
1,1,86.753517,5.998001,15.465900,17.439899,2.462300
1,1,86.784748,31.231098,4.463300,31.989901,2.400200
1,1,86.815749,31.000901,4.402700,7.710400,1.947900
1,1,86.832831,17.082300,20.950100,3.186200,1.967900
1,1,86.849495,16.663998,3.352200,3.263500,2.185100
1,1,86.866393,16.898300,3.593000,3.212900,2.009200
1,1,86.883289,16.895100,3.353000,3.444200,2.145200
1,1,86.901451,18.162899,3.535300,3.385200,1.975500
1,1,86.916707,15.255202,5.362000,3.550300,2.104200
1,1,86.933495,16.788300,4.362600,4.120700,2.643300
1,1,86.949851,16.356498,3.787000,3.399200,2.643300
1,1,86.966387,16.535200,3.172900,9.084100,3.018400
1,1,86.983217,16.830601,2.716000,9.084100,2.075200
1,1,87.000169,16.952101,2.912100,21.983801,2.075200
1,1,87.019103,18.933401,3.212100,28.700100,2.019100
1,1,87.044327,25.224499,3.026700,24.779400,2.425100
1,1,87.073920,29.592901,3.307700,29.471300,1.983200
1,1,87.099786,25.865998,4.379200,26.450100,2.177100
1,1,87.126498,26.712202,3.715900,26.304600,2.225500
1,1,87.155421,28.922599,3.609200,29.032200,1.686700
1,1,87.181957,26.536498,3.384300,25.422199,1.834900
1,1,87.208193,26.235200,4.578000,27.108900,1.656100
1,1,87.232119,23.926202,3.273600,24.296200,1.915200
1,1,87.257861,25.741600,2.892200,25.617201,2.171600
1,1,87.286705,28.844699,3.154400,28.650999,2.154700
1,1,87.309337,22.631600,3.130100,22.724899,2.047100
1,1,87.339422,30.085299,3.066300,30.058701,1.743100
1,1,87.366032,26.609600,4.008300,26.901199,2.210700
1,1,87.389599,23.567099,3.149600,23.337900,1.614800
1,1,87.412592,22.993103,4.506800,22.916000,2.374700
1,1,87.441379,28.786998,3.192800,28.841499,1.609200
1,1,87.468558,27.179200,3.152000,27.215000,1.701200
1,1,87.491075,22.516500,3.020200,22.342400,1.979700
1,1,87.518918,27.843300,3.313000,28.190001,1.969700
1,1,87.542819,23.901399,2.911800,23.973600,2.084600
1,1,87.571269,28.449900,2.737700,28.252001,1.697900
1,1,87.596933,25.664102,2.938900,25.345100,1.777700
1,1,87.624912,27.978998,3.086500,28.101700,1.858700
1,1,87.651576,26.663899,3.261100,26.657301,1.957000
1,1,87.675034,23.457501,3.166000,23.674299,1.583100
1,1,87.702905,27.871702,2.994100,27.302799,1.805200
1,1,87.727628,24.722498,3.496600,25.253901,1.684700
1,1,87.756124,28.496001,3.258200,27.855499,1.648400
1,1,87.786071,29.947199,3.968400,30.323799,1.979400
1,1,87.808375,22.304002,3.935800,22.257200,1.993000
1,1,87.836982,28.606400,3.259300,29.263000,1.758600
1,1,87.860517,23.535799,3.325700,22.774000,1.712000
1,1,87.887454,26.936300,4.051600,27.564600,2.037900
1,1,87.917961,30.506998,2.669200,30.099600,2.075800
1,1,87.943244,25.283001,3.063900,24.856800,1.642500
1,1,87.969240,25.996700,3.328100,26.496799,2.178200
1,1,87.994070,24.830099,3.064100,24.467300,1.709500
1,1,88.021977,27.907100,3.984900,28.380199,2.285100
1,1,88.051005,29.027600,2.706400,28.687201,2.172800
1,1,88.074384,23.378599,3.339600,23.218800,1.774900
1,1,88.103485,29.101502,3.795200,29.543600,2.080000
1,1,88.130445,26.959598,2.933200,26.748899,2.232300
1,1,88.157740,27.295701,3.215200,27.075001,2.716800
1,1,88.188744,31.003300,3.643100,31.457899,2.092800
1,1,88.219601,30.857500,2.818400,31.022301,1.663800
1,1,88.243894,24.292201,2.842700,23.932199,2.059200
1,1,88.273196,29.302299,3.097000,29.422001,1.875600
1,1,88.295925,22.729002,2.925300,22.930099,2.073200
1,1,88.324702,28.776798,2.463500,27.921900,1.645100
1,1,88.355365,30.663401,3.747600,31.307899,2.165200
1,1,88.384630,29.264700,2.873500,29.329399,1.936600
1,1,88.408832,24.202600,3.369600,23.957001,1.519300
1,1,88.440129,31.296898,2.935700,30.763399,1.895400
1,1,88.467811,27.681403,3.544700,28.228399,1.828200
1,1,88.492853,25.042798,2.991000,23.963900,1.705700
1,1,88.524898,32.044899,3.966600,32.167702,1.782800
1,1,88.551832,26.933800,3.976600,27.784100,1.701100
1,1,88.575798,23.966301,3.080900,23.357599,1.775100
1,1,88.606871,31.072199,4.000000,31.520500,1.937900
1,1,88.634410,27.539402,3.648400,27.791300,1.831800
1,1,88.657952,23.541998,2.841300,22.790100,1.622800
1,1,88.681263,23.310799,3.612600,23.978701,1.792900
1,1,88.708639,27.376503,2.841400,26.752300,1.938000
1,1,88.734971,26.331298,3.645800,27.062099,1.688200
1,1,88.757978,23.007601,2.850900,22.593700,1.501900
1,1,88.785500,27.522098,3.256700,27.687099,1.859700
1,1,88.808004,22.503201,3.291400,22.443501,1.685000
1,1,88.835315,27.311798,3.090500,27.438700,1.825900
1,1,88.857566,22.250701,2.977700,22.096800,1.779500
1,1,88.881887,24.320900,3.051100,24.556900,2.011900
1,1,88.906652,24.765499,2.739100,24.594200,1.891200
1,1,88.928253,21.600701,3.070700,22.080700,1.802900
1,1,88.956741,28.487902,2.368300,28.054100,1.403000
1,1,88.978931,22.189997,2.839800,22.555500,1.691500
1,1,89.007527,28.596099,2.404700,27.904400,1.747300
1,1,89.034803,27.275801,3.154200,27.982201,1.994900
1,1,89.057834,23.031402,2.831600,22.149099,1.939500
1,1,89.079147,21.312598,3.241100,22.053400,1.937500
1,1,89.108024,28.877400,2.362700,28.016001,1.705600
1,1,89.129029,21.004602,3.641800,21.832600,2.007000
1,1,89.157505,28.476097,2.372900,27.777500,1.926600
1,1,89.185994,28.489102,4.194000,29.016399,1.818200
1,1,89.209954,23.959499,2.743000,23.490101,1.938500
1,1,89.236460,26.505999,3.352300,26.838800,1.908600
1,1,89.260341,23.881201,2.926900,23.409000,2.099500
1,1,89.287278,26.937600,3.445700,27.291599,2.013100
1,1,89.310966,23.687400,3.090100,22.844999,2.442300
1,1,89.337904,26.938099,3.986100,27.847300,2.136800
1,1,89.361513,23.609303,3.214300,23.243999,2.303200
1,1,89.389732,28.218798,3.311800,28.250099,1.978700
1,1,89.419352,29.619999,3.921800,29.880400,2.664000
1,1,89.441563,22.211302,3.705700,22.197399,2.258600
1,1,89.469303,27.740199,3.399400,27.789301,1.988900
1,1,89.493147,23.844000,2.896600,23.920401,1.650700
1,1,89.520307,27.160000,3.008600,27.224501,1.671400
1,1,89.542480,22.172999,3.019200,21.866301,2.742700
1,1,89.569042,26.561502,2.987400,26.494801,1.732000
1,1,89.591217,22.174798,3.161000,22.220400,1.647900
1,1,89.618396,27.179502,2.913200,27.229799,2.023200
1,1,89.641954,23.557499,3.052100,23.435400,1.646000
1,1,89.668134,26.180498,3.075300,26.547701,2.138800
1,1,89.691095,22.960503,2.599300,22.435699,1.464100
1,1,89.717830,26.734799,3.132800,26.943399,2.032200
1,1,89.741035,23.205198,2.921400,22.944201,1.729300
1,1,89.768522,27.487300,3.228500,27.685900,1.790200
1,1,89.792261,23.738701,3.007300,23.839500,1.854600
1,1,89.819135,26.874401,2.861100,26.926701,1.719700
1,1,89.841470,22.334401,2.889400,22.418400,1.694400
1,1,89.869004,27.534198,2.682800,27.320499,2.294000
1,1,89.893663,24.659403,3.073300,24.592199,2.221500
1,1,89.920250,26.586998,2.909300,26.632500,1.647800
1,1,89.944037,23.787200,2.988500,23.808599,1.686800
1,1,89.970634,26.596498,3.383100,26.715000,1.942300
1,1,89.994489,23.854803,2.949500,23.973301,2.323200
1,1,90.020939,26.450299,2.777400,26.601200,1.584100
1,1,90.044987,24.047799,2.557600,23.412600,2.027700
1,1,90.072361,27.373899,3.076100,27.241600,1.935900
1,1,90.100935,28.574102,4.300400,28.901100,2.213100
1,1,90.123755,22.820499,3.624100,22.268600,1.827000
1,1,90.148209,24.453700,4.233000,24.946899,1.907100
1,1,90.173886,25.677003,3.096300,25.386200,2.472000
1,1,90.200502,26.615698,3.725900,27.138000,1.982200
1,1,90.223631,23.129601,2.873000,22.561501,2.127900
1,1,90.251732,28.100800,3.454000,28.642099,1.945600
1,1,90.274402,22.669800,2.967100,22.394699,2.031400
1,1,90.299132,24.729699,2.998600,24.408501,2.008700
1,1,90.324894,25.762301,3.340900,25.268299,1.987600
1,1,90.352736,27.841799,3.988500,28.761400,1.987000
1,1,90.376271,23.535300,2.754900,23.630400,2.452400
1,1,90.404188,27.917102,3.224600,27.839300,1.817300
1,1,90.426263,22.074599,2.811600,21.912100,2.276100
1,1,90.453746,27.483702,2.764400,27.061800,1.683100
1,1,90.477286,23.539901,3.468800,24.092899,2.580500
1,1,90.506730,29.443499,2.900600,29.224300,2.632700
1,1,90.535637,28.907098,3.640100,28.624100,2.348800
1,1,90.558564,22.926603,3.617600,22.840000,2.190800
1,1,90.585032,26.468597,3.811000,26.678200,2.062100
1,1,90.606898,21.866001,3.281700,22.006800,1.986100
1,1,90.633916,27.017500,3.778300,27.324600,1.877700
1,1,90.656596,22.680700,2.766600,22.165001,1.897600
1,1,90.681189,24.592899,3.155000,24.771601,1.926800
1,1,90.706293,25.104202,3.139300,25.027901,2.329600
1,1,90.728407,22.113800,3.098600,22.140699,2.105800
1,1,90.757412,29.004898,2.982200,28.785400,1.760700
1,1,90.784937,27.524602,3.278700,27.932100,1.621700
1,1,90.807960,23.023698,2.796100,22.889500,1.916400
1,1,90.834321,26.360400,2.746200,26.175800,2.096400
1,1,90.856932,22.611301,3.064200,22.551600,1.878700
1,1,90.882393,25.460601,3.302300,24.886999,2.022500
1,1,90.910705,28.311998,4.003300,27.812799,2.167400
1,1,90.937524,26.818901,4.725300,27.846001,2.467500
1,1,90.960681,23.157202,3.389400,22.956900,2.380300
1,1,90.986585,25.903799,3.254300,26.423000,1.983600
1,1,91.011479,24.894498,2.680100,24.232700,1.780100
1,1,91.039130,27.650800,3.538900,28.075399,1.743100
1,1,91.069035,29.904801,2.957000,27.488899,2.244100
1,1,91.092085,23.050599,6.098200,24.236200,1.811400
1,1,91.115800,23.714401,5.240200,24.408600,1.740100
1,1,91.141122,25.321901,3.597900,25.229601,2.117500
1,1,91.168805,27.683500,3.569900,27.987000,2.182800
1,1,91.191186,22.381101,2.706200,21.998800,1.631100
1,1,91.218689,27.502798,3.441900,27.675501,1.904000
1,1,91.240977,22.288401,3.702700,22.319500,1.799500
1,1,91.269743,28.766003,3.552900,29.099501,1.939100
1,1,91.291577,21.834098,2.930500,21.541800,1.644000
1,1,91.318511,26.933402,3.427300,27.210100,1.591800
1,1,91.341451,22.940297,3.122000,22.620100,1.736700
1,1,91.367879,26.427303,3.132900,26.918400,1.778700
1,1,91.392183,24.304498,2.826300,24.235701,1.890400
1,1,91.419033,26.849903,2.890000,26.908701,1.709900
1,1,91.445169,26.136499,2.939200,26.089300,1.697800
1,1,91.470241,25.071699,2.781200,25.127100,1.518900
1,1,91.492649,22.407401,2.654800,22.431400,1.740200
1,1,91.521630,28.981097,2.718200,28.513800,2.089400
1,1,91.544290,22.660203,3.325900,22.981600,1.676800
1,1,91.572270,27.980398,2.966200,27.835400,1.818200
1,1,91.595205,22.934400,2.979200,22.545000,1.773500
1,1,91.621240,26.035700,3.419000,26.668600,1.934500
1,1,91.652308,31.067800,3.310600,30.489500,2.339200
1,1,91.675053,22.745401,3.588600,22.923500,1.770900
1,1,91.702677,27.623601,3.177800,27.863400,2.025000
1,1,91.725225,22.548199,2.854300,22.485701,1.612500
1,1,91.755356,30.131001,3.091000,29.965700,2.123600
1,1,91.784845,29.489100,3.337000,29.313400,1.779000
1,1,91.809013,24.167400,3.486900,24.067301,1.971600
1,1,91.836754,27.741000,3.533300,27.904600,1.557600
1,1,91.868395,31.640701,3.192100,31.223301,1.824000
1,1,91.893590,25.195599,4.333400,25.791700,2.817600
1,1,91.924691,31.101301,3.248600,30.136700,2.079600
1,1,91.952389,27.697697,4.394700,28.064699,2.388800
1,1,91.976496,24.106503,4.725700,24.540199,2.198600
1,1,92.007471,30.975297,3.565600,30.892099,1.897400
1,1,92.032900,25.429003,3.310300,25.493999,2.436600
1,1,92.060768,27.867798,3.299000,27.963499,1.973600
1,1,92.087977,27.209301,3.106800,26.960199,2.029600
1,1,92.111275,23.297898,3.577400,23.091400,2.169500
1,1,92.141062,29.787101,3.425700,29.933701,2.311800
1,1,92.169766,28.704099,3.114600,28.653200,2.032500
1,1,92.199168,29.401802,3.739300,29.292400,2.071500
1,1,92.224048,24.880599,4.542700,24.683001,1.889700
1,1,92.252271,28.222799,4.489200,28.980700,1.953400
1,1,92.276744,24.473201,3.065700,24.153299,1.772900
1,1,92.309363,32.618001,3.130000,32.731800,1.897300
1,1,92.336972,27.609400,3.002300,27.595699,1.702000
1,1,92.367860,30.887797,3.394300,31.214899,1.691800
1,1,92.393966,26.106801,2.627600,25.827700,1.470400
1,1,92.422096,28.129600,2.994500,28.174200,1.538900
1,1,92.452667,30.570999,2.837800,30.353901,1.956100
1,1,92.476168,23.501400,3.343400,23.297501,1.935700
1,1,92.504887,28.719001,3.407900,28.815701,1.832000
1,1,92.527941,23.054000,3.872600,23.465000,2.140400
1,1,92.557614,29.672801,2.864900,29.111601,1.690400
1,1,92.585427,27.812898,3.256400,28.483299,1.905500
1,1,92.608664,23.236800,2.669700,22.664900,1.777700
1,1,92.636698,28.033700,3.193800,28.087999,1.920500
1,1,92.659142,22.444200,3.035800,22.527100,1.725800
1,1,92.687273,28.131202,3.151600,28.514799,1.676900
1,1,92.711198,23.924801,2.567000,23.512600,2.667600
1,1,92.739290,28.091799,3.001500,28.304300,1.638600
1,1,92.767640,28.350599,2.983900,28.157900,1.898500
1,1,92.791434,23.793701,3.122400,24.149700,1.592300
1,1,92.818830,27.395599,2.643200,27.030899,1.510200
1,1,92.841698,22.868700,3.001300,22.640600,1.400400
1,1,92.867837,26.138499,3.153000,26.768400,2.162300
1,1,92.893945,26.108000,2.551900,25.647200,1.667000
1,1,92.922044,28.099000,3.089800,28.080500,1.755100
1,1,92.944798,22.754300,3.488900,22.860399,1.619000
1,1,92.973825,29.027101,3.140000,28.747000,1.674200
1,1,93.002524,28.698899,3.182100,28.762899,2.337100
1,1,93.026617,24.092600,3.301900,23.401100,1.856100
1,1,93.053314,26.697300,3.980000,27.570101,1.715100
1,1,93.077873,24.558898,2.988000,23.790199,1.890200
1,1,93.104417,26.544202,3.745300,26.621901,1.917200
1,2,100.231434,28.383702,3.345500,28.180599,1.999500
1,2,100.256925,25.490999,3.575400,25.904400,1.680800
1,2,100.285307,28.381698,3.273200,28.325399,2.004400
1,2,100.310851,25.543500,3.180200,25.865000,1.959200
1,2,100.339885,29.034302,2.806500,28.602900,1.617600
1,2,100.370309,30.424301,3.449400,30.648199,2.046500
1,2,100.395190,24.880800,2.860200,25.032900,1.864700
1,2,100.424985,29.794700,2.578000,29.114500,1.637200
1,2,100.452088,27.103499,4.503500,27.878700,1.761900
1,2,100.477082,24.994202,2.563900,24.495600,1.653000
1,2,100.506593,29.510397,2.925800,29.435801,1.745500
1,2,100.536561,29.967900,3.339600,30.436100,1.604600
1,2,100.561655,25.094200,3.278800,25.006599,1.521800
1,2,100.590725,29.069800,2.609900,28.901400,1.782900
1,2,100.619230,28.505102,2.928300,28.620399,1.882900
1,2,100.642827,23.597300,2.725300,23.386499,1.569600
1,2,100.669959,27.131900,2.828200,27.108999,1.750600
1,2,100.692414,22.455297,3.003700,22.332399,1.408700
1,2,100.722131,29.716901,2.999300,30.261299,1.919900
1,2,100.748462,26.330698,2.577100,25.747499,2.044000
1,2,100.776875,28.412603,3.001800,28.130600,2.272900
1,2,100.806605,29.730797,3.915900,30.172701,1.860000
1,2,100.829287,22.681903,3.192100,22.598301,1.784600
1,2,100.859113,29.826097,3.305200,29.560101,1.946600
1,2,100.887475,28.361902,3.486500,28.706301,2.001200
1,2,100.911144,23.668300,2.819500,23.650299,1.788000
1,2,100.938879,27.735800,3.014800,28.110399,1.585000
1,2,100.962331,23.452099,2.449600,23.282400,1.800400
1,2,100.989873,27.541701,2.561900,27.320801,1.662600
1,2,101.019102,29.229399,2.882000,29.329000,1.884300
1,2,101.042402,23.300000,2.681600,23.181000,1.912300
1,2,101.069543,27.140301,2.842300,27.442699,1.766300
1,2,101.100015,30.471802,2.511800,30.323900,1.760000
1,2,101.124742,24.727199,2.678000,24.382200,1.960800
1,2,101.146829,22.087499,3.043300,22.493500,1.503800
1,2,101.175265,28.436001,2.498400,28.115299,1.748800
1,2,101.201972,26.706900,3.139800,26.985201,1.720200
1,2,101.226343,24.371099,2.522600,23.634501,1.496700
1,2,101.253065,26.721999,3.217500,27.213600,2.088400
1,2,101.277754,24.688799,2.834200,24.845600,1.718100
1,2,101.304904,27.149703,2.646300,26.981300,1.666800
1,2,101.328297,23.393698,2.616800,23.305300,1.659300
1,2,101.354899,26.601300,2.905400,26.729000,1.871400
1,2,101.380705,25.806699,2.812200,25.624399,1.656900
1,2,101.408239,27.533300,2.953200,27.440001,1.485000
1,2,101.436772,28.532702,2.981500,28.437300,1.494700
1,2,101.461471,24.699200,3.025900,24.870300,1.745200
1,2,101.490275,28.804798,2.881400,28.474600,1.556900
1,2,101.517299,27.023800,3.283700,27.316500,1.661100
1,2,101.539679,22.379901,3.045000,22.510401,1.506700
1,2,101.568348,28.668702,2.831600,28.687599,1.558200
1,2,101.592608,24.260297,2.902300,23.900400,1.668200
1,2,101.619670,27.061600,3.470700,27.316401,2.025900
1,2,101.647933,28.263200,2.990100,27.999201,1.499700
1,2,101.675724,27.791500,3.201800,27.667801,1.716000
1,2,101.705891,30.166902,3.266400,30.448700,2.151800
1,2,101.728891,23.000099,3.065000,22.782200,1.749900
1,2,101.757509,28.617300,3.116400,28.595400,1.937300
1,2,101.784233,26.724000,3.319900,26.942200,1.807200
1,2,101.809173,24.940301,3.169800,24.767200,2.033600
1,2,101.839572,30.398998,3.052900,30.680201,1.803000
1,2,101.868113,28.541002,2.800500,28.634001,1.637100
1,2,101.894971,26.858199,2.836800,26.505600,1.606500
1,2,101.923139,28.167602,2.887500,28.223000,1.771200
1,2,101.946140,23.001596,3.011600,23.258301,1.834700
1,2,101.976521,30.380301,2.517200,30.168301,1.792000
1,2,102.005544,29.023599,3.341500,29.112301,1.736200
1,2,102.028578,23.034003,2.787700,23.136200,1.868600
1,2,102.055693,27.114399,2.372600,27.088200,1.594400
1,2,102.087568,31.874899,2.827000,31.570400,1.760000
1,2,102.111752,24.183802,3.000200,24.511999,1.588600
1,2,102.140360,28.608598,2.866800,28.301001,1.651600
1,2,102.169570,29.209603,3.220800,29.628799,1.891500
1,2,102.192753,23.183700,3.203100,22.453699,1.721700
1,2,102.220871,28.117798,3.135700,28.092100,1.862500
1,2,102.250592,29.721301,3.338300,30.011000,2.007400
1,2,102.276058,25.465999,3.051200,23.988800,1.534600
1,2,102.302320,26.261602,4.991600,27.941099,1.898300
1,2,102.325101,22.780698,2.738800,22.500601,1.485300
1,2,102.354743,29.642701,3.061700,29.865400,1.996200
1,2,102.379184,24.440899,2.802000,24.072100,1.990600
1,2,102.408662,29.477600,3.007900,29.102600,1.540300
1,2,102.430192,21.529801,3.814700,22.108999,2.023900
1,2,102.461247,31.055301,2.829900,31.041800,1.950800
1,2,102.488515,27.268197,2.866800,27.401199,1.848500
1,2,102.519307,30.792102,2.859800,30.462400,1.954900
1,2,102.543510,24.202898,3.032000,24.301100,1.495800
1,2,102.571527,28.016601,2.883300,28.270100,1.793900
1,2,102.594906,23.378998,3.332400,23.481300,1.671500
1,2,102.627248,32.341901,2.493200,31.630501,1.895300
1,2,102.653366,26.118502,3.109500,26.954399,1.714300
1,2,102.677334,23.967300,2.501800,23.527901,1.999700
1,2,102.708006,30.672498,2.864300,30.649599,1.775500
1,2,102.735674,27.667601,2.705400,27.798401,1.757900
1,2,102.760765,25.091100,2.879600,25.224300,1.755900
1,2,102.789030,28.264999,2.415100,28.267099,1.839000
1,2,102.818340,29.310599,2.572600,29.046900,1.791300
1,2,102.844221,25.881100,2.648200,25.488701,1.804700
1,2,102.870719,26.497800,3.069100,27.149300,2.225300
1,2,102.895453,24.733402,2.721500,24.635401,1.937300
1,2,102.925704,30.250899,2.874700,29.852900,1.555100
1,2,102.954124,28.420001,3.034700,28.476200,1.549300
1,2,102.978469,24.345800,2.999900,24.617800,1.328000
1,2,103.006281,27.811497,2.685800,27.601500,1.508600
1,2,103.029141,22.859801,3.098800,23.112400,1.549600
1,2,103.058543,29.401802,2.465100,29.041901,1.761700
1,2,103.088009,29.466700,3.105200,29.621799,1.695700
1,2,103.110726,22.716500,3.202600,22.683500,1.703300
1,2,103.138143,27.417798,3.010700,27.288900,1.759600
1,2,103.164643,26.499502,2.966200,26.402800,1.614900
1,2,103.191186,26.542600,3.198600,26.311199,1.616100
1,2,103.219072,27.886897,3.502900,28.316900,1.602000
1,2,103.248377,29.304303,3.136200,22.495001,1.933400
1,2,103.266524,18.147297,10.118300,24.171101,1.793300
1,2,103.294402,27.878102,3.627900,28.371000,1.711700
1,2,103.321632,27.230099,2.944600,27.062300,2.266500
1,2,103.344891,23.259200,3.198600,23.647900,1.507500
1,2,103.374318,29.426400,2.797500,29.250700,2.474600
1,2,103.407541,33.222802,3.343300,33.087002,1.867500
1,2,103.430738,23.197498,3.794400,23.480200,2.199500
1,2,103.461302,30.563500,3.288100,30.133400,1.755500
1,2,103.488267,26.965402,3.344400,27.105801,1.756700
1,2,103.517803,29.536098,3.211600,29.854500,2.028100
1,2,103.542484,24.681002,3.140300,24.057800,1.809000
1,2,103.571039,28.554797,3.506800,28.887100,1.883100
1,2,103.594457,23.417901,3.003600,23.693199,1.734100
1,2,103.626943,32.486401,2.845300,31.596100,1.790600
1,2,103.653816,26.872899,3.529100,27.829800,1.937000
1,2,103.678123,24.306901,2.576600,24.159100,2.070000
1,2,103.707314,29.191397,2.728800,28.924801,1.635900
1,2,103.734559,27.244002,3.012300,27.560699,1.799300
1,2,103.757839,23.280598,3.001300,22.872999,1.807700
1,2,103.787616,29.776402,3.108700,30.181601,1.895600
1,2,103.818087,30.471001,3.272600,30.352800,2.027900
1,2,103.841417,23.330297,2.962100,23.515600,1.383000
1,2,103.870703,29.286399,3.070700,29.393600,1.909500
1,2,103.901690,30.987300,2.758300,30.549601,1.819400
1,2,103.924498,22.807300,3.013900,23.030899,1.476600
1,2,103.953505,29.007301,3.068800,28.758101,1.859600
1,2,103.981890,28.385300,3.261900,28.366400,2.426500
1,2,104.009969,28.078202,3.104000,26.917801,1.588800
1,2,104.041139,31.170100,3.417500,32.504299,1.754900
1,2,104.068024,26.885398,3.426600,26.565500,1.965000
1,2,104.090566,22.541702,3.358900,22.577299,2.218200
1,2,104.116850,26.284698,3.132700,26.068600,2.075700
1,2,104.143688,26.837602,3.903500,27.287001,1.796400
1,2,104.173566,29.878300,2.844800,29.643200,1.804100
1,2,104.204936,31.369399,3.535700,31.126301,1.930600
1,2,104.231747,26.811499,3.485200,27.341801,2.227100
1,2,104.259257,27.509801,2.890000,26.849100,1.827900
1,2,104.290264,31.006999,3.488100,31.468500,1.927800
1,2,104.318207,27.942799,2.890700,27.994200,1.572800
1,2,104.341353,23.145802,3.029500,22.712999,1.597800
1,2,104.370505,29.152598,3.653700,29.276600,1.977200
1,2,104.394704,24.198599,3.336400,24.646099,1.551400
1,2,104.422799,28.095201,2.756900,27.596001,1.667800
1,2,104.454365,31.566199,3.805900,31.852501,1.797100
1,2,104.477388,23.022901,3.205400,22.715599,2.013400
1,2,104.506177,28.789099,3.380500,28.738899,1.693400
1,2,104.535375,29.197302,3.306100,29.416300,1.851000
1,2,104.559022,23.647100,3.070300,23.914499,1.720300
1,2,104.588333,29.311299,2.777600,28.861300,1.989600
1,2,104.612659,24.326500,3.062400,24.289499,1.787400
1,2,104.639438,26.778203,3.181600,27.080601,1.521500
1,2,104.669602,30.164298,3.267000,29.314699,1.834500
1,2,104.694000,24.397600,3.733900,24.965900,1.600800
1,2,104.722402,28.402202,4.081600,28.929001,1.963600
1,2,104.746528,24.125800,2.622200,23.557100,1.841200
1,2,104.773881,27.353100,3.157200,27.491100,1.824600
1,2,104.802823,28.942600,3.488600,29.283001,1.498400
1,2,104.825681,22.857599,2.891800,22.682800,1.650100
1,2,104.854076,28.395198,2.813000,28.464300,1.995800
1,2,104.877670,23.593903,2.806100,23.686199,1.689800
1,2,104.905165,27.494900,2.682200,27.490999,1.775200
1,2,104.929140,23.975398,2.793800,23.486300,1.403200
1,2,104.958205,29.064901,3.156300,28.782101,2.073200
1,2,104.985116,26.910800,3.567300,27.629801,1.836100
1,2,105.010828,25.712099,2.748300,25.601101,1.700400
1,2,105.038624,27.795799,2.656300,27.472799,2.096700
1,2,105.066872,28.248601,3.075200,28.534100,1.747500
1,2,105.089592,22.719599,3.072600,22.856501,2.085100
1,2,105.116737,27.145401,2.862100,26.392599,1.688100
1,2,105.142390,25.652900,3.304500,26.114700,1.760600
1,2,105.170514,28.123900,3.045700,27.950399,1.577900
1,2,105.193318,22.803899,3.268000,22.638500,2.360100
1,2,105.220448,27.130000,3.378500,27.591900,1.820700
1,2,105.244592,24.143599,2.714700,23.921900,2.136500
1,2,105.273133,28.540902,3.220700,28.146000,1.753300
1,2,105.296811,23.678400,3.744600,24.003000,1.722900
1,2,105.325611,28.799701,3.227900,28.472099,1.900500
1,2,105.347831,22.219799,3.609900,22.605400,2.039200
1,2,105.376434,28.603598,2.968200,28.577200,1.603600
1,2,105.404792,28.358001,2.879700,28.371599,1.865000
1,2,105.427117,22.324599,3.166800,22.488001,2.015900
1,2,105.454126,27.008701,2.598900,27.053101,1.626700
1,2,105.476759,22.633199,2.628200,22.204000,1.460400
1,2,105.503266,26.506901,2.940500,26.984400,1.760500
1,2,105.528222,24.956599,2.492500,24.620100,1.648300
1,2,105.554834,26.611902,2.938900,26.960699,1.623600
1,2,105.584204,29.369798,2.482100,29.062500,1.610800
1,2,105.607361,23.156900,3.055300,23.023800,1.866900
1,2,105.637020,29.659301,2.854200,29.398199,1.917200
1,2,105.660446,23.425899,3.350200,23.976400,1.578800
1,2,105.688943,28.496701,2.713000,28.391600,1.591100
1,2,105.717814,28.871600,2.649500,28.788500,1.592400
1,2,105.740684,22.870198,2.742600,22.698000,1.411700
1,2,105.763002,22.317603,2.892000,22.616800,1.536000
1,2,105.792024,29.021997,3.512200,28.464300,1.622100
1,2,105.819706,27.681902,3.765100,27.910801,1.878200
1,2,105.844453,24.746999,3.123600,24.775900,2.031100
1,2,105.872515,28.062202,2.917800,28.242500,1.746300
1,2,105.901240,28.724398,3.657100,28.495501,1.903400
1,2,105.923028,21.788400,3.134200,22.116100,1.637100
1,2,105.951333,28.304599,2.567000,28.231300,2.018500
1,2,105.974315,22.982500,3.372700,22.811100,1.481300
1,2,106.002728,28.413001,2.930200,28.375000,2.051600
1,2,106.025518,22.789400,2.864600,22.516899,1.639000
1,2,106.053830,28.312199,3.083400,28.783701,2.179800
1,2,106.077051,23.220900,2.736700,22.997101,1.986100
1,2,106.106761,29.710401,2.911400,29.756701,1.711600
1,2,106.134212,27.451400,2.785800,27.126301,2.362300
1,2,106.157926,23.714099,3.579300,24.116501,1.462100
1,2,106.184911,26.984099,2.685400,26.848499,1.645900
1,2,106.207087,22.176802,2.996000,22.137199,1.470900
1,2,106.229294,22.206698,2.780700,22.518200,1.826300
1,2,106.257484,28.189801,2.686300,27.972900,1.508600
1,2,106.287617,30.132901,2.817000,30.225700,1.825700
1,2,106.310587,22.970598,2.826700,22.797001,2.190600
1,2,106.337556,26.968800,2.862400,26.960501,1.855700
1,2,106.364152,26.595302,2.945300,26.494699,1.771900
1,2,106.393058,28.906301,2.825500,28.652300,1.612600
1,2,106.419471,26.413199,3.257900,26.990299,1.801400
1,2,106.442536,23.065399,2.513900,22.523199,1.391300
1,2,106.469403,26.866902,3.039000,27.090799,2.067600
1,2,106.492496,23.092400,3.038900,23.331800,2.285500
1,2,106.514301,21.805499,2.635900,21.701500,1.497600
1,2,106.542527,28.225899,2.645100,28.017700,1.820200
1,2,106.569731,27.203601,2.841200,27.306900,1.726400
1,2,106.593598,23.867100,2.852500,23.742500,1.699400
1,2,106.621188,27.589899,2.804600,27.907801,1.626500
1,2,106.651170,29.982202,2.569400,30.013201,1.704600
1,2,106.674577,23.407198,2.564200,23.126499,1.966300
1,2,106.702604,28.026901,3.003600,28.062500,1.846700
1,2,106.726554,23.950100,3.234200,23.662399,1.899300
1,2,106.753676,27.122099,3.367700,27.359900,2.241800
1,2,106.786631,32.955002,2.803300,32.840801,1.792300
1,2,106.809675,23.043901,3.156100,23.192301,1.590700
1,2,106.839390,29.715098,2.636100,29.463699,1.595200
1,2,106.862219,22.829201,3.048800,22.807100,2.095300
1,2,106.893617,31.397700,2.971100,31.207600,2.026400
1,2,106.923726,30.108899,3.285400,30.365499,1.886400
1,2,106.946631,22.904702,3.093100,22.974300,1.954100
1,2,106.976280,29.649299,3.318200,29.583500,1.707700
1,2,107.005530,29.250499,2.809400,29.157000,1.824900
1,2,107.030973,25.442701,2.825100,25.345100,1.471300
1,2,107.058374,27.400699,3.001800,27.521200,1.572400
1,2,107.086947,28.573301,3.026800,28.566099,1.878600
1,2,107.110671,23.724001,3.051600,23.668100,1.670700
1,2,107.140618,29.947300,2.980200,30.051201,1.816200
1,2,107.171030,30.411799,3.136300,29.717699,2.375700
1,2,107.194552,23.521803,3.931100,22.917500,1.920900
1,2,107.222216,27.664397,3.814700,28.542601,2.180700
1,2,107.251231,29.014800,2.922000,29.373800,1.865100
1,2,107.274530,23.299001,2.837600,23.080099,1.762100
1,2,107.303428,28.897800,3.175800,29.016500,2.019200
1,2,107.326708,23.280300,3.206600,22.844400,1.607300
1,2,107.355839,29.130399,3.325800,29.312799,1.945400
1,2,107.378815,22.976603,3.120700,23.373301,1.697600
1,2,107.407748,28.933000,2.806700,28.403000,1.799900
1,2,107.432861,25.112599,3.599300,25.106501,2.021700
1,2,107.460031,27.170401,3.563900,27.468901,2.017400
1,2,107.488207,28.175499,3.157000,28.194201,1.861000
1,2,107.511891,23.684200,2.873600,23.796400,1.567000
1,2,107.542085,30.193698,3.157800,29.945101,1.507700
1,2,107.568893,26.808303,3.255100,27.111200,1.980800
1,2,107.593908,25.015198,2.823200,24.972900,1.671500
1,2,107.624772,30.863401,2.677100,30.570000,1.755200
1,2,107.652865,28.092902,3.481300,28.220100,2.045300
1,2,107.676704,23.838900,3.121500,23.876900,1.712900
1,2,107.707607,30.903198,3.031300,30.698200,2.625700
1,2,107.734511,26.904199,3.327200,27.028200,1.925600
1,2,107.759519,25.008302,3.648400,24.738100,1.747300
1,2,107.790049,30.530199,3.396700,30.745899,2.206200
1,2,107.818576,28.526898,2.990800,28.288799,1.773800
1,2,107.844058,25.481302,3.310500,24.962799,2.242800
1,2,107.873367,29.309299,3.913600,30.182800,2.198500
1,2,107.903903,30.535799,3.278900,30.292101,2.301700
1,2,107.929181,25.277901,3.231500,25.390800,2.045700
1,2,107.958953,29.772900,3.188600,29.363600,1.566000
1,2,107.985578,26.624899,3.760700,27.021500,1.766000
1,2,108.011369,25.790602,3.136800,25.934601,1.609700
1,2,108.045155,33.786498,2.843900,32.810799,1.779900
1,2,108.070862,25.706902,3.514100,26.489500,2.035100
1,2,108.103069,32.206498,2.909700,32.212898,1.800500
1,2,108.126236,23.166802,3.250100,23.209299,2.302500
1,2,108.155309,29.073000,2.890200,28.560301,1.860500
1,2,108.178951,23.642197,3.742700,24.077101,1.742500
1,2,108.208007,29.056501,3.289100,28.441601,1.775300
1,2,108.237820,29.812902,4.111100,30.334600,1.963300
1,2,108.263844,26.023399,3.237200,26.066700,1.946500
1,2,108.297531,33.686899,2.792300,29.434299,1.525900
1,2,108.321561,24.030000,7.708800,27.379801,1.774900
1,2,108.347975,26.413999,4.240600,26.892200,1.795300
1,2,108.379594,31.619202,3.128100,31.866800,1.970700
1,2,108.410124,30.529998,2.996700,30.132500,1.930100
1,2,108.441632,31.507801,3.290800,31.998699,2.115500
1,2,108.469467,27.835701,2.910900,27.984501,1.843900
1,2,108.493449,23.982197,2.735000,23.204000,1.740400
1,2,108.522997,29.547300,3.353200,29.943300,2.082000
1,2,108.546341,23.344301,3.265000,23.737700,1.735500
1,2,108.575837,29.496100,2.481600,28.868601,1.983400
1,2,108.606226,30.388501,3.194300,30.779900,2.039900
1,2,108.634911,28.685499,2.945600,28.594601,2.229200
1,2,108.659231,24.320103,2.918800,24.140400,1.910200
1,2,108.686168,26.936799,2.949100,27.390800,2.009000
1,2,108.711420,25.251400,2.547700,25.041901,1.699000
1,2,108.738027,26.607301,2.669300,26.309999,1.835900
1,2,108.761588,23.561098,3.250200,23.820900,1.504200
1,2,108.788188,26.599802,2.959500,26.764299,1.836600
1,2,108.813313,25.125198,2.691000,24.622700,1.410500
1,2,108.842010,28.697401,3.076400,28.802099,1.517300
1,2,108.871456,29.445700,3.532400,29.406799,1.832000
1,2,108.896589,25.133397,3.244600,24.918200,1.622900
1,2,108.924682,28.092600,3.295100,28.589500,1.698100
1,2,108.950058,25.376000,3.021600,25.126699,1.585200
1,2,108.974901,24.843302,3.125600,24.760000,1.611100
1,2,109.003094,28.193001,3.172100,28.523600,1.576000
1,2,109.027233,24.138700,3.529200,23.717501,1.955600
1,2,109.054413,27.179800,3.188300,27.378500,2.113800
1,2,109.078574,24.161600,2.935000,24.429600,1.658700
1,2,109.106375,27.800698,2.608700,27.089199,1.535200
1,2,109.128200,21.824900,3.345200,22.509600,1.789700
1,2,109.158109,29.908903,3.168300,29.751400,1.668900
1,2,109.185805,27.696397,2.892200,27.773500,1.876700
1,2,109.208783,22.977900,3.063900,22.592600,2.077100
1,2,109.233202,24.419203,3.306000,24.577801,2.318400
1,2,109.259804,26.602000,3.368100,26.546499,1.676200
1,2,109.287920,28.115500,3.571400,28.155701,1.652400
1,2,109.309952,22.031799,2.865700,22.060499,1.625900
1,2,109.336917,26.965201,2.831300,27.232599,1.730700
1,2,109.361512,24.594899,2.755500,24.091900,2.010700
1,2,109.390784,29.272199,3.115600,29.212500,1.859100
1,2,109.415707,24.922799,3.340300,25.381001,1.848100
1,2,109.442254,26.546903,2.917700,26.334700,1.807300
1,2,109.471112,28.858498,3.216200,28.408701,1.907000
1,2,109.494083,22.970501,3.518500,23.235701,1.308500
1,2,109.522153,28.070398,3.157300,28.191099,2.814700
1,2,109.546579,24.426103,2.894900,24.129400,1.719700
1,2,109.573129,26.549399,3.275900,26.961100,1.647900
1,2,109.602170,29.041201,2.771200,28.972200,2.357400
1,2,109.626377,24.207398,2.861000,23.882601,1.825400
1,2,109.655327,28.949402,3.649900,29.027000,1.600400
1,2,109.678005,22.678800,3.528200,22.980400,1.693600
1,2,109.706526,28.520200,3.037100,27.638700,1.593900
1,2,109.730189,23.663100,4.104700,24.443300,1.919900
1,2,109.758926,28.737400,3.206100,28.216600,1.755500
1,2,109.787130,28.203499,3.686200,28.003599,2.352500
1,2,109.810511,23.381501,3.659200,23.912800,1.852500
1,2,109.838554,28.042700,2.962500,28.009800,1.936400
1,2,109.860812,22.258200,3.084400,22.220900,1.975700
1,2,109.888024,27.212199,3.006100,27.517599,1.958100
1,2,109.912270,24.245501,2.732300,24.260201,1.923500
1,2,109.940650,28.379899,2.694800,28.383301,1.528200
1,2,109.968211,27.561899,2.608100,27.511499,1.605100
1,2,109.992302,24.090301,2.709900,23.339701,1.711200
1,2,110.014377,22.075299,4.226500,22.437401,1.912100
1,2,110.040649,26.271701,3.050000,26.359301,1.422500
1,2,110.063806,23.156900,2.954400,23.203300,1.663800
1,2,110.092574,28.768402,2.910000,28.448500,2.060100
1,2,110.121432,28.858200,3.489700,28.979601,1.834600
1,2,110.144504,23.071498,3.220400,23.153299,1.519200
1,2,110.173763,29.259000,2.973300,29.552900,2.159200
1,2,110.196595,22.832401,2.710900,22.871201,2.044400
1,2,110.225729,29.134002,2.622700,28.470900,2.120600
1,2,110.250786,25.056399,3.509900,25.250700,1.825000
1,2,110.277369,26.582900,3.407000,26.455000,1.713000
1,2,110.303588,26.218999,3.220600,26.743900,1.981500
1,2,110.327255,23.667499,2.672000,22.720699,1.596200
1,2,110.355442,28.187301,3.768200,29.246401,1.837900
1,2,110.378804,23.361500,2.683500,23.010000,1.925500
1,2,110.407103,28.299198,2.816100,28.790400,2.013900
1,2,110.430341,23.238301,2.435300,23.003901,1.738200
1,2,110.459001,28.659400,2.456900,28.504801,1.598500
1,2,110.487441,28.440502,2.927200,28.589100,1.926600
1,2,110.510843,23.401897,2.745300,23.314501,1.512300
1,2,110.539595,28.751601,2.694300,28.419001,1.502500
1,2,110.563103,23.508400,2.989500,23.982000,1.793500
1,2,110.591553,28.450303,2.528200,28.152500,1.430600
1,2,110.614103,22.549298,3.015200,22.787399,1.749000
1,2,110.643884,29.780801,2.608600,29.458000,1.645700
1,2,110.670946,27.062900,3.063200,26.847500,2.004100
1,2,110.694600,23.653798,3.257700,23.677299,1.364600
1,2,110.721734,27.134102,2.975800,27.205400,1.457000
1,2,110.745537,23.802500,3.116500,23.931999,1.491500
1,2,110.772105,26.567899,2.880200,26.543400,1.490000
1,2,110.795344,23.239102,2.719200,23.156401,1.865400
1,2,110.822599,27.254898,3.010200,27.542999,2.110600
1,2,110.846636,24.037402,2.641700,23.755800,1.921200
1,2,110.874521,27.884498,3.059500,28.011999,1.684000
1,2,110.898690,24.169002,2.907500,24.261299,1.727400
1,2,110.927370,28.680097,2.765200,28.359600,1.833300
1,2,110.956169,28.799202,2.965300,28.831600,1.711900
1,2,110.979999,23.829799,3.365500,24.161400,1.739800
1,2,111.007820,27.821399,2.627800,27.686199,1.752600
1,2,111.036127,28.306600,3.279500,27.922701,1.733600
1,2,111.061128,25.001600,3.283000,25.030500,1.627400
1,2,111.088328,27.200099,3.010900,27.539900,1.690100
1,2,111.113522,25.194101,2.807800,24.687901,1.780800
1,2,111.141812,28.289199,3.603100,28.559000,1.820000
1,2,111.165478,23.666300,3.156900,23.761700,1.731200
1,2,111.192986,27.507599,3.119400,26.933800,1.592100
1,2,111.220993,28.007600,3.481900,28.425301,1.990000
1,2,111.244544,23.550402,3.275700,23.443399,1.735800
1,2,111.272613,28.069399,3.622300,28.339199,1.934300
1,2,111.296635,24.022099,2.931300,23.850901,1.868500
1,2,111.325041,28.405502,3.134400,28.266001,1.573100
1,2,111.354375,29.333998,4.987000,29.267900,1.841800
1,2,111.377277,22.902500,3.654400,22.725201,2.349600
1,2,111.405860,28.583203,3.557700,28.799200,2.609000
1,2,111.428289,22.428397,3.141900,22.392799,2.636300
1,2,111.458282,29.993203,3.578700,30.000700,1.760300
1,2,111.488479,30.197598,3.615500,30.414200,2.011500
1,2,111.511682,23.202199,3.275900,22.663200,1.904300
1,2,111.539470,27.788103,3.522200,28.344000,2.002000
1,2,111.563047,23.577198,2.912200,23.358999,2.177700
1,2,111.590621,27.573902,3.211600,27.783800,1.968100
1,2,111.617270,26.649199,2.907200,26.624901,1.785000
1,2,111.644693,27.422599,3.237100,26.966000,2.033600
1,2,111.676559,31.866699,3.519700,31.730000,3.010100
1,2,111.707828,31.268101,4.109400,31.469900,1.861700
1,2,111.729987,22.159599,4.205200,22.066099,2.814300
1,2,111.760576,30.589201,3.371600,30.478800,2.036400
1,2,111.781973,21.396201,4.710200,21.974300,2.152400
1,2,111.810977,29.004898,4.697400,28.421200,1.924800
1,2,111.841595,30.617699,3.337700,30.900801,1.919900
1,2,111.871713,30.117702,4.461500,29.837500,1.875800
1,2,111.896445,24.732601,4.035500,25.053699,2.281200
1,2,111.930351,33.905599,3.002300,33.839199,2.154100
1,2,111.961989,31.638201,3.178500,31.606701,1.990200
1,2,111.989958,27.968697,3.258500,28.228800,1.925200
1,2,112.017080,27.122103,2.792200,27.037901,2.258900
1,2,112.045666,28.586298,2.832400,28.242399,2.023800
1,2,112.075633,29.966600,3.362600,29.949900,1.969100
1,2,112.099697,24.064399,3.236400,24.569599,1.909200
1,2,112.133867,34.169599,2.649200,33.914001,1.977100
1,2,112.160892,27.024701,3.010000,27.132299,1.855300
1,2,112.193158,32.266598,2.680500,32.187199,2.047800
1,2,112.222130,28.972100,2.891600,29.009501,1.630200
1,2,112.246880,24.749901,2.801000,24.444300,1.586000
1,2,112.277052,30.172199,3.409100,29.968901,1.311800
1,2,112.305752,28.699402,3.243300,29.035999,1.925400
1,2,112.330638,24.886001,2.839200,24.985201,1.511900
1,2,112.360332,29.694200,3.011900,29.381001,1.444200
1,2,112.391910,31.577799,3.189700,31.302099,1.809500
1,2,112.422769,30.859098,3.750900,31.085699,1.931700
1,2,112.445371,22.602003,3.528700,22.616600,2.042900
1,2,112.474573,29.202297,3.378900,29.362900,1.759900
1,2,112.504281,29.707599,3.327000,29.614401,1.946300
1,2,112.529770,25.488902,3.760200,25.962700,1.669400
1,2,112.559616,29.846501,2.462300,29.068600,1.594300
1,2,112.588613,28.996300,3.619800,29.389799,1.942300
1,2,112.612213,23.600999,3.090200,23.750799,1.770100
1,2,112.640481,28.267998,2.758100,28.411400,1.936100
1,2,112.669547,29.065203,2.633000,28.994499,1.646200
1,2,112.693607,24.060298,2.750500,23.682199,1.924200
1,2,112.722668,29.061001,3.038000,29.306200,1.871800
1,2,112.745750,23.082301,3.084500,23.135900,1.570600
1,2,112.774102,28.351299,3.265600,28.423500,1.713900
1,2,112.802624,28.522801,2.711100,28.066200,1.708400
1,2,112.828370,25.745600,3.146800,25.613400,1.854100
1,2,112.855459,27.089100,3.264700,27.478300,1.903400
1,2,112.880374,24.915200,2.927900,24.400200,1.608900
1,2,112.910064,29.689897,3.727500,29.561100,1.845300
1,2,112.938263,28.198700,4.318800,28.840200,2.234500
1,2,112.962791,24.527803,2.821900,24.436600,1.523600
1,2,112.990476,27.685199,2.619100,27.457701,1.791100
1,2,113.013719,23.242600,2.964600,23.530701,1.818700
1,2,113.043253,29.534500,2.780900,28.828600,1.501800
1,2,113.070235,26.981700,3.714900,27.629200,2.077600
1,2,113.094675,24.440099,2.969900,24.415300,1.814400
1,2,113.123561,28.886300,2.918300,29.082199,1.694200
1,2,113.147133,23.572300,2.490700,23.498301,2.168300
1,2,113.178287,31.153999,2.449800,30.593901,1.588200
1,2,113.206006,27.718302,3.141400,27.848101,2.069000
1,2,113.229906,23.899801,3.199700,24.292900,1.950200
1,2,113.260335,30.429497,2.654700,30.156900,1.461300
1,2,113.282568,22.232503,2.807000,22.584499,1.728500
1,2,113.311067,28.499298,2.425500,27.908600,1.791600
1,2,113.341044,29.977400,3.111300,27.677500,1.743100
1,2,113.361801,20.756602,5.862800,22.813801,1.568900
1,2,113.388649,26.847899,3.532200,27.294399,2.142600
1,2,113.418660,30.010998,2.949500,30.135099,1.998400
1,2,113.442937,24.277303,2.743100,24.077299,2.087200
1,2,113.472292,29.354800,2.989400,29.345501,2.118200
1,2,113.500188,27.895898,3.408800,27.554199,1.930400
1,2,113.526000,25.812201,3.527300,25.706900,1.740200
1,2,113.554541,28.540801,3.620900,29.183300,1.867300
1,2,113.579718,25.176998,3.625700,24.823099,1.747600
1,2,113.609167,29.449001,3.304000,29.227400,1.904400
1,2,113.632170,23.003701,3.597700,23.144800,2.163400
1,2,113.660070,27.899500,4.171100,28.210699,2.055100
1,2,113.690987,30.916799,3.184300,30.955299,2.127500
1,2,113.714427,23.440000,3.169000,23.152500,1.721600
1,2,113.742806,28.378900,3.260800,28.189199,1.677300
1,2,113.770432,27.626898,3.767300,27.925600,2.063100
1,2,113.796754,26.321400,3.425300,26.234100,1.700200
1,2,113.827916,31.161703,3.428400,30.633699,1.921700
1,2,113.855150,27.234700,3.626300,28.101700,1.905400
1,2,113.880819,25.669198,2.755500,24.989201,1.631800
1,2,113.909361,28.541800,3.224800,28.462601,1.958200
1,2,113.939478,30.117001,3.393500,30.361000,1.894200
1,2,113.962085,22.606298,3.408900,22.836399,1.885100
1,2,113.990079,27.994599,3.149400,28.253599,2.237000
1,2,114.014461,24.381701,2.775700,23.755100,1.957400
1,2,114.041839,27.378201,3.105300,27.680000,1.646400
1,2,114.064453,22.613700,2.932300,22.763399,1.959100
1,2,114.091742,27.288798,2.684700,27.052401,1.825300
1,2,114.121488,29.746301,3.454000,29.670799,1.917600
1,2,114.144446,22.957999,3.462900,22.800501,1.935800
1,2,114.172138,27.692501,3.224100,27.929100,1.885500
1,2,114.197088,24.949100,3.116600,24.991699,1.541000
1,2,114.223833,26.745599,2.952700,26.959700,1.780700
1,2,114.250365,26.532300,2.590400,26.436300,1.875300
1,2,114.277804,27.438499,2.795500,27.061199,2.020400
1,2,114.306585,28.781202,3.242200,29.055000,2.037700
1,2,114.329024,22.439200,3.257700,21.959499,1.977900
1,2,114.359007,29.982999,3.169000,30.155399,2.021100
1,2,114.381688,22.681199,3.170100,23.117100,1.730900
1,2,114.409452,27.764000,2.752000,27.687300,1.793000
1,2,114.438748,29.295404,2.883300,29.466700,1.996400
1,2,114.462385,23.636799,2.617200,23.118700,1.880300
1,2,114.491136,28.750800,3.513400,28.652300,1.893100
1,2,114.514156,23.020599,3.505200,23.480600,2.431500
1,2,114.543672,29.516302,2.754700,28.843599,1.821900
1,2,114.570513,26.840799,3.482500,27.476500,1.918500
1,2,114.593189,22.675499,2.710300,22.496799,1.800700
1,2,114.623043,29.854201,2.906500,30.136999,1.886900
1,2,114.651578,28.535001,2.668900,28.132299,1.654800
1,2,114.674665,23.087598,3.250000,23.053301,1.869600
1,2,114.698226,23.560300,2.991200,24.015800,2.246400
1,2,114.725918,27.691901,2.784000,27.619900,1.737100
1,2,114.749031,23.113098,2.741300,22.888399,2.036200
1,2,114.776900,27.868900,3.051600,27.898100,1.781000
1,2,114.804840,27.940601,2.992600,27.748199,2.349500
1,2,114.828213,23.372799,3.186900,23.541201,1.572500
1,2,114.854795,26.581701,2.811200,26.686600,1.609800
1,2,114.879051,24.256699,2.766600,23.813801,1.725000
1,2,114.909559,30.507099,3.133800,30.603701,1.679600
1,2,114.934341,24.782602,3.670700,25.058800,2.031200
1,2,114.961215,26.873700,3.157900,26.372101,1.754900
1,2,114.987440,26.225399,3.268500,26.825199,1.875700
1,2,115.011795,24.355199,2.549200,24.239401,1.495500
1,2,115.039015,27.219102,2.817000,26.996799,1.694600
1,2,115.061342,22.327501,3.130500,22.253901,1.478400
1,2,115.090089,28.747398,3.052300,28.764400,1.877100
1,2,115.113138,23.048900,3.022200,22.841900,1.809000
1,2,115.139397,26.259098,3.446900,26.813000,1.541000
1,2,115.163293,23.895301,2.817400,23.775900,1.555400
1,2,115.189712,26.418801,2.859900,26.390699,1.603100
1,2,115.213762,24.050198,2.818200,23.716801,1.843300
1,2,115.241740,27.978402,3.331100,28.267099,1.818100
1,2,115.265047,23.307100,3.119600,23.095600,2.052800
1,2,115.292872,27.825098,3.004300,27.916300,1.610100
1,2,115.320297,27.424701,3.212700,27.611099,1.894900
1,2,115.345502,25.204498,2.919300,24.928200,1.854300
1,2,115.373966,28.464202,3.216100,27.892799,1.590900
1,2,115.397068,23.102101,3.950100,23.097799,2.117500
1,2,115.427198,30.129697,4.005100,30.462799,2.232200
1,2,115.451982,24.784900,3.704300,24.834400,3.664900
1,2,115.478730,26.747901,3.395000,26.787500,2.694300
1,2,115.507299,28.568700,3.291700,28.881001,2.476000
1,2,115.538534,31.234402,2.987300,30.685600,2.159500
1,2,115.562259,23.725599,3.391400,23.957600,2.322400
1,2,115.590388,28.129101,3.242900,28.296900,1.949800
1,2,115.615124,24.735898,2.897600,24.559200,2.228900
1,2,115.643899,28.775200,3.144400,28.818899,1.905600
1,2,115.672119,28.219700,3.767200,28.269800,2.259600
1,2,115.696168,24.048802,3.500900,22.869200,2.173300
1,2,115.720182,24.014000,4.471200,24.989700,2.054300
1,2,115.745396,25.213998,3.347200,24.840000,2.291600
1,2,115.772841,27.445000,4.128000,27.877001,2.437800
1,2,115.800152,27.311102,3.380600,27.217899,2.344700
1,2,115.828459,28.307099,3.525300,28.061600,2.269100
1,2,115.856796,28.336801,3.641600,28.745399,2.009900
1,2,115.879842,23.046199,3.091100,22.653500,2.314200
1,2,115.913690,33.847701,4.343000,33.556801,2.344500
1,2,115.939303,25.613602,4.419800,26.240000,2.437400
1,2,115.964753,25.449399,3.838500,25.292000,2.242400
1,2,115.991140,26.387300,3.231300,26.710300,1.960000
1,2,116.019648,28.507698,3.685600,28.153299,2.378400
1,2,116.044165,24.516899,4.336500,24.320700,2.011200
1,2,116.071268,27.103301,4.375600,27.538500,2.341200
1,2,116.094894,23.625899,3.656200,23.026300,1.838700
1,2,116.121846,26.952300,3.758100,27.246000,2.016900
1,2,116.145408,23.561902,3.286200,23.287201,1.911700
1,2,116.173187,27.779199,3.478300,27.991501,2.514300
1,2,116.196295,23.107901,3.500500,23.266001,2.061900
1,2,116.226639,30.343600,3.536800,29.554300,2.297900
1,2,116.256942,30.303400,4.271000,30.857901,3.542700
1,2,116.281183,24.241399,4.701600,23.926300,3.614200
1,2,116.311876,30.692998,4.285100,30.841200,2.628600
1,2,116.336401,24.524201,4.137900,24.742500,2.489400
1,2,116.368368,31.967800,3.669700,31.197500,2.511500
1,2,116.396632,28.263099,5.561100,28.487200,2.589000
1,2,116.425478,28.846100,4.589500,29.314301,2.303800
1,2,116.449012,23.533802,4.351900,23.946600,2.286000
1,2,116.479145,30.133598,3.259300,29.579399,1.960300
1,2,116.507700,28.554600,3.397500,28.747999,1.780200
1,2,116.539985,32.285601,3.622300,32.665001,2.036800
1,2,116.563570,23.584500,2.868900,23.005600,1.864300
1,2,116.593271,29.701199,3.138700,29.869200,2.048000
1,2,116.627638,34.367003,3.277500,34.504398,2.488500
1,2,116.655075,27.436599,3.189000,27.468100,2.153800
1,2,116.686658,31.583700,2.842100,31.575199,1.841400
1,2,116.712597,25.938798,3.190100,25.596800,1.799600
1,2,116.739653,27.055703,3.396800,27.302401,1.832100
1,2,116.765421,25.767799,3.193400,25.947001,1.913300
1,2,116.799450,34.029298,2.795900,34.067299,1.836100
1,2,116.826907,27.457003,2.880900,26.124701,1.776300
1,2,116.856289,29.381897,4.568800,30.372000,2.071400
1,2,116.879735,23.445901,3.480500,23.314199,2.184600
1,2,116.907967,28.232500,3.449200,28.321699,2.022900
1,2,116.937087,29.120103,3.601700,29.322901,1.977500
1,2,116.961732,24.645198,2.882400,24.277201,2.350500
1,2,116.988701,26.968502,3.254200,27.422501,1.948700
1,2,117.013878,25.177401,2.840000,24.955900,1.934500
1,2,117.042785,28.907098,2.942000,28.640699,1.919300
1,2,117.072354,29.568400,3.371000,29.674900,1.662900
1,2,117.095440,23.086399,3.321200,23.148100,1.980900
1,2,117.125388,29.947501,3.084700,29.912701,1.758200
1,2,117.149547,24.159100,3.154300,24.340599,1.971900
1,2,117.175928,26.381601,3.060600,26.151400,1.672100
1,2,117.197903,21.974299,2.982000,22.350700,1.648700
1,2,117.225809,27.905703,2.688900,27.556200,1.962100
1,2,117.255370,29.561799,3.013000,29.613600,1.561800
1,2,117.279628,24.257701,3.227700,24.121000,1.875500
1,2,117.306960,27.331799,3.549300,27.522100,1.483100
1,2,117.334525,27.565598,3.004800,27.533100,1.757000
1,2,117.359184,24.658799,3.003500,24.595600,1.484200
1,2,117.388165,28.981201,2.906200,29.006001,1.744800
1,2,117.412497,24.331901,3.210000,24.432899,1.761800
1,2,117.439557,27.059898,2.760900,27.232401,1.602700
1,2,117.463495,23.937400,2.627300,23.743500,2.136400
1,2,117.491349,27.854901,2.828900,27.885599,1.536600
1,2,117.518831,27.481802,2.821300,27.214300,1.728600
1,2,117.547007,28.175797,3.089500,28.245300,1.846000
1,2,117.577430,30.423000,2.899900,30.088900,1.766900
1,2,117.604443,27.013302,3.395300,27.218399,1.931800
1,2,117.627739,23.295600,3.387400,23.250900,1.742100
1,2,117.656272,28.532900,3.043000,28.671600,1.893100
1,2,117.680262,23.990300,3.147300,23.705601,1.798700
1,2,117.707634,27.372099,3.153800,28.044201,1.887900
1,2,117.735762,28.127801,3.060500,28.076300,2.678200
1,2,117.760126,24.363801,2.500600,24.096800,2.559100
1,2,117.782198,22.072598,2.823800,22.323099,1.795700
1,2,117.810852,28.653901,2.596500,28.156900,1.870100
1,2,117.839405,28.552800,3.178000,28.625299,2.315500
1,2,117.863075,23.669399,3.173500,22.681601,1.991400
1,2,117.892374,29.299498,3.598900,30.052099,1.792000
1,2,117.924251,31.877201,3.542100,30.112301,2.529800
1,2,117.943866,19.614901,6.137000,21.375999,3.054000
1,2,117.972367,28.500900,4.803700,28.467699,2.323000
1,2,117.995122,22.755001,3.290200,22.847300,2.382200
1,2,118.025388,30.266300,3.295300,30.084600,2.149500
1,2,118.051068,25.679197,3.378400,25.872299,2.056700
1,2,118.075806,24.738103,3.194900,24.826200,1.982300
1,2,118.103843,28.036900,2.997500,28.054501,2.007100
1,2,118.128940,25.097698,3.041800,24.934299,1.767200
1,2,118.158449,29.508702,3.849400,29.832800,2.069500
1,2,118.187475,29.026397,3.371500,28.632700,2.192100
1,2,118.211953,24.478003,3.320500,24.620800,1.907800
1,2,118.241292,29.338397,3.221000,29.406200,2.061400
1,2,118.267618,26.325900,3.465600,25.939600,2.276600
1,2,118.293518,25.900301,3.598700,26.238701,1.841100
1,2,118.316562,23.043800,2.879100,22.870600,1.802500
1,2,118.344192,27.630601,3.188000,27.486601,1.875900
1,2,118.368336,24.143901,3.340000,24.514799,1.627500
1,2,118.398525,30.188698,2.967800,26.021299,1.640100
1,2,118.424328,25.803201,7.455800,28.448000,1.973500
1,2,118.448845,24.517201,4.443300,25.769300,2.217100
1,2,118.479236,30.390397,3.267800,29.901300,2.383000
1,2,118.510377,31.141602,3.865100,31.238100,2.243700
1,2,118.537306,26.928399,4.109200,27.407700,2.322000
1,2,118.562753,25.447201,3.725400,25.037001,2.488900
1,2,118.591270,28.517500,3.419100,28.664200,2.040100
1,2,118.615566,24.295799,3.470700,24.551600,1.978000
1,2,118.645831,30.265100,2.918000,29.704000,1.944500
1,2,118.672173,26.341602,3.410700,26.355900,1.755400
1,2,118.694641,22.468001,3.385200,22.690500,1.892600
1,2,118.725021,30.379999,3.102500,30.655701,1.766700
1,2,118.751214,26.193298,3.218500,25.149799,1.877800
1,2,118.774311,23.096502,3.911000,24.365700,2.159300
1,2,118.797551,23.240197,2.792100,23.193701,1.661800
1,2,118.826620,29.068701,2.476100,28.622900,1.736800
1,2,118.855460,28.840300,3.306200,28.488899,1.892400
1,2,118.880326,24.866201,4.663000,24.766701,2.015100
1,2,118.909440,29.114198,4.409900,29.259899,2.087700
1,2,118.936489,27.049001,3.763400,27.604099,1.923100
1,2,118.960553,24.063200,3.088900,23.915199,1.546000
1,2,118.988711,28.158102,3.169500,27.152201,1.839700
1,2,119.011485,22.774797,4.524600,23.640100,1.785300
1,2,119.041861,30.375503,3.805100,30.496201,1.776000
1,2,119.068965,27.103599,3.189800,27.333401,1.963900
1,2,119.093067,24.102699,2.893400,23.987200,1.761500
1,2,119.121731,28.663401,2.929300,28.674700,1.986900
1,2,119.145000,23.269098,3.022700,22.917299,1.806900
1,2,119.172815,27.815603,3.244200,27.338600,2.249500
1,2,119.194942,22.126198,3.693000,22.258600,1.574900
1,2,119.222632,27.690601,3.555800,28.327101,1.704500
1,2,119.246340,23.708001,3.319000,23.321199,1.603300
1,2,119.272693,26.353199,3.242900,26.724199,1.763800
1,2,119.295936,23.242202,2.770500,23.045300,1.662400
1,2,119.323032,27.096897,2.995800,27.285700,1.902500
1,2,119.345888,22.855900,2.758100,22.354300,1.755900
1,2,119.373922,28.033402,3.261500,28.105900,2.214900
1,2,119.403464,29.542599,3.272700,29.119699,1.568900
1,2,119.426419,22.954199,3.608300,23.827299,2.170300
1,2,119.454276,27.857702,3.097800,27.781500,1.973700
1,2,119.478553,24.276700,4.763900,23.288300,2.043300
1,2,119.502678,24.124600,4.579100,24.641500,1.850800
1,2,119.528606,25.927998,3.202200,25.872601,1.636800
1,2,119.557156,28.550200,3.400900,28.891899,1.788900
1,2,119.579986,22.830501,2.804000,23.039499,1.778700
1,2,119.608121,28.134201,2.679400,27.966101,1.600400
1,2,119.633126,25.005300,2.937600,25.142799,1.637100
1,2,119.661849,28.723199,2.619300,28.186899,1.669700
1,2,119.688840,26.991200,3.978600,26.957100,2.259900
1,2,119.712286,23.445301,3.488300,23.441999,1.804700
1,2,119.739127,26.841801,3.297100,27.309799,2.046700
1,2,119.762501,23.373798,3.070700,23.217400,1.845200
1,2,119.790337,27.836401,3.021600,27.803301,2.048600
1,2,119.813233,22.895899,2.972400,23.054100,1.808100
1,2,119.839992,26.758503,2.616400,26.870600,1.600800
1,2,119.862849,22.856899,2.713700,22.724501,1.880900
1,2,119.892648,29.799599,2.743900,29.558701,1.773500
1,2,119.922013,29.364102,3.183500,29.102800,1.611800
1,2,119.944304,22.291698,3.577300,22.606899,1.613400
1,2,119.973934,29.629700,3.262500,29.605301,1.833500
1,2,119.997527,23.593303,3.085800,23.940701,2.185600
1,2,120.026190,28.662898,2.408900,28.288099,1.717900
1,2,120.048691,22.500802,3.049000,22.202700,1.826000
1,2,120.076902,28.211098,3.057800,28.922501,1.975900
1,2,120.106064,29.161800,2.688500,28.571301,1.594000
1,2,120.128198,22.134002,3.104300,22.396200,2.246700
1,2,120.156125,27.927600,2.822700,27.753500,1.772100
1,2,120.178048,21.923099,3.156500,21.858200,1.480500
1,2,120.205356,27.307201,2.988000,27.337200,1.872000
1,2,120.228497,23.141198,3.200800,23.100000,1.436500
1,2,120.255743,27.245604,3.432200,27.235600,1.872700
1,2,120.278249,22.506297,3.104700,22.750900,1.624300
1,2,120.306977,28.728001,2.793100,28.472799,1.592800
1,2,120.330080,23.103300,3.061200,23.125099,1.875400
1,2,120.357940,27.860101,2.944200,27.920799,1.918300
1,2,120.387958,30.017599,2.911500,29.963400,1.560700
1,2,120.414193,26.235398,2.877800,26.111401,1.864000
1,2,120.442948,28.754503,3.095600,28.114000,2.006200
1,2,120.467083,24.134900,3.976500,25.178400,1.818100
1,2,120.498246,31.162899,3.012100,30.883400,1.549500
1,2,120.528077,29.831301,2.910000,29.483801,1.779900
1,2,120.555122,27.045500,3.633600,27.382299,2.695300
1,2,120.580236,25.114100,3.255300,24.538700,1.982500
1,2,120.609218,28.981499,3.563400,29.338800,1.837800
1,2,120.632006,22.787698,3.395000,23.408899,2.089500
1,2,120.661713,29.707700,2.523100,29.144600,1.616700
1,2,120.690843,29.129900,3.239900,29.165400,2.005700
1,2,120.713810,22.967000,3.236800,22.990000,1.898900
1,2,120.742489,28.678603,3.110000,28.601700,2.082800
1,2,120.767794,25.305100,3.211200,25.296499,2.100400
1,2,120.795315,27.521499,3.421300,27.602301,2.061800
1,2,120.824416,29.100101,3.294900,29.321899,2.111500
1,2,120.847438,23.022298,2.961900,23.052299,2.499200
1,2,120.876009,28.571300,2.615100,28.183001,1.515500
1,2,120.904903,28.894302,3.052600,29.336800,1.762400
1,2,120.929672,24.769001,2.776900,24.473499,2.060400
1,2,120.956520,26.847597,2.978300,26.990700,3.906600
1,2,120.978833,22.312801,2.817300,22.165899,1.800800
1,2,121.007544,28.711401,3.380500,28.823601,2.048200
1,2,121.029950,22.405397,2.948900,22.379900,1.683800
1,2,121.058390,28.440002,3.344300,28.456800,1.602600
1,2,121.081964,23.574401,3.027800,22.930799,1.843300
1,2,121.109940,27.975697,3.285700,28.481300,1.499800
1,2,121.139797,29.857501,3.076500,30.104500,1.867500
1,2,121.164593,24.796002,2.680300,24.772900,1.928900
1,2,121.194212,29.618397,2.838100,29.063101,1.783300
1,2,121.219323,25.111102,4.363500,25.551399,1.948200
1,2,121.243867,24.544299,3.075700,24.310499,1.663300
1,2,121.271885,28.017502,3.362500,28.233000,2.117200
1,2,121.296284,24.399199,3.014000,22.999001,2.340700
1,2,121.323467,27.183201,4.686800,28.277500,1.764600
1,2,121.347846,24.379399,4.223600,24.681999,2.176700
1,2,121.375953,28.106902,3.384300,28.073299,1.844900
1,2,121.405481,29.527299,2.788400,29.433100,1.784500
1,2,121.427843,22.362400,2.919700,22.403500,2.287100
1,2,121.456551,28.708100,3.002900,28.782499,2.103300
1,2,121.479521,22.970300,2.756800,22.457001,1.700500
1,2,121.509368,29.846698,3.304100,30.195700,1.658500
1,2,121.532010,22.641700,2.788900,22.773701,1.707500
1,2,121.560900,28.890200,2.914000,28.555401,1.811000
1,2,121.591293,30.393101,3.430700,30.505100,2.025400
1,2,121.614068,22.774700,3.461400,22.853399,1.931800
1,2,121.645290,31.222101,2.788900,30.482100,1.931200
1,2,121.671836,26.546400,3.660100,27.338301,1.977200
1,2,121.695450,23.613397,2.758500,23.452299,2.044500
1,2,121.726006,30.556802,3.006100,30.548500,1.682500
1,2,121.752655,26.648998,3.026800,26.875299,1.919500
1,2,121.776826,24.170302,2.955300,23.811001,1.650400
1,2,121.806515,29.689301,3.272900,29.964600,1.854100
1,2,121.830718,24.203200,3.211800,23.943501,1.885200
1,2,121.859790,29.071398,3.213100,28.763901,2.001900
1,2,121.888559,28.769102,4.050900,29.165199,1.954600
1,2,121.912761,24.202000,3.578000,24.036100,1.629800
1,2,121.942995,30.234799,3.008800,30.218300,1.583700
1,2,121.971357,28.361902,4.148600,28.596901,1.980100
1,2,121.994000,22.642598,3.422200,22.355200,1.639800
1,2,122.022551,28.550901,3.053500,28.480301,1.702900
1,2,122.046408,23.857102,3.440500,23.513100,1.973400
1,2,122.075711,29.302500,3.433000,29.788401,1.762200
1,2,122.106149,30.438200,3.540600,30.233000,2.066900
1,2,122.130190,24.041697,3.395000,24.271200,1.638300
1,2,122.158163,27.972501,2.842200,28.139799,1.732800
1,2,122.184771,26.607800,3.517300,26.485100,2.476000
1,2,122.213341,28.570700,3.122900,28.350201,2.145700
1,2,122.239863,26.521701,3.238100,26.631901,1.778600
1,2,122.264071,24.207797,3.842800,24.087799,1.553800
1,2,122.294760,30.689102,2.960200,30.776100,2.037700
1,2,122.321801,27.040798,3.324500,27.032301,1.803200
1,2,122.345338,23.537200,3.422900,23.131500,1.748000
1,2,122.376809,31.470601,3.409400,31.727699,2.349400
1,2,122.404489,27.680401,3.326100,28.063601,1.955800
1,2,122.429017,24.528101,2.928800,24.312799,1.884000
1,2,122.458267,29.249698,2.929800,29.141300,1.777200
1,2,122.486383,28.115902,3.054900,28.432199,1.878300
1,2,122.511306,24.923701,2.539700,24.750299,2.161000
1,2,122.535851,24.544399,2.940100,24.504601,1.897600
1,2,122.561681,25.830097,2.930200,25.844400,1.757000
1,2,122.593144,31.463403,2.948000,31.095200,1.863300
1,2,122.618006,24.861500,3.548900,25.005800,2.332700
1,2,122.646533,28.527599,3.374400,28.624701,1.816800
1,2,122.674609,28.075699,2.936900,27.868401,1.780200
1,2,122.698515,23.905702,3.212600,24.165300,1.776200
1,2,122.725205,26.690599,2.888100,26.363800,1.534200
1,2,122.749278,24.072800,3.095100,24.324301,1.892400
1,2,122.777363,28.084699,4.336100,28.124100,2.124600
1,2,122.804922,27.559001,3.126400,27.266701,2.038600
1,2,122.827477,22.555601,3.431900,22.596600,1.726000
1,2,122.857358,29.880598,3.423700,29.745399,1.967100
1,2,122.879294,21.935500,3.623900,22.131599,1.880300
1,2,122.908062,28.768603,3.231800,28.977200,1.860700
1,2,122.934152,26.090197,3.023000,25.748899,1.614700
1,2,122.962610,28.457303,3.084200,28.292801,1.759300
1,2,122.989689,27.079698,3.319200,27.219400,1.893700
1,2,123.013734,24.044599,3.382200,24.243601,1.741200
1,2,123.044576,30.841600,2.971700,30.619200,2.389500
1,2,123.071432,26.856400,3.402600,27.045700,2.070400
1,2,123.095744,24.311803,2.912400,24.020399,1.639600
1,2,123.124306,28.562300,3.373300,28.909700,1.672200
1,2,123.146986,22.679698,2.839200,22.698200,1.796700
1,2,123.174586,27.600400,2.697500,27.319000,1.743800
1,2,123.197703,23.116499,4.476500,23.037300,1.807300
1,2,123.227286,29.583000,3.987200,29.553301,1.770800
1,2,123.255473,28.187502,3.424300,28.192900,2.345700
1,2,123.279264,23.790799,3.694900,23.716000,1.759600
1,2,123.307407,28.143000,3.313900,28.070700,2.042200
1,2,123.329425,22.017900,3.358100,21.970301,1.784000
1,2,123.359357,29.932201,3.428000,30.255699,1.824600
1,2,123.386899,27.542099,3.257200,27.516199,1.675900
1,2,123.409592,22.693202,3.481300,22.670300,1.768400
1,2,123.451035,41.442398,37.860001,28.753700,1.952200
1,2,123.467374,16.339201,7.350300,15.172500,1.618700
1,2,123.488137,20.762600,6.777500,25.388399,1.643100
1,2,123.513699,25.562201,4.574300,25.987301,2.184600
1,2,123.541458,27.759697,3.217900,27.621201,2.032800
1,2,123.565178,23.719400,3.154000,23.807400,1.847500
1,2,123.592665,27.487300,3.098400,27.409599,1.880300
1,2,123.621640,28.975099,3.206200,29.528601,1.811200
1,2,123.644922,23.282003,2.699400,22.424601,2.393600
1,2,123.668966,24.043299,4.018300,24.224600,2.012600
1,2,123.695455,26.489500,3.670200,26.430201,1.905100
1,2,123.717802,22.346999,3.875000,22.877899,1.567500
1,2,123.746003,28.200701,2.954900,27.913099,1.791700
1,2,123.773798,27.794898,3.527000,27.979799,1.843400
1,2,123.798513,24.715401,3.119900,24.755800,1.596400
1,2,123.827582,29.069301,2.766700,27.509199,1.750700
1,2,123.849982,22.399500,5.514800,23.402000,2.432900
1,2,123.877721,27.738698,3.950800,26.979799,2.116800
1,2,123.908326,30.605700,4.727800,31.490601,2.356900
1,2,123.932788,24.462201,4.201300,24.429300,2.318300
1,2,123.962443,29.654801,3.572100,29.203699,2.408500
1,2,123.990226,27.782999,4.416300,26.940300,2.769300
1,2,124.016197,25.970202,5.289300,25.885500,2.677900
1,2,124.042753,26.556499,4.841800,27.813101,2.178800
1,2,124.069364,26.611201,3.829300,26.753901,2.326400
1,2,124.097873,28.508600,3.537200,28.029800,2.282900
1,2,124.126138,28.265197,4.278300,28.799400,2.689400
1,2,124.150702,24.563700,3.949200,24.539000,2.550600
1,2,124.178748,28.046500,3.273000,27.627899,2.119900
1,2,124.205956,27.207602,4.237200,27.086000,2.149500
1,2,124.229405,23.449399,4.058800,23.376200,3.052600
1,2,124.257914,28.508503,4.160600,28.981501,2.071900
1,2,124.282551,24.637599,3.540500,24.006800,2.410000
1,2,124.312307,29.755700,4.422500,29.802099,2.151800
1,2,124.339927,27.619898,4.644900,28.219500,2.557700
1,2,124.367068,27.140900,3.889200,26.046700,2.117000
1,2,124.399500,32.432202,4.578400,33.315399,2.030500
1,2,124.426865,27.365100,3.560500,27.364799,2.019500
1,2,124.455325,28.459501,3.872100,28.823000,2.698500
1,2,124.480849,25.523998,3.685700,25.513000,2.109600
1,2,124.510094,29.245399,2.975100,29.096100,1.700400
1,2,124.533310,23.216203,3.157700,23.007601,2.110800
1,2,124.563603,30.293100,3.208500,30.305901,1.715500
1,2,124.591812,28.209098,3.446800,28.227900,1.914800
1,2,124.615212,23.399200,3.214300,23.288099,1.771800
1,2,124.644888,29.676002,3.332300,28.961901,2.161300
1,2,124.671781,26.892900,3.964800,27.536800,1.844000
1,2,124.694432,22.651199,3.345800,22.972300,1.670500
1,2,124.722654,28.222200,2.967900,28.002501,2.556900
1,2,124.749278,26.624002,3.470400,26.345301,2.321600
1,2,124.778177,28.899100,3.545300,29.405600,2.188600
1,2,124.805243,27.066298,3.323200,27.066099,2.270300
1,2,124.833332,28.088402,3.074100,27.502399,2.404000
1,2,124.861432,28.100599,3.729300,28.431601,1.839200
1,2,124.890769,29.337101,3.661400,29.021900,2.565500
1,2,124.919854,29.084198,3.952600,29.179001,1.933100
1,2,124.948370,28.516401,4.495300,27.009399,2.348700
1,2,124.975928,27.557600,5.676400,28.238899,2.189300
1,2,124.997189,21.261301,4.901000,21.752199,3.033600
1,2,125.024753,27.563900,4.492800,28.049000,2.705900
1,2,125.048553,23.800001,3.495100,23.491899,1.943400
1,2,125.078226,29.673100,3.677200,29.434900,1.907500
1,2,125.100494,22.267900,3.774700,23.082100,2.304200
1,2,125.128843,28.348900,3.062400,27.961100,2.010400
1,2,125.156307,27.464598,3.473400,27.636000,1.936700
1,2,125.179890,23.582302,3.588300,22.961300,2.593500
1,2,125.211149,31.259298,3.915900,31.550501,2.169600
1,2,125.237751,26.602499,3.532900,27.050100,2.042700
1,2,125.259656,21.904401,3.503300,21.847300,1.886500
1,2,125.288045,28.388899,3.198200,28.502001,1.796300
1,2,125.311801,23.756601,3.252800,23.442301,1.835900
1,2,125.338178,26.376601,3.065400,26.654900,1.828700
1,2,125.365804,27.626399,3.009700,27.204399,1.810400
1,2,125.397865,32.060601,3.198600,31.360399,1.677100
1,2,125.424411,26.546400,4.258700,27.211000,3.425100
1,2,125.447407,22.995397,3.554700,22.355700,2.334500
1,2,125.475403,27.996801,4.486700,28.718000,2.300700
1,2,125.501327,25.923200,3.686000,22.762400,2.161200
1,2,125.525746,24.419799,7.163200,27.431601,2.231100
1,2,125.548230,22.483502,4.553400,22.831800,2.137600
1,2,125.575064,26.834399,3.298700,26.918501,2.185300
1,2,125.598280,23.215603,3.139800,23.092600,1.962200
1,2,125.625224,26.943699,2.880000,26.973600,2.002000
1,2,125.648982,23.758501,2.944000,23.560200,1.972200
1,2,125.677277,28.295297,2.921900,28.179001,1.777400
1,2,125.701973,24.695102,3.307500,24.928499,2.137200
1,2,125.728719,26.746701,3.553800,25.854799,2.133900
1,2,125.755922,27.202897,4.393900,28.180901,2.677800
1,2,125.778574,22.651903,3.254700,22.414700,2.121400
1,2,125.806983,28.408498,3.188100,28.449100,2.078600
1,2,125.830659,23.676801,3.136800,23.690399,1.847000
1,2,125.859368,28.708100,2.988000,28.742800,2.482000
1,2,125.885295,25.927197,3.274200,25.059299,2.624900
1,2,125.917141,31.846602,4.787300,31.747101,3.248000
1,2,125.942478,25.336601,4.539900,26.420300,2.538200
1,2,125.968134,25.655698,3.274600,25.084700,2.206100
1,2,125.995311,27.177799,3.627100,26.869499,2.052700
1,2,126.024121,28.809402,3.898400,29.218599,2.327000
1,2,126.048461,24.340201,3.556100,24.116400,2.284500
1,2,126.075941,27.480498,4.185500,28.192900,2.072100
1,2,126.099934,23.992099,3.472100,23.756500,2.113000
1,2,126.128303,28.369002,3.019200,28.033199,2.084400
1,2,126.156290,27.987298,3.687400,28.044100,2.233300
1,2,126.179183,22.893503,3.619800,22.900400,2.007700
1,2,126.208786,29.603098,3.495900,29.587900,2.241400
1,2,126.233057,24.270400,3.739000,24.270800,1.964900
1,2,126.261199,28.142300,3.481100,28.217199,1.915000
1,2,126.287777,26.577700,3.572700,26.085199,2.266700
1,2,126.314296,26.518602,3.946600,26.680201,1.933500
1,2,126.336912,22.616699,4.015100,23.242800,2.279100
1,2,126.367213,30.301299,2.892900,30.280199,1.977000
1,2,126.396745,29.531401,2.749500,28.628599,2.004200
1,2,126.425181,28.436199,4.149000,28.913601,2.189000
1,2,126.448988,23.807000,3.211200,23.841400,2.268000
1,2,126.477911,28.922800,3.432800,28.978600,1.975300
1,2,126.503070,25.159001,2.946600,25.236200,1.677000
1,2,126.529078,26.007701,2.915600,25.813200,2.009300
1,2,126.557404,28.326299,3.208200,28.458200,2.298900
1,2,126.580673,23.268901,2.988400,23.099199,2.228900
1,2,126.611024,30.351099,3.088600,30.403500,2.461800
1,2,126.638792,27.768299,3.006500,27.876900,1.798600
1,2,126.664025,25.233101,3.169700,24.873899,1.970400
1,2,126.692509,28.483801,4.422700,28.890100,2.046300
1,2,126.714950,22.441398,2.797700,22.461599,2.031400
1,2,126.744807,29.856700,2.873800,29.352900,1.698200
1,2,126.772664,27.857300,3.462900,28.369801,2.368100
1,2,126.797481,24.816602,3.189700,23.562000,2.066700
1,2,126.823555,26.074100,4.957900,27.416700,2.060800
1,2,126.847607,24.051700,3.060900,23.952000,1.837200
1,2,126.879178,31.570997,2.846900,30.301300,1.780700
1,2,126.909971,30.793600,4.973800,31.181000,2.441500
1,2,126.935232,25.260203,6.744800,25.254400,3.074100
1,2,126.963101,27.869098,4.854300,27.530001,2.552300
1,2,126.984479,21.378402,5.121200,22.733500,1.971000
1,2,127.013085,28.606098,3.220200,27.917299,2.280800
1,2,127.042658,29.572401,3.387800,29.650000,2.006100
1,2,127.065148,22.490699,3.498100,22.642401,2.023800
1,2,127.092490,27.341500,3.415000,27.667601,1.910600
1,2,127.117168,24.678003,2.948200,24.448299,2.056600
1,2,127.145244,28.076500,3.357300,28.089100,2.134100
1,2,127.174067,28.822400,3.642400,28.566000,2.195200
1,2,127.198606,24.539299,3.820400,24.288000,1.915200
1,2,127.226521,27.914498,3.642300,28.031401,1.916200
1,2,127.255756,29.235601,3.637900,29.464100,2.079900
1,2,127.278997,23.241002,3.501300,23.342699,2.362700
1,2,127.308171,29.173899,3.208200,29.291100,1.972600
1,2,127.331466,23.295399,3.177800,22.997299,2.084500
1,2,127.360194,28.727598,2.995200,28.982700,1.993000
1,2,127.387993,27.799401,3.101000,27.268999,2.000900
1,2,127.412876,24.882499,3.681900,25.277901,1.776600
1,2,127.441117,28.241303,3.889400,28.342100,1.692400
1,2,127.464157,23.039296,2.878600,23.038799,1.751400
1,2,127.494138,29.981401,2.878500,29.571899,1.882700
1,2,127.522125,27.987000,3.258100,28.482201,1.697700
1,2,127.545059,22.934403,2.688600,22.589100,1.839700
1,2,127.571843,26.783697,4.044200,26.885900,1.662900
1,2,127.594031,22.187702,3.354500,22.256701,1.563200
1,2,127.616689,22.657897,2.702100,22.888800,1.594900
1,2,127.645190,28.501201,2.712000,28.145201,1.543400
1,2,127.672805,27.614899,4.231500,27.900200,1.514300
1,2,127.696880,24.074800,2.663200,23.419201,1.608200
1,2,127.724943,28.063599,3.144100,28.634399,2.193000
1,2,127.749833,24.889402,2.979300,24.538000,1.740200
1,2,127.776317,26.484400,3.891100,26.768400,1.667900
1,2,127.800980,24.663199,2.583500,24.523701,1.710700
1,2,127.828883,27.903002,2.894600,27.478100,2.054500
1,2,127.857392,28.508898,3.942500,28.945101,2.137300
1,2,127.882585,25.192600,3.732900,25.036400,1.889500
1,2,127.912076,29.491402,2.950400,29.304800,1.941500
1,2,127.937720,25.643699,3.138300,25.793900,1.957500
1,2,127.965191,27.470700,3.070100,27.539000,1.881300
1,2,127.993143,27.952600,2.993300,27.809999,1.633800
1,2,128.017482,24.338499,3.012900,24.430099,1.604700
1,2,128.046262,28.780200,2.822300,28.581200,1.750100
1,2,128.074802,28.539900,3.240700,28.613001,1.931500
1,2,128.098070,23.268301,3.275800,23.149000,1.679300
1,2,128.128121,30.050699,3.192600,30.378201,1.850400
1,2,128.155310,27.189400,2.667300,27.332600,2.161800
1,2,128.179489,24.179101,2.747800,23.762600,2.247800
1,2,128.208432,28.942801,3.036400,29.264000,1.684600
1,2,128.230382,21.950100,2.775300,21.545900,2.055900
1,2,128.258944,28.562300,3.187100,28.797400,2.100000
1,2,128.283202,24.257898,2.880500,24.175400,1.551000
1,2,128.311040,27.838103,2.969900,28.103800,1.854000
1,2,128.335645,24.604999,2.844200,24.259399,1.803400
1,2,128.363282,27.636200,3.201100,27.840599,2.188300
1,2,128.393668,30.386001,3.579700,30.153099,1.672700
1,2,128.422886,29.217999,3.312500,29.453699,2.150300
1,2,128.447559,24.673101,2.671600,24.225000,1.917500
1,2,128.475195,27.635898,3.469000,28.107500,1.850900
1,2,128.501450,26.255101,2.859100,22.737499,1.823100
1,2,128.523326,21.876100,6.816500,24.111300,1.879200
1,2,128.554446,31.119999,4.201700,31.487101,1.903200
1,2,128.582019,27.573299,3.719500,27.900000,2.350400
1,2,128.612377,30.358203,3.254600,30.503599,1.763900
1,2,128.643840,31.463198,3.205000,31.595600,1.651400
1,2,128.669437,25.596999,3.296200,25.136499,1.921200
1,2,128.697524,28.086402,3.309200,28.354401,1.853600
1,2,128.729910,32.385901,3.270200,32.094101,1.782300
1,2,128.757756,27.845800,3.442000,28.595900,1.948100
1,2,128.787930,30.174900,2.682500,29.458300,2.078700
1,2,128.812343,24.412300,3.359400,24.409901,2.015200
1,2,128.840534,28.191499,3.537700,28.545700,1.902500
1,2,128.862997,22.462800,3.337600,22.352400,2.149200
1,2,128.890065,27.067602,3.365500,26.967501,1.707200
1,2,128.915103,25.038697,3.295100,25.314600,1.703000
1,2,128.941943,26.839301,2.828300,26.943501,1.828300
1,2,128.965323,23.379900,2.786600,22.940701,1.558200
1,2,128.993741,28.418701,3.107600,28.682301,1.660900
1,2,129.017385,23.643598,3.093300,23.732201,1.970700
1,2,129.046046,28.661203,2.826900,28.394699,1.586700
1,2,129.074995,28.948799,3.156200,29.207500,2.239200
1,2,129.097515,22.520300,3.050100,22.281900,1.795100
1,2,129.124794,27.278699,3.119600,27.272400,1.647300
1,2,129.147085,22.290800,3.089300,22.209000,1.872100
1,2,129.175160,28.075203,3.089200,28.028900,2.256100
1,2,129.198479,23.318999,3.122200,23.627100,1.534500
1,2,129.227067,28.587699,2.839600,28.433001,1.540400
1,2,129.250329,23.262803,3.069800,23.004601,1.903400
1,2,129.276866,26.537098,3.228800,26.839001,1.796400
1,2,129.302689,25.822699,3.043500,25.357901,1.875500
1,2,129.328984,26.295103,3.609900,26.238899,1.815500
1,2,129.358493,29.508900,3.754900,29.515699,1.944400
1,2,129.383031,24.538197,3.516800,24.722500,1.640500
1,2,129.410557,27.525801,3.232900,28.048201,1.691500
1,2,129.440154,29.596400,2.806200,28.781900,1.821900
1,2,129.464636,24.482001,3.708800,24.586000,1.989700
1,2,129.492043,27.407199,3.814400,28.140301,1.945600
1,2,129.515382,23.338702,2.970900,22.895000,1.646500
1,2,129.543422,28.040901,2.953700,28.439800,1.832700
1,2,129.567908,24.485298,2.675600,23.929399,1.837500
1,2,129.595815,27.907100,3.214600,28.103201,1.507300
1,2,129.620840,25.025301,3.431800,24.539200,1.883100
1,2,129.646646,25.805600,3.959900,25.549200,2.043300
1,2,129.669073,22.427801,4.521800,22.880100,2.303300
1,2,129.697560,28.486401,3.570100,28.524099,1.824600
1,2,129.726050,28.489999,4.021200,28.332300,2.065600
1,2,129.748793,22.742700,3.374200,22.216700,2.009800
1,2,129.776671,27.878601,4.049600,28.523500,1.976500
1,2,129.799775,23.103997,3.027000,22.743900,1.734700
1,2,129.825870,26.094500,3.668900,27.003099,2.168100
1,2,129.850687,24.817303,2.813500,24.441299,2.085300
1,2,129.880496,29.809199,3.330500,29.574600,2.346700
1,2,129.909242,28.745301,3.596500,28.800400,2.149300
1,2,129.933477,24.235297,3.434800,24.709600,1.560800
1,2,129.963747,30.270200,2.909900,29.573099,2.008400
1,2,129.989794,26.046801,4.012300,26.225700,2.403000
1,2,130.012204,22.410400,3.281100,22.682699,1.693200
1,2,130.040149,27.944598,2.817600,28.076401,2.041900
1,2,130.063892,23.743700,3.109100,23.096100,1.977500
1,2,130.091268,27.375102,3.467900,27.636999,1.869400
1,2,130.114815,23.547299,3.228600,23.624201,1.847000
1,2,130.142243,27.428001,3.223300,27.529301,1.779600
1,2,130.165117,22.873897,3.026300,22.652500,1.654100
1,2,130.193728,28.611500,3.255500,28.741800,1.740500
1,2,130.216569,22.841103,3.050900,22.586800,1.451700
1,2,130.243819,27.249500,2.970500,27.157000,1.757600
1,2,130.267203,23.383800,3.370800,23.643801,1.892400
1,2,130.296683,29.480297,3.136500,29.368799,1.642700
1,2,130.318816,22.133302,3.805700,22.356100,1.662500
1,2,130.347176,28.359801,3.135500,28.290701,1.742400
1,2,130.376920,29.744398,3.179800,29.622101,1.881000
1,2,130.401588,24.667099,3.254100,24.581200,1.931000
1,2,130.429912,28.324503,3.416800,28.499201,1.550900
1,2,130.456594,26.682097,3.257500,27.026199,2.083800
1,2,130.481219,24.624702,3.212200,24.258301,2.364700
1,2,130.510089,28.870098,2.993900,28.842300,1.992100
1,2,130.533524,23.434900,3.038600,22.954500,1.724300
1,2,130.559732,26.208002,3.475900,26.731300,1.749000
1,2,130.583843,24.110798,3.146400,24.126301,1.688400
1,2,130.613225,29.382102,3.214100,29.029100,1.804700
1,2,130.640075,26.850399,4.878100,27.356199,1.894100
1,2,130.663271,23.195900,2.894100,22.983101,1.711900
1,2,130.690885,27.613699,3.141700,27.693399,2.036800
1,2,130.716598,25.713500,3.406000,25.711901,1.804400
1,2,130.745121,28.522700,3.372900,28.534300,1.564300
1,2,130.772906,27.784903,2.875600,27.970501,1.860200
1,2,130.796852,23.945998,2.972500,23.799400,1.799200
1,2,130.824215,27.362902,3.118100,27.292999,1.938900
1,2,130.847325,23.110598,3.670800,23.021799,1.602400
1,2,130.874276,26.950501,2.919600,27.132799,2.167900
1,2,130.899819,25.543299,2.879100,25.500999,3.258100
1,2,130.928433,28.613601,3.095000,27.821301,1.810600
1,2,130.950859,22.426300,3.644900,23.298201,1.822800
1,2,130.979650,28.790802,2.509200,28.558001,1.620800
1,2,131.002333,22.682797,4.134800,22.594500,2.129700
1,2,131.032568,30.234899,3.779300,30.177401,1.685000
1,2,131.059061,26.493102,2.951800,26.668301,1.621000
1,2,131.083636,24.575099,3.437900,24.462999,1.743200
1,2,131.109936,26.300099,3.180300,26.251499,2.135500
1,2,131.133792,23.856301,3.881600,24.169399,1.933300
1,2,131.162701,28.908901,3.076500,28.596100,1.946700
1,2,131.190292,27.591400,3.180700,27.724899,2.272600
1,2,131.214533,24.240598,3.434900,23.772200,1.558800
1,2,131.245253,30.719802,3.895600,31.059099,2.085400
1,2,131.268477,23.224499,4.116300,23.158100,1.963900
1,2,131.296267,27.789202,3.307000,27.877899,1.843000
1,2,131.325931,29.663999,3.282000,29.645599,1.994000
1,2,131.349119,23.188300,3.207500,22.836599,1.747300
1,2,131.379084,29.964700,3.155600,30.231600,1.844800
1,2,131.406544,27.460098,3.083800,27.267900,1.835800
1,2,131.430825,24.281703,3.642900,24.010401,2.328100
1,2,131.460073,29.247299,3.735700,29.725100,1.791600
1,2,131.486251,26.178200,3.157600,26.097799,1.885700
1,2,131.515308,29.056601,3.191300,28.524700,1.784300
1,2,131.543792,28.484698,3.646100,28.976299,2.301400
1,2,131.567779,23.986902,2.924100,24.256300,1.896100
1,2,131.596199,28.419897,2.745800,28.190500,1.657400
1,2,131.625468,29.269002,3.019000,29.276199,1.727100
1,2,131.647864,22.396199,3.068500,22.367399,2.037600
1,2,131.675065,27.200900,2.805900,27.134300,2.115400
1,2,131.698179,23.113500,3.186300,22.717300,1.903000
1,2,131.725389,27.210798,3.837100,27.751801,1.803300
1,2,131.749593,24.204001,3.097900,24.244801,1.723200
1,2,131.777161,27.567301,2.577200,27.332701,1.700300
1,2,131.806124,28.963100,2.837500,29.177200,1.807000
1,2,131.831371,25.247101,2.681100,24.589500,1.868700
1,2,131.858173,26.802398,3.517300,27.299999,1.763000
1,2,131.881330,23.156699,3.094900,22.850800,1.531400
1,2,131.912554,31.224202,3.363400,31.476700,2.313400
1,2,131.936437,23.882799,3.076300,24.112400,1.818500
1,2,131.965092,28.655101,3.250300,28.200001,3.323600
1,2,131.996210,31.118099,3.380500,31.540001,1.635900
1,2,132.024089,27.878702,2.600300,27.821301,1.949200
1,2,132.049052,24.962999,3.179500,24.554899,1.903400
1,2,132.077426,28.373901,3.137200,28.695700,1.894600
1,2,132.101394,23.968499,3.016600,23.736200,2.109700
1,2,132.129669,28.274201,3.135700,28.587999,2.051400
1,2,132.152980,23.311298,2.665800,23.042500,1.763300
1,2,132.180765,27.785201,3.142200,27.711201,1.867200
1,2,132.209698,28.933000,3.160800,29.031500,1.771300
1,2,132.232308,22.609700,2.957400,22.718201,2.382900
1,2,132.260664,28.356001,3.093700,28.395201,1.707800
1,2,132.284604,23.940001,3.222800,23.839100,1.633900
1,2,132.313399,28.794900,2.844600,28.867399,2.032100
1,2,132.344202,30.803300,3.274800,30.650900,2.100200
1,2,132.374768,30.566599,3.247500,30.231701,1.959500
1,2,132.407003,32.234300,3.874700,32.337601,2.034300
1,2,132.433013,26.010700,3.698400,25.332001,1.868700
1,2,132.460323,27.309101,3.916000,27.993099,2.699300
1,2,132.486013,25.690101,3.303400,25.858000,1.732500
1,2,132.515784,29.771000,3.094500,29.035999,1.870100
1,2,132.543084,27.300097,3.796000,28.064699,1.913900
1,2,132.567815,24.731103,2.749700,24.589600,1.911100
1,2,132.598174,30.359499,2.758700,29.876801,1.596700
1,2,132.627357,29.182401,3.255900,29.754999,2.168300
1,2,132.655546,28.189197,2.758100,28.009199,1.833100
1,2,132.683676,28.129801,2.989800,27.603399,1.959100
1,2,132.715511,31.835001,3.496400,32.111099,1.941800
1,2,132.743642,28.131198,3.666800,28.433201,1.971000
1,2,132.768684,25.041901,2.926900,25.089600,1.722700
1,2,132.800041,31.357102,2.957600,31.114599,1.594400
1,2,132.827475,27.434099,2.952300,27.513201,1.727500
1,2,132.857528,30.053098,2.902900,30.219900,2.157400
1,2,132.883315,25.787201,3.034800,24.625401,1.578500
1,2,132.909589,26.273899,3.881600,27.327900,2.352300
1,2,132.932907,23.317903,3.239000,23.077700,1.897700
1,2,132.963691,30.783698,3.601100,30.628599,1.847000
1,2,132.990279,26.588399,3.681200,27.076599,1.946900
1,2,133.015138,24.858203,3.047500,24.163601,1.951700
1,2,133.046934,31.796698,3.667700,32.369499,1.786700
1,2,133.075784,28.849803,3.612500,28.904499,1.797000
1,2,133.103473,27.688898,2.895200,27.793200,1.777700
1,2,133.132103,28.630599,2.737400,27.365801,1.706500
1,2,133.158094,25.990602,3.927800,27.032400,1.823800
1,2,133.182781,24.687100,2.924000,24.557699,1.860800
1,2,133.211658,28.876599,2.993500,29.131701,1.794100
1,2,133.237126,25.467899,2.779300,25.492300,1.575000
1,2,133.263094,25.968201,2.755200,25.871201,1.936800
1,2,133.285562,22.467699,2.975300,22.680700,1.602100
1,2,133.316403,30.841500,2.455300,30.433500,1.941700
1,2,133.344901,28.498203,2.947600,28.916800,1.499100
1,2,133.375207,30.305900,2.559000,29.975500,2.756600
1,2,133.400333,25.125898,2.751100,25.345900,1.802900
1,2,133.427696,27.362902,2.812900,26.950701,2.061400
1,2,133.450444,22.747699,2.874400,22.961599,1.498500
1,2,133.477631,27.187601,2.691500,27.138000,1.693000
1,2,133.501067,23.436099,2.872600,23.601400,1.969500
1,2,133.528264,27.196199,2.703100,26.901899,1.766700
1,2,133.555192,26.928000,3.279400,24.278500,1.611600
1,2,133.580226,25.034502,6.944100,26.816900,1.436700
1,2,133.607787,27.561199,3.983600,28.571600,1.948400
1,2,133.631472,23.684300,2.770300,23.410900,2.048900
1,2,133.660894,29.422499,3.185700,29.727301,1.842800
1,2,133.685124,24.229798,2.940000,23.957899,1.812900
1,2,133.715723,30.599002,3.021200,29.989901,2.154700
1,2,133.744481,28.757799,3.673100,29.257000,1.874500
1,2,133.766927,22.445802,3.353800,22.693300,1.847400
1,2,133.798289,31.362198,2.597600,30.690701,1.640100
1,2,133.822501,24.212800,3.726400,24.306101,2.124200
1,2,133.850811,28.309800,3.535400,27.894800,2.047400
1,2,133.880303,29.491600,4.574700,29.888800,2.545100
1,2,133.905572,25.269300,4.237300,25.259300,2.479000
1,2,133.933103,27.530603,4.174300,27.550600,2.244900
1,2,133.962861,29.758297,3.878600,29.129000,2.325100
1,2,133.988502,25.641002,4.656400,26.304701,1.895400
1,2,134.016036,27.534399,4.865100,26.846201,2.013700
1,2,134.042324,26.287101,4.480900,26.768600,2.633900
1,2,134.065364,23.040798,4.125500,22.828899,2.045300
1,2,134.092568,27.203500,3.952100,28.039400,2.628000
1,2,134.115916,23.348503,3.263600,22.918900,2.105800
1,2,134.142569,26.652697,3.190000,26.858801,2.093300
1,2,134.165551,22.981800,3.233000,22.814501,2.062300
1,2,134.194182,28.631199,3.408400,28.496901,2.318700
1,2,134.218546,24.364401,3.304700,24.408899,1.638900
1,2,134.245746,27.199302,3.329500,27.402000,1.899800
1,2,134.268431,22.684701,3.423500,22.743500,1.959000
1,2,134.297685,29.254198,3.214200,28.250099,1.849300
1,2,134.322837,25.152400,4.648300,25.841000,2.314700
1,2,134.350162,27.324799,4.442000,26.909201,1.935700
1,2,134.379653,29.491302,4.100700,30.109800,2.054600
1,2,134.410218,30.565299,3.313100,30.335199,1.915300
1,2,134.434896,24.677198,3.422000,24.532900,2.144700
1,2,134.465534,30.638304,3.434400,30.687599,1.859600
1,2,134.489680,24.146199,3.801400,23.912800,2.282300
1,2,134.515036,25.355700,4.205700,25.316999,2.156000
1,2,134.541842,26.805799,3.947400,27.484699,2.407000
1,2,134.566767,24.925698,3.223900,24.893801,2.148300
1,2,134.596714,29.946402,3.208500,29.834700,1.809200
1,2,134.622948,26.234102,3.141400,25.544300,1.965800
1,2,134.647484,24.536297,3.995700,24.786900,2.076300
1,2,134.670325,22.840302,4.919700,22.955200,1.757800
1,2,134.697730,27.405500,3.294200,27.418800,1.804000
1,2,134.726471,28.740600,3.779700,29.141600,2.553500
1,2,134.751222,24.751898,3.121500,24.827400,1.920800
1,2,134.779875,28.652702,2.947200,28.319201,1.840800
1,2,134.802776,22.901099,3.505200,23.170200,2.122500
1,2,134.829665,26.888400,3.069700,26.529400,1.790000
1,2,134.855019,25.354601,3.420500,25.077900,1.894800
1,2,134.883505,28.486099,4.081400,28.667900,2.046500
1,2,134.913463,29.957201,3.879400,30.278900,2.242500
1,2,134.936162,22.699598,3.717900,22.992001,2.178800
1,2,134.967364,31.201899,2.528300,30.788700,1.772800
1,2,134.994865,27.500901,2.993000,27.325500,1.987300
1,2,135.019459,24.593800,3.270300,24.716400,1.890300
1,2,135.049253,29.794499,3.381900,29.871300,1.690500
1,2,135.077606,28.352998,2.732200,27.770201,1.816900
1,2,135.099348,21.741502,3.790300,21.758400,1.565400
1,2,135.124268,24.920400,3.602800,25.146999,1.916900
1,2,135.151852,27.583398,3.436300,27.371700,2.090400
1,2,135.177945,26.093401,3.687800,26.513000,1.845200
1,2,135.201477,23.531701,3.573400,23.165199,1.733700
1,2,135.229145,27.668200,3.399400,27.874001,1.871400
1,2,135.254060,24.914697,4.060700,25.191401,2.082900
1,2,135.281646,27.586803,4.179100,26.982000,1.851400
1,2,135.310527,28.880198,3.689800,28.659201,1.876100
1,2,135.334637,24.110403,3.637600,24.728901,1.875000
1,2,135.361796,27.158897,3.074500,26.474400,1.934300
1,2,135.391874,30.078303,3.870400,31.038900,1.742700
1,2,135.417174,25.300298,3.457900,24.796600,2.256400
1,2,135.446479,29.304001,3.582200,29.519699,2.099000
1,2,135.475533,29.054500,3.401500,29.457399,1.575600
1,2,135.501125,25.591999,3.251800,25.311399,1.688200
1,2,135.528401,27.276199,2.740600,27.273600,1.870600
1,2,135.557409,29.008299,2.790000,29.160700,1.563100
1,2,135.582938,25.528200,2.624900,23.935101,1.873900
1,2,135.609480,26.542500,4.669900,27.861200,1.765100
1,2,135.633550,24.069600,3.417200,24.308701,1.544000
1,2,135.660214,26.664101,2.778200,26.534000,1.675200
1,2,135.683102,22.888299,3.006900,22.774900,1.442000
1,2,135.712182,29.079400,3.138800,29.173000,1.757100
1,2,135.741333,29.151402,3.412800,29.053301,1.982000
1,2,135.766066,24.733298,3.270000,23.900101,1.898400
1,2,135.794253,28.186303,3.844900,28.300200,2.016800
1,2,135.817944,23.691401,3.910600,24.392099,1.528000
1,2,135.847413,29.468797,3.096000,28.790701,1.873600
1,2,135.869708,22.294801,4.441700,22.462799,1.761700
1,2,135.899823,30.115701,3.571500,29.456900,1.843000
1,2,135.928768,28.944798,4.361900,30.192600,2.284900
1,2,135.952351,23.582600,3.442200,23.741699,2.395500
1,2,135.980628,28.277602,2.860800,27.979099,1.688400
1,2,136.008502,27.874000,3.229700,27.851601,1.758600
1,2,136.031531,23.028299,3.150300,22.772499,1.684200
1,2,136.058243,26.712198,3.203800,26.939501,2.022100
1,2,136.081099,22.856202,3.111200,22.667601,1.635000
1,2,136.105075,23.975700,3.261100,24.116899,2.339900
1,2,136.132248,27.173299,2.986600,27.035400,1.803100
1,2,136.154924,22.676099,3.150600,22.816401,1.983300
1,2,136.182046,27.122401,3.160700,27.174101,2.414700
1,2,136.212617,30.570302,3.026600,30.371599,1.804200
1,2,136.237761,25.143899,3.178300,25.215500,1.840100
1,2,136.264273,26.512399,3.440300,26.348200,1.739900
1,2,136.293058,28.785199,3.184600,29.000700,1.920600
1,2,136.315914,22.855300,3.167600,22.729700,1.651800
1,2,136.344406,28.492101,3.072500,28.631701,1.884800
1,2,136.367314,22.908401,3.060300,22.981501,1.981300
1,2,136.398477,31.162400,2.620100,30.668600,1.559900
1,2,136.427618,29.141899,3.282500,29.597200,2.155900
1,2,136.450428,22.809401,2.882400,23.032600,1.842100
1,2,136.479535,29.107299,2.431200,28.845400,1.821600
1,2,136.510111,30.576102,2.836300,30.674601,1.802600
1,2,136.533599,23.487799,3.249900,23.052401,1.992300
1,2,136.562476,28.877199,3.713300,29.212900,1.687100
1,2,136.593454,30.978102,3.389300,30.590500,1.989700
1,2,136.618168,24.713997,3.980600,24.947500,1.827700
1,2,136.648398,30.229300,3.251300,28.922199,1.831400
1,2,136.680617,32.219801,4.696600,32.911301,1.973000
1,2,136.713280,32.662701,4.266800,32.780300,2.109500
1,2,136.743263,29.982898,3.685100,30.181200,2.178700
1,2,136.766513,23.249801,5.074400,23.390900,1.806000
1,2,136.794464,27.950700,3.230400,27.620399,2.579600
1,2,136.818065,23.601200,4.024700,23.983299,2.217000
1,2,136.848323,30.258700,3.459800,29.961800,2.218300
1,2,136.877025,28.701700,3.617900,28.908300,2.146900
1,2,136.901808,24.783298,3.368000,24.421600,2.410500
1,2,136.931111,29.302601,3.586500,29.542200,2.349800
1,2,136.960256,29.145099,3.520100,29.218201,2.034400
1,2,136.984599,24.342898,3.536500,24.390600,1.918800
1,2,137.011513,26.914403,3.263600,27.091000,2.044800
1,2,137.034633,23.119900,2.826500,22.990801,1.675300
1,2,137.063443,28.809600,2.834100,28.592501,1.862600
1,2,137.092552,29.108699,3.508100,29.392099,2.250700
1,2,137.115272,22.720698,2.890800,22.477200,1.985100
1,2,137.144251,28.978702,3.142400,29.476000,1.951800
1,2,137.173236,28.984699,2.591700,28.833599,1.840600
1,2,137.197594,24.358600,2.771500,24.045700,2.183700
1,2,137.226147,28.553199,3.346300,28.406200,1.837700
1,2,137.250435,24.287201,3.187100,24.591900,1.926200
1,2,137.277623,27.188301,3.115900,27.257799,1.535700
1,2,137.307186,29.562797,2.666000,29.622400,1.666000
1,2,137.330583,23.396801,2.748300,23.156799,1.778600
1,2,137.358851,28.268900,3.767600,28.427000,1.915000
1,2,137.382847,23.995999,2.760600,23.724001,1.722900
1,2,137.412876,30.028399,2.953300,29.920300,1.830000
1,2,137.441000,28.124601,3.762900,28.490200,1.743200
1,2,137.463963,22.962302,3.569100,22.639200,2.170400
1,2,137.491081,27.117901,3.058700,27.361401,1.963500
1,2,137.514748,23.666900,2.840600,23.035801,1.780800
1,2,137.543240,28.492600,3.533600,28.872000,1.798400
1,2,137.565961,22.720598,3.140900,23.109100,1.732000
1,2,137.597413,31.452600,2.879200,30.937099,1.945000
1,2,137.626790,29.376201,3.190100,29.449400,1.911600
1,2,137.651207,24.417002,3.182000,24.581400,2.087700
1,2,137.680166,28.959099,3.127100,28.228600,1.641700
1,2,137.708299,28.132800,3.459500,28.391500,1.655500
1,2,137.730272,21.973200,3.718400,22.141600,1.843700
1,2,137.752706,22.434101,3.228400,22.566099,2.248400
1,2,137.783459,30.753300,3.274300,29.666500,1.569600
1,2,137.811688,28.229300,4.444100,29.396400,2.133800
1,2,137.836901,25.212198,3.487500,24.185699,2.140200
1,2,137.864962,28.061401,3.884000,28.608900,2.096400
1,2,137.896102,31.139601,3.643400,31.195700,2.080000
1,2,137.919068,22.966798,4.019000,23.615801,2.002300
1,2,137.950134,31.065401,2.498300,29.562201,1.839600
1,2,137.977906,27.772501,3.998200,29.130699,2.258000
1,2,138.001509,23.602799,2.811600,23.688499,1.936800
1,2,138.031749,30.239701,2.415500,29.612400,1.510800
1,2,138.057044,25.294799,3.733000,25.232901,1.826800
1,2,138.085689,28.645698,3.924100,29.385900,2.098700
1,2,138.113697,28.007999,2.678900,27.823700,1.796800
1,2,138.141097,27.399801,2.803000,27.601200,2.146100
1,2,138.166295,25.198400,2.464600,25.019199,1.375300
1,2,138.192541,26.245803,2.623600,26.341400,1.614700
1,2,138.215554,23.012798,2.442000,22.453100,1.715800
1,2,138.240040,24.486098,2.957000,24.763700,1.854400
1,2,138.266319,26.279204,2.714700,26.096701,1.659900
1,2,138.294637,28.317399,3.332400,28.650499,2.028300
1,2,138.323815,29.177997,3.125800,29.226700,1.872300
1,2,138.348842,25.027700,2.749900,24.595800,1.683800
1,2,138.377273,28.430101,2.798200,28.728800,2.314800
1,2,138.406833,29.560301,2.686000,29.146000,1.700600
1,2,138.431729,24.896201,3.296800,24.691601,1.815900
1,2,138.459150,27.421098,3.562300,27.880600,2.032800
1,2,138.482761,23.610301,3.109000,22.608601,1.630100
1,2,138.508711,25.950301,3.709000,26.882200,1.749100
1,2,138.532973,24.262398,2.964700,24.527800,1.560100
1,2,138.560749,27.775601,2.803500,26.980801,2.049100
1,2,138.586798,26.049200,3.303900,24.288601,1.755500
1,2,138.609913,23.114998,5.675500,24.872101,1.667600
1,2,138.641123,31.209800,3.410700,31.556400,2.016500
1,2,138.664921,23.798600,3.033500,23.064800,1.981300
1,2,138.692873,27.951602,3.856600,28.922899,2.100300
1,2,138.715295,22.422098,3.134200,21.916800,2.122700
1,2,138.743450,28.154902,3.629200,28.280001,2.253800
1,2,138.765733,22.283498,3.184800,22.098101,1.790900
1,2,138.793268,27.534399,3.268900,28.111601,2.066600
1,2,138.816652,23.384001,2.714200,22.939501,1.453000
1,2,138.843867,27.215101,3.163300,27.493999,1.533000
1,2,138.866201,22.333700,2.748700,21.923401,1.555600
1,2,138.892920,26.719499,3.489800,27.123400,1.778400
1,2,138.916831,23.910601,3.181800,23.962700,1.802900
1,2,138.946898,30.066799,2.856900,29.576000,1.940100
1,2,138.974173,27.275398,3.247100,27.707600,1.709300
1,2,138.997971,23.798000,3.182100,23.371901,1.704100
1,2,139.025839,27.868401,3.356100,28.142599,1.787200
1,2,139.048233,22.393800,3.137900,22.507000,1.687000
1,2,139.076215,27.981501,3.168100,27.955500,1.855800
1,2,139.100053,23.838699,2.883300,23.711399,1.718000
1,2,139.128769,28.715901,2.902200,28.470900,1.612800
1,2,139.152223,23.453698,3.584600,23.466700,1.769200
1,2,139.181149,28.925803,3.154200,28.924299,1.769600
1,2,139.208339,27.190197,3.371200,27.319201,1.867500
1,2,139.233059,24.719901,3.339200,24.262100,1.958400
1,2,139.259394,26.335299,4.470900,27.047800,1.790600
1,2,139.284941,25.546700,2.939400,25.257000,1.557900
1,2,139.314066,29.124700,3.121200,29.072100,2.402800
1,2,139.335926,21.860901,3.515300,22.343100,1.756800
1,2,139.363842,27.915701,2.920500,27.376801,1.927800
1,2,139.393583,29.740598,3.548200,29.216299,1.927100
1,2,139.417463,23.880001,4.646800,24.057100,1.702600
1,2,139.446733,29.270399,4.020900,29.439199,1.879000
1,2,139.473873,27.139302,3.467600,27.349600,2.057400
1,2,139.497712,23.839500,3.519900,23.787399,2.209100
1,2,139.525438,27.726300,3.209900,27.438200,1.979900
1,2,139.548141,22.702999,3.918000,22.907200,2.192000
1,2,139.573137,24.995998,3.249200,25.426300,2.206000
1,2,139.598326,25.189001,2.806700,24.937700,1.650600
1,2,139.625898,27.571302,3.050400,27.741100,1.816200
1,2,139.648612,22.714399,2.877500,22.178499,1.985700
1,2,139.676557,27.945198,3.292100,27.695499,2.100400
1,2,139.699487,22.930000,3.647300,23.250500,2.035600
1,2,139.726164,26.676800,3.288300,27.175600,1.485400
1,2,139.750978,24.814203,2.901900,24.413700,1.449200
1,2,139.776985,26.006397,3.312500,26.525200,1.882200
1,2,139.802058,25.073800,2.514000,24.918501,1.441500
1,2,139.829770,27.711600,2.741500,26.957199,1.667300
1,2,139.859445,29.674701,4.470200,30.439800,2.493100
1,2,139.883002,23.557000,3.070800,22.958200,1.657500
1,2,139.909779,26.777599,3.536200,27.017599,2.233600
1,2,139.932634,22.854600,3.319100,22.485800,1.609300
1,2,139.955374,22.740401,3.433200,23.129999,2.112700
1,2,139.982830,27.455799,3.097500,27.294001,1.763700
1,2,140.011301,28.470699,3.272500,28.907700,1.899800
1,2,140.035475,24.173800,2.690100,24.174299,1.823400
1,2,140.064711,29.236700,2.885600,28.941700,1.763500
1,2,140.093954,29.242501,3.294700,29.638599,1.901900
1,2,140.119037,25.083199,3.043700,24.714399,1.529700
1,2,140.147767,28.729502,3.015400,28.688299,1.746500
1,2,140.175297,27.530801,3.027000,27.592100,1.892100
1,2,140.198330,23.032300,2.950700,23.028500,1.739800
1,2,140.225787,27.457099,2.934900,27.122700,1.864000
1,2,140.248590,22.802901,3.332400,22.978901,1.945500
1,2,140.275247,26.657000,3.172100,26.588301,1.959300
1,2,140.299123,23.876298,3.171600,24.099501,1.741300
1,2,140.327988,28.865598,2.849900,29.102100,1.913800
1,2,140.354939,26.950102,2.636100,26.912701,2.249300
1,2,140.382089,27.150199,3.117200,26.939400,1.883700
1,2,140.414839,32.750100,2.833700,32.170399,2.086300
1,2,140.441261,26.422001,3.629500,26.920099,2.099600
1,2,140.464545,23.284100,3.312300,22.585699,2.055600
1,2,140.492580,28.035000,3.753600,28.403799,1.863100
1,2,140.517980,25.400300,3.316000,25.441900,2.057900
1,2,140.547019,29.038701,3.211000,29.183300,2.419400
1,2,140.576724,29.704500,3.110000,30.060801,1.893200
1,2,140.607422,30.698497,2.846000,30.104799,2.093200
1,2,140.630882,23.460101,3.454800,23.229000,2.000300
1,2,140.658305,27.422599,4.302200,27.923300,1.762100
1,2,140.684409,26.103999,3.492500,25.860300,1.776900
1,2,140.711461,27.052000,3.593700,27.532600,2.080500
1,2,140.741026,29.565603,2.666800,29.602501,1.997500
1,2,140.767608,26.581798,2.796600,26.312201,2.350600
1,2,140.794480,26.871402,3.040000,26.893200,1.642300
1,2,140.818110,23.630001,2.862900,23.793600,1.777400
1,2,140.846726,28.616700,3.254400,28.559900,1.742400
1,2,140.875922,29.196098,2.908600,29.112900,1.907600
1,2,140.901609,25.686599,3.105500,25.470900,1.735900
1,2,140.928781,27.171999,3.098800,27.294100,1.785100
1,2,140.955375,26.594002,3.008400,26.611799,1.976800
1,2,140.982106,26.730899,2.892700,26.395500,1.796200
1,2,141.003919,21.813300,3.523700,22.184401,2.020700
1,2,141.031935,28.015800,3.108700,27.738600,1.553600
1,2,141.059157,27.221702,3.192900,27.601400,1.877300
1,2,141.082167,23.010101,2.893600,22.780300,1.738900
1,2,141.109151,26.984699,3.227600,27.030500,1.646200
1,2,141.132899,23.747500,2.930800,23.762199,1.818200
1,2,141.160190,27.291298,2.849500,27.156900,1.734800
1,2,141.182936,22.746202,3.097200,22.650900,1.600800
1,2,141.210932,27.995799,3.138300,27.914400,1.933600
1,2,141.235520,24.587702,3.079900,24.820999,1.806900
1,2,141.265121,29.600699,3.231600,28.813400,1.752600
1,2,141.288566,23.445502,5.007000,24.374201,1.686900
1,2,141.315773,27.206697,2.992200,26.839701,1.951700
1,2,141.342798,27.025402,3.073800,27.063299,2.130500
1,2,141.365282,22.484202,2.937900,22.388201,1.796100
1,2,141.394403,29.120699,3.018400,29.128901,1.797500
1,2,141.416407,22.004399,3.097500,21.896601,2.219500
1,2,141.442502,26.094899,3.547500,26.327200,2.463500
1,2,141.465312,22.810102,3.035900,22.514700,2.399900
1,2,141.492009,26.696600,3.275700,27.048901,1.908900
1,2,141.514963,22.954199,3.142800,22.841900,2.286900
1,2,141.537578,22.614703,2.936100,22.530899,1.802100
1,2,141.565642,28.063498,2.974000,28.122999,1.700300
1,2,141.592925,27.283400,2.968900,27.532900,2.066400
1,2,141.617076,24.151098,2.962600,23.873699,1.971900
1,2,141.644550,27.473602,2.987200,27.637400,1.729400
1,2,141.673616,29.066898,2.861900,28.935101,1.755800
1,2,141.696558,22.941303,3.244500,22.773899,2.066100
1,2,141.726739,30.180898,3.250400,30.470200,2.129300
1,2,141.750316,23.577303,3.076200,22.645700,1.674900
1,2,141.777969,27.653199,3.601000,28.475100,1.642200
1,2,141.807272,29.303201,2.742600,29.105000,1.386100
1,2,141.830157,22.884399,3.301100,22.871000,1.785100
1,2,141.857964,27.807500,3.023100,28.104799,2.065700
1,2,141.882651,24.686702,2.791600,24.075800,2.000300
1,2,141.912607,29.955998,3.512600,30.693899,1.585400
1,2,141.942102,29.495001,2.719700,29.177500,1.809400
1,2,141.965471,23.369201,2.973300,23.378099,1.825200
1,2,141.992516,27.044799,3.104300,26.926500,1.745900
1,2,142.016875,24.358701,3.653300,24.323099,1.699000
1,2,142.045001,28.126597,3.250800,28.482300,1.511400
1,2,142.068753,23.751400,2.710800,23.415600,1.646800
1,2,142.099138,30.385703,3.961300,30.413300,1.718400
1,2,142.126602,27.463797,3.220100,27.547400,1.957500
1,2,142.150733,24.131000,3.197300,23.602301,2.012500
1,2,142.178829,28.095301,3.450800,28.714500,2.299100
1,2,142.201772,22.943899,2.846300,22.983700,1.937000
1,2,142.232710,30.937601,2.646900,30.305099,2.023700
1,2,142.262504,29.794499,3.645600,30.381300,1.995500
1,2,142.287958,25.453199,3.187500,25.429300,1.878000
1,2,142.317150,29.192302,2.711700,28.166500,1.739000
1,2,142.344269,27.118500,3.796500,27.784300,2.744900
1,2,142.368875,24.606001,3.138100,24.628599,1.672800
1,2,142.398141,29.266898,3.312300,29.178200,1.796400
1,2,142.427712,29.570300,3.050300,29.315300,1.827700
1,2,142.451224,23.512401,3.502700,23.847300,1.585000
1,2,142.478858,27.633902,3.231900,28.110300,2.033900
1,2,142.507847,28.988797,2.937000,28.956699,1.639500
1,2,142.532325,24.478599,2.776700,23.979401,2.003900
1,2,142.560824,28.498601,2.949600,28.738800,1.804000
1,2,142.584701,23.876701,2.832200,23.770599,1.595500
1,2,142.613571,28.870001,3.111100,28.718201,1.539000
1,2,142.640784,27.213700,3.207800,27.507299,1.874300
1,2,142.667963,27.178299,2.718200,27.060699,1.451500
1,2,142.694737,26.774600,2.672700,26.775600,1.372800
1,2,142.718755,24.017498,2.695700,24.055700,1.673100
1,2,142.747098,28.343603,2.653000,28.464500,1.755100
1,2,142.774661,27.562998,2.604400,27.144800,1.578300
1,2,142.797204,22.542499,3.121200,22.702299,1.498200
1,2,142.823845,26.641000,2.947800,26.906099,2.030100
1,2,142.847467,23.621902,2.573000,23.609800,1.723100
1,2,142.876444,28.977200,2.919400,28.861200,1.727900
1,2,142.900406,23.962099,2.687400,23.781900,1.668300
1,2,142.929269,28.862800,2.885200,29.046301,2.067800
1,2,142.952787,23.517698,2.807700,23.374599,2.165000
1,2,142.981587,28.800100,2.719500,28.750401,2.143100
1,2,143.007182,25.595203,2.841300,25.772200,1.824900
1,2,143.031122,23.939800,2.764400,23.958300,1.522700
1,2,143.059674,28.552599,2.560000,28.388800,1.954000
1,2,143.084019,24.344601,2.744000,23.931101,1.899800
1,2,143.114233,30.214399,3.186900,30.774900,1.967700
1,2,143.141546,27.312599,2.881200,27.360001,1.756600
1,2,143.166383,24.837401,2.562600,24.612900,1.731400
1,2,143.193817,27.433500,2.817000,27.475500,1.753000
1,2,143.218904,25.086898,2.695100,25.025299,1.671900
1,2,143.247920,29.015902,2.666200,28.843901,1.805300
1,2,143.276327,28.407000,3.332000,28.498800,1.854400
1,2,143.300911,24.584800,2.988300,24.504400,1.789700
1,2,143.330087,29.175200,2.821300,29.061001,1.679600
1,2,143.361267,31.180799,3.283200,31.254400,2.182500
1,2,143.390409,29.142000,3.185400,29.406200,2.056900
1,2,143.415102,24.692699,2.602100,23.885500,2.483000
1,2,143.447765,32.663200,3.878500,33.145500,1.908000
1,2,143.475275,27.509902,3.752400,27.464600,2.590300
1,2,143.508626,33.351298,3.247200,33.383301,1.971100
1,2,143.534346,25.719203,3.297800,25.592899,1.860300
1,2,143.563349,29.003497,3.437000,28.683701,1.867100
1,2,143.593266,29.916901,3.682100,29.946899,2.025300
1,2,143.617391,24.124701,3.334000,24.190901,1.682100
1,2,143.650413,33.022400,3.070600,28.389799,1.773200
1,2,143.671658,21.244399,8.631300,24.630301,1.944000
1,2,143.700744,29.086798,4.572400,29.916800,1.955200
1,2,143.732182,31.437501,3.726300,31.442301,1.972400
1,2,143.761411,29.228702,4.340300,29.303600,2.081600
1,2,143.785843,24.432097,4.224000,24.590099,1.914300
1,2,143.815596,29.753003,3.216900,28.930000,1.670800
1,2,143.844849,29.252999,4.605400,30.216499,2.100500
1,2,143.869812,24.963498,4.263100,24.929501,2.149000
1,2,143.899600,29.787503,3.635600,28.800600,2.165100
1,2,143.930565,30.965600,4.398200,31.742001,2.392600
1,2,143.957794,27.229097,4.378800,27.203600,2.081300
1,2,143.993265,35.471000,5.296000,35.313900,2.339700
1,2,144.017177,23.911603,4.516500,24.444099,2.211700
1,2,144.046989,29.812198,3.299000,29.424000,2.182900
1,2,144.077205,30.215502,4.476000,30.555599,2.228900
1,2,144.101310,24.105400,3.185600,23.854000,2.066900
1,2,144.128434,27.124099,3.567100,27.339500,1.872500
1,2,144.152321,23.887102,3.152400,23.988600,1.871000
1,2,144.182134,29.812999,3.031100,29.399700,1.939500
1,2,144.210190,28.055798,3.604200,27.681400,2.161700
1,2,144.235072,24.881501,3.920200,25.098499,2.088800
1,2,144.264538,29.466100,4.385500,29.319700,2.208100
1,2,144.294255,29.717300,4.012200,29.082899,2.089800
1,2,144.317506,23.251299,4.692900,24.563499,2.181100
1,2,144.348306,30.800000,3.717600,30.214701,1.578900
1,2,144.375664,27.358003,4.200000,27.470501,2.094400
1,2,144.401709,26.044298,3.668200,26.338200,1.972400
1,2,144.429798,28.089702,3.688000,28.025200,1.896000
1,2,144.460418,30.619398,3.515200,30.600599,2.010100
1,2,144.484876,24.458300,3.438800,23.741600,2.236300
1,2,144.511689,26.812799,3.957500,26.383200,2.164200
1,2,144.533425,21.735802,4.219600,22.640301,2.113100
1,2,144.563276,29.851399,3.492600,30.037201,2.027300
1,2,144.587548,24.271898,3.980100,24.684000,1.993400
1,2,144.615868,28.320100,2.703600,27.500299,1.878100
1,2,144.644814,28.945703,4.331300,29.132401,2.396200
1,2,144.669251,24.436999,4.138500,24.717800,2.052800
1,2,144.698598,29.347397,3.612100,28.813499,2.053200
1,2,144.724902,26.303802,3.920300,26.573200,2.012700
1,2,144.750105,25.203198,4.064700,24.552200,2.314500
1,2,144.778116,28.010502,4.391500,28.656500,2.079200
1,2,144.800912,22.796798,3.583300,22.297300,1.875100
1,2,144.829549,28.637100,4.392500,29.450001,1.923000
1,2,144.858198,28.648801,3.289100,28.329300,1.736600
1,2,144.881335,23.136798,3.826300,22.752001,2.336600
1,2,144.908611,27.276203,3.960900,27.610701,2.002300
1,2,144.933758,25.146797,3.846700,25.344801,2.229400
1,2,144.963939,30.181300,3.528500,30.129400,2.057400
1,2,144.988858,24.918102,3.298100,25.091000,2.015100
1,2,145.015792,26.934601,3.386900,26.484699,1.684300
1,2,145.044445,28.653197,3.542500,28.751900,1.724800
1,2,145.068161,23.715403,3.279300,24.104700,2.010600
1,2,145.096946,28.785598,3.127800,28.684700,1.860100
1,2,145.124683,27.736600,3.058300,27.549400,2.280300
1,2,145.146840,22.157501,3.335700,21.953501,1.732000
1,2,145.171990,25.149997,3.661700,25.111099,2.617900
1,2,145.197264,25.273301,3.301100,25.156500,1.610400
1,2,145.227729,30.465700,3.977000,29.138201,2.012800
1,2,145.250854,23.124199,6.361800,24.273300,2.634700
1,2,145.281097,30.243400,4.934500,29.997299,2.173000
1,2,145.303069,21.972500,4.390300,22.863100,1.952500
1,2,145.331598,28.528303,3.260600,27.943001,1.882800
1,2,145.355119,23.520797,3.902700,23.878700,2.016900
1,2,145.382385,27.266700,3.592400,26.605400,2.452800
1,2,145.408967,26.582099,4.430200,27.599501,2.000800
1,2,145.432237,23.270003,3.086900,22.639400,1.922100
1,2,145.458840,26.602499,3.380300,27.210100,2.309300
1,2,145.481848,23.007698,3.101100,22.551201,2.304400
1,2,145.509035,27.187899,3.256900,27.321400,2.008700
1,2,145.531797,22.761602,3.059700,22.743700,1.757600
1,2,145.559480,27.682401,2.953800,27.689699,1.665600
1,2,145.582663,23.183599,3.094300,23.195400,1.742200
1,2,145.609786,27.123298,2.961300,27.467600,1.905600
1,2,145.634870,25.083199,2.649900,24.904200,1.764200
1,2,145.662001,27.131703,2.748800,27.075800,1.794900
1,2,145.693780,31.778701,2.863600,30.758699,1.808100
1,3,152.800457,25.143001,3.340700,25.392200,1.794400
