Cycle,Round,WallSeconds,FrameMS,GameBusyMS,RenderBusyMS,RHIBusyMS
1,1,5.564438,31.436101,2.723000,31.650000,1.876800
1,1,5.595753,31.314801,2.789200,31.165100,2.343800
1,1,5.627234,31.480901,3.032000,31.536301,2.042300
1,1,5.653681,26.447397,2.624900,26.389799,1.808000
1,1,5.684973,31.291101,2.505000,31.369400,1.535800
1,1,5.716789,31.816401,2.446200,31.524300,1.951000
1,1,5.748886,32.097198,2.865400,32.309799,1.846700
1,1,5.780557,31.671301,2.940500,31.597500,1.852900
1,1,5.813152,32.594502,2.900100,32.840099,1.679300
1,1,5.845046,31.894401,2.186700,31.895800,1.982500
1,1,5.872173,27.126297,2.339900,26.450701,2.055400
1,1,5.902282,30.109100,3.088000,30.272301,1.647900
1,1,5.935349,33.067502,2.849200,33.178799,2.179900
1,1,5.966525,31.175200,3.151000,31.252001,1.712800
1,1,5.998355,31.830501,2.776700,32.031101,2.559400
1,1,6.029909,31.554397,2.853200,31.436800,1.820100
1,1,6.063079,33.169299,2.790800,32.138802,1.694700
1,1,6.088415,25.336802,3.609200,26.256100,1.735600
1,1,6.118885,30.469600,2.659600,30.069500,1.720200
1,1,6.150855,31.969998,3.117300,32.140400,1.881000
1,1,6.183429,32.574102,3.015100,32.838501,2.190800
1,1,6.214683,31.253498,3.098700,31.137400,2.355600
1,1,6.247391,32.707900,3.139900,32.799400,3.427800
1,1,6.279937,32.546703,2.990600,32.165100,2.050000
1,1,6.305657,25.720000,3.172900,26.200399,1.896500
1,1,6.335654,29.996697,2.482900,29.567699,2.172900
1,1,6.367152,31.498302,2.775300,31.832600,1.654300
1,1,6.398624,31.471200,2.603900,31.396200,2.032100
1,1,6.429990,31.366400,2.672500,31.515301,2.042600
1,1,6.461933,31.942699,2.350500,31.868500,1.878200
1,1,6.488048,26.115101,2.426200,25.813999,1.981100
1,1,6.520959,32.911599,2.824700,33.001999,2.185900
1,1,6.552519,31.560101,2.911400,31.453501,1.979600
1,1,6.584869,32.349501,2.876600,32.293598,1.935500
1,1,6.617043,32.173999,3.566500,31.747499,2.281400
1,1,6.648146,31.102799,3.622500,31.633499,1.679000
1,1,6.676387,28.241102,2.962900,28.353901,2.133100
1,1,6.706341,29.954098,2.888200,29.510401,1.905900
1,1,6.739710,33.368900,2.845400,32.925201,1.771800
1,1,6.769938,30.228101,3.609700,31.134001,2.018700
1,1,6.801884,31.945601,2.836400,31.713900,1.810700
1,1,6.834878,32.994699,2.900300,31.503500,2.076800
1,1,6.864695,29.816803,4.434600,31.309999,2.132300
1,1,6.895714,31.019200,2.912700,31.195400,1.778200
1,1,6.922012,26.297998,2.979900,26.303499,2.784800
1,1,6.953034,31.021401,2.559300,30.955000,1.806100
1,1,6.987831,34.797098,2.548000,34.740799,1.643500
1,1,7.019668,31.837001,2.799400,31.768999,1.708500
1,1,7.053382,33.714399,2.819600,31.167500,2.042500
1,1,7.082434,29.051602,5.623000,31.832399,2.175800
1,1,7.115429,32.994900,3.402700,33.054401,2.026200
1,1,7.150890,35.461798,2.446900,34.733501,2.518000
1,1,7.179720,28.829601,3.190400,28.976299,2.216500
1,1,7.211310,31.590000,3.232600,31.696800,2.079700
1,1,7.238631,27.320702,3.139800,27.401400,2.431600
1,1,7.271406,32.775499,2.902200,31.814600,1.975100
1,1,7.303233,31.826399,3.695700,32.697601,1.995900
1,1,7.336720,33.487499,2.667600,33.603001,1.751900
1,1,7.368335,31.614803,2.693600,31.459499,2.058100
1,1,7.401223,32.888100,3.041000,33.079300,2.068300
1,1,7.434578,33.354901,2.603500,33.237801,2.203500
1,1,7.472717,38.139198,3.026700,33.315102,2.137900
1,1,7.501099,28.381802,7.916000,32.871700,1.929700
1,1,7.536398,35.298899,3.723100,35.049999,2.000800
1,1,7.569982,33.584099,3.301700,33.677700,2.896300
1,1,7.601535,31.553101,3.629800,31.653299,2.345600
1,1,7.637655,36.120199,4.234200,35.155602,1.894400
1,1,7.670065,32.410000,4.578100,32.700298,2.029500
1,1,7.703424,33.358302,4.222100,34.040699,2.567700
1,1,7.737739,34.315500,3.489800,34.426601,2.169400
1,1,7.770826,33.086799,3.187800,32.853699,1.806600
1,1,7.804084,33.258501,3.189800,32.758202,2.087300
1,1,7.835145,31.060800,4.009800,31.677401,2.865000
1,1,7.867519,32.373499,3.549400,32.814400,2.046200
1,1,7.897933,30.414600,2.822700,30.644600,2.661400
1,1,7.926598,28.664999,2.770900,28.391500,2.690900
1,1,7.956287,29.688902,3.405800,29.390600,2.064500
1,1,7.988411,32.123998,3.061100,32.147800,1.885300
1,1,8.019821,31.410299,2.694800,31.605301,3.110500
1,1,8.052718,32.896500,2.786000,32.725498,2.257200
1,1,8.083890,31.172100,4.025700,31.130600,1.898100
1,1,8.115184,31.294201,2.941900,31.815201,1.978100
1,1,8.147281,32.096699,2.554600,31.935101,2.133600
1,1,8.180962,33.680703,2.644800,33.040699,1.720100
1,1,8.213808,32.846197,3.171000,33.406200,1.944600
1,1,8.245993,32.185301,3.227400,32.038601,2.030400
1,1,8.272313,26.319899,2.678700,26.220501,1.857800
1,1,8.302589,30.275900,2.587800,30.105301,1.700900
1,1,8.333648,31.059302,2.745400,31.198000,1.783600
1,1,8.364695,31.046998,2.718000,31.198700,2.089400
1,1,8.390893,26.197802,2.911300,26.486799,2.037000
1,1,8.424419,33.525698,2.538000,33.321499,1.857300
1,1,8.457413,32.994501,2.527700,32.955399,1.889900
1,1,8.487497,30.083898,2.890000,29.734100,1.659900
1,1,8.519027,31.530302,2.890900,31.453600,1.527200
1,1,8.551520,32.492798,2.944300,32.576801,1.730500
1,1,8.582812,31.291500,3.020400,31.780701,1.798100
1,1,8.614264,31.452302,2.521900,31.412600,1.643500
1,1,8.640644,26.379898,2.322000,26.093399,1.496200
1,1,8.679104,38.459700,2.586000,37.837898,2.194000
1,1,8.704218,25.114700,3.188400,25.909901,2.522200
1,1,8.737220,33.001501,2.384000,32.484699,1.967100
1,1,8.770612,33.392001,3.017400,32.733501,2.108200
1,1,8.801038,30.426599,4.116400,31.375601,2.754800
1,1,8.830713,29.674500,3.077100,29.809000,2.182400
1,1,8.864582,33.868801,2.710500,33.751900,1.977300
1,1,8.895699,31.117700,2.568800,31.032499,2.244400
1,1,8.925569,29.869698,2.708600,29.996300,1.787200
1,1,8.959341,33.772003,2.474500,33.686798,2.014800
1,1,8.987991,28.649800,2.644400,28.590500,1.701100
1,1,9.019652,31.660799,2.494200,31.159500,1.477900
1,1,9.051864,32.212500,3.005500,32.374199,1.949100
1,1,9.083356,31.491801,2.953800,32.143101,1.950000
1,1,9.114192,30.835800,2.400400,30.770201,1.916600
1,1,9.147932,33.739798,2.347700,33.350300,1.609600
1,1,9.175373,27.441300,2.778800,27.872801,2.474700
1,1,9.205755,30.382201,2.394900,30.410999,1.806300
1,1,9.238142,32.386798,2.347600,31.392700,2.072700
1,1,9.268136,29.993802,3.362200,30.897800,1.812900
1,1,9.301924,33.788398,2.448000,33.534302,2.203000
1,1,9.333464,31.540301,3.365100,31.723700,1.943600
1,1,9.365425,31.960599,2.543900,32.284599,1.802200
1,1,9.397193,31.768400,1.966000,31.650900,1.716200
1,1,9.430241,33.047702,2.196000,32.517502,1.352800
1,1,9.457523,27.281500,2.732800,27.604300,1.993500
1,1,9.489081,31.558000,2.500000,31.039801,1.841300
1,1,9.520525,31.444598,2.929300,31.486000,2.018900
1,1,9.553962,33.436500,2.834400,31.400600,2.084300
1,1,9.584104,30.142702,4.982900,32.884998,1.832300
1,1,9.615743,31.638101,3.819100,31.565500,1.770300
1,1,9.646509,30.766599,2.119800,30.271900,2.584100
1,1,9.670599,24.090201,2.828200,24.371401,1.881700
1,1,9.702178,31.578898,2.433900,31.349300,1.950700
1,1,9.734320,32.142300,2.896800,31.174700,2.522600
1,1,9.764209,29.888101,4.200500,30.913099,2.278000
1,1,9.789862,25.652900,2.717200,25.758499,2.165700
1,1,9.821539,31.677898,2.442200,31.606400,2.345500
1,1,9.851677,30.137401,2.312900,29.391600,1.940200
1,1,9.882813,31.136099,3.159400,31.757099,2.324400
1,1,9.914048,31.234901,2.488800,31.335199,1.844600
1,1,9.939441,25.393300,2.758400,25.413500,1.895600
1,1,9.971091,31.650100,2.640100,31.418100,1.900600
1,1,10.001594,30.502401,2.652900,30.080799,1.942900
1,1,10.032312,30.718699,3.178300,31.203199,2.468000
1,1,10.062776,30.463800,2.729800,29.983601,2.110400
1,1,10.087818,25.041901,3.838600,24.905199,2.265400
1,1,10.118225,30.407298,3.238400,31.029499,2.133900
1,1,10.147823,29.597901,2.593800,29.289000,1.854600
1,1,10.179343,31.519901,3.187000,31.687599,2.322500
1,1,10.206207,26.863798,3.142100,26.625700,2.717100
1,1,10.236212,30.005302,3.096700,30.128401,2.090800
1,1,10.265462,29.249698,2.864200,29.369600,1.916600
1,1,10.297228,31.766001,2.823900,31.827400,2.092600
1,1,10.323532,26.304498,2.983000,26.327700,1.971400
1,1,10.353762,30.229900,2.444700,30.076900,1.888600
1,1,10.386136,32.373402,2.890500,31.995600,2.140900
1,1,10.417218,31.082198,3.221900,31.285801,2.726600
1,1,10.440226,23.008000,2.955100,23.483801,2.324400
1,1,10.471833,31.607199,2.119100,31.071600,1.893000
1,1,10.503078,31.245101,2.855600,31.056601,1.851900
1,1,10.535236,32.157801,3.260400,32.432701,2.264400
1,1,10.564989,29.753197,3.346300,29.923201,1.806500
1,1,10.596335,31.345401,2.925200,31.295000,2.080800
1,1,10.620626,24.291601,2.883300,24.270599,2.273500
1,1,10.651067,30.440900,2.469100,30.136000,2.053300
1,1,10.682237,31.169798,2.792800,31.587700,1.868500
1,1,10.712859,30.622300,2.330400,30.653299,1.826600
1,1,10.741737,28.877601,2.445700,28.564699,1.974700
1,1,10.769064,27.327001,2.462500,27.576500,1.825000
1,1,10.798880,29.815700,2.669000,30.036501,1.845000
1,1,10.829762,30.882798,2.242900,30.674999,1.318100
1,1,10.854305,24.542700,2.444900,24.362301,1.956800
1,1,10.884330,30.025300,2.386800,30.270700,1.665900
1,1,10.916300,31.970199,2.157400,32.113800,1.774800
1,1,10.948125,31.824600,2.016500,31.640100,2.242600
1,1,10.974008,25.883101,2.341400,26.007601,1.670400
1,1,11.012442,38.434200,2.054200,38.116901,1.954800
1,1,11.037368,24.925102,2.437200,24.942600,1.785700
1,1,11.070375,33.007897,2.358900,32.316502,2.334900
1,1,11.099178,28.802402,3.566100,29.493401,3.572800
1,1,11.123851,24.673600,2.740600,24.600800,1.805100
1,1,11.154708,30.856401,2.502600,30.709400,1.689900
1,1,11.188019,33.311401,2.485000,33.571999,1.698500
1,1,11.218537,30.517597,2.287800,30.357100,1.660100
1,1,11.251429,32.891903,2.441000,32.146000,1.950300
1,1,11.280644,29.215097,3.363800,30.206699,1.736800
1,1,11.305552,24.908502,2.227400,24.821400,1.779600
1,1,11.337956,32.403599,2.192500,31.701300,1.728300
1,1,11.367315,29.359501,2.847700,30.004999,1.769500
1,1,11.399204,31.888701,2.282800,31.808701,1.859900
1,1,11.426077,26.872698,2.580500,26.803200,1.989800
1,1,11.459728,33.650801,2.913600,33.845501,1.630600
1,1,11.487322,27.594399,2.246700,27.132401,1.627600
1,1,11.518489,31.167399,2.699200,31.056200,1.502500
1,1,11.551079,32.589503,2.808100,32.690300,1.913800
1,1,11.575304,24.225399,3.211700,24.418501,2.060900
1,1,11.615066,39.761700,2.722000,39.781399,2.664700
1,1,11.648102,33.035502,2.396500,32.698601,1.793000
1,1,11.676557,28.455298,3.046000,28.692400,2.263400
1,1,11.705618,29.061399,2.843800,28.984301,1.568000
1,1,11.738351,32.732699,2.853900,32.219700,1.733800
1,1,11.767111,28.759800,3.406300,29.628599,1.926100
1,1,11.792583,25.472701,2.396500,25.237600,1.636300
1,1,11.823495,30.911103,2.665800,31.142500,1.782600
1,1,11.854187,30.692399,2.070800,30.019800,1.858100
1,1,11.886007,31.820301,2.897700,31.713800,1.929500
1,1,11.915162,29.154498,3.172600,29.824301,2.110900
1,1,11.947894,32.732800,2.468300,32.788502,1.863300
1,1,11.979558,31.663701,2.312400,31.645000,1.681400
1,1,12.003977,24.419300,2.160600,24.168699,1.707100
1,1,12.035407,31.429298,2.633400,31.440300,1.540400
1,1,12.064953,29.546503,2.387700,29.483200,1.871000
1,1,12.091899,26.945699,2.456900,27.223900,1.552200
1,1,12.120138,28.239500,2.218400,27.561399,1.545600
1,1,12.150195,30.056600,2.815400,30.770201,1.759600
1,1,12.177296,27.101099,2.049800,26.632401,1.899800
1,1,12.205580,28.283600,2.676800,28.323700,1.623400
1,1,12.236560,30.980501,2.796200,31.266001,1.740600
1,1,12.267497,30.937001,2.557000,30.460699,1.644800
1,1,12.296223,28.725199,2.847200,28.997801,1.910000
1,1,12.320348,24.125300,2.470800,23.826000,1.707400
1,1,12.350067,29.718898,2.874900,30.205900,1.802400
1,1,12.380253,30.186001,2.085800,29.922501,1.468000
1,1,12.406236,25.982998,2.721500,26.275801,1.693000
1,1,12.437575,31.339101,2.157200,30.386700,1.644000
1,1,12.469374,31.798799,3.260400,32.181702,2.028300
1,1,12.498494,29.120501,2.736800,29.211300,1.837700
1,1,12.530144,31.650301,2.638800,31.660400,1.706600
1,1,12.554465,24.320997,2.813000,23.841200,1.945900
1,1,12.585223,30.757502,2.937100,24.850300,1.727400
1,1,12.615349,30.125700,9.016000,36.797798,1.835200
1,1,12.641149,25.800500,2.823900,25.113400,1.664100
1,1,12.671778,30.629098,3.368900,31.337700,1.801000
1,1,12.702677,30.898500,2.384200,30.749001,1.932000
1,1,12.737127,34.450002,2.508600,34.134300,2.227400
1,1,12.765333,28.205898,3.626900,28.543600,2.519900
1,1,12.799757,34.424502,2.805900,34.156799,1.567000
1,1,12.831142,31.384699,2.743800,31.667101,1.875400
1,1,12.859806,28.663900,2.663700,28.593700,1.979800
1,1,12.889373,29.567402,2.560200,29.547300,1.733100
1,1,12.921372,31.998400,2.601700,32.104099,1.941200
1,1,12.953307,31.935297,2.239000,31.764500,1.576200
1,1,12.986557,33.250503,2.486100,33.157398,1.744000
1,1,13.017765,31.207498,2.677800,31.177099,1.715100
1,1,13.050605,32.840502,2.825900,32.771301,1.910900
1,1,13.081061,30.455500,2.988200,30.402800,1.476900
1,1,13.114117,33.056699,2.575800,32.984600,1.761900
1,1,13.139347,25.229599,2.548500,25.381399,1.618500
1,1,13.170491,31.144399,2.508500,31.292000,1.336800
1,1,13.201719,31.227302,2.340900,31.176300,1.884500
1,1,13.232616,30.897200,2.497000,30.740900,1.683100
1,1,13.263948,31.331800,2.721700,31.354700,1.505300
1,1,13.295909,31.961001,2.600800,31.942801,1.740100
1,1,13.325604,29.695299,2.554300,29.366301,1.366200
1,1,13.353339,27.734898,2.893100,28.120800,1.468300
1,1,13.386690,33.351101,2.582400,33.114399,1.979800
1,1,13.417856,31.166200,2.848400,31.256399,1.667200
1,1,13.450693,32.836400,2.737900,33.407299,1.687400
1,1,13.480710,30.017503,2.073400,29.948700,1.639600
1,1,13.513512,32.801397,2.100400,32.509899,1.623700
1,1,13.540985,27.473602,2.401900,27.392000,1.904700
1,1,13.571553,30.567400,2.554600,30.503799,1.899500
1,1,13.604327,32.774299,2.773000,32.459000,1.817400
1,1,13.637107,32.780200,3.281500,32.912498,2.404200
1,1,13.671382,34.275301,3.009300,33.587799,2.096000
1,1,13.704972,33.589799,3.766000,33.600399,2.642500
1,1,13.736561,31.588599,3.915700,32.280499,2.212400
1,1,13.768671,32.110400,3.217200,31.415899,2.494100
1,1,13.800178,31.506602,4.116900,32.248901,2.244300
1,1,13.833045,32.867398,3.270400,33.051601,2.319200
1,1,13.864395,31.350002,2.782400,31.482401,1.634900
1,1,13.894552,30.157000,2.555600,29.762899,1.736400
1,1,13.924956,30.403998,2.871700,30.899401,1.721000
1,1,13.953985,29.028501,2.688800,28.476900,1.515400
1,1,13.987957,33.972200,2.683800,33.781601,1.796600
1,1,14.020464,32.507401,3.030800,32.968899,2.029700
1,1,14.052750,32.285500,2.584900,31.973301,1.808300
1,1,14.084071,31.321399,3.609500,31.820400,1.661000
1,1,14.116131,32.060098,3.075700,31.841000,2.266500
1,1,14.150671,34.539901,2.685100,33.501099,1.889200
1,1,14.182718,32.046702,4.252700,33.185001,2.326900
1,1,14.215323,32.604899,3.004900,32.582500,1.714800
1,1,14.247437,32.114498,2.178200,32.260201,2.241200
1,1,14.275919,28.481700,2.010100,28.509001,1.530200
1,1,14.305887,29.968303,2.140600,29.578501,1.767100
1,1,14.337393,31.506199,2.453900,31.490400,1.609600
1,1,14.369898,32.504901,2.494900,32.602100,2.044900
1,1,14.402647,32.748397,2.874200,32.658001,2.099900
1,1,14.434553,31.906102,2.643500,32.125801,1.778500
1,1,14.467238,32.685298,2.853900,32.605900,2.027400
1,1,14.498399,31.161200,2.393000,31.098801,1.497200
1,1,14.524750,26.350599,2.535600,26.226999,1.456500
1,1,14.556676,31.925701,2.578600,32.037701,1.498100
1,1,14.588573,31.897303,2.359700,31.541100,1.690900
1,1,14.619122,30.548997,2.905800,30.589100,1.949900
1,1,14.650465,31.343300,2.914600,30.485901,2.175400
1,1,14.680628,30.162700,3.866200,31.254700,1.690900
1,1,14.707191,26.563000,2.500300,26.502399,1.801400
1,1,14.738028,30.836701,2.636200,31.014799,1.790500
1,1,14.769427,31.399600,2.218300,30.481100,1.604400
1,1,14.799072,29.644500,3.265900,30.528299,1.995600
1,1,14.829753,30.681700,2.806200,30.888300,2.982100
1,1,14.856482,26.728101,2.259900,26.519199,1.585100
1,1,14.886628,30.146498,2.237700,29.877701,1.749900
1,1,14.917054,30.426100,2.578200,30.903400,1.799300
1,1,14.947611,30.556500,2.075600,30.189699,1.682000
1,1,14.975793,28.182499,2.722900,28.324400,1.926000
1,1,15.006183,30.389503,2.219900,30.327600,1.494700
1,1,15.038089,31.905901,2.495500,31.863600,1.823800
1,1,15.071041,32.952797,2.498500,32.677502,1.865300
1,1,15.103477,32.435700,2.645200,32.515099,1.664300
1,1,15.136264,32.787301,2.655800,32.851898,1.650400
1,1,15.169089,32.824703,2.884400,32.819901,2.077800
1,1,15.202376,33.286899,2.731900,33.373100,1.834500
1,1,15.233621,31.245399,2.820000,31.187700,1.866700
1,1,15.266330,32.708202,2.772400,32.670200,1.682700
1,1,15.299004,32.673899,2.543300,32.712502,1.510100
1,1,15.331777,32.773498,2.530600,32.769798,1.903200
1,1,15.362918,31.141102,2.995700,30.895300,1.766500
1,1,15.396877,33.958599,2.805200,34.156101,1.601700
1,1,15.423439,26.561800,2.406700,26.570900,1.430700
1,1,15.454685,31.246599,2.504600,30.718500,1.541400
1,1,15.486675,31.989601,3.242000,32.197899,1.758900
1,1,15.517554,30.879501,2.692000,31.194700,1.902600
1,1,15.550738,33.183999,2.609600,33.116600,1.823300
1,1,15.581968,31.229399,2.505600,31.238300,2.771500
1,1,15.611425,29.457599,2.706400,29.218300,1.671700
1,1,15.639628,28.202400,3.276700,28.236799,1.766100
1,1,15.670025,30.397300,2.599300,30.219999,1.789100
1,1,15.702613,32.588102,3.073500,32.543201,1.933600
1,1,15.732807,30.193899,3.305300,30.478201,1.837800
1,1,15.767128,34.320801,2.924900,34.365601,1.742200
1,1,15.797802,30.674499,2.539200,30.780600,2.206700
1,1,15.824734,26.931699,2.503000,27.007601,1.678300
1,1,15.855674,30.940402,2.366700,29.873501,1.704700
1,1,15.887744,32.069698,3.143300,32.694599,1.993100
1,1,15.918648,30.904200,2.500100,31.328699,1.783700
1,1,15.950724,32.075901,2.567100,32.168701,1.838200
1,1,15.982507,31.782702,2.325800,31.708900,1.680000
1,1,16.013985,31.477898,2.223400,31.292700,1.732400
1,1,16.039887,25.902402,2.289400,26.230000,1.740000
1,1,16.071648,31.760998,1.847300,30.749100,1.546800
1,1,16.101056,29.407702,3.060800,29.994301,1.762900
1,1,16.131405,30.349400,2.381100,29.975100,1.666300
1,1,16.156539,25.134198,3.035200,25.771999,1.622200
1,1,16.187893,31.353600,2.718000,30.872801,1.415100
1,1,16.219167,31.273998,2.663700,31.515301,1.721500
1,1,16.249916,30.749101,2.610800,30.594601,1.989300
1,1,16.282776,32.860000,2.874500,32.693401,1.904700
1,1,16.313414,30.638102,3.255200,30.795601,1.982200
1,1,16.339868,26.453398,2.737800,26.227800,1.700400
1,1,16.369747,29.879399,3.059100,29.874599,1.683700
1,1,16.400477,30.730102,2.844100,31.176600,1.907200
1,1,16.431412,30.934900,3.345900,30.891100,1.758900
1,1,16.463402,31.990200,2.507300,32.121899,2.011300
1,1,16.490145,26.743200,2.068500,26.336901,2.093600
1,1,16.521202,31.056501,3.366500,30.831100,2.160400
1,1,16.550585,29.382799,3.036200,29.696199,1.803800
1,1,16.580774,30.189298,2.584600,30.074400,1.693400
1,1,16.606034,25.260303,3.109100,25.266800,1.770100
1,1,16.637882,31.847998,2.797400,31.690201,1.579500
1,1,16.668843,30.960701,2.902100,30.572701,1.955100
1,1,16.699716,30.872699,3.321400,31.266600,2.005200
1,1,16.732450,32.733899,3.405500,32.949299,1.878600
1,1,16.758155,25.705401,2.741600,25.635000,1.730700
1,1,16.789662,31.507201,2.539500,30.450399,1.513100
1,1,16.819823,30.160997,3.441800,31.050501,1.921400
1,1,16.850726,30.903101,2.920000,30.880600,2.057500
1,1,16.880378,29.651701,2.953200,29.842800,1.896000
1,1,16.905813,25.435001,2.645600,25.465599,2.090200
1,1,16.937469,31.656299,2.860800,31.004499,1.742400
1,1,16.967239,29.770099,3.138500,30.219900,1.868700
1,1,16.998245,31.005401,2.881100,31.046301,1.771400
1,1,17.023958,25.713000,2.977600,25.782900,2.147400
1,1,17.054484,30.525800,2.655900,30.617599,1.751200
1,1,17.085709,31.225201,2.365700,31.041000,1.922900
1,1,17.116120,30.411199,2.606100,30.640499,1.612000
1,1,17.143967,27.846701,2.471200,27.632299,1.842200
1,1,17.172006,28.038800,2.563600,28.033199,1.988400
1,1,17.204410,32.404300,2.458500,31.950701,1.827700
1,1,17.236239,31.829100,2.993700,32.489799,1.581500
1,1,17.265855,29.616401,2.899300,29.496000,2.026600
1,1,17.297780,31.925198,2.441200,32.093498,1.725700
1,1,17.324969,27.188901,2.403900,26.279900,1.824300
1,1,17.355182,30.212399,3.161700,30.791599,1.546000
1,1,17.385379,30.197501,2.613800,30.182600,2.039600
1,1,17.414632,29.252399,2.794600,29.469400,1.754500
1,1,17.441122,26.490301,2.759800,26.405899,1.645900
1,1,17.472212,31.090099,2.388700,31.082001,1.889400
1,1,17.503804,31.591702,2.372600,31.071301,1.751700
1,1,17.536205,32.401599,2.824700,32.635700,1.802900
1,1,17.567048,30.842599,2.879400,31.151199,1.850500
1,1,17.591392,24.344202,2.604500,24.464701,1.649300
1,1,17.623348,31.955801,2.222200,31.852501,1.768000
1,1,17.654317,30.968998,2.154500,30.673000,1.879700
1,1,17.682263,27.946401,2.632500,24.812700,2.087300
1,1,17.720212,37.948199,5.751500,40.858299,1.624300
1,1,17.754293,34.081802,3.180700,33.886799,1.885100
1,1,17.783712,29.418699,3.138000,30.014200,2.014300
1,1,17.816892,33.180200,2.450300,33.127201,1.599700
1,1,17.847648,30.756101,2.344700,30.589100,1.608800
1,1,17.873744,26.095398,2.661900,26.412800,1.689600
1,1,17.904469,30.725300,2.192900,30.468201,1.537200
1,1,17.936063,31.594399,2.462800,31.255301,2.064100
1,1,17.968929,32.865003,2.894600,32.362202,2.288200
1,1,17.997891,28.962299,2.643700,29.675900,1.799700
1,1,18.026913,29.022399,2.944400,29.224600,1.529600
1,1,18.056029,29.115599,2.405500,29.348499,1.567400
1,1,18.087782,31.753700,2.061300,31.506500,1.501600
1,1,18.119771,31.988703,2.328100,31.608400,1.574800
1,1,18.152702,32.931097,2.932600,33.149601,2.261000
1,1,18.184113,31.411003,2.757700,31.624001,1.688600
1,1,18.211828,27.714297,2.517000,27.540300,1.872900
1,1,18.247520,35.692900,3.193600,35.844002,1.976900
1,1,18.276970,29.449202,2.431700,29.473101,2.206500
1,1,18.310545,33.575200,2.457200,33.255402,1.554600
1,1,18.342648,32.103200,2.589000,32.144501,2.123800
1,1,18.373700,31.051900,2.497500,30.754499,1.680300
1,1,18.405181,31.480800,2.993800,32.071098,1.522300
1,1,18.437235,32.054599,2.341200,31.397800,1.582900
1,1,18.470578,33.342998,3.011000,33.312500,2.044000
1,1,18.501447,30.868102,3.354500,31.067699,2.107000
1,1,18.534343,32.896500,2.794000,33.018002,1.930200
1,1,18.566129,31.786401,2.527000,31.930901,1.678300
1,1,18.597597,31.467699,2.425800,31.497499,1.781700
1,1,18.624947,27.349699,2.318400,27.386801,1.724700
1,1,18.656558,31.610701,2.222100,30.568100,1.764100
1,1,18.687394,30.836899,3.080900,30.893000,1.826900
1,1,18.722399,35.004299,4.225800,35.956501,2.105500
1,1,18.754159,31.760100,2.560500,31.419901,1.990000
1,1,18.785638,31.479500,2.733300,31.711300,1.739600
1,1,18.818921,33.282902,2.553700,33.216599,1.807900
1,1,18.850904,31.982500,2.784600,32.011902,1.828900
1,1,18.881601,30.697700,2.604800,30.828600,1.560500
1,1,18.915521,33.920098,2.076000,33.628502,1.761700
1,1,18.948610,33.088002,2.516500,33.057201,1.764200
1,1,18.974672,26.062097,2.395300,26.143801,1.862800
1,1,19.008973,34.301899,2.480300,34.374699,1.768500
1,1,19.041177,32.203801,2.350900,32.457199,1.645700
1,1,19.077117,35.939302,2.091200,35.917500,1.733300
1,1,19.114528,37.411697,2.101500,37.386501,1.676600
1,1,19.141712,27.183801,2.228000,27.020500,1.823100
1,1,19.174274,32.562200,2.581600,32.355999,1.495600
1,1,19.206857,32.582700,2.513100,32.645100,1.466400
1,1,19.239822,32.964900,2.293300,33.200901,1.617400
1,1,19.272670,32.848500,2.292300,32.337002,1.938400
1,1,19.305259,32.588102,2.559800,33.114498,1.835700
1,1,19.338986,33.727400,2.266900,33.216301,2.136500
1,1,19.370708,31.722300,2.799700,31.876900,1.806900
1,1,19.402562,31.854097,2.749600,31.635300,1.992600
1,1,19.433424,30.861903,2.923500,30.998199,1.930400
1,1,19.466986,33.561599,3.004000,33.926399,1.842400
1,1,19.498937,31.950999,2.198900,31.598200,2.025700
1,1,19.531781,32.844599,2.626000,32.642899,1.810100
1,1,19.558501,26.719403,3.344500,26.890600,2.036400
1,1,19.590157,31.656500,2.719700,31.215799,1.962200
1,1,19.622246,32.088701,2.777300,32.404900,1.813100
1,1,19.655695,33.448599,2.540700,33.441700,1.770300
1,1,19.687712,32.017000,2.670600,31.608500,2.342600
1,1,19.721715,34.003500,2.877500,33.816700,2.147500
1,1,19.756064,34.348600,3.594300,33.965500,2.152900
1,1,19.788543,32.479700,4.278600,33.108299,1.891200
1,1,19.821558,33.014599,3.482900,33.518398,2.334300
1,1,19.854808,33.249602,3.214400,33.076801,2.721200
1,1,19.884793,29.985201,3.188300,30.489201,1.818600
1,1,19.916412,31.619597,2.322900,31.456200,1.699600
1,1,19.948252,31.839401,2.440600,31.559401,1.476100
1,1,19.974755,26.503399,2.610000,26.834101,1.688700
1,1,20.005172,30.416504,2.230300,29.916401,1.670500
1,1,20.037628,32.456297,2.528600,32.779099,1.970900
1,1,20.069932,32.304402,2.439400,32.167099,1.814500
1,1,20.100942,31.009700,2.541300,31.078600,1.937800
1,1,20.132806,31.864200,2.453100,31.945601,2.167100
1,1,20.165533,32.726597,2.755600,32.630600,1.841300
1,1,20.191436,25.903001,2.422700,25.348400,1.675200
1,1,20.222319,30.883402,2.864700,31.236500,1.773000
1,1,20.253458,31.138297,2.412300,31.018200,1.844100
1,1,20.283683,30.225202,2.576500,30.316000,1.677200
1,1,20.311769,28.086498,2.974900,28.396700,1.761900
1,1,20.348563,36.793500,2.376300,36.428398,1.577300
1,1,20.373060,24.497099,2.470800,24.807301,1.564100
1,1,20.404705,31.645402,2.194000,31.202200,1.569200
1,1,20.435524,30.819099,2.621800,31.210501,1.544000
1,1,20.465737,30.212600,2.447000,29.974001,2.142800
1,1,20.490508,24.771098,2.325600,24.708799,1.430700
1,1,20.521806,31.298302,2.511000,31.338499,1.465100
1,1,20.553152,31.345900,2.359400,31.372299,1.739300
1,1,20.584413,31.260699,2.677900,31.288099,1.954400
1,1,20.614756,30.343398,2.641700,30.287901,1.522900
1,1,20.639806,25.049701,2.580600,24.964600,1.443100
1,1,20.671687,31.881299,2.373200,31.719900,1.562700
1,1,20.705666,33.978902,2.614700,34.087101,1.863900
1,1,20.737627,31.961098,2.556300,31.914200,1.669300
1,1,20.768990,31.362500,2.805300,31.571699,2.018700
1,1,20.799149,30.158803,2.577700,30.007500,2.202500
1,1,20.832133,32.984398,2.864500,33.219200,1.834200
1,1,20.864968,32.834802,2.245300,32.785500,1.675600
1,1,20.890502,25.534499,2.236600,25.317900,2.024300
1,1,20.920238,29.736098,2.396600,29.937000,1.547600
1,1,20.953515,33.276100,2.173700,32.450600,1.623200
1,1,20.984343,30.828401,3.514000,31.532000,1.708700
1,1,21.014793,30.449800,2.462100,30.518200,1.700500
1,1,21.040461,25.668100,2.913900,25.123301,1.593900
1,1,21.071730,31.269100,2.896400,31.389299,1.846400
1,1,21.101184,29.453799,2.593500,29.982901,1.754200
1,1,21.132224,31.040400,2.123200,30.685900,1.648400
1,1,21.163713,31.489201,2.706000,31.901501,1.530000
1,1,21.190457,26.743401,2.029100,26.448000,1.385400
1,1,21.222027,31.570699,2.439700,31.632299,1.573700
1,1,21.252758,30.730199,2.248500,30.566299,1.752900
1,1,21.285641,32.883603,2.412200,32.859699,1.702000
1,1,21.317805,32.163698,2.633100,32.081902,1.693400
1,1,21.350763,32.958500,2.629300,33.178200,1.756700
1,1,21.374697,23.933101,2.662500,24.145901,1.825900
1,1,21.406795,32.098699,2.175400,31.556299,1.370900
1,1,21.438082,31.286400,2.568000,31.270100,1.584500
1,1,21.469912,31.830400,2.849400,31.880400,1.603800
1,1,21.502042,32.129601,2.720700,32.543900,1.570500
1,1,21.531760,29.718097,2.339500,29.345301,1.770900
1,1,21.558166,26.405800,2.574600,26.697001,1.654100
1,1,21.588930,30.764502,2.416000,29.742001,1.652100
1,1,21.619551,30.620500,3.236800,31.154100,1.777000
1,1,21.652592,33.041198,3.292300,33.396000,1.811400
1,1,21.684305,31.713601,2.356700,31.412901,1.862400
1,1,21.717091,32.785401,2.878900,33.102600,1.882100
1,1,21.744422,27.330700,2.619300,26.990999,1.605700
1,1,21.775096,30.673999,3.500900,30.783400,1.725800
1,1,21.807798,32.702100,2.671100,32.899300,1.971300
1,1,21.839070,31.272199,2.186200,31.284700,1.774900
1,1,21.871704,32.634102,2.304000,32.392601,1.726400
1,1,21.903249,31.545199,2.679100,31.466600,1.896800
1,1,21.933403,30.154001,2.757200,30.069500,1.767700
1,1,21.964027,30.624397,3.021500,31.060200,1.709300
1,1,21.991493,27.465601,2.358700,27.003799,1.815400
1,1,22.022693,31.200401,2.790000,30.873400,2.230400
1,1,22.056091,33.397101,3.262900,33.825600,1.932500
1,1,22.089468,33.377200,2.739800,32.765999,2.516900
1,1,22.120126,30.658197,3.458000,31.160101,2.128800
1,1,22.150146,30.019701,3.055300,29.953699,2.140900
1,1,22.177813,27.666900,2.799700,27.708300,1.794400
1,1,22.206325,28.512102,2.644900,28.772100,2.090400
1,1,22.238209,31.884499,2.516600,31.710199,1.732700
1,1,22.269971,31.761501,3.275800,31.688499,1.945000
1,1,22.302758,32.787301,3.142300,32.383400,1.859300
1,1,22.334333,31.575199,3.278300,31.703400,2.024600
1,1,22.363192,28.858799,3.011700,29.276100,2.075300
1,1,22.399196,36.004201,3.128300,35.018501,1.735600
1,1,22.424623,25.427200,3.679900,26.487801,1.920300
1,1,22.456074,31.450700,2.869700,31.309799,1.570900
1,1,22.488046,31.972099,2.554100,31.829201,1.615000
1,1,22.521248,33.202101,2.585100,33.114498,1.969000
1,1,22.553848,32.599598,2.994100,32.164001,2.068400
1,1,22.584127,30.279301,4.108600,30.924000,2.578900
1,1,22.613029,28.902002,3.778800,28.810600,2.137100
1,1,22.642035,29.005300,2.648300,29.046000,2.225500
1,1,22.675030,32.995299,2.468900,32.783699,1.928000
1,1,22.706418,31.388402,2.776800,31.541599,1.888600
1,1,22.743166,36.748197,2.531300,32.455299,2.011700
1,1,22.771178,28.011803,6.899300,31.926300,2.025000
1,1,22.805524,34.345798,3.201200,33.729198,2.150000
1,1,22.838222,32.697801,5.051100,33.235699,3.425900
1,1,22.870679,32.457002,3.474500,32.320999,2.650600
1,1,22.902914,32.235600,3.811300,32.292198,2.331600
1,1,22.933907,30.992698,3.509600,30.949200,2.819800
1,1,22.966352,32.445099,3.371100,32.997299,2.878600
1,1,22.998233,31.880502,2.719400,31.916201,2.483900
1,1,23.023713,25.479998,2.717400,25.008801,2.040100
1,1,23.056944,33.231001,2.931000,33.488201,1.939600
1,1,23.089303,32.359000,2.740400,32.403999,1.974500
1,1,23.121838,32.535300,2.642000,32.782101,2.209000
1,1,23.157135,35.296701,2.579500,34.688999,1.902300
1,1,23.187310,30.175198,3.195200,30.181801,1.886200
1,1,23.222098,34.788299,2.885800,34.803902,2.201000
1,1,23.255541,33.442304,3.506400,33.745602,2.164200
1,1,23.289440,33.899698,2.812500,33.834999,2.159400
1,1,23.324070,34.630299,2.805200,34.696201,1.961800
1,1,23.357205,33.134501,2.716200,32.065701,2.097600
1,1,23.391926,34.721300,3.681400,35.305698,1.925900
1,1,23.423998,32.072101,3.562500,31.863899,2.035300
1,1,23.456681,32.682598,3.591600,33.244801,1.961400
1,1,23.490184,33.503301,2.799200,33.532799,2.520100
1,1,23.522393,32.209199,2.695400,32.237900,1.777300
1,1,23.553870,31.476501,2.436600,31.408701,2.018100
1,1,23.584652,30.782100,2.915200,31.059200,1.744600
1,1,23.615578,30.925900,2.596000,30.399099,1.941800
1,1,23.641590,26.011501,3.014600,26.591400,1.665000
1,1,23.673413,31.823799,2.289200,31.531799,1.497300
1,1,23.705530,32.116301,2.546900,31.800400,1.703800
1,1,23.738962,33.432800,2.910000,33.474300,2.155300
1,1,23.771060,32.097500,3.111800,32.487999,2.419300
1,1,23.800803,29.742699,2.850200,29.626499,2.026300
1,1,23.833635,32.832898,2.422600,32.979900,1.746500
1,1,23.862157,28.521400,2.402800,28.105400,1.774100
1,1,23.890414,28.257601,2.846900,28.442301,1.893700
1,1,23.922081,31.666301,2.492600,31.716499,1.550500
1,1,23.954104,32.023001,2.415400,31.660000,1.929200
1,1,23.987642,33.538099,3.034400,34.080399,1.768300
1,1,24.019276,31.633601,2.479200,31.390100,1.796900
1,1,24.050963,31.687099,2.546000,31.856300,1.717000
1,1,24.081583,30.620098,2.396500,30.540400,1.373500
1,1,24.107161,25.578499,2.769700,25.625000,2.122700
1,1,24.139062,31.901002,2.369200,31.216999,1.806800
1,1,24.170095,31.033199,3.207100,31.175600,1.853600
1,1,24.199945,29.849399,3.620700,30.267799,1.776900
1,1,24.233788,33.843402,2.576500,33.597599,1.859400
1,1,24.265191,31.403199,2.735600,31.389500,1.598700
1,1,24.293714,28.522901,2.539800,28.519899,1.707600
1,1,24.325285,31.571001,2.781100,31.735800,1.583800
1,1,24.356064,30.778300,2.810300,31.002100,1.633600
1,1,24.388385,32.321300,2.194600,32.111500,1.971000
1,1,24.420098,31.712599,2.611300,31.823299,1.781200
1,1,24.450175,30.077498,2.563700,30.239201,1.928200
1,1,24.483311,33.135802,2.326700,33.040699,1.767400
1,1,24.515058,31.747699,2.376100,31.269600,1.462400
1,1,24.541152,26.093699,2.815800,26.592699,1.625000
1,1,24.573477,32.324903,2.125700,31.915501,1.662400
1,1,24.604505,31.028099,2.685500,31.419201,1.710000
1,1,24.637157,32.651499,2.085600,32.513302,1.655300
1,1,24.669952,32.795701,2.422000,32.757900,1.898600
1,1,24.700562,30.610099,2.878400,30.525900,1.741100
1,1,24.731102,30.539799,2.618500,30.489000,1.781000
1,1,24.758150,27.048100,2.648300,27.297701,1.521800
1,1,24.790518,32.367300,2.078000,31.323299,1.507900
1,1,24.822339,31.821601,3.464200,31.824499,1.712900
1,1,24.854154,31.814698,3.926300,32.666599,1.846000
1,1,24.886353,32.198600,2.556900,31.398100,2.058000
1,1,24.915692,29.339202,3.446000,30.021099,1.954100
1,1,24.942490,26.798200,2.652900,26.991699,2.236500
1,1,24.972737,30.246500,2.206600,30.065599,1.829500
1,1,25.004451,31.714700,2.521700,31.624300,2.037200
1,1,25.036065,31.614199,2.542100,31.500000,2.168200
1,1,25.066176,30.110799,2.808900,30.089600,2.038600
1,1,25.095638,29.462200,2.548200,29.649300,1.878500
1,1,25.122777,27.138602,2.575700,27.291300,1.387000
1,1,25.155074,32.297000,2.330500,32.120602,1.770500
1,1,25.187693,32.618999,2.697300,31.728600,1.856300
1,1,25.217651,29.957898,3.786700,30.988600,1.812900
1,1,25.250432,32.781102,2.621000,32.479301,1.532300
1,1,25.281964,31.532198,3.019300,31.814400,2.298200
1,1,25.315236,33.271402,2.730500,32.881901,1.932100
1,1,25.341429,26.193600,2.917100,26.196699,1.801200
1,1,25.372713,31.283598,3.462900,31.251699,1.789000
1,1,25.404334,31.620901,2.819600,31.783199,1.651200
1,1,25.438017,33.683799,2.655300,32.789700,1.991600
1,1,25.470103,32.085001,3.686700,32.678902,1.729400
1,1,25.499995,29.892400,3.338700,29.895700,2.825900
1,1,25.533688,33.693299,3.164200,34.025002,2.143400
1,1,25.565957,32.268602,2.807500,32.482899,1.858800
1,1,25.592451,26.493799,2.646100,26.241699,1.686300
1,1,25.624107,31.655900,2.516700,31.679701,1.545400
1,1,25.655103,30.996200,2.551800,30.974199,2.349400
1,1,25.686108,31.005498,2.436100,31.090799,1.903000
1,1,25.718788,32.679901,3.457600,32.656700,1.762800
1,1,25.750701,31.912699,2.612900,31.426100,1.783400
1,1,25.778168,27.467404,3.119900,27.844601,2.021700
1,1,25.812498,34.329399,2.772600,34.008900,1.813600
1,1,25.839770,27.272299,2.881100,27.375200,1.502900
1,1,25.872548,32.778200,2.737800,32.692299,2.044300
1,1,25.903600,31.051598,3.200500,31.260000,1.744900
1,1,25.934627,31.027202,2.974800,30.898600,1.717800
1,1,25.966148,31.521000,2.823400,31.830900,2.148700
1,1,25.994039,27.891099,2.598400,27.826401,1.732400
1,1,26.022631,28.592199,2.446800,28.007000,1.595400
1,1,26.055743,33.111501,2.854200,33.258099,1.861300
1,1,26.086715,30.972000,2.908900,31.007401,2.161100
1,1,26.117976,31.261500,2.713900,31.620899,1.832700
1,1,26.144180,26.204001,2.331000,25.838301,1.871300
1,1,26.178241,34.061000,3.385900,34.212002,1.817200
1,1,26.208414,30.173000,2.472400,30.328800,1.816700
1,1,26.238426,30.011598,2.488500,29.840300,1.657000
1,1,26.272050,33.624399,2.421100,33.516499,1.849400
1,1,26.303004,30.954100,2.743700,31.324100,1.887000
1,1,26.334519,31.514302,2.510400,31.423901,1.850600
1,1,26.366788,32.269098,2.119700,32.062901,1.722400
1,1,26.396473,29.685400,3.227200,29.613899,1.844700
1,1,26.424154,27.680703,3.012800,27.770599,1.754900
1,1,26.456526,32.372497,2.411100,32.376900,1.579100
1,1,26.487985,31.459201,2.308900,31.306200,1.592300
1,1,26.519477,31.491101,2.532200,31.625500,2.011400
1,1,26.550023,30.546501,2.638400,30.396799,1.682800
1,1,26.581342,31.318698,3.771100,31.443701,1.791900
1,1,26.607790,26.448600,3.646000,26.683701,1.996100
1,1,26.639531,31.740401,2.147700,31.336599,1.403600
1,1,26.672240,32.709099,2.526500,32.611000,1.848300
1,1,26.705833,33.592898,2.719600,33.577801,1.872800
1,1,26.737672,31.838901,2.900000,31.951500,1.761000
1,1,26.767502,29.830102,2.523700,30.111900,2.092700
1,1,26.798942,31.440597,2.642200,31.249500,1.656500
1,1,26.825005,26.063100,2.337700,25.972099,2.347700
1,1,26.856363,31.357203,2.605900,31.502399,1.481300
1,1,26.889445,33.082500,2.250300,32.119900,1.794700
1,1,26.920830,31.385098,3.407300,31.849800,2.405700
1,1,26.954034,33.203803,2.998000,33.372398,1.707600
1,1,26.982612,28.577697,2.777400,28.706400,1.930100
1,1,27.016243,33.630803,2.869400,33.782398,1.442100
1,1,27.041713,25.470197,2.357500,25.558701,2.018100
1,1,27.075298,33.584703,2.082600,33.409401,1.829900
1,1,27.110714,35.416897,2.294100,35.325298,1.555700
1,1,27.141578,30.863300,2.342200,30.607201,2.037600
1,1,27.173660,32.082602,2.738400,31.735701,1.699000
1,1,27.206067,32.406799,2.994600,32.783199,2.347300
1,1,27.239691,33.624399,2.719800,33.833698,2.204900
1,1,27.270917,31.225201,2.686900,31.252501,1.816800
1,1,27.305815,34.897801,2.400900,34.520401,1.825300
1,1,27.336998,31.183299,3.069300,31.338699,1.987400
1,1,27.368914,31.916600,2.625600,32.035999,1.900800
1,1,27.400570,31.655401,2.391200,31.195400,1.364800
1,1,27.426397,25.827099,3.447700,26.529800,1.509300
1,1,27.456880,30.482601,2.257900,30.346201,1.533800
1,1,27.489763,32.883700,2.267400,32.643398,1.805400
1,1,27.521342,31.578600,2.527900,31.978800,1.446900
1,1,27.551596,30.254100,2.070800,30.006901,2.090800
1,1,27.580059,28.463099,2.576300,28.561600,1.513400
1,1,27.615225,35.166301,2.419500,35.100800,1.861500
1,1,27.641919,26.693601,2.300200,26.588301,1.697600
1,1,27.672791,30.872200,2.425600,30.693899,2.105200
1,1,27.705257,32.466199,3.470500,32.458900,1.519400
1,1,27.738303,33.045501,2.758400,33.161598,2.411200
1,1,27.770238,31.935200,2.670900,31.718901,1.983700
1,1,27.801719,31.481400,2.389900,31.619301,2.075600
1,1,27.833159,31.439099,2.436000,31.640800,1.701300
1,1,27.864993,31.834699,2.339700,31.867599,1.858400
1,1,27.895117,30.123498,2.277100,26.543900,1.670000
1,1,27.923158,28.041203,6.397600,31.290199,1.992100
1,1,27.955243,32.085400,2.608800,32.070099,1.832200
1,1,27.987402,32.158498,2.884100,32.101501,1.990100
1,1,28.020660,33.257902,2.974800,33.187401,1.806900
1,1,28.052116,31.456601,2.731200,31.606100,1.944600
1,1,28.083054,30.938100,3.097300,30.910299,1.533800
1,1,28.114258,31.203497,3.295500,31.566000,1.813600
1,1,28.141478,27.220000,2.212200,26.789900,1.726400
1,1,28.172760,31.281803,2.748500,31.393299,1.492700
1,1,28.204586,31.826399,2.605500,31.972300,1.865900
1,1,28.237530,32.943901,2.662000,32.999500,1.954500
1,1,28.268884,31.354200,2.915700,31.464399,2.367300
1,1,28.304324,35.439800,2.581000,34.873600,1.814200
1,1,28.335382,31.057898,3.456300,31.424900,1.999600
1,1,28.367152,31.770099,2.598400,31.772200,1.881300
1,1,28.398984,31.832501,2.607800,32.053501,1.468500
1,1,28.425973,26.988100,2.360000,26.563400,1.580800
1,1,28.456802,30.829798,2.497500,30.589500,1.447200
1,1,28.489910,33.107400,2.735600,33.075199,1.417100
1,1,28.523048,33.138003,2.699400,33.362499,1.745800
1,1,28.553828,30.779898,2.640700,30.956499,1.804100
1,1,28.585577,31.749800,2.648600,31.720400,2.052700
1,1,28.616479,30.901901,2.577900,30.949900,2.288600
1,1,28.649824,33.344299,2.796800,33.409401,1.520100
1,1,28.675152,25.328301,2.389400,25.063499,1.706500
1,1,28.706690,31.538200,2.766100,31.473700,1.503500
1,1,28.739825,33.134900,2.648900,33.196899,1.690000
1,1,28.772625,32.799501,2.975600,32.379700,1.863400
1,1,28.802775,30.150600,3.019200,30.804100,1.811700
1,1,28.833716,30.940898,2.366600,30.799101,1.698700
1,1,28.859967,26.251402,2.556300,26.170601,1.725300
1,1,28.890929,30.961201,2.521400,31.086901,1.559100
1,1,28.923120,32.191601,2.279200,31.487499,1.654400
1,1,28.953915,30.794598,3.039000,31.251499,1.890100
1,1,28.985105,31.189699,2.608700,31.373699,1.429800
1,1,29.017821,32.716502,2.772700,32.832298,1.608300
1,1,29.050873,33.052102,2.644100,32.665001,1.896800
1,1,29.081051,30.178297,2.879000,30.671801,1.745900
1,1,29.108815,27.763702,2.155400,27.492599,1.669700
1,1,29.140344,31.528898,2.440700,30.876801,1.695600
1,1,29.172690,32.346003,3.535000,32.721802,1.973800
1,1,29.205103,32.412499,3.017400,32.547298,2.625200
1,1,29.236425,31.322598,2.898500,31.501200,1.974700
1,1,29.268171,31.746101,3.038900,31.651800,2.437400
1,1,29.302379,34.207799,3.452800,33.812599,2.244700
1,1,29.332716,30.337002,2.953000,30.881599,1.901200
1,1,29.361295,28.578900,2.307500,28.656099,1.467900
1,1,29.389845,28.549898,2.906900,28.151800,1.829100
1,1,29.422323,32.477800,2.783400,32.495300,1.855900
1,1,29.451730,29.407401,2.749500,29.706800,2.056600
1,1,29.480044,28.313801,2.260300,27.954901,1.621500
1,1,29.515480,35.435800,2.735500,35.724499,1.983900
1,1,29.548012,32.532301,2.284200,32.176701,1.783500
1,1,29.572779,24.767101,2.659600,24.880899,1.673000
1,1,29.604304,31.525400,2.704600,31.455799,1.798900
1,1,29.635155,30.850101,2.610900,31.345900,1.642800
1,1,29.667035,31.880897,2.211100,31.608000,1.561900
1,1,29.700938,33.902403,2.605600,33.656502,1.858400
1,1,29.728856,27.918499,2.756500,27.916401,2.097700
1,1,29.758518,29.661201,3.706200,29.856400,2.086300
1,1,29.790982,32.464098,2.624000,32.411800,2.028300
1,1,29.822117,31.135600,2.540700,31.289600,1.740300
1,1,29.855602,33.484202,2.315000,33.068100,1.858500
1,1,29.887756,32.154500,2.809500,32.410900,1.759300
1,1,29.921119,33.362798,3.237000,33.200802,1.966500
1,1,29.953376,32.257300,3.030800,31.515200,2.014000
1,1,29.983892,30.515499,3.677700,31.455999,1.646500
1,1,30.009356,25.464199,2.559500,25.425501,1.940300
1,1,30.043273,33.917602,2.405800,33.603901,1.600800
1,1,30.071890,28.616898,2.786400,29.005301,1.864100
1,1,30.103645,31.755202,2.444200,31.231400,1.760000
1,1,30.133672,30.026998,3.050200,30.646900,1.903700
1,1,30.165747,32.074302,2.112400,32.182301,1.756400
1,1,30.192450,26.703101,2.079300,26.281401,1.619800
1,1,30.224508,32.057799,2.855100,32.279301,1.577700
1,1,30.255499,30.991398,2.081500,30.924999,1.721200
1,1,30.287834,32.335300,2.141400,32.251301,1.845900
1,1,30.319280,31.445302,2.574000,31.379900,2.192400
1,1,30.351207,31.927500,3.354200,32.018600,1.998800
1,1,30.382791,31.583600,2.603600,31.811501,1.672400
1,1,30.412075,29.284101,2.112100,29.007900,1.979000
1,1,30.441967,29.891998,2.338100,29.829000,2.052000
1,1,30.472909,30.942600,2.306100,30.629999,1.466600
1,1,30.504745,31.835400,2.993100,31.784000,2.128500
1,1,30.535376,30.631199,3.281800,30.632500,1.823600
1,1,30.560741,25.364600,3.401100,25.876301,2.067200
1,1,30.593628,32.887001,2.452600,32.646599,2.323900
1,1,30.624200,30.571900,2.404400,30.679100,2.116600
1,1,30.656140,31.940799,2.420000,31.711700,1.883400
1,1,30.688438,32.297503,3.240500,32.068199,1.886400
1,1,30.722778,34.339700,3.499900,34.545799,1.884900
1,1,30.754898,32.120500,3.110300,32.326000,2.215000
1,1,30.786318,31.419899,2.430300,31.628500,2.266700
1,1,30.818476,32.157600,2.654200,31.752701,1.979600
1,1,30.849930,31.454798,3.146000,31.660000,2.016800
1,1,30.876272,26.341502,2.766600,26.333799,1.839900
1,1,30.906566,30.294500,2.379100,30.245199,1.848600
1,1,30.939468,32.902099,2.360400,32.238400,1.916200
1,1,30.971044,31.575799,3.131200,32.500301,1.735600
1,1,31.004391,33.346601,2.296000,32.859699,1.810800
1,1,31.036266,31.874999,2.724800,32.091301,1.880100
1,1,31.069551,33.285201,2.324600,33.070202,2.321700
1,1,31.099483,29.932100,2.355500,30.265400,1.994500
1,1,31.132538,33.054899,2.292700,32.775902,1.798500
1,1,31.158232,25.693700,3.616300,25.961700,1.709700
1,1,31.190462,32.230202,2.051600,32.121101,1.726400
1,1,31.222290,31.828400,2.215000,31.620600,2.236700
1,1,31.255434,33.144098,2.656600,33.548698,2.275800
1,1,31.288324,32.889500,2.296100,32.423100,2.647000
1,1,31.321441,33.116899,3.087000,33.231400,1.810500
1,1,31.352933,31.491801,2.633000,31.654400,1.903200
1,1,31.385036,32.102901,2.453300,31.949200,2.009100
1,1,31.416564,31.528600,2.573700,31.283199,2.119500
1,1,31.449386,32.822099,2.812000,32.794201,1.721100
1,1,31.473494,24.107300,2.782500,24.190300,2.031300
1,1,31.504636,31.142402,2.479400,31.518700,1.778100
1,1,31.536167,31.530999,2.111300,31.317801,2.002700
1,1,31.566911,30.743901,2.534100,30.651199,1.968000
1,1,31.593373,26.462000,2.743400,26.369499,1.576600
1,1,31.624637,31.263798,2.438100,31.487000,1.610300
1,1,31.656535,31.897802,2.158300,31.434700,1.679500
1,1,31.688916,32.381900,2.654100,32.331799,2.182300
1,1,31.723480,34.563299,2.804800,34.750000,2.077700
1,1,31.755032,31.552099,2.850900,31.658899,3.055900
1,1,31.786651,31.618901,3.138300,31.653500,3.196100
1,1,31.818667,32.015901,2.732300,31.697599,2.205200
1,1,31.844930,26.263699,2.901000,26.511700,2.242200
1,1,31.876440,31.509399,2.985400,31.266001,2.290300
1,1,31.907564,31.124003,2.730500,31.072399,2.689500
1,1,31.939660,32.096598,2.716900,32.153000,1.867200
1,1,31.971347,31.686999,2.750200,31.682301,2.095500
1,1,32.002168,30.820902,2.881700,31.123600,2.129500
1,1,32.031715,29.546998,2.620800,29.210699,1.714500
1,1,32.059591,27.875599,2.657000,28.338600,1.749700
1,1,32.090679,31.088002,2.043200,31.067301,1.662200
1,1,32.121803,31.124499,2.175900,30.807501,1.721300
1,1,32.151754,29.950202,2.446800,29.942600,1.917100
1,1,32.183548,31.794999,2.681100,32.272499,1.534900
1,1,32.216008,32.460000,1.864600,32.384102,1.803800
1,1,32.244740,28.731301,2.116500,28.723499,1.674900
1,1,32.274331,29.590897,2.043300,29.432400,1.455500
1,1,32.305804,31.473402,2.113800,31.020599,1.796100
1,1,32.336546,30.741900,2.645600,31.304199,1.889800
1,1,32.368733,32.186799,1.954500,31.909599,1.610900
1,1,32.400191,31.457800,2.490400,31.474899,2.196900
1,1,32.426166,25.975801,2.282800,25.742201,1.481400
1,1,32.460539,34.372199,2.474500,34.598400,1.651700
1,1,32.487965,27.426898,2.140000,27.446501,1.815200
1,1,32.520626,32.660201,2.087300,32.525700,1.901600
1,1,32.551844,31.218402,2.453300,31.380400,1.923200
1,1,32.584521,32.677297,2.450200,32.524601,1.660500
1,1,32.610443,25.922101,2.601500,25.672300,1.922500
1,1,32.642449,32.005399,2.496200,31.838400,1.949700
1,1,32.673279,30.829802,2.731300,31.146200,2.033400
1,1,32.703601,30.322600,2.587500,30.371300,1.895900
1,1,32.736475,32.873798,2.394500,32.709801,1.765800
1,1,32.763329,26.854299,2.608000,27.020201,1.684700
1,1,32.794412,31.082902,2.377700,30.857901,1.971200
1,1,32.826000,31.587400,2.623100,31.408701,1.699900
1,1,32.859166,33.166599,2.767300,33.510101,2.443700
1,1,32.891225,32.058701,2.629300,31.713900,2.008200
1,1,32.922269,31.043999,2.957300,31.272499,2.079200
1,1,32.957213,34.943502,2.531100,31.617001,2.012300
1,1,32.985890,28.677400,5.689800,31.425200,1.940700
1,1,33.017538,31.648099,3.397800,32.077801,1.827500
1,1,33.043386,25.848199,2.508400,26.204700,1.967900
1,1,33.074228,30.841403,2.153600,30.784800,1.369600
1,1,33.107177,32.949898,2.162000,32.852600,1.908600
1,1,33.139864,32.686099,2.371500,32.026600,1.804700
1,1,33.169208,29.344600,3.282800,30.079800,1.882600
1,1,33.203521,34.312502,2.327300,33.822498,1.765400
1,1,33.236430,32.909200,2.811400,33.370098,1.750800
1,1,33.268587,32.157201,2.832600,31.768900,1.618200
1,1,33.294725,26.137497,2.848300,26.417900,1.910700
1,1,33.326830,32.105003,2.325900,32.115601,1.664500
1,1,33.358924,32.094598,2.274700,32.060101,1.716800
1,1,33.390921,31.996902,2.276400,31.807100,1.816800
1,1,33.422338,31.417299,2.562700,31.402100,1.881300
1,1,33.454379,32.040499,2.607000,32.300400,2.136200
1,1,33.484649,30.270100,2.254100,30.162201,2.144300
1,1,33.511395,26.746299,2.575100,26.510599,1.853900
1,1,33.542487,31.091601,2.570100,30.812700,1.638600
1,1,33.574767,32.280102,2.838300,32.650398,1.936300
1,1,33.607234,32.467298,2.570100,32.377102,1.809000
1,1,33.639128,31.893801,2.587500,31.541500,1.925900
1,1,33.669740,30.611899,2.989400,30.792299,1.703500
1,1,33.701752,32.012399,2.293000,32.129002,1.588900
1,1,33.735463,33.710901,2.615600,34.048801,1.563800
1,1,33.768775,33.312101,2.331600,33.089901,1.756500
1,1,33.794591,25.815498,2.622700,25.562401,1.700100
1,1,33.826827,32.236300,2.735500,32.636902,1.496100
1,1,33.859272,32.444600,2.246200,32.398899,1.713200
1,1,33.891483,32.211002,2.304700,31.923500,2.011700
1,1,33.922891,31.408001,2.725200,31.436600,2.053800
1,1,33.952873,29.982299,2.801300,30.302299,1.654400
1,1,33.985622,32.749400,2.653900,32.400299,1.494200
1,1,34.017205,31.582702,2.537700,31.438999,2.006000
1,1,34.042798,25.593098,2.733300,26.116600,1.591600
1,1,34.073939,31.140499,2.387700,30.768801,1.596800
1,1,34.107024,33.085000,2.501600,33.172798,1.823500
1,1,34.138541,31.517003,2.540300,31.283600,1.687000
1,1,34.170942,32.401200,3.022600,32.645100,2.030700
1,1,34.202302,31.360399,2.468300,31.622000,2.150500
1,1,34.229004,26.701499,2.478300,26.591101,2.292800
1,1,34.269616,40.612601,2.333100,40.453899,2.149200
1,1,34.301753,32.136600,2.738900,31.853100,2.627800
1,1,34.333265,31.512398,2.778100,31.672600,2.070800
1,1,34.359997,26.731502,2.497100,26.509701,1.517000
1,1,34.390612,30.615199,2.643100,30.853100,1.969300
1,1,34.422131,31.518798,2.734400,31.507700,2.093500
1,1,34.453388,31.257000,3.125200,31.288500,1.798700
1,1,34.486770,33.381902,2.592300,33.487701,1.707900
1,1,34.518064,31.293701,2.595000,31.063900,1.471900
1,1,34.543349,25.285497,2.475100,25.253201,1.597100
1,1,34.573842,30.493401,2.546700,30.876600,1.716700
1,1,34.606204,32.361399,2.224600,31.987301,1.734800
1,1,34.637182,30.978199,2.669000,31.404900,1.931200
1,1,34.668717,31.535301,2.251800,31.494699,1.683200
1,1,34.695951,27.233202,2.466200,27.234699,1.822800
1,1,34.725013,29.062897,2.121300,28.655500,2.293500
1,1,34.758087,33.073802,2.808300,32.817200,1.922800
1,1,34.789689,31.601898,3.284800,31.388500,2.289400
1,1,34.822108,32.418903,3.115500,32.813999,1.684900
1,1,34.854026,31.917997,3.067800,32.043201,1.807800
1,1,34.886026,31.999603,2.508400,32.097198,1.697600
1,1,34.918120,32.094799,2.525500,31.993999,2.189600
1,1,34.944045,25.924899,2.485300,26.056999,1.713300
1,1,34.976375,32.329500,2.297000,31.826099,1.497200
1,1,35.008752,32.376703,2.884600,31.315500,1.771800
1,1,35.040100,31.348597,4.212300,32.299400,1.701600
1,1,35.071095,30.994900,3.404700,31.236900,1.912700
1,1,35.104526,33.430703,2.993300,33.974098,2.144900
1,1,35.136090,31.564597,2.578200,31.068600,2.217200
1,1,35.169432,33.341601,2.534800,33.806900,1.765800
1,1,35.202301,32.869000,2.196600,32.223099,1.892300
1,1,35.234094,31.793099,2.718700,32.295101,1.796500
1,1,35.262192,28.097402,2.347100,27.974800,1.884600
1,1,35.300702,38.510900,2.402100,38.382599,1.851400
1,1,35.327283,26.580300,2.661000,26.656601,1.776200
1,1,35.357435,30.152399,2.717300,29.917700,1.865900
1,1,35.390708,33.273101,3.055600,33.390800,2.157600
1,1,35.422693,31.985100,2.889800,31.922899,1.829900
1,1,35.456772,34.078799,2.673500,33.916199,2.534500
1,1,35.488699,31.927399,2.856000,32.387798,2.143700
1,1,35.520487,31.787701,2.636500,31.685900,1.773800
1,1,35.547789,27.302198,2.421600,27.071100,1.853500
1,1,35.582904,35.114102,2.650700,35.507900,2.028200
1,1,35.608626,25.722198,2.250500,25.096001,1.604700
1,1,35.639899,31.273700,2.852100,31.552299,1.627700
1,1,35.670766,30.866101,2.422200,30.964300,1.737300
1,1,35.702407,31.641599,2.399800,31.492901,1.774600
1,1,35.728967,26.559800,2.413000,26.698500,1.934100
1,1,35.766551,37.584100,2.462400,37.437000,1.972500
1,1,35.793177,26.626002,2.678800,26.670500,1.913600
1,1,35.823775,30.597899,2.456800,30.596800,2.025400
1,1,35.855285,31.509999,2.634400,31.329800,1.709400
1,1,35.885858,30.572899,2.858900,30.601900,1.763600
1,1,35.911909,26.051100,2.491600,26.401100,1.581300
1,1,35.946059,34.150202,2.186800,34.240501,1.680200
1,1,35.976394,30.335099,2.051700,29.289101,1.665600
1,1,36.007906,31.511702,3.076800,31.464500,1.979500
1,1,36.037692,29.786300,3.268200,30.608700,2.043600
1,1,36.068652,30.959301,2.632600,30.447399,1.748800
1,1,36.094562,25.910798,2.886800,26.363800,1.939700
1,1,36.126645,32.082599,2.363200,30.927799,1.952300
1,1,36.157426,30.780900,3.409800,31.320999,1.990900
1,1,36.187756,30.330002,2.911500,30.880800,1.887300
1,1,36.221461,33.705499,2.610900,33.827801,1.716900
1,1,36.252729,31.267699,2.858400,31.122400,2.202500
1,1,36.286068,33.339102,2.853600,32.772099,2.083100
1,1,36.311681,25.613397,2.973600,26.217300,1.553900
1,1,36.342779,31.097401,2.309100,30.732599,1.531200
1,1,36.373959,31.180199,2.603700,31.119200,1.777700
1,1,36.403847,29.888101,2.981600,30.442801,1.828900
1,1,36.435911,32.063801,2.138700,31.695101,1.452500
1,1,36.469194,33.283200,2.723000,33.258400,1.592000
1,1,36.494876,25.681999,2.517200,25.705999,1.805000
1,1,36.526944,32.067902,2.588400,32.233898,1.981700
1,1,36.558871,31.926598,2.188500,31.625601,1.840700
1,1,36.590017,31.146299,2.652000,31.426600,1.796100
1,1,36.620414,30.397300,2.295100,30.080099,2.220900
1,1,36.651883,31.469200,2.780100,31.483000,2.313900
1,1,36.682881,30.997302,2.940300,31.339701,2.062500
1,1,36.710709,27.828399,2.267900,27.833300,1.706000
1,1,36.743401,32.692000,2.208100,32.559601,1.943100
1,1,36.774603,31.201702,2.175400,31.146299,1.676600
1,1,36.806510,31.907499,2.396300,31.764200,1.873100
1,1,36.837836,31.325500,3.407100,31.659100,1.961200
1,1,36.868400,30.564100,2.458600,30.410299,1.738300
1,1,36.895298,26.897699,3.018800,26.754101,1.733500
1,1,36.925348,30.050401,2.441500,30.098101,1.877000
1,1,36.956622,31.274199,2.351900,30.548800,1.909800
1,1,36.987271,30.648701,3.177400,31.224001,1.661900
1,1,37.020253,32.982301,3.715900,33.163700,1.710100
1,1,37.051644,31.390298,3.043100,31.423700,1.993500
1,1,37.080116,28.472602,2.364300,28.591101,2.132600
1,1,37.110414,30.298200,2.187000,29.570200,1.620700
1,1,37.142092,31.677499,2.900400,31.267599,1.821800
1,1,37.172836,30.744199,3.614000,31.521400,1.726600
1,1,37.203161,30.324601,2.640600,30.344601,1.811800
1,1,37.235533,32.372601,2.589000,32.266201,1.699700
1,1,37.267405,31.871699,2.666900,31.668100,1.948300
1,1,37.293712,26.306700,3.395300,26.783100,1.830700
1,1,37.323528,29.816799,2.695900,29.705799,1.756600
1,1,37.355405,31.876601,2.516100,31.388000,1.687800
1,1,37.385039,29.633600,3.621100,30.023100,1.850800
1,1,37.414049,29.010300,2.497400,29.139000,1.871700
1,1,37.442020,27.971201,2.529100,27.778299,1.537200
1,1,37.473249,31.228498,2.652500,31.028099,1.771700
1,1,37.508599,35.350401,2.690700,34.699100,1.927200
1,1,37.539574,30.975301,3.231300,31.196800,2.383100
1,1,37.571034,31.459201,2.853100,31.496500,1.834100
1,1,37.601380,30.346397,3.028500,30.150000,1.983300
1,1,37.628015,26.634600,2.890000,26.787201,1.934000
1,1,37.660207,32.192502,2.561600,32.349800,1.492200
1,1,37.691005,30.797999,2.281500,30.821301,1.739700
1,1,37.724674,33.668499,2.280600,33.285500,1.568100
1,1,37.754511,29.837601,2.739800,30.335100,1.730500
1,1,37.787877,33.365998,2.418900,33.311199,1.795100
1,1,37.819228,31.350702,2.524500,31.305700,1.745600
1,1,37.846672,27.444299,2.380300,27.168400,1.743100
1,1,37.874496,27.823798,2.555200,27.924900,2.011300
1,1,37.906537,32.041203,2.533200,32.088902,1.770900
1,1,37.938648,32.110397,2.565900,32.005199,1.589600
1,1,37.969697,31.049401,2.618000,31.106300,1.869100
1,1,37.994901,25.204003,2.386200,25.501900,1.526300
1,1,38.029357,34.456298,2.013900,30.831900,1.633800
1,1,38.056946,27.588401,5.705300,30.669600,1.775400
1,1,38.087990,31.043898,2.790900,31.044300,1.956700
1,1,38.118697,30.707501,2.662400,30.804600,2.041800
1,1,38.143793,25.096100,2.920500,24.915300,1.733800
1,1,38.175713,31.919900,3.304200,31.946100,1.587000
1,1,38.208859,33.145901,2.639800,33.068100,1.848800
1,1,38.241471,32.611899,2.957400,32.813099,2.121400
1,1,38.273618,32.146800,2.799500,32.261501,1.756600
1,1,38.304797,31.179301,2.598400,31.139000,1.871800
1,1,38.336137,31.339798,2.621200,31.177099,1.660600
1,1,38.368522,32.385599,2.709600,32.330101,1.506400
1,1,38.395114,26.591603,2.716400,26.995501,1.650000
1,1,38.425031,29.917099,2.139500,29.663000,1.635000
1,1,38.456547,31.516202,2.676300,31.583000,1.827600
1,1,38.489492,32.945197,2.437600,33.042801,1.502300
1,1,38.520137,30.644502,2.360100,30.400801,1.661100
1,1,38.551388,31.251200,2.480200,31.518400,1.728300
1,1,38.578761,27.372800,2.243200,27.233999,1.866200
1,1,38.610996,32.235499,2.465700,32.105801,1.815000
1,1,38.641665,30.668601,2.545500,30.772699,1.794000
1,1,38.674300,32.635100,2.495500,32.501999,2.048100
1,1,38.706015,31.714398,2.830400,31.784700,2.016500
1,1,38.738552,32.537501,2.767000,32.609798,1.965100
1,1,38.770141,31.589098,2.238500,31.776800,1.799300
1,1,38.799944,29.803000,2.025300,28.937901,1.875100
1,1,38.828393,28.448600,3.186200,28.922899,1.844500
1,1,38.861044,32.651000,2.540700,32.902802,1.622800
1,1,38.890892,29.848099,2.255300,29.698099,1.657900
1,1,38.924102,33.210002,2.552900,33.492298,1.994000
1,1,38.956649,32.547001,2.586400,32.062500,1.578200
1,1,38.989410,32.760698,3.387000,32.936401,2.003800
1,1,39.021380,31.970900,2.481200,31.775200,2.127000
1,1,39.052080,30.699302,2.773100,30.782499,1.860500
1,1,39.081023,28.943099,2.688100,28.992100,1.605100
1,1,39.114562,33.539101,2.626000,33.520302,1.882500
1,1,39.147585,33.023398,2.529000,33.038101,1.873000
1,1,39.179001,31.415701,2.716500,31.153000,1.858900
1,1,39.220498,41.496698,2.937600,41.470100,1.912300
1,1,39.253301,32.803401,3.287300,33.155701,2.379600
1,1,39.285263,31.962201,2.906700,31.709101,2.418200
1,1,39.313174,27.910698,3.031900,27.990400,1.952500
1,1,39.353398,40.223699,2.655700,39.935799,1.945200
1,1,39.385725,32.327402,3.080000,32.743999,2.219100
1,1,39.418008,32.282300,2.581800,32.135300,1.978700
1,1,39.446636,28.628699,2.678100,28.734900,1.893000
1,1,39.477417,30.781299,2.420900,30.202999,2.071400
1,1,39.509363,31.945202,3.018500,32.103199,1.785200
1,1,39.540508,31.145699,2.883000,31.221201,1.755200
1,1,39.571534,31.025797,3.165700,31.586800,1.705000
1,1,39.604308,32.773603,2.955800,32.367901,1.765900
1,1,39.634902,30.594200,2.843100,30.963600,1.942500
1,1,39.661702,26.799798,2.325100,26.580999,2.092400
1,1,39.693495,31.793002,2.352400,31.822001,1.898100
1,1,39.728558,35.062898,2.604600,34.511299,2.313300
1,1,39.758042,29.484801,3.030100,29.886299,2.334300
1,1,39.791576,33.533402,3.121500,33.223900,2.256400
1,1,39.823235,31.658798,3.359800,31.854099,2.398900
1,1,39.854793,31.558000,3.082800,31.084000,2.316900
1,1,39.885699,30.906502,3.507900,31.612200,2.323300
1,1,39.910110,24.410699,2.511100,24.444201,1.870300
1,1,39.942107,31.996801,2.262200,31.475100,2.071200
1,1,39.973765,31.657998,3.029700,32.146400,1.980100
1,1,40.005613,31.847902,2.457300,31.763100,1.823100
1,1,40.032699,27.086001,2.595400,26.618799,1.717000
1,1,40.065151,32.451998,2.875400,31.858999,1.744200
1,1,40.093473,28.322298,3.497700,29.078199,2.109700
1,1,40.126092,32.619301,3.018900,32.260899,2.089700
1,1,40.149356,23.264199,3.260100,22.926800,2.384800
1,1,40.172422,23.065303,3.691900,24.089701,2.198000
1,1,40.192026,19.603897,2.609600,19.270599,2.140900
1,1,40.220009,27.983703,2.931400,27.855101,2.160300
1,1,40.246761,26.751898,2.934300,26.993000,2.081000
1,1,40.278149,31.387899,2.666500,31.380800,1.800000
1,1,40.310173,32.024000,2.600900,30.946100,1.757600
1,1,40.341000,30.827101,3.655300,32.202000,1.911500
1,1,40.373266,32.265700,2.289600,31.702000,2.051400
1,1,40.397752,24.485800,2.977100,25.062201,1.816400
1,1,40.435472,37.720099,2.003900,37.497200,1.917700
1,1,40.460640,25.167800,2.398000,25.361799,1.736400
1,1,40.492131,31.491600,2.136400,30.953600,1.795500
1,1,40.522419,30.287702,2.701300,30.899900,1.746200
1,1,40.554110,31.691097,2.080800,30.957300,2.142900
1,1,40.579337,25.227003,2.775500,25.382000,1.828700
1,1,40.610559,31.222399,2.738700,31.294300,1.634200
1,1,40.641905,31.346001,2.537100,31.233101,1.986900
1,1,40.674635,32.729700,3.042700,32.815399,2.419800
1,1,40.708393,33.757400,3.469300,33.445499,2.302300
1,1,40.737563,29.170200,3.810200,29.316200,2.443800
1,1,40.766669,29.106699,3.546600,29.155701,2.174200
1,1,40.796917,30.247200,3.110700,30.161100,2.124300
1,1,40.828924,32.007698,2.989200,31.922300,2.271000
1,1,40.861107,32.183200,2.928700,31.910601,2.151700
1,1,40.892324,31.216003,3.003600,31.567499,2.221800
1,1,40.924164,31.840798,2.838400,31.639700,2.649400
1,1,40.954902,30.737601,3.325700,31.119600,2.519800
1,1,40.982110,27.207900,3.575800,27.396000,1.840600
1,1,41.017973,35.863198,2.897800,35.528301,1.867400
1,1,41.043582,25.609203,2.650800,25.877800,1.984000
1,1,41.074639,31.057298,2.363100,30.790001,1.837900
1,1,41.105723,31.083502,2.604900,31.580700,1.794300
1,1,41.136383,30.659698,2.023500,30.288300,2.058900
1,1,41.168039,31.656202,2.794100,31.603600,2.003300
1,1,41.192606,24.567500,2.455500,24.531300,1.569600
1,1,41.225418,32.811198,2.437700,32.536999,1.950400
1,1,41.256454,31.036001,2.826500,31.275999,1.811100
1,1,41.286831,30.377898,2.436900,30.174900,1.604900
1,1,41.319065,32.233503,2.560600,32.674702,1.681400
1,1,41.344793,25.727700,2.311600,25.474600,1.572200
1,1,41.375787,30.994598,2.344100,30.921700,1.602700
1,1,41.406788,31.001199,2.683100,31.275299,2.074900
1,1,41.437110,30.321300,2.149100,30.263399,1.762900
1,1,41.469263,32.153402,2.276600,31.820999,1.421500
1,1,41.495374,26.110999,2.761600,26.520800,1.631500
1,1,41.525172,29.797602,2.253800,29.419800,1.884100
1,1,41.559657,34.484897,3.035900,33.648300,1.661400
1,1,41.590010,30.353002,4.763500,31.137400,1.856200
1,1,41.621185,31.175699,2.894900,31.413700,2.475100
1,1,41.653847,32.661900,2.383900,32.060799,1.665500
1,1,41.684890,31.042799,3.007700,31.431801,2.272100
1,1,41.712357,27.467001,2.627700,27.382999,1.576800
1,1,41.743720,31.363100,2.571100,31.554199,1.698600
1,1,41.775263,31.542499,2.590200,31.008600,1.591800
1,1,41.807613,32.350302,3.153800,32.606701,2.060200
1,1,41.837947,30.333798,2.872400,30.239401,2.276300
1,1,41.869188,31.241700,3.679300,31.476700,1.516200
1,1,41.903021,33.832900,2.459200,33.910999,1.727400
1,1,41.936027,33.005700,2.318300,32.894699,1.774600
1,1,41.963171,27.143899,2.743600,27.078800,1.795500
1,1,41.994238,31.066701,2.624200,31.142401,1.719800
1,1,42.026115,31.877201,2.341300,31.380600,1.767100
1,1,42.057065,30.949801,2.960400,31.302601,1.955200
1,1,42.087061,29.996198,2.589600,30.007299,1.598500
1,1,42.119147,32.086201,2.733900,31.993900,1.798800
1,1,42.145585,26.437800,2.583400,26.068701,1.846600
1,1,42.175404,29.819399,2.860400,29.674299,1.649400
1,1,42.207919,32.514300,3.055200,33.029099,1.792000
1,1,42.239200,31.281099,2.733800,31.410000,1.989700
1,1,42.270703,31.503603,2.680600,31.480801,3.084100
1,1,42.298102,27.398597,2.425000,27.185101,1.847000
1,1,42.327429,29.327001,2.785400,29.320101,1.735300
1,1,42.357645,30.216102,2.641700,30.430300,1.584500
1,1,42.387922,30.277297,2.510800,30.223600,2.037400
1,1,42.418756,30.834101,2.778800,30.769699,1.740000
1,1,42.445327,26.571002,2.576800,26.924999,1.575500
1,1,42.476655,31.327698,2.058200,31.153601,1.454400
1,1,42.508867,32.211900,2.267800,31.812500,1.713100
1,1,42.540684,31.817302,2.822400,31.957001,2.250600
1,1,42.571480,30.795697,2.772400,31.003201,1.999300
1,1,42.603336,31.856000,3.106700,31.692200,2.011900
1,1,42.630761,27.425300,2.972000,27.719299,2.348800
1,1,42.661643,30.881800,2.311400,30.816200,1.947700
1,1,42.693433,31.789802,2.245200,31.318800,1.995500
1,1,42.725318,31.885099,2.771800,31.876499,1.982300
1,1,42.758474,33.156201,3.286100,32.268299,1.925900
1,1,42.788882,30.407999,4.868300,31.565599,2.044700
1,1,42.821405,32.522600,3.210200,32.459301,2.147300
1,1,42.853927,32.522202,2.608700,32.476101,2.395000
1,1,42.882997,29.070199,2.790000,28.790701,2.569400
1,1,42.915048,32.050800,2.897100,32.358700,2.590500
1,1,42.944627,29.578902,2.484100,29.560600,1.727100
1,1,42.976583,31.955697,2.556200,31.646700,1.732300
1,1,43.009436,32.853402,2.807200,33.116001,1.987900
1,1,43.041937,32.500800,2.622600,32.382900,1.846700
1,1,43.077209,35.272598,3.117700,31.930500,2.362400
1,1,43.108395,31.186003,6.523700,33.956100,1.608400
1,1,43.139579,31.183198,3.731300,31.773500,2.562300
1,1,43.170600,31.021900,2.875000,30.906799,3.271100
1,1,43.199164,28.563701,2.856400,28.635700,1.920300
1,1,43.231604,32.439798,2.628100,32.426102,1.821500
1,1,43.260157,28.552599,2.558500,28.615400,1.796000
1,1,43.293012,32.855701,2.599100,32.575500,1.895400
1,1,43.326037,33.025101,3.026000,33.070099,2.042900
1,1,43.358556,32.518700,2.922300,32.697300,2.008700
1,1,43.392411,33.854600,2.829800,33.908100,2.051700
1,1,43.426678,34.267701,2.871800,33.817001,1.965200
1,1,43.456700,30.021798,2.957400,30.371599,1.739300
1,1,43.487615,30.914601,2.577100,31.276300,1.542100
1,1,43.521194,33.579700,2.146900,32.984798,1.631100
1,1,43.553484,32.289401,2.709500,32.309700,1.547400
1,1,43.586311,32.826900,4.280700,33.041302,1.831100
1,1,43.611668,25.357399,2.654400,25.544100,1.549500
1,1,43.644996,33.327602,2.190300,33.173000,1.616200
1,1,43.675097,30.101497,2.797900,29.927799,2.114800
1,1,43.709138,34.040302,2.916000,33.745201,1.963600
1,1,43.740554,31.415999,3.547000,31.985100,2.372500
1,1,43.772875,32.321099,2.435100,32.424500,2.303300
1,1,43.803540,30.665703,2.398700,30.494499,2.283900
1,1,43.835218,31.677697,2.498000,31.863001,1.757000
1,1,43.865074,29.856201,2.292100,29.342899,1.781300
1,1,43.893108,28.033499,2.630400,28.243500,1.741700
1,1,43.924703,31.595301,2.890600,31.478500,2.065800
1,1,43.955835,31.131402,3.270000,31.465500,1.719200
1,1,43.988488,32.653298,2.553100,32.478001,1.667600
1,1,44.019197,30.708902,4.081200,30.688601,1.613900
1,1,44.052554,33.356898,2.620700,33.567501,1.784200
1,1,44.084857,32.303803,2.300600,31.895000,1.976900
1,1,44.111052,26.194599,2.627600,26.689400,1.645000
1,1,44.144469,33.417001,2.147000,32.946899,1.697200
1,1,44.176967,32.497898,2.563200,31.753599,1.778400
1,1,44.208092,31.125501,3.548200,31.907101,1.878600
1,1,44.240527,32.434899,3.180000,32.414501,1.768300
1,1,44.271920,31.393100,2.915900,31.242800,1.994900
1,1,44.302024,30.104000,3.081100,30.599501,1.841500
1,1,44.335941,33.916902,2.635100,33.672699,1.514300
1,1,44.361414,25.473200,3.221300,25.638500,1.729900
1,1,44.393432,32.017700,2.331000,31.804501,1.752100
1,1,44.426169,32.737199,2.614000,32.879902,1.712600
1,1,44.458397,32.227200,2.525300,31.456699,1.689700
1,1,44.487943,29.546801,3.269700,30.152700,1.692900
1,1,44.520103,32.159299,2.750100,32.238201,1.564800
1,1,44.552089,31.986702,2.527800,31.778200,1.607100
1,1,44.578946,26.856899,2.426500,26.860001,1.579900
1,1,44.610581,31.634498,2.565300,31.082100,1.599100
1,1,44.641348,30.767102,2.928900,31.520901,1.923400
1,1,44.672924,31.575799,2.386100,31.461300,1.917600
1,1,44.704306,31.382099,2.640100,31.520100,1.874900
1,1,44.736579,32.273103,2.431400,32.147202,1.862900
1,1,44.764766,28.186601,2.292000,28.334900,2.003900
1,1,44.793956,29.190097,2.576500,29.117399,1.572100
1,1,44.826433,32.477900,2.450200,31.639000,1.782600
1,1,44.857155,30.721400,3.301800,31.440599,1.976900
1,1,44.888468,31.313103,2.410500,31.289900,1.777400
1,1,44.922079,33.611197,2.610400,33.494400,2.192200
1,1,44.952033,29.954001,2.791700,30.109800,1.989800
1,1,44.979957,27.923599,2.585200,27.666800,1.752100
1,1,45.009444,29.486902,2.705700,29.840099,2.167000
1,1,45.041441,31.996999,2.546100,31.596201,1.799700
1,1,45.072962,31.521700,3.080900,31.846001,1.870300
1,1,45.105129,32.166500,2.551400,31.962601,1.729500
1,1,45.140086,34.957599,2.712900,33.523800,1.991700
1,1,45.162713,22.626303,4.465100,24.549700,2.420900
1,1,45.196141,33.428397,2.888800,33.002899,2.545000
1,1,45.227188,31.046901,2.564300,31.015900,1.783200
1,1,45.259162,31.974200,2.939200,31.595100,2.100000
1,1,45.289903,30.740499,3.454700,31.364700,2.268100
1,1,45.320223,30.320100,2.378600,30.134199,1.856000
1,1,45.345997,25.773700,2.619200,26.054701,1.974100
1,1,45.377099,31.102099,2.195800,30.356899,1.904200
1,1,45.409019,31.920101,2.917700,31.804800,2.127600
1,1,45.440607,31.588200,3.266800,31.880301,2.071300
1,1,45.471735,31.127598,3.775700,31.218300,2.111400
1,1,45.502654,30.919302,3.406600,31.203600,2.000300
1,1,45.529610,26.956201,2.805900,26.248199,2.280900
1,1,45.561329,31.718798,3.245700,32.148102,2.087800
1,1,45.593060,31.731401,3.195300,31.499001,1.994200
1,1,45.624703,31.642400,3.276100,31.572901,2.268400
1,1,45.655719,31.016499,3.148200,31.251499,2.074400
1,1,45.688647,32.928001,2.822500,33.248001,1.779400
1,1,45.719735,31.088099,2.512100,30.879700,1.788400
1,1,45.753876,34.140401,2.750300,34.077000,2.138800
1,1,45.784958,31.082600,2.677300,31.385300,2.035600
1,1,45.808988,24.029799,2.353400,23.850500,1.614300
1,1,45.840863,31.874500,2.416600,31.973801,1.761600
1,1,45.872110,31.247802,2.474000,31.131901,2.123800
1,1,45.899044,26.933398,2.388900,27.080500,1.657900
1,1,45.928959,29.915303,2.297300,29.600901,1.955900
1,1,45.960081,31.121898,2.454600,31.216600,1.520000
1,1,45.991868,31.787101,2.395800,31.673599,1.613300
1,1,46.024966,33.097498,2.634300,33.135300,1.967700
1,1,46.054726,29.760599,2.446100,30.041000,1.813700
1,1,46.085687,30.961301,2.043300,30.636600,1.610100
1,1,46.113545,27.857099,2.451900,28.058500,1.504800
1,1,46.145350,31.805702,2.325900,31.530001,1.508700
1,1,46.176209,30.858599,2.522100,30.939400,1.826500
1,1,46.208009,31.799901,2.435800,31.791201,1.675100
1,1,46.240480,32.471400,2.435400,32.635101,1.722100
1,1,46.272121,31.640500,2.469200,31.411301,1.864500
1,1,46.303378,31.257600,2.776200,31.497499,1.728000
1,1,46.336411,33.032600,2.474900,32.954601,1.557800
1,1,46.365244,28.833002,2.387300,28.502399,1.697400
1,1,46.394899,29.655099,2.749700,29.884199,1.678100
1,1,46.426242,31.343002,2.562100,31.326599,1.807700
1,1,46.458376,32.134298,3.091200,32.054298,1.882000
1,1,46.489246,30.869700,3.179800,30.512300,1.882100
1,1,46.520937,31.691201,3.145700,31.892300,1.791200
1,1,46.552670,31.733200,3.209700,32.040199,1.779800
1,1,46.579144,26.473798,2.609200,26.535801,1.758600
1,1,46.612142,32.997303,2.395500,32.899502,1.633900
1,1,46.645017,32.875597,2.331700,32.508598,1.505300
1,1,46.676451,31.434301,2.867100,31.698200,1.958300
1,1,46.708542,32.091100,2.615900,31.916201,1.905900
1,1,46.741346,32.803800,2.515900,32.686001,1.918600
1,1,46.773247,31.900901,2.953900,32.535500,1.641000
1,1,46.803386,30.138899,1.887300,29.684401,1.955200
1,1,46.828905,25.518902,2.438900,25.504499,1.531200
1,1,46.861064,32.158699,2.512300,31.620800,1.581300
1,1,46.893296,32.232601,2.908500,32.746899,1.910700
1,1,46.924301,31.004697,2.462600,30.933201,2.046900
1,1,46.956715,32.414302,2.516900,32.878101,2.225500
1,1,46.987246,30.530401,2.030100,30.304100,1.919000
1,1,47.020266,33.020098,2.221400,32.987801,1.755800
1,1,47.048566,28.300602,2.252100,28.235399,1.973100
1,1,47.077115,28.549097,2.522500,28.363600,1.874000
1,1,47.111123,34.007501,2.540500,34.023899,1.984800
1,1,47.144898,33.775199,2.480100,33.990398,1.828900
1,1,47.178385,33.486500,2.143800,33.067501,1.778000
1,1,47.211652,33.266902,2.625000,33.759998,1.785100
1,1,47.244376,32.724399,2.025300,32.228298,1.574500
1,1,47.278095,33.718500,2.629000,33.911201,2.514300
1,1,47.309953,31.858698,2.628000,31.975401,1.865300
1,1,47.342303,32.349702,2.318900,32.180000,1.909700
1,1,47.373980,31.677399,2.532000,31.673800,2.179900
1,1,47.405862,31.881500,2.573200,31.931700,1.922400
1,1,47.439053,33.190999,2.287900,33.100700,1.562300
1,1,47.467467,28.414402,2.879300,28.306000,1.877500
1,1,47.503116,35.648499,2.680000,35.988602,1.852300
1,1,47.529929,26.813600,2.198600,26.687799,1.720900
1,1,47.565352,35.422601,2.214200,35.185501,2.033100
1,1,47.594914,29.561900,3.330200,29.571800,2.141900
1,1,47.628406,33.491999,2.684000,33.548401,1.776500
1,1,47.659674,31.267803,2.436300,30.938000,1.899000
1,1,47.693457,33.783797,2.804200,33.915901,1.942500
1,1,47.727216,33.758800,2.982700,33.598900,2.179300
1,1,47.761223,34.006599,3.033600,33.710899,2.259900
1,1,47.793798,32.575700,3.569700,33.128799,2.025200
1,1,47.826735,32.936502,2.739900,32.333698,2.032600
1,1,47.858441,31.705998,3.391600,32.193298,2.281700
1,1,47.890898,32.457501,2.926500,32.182400,2.141000
1,1,47.922339,31.440798,4.116400,32.017899,2.265100
1,1,47.953421,31.082202,2.849500,30.675900,1.991100
1,1,47.979766,26.344702,2.965500,26.313900,1.822400
1,1,48.011041,31.274997,2.779700,31.042400,2.046800
1,1,48.042993,31.952001,3.098000,32.237301,2.198000
1,1,48.073630,30.637000,2.764100,30.717800,2.159700
1,1,48.105511,31.880502,2.782900,32.119499,2.616400
1,1,48.142218,36.707200,2.425300,31.813700,2.317900
1,1,48.168800,26.581999,7.425500,30.527599,1.979500
1,1,48.197299,28.498601,4.005900,28.911800,2.346900
1,1,48.229109,31.810500,2.689500,31.843000,2.007300
1,1,48.261748,32.639399,2.734400,32.387699,2.115800
1,1,48.296363,34.614202,3.135900,34.323700,2.450800
1,1,48.328708,32.345098,3.634300,32.370098,2.252000
1,1,48.359662,30.954000,3.808100,31.409500,2.553200
1,1,48.389941,30.279502,3.655100,30.300501,2.890500
1,1,48.422633,32.691900,3.361700,32.678799,2.330000
1,1,48.451441,28.807800,3.241400,28.884899,2.146600
1,1,48.486975,35.534300,2.970900,35.494400,1.902300
1,1,48.511853,24.877399,2.832200,24.864700,2.049300
1,1,48.545613,33.760000,2.677900,33.714802,2.060200
1,1,48.576086,30.473001,2.704300,30.656799,1.832500
1,1,48.608115,32.029700,2.699000,31.905800,1.950300
1,1,48.639603,31.487398,2.717100,31.749500,2.316400
1,1,48.671947,32.344501,2.832500,32.282398,2.103000
1,1,48.704053,32.105498,2.570900,31.901199,2.292900
1,1,48.738083,34.030400,2.647900,33.963100,2.015300
1,1,48.763766,25.683001,2.743100,25.665501,1.725500
1,1,48.795402,31.635500,2.639800,31.877300,1.664400
1,1,48.825507,30.104998,2.312700,30.073799,1.740200
1,1,48.858302,32.795001,2.383300,32.516899,1.966900
1,1,48.890392,32.090303,2.865100,32.570202,1.837000
1,1,48.922013,31.620797,2.420200,31.397400,2.063600
1,1,48.952558,30.545801,2.218000,30.185499,1.866100
1,1,48.978908,26.349202,2.856600,26.847000,1.709900
1,1,49.010553,31.645600,2.329900,31.090500,1.514800
1,1,49.042498,31.944498,2.817800,32.265301,1.830300
1,1,49.075053,32.555401,2.560900,32.534302,1.699500
1,1,49.105969,30.915700,2.482600,31.012600,2.739000
1,1,49.138198,32.229498,2.476300,32.229198,1.702600
1,1,49.170230,32.031700,2.607900,32.050701,1.480100
1,1,49.202956,32.726202,2.374400,32.299099,2.010000
1,1,49.236871,33.914700,2.932300,34.272099,1.593300
1,1,49.264061,27.190000,2.512200,26.879000,2.344200
1,1,49.296421,32.360401,3.965200,32.633099,1.768000
1,1,49.327613,31.191099,2.501500,30.885900,1.929700
1,1,49.359189,31.576999,3.074100,31.812201,2.235900
1,1,49.390883,31.693701,2.898800,31.399300,2.686200
1,1,49.424749,33.865899,2.812500,33.626301,2.075600
1,1,49.454527,29.778101,3.069800,30.169300,2.298600
1,1,49.487329,32.802202,2.940000,32.878300,1.661100
1,1,49.511977,24.647698,2.376900,24.644899,1.745100
1,1,49.543979,32.001901,2.451700,31.627800,2.102800
1,1,49.576827,32.848198,2.734100,32.872398,1.687000
1,1,49.609218,32.391202,3.575300,32.799702,1.991400
1,1,49.643000,33.781901,2.607100,33.738499,1.698300
1,1,49.675935,32.934200,2.489700,32.853802,1.853300
1,1,49.711256,35.321899,3.067600,34.906799,1.968700
1,1,49.744026,32.769598,3.350800,32.811298,1.685000
1,1,49.776291,32.265101,2.895000,32.266300,1.851600
1,1,49.808235,31.943902,2.981400,32.302502,2.098500
1,1,49.839861,31.625997,2.823000,31.773001,1.705000
1,1,49.871238,31.377103,2.395300,31.087999,2.074500
1,1,49.904061,32.823198,2.753700,32.932701,1.627700
1,1,49.929703,25.641501,2.436300,25.689100,1.714600
1,1,49.960775,31.072300,2.292400,31.163000,1.621100
1,1,49.992698,31.922799,2.261400,31.992701,1.821100
1,1,50.024645,31.947501,2.312100,31.433201,1.689200
1,1,50.056267,31.621899,2.892000,32.128799,1.937700
1,1,50.088235,31.968001,2.162700,30.764799,2.053500
1,1,50.119972,31.736799,4.316700,32.556801,1.584900
1,1,50.147736,27.764302,3.368100,27.721001,2.303100
1,1,50.178123,30.386299,2.710800,30.340599,1.931900
1,1,50.209795,31.672701,2.947100,30.770300,2.337700
1,1,50.241227,31.431399,3.867500,32.188099,2.216400
1,1,50.273698,32.470901,3.721000,32.847900,2.238100
1,1,50.305775,32.077599,2.590000,32.170601,2.599200
1,1,50.333417,27.642101,2.492300,27.517700,2.153800
1,1,50.363439,30.021399,2.492600,29.927401,1.713200
1,1,50.393287,29.848199,2.645700,29.791800,1.666300
1,1,50.425074,31.786900,2.543700,31.825500,2.229700
1,1,50.455910,30.835900,2.557800,30.927900,1.637500
1,1,50.487840,31.930100,2.485300,32.009701,1.753100
1,1,50.520578,32.738000,2.740900,32.693600,1.561800
1,1,50.549148,28.570000,2.297700,28.458500,1.874200
1,1,50.577328,28.180398,2.589000,27.889500,1.940600
1,1,50.609122,31.793300,3.004100,31.981100,1.965600
1,1,50.640683,31.561803,3.186400,31.619400,2.330700
1,1,50.673627,32.943498,3.136800,32.700100,2.281400
1,1,50.707031,33.403799,2.629700,32.900002,2.234700
1,1,50.736018,28.987702,3.661300,28.759300,3.345700
1,1,50.764578,28.559998,4.173000,29.104099,2.672300
1,1,50.795898,31.319600,3.328600,31.364100,2.732000
1,1,50.827548,31.650200,3.141300,31.417000,2.122200
1,1,50.858539,30.990701,3.219700,31.291000,2.561500
1,1,50.891167,32.627601,3.172900,32.651100,2.264100
1,1,50.923201,32.034200,3.093100,32.139400,2.294500
1,1,50.954038,30.837201,2.437700,30.635201,2.162900
1,1,50.987729,33.691000,3.114700,33.730900,2.422800
1,1,51.014382,26.652899,2.774700,27.055201,2.197900
1,1,51.046545,32.163300,2.242400,31.828199,1.904600
1,1,51.080590,34.045000,2.592900,33.427502,1.996400
1,1,51.111588,30.997701,3.378700,31.650499,2.197900
1,1,51.144770,33.182699,2.714400,32.772800,1.757300
1,1,51.178105,33.334199,3.063800,33.455101,2.543400
1,1,51.210971,32.866202,2.856400,32.612598,2.047900
1,1,51.243719,32.748200,3.328100,33.169601,2.356000
1,1,51.278631,34.912299,2.863500,33.549198,2.295500
1,1,51.309168,30.536998,4.365900,31.562300,2.342600
1,1,51.342687,33.518299,3.148400,33.763802,2.055100
1,1,51.373680,30.993700,3.218100,31.166100,2.067100
1,1,51.406544,32.863900,2.580800,33.163601,2.041200
1,1,51.439546,33.001300,2.279000,32.768799,2.042600
1,1,51.471367,31.821400,2.400300,31.808500,1.624000
1,1,51.499557,28.189503,2.452700,28.119499,1.813100
1,1,51.531712,32.155897,2.378200,31.722200,2.071700
1,1,51.572284,40.571701,2.859200,41.182201,1.696400
1,1,51.605565,33.281099,2.361800,32.950298,2.099600
1,1,51.637912,32.346901,2.696000,32.610500,1.750500
1,1,51.673183,35.270602,2.111900,35.136002,2.043000
1,1,51.703855,30.672301,2.378400,30.691299,1.761000
1,1,51.736854,32.998901,2.292700,32.758900,1.873800
1,1,51.765810,28.956097,2.545700,29.284700,1.924800
1,1,51.798589,32.778900,2.260900,32.453701,2.032100
1,1,51.826840,28.250702,2.778300,28.254000,1.961200
1,1,51.858974,32.134201,2.582900,32.203999,1.841000
1,1,51.890988,32.014698,2.801300,31.919399,1.913900
1,1,51.920858,29.869501,2.859000,29.846300,1.847100
1,1,51.948908,28.049901,2.601400,28.254299,1.887500
1,1,51.979121,30.213099,2.200100,30.233700,1.896400
1,1,52.011864,32.743100,2.354300,32.653198,1.742900
1,1,52.042218,30.353799,2.297400,30.371099,1.715600
1,1,52.073285,31.067099,2.262200,31.208300,1.738000
1,1,52.105335,32.049902,2.190300,31.908800,1.674500
1,1,52.137033,31.698298,2.339600,31.687599,1.931100
1,1,52.169548,32.514900,2.198200,32.212700,1.530400
1,1,52.196159,26.610702,2.768100,26.893700,1.557500
1,1,52.227518,31.358998,2.280400,30.972401,1.589600
1,1,52.257762,30.244201,2.900500,30.626900,2.148900
1,1,52.288103,30.340601,2.534400,30.268900,1.777100
1,1,52.313764,25.661498,2.668100,25.434200,1.761800
1,1,52.345887,32.122500,3.068000,32.181999,1.590000
1,1,52.376142,30.255701,2.514500,30.114901,1.721100
1,1,52.408176,32.033999,2.624400,32.043598,1.658700
1,1,52.439570,31.393901,2.737400,31.334499,1.817300
1,1,52.471679,32.108899,2.617100,32.126801,1.613300
1,1,52.504633,32.953601,2.794700,33.212101,1.490700
1,1,52.536096,31.463400,2.302300,31.391100,1.890700
1,1,52.561605,25.508899,2.397700,25.225201,2.026800
1,1,52.593504,31.899299,3.009600,32.116901,1.734600
1,1,52.626472,32.967400,3.060100,32.931599,1.844600
1,1,52.659912,33.440303,2.633700,33.091801,1.597500
1,1,52.694700,34.788400,2.925900,33.901699,1.731500
1,1,52.727513,32.812897,3.871600,33.750099,1.615500
1,1,52.759666,32.152802,2.910000,32.318298,1.845000
1,1,52.792212,32.546099,3.193100,32.766399,2.066100
1,1,52.826110,33.897702,2.750900,33.658600,1.773600
1,1,52.857494,31.384598,2.787900,31.490900,1.845700
1,1,52.888216,30.721799,2.506500,30.545099,2.084500
1,1,52.920309,32.092303,2.592700,32.265202,1.717600
1,1,52.949180,28.871000,2.471000,28.777201,1.640900
1,1,52.977266,28.085999,2.529300,28.134501,1.736300
1,1,53.009528,32.261901,2.554300,32.216702,2.101800
1,1,53.040265,30.737299,2.611600,31.083300,1.728000
1,1,53.071402,31.137299,2.019900,30.893101,1.798300
1,1,53.103322,31.919502,2.353700,31.822001,1.541400
1,1,53.130528,27.206700,2.518500,27.156300,1.825500
1,1,53.168952,38.423300,2.733500,38.353199,1.701100
1,1,53.195742,26.790299,2.530900,26.784000,1.580900
1,1,53.231415,35.672799,2.597700,31.464600,1.641300
1,1,53.258947,27.532101,6.918700,31.728600,1.886300
1,1,53.292291,33.343900,3.141200,32.948601,2.601100
1,1,53.327359,35.068501,3.210400,35.075802,2.147900
1,1,53.361017,33.658002,3.319500,33.788898,1.821700
1,1,53.392480,31.462997,3.000900,31.668501,1.847000
1,1,53.425942,33.461403,2.729800,33.649700,1.912800
1,1,53.458450,32.507997,3.802700,32.393398,1.873500
1,1,53.492436,33.986401,2.731100,33.805698,1.726500
1,1,53.523758,31.321902,2.883700,31.517300,2.256400
1,1,53.555425,31.666998,2.723600,31.527100,2.064800
1,1,53.587536,32.110702,2.886100,32.193699,2.261800
1,1,53.614391,26.855100,3.018500,26.670401,2.776300
1,1,53.645817,31.426098,4.165800,31.482901,1.643800
1,1,53.677909,32.091800,2.603300,31.794300,2.046400
1,1,53.709900,31.991400,3.179400,32.223400,2.024700
1,1,53.742815,32.915402,2.930000,32.777500,2.422300
1,1,53.773959,31.143099,3.573800,31.549400,1.847800
1,1,53.806062,32.103099,2.687100,32.037201,2.189800
1,1,53.838443,32.380901,2.954300,32.466202,2.001600
1,1,53.870311,31.868801,2.401700,31.721901,1.896000
1,1,53.896097,25.785498,2.467800,25.900801,1.772400
1,1,53.927997,31.900201,2.366400,31.063000,1.925900
1,1,53.958571,30.573800,3.198900,31.244301,1.666400
1,1,53.989438,30.866899,2.464200,30.809999,1.558000
1,1,54.021028,31.590700,2.685500,32.009499,1.746400
1,1,54.049383,28.354399,2.085400,28.127399,1.727200
1,1,54.078421,29.038001,2.275300,28.999399,1.715800
1,1,54.111238,32.817502,2.316100,32.556900,1.821600
1,1,54.143311,32.072600,2.607200,32.046299,1.823000
1,1,54.177215,33.903901,2.605200,33.919300,1.786700
1,1,54.210800,33.585500,2.737100,33.851299,1.650400
1,1,54.243552,32.751400,2.584500,32.459702,1.737500
1,1,54.275188,31.636197,2.659500,31.799801,1.710500
1,1,54.306469,31.281002,2.636800,31.294800,1.735600
1,1,54.338169,31.700198,2.347000,31.612400,1.769200
1,1,54.368954,30.784901,2.645200,30.865499,1.643200
1,1,54.395900,26.946500,2.389700,27.249100,1.654900
1,1,54.429304,33.403102,1.981900,33.117699,1.625700
1,1,54.459961,30.657597,2.231100,30.657400,1.961800
1,1,54.492219,32.258000,2.280900,32.145000,1.692000
1,1,54.524600,32.380503,3.441300,32.451599,1.823600
1,1,54.556018,31.418100,2.538700,31.372101,1.950400
1,1,54.588977,32.959599,2.489300,33.030998,1.676000
1,1,54.620660,31.682499,2.776000,31.793200,1.679600
1,1,54.649220,28.560299,2.396500,28.231899,1.933800
1,1,54.680286,31.066202,2.524300,31.230000,1.435200
1,1,54.712988,32.702100,2.700400,32.317001,1.968100
1,1,54.745644,32.655399,3.811400,31.934299,2.330800
1,1,54.778418,32.774601,4.022500,32.302898,2.425900
1,1,54.810410,31.991899,4.516200,33.360001,2.984900
1,1,54.842250,31.839702,3.163500,31.787399,2.116600
1,1,54.873882,31.631798,3.403400,31.893000,2.021100
1,1,54.906106,32.223802,2.734100,31.919100,2.233600
1,1,54.931368,25.262799,3.063800,25.459600,2.483500
1,1,54.964377,33.008400,4.199600,32.669102,1.914700
1,1,54.996426,32.049000,2.908800,32.461498,1.888700
1,1,55.029188,32.762598,2.414300,31.971201,1.685300
1,1,55.062734,33.545300,3.314000,34.129200,2.281600
1,1,55.094930,32.196201,2.937600,31.705200,1.981100
1,1,55.126421,31.491101,3.098500,32.092602,2.128600
1,1,55.160926,34.504499,2.519300,34.237400,1.858900
1,1,55.194251,33.324998,2.985500,33.162102,2.382600
1,1,55.229116,34.865901,3.191800,34.298302,2.470500
1,1,55.261880,32.763001,3.588900,32.336601,1.902500
1,1,55.296455,34.575898,3.982200,34.152199,2.392700
1,1,55.328476,32.020301,4.531200,33.206402,2.730500
1,1,55.361298,32.821901,5.005800,32.717499,2.241800
1,1,55.395255,33.957701,3.601600,33.064999,2.508600
1,1,55.427030,31.774599,4.544900,32.590302,2.469500
1,1,55.461929,34.899298,3.807500,35.041698,2.395200
1,1,55.495682,33.752602,4.042000,32.559299,2.360500
1,1,55.530550,34.868300,4.457200,35.381699,2.431700
1,1,55.561942,31.392001,4.035000,31.864401,2.412300
1,1,55.606951,45.008998,3.994900,33.424400,2.226800
1,1,55.623838,16.886402,27.256800,20.612900,2.831200
1,1,55.654151,30.313298,13.344900,38.559101,3.447600
1,1,55.689842,35.691302,3.715600,34.712399,2.691800
1,1,55.723552,33.709697,4.726300,32.666801,3.665200
1,1,55.760828,37.275802,6.230700,36.554401,4.003100
1,1,55.794540,33.712700,7.223400,34.589802,3.281600
1,1,55.827589,33.048499,5.494800,33.394199,2.844500
1,1,55.857072,29.483300,4.707000,30.438999,2.813000
1,1,55.888160,31.087499,3.899800,31.829100,3.831000
1,1,55.920647,32.487500,3.559900,32.413200,3.143200
1,1,55.946834,26.186701,3.984900,26.166000,2.672300
1,1,55.978706,31.872500,2.864500,31.599001,2.041700
1,1,56.011116,32.409500,3.073100,32.148701,2.256400
1,1,56.042455,31.339601,3.541300,31.254299,2.188400
1,1,56.073480,31.024497,3.625400,31.314600,2.107000
1,1,56.104535,31.055301,3.588700,31.362400,2.762700
1,1,56.131442,26.906401,3.015400,26.761999,2.391100
1,1,56.164074,32.632399,3.332200,32.278500,2.253200
1,1,56.198957,34.883298,3.241100,35.076500,2.058600
1,1,56.235315,36.357902,3.709500,36.209499,2.097200
1,1,56.262851,27.535699,3.386700,27.732901,2.532300
1,1,56.295719,32.868199,3.054600,32.887501,2.109400
1,1,56.328704,32.984700,2.792900,32.784199,2.067300
1,1,56.361147,32.443002,2.998200,32.394501,2.089900
1,1,56.387566,26.419599,3.255300,25.761499,2.238800
1,1,56.424247,36.680799,16.394899,37.723099,2.708900
1,1,56.454214,29.966902,5.218900,29.507099,2.681900
1,1,56.485904,31.689901,3.738200,30.342501,2.623100
1,1,56.518420,32.515500,19.064501,34.044201,2.554000
1,1,56.550892,32.472700,3.067700,32.117901,2.574800
1,1,56.582666,31.773798,4.123900,31.636299,3.018600
1,1,56.613063,30.396599,4.898400,30.885599,2.728200
1,1,56.650048,36.985204,3.511300,36.069698,2.508100
1,1,56.680749,30.701198,4.429700,31.439899,3.168600
1,1,56.711253,30.504301,4.593300,29.037600,2.656400
1,1,56.741938,30.684400,6.149800,31.628401,3.781400
1,1,56.774910,32.971799,4.944000,33.562000,3.076700
1,1,56.806920,32.010101,3.475700,32.036201,2.876200
1,1,56.839294,32.374799,3.103800,32.450100,2.439800
1,1,56.871556,32.262098,3.188200,32.044800,2.899100
1,1,56.903150,31.593200,3.109800,31.160400,2.098400
1,1,56.936102,32.952502,3.495500,32.683498,2.644100
1,1,56.968951,32.849200,4.406600,33.215698,2.809300
1,1,57.000639,31.688001,3.902700,32.307899,2.751700
1,1,57.029923,29.283397,3.145000,28.863800,2.761900
1,1,57.065366,35.443600,4.068600,35.471600,2.761300
1,1,57.095945,30.578200,3.472600,31.086201,2.356100
1,1,57.123893,27.948301,2.649400,26.756800,2.727000
1,1,57.157513,33.619698,3.948300,34.551601,2.411600
1,1,57.190434,32.921001,2.828600,32.987598,2.194200
1,1,57.226722,36.288202,2.697300,36.285400,2.091100
1,1,57.261638,34.916099,2.666600,34.987000,1.878500
1,1,57.293801,32.163300,2.448200,32.262501,1.953300
1,1,57.322062,28.260600,2.299500,27.681400,1.912700
1,1,57.354630,32.568298,2.807300,32.769600,2.255900
1,1,57.386263,31.632803,2.958900,30.912399,1.994200
1,1,57.417015,30.751698,3.353200,31.705999,2.034000
1,1,57.449743,32.728899,2.455900,32.358200,2.072100
1,1,57.480540,30.796200,3.215100,31.389500,1.916900
1,1,57.512711,32.171302,2.392300,31.922300,1.788200
1,1,57.544110,31.399399,2.446100,31.142099,1.566800
1,1,57.578012,33.901200,2.747100,33.995499,1.473800
1,1,57.610496,32.484300,2.620400,32.304001,1.662100
1,1,57.635539,25.043502,2.939000,25.056801,1.886700
1,1,57.668710,33.170700,2.875800,33.236301,2.327300
1,1,57.700204,31.493597,2.665900,31.533400,2.066200
1,1,57.732683,32.479402,2.656200,32.426498,1.967000
1,1,57.770102,37.419200,2.777500,35.952301,2.236500
1,1,57.801048,30.945901,4.438500,32.207001,3.090300
1,1,57.832725,31.676900,3.193000,31.850901,2.147500
1,1,57.864264,31.538699,2.952500,31.642000,2.029100
1,1,57.895934,31.670399,2.413100,30.898800,1.946900
1,1,57.921443,25.508903,3.151900,26.283100,2.151200
1,1,57.955279,33.835899,2.422200,33.551800,1.756900
1,1,57.986619,31.339999,2.511600,31.763800,2.009800
1,1,58.019756,33.136599,2.198100,31.886499,1.730400
1,1,58.051689,31.933200,3.626000,32.704300,2.214100
1,1,58.084702,33.013601,2.750800,33.006100,1.913600
1,1,58.117169,32.466803,2.857000,32.547600,1.957900
1,1,58.149135,31.966198,3.057600,31.708900,2.140500
1,1,58.181908,32.772701,3.141100,33.189999,1.969100
1,1,58.214557,32.648500,2.518300,32.743301,1.820900
1,1,58.247177,32.620497,2.473000,32.413300,2.152100
1,1,58.280649,33.472303,2.713800,33.780300,1.855000
1,1,58.313649,32.999199,2.418300,32.544701,2.330000
1,1,58.345935,32.286499,3.467700,27.037399,2.038300
1,1,58.374607,28.672099,8.043100,33.933800,1.792700
1,1,58.410577,35.970002,2.788100,36.008202,1.391200
1,1,58.437121,26.544299,2.532300,26.737200,1.877700
1,1,58.469478,32.356001,2.176600,31.679399,1.509600
1,1,58.501483,32.005098,2.965500,32.353100,1.764500
1,1,58.534181,32.698300,2.809500,32.640400,1.890900
1,1,58.568082,33.901103,2.837000,33.862400,1.945200
1,1,58.601006,32.923698,3.400100,33.044899,1.772900
1,1,58.634379,33.373799,3.043700,33.243198,1.967200
1,1,58.667028,32.648399,2.838000,32.899899,2.033700
1,1,58.700527,33.499502,2.759400,33.396599,1.892800
1,1,58.733656,33.128500,2.837300,33.247002,1.852900
1,1,58.763757,30.101500,3.131900,30.252199,1.923200
1,1,58.796980,33.222198,2.478000,33.091801,1.612000
1,1,58.828834,31.854801,2.416100,31.597500,1.601800
1,1,58.861834,32.999702,2.925300,33.008598,1.739300
1,1,58.890311,28.476797,2.779600,28.841499,1.674600
1,1,58.920548,30.236702,2.333700,30.162901,1.764700
1,1,58.951958,31.410798,2.375000,31.285500,1.679100
1,1,58.985562,33.604100,2.477000,33.167500,1.837600
1,1,59.018566,33.003300,3.004100,32.929298,1.951900
1,1,59.050474,31.908501,2.936000,32.160400,1.871300
1,1,59.084246,33.771299,2.952400,34.105499,2.418400
1,1,59.117357,33.111200,2.735800,32.655800,2.092500
1,1,59.151403,34.045901,3.416400,34.301201,1.800700
1,1,59.185379,33.976398,3.027400,33.973099,2.021000
1,1,59.216638,31.259201,2.913100,31.091900,1.715900
1,1,59.251622,34.983598,3.035600,34.836800,2.240300
1,1,59.285463,33.841100,3.394500,33.735600,1.868300
1,1,59.318939,33.475902,3.468100,33.587601,2.337100
1,1,59.353844,34.904700,4.579300,34.972301,2.305700
1,1,59.384490,30.646499,2.813800,30.397800,1.990200
1,1,59.418145,33.655100,3.149300,34.232899,2.149300
1,1,59.451952,33.807002,2.972100,32.762798,2.118200
1,1,59.483152,31.199601,3.842800,31.453600,1.969500
1,1,59.514872,31.720597,3.484100,32.182098,1.938400
1,1,59.547224,32.351501,3.065900,32.383900,1.909300
1,1,59.578089,30.864801,2.817700,30.936600,2.237900
1,1,59.603465,25.376298,3.020600,25.671000,2.018000
1,1,59.635425,31.959701,2.139100,30.999201,1.576000
1,1,59.669118,33.692900,3.256800,33.755299,1.789300
1,1,59.701652,32.534100,3.097800,33.203899,1.618500
1,1,59.732533,30.880801,2.404700,30.886400,1.789900
1,1,59.763521,30.988097,2.355000,30.777800,1.639700
1,1,59.792153,28.632600,2.660700,29.029301,1.634900
1,1,59.829058,36.904901,2.158600,36.943501,1.942300
1,1,59.860649,31.590801,2.037800,31.200899,1.610800
1,1,59.893873,33.224199,2.432600,33.254902,2.214000
1,1,59.927188,33.314999,2.504800,33.480202,1.708400
1,1,59.955355,28.167102,2.292300,28.118401,1.735500
1,1,59.988440,33.084899,2.263700,33.291698,1.949300
1,1,60.023455,35.014499,2.114000,34.577801,1.722900
1,1,60.050927,27.472399,2.548300,27.763500,1.399200
1,1,60.085689,34.761600,2.082800,33.802299,1.780400
1,1,60.117057,31.367902,3.179700,32.195999,1.661300
1,1,60.149932,32.875299,2.278700,32.730598,1.560400
1,1,60.182475,32.542702,2.493400,32.483799,2.031400
1,1,60.216321,33.846296,2.608300,33.842999,1.535300
1,1,60.245867,29.546302,2.597300,29.668600,1.910800
1,1,60.271665,25.797602,2.591800,25.736300,1.661700
1,1,60.304506,32.840896,2.460700,32.848400,1.475100
1,1,60.335963,31.457704,2.400500,31.261101,1.564200
1,1,60.370029,34.066197,2.536400,32.601501,1.542600
1,1,60.401256,31.226803,4.106300,32.369598,1.811300
1,1,60.431755,30.499198,3.204400,31.472300,2.032200
1,1,60.465269,33.513501,2.506400,33.057598,2.106000
1,1,60.495476,30.206900,2.518000,30.362400,1.781100
1,1,60.521575,26.098602,2.268200,25.868799,1.765900
1,1,60.551219,29.644899,2.410400,29.865999,1.628000
1,1,60.582869,31.649400,2.279600,31.402100,1.916100
1,1,60.612717,29.848401,2.823900,30.179800,1.633300
1,1,60.646157,33.440199,2.246800,33.346699,1.429300
1,1,60.673203,27.045701,2.132800,27.224701,2.097700
1,1,60.703112,29.909100,2.192700,29.634701,1.694200
1,1,60.735276,32.163501,2.285100,31.501699,1.845300
1,1,60.766131,30.855600,2.939400,31.354500,1.952700
1,1,60.797783,31.651899,2.407300,31.593399,1.715900
1,1,60.829364,31.581100,2.541500,31.702000,1.654300
1,1,60.861678,32.313898,2.546000,32.238998,1.881700
1,1,60.890534,28.855402,2.501800,28.783400,1.468000
1,1,60.919947,29.413499,2.489900,29.816200,1.440300
1,1,60.950088,30.140601,2.073400,30.007000,1.528800
1,1,60.981417,31.329099,2.092200,31.441900,1.741800
1,1,61.012188,30.771501,2.305200,30.683100,1.981600
1,1,61.045810,33.621497,2.028300,33.431301,1.749600
1,1,61.070983,25.172800,2.268400,25.401600,1.491500
1,1,61.103184,32.201502,2.063000,31.260799,1.857700
1,1,61.134367,31.182900,2.896000,31.715099,1.686500
1,1,61.165417,31.050198,2.442800,31.518700,1.813000
1,1,61.196364,30.946702,1.977400,30.819201,1.561000
1,1,61.224297,27.933098,1.941600,27.837900,1.685800
1,1,61.253220,28.922800,2.277400,28.817301,1.707100
1,1,61.284456,31.236701,2.141700,31.128201,1.532400
1,1,61.316485,32.028101,2.569100,32.129101,1.968800
1,1,61.348713,32.228798,2.475600,32.135502,1.819500
1,1,61.380645,31.931203,2.634900,31.617300,1.830800
1,1,61.412697,32.052200,2.757500,32.581402,1.695000
1,1,61.445487,32.790400,2.247700,32.226299,1.867500
1,1,61.478055,32.568298,2.880500,33.141998,2.020900
1,1,61.504256,26.200302,2.074800,26.204399,1.838700
1,1,61.535849,31.592999,2.219300,31.244900,1.717400
1,1,61.567592,31.743299,2.277600,31.698601,2.157500
1,1,61.598925,31.333301,2.835000,31.683599,1.883100
1,1,61.631181,32.255597,2.404400,31.979500,1.862500
1,1,61.658666,27.485102,2.215000,27.261499,1.801000
1,1,61.697759,39.093200,3.110900,39.179298,2.349600
1,1,61.730106,32.346498,2.569600,32.732399,2.132600
1,1,61.763665,33.559103,2.187000,32.965199,2.234700
1,1,61.790605,26.940398,2.625600,27.292101,3.331500
1,1,61.828495,37.889302,2.315700,37.742802,1.829600
1,1,61.855032,26.537199,2.401000,26.573200,1.669100
1,1,61.886161,31.129200,2.300000,31.315701,1.666100
1,1,61.917718,31.556800,2.206100,31.398500,1.505700
1,1,61.948720,31.001899,2.356100,31.231400,1.736900
1,1,61.979759,31.039100,2.354200,30.923700,1.704500
1,1,62.011515,31.756099,2.127300,31.811199,1.718300
1,1,62.038701,27.186301,2.132800,27.253401,1.707300
1,1,62.069806,31.105001,1.996300,30.593700,1.764700
1,1,62.101442,31.635400,2.667000,31.900999,1.598700
1,1,62.132961,31.519800,2.310600,31.656300,2.084500
1,1,62.164906,31.944402,2.169900,31.896601,1.884100
1,1,62.195437,30.530799,2.164100,30.569401,1.717600
1,1,62.229331,33.894200,1.968200,33.790199,1.400700
1,1,62.261361,32.030098,2.114100,32.221699,1.557000
1,1,62.288803,27.442399,1.893300,27.197100,1.384100
1,1,62.321642,32.838300,2.128300,32.928200,1.784100
1,1,62.353802,32.159902,2.234900,31.735399,1.550400
1,1,62.385365,31.563900,2.506100,31.550301,1.748200
1,1,62.417056,31.690598,2.525500,32.046001,2.226900
1,1,62.449824,32.767702,2.171900,32.541698,1.878200
1,1,62.483669,33.845600,2.557600,33.816399,1.813400
1,1,62.517248,33.578701,2.604600,33.609798,1.558700
1,1,62.547293,30.045297,2.630600,30.143000,1.912900
1,1,62.574147,26.853800,2.582100,26.780399,1.895900
1,1,62.612692,38.544901,2.441100,38.402802,1.598700
1,1,62.643949,31.257402,2.228400,31.421000,1.835000
1,1,62.671499,27.549397,2.328200,27.481400,1.917400
1,1,62.703410,31.911600,2.348200,31.927799,1.697300
1,1,62.735440,32.029901,2.277400,32.130600,1.853400
1,1,62.767113,31.673100,1.956700,31.684700,1.899500
1,1,62.798727,31.613201,2.324000,31.655500,1.786100
1,1,62.830610,31.883199,2.409300,31.864799,1.763200
1,1,62.863412,32.801703,2.170300,32.734100,1.834100
1,1,62.889149,25.737900,2.154900,25.810900,1.921100
1,1,62.923917,34.767497,2.008900,34.752701,1.504600
1,1,62.956365,32.448601,1.903200,32.238499,1.682800
1,1,62.987148,30.782301,2.261700,31.026300,1.734400
1,1,63.018957,31.809300,2.011600,31.495001,1.672500
1,1,63.053136,34.179099,2.410200,33.462799,1.816500
1,1,63.084637,31.501099,3.196900,32.090500,1.885300
1,1,63.116880,32.242902,2.587600,32.280998,1.679400
1,1,63.149319,32.438599,2.448500,32.229099,2.132800
1,1,63.182128,32.809298,3.906600,33.225601,2.139100
1,1,63.213859,31.730503,3.048800,31.585400,1.928000
1,1,63.247293,33.434898,2.585900,33.238400,1.846300
1,1,63.280753,33.459101,2.703500,33.196602,1.838000
1,1,63.310932,30.179601,2.893900,30.536400,1.789100
1,1,63.345067,34.134898,2.505600,34.281799,1.717800
1,1,63.377015,31.948101,2.276600,31.673401,1.715700
1,1,63.411325,34.309302,2.581500,29.072599,1.594500
1,1,63.437907,26.582699,8.476900,31.444099,1.709600
1,1,63.469285,31.377301,3.670900,31.839001,1.611500
1,1,63.501299,32.014500,2.395400,32.032600,1.649700
1,1,63.828749,327.450000,323.678101,23.738501,3.345000
1,1,63.843854,15.104897,8.121200,4.110200,3.768700
1,1,63.862828,18.974300,5.179800,13.587200,2.478900
1,1,63.877393,14.564902,7.497900,13.587200,2.403300
1,1,63.893922,16.529299,4.161400,14.188500,2.403300
1,1,63.915404,21.481700,7.088300,33.806099,2.503500
1,1,63.947352,31.948101,3.075900,31.690901,2.447900
1,1,63.978099,30.746300,3.334700,30.891600,2.538100
1,1,64.009826,31.727500,2.887300,31.661200,2.298000
1,1,64.041536,31.709999,2.745600,31.928101,2.203700
1,1,64.075497,33.960700,2.514900,33.697800,1.922400
1,1,64.100000,24.503700,2.668700,24.778700,1.973100
1,1,64.131601,31.600401,2.396600,31.164700,1.689600
1,1,64.163407,31.806599,2.950600,32.035301,1.952700
1,1,64.196782,33.375099,2.711200,33.192501,2.109200
1,1,64.229138,32.355599,3.204200,32.684700,2.251900
1,1,64.261982,32.844201,2.714000,32.840401,2.117100
1,1,64.294250,32.267801,2.433000,32.181702,1.987800
1,1,64.327503,33.253100,2.569600,33.330399,1.979500
1,1,64.357173,29.669698,2.804900,29.400499,1.947500
1,1,64.396729,39.556500,2.966800,39.672798,2.305600
1,1,64.430558,33.828203,2.671100,33.602600,1.951600
1,1,64.465517,34.959197,3.257000,34.542599,1.930600
1,1,64.499085,33.568200,3.696100,34.097099,2.052500
1,1,64.532947,33.862401,2.874100,33.682800,2.651400
1,1,64.566429,33.481400,2.965800,33.562099,2.160600
1,1,64.599995,33.565901,2.599300,33.373798,2.154900
1,1,64.631346,31.351700,2.940700,31.218500,1.772000
1,1,64.665270,33.923898,2.970500,33.505901,1.879800
1,1,64.697098,31.827603,3.439700,32.446602,1.684500
1,1,64.730007,32.908797,2.942600,33.322498,1.829500
1,1,64.763006,32.999601,2.652100,32.806000,1.838700
1,1,64.793553,30.546699,2.723100,30.450800,1.880800
1,1,64.819963,26.410103,2.869500,26.850800,1.762400
1,1,64.852824,32.860797,2.150000,32.797501,1.954500
1,1,64.882549,29.725101,2.156200,29.297800,1.813100
1,1,64.913552,31.003401,2.503300,30.894100,1.633800
1,1,64.945705,32.152101,2.715200,32.298401,1.655900
1,1,64.978568,32.863099,2.603900,32.833801,2.372900
1,1,65.009654,31.086300,2.449400,31.407900,1.885600
1,1,65.043072,33.417698,2.422500,33.372898,1.754300
1,1,65.076711,33.639103,2.514000,33.391399,1.569200
1,1,65.105283,28.572299,2.789700,28.434700,1.863800
1,1,65.135488,30.205298,2.697800,30.182800,1.687800
1,1,65.171475,35.986602,2.575000,36.055801,1.504700
1,1,65.200379,28.903898,2.879900,29.220200,2.072700
1,1,65.232296,31.917501,2.291800,31.444000,1.860900
1,1,65.265252,32.955300,2.637900,32.800201,2.272900
1,1,65.298336,33.084899,2.872500,33.205898,2.548500
1,1,65.331878,33.541802,2.902100,33.322300,2.127200
1,1,65.364503,32.624498,2.971800,32.936199,2.281700
1,1,65.398077,33.574302,2.915000,32.547001,1.913500
1,1,65.432668,34.590699,3.860600,34.605202,2.308800
1,1,65.471108,38.440000,4.089100,33.293900,1.908000
1,1,65.497743,26.635699,8.842400,32.089802,1.910400
1,1,65.530738,32.994002,5.233700,33.298100,2.360700
1,1,65.562694,31.956300,3.831500,32.330002,2.458600
1,1,65.595199,32.505300,3.035200,32.546001,2.378000
1,1,65.623436,28.237399,2.581500,27.925501,2.634100
1,1,65.654828,31.391200,2.871300,30.786800,2.062100
1,1,65.686299,31.471599,3.480600,31.839300,2.324400
1,1,65.719337,33.038102,3.019300,33.556301,1.941100
1,1,65.750592,31.254999,2.336800,30.896500,1.901700
1,1,65.782943,32.351099,2.860200,32.621498,2.161800
1,1,65.815419,32.476000,2.739000,31.679501,2.072300
1,1,65.847407,31.987701,3.732800,32.390099,2.810800
1,1,65.881728,34.321200,3.356800,34.328800,2.117400
1,1,65.915265,33.536602,3.659000,33.632801,2.242000
1,1,65.947787,32.521997,3.176400,32.442799,2.236800
1,1,65.979918,32.131400,3.004800,32.200901,1.945500
1,1,66.011477,31.558603,3.206900,31.735800,1.786800
1,1,66.044328,32.850698,2.926900,32.553200,1.930300
1,1,66.070044,25.716402,3.258300,25.790400,2.508400
1,1,66.101841,31.796798,3.274600,31.974300,2.188500
1,1,66.132660,30.819200,2.613600,30.738001,1.958400
1,1,66.165232,32.572303,2.634500,32.375702,2.049600
1,1,66.196289,31.056799,2.927200,31.371401,2.585100
1,1,66.228686,32.397099,2.735400,32.230701,1.974700
1,1,66.258934,30.247301,2.647800,30.586000,2.115400
1,1,66.291149,32.215301,2.276800,32.161301,1.976800
1,1,66.318155,27.005699,2.316900,26.687401,1.780800
1,1,66.347787,29.631998,2.503800,29.773600,1.804600
1,1,66.379953,32.166902,2.491300,32.174702,1.735800
1,1,66.413141,33.187300,2.468200,33.169601,1.664900
1,1,66.446656,33.515599,2.394800,33.503700,1.985000
1,1,66.478563,31.906702,2.690200,31.889900,2.087600
1,1,66.510582,32.018401,2.449200,32.147701,1.722800
1,1,66.542763,32.181900,2.165500,31.977501,1.665100
1,1,66.575881,33.117499,2.735100,33.173698,1.940400
1,1,66.608641,32.759998,2.629100,32.499199,1.668100
1,1,66.635173,26.532602,2.734900,26.962799,1.704000
1,1,66.666448,31.274099,2.169400,30.979000,1.789900
1,1,66.698171,31.723700,2.860700,31.584400,1.698600
1,1,66.731515,33.343401,2.675000,33.153599,1.780000
1,1,66.763507,31.992301,3.058600,32.376999,1.734200
1,1,66.795754,32.246798,2.497700,31.899000,1.627600
1,1,66.827094,31.340100,2.891700,31.788401,1.704500
1,1,66.859124,32.029901,2.186200,32.068501,1.439000
1,1,66.888616,29.491801,2.214500,28.949499,1.788300
1,1,66.920991,32.375697,2.710100,32.926800,1.521600
1,1,66.948915,27.924001,2.159100,27.140400,1.420600
1,1,66.983105,34.189500,2.895600,34.420502,1.714700
1,1,67.015080,31.975001,2.685400,31.918301,1.527200
1,1,67.046508,31.428300,2.770600,31.754801,1.897900
1,1,67.080142,33.634201,2.411200,33.687302,1.620700
1,1,67.113645,33.502299,2.453700,32.816002,2.236000
1,1,67.147184,33.538900,3.386100,34.084400,1.797900
1,1,67.183321,36.137700,2.807500,35.196400,1.847800
1,1,67.218266,34.944899,4.636400,35.685699,2.468300
1,1,67.251421,33.155099,2.925000,33.320400,2.298700
1,1,67.283170,31.749301,2.441900,32.035301,1.987200
1,1,67.315507,32.336902,2.162800,31.799601,1.543900
1,1,67.348121,32.613400,2.709100,32.438900,1.524800
1,1,67.379874,31.753097,2.829600,32.178699,1.873000
1,1,67.412568,32.694403,2.501900,32.846699,1.985100
1,1,67.445269,32.700900,2.505800,32.506100,1.861200
1,1,67.475668,30.398499,2.655000,30.298000,1.909300
1,1,67.505681,30.013699,2.655900,29.842800,1.541600
1,1,67.537325,31.643599,2.736300,31.859600,1.392300
1,1,67.567538,30.213501,2.293300,30.195000,1.509900
1,1,67.598478,30.939098,2.668500,30.467199,1.858000
1,1,67.634092,35.614502,3.073600,35.854099,1.923900
1,1,67.665296,31.203698,2.639200,31.262800,1.975200
1,1,67.696894,31.598300,2.514800,31.669800,2.175700
1,1,67.730238,33.343602,2.629600,33.249901,1.928800
1,1,67.762994,32.756601,2.787700,32.876999,1.723500
1,1,67.794951,31.956300,2.553600,32.159801,1.735000
1,1,67.826233,31.282097,2.320400,30.968700,1.625000
1,1,67.858435,32.202501,2.557400,32.466301,1.761000
1,1,67.890592,32.156702,2.177100,32.148201,1.575000
1,1,67.917219,26.627198,2.338600,26.693199,1.703900
1,1,67.949311,32.092001,2.086200,31.816700,1.604700
1,1,67.982425,33.113699,2.375800,32.985500,1.929700
1,1,68.014072,31.647600,2.609100,31.614401,1.594200
1,1,68.044797,30.724999,2.489400,31.179001,1.629400
1,1,68.077372,32.574203,1.942300,32.286598,1.543200
1,1,68.104784,27.412500,2.405500,27.465300,1.371500
1,1,68.141419,36.634699,2.242300,36.283401,1.817600
1,1,68.167501,26.082199,2.601100,26.482201,1.931000
1,1,68.199216,31.714901,2.236900,31.335699,1.834800
1,1,68.230906,31.689700,2.511700,31.870899,1.927600
1,1,68.263114,32.208800,2.445800,32.126801,2.174900
1,1,68.294161,31.047098,3.433900,31.115200,1.701100
1,1,68.326642,32.480299,2.328900,32.534100,1.700500
1,1,68.358733,32.091100,2.450100,31.816401,2.262400
1,1,68.391896,33.162903,2.608000,33.188999,1.788200
1,1,68.424760,32.864600,2.524700,32.967300,1.759600
1,1,68.455373,30.612797,2.352800,27.599001,1.638400
1,1,68.493381,38.007602,5.413000,40.855999,1.617500
1,1,68.520647,27.266201,3.060000,27.064899,1.521500
1,1,68.556207,35.559800,3.580200,35.345100,1.764800
1,1,68.591484,35.276998,2.901600,35.814602,1.992800
1,1,68.618905,27.421601,2.692200,26.816999,1.865400
1,1,68.651037,32.131601,2.975000,32.498001,1.858100
1,1,68.682532,31.494800,2.625000,31.656900,1.872900
1,1,68.715410,32.878000,2.447000,32.913601,1.520600
1,1,68.747492,32.082498,2.352000,31.910900,1.985000
1,1,68.781564,34.071401,2.527300,34.185299,1.637000
1,1,68.813607,32.043699,2.501400,31.726900,1.818000
1,1,68.846009,32.401700,2.730700,32.928200,1.844500
1,1,68.876472,30.462600,2.565100,30.203199,1.817300
1,1,68.902670,26.197802,2.514400,26.422600,1.845200
1,1,68.934592,31.922098,2.125400,31.824800,1.375300
1,1,68.967855,33.263702,2.220200,33.178101,1.553100
1,1,69.000774,32.918498,2.270000,32.610500,1.647600
1,1,69.032389,31.615201,2.735300,31.656300,1.773600
1,1,69.064285,31.896200,2.617600,32.133801,1.515400
1,1,69.095706,31.420898,2.450700,31.523300,1.587700
1,1,69.127764,32.058001,2.406400,31.847000,1.870700
1,1,69.160389,32.625400,2.586000,31.962099,1.941600
1,1,69.185846,25.456402,4.618100,25.975500,1.689900
1,1,69.217268,31.422101,3.274000,31.732401,1.634000
1,1,69.249245,31.977098,2.487100,31.823299,1.652800
1,1,69.281838,32.593001,2.515200,32.530899,1.823300
1,1,69.314029,32.191198,2.557900,32.131901,1.728000
1,1,69.345594,31.564802,2.832800,31.786400,1.973000
1,1,69.378118,32.524198,3.087900,32.244400,1.607100
1,1,69.410208,32.089602,2.871400,32.387100,1.755700
1,1,69.441945,31.736899,2.329200,31.796900,1.690700
1,1,69.469786,27.841199,2.145900,27.368299,1.710300
1,1,69.500983,31.197499,2.461100,31.546101,1.660800
1,1,69.532884,31.900901,2.201000,31.823299,1.522300
1,1,69.565003,32.119099,2.317800,31.954599,1.876800
1,1,69.598051,33.047501,2.732200,33.067402,1.786300
1,1,69.631466,33.414900,2.522300,33.282799,1.745800
1,1,69.663306,31.839799,2.658200,32.052700,2.088300
1,1,69.694909,31.603198,2.532300,31.664801,2.002200
1,1,69.727738,32.829501,2.478000,32.616600,2.226500
1,1,69.759591,31.852201,2.799100,31.609100,2.513000
1,1,69.788369,28.778501,2.831300,28.856501,1.592300
1,1,69.818377,30.007500,2.626700,30.066200,1.917800
1,1,69.850995,32.618199,2.681700,32.409599,1.925900
1,1,69.883657,32.662101,2.840000,32.855598,1.958500
1,1,69.916122,32.464799,2.774500,32.149300,1.940900
1,1,69.948619,32.497499,2.941900,32.640999,2.218100
1,1,69.982679,34.060001,2.800900,34.479301,2.013600
1,1,70.014169,31.490002,2.438300,30.986200,2.012100
1,1,70.047811,33.642199,2.622700,33.729000,1.945300
1,1,70.080102,32.290701,2.859400,32.379398,1.925800
1,1,70.111153,31.050500,2.990000,31.355000,1.828700
1,1,70.143585,32.432798,2.522700,32.307201,1.629100
1,1,70.171584,27.998399,2.515300,28.061899,1.662400
1,1,70.203706,32.122202,2.277100,32.120499,1.628800
1,1,70.233922,30.216198,2.227000,30.142200,1.589100
1,1,70.265454,31.531800,2.353800,31.391600,1.743100
1,1,70.297220,31.765800,2.468700,31.676001,1.711600
1,1,70.328630,31.410102,2.730200,31.747601,1.839300
1,1,70.360873,32.243099,2.290000,32.027000,1.838700
1,1,70.392453,31.579901,2.766900,31.588499,1.555300
1,1,70.425995,33.541899,2.487700,33.290600,1.647600
1,1,70.458231,32.236099,2.667100,32.364201,1.638600
1,1,70.484582,26.350603,2.521700,26.383801,1.434600
1,1,70.515293,30.711599,2.428800,29.567400,1.507100
1,2,77.665863,32.152001,3.666500,32.763699,2.060400
1,2,77.700222,34.359500,3.296900,34.499699,1.889100
1,2,77.734795,34.572598,3.194400,34.667900,2.001000
1,2,77.766502,31.707902,2.775400,31.356400,2.025700
1,2,77.798818,32.315001,2.951000,32.479599,2.357400
1,2,77.832823,34.005400,2.582400,34.200001,2.122400
1,2,77.865610,32.786798,3.609800,32.674599,1.888800
1,2,77.899535,33.925403,2.854000,33.913101,2.070900
1,2,77.932903,33.367399,3.161500,33.377499,2.270200
1,2,77.965793,32.890800,3.341100,33.052101,1.890100
1,2,78.001474,35.681199,3.487800,34.549198,1.732600
1,2,78.034487,33.012301,3.906200,33.776402,1.892400
1,2,78.066895,32.408301,2.691800,32.391602,2.284600
1,2,78.099525,32.629497,2.805700,32.315201,2.206700
1,2,78.130031,30.506302,3.499300,30.730900,1.828100
1,2,78.161674,31.642798,2.880000,32.135799,1.564800
1,2,78.195244,33.570502,2.422300,33.469002,1.794800
1,2,78.227678,32.433700,2.542200,32.335098,1.768900
1,2,78.261105,33.427499,2.908700,33.065601,2.094800
1,2,78.293605,32.500099,3.369000,33.002998,2.417500
1,2,78.326793,33.187900,2.458100,33.343201,1.545000
1,2,78.360408,33.615001,2.155800,33.530300,1.410000
1,2,78.393937,33.529002,2.145300,33.353699,1.423400
1,2,78.428076,34.138698,2.346200,34.287899,1.790000
1,2,78.461345,33.268500,2.215600,33.252800,1.674900
1,2,78.487528,26.183698,2.275900,26.274799,1.505500
1,2,78.527791,40.262900,2.200100,40.289398,1.631300
1,2,78.560806,33.014700,2.056500,32.858601,1.417700
1,2,78.593684,32.878600,2.208200,32.655102,1.911400
1,2,78.621013,27.328100,2.334000,27.592800,1.972900
1,2,78.661082,40.069703,2.025600,39.739101,1.790400
1,2,78.694288,33.205699,2.492200,33.485199,1.669700
1,2,78.723396,29.108398,2.406500,28.904200,1.634600
1,2,78.753772,30.375700,2.647700,30.345800,1.807600
1,2,78.786620,32.848001,2.439100,32.647598,1.578500
1,2,78.820207,33.586700,2.569900,33.735199,2.056400
1,2,78.853847,33.640001,2.487500,33.504501,1.762800
1,2,78.885604,31.756800,2.538700,31.987400,1.698200
1,2,78.917509,31.905100,2.291600,31.079100,2.171300
1,2,78.950546,33.037201,3.191700,33.425301,1.846100
1,2,78.984458,33.911999,2.871500,33.804199,2.142800
1,2,79.017688,33.229902,3.000800,33.006500,2.312300
1,2,79.052331,34.643199,3.301300,34.583000,1.940100
1,2,79.084023,31.692401,3.188600,32.142101,1.933700
1,2,79.119160,35.136398,3.002700,34.797298,1.907800
1,2,79.150853,31.692900,3.442700,31.740900,2.216100
1,2,79.184631,33.778701,3.429700,33.692001,2.066400
1,2,79.219391,34.759901,3.351800,35.445801,1.682900
1,2,79.251772,32.380898,2.435400,32.219002,1.708100
1,2,79.284408,32.635301,2.409100,32.424198,1.555000
1,2,79.316973,32.565501,2.658500,32.314899,1.904000
1,2,79.349735,32.761998,3.018100,32.924500,1.806500
1,2,79.381534,31.799499,2.951900,32.023102,1.923500
1,2,79.415463,33.928901,2.661500,33.740299,1.770100
1,2,79.449670,34.206402,2.971300,34.196098,1.890400
1,2,79.482198,32.528400,3.011000,32.935501,1.932800
1,2,79.519915,37.717000,2.647300,37.093399,1.814700
1,2,79.552053,32.138098,2.994900,32.287998,1.877300
1,2,79.584360,32.307100,3.077600,32.353802,2.006800
1,2,79.621687,37.326202,2.777100,37.665600,1.702600
1,2,79.654136,32.449499,2.200000,31.867599,1.896100
1,2,79.685162,31.026199,2.795300,31.535400,1.479400
1,2,79.727310,42.147901,2.302000,41.867001,1.776300
1,2,79.761366,34.055799,2.972100,34.367901,1.868100
1,2,79.794217,32.850802,2.391500,32.444698,1.802700
1,2,79.826078,31.861398,2.751500,32.191101,2.043700
1,2,79.857048,30.969899,3.120500,30.720501,1.597400
1,2,79.893122,36.074102,2.548700,36.089802,1.363000
1,2,79.922364,29.241700,2.443400,29.358200,1.829200
1,2,79.952840,30.476000,2.775200,30.564800,1.519300
1,2,79.985574,32.733701,2.175500,32.625599,1.874800
1,2,80.019128,33.554800,2.209600,33.572601,1.615200
1,2,80.051624,32.495197,2.358400,31.748199,1.617100
1,2,80.083895,32.271203,3.067700,32.488800,1.904700
1,2,80.117048,33.152800,2.838200,33.252800,1.941500
1,2,80.150868,33.820700,3.099100,33.694801,2.298200
1,2,80.184016,33.148099,3.032300,32.766499,2.360200
1,2,80.217801,33.784300,3.238500,34.421299,1.815800
1,2,80.251120,33.319101,2.529200,32.776600,2.011500
1,2,80.283500,32.379899,3.241400,32.661400,2.201400
1,2,80.317429,33.929199,3.058700,33.853199,1.997900
1,2,80.349387,31.957902,2.915500,31.904600,2.334900
1,2,80.383548,34.161299,3.121000,33.978298,1.938300
1,2,80.414978,31.429999,3.580800,32.003300,2.175800
1,2,80.448172,33.193402,2.729100,33.109100,1.894500
1,2,80.481003,32.831300,3.041700,32.685398,2.139700
1,2,80.513992,32.989398,2.802600,32.998402,1.737600
1,2,80.545022,31.029701,2.828200,31.403700,1.913400
1,2,80.576312,31.290099,2.382200,30.917500,1.691400
1,2,80.610075,33.763301,2.506600,33.824100,1.926200
1,2,80.642706,32.630499,3.010400,28.907301,1.643100
1,2,80.669799,27.092703,6.354300,30.796200,1.414000
1,2,80.703130,33.331700,2.835600,33.126499,1.785900
1,2,80.737111,33.981100,2.805100,34.077801,1.933800
1,2,80.774086,36.975197,2.685500,36.683998,1.617400
1,2,80.807736,33.649702,2.987100,33.618198,1.950100
1,2,80.836597,28.861199,3.064600,29.278900,1.583100
1,2,80.869499,32.901600,2.603000,32.953800,1.601600
1,2,80.902335,32.836001,2.387200,32.951500,2.026500
1,2,80.935201,32.865599,2.460600,32.500702,1.770900
1,2,80.967865,32.664001,2.699800,32.098301,1.712400
1,2,80.999005,31.140499,3.205000,31.843901,1.834200
1,2,81.032273,33.268001,2.624400,32.763302,1.782400
1,2,81.063563,31.290401,3.525300,31.793600,2.057300
1,2,81.096178,32.614700,3.172100,32.482101,1.950700
1,2,81.124630,28.451700,3.043400,28.314600,1.928500
1,2,81.158313,33.683501,2.979900,33.596199,1.743600
1,2,81.194773,36.459100,2.911400,36.839600,1.673500
1,2,81.221479,26.706997,2.536500,26.889900,1.762800
1,2,81.255596,34.116700,2.209800,33.644299,1.777400
1,2,81.286740,31.143401,2.601700,31.365499,1.682800
1,2,81.319260,32.520801,2.553700,32.612099,1.840300
1,2,81.352384,33.123400,2.340500,32.754299,1.959900
1,2,81.385191,32.807201,2.683200,32.324200,2.008000
1,2,81.418337,33.145998,3.553500,33.656300,2.656300
1,2,81.451825,33.488300,3.219000,32.914501,2.297300
1,2,81.483699,31.873401,3.407000,32.004902,2.373100
1,2,81.517269,33.570800,3.250500,33.897900,2.368500
1,2,81.550784,33.514298,3.040500,33.309299,2.540900
1,2,81.585070,34.286000,3.397000,34.561699,2.523000
1,2,81.618623,33.552900,3.099800,32.417400,2.666600
1,2,81.650924,32.300901,5.097800,32.731201,2.681100
1,2,81.681661,30.737802,3.643300,31.303600,2.450400
1,2,81.716124,34.462500,3.656600,34.082001,2.316300
1,2,81.749160,33.035997,3.780200,33.312401,2.917100
1,2,81.782797,33.637002,3.650400,33.604301,2.603000
1,2,81.816424,33.627398,3.391800,33.885899,2.304500
1,2,81.850534,34.109302,3.050300,33.309898,2.437700
1,2,81.884429,33.895899,3.825400,34.448700,2.585600
1,2,81.918708,34.278002,3.393100,34.557800,2.384800
1,2,81.952473,33.765100,3.014300,33.432800,2.363000
1,2,81.984045,31.572100,3.290500,31.673500,2.149000
1,2,82.017858,33.812899,3.183600,33.590000,2.655700
1,2,82.050292,32.434698,3.555500,32.277302,2.491600
1,2,82.083133,32.840900,3.574900,33.061901,2.214600
1,2,82.115816,32.682601,3.181800,32.833302,1.914900
1,2,82.149567,33.751100,3.749300,33.386200,2.032400
1,2,82.182021,32.454599,3.479900,32.731899,2.227100
1,2,82.213249,31.227402,3.203500,31.532400,2.011500
1,2,82.246773,33.523999,3.057300,33.495701,2.080000
1,2,82.278953,32.180000,2.832400,32.188999,2.021400
1,2,82.311209,32.256298,2.672000,31.800900,2.163700
1,2,82.340049,28.840203,3.055000,29.013000,1.998100
1,2,82.370153,30.104000,2.784500,30.298500,1.763000
1,2,82.402361,32.207999,2.603400,32.388802,1.865400
1,2,82.435167,32.805800,2.252300,31.591101,1.818700
1,2,82.466713,31.545598,3.253900,32.452301,2.202100
1,2,82.499162,32.449402,2.544400,32.072201,1.996500
1,2,82.531778,32.615900,3.009900,33.033600,1.865300
1,2,82.566762,34.984399,2.799200,33.685699,1.927400
1,2,82.598942,32.179501,4.104800,33.320801,1.914800
1,2,82.631032,32.089900,2.815900,32.324699,2.300000
1,2,82.665294,34.262400,2.958300,33.933800,1.922600
1,2,82.701833,36.538597,3.167300,33.972099,2.533300
1,2,82.734100,32.267503,5.920200,34.899799,2.167700
1,2,82.767781,33.680499,2.726400,32.706001,2.154400
1,2,82.799904,32.122999,4.120400,32.537601,2.305300
1,2,82.832168,32.264002,3.546600,32.777000,1.708600
1,2,82.866579,34.411199,2.654200,33.880901,1.748800
1,2,82.900179,33.599500,3.226500,33.891899,2.220700
1,2,82.932504,32.325201,3.243500,32.546799,1.702400
1,2,82.967768,35.263900,2.834200,35.436600,2.122700
1,2,83.001056,33.287898,2.653000,32.532398,2.053500
1,2,83.035019,33.963103,3.787100,34.355801,1.897200
1,2,83.069098,34.079198,3.145300,34.435101,1.751800
1,2,83.102335,33.237301,2.764100,33.445999,1.529700
1,2,83.145002,42.666599,2.143400,42.104801,2.038100
1,2,83.175164,30.162401,2.794200,30.626699,2.180500
1,2,83.211635,36.471099,2.512900,36.026100,1.767800
1,2,83.246702,35.066500,2.812400,34.845402,2.370800
1,2,83.282749,36.047101,3.514500,36.565899,1.800400
1,2,83.317149,34.400098,2.617800,34.163300,2.033800
1,2,83.350130,32.980800,2.367400,32.455799,1.769000
1,2,83.383974,33.844203,3.049900,34.426498,1.973100
1,2,83.415038,31.064499,2.696000,30.918400,1.941900
1,2,83.450379,35.340499,2.806800,35.249599,1.771500
1,2,83.482327,31.947900,3.086600,32.205502,1.838900
1,2,83.517387,35.059899,2.759000,34.396099,2.087500
1,2,83.550672,33.285603,3.800700,33.907600,2.166500
1,2,83.584973,34.301098,2.332800,33.497200,1.995100
1,2,83.622769,37.795499,3.322900,38.909500,1.654600
1,2,83.657042,34.273300,2.066300,33.839600,1.830400
1,2,83.691830,34.787603,2.347800,34.633801,1.566800
1,2,83.729780,37.949897,2.753200,38.249001,1.821700
1,2,83.763201,33.421103,2.402800,33.191502,1.928700
1,2,83.797353,34.152400,2.715700,34.369400,1.621000
1,2,83.831982,34.629099,2.554900,34.341599,1.941400
1,2,83.865874,33.891700,2.833800,34.021400,1.765500
1,2,83.899596,33.721898,3.004100,33.708698,1.958700
1,2,83.932974,33.377603,3.242300,33.194801,1.828800
1,2,83.968092,35.118397,3.167600,35.456299,1.920500
1,2,84.000401,32.308701,2.568600,31.856501,1.727500
1,2,84.034323,33.922501,2.772200,34.112900,2.329800
1,2,84.066444,32.120999,2.479900,32.221802,1.708100
1,2,84.099006,32.562099,2.531900,32.208199,2.367600
1,2,84.133081,34.074899,2.854600,34.323502,1.582900
1,2,84.164806,31.725202,2.992600,32.025799,1.826200
1,2,84.198978,34.171499,2.315500,34.195000,1.462800
1,2,84.232352,33.374101,2.909200,33.094299,2.165000
1,2,84.265207,32.854799,2.622900,32.918800,1.613800
1,2,84.298422,33.215299,3.829100,33.194199,2.086600
1,2,84.332240,33.818100,2.524800,33.753899,1.783200
1,2,84.368051,35.810601,2.838800,35.605099,2.045500
1,2,84.403371,35.320200,2.874700,35.432201,1.881300
1,2,84.434411,31.039502,3.003800,31.078899,1.934700
1,2,84.466187,31.776700,2.360900,31.687099,1.941100
1,2,84.499044,32.857198,3.135400,32.965500,1.784500
1,2,84.532531,33.487100,2.637800,33.308498,1.803800
1,2,84.566886,34.354500,2.898600,33.559399,1.889400
1,2,84.597709,30.823298,3.364100,32.022202,1.658000
1,2,84.631606,33.897001,2.362800,33.594398,1.811100
1,2,84.663395,31.788699,2.651800,31.923300,1.755600
1,2,84.697410,34.015000,2.308300,33.996799,1.802200
1,2,84.731082,33.671603,2.716400,33.618900,1.738800
1,2,84.764817,33.735599,2.624200,32.869598,1.777800
1,2,84.797081,32.263998,3.535100,33.312901,1.596600
1,2,84.828196,31.114999,2.571200,30.736401,1.742000
1,2,84.855606,27.409401,2.757500,27.385900,1.437400
1,2,84.886001,30.395702,2.397600,30.808901,1.485400
1,2,84.916374,30.372899,2.040300,29.951401,1.471200
1,2,84.949234,32.859802,2.416300,32.716900,1.956500
1,2,84.981595,32.361198,2.753700,32.620701,2.035700
1,2,85.017078,35.483200,2.425900,35.188599,1.638600
1,2,85.048434,31.356100,2.745100,31.283600,1.764400
1,2,85.081439,33.004198,2.692700,33.392700,1.424900
1,2,85.115975,34.536302,2.389200,34.383400,1.926600
1,2,85.147375,31.399801,3.159300,31.369400,1.920300
1,2,85.179519,32.143798,2.735800,32.089001,1.641800
1,2,85.210195,30.676201,2.424700,31.025499,1.569900
1,2,85.244729,34.534100,2.081200,34.162102,1.544500
1,2,85.277994,33.264801,2.429800,33.412300,1.883900
1,2,85.304725,26.731797,2.203800,26.933201,1.565800
1,2,85.339309,34.583300,1.998700,34.325500,1.560200
1,2,85.369946,30.637000,2.218700,30.563000,1.669000
1,2,85.403706,33.759903,2.289500,33.651501,1.721700
1,2,85.435162,31.456299,2.392000,31.771299,1.647100
1,2,85.467326,32.164101,1.978000,31.729401,1.817400
1,2,85.500760,33.434000,2.513300,33.688000,2.020100
1,2,85.533522,32.762099,2.473100,32.386600,2.038800
1,2,85.565185,31.662401,3.170300,31.977400,1.749600
1,2,85.600121,34.936801,3.539800,34.395199,1.760700
1,2,85.632871,32.749999,3.364300,33.396500,1.908500
1,2,85.667305,34.433100,2.519600,33.639500,1.900800
1,2,85.699315,32.010797,3.394400,32.746498,1.976300
1,2,85.737280,37.964903,2.391000,33.004902,1.776000
1,2,85.764180,26.899900,7.676500,31.802700,1.922500
1,2,85.799975,35.794899,2.034600,34.673100,1.841500
1,2,85.832878,32.902800,4.012000,33.613499,2.782900
1,2,85.867721,34.843601,2.988900,34.736000,1.888600
1,2,85.899272,31.550899,3.175400,31.947399,1.903000
1,2,85.933773,34.501098,2.417300,34.254799,1.619300
1,2,85.966674,32.900300,2.762600,33.065498,2.099700
1,2,86.000415,33.741303,2.471300,33.674400,1.983800
1,2,86.034008,33.592999,2.528900,33.504501,1.754400
1,2,86.067362,33.353500,2.707900,33.006001,1.935900
1,2,86.099139,31.777401,3.177000,32.160702,1.702600
1,2,86.133274,34.134697,2.443000,34.049999,1.711200
1,2,86.165934,32.660302,2.452300,32.616501,1.692000
1,2,86.199396,33.462100,2.603300,33.334801,2.454400
1,2,86.234182,34.786101,2.823500,34.658401,1.807600
1,2,86.261343,27.161099,2.875800,27.104401,2.099000
1,2,86.288645,27.301900,2.997800,26.538300,2.266700
1,2,86.314887,26.241500,3.740700,27.324900,2.032300
1,2,86.342160,27.273301,3.016100,26.911100,2.355700
1,2,86.369456,27.296200,2.921500,27.466801,2.251200
1,2,86.396565,27.108699,2.917600,27.024401,2.311700
1,2,86.426206,29.641598,3.487200,29.615700,2.113600
1,2,86.453231,27.024902,2.937600,26.940201,2.190500
1,2,86.480646,27.414698,3.253000,27.431700,2.560900
1,2,86.508845,28.199401,3.088300,28.477100,2.468700
1,2,86.536854,28.009098,3.010400,27.492901,2.437100
1,2,86.565903,29.048800,3.789300,28.826900,2.342200
1,2,86.593147,27.243402,3.595100,27.391899,2.171700
1,2,86.620725,27.578399,3.779900,27.703699,2.319400
1,2,86.648346,27.620502,4.357000,27.574699,1.980100
1,2,86.676112,27.766697,3.521800,27.917101,2.351700
1,2,86.703993,27.880903,3.803100,27.859200,2.171100
1,2,86.729496,25.502499,3.931600,25.360701,2.904300
1,2,86.758023,28.526999,5.998000,28.485001,2.827600
1,2,86.788172,30.149501,3.373800,29.064301,2.533800
1,2,86.817114,28.941501,4.527700,29.462200,3.595500
1,2,87.062965,245.851599,4.611400,246.727402,3.463000
1,2,87.092006,29.040698,6.033600,29.028601,2.123500
1,2,87.121675,29.668503,2.810600,29.666201,2.052200
1,2,87.149099,27.424701,3.916900,26.876600,2.527400
1,2,87.177895,28.795697,3.801600,29.264200,2.366700
1,2,87.203941,26.045803,3.100000,25.721701,2.429300
1,2,87.231094,27.153499,3.321000,27.332199,2.499600
1,2,87.257305,26.210301,4.042400,26.381599,2.182800
1,2,87.284336,27.031697,3.071800,25.549101,1.900300
1,2,87.312480,28.143603,4.410100,29.367800,1.963900
1,2,87.340556,28.076198,3.104300,27.404800,2.135500
1,2,87.366449,25.893301,3.563900,27.104700,2.362200
1,2,87.393181,26.731901,2.262600,26.413700,1.986500
1,2,87.420389,27.207997,2.554000,27.328300,2.252200
1,2,87.450549,30.160204,2.660300,29.745501,1.946900
1,2,87.479016,28.466199,3.031800,28.649300,1.850000
1,2,87.506143,27.127400,2.655300,27.320000,1.964700
1,2,87.535938,29.794998,2.391100,29.271799,1.767800
1,2,87.562477,26.539300,2.886200,26.998800,1.641600
1,2,87.592649,30.171800,2.455800,29.951900,1.673400
1,2,87.620033,27.384300,2.896000,26.954700,1.836500
1,2,87.646930,26.896201,2.848200,27.032900,1.943400
1,2,87.674733,27.803499,2.852100,27.639799,2.097300
1,2,87.703874,29.141400,3.189300,29.429300,2.251900
1,2,87.733285,29.410303,2.800800,29.459999,2.241700
1,2,87.762631,29.346500,3.068000,28.787800,1.756400
1,2,87.789987,27.355898,3.037300,27.616100,1.968600
1,2,87.816771,26.783399,2.847900,27.193501,2.002200
1,2,87.846411,29.640600,2.747400,29.585600,1.856100
1,2,87.874371,27.959902,2.409500,27.657499,1.764800
1,2,87.903411,29.040299,2.790500,29.123301,1.589400
1,2,87.930676,27.264901,2.531200,27.234301,1.726900
1,2,87.958310,27.633999,2.555800,27.729500,1.711900
1,2,87.988049,29.738601,3.230700,29.484301,1.866400
1,2,88.016258,28.209101,2.702900,28.495501,1.959800
1,2,88.043317,27.058598,2.511300,27.135000,1.918000
1,2,88.071198,27.881201,2.440500,27.704100,1.970500
1,2,88.100346,29.148698,2.724900,28.342501,1.620800
1,2,88.127425,27.078800,3.360800,27.661600,1.542300
1,2,88.156474,29.048700,3.536700,29.065800,2.163400
1,2,88.184772,28.297503,2.745000,28.202299,2.042600
1,2,88.213966,29.194500,2.849700,29.321100,2.190200
1,2,88.241189,27.223498,3.659400,27.500500,2.086800
1,2,88.267127,25.937501,2.362400,25.567499,2.492100
1,2,88.296178,29.051300,2.739900,28.948900,1.654500
1,2,88.323567,27.388901,3.124300,27.242100,1.959100
1,2,88.350606,27.038798,3.350800,27.467400,2.204300
1,2,88.378358,27.752001,3.242500,27.624001,2.040500
1,2,88.405362,27.003802,2.862300,27.038099,1.987500
1,2,88.432489,27.126998,2.798800,27.086700,1.847500
1,2,88.462393,29.904101,2.868900,29.757299,1.904900
1,2,88.489885,27.491700,2.770300,27.504900,1.844700
1,2,88.517290,27.404901,2.803300,27.374001,2.131800
1,2,88.546725,29.435199,2.900100,29.189199,2.220000
1,2,88.575034,28.309800,3.328100,28.161200,2.723600
1,2,88.602338,27.303301,3.650200,27.646099,2.702500
1,2,88.629190,26.851799,3.327000,27.035999,2.302800
1,2,88.657057,27.867399,3.869000,27.473801,2.338800
1,2,88.684682,27.625401,3.167400,27.365101,2.245100
1,2,88.713424,28.741300,3.603600,28.617701,2.540700
1,2,88.746263,32.839201,3.919600,31.555500,3.637400
1,2,88.773035,26.771799,5.727800,28.304001,3.831900
1,2,88.800124,27.089301,4.115900,26.394899,3.021100
1,2,88.829457,29.332999,4.076300,28.721100,3.270000
1,2,88.855358,25.900800,5.242600,26.822100,2.957100
1,2,88.887832,32.474499,4.151000,30.934200,3.225700
1,2,88.912516,24.683300,7.336700,26.255800,3.578300
1,2,88.936283,23.767501,4.042900,24.172600,3.099000
1,2,88.965127,28.843500,3.442000,28.902700,2.843700
1,2,88.991725,26.598301,3.204800,26.612801,2.815700
1,2,89.018816,27.091000,2.999000,26.837099,2.299700
1,2,89.046042,27.225699,3.253900,27.378401,2.484800
1,2,89.073429,27.387798,3.215200,27.403900,2.255400
1,2,89.102409,28.979700,3.142000,28.964800,2.973300
1,2,89.131196,28.786801,3.253600,28.510401,2.904500
1,2,89.160413,29.217400,3.489800,29.115400,2.561000
1,2,89.187574,27.160302,3.602600,26.893400,2.876800
1,2,89.216978,29.404100,3.961100,29.595900,2.897200
1,2,89.246686,29.708497,3.638400,29.591000,2.969500
1,2,89.272664,25.978200,4.400500,26.455601,2.558500
1,2,89.300431,27.767003,3.443300,27.518200,2.760800
1,2,89.330990,30.558698,3.452900,29.986200,2.917400
1,2,89.358996,28.006300,3.818000,28.598000,2.994500
1,2,89.385961,26.964802,3.401200,26.877501,3.044600
1,2,89.415340,29.379200,3.271100,29.219999,2.491700
1,2,89.441814,26.473999,3.617000,26.462700,2.842600
1,2,89.469230,27.415600,3.624200,27.640600,2.782400
1,2,89.497401,28.171301,3.536700,27.802401,2.502600
1,2,89.525758,28.356697,3.887000,28.881300,2.594200
1,2,89.553346,27.588002,3.139000,27.422701,2.643300
1,2,89.581127,27.781397,2.929000,26.893600,2.772100
1,2,89.607452,26.324302,4.226700,27.004200,2.384800
1,2,89.633935,26.483200,4.398600,26.870701,2.599900
1,2,89.661020,27.085599,2.767900,26.983400,1.994400
1,2,89.688097,27.076501,2.788300,27.172100,2.357900
1,2,89.718085,29.987801,2.950300,29.962700,2.475000
1,2,89.745042,26.957497,3.075500,26.726801,2.102800
1,2,89.774427,29.384702,3.283800,29.284500,2.141700
1,2,89.800983,26.556499,3.860900,26.533600,3.618100
1,2,89.827152,26.168101,3.209800,26.657900,1.897700
1,2,89.854234,27.082201,2.419700,26.546700,2.077900
1,2,89.880624,26.390497,2.847100,26.930500,2.259600
1,2,89.907912,27.287301,2.359600,27.091499,2.062500
1,2,89.934717,26.805099,2.621400,26.851999,2.041900
1,2,89.961842,27.125403,2.485400,27.007601,3.725100
1,2,90.006286,44.444099,2.576500,27.905800,1.816500
1,2,90.023642,17.356198,19.864201,28.290400,2.828000
1,2,90.044611,20.968400,13.282600,25.956900,3.079600
1,2,90.071151,26.540000,6.664500,26.594200,4.248200
1,2,90.098251,27.100500,7.237600,27.406000,2.703600
1,2,90.126869,28.617401,10.028300,28.517200,2.631400
1,2,90.155727,28.858099,5.064000,28.432100,3.789800
1,2,90.182215,26.488103,7.331500,26.632700,3.523100
1,2,90.209230,27.014699,6.511200,27.104200,3.537800
1,2,90.235310,26.080702,6.277400,26.168100,2.996700
1,2,90.262852,27.541697,4.100800,27.412399,2.099200
1,2,90.289921,27.069002,5.005100,27.240700,2.520500
1,2,90.317350,27.429499,3.378000,27.435101,2.815700
1,2,90.345220,27.869198,4.014200,27.683201,2.397400
1,2,90.373574,28.354000,3.896100,28.324301,2.369500
1,2,90.400368,26.794203,3.606500,26.935900,3.058000
1,2,90.459148,58.779798,4.438600,25.985100,3.580100
1,2,90.477262,18.114101,49.224201,25.985100,2.474800
1,2,90.491783,14.521498,9.336100,22.086000,2.474800
1,2,90.510529,18.746201,4.843400,27.427099,2.506800
1,2,90.539860,29.330902,4.118400,28.821301,2.455300
1,2,90.568058,28.197698,4.611700,28.488899,2.457000
1,2,90.597545,29.487099,3.442400,29.261400,2.455000
1,2,90.626215,28.669700,3.458400,28.507401,2.753500
1,2,90.655161,28.946299,3.658000,28.548800,2.965300
1,2,90.683052,27.891103,5.645200,27.842300,3.111500
1,2,90.710189,27.136996,4.408300,27.349300,2.288500
1,2,90.739172,28.982703,4.137800,29.420200,2.366900
1,2,90.766681,27.509101,3.332600,26.783400,2.567300
1,2,90.803598,36.916800,4.670500,29.809700,2.475000
1,2,90.825111,21.513499,12.317800,28.664801,2.599500
1,2,90.854826,29.714201,4.426400,29.218800,2.343500
1,2,90.886576,31.750500,5.002700,31.954700,2.698000
1,2,90.914497,27.920399,5.158900,28.532600,2.949800
1,2,90.942727,28.230198,4.326600,27.821400,3.000800
1,2,90.968385,25.658503,4.395000,26.355900,2.603700
1,2,90.998053,29.668000,4.356100,29.395800,2.398100
1,2,91.029534,31.481098,3.836000,31.369301,2.668700
1,2,91.057697,28.162800,3.878500,27.619301,3.118400
1,2,91.091795,34.097999,4.794300,33.454399,3.367100
1,2,91.128120,36.325101,5.616700,37.536900,2.890000
1,2,91.152682,24.562102,5.359100,23.944799,2.550000
1,2,91.189702,37.019201,4.724500,36.049702,2.820400
1,2,91.217411,27.709797,6.002100,29.066799,2.860800
1,2,91.259936,42.524703,4.484800,42.939999,2.603200
1,2,91.283692,23.755800,4.346700,23.077499,3.388300
1,2,91.314533,30.841097,5.356800,31.218599,2.655600
1,2,91.344042,29.509403,4.539500,29.843700,2.722500
1,2,91.371454,27.412198,4.312300,26.643801,2.421900
1,2,91.398726,27.271200,5.206300,27.488800,2.711700
1,2,91.430172,31.446699,4.613800,30.767700,3.619600
1,2,91.456193,26.021101,4.709700,26.962099,3.215100
1,2,91.486034,29.840901,4.282300,29.657600,2.913400
1,2,91.519442,33.407599,4.967900,31.186501,3.522100
1,2,91.544958,25.515702,7.074100,26.948700,3.204800
1,2,91.576702,31.744197,5.024300,32.345798,3.701500
1,2,91.606677,29.975101,4.370000,28.342800,2.987100
1,2,91.635851,29.174499,6.204600,30.913300,3.367100
1,2,91.661673,25.821701,5.722700,25.132999,3.106900
1,2,91.688274,26.600901,6.021900,26.285900,3.343600
1,2,91.716827,28.552800,7.014100,29.111300,3.013200
1,2,91.742649,25.822200,4.561800,26.461201,3.188400
1,2,91.769357,26.707899,3.643100,26.476700,2.611400
1,2,91.804120,34.762502,3.805700,28.495001,2.800300
1,2,91.823746,19.626297,6.825600,26.058399,3.288900
1,2,91.849070,25.324300,3.682200,25.348301,2.777500
1,2,91.876428,27.357601,4.531600,27.429300,2.459000
1,2,91.904072,27.644001,5.081800,27.200800,2.675300
1,2,91.930515,26.442900,3.815800,26.740801,2.793500
1,2,91.958079,27.564898,3.644300,27.139700,3.361700
1,2,91.986630,28.550602,4.178600,28.968700,2.596700
1,2,92.015501,28.871000,4.075500,29.017700,2.771400
1,2,92.044437,28.936099,3.424200,28.991100,2.544800
1,2,92.073447,29.009301,3.047200,28.496500,2.548200
1,2,92.100178,26.731499,3.772800,26.929600,2.642000
1,2,92.127900,27.722199,3.672500,28.102600,2.484300
1,2,92.154948,27.047303,3.117100,26.600201,2.915100
1,2,92.183737,28.789498,3.390800,29.006001,2.551500
1,2,92.211308,27.571201,3.127100,27.528700,2.276500
1,2,92.239081,27.772799,3.299700,27.731100,2.491800
1,2,92.268155,29.073901,3.343600,28.940001,2.324600
1,2,92.296426,28.271299,3.408200,28.448601,2.338800
1,2,92.325440,29.013801,3.547800,28.791100,2.010300
1,2,92.354542,29.101800,3.226900,29.258600,2.246700
1,2,92.381750,27.208000,3.332900,27.188299,2.439300
1,2,92.409781,28.031297,3.823400,28.284401,2.435900
1,2,92.437042,27.260702,2.987400,27.113600,2.046500
1,2,92.466354,29.312100,2.827600,29.631300,2.224400
1,2,92.495215,28.861199,2.446800,28.887800,1.889500
1,2,92.525550,30.335199,2.098400,29.945299,1.975800
1,2,92.553106,27.555302,2.547900,27.582899,2.185800
1,2,92.581669,28.563898,2.488600,28.980000,1.992700
1,2,92.609352,27.683001,2.111600,27.406700,1.851200
1,2,92.635871,26.518200,2.437500,26.832701,1.702700
1,2,92.663004,27.133700,2.084400,26.487000,1.653100
1,2,92.690816,27.812000,2.637000,28.120199,1.987100
1,2,92.717008,26.192002,2.667500,25.867300,2.079400
1,2,92.746121,29.112998,2.814700,28.905001,1.945500
1,2,92.773485,27.364001,3.047500,27.790001,1.803500
1,2,92.800168,26.682101,2.653900,26.586201,2.186700
1,2,92.828719,28.551899,3.048200,27.381399,1.886500
1,2,92.855492,26.772998,4.040400,27.441000,2.219300
1,2,92.883123,27.630601,3.286300,27.975201,1.960100
1,2,92.911366,28.243400,2.773600,28.375299,2.957300
1,2,92.941381,30.014202,2.837200,29.629499,1.932200
1,2,92.969715,28.334297,3.143600,28.757500,2.139300
1,2,92.996937,27.221899,2.794100,27.225401,2.366400
1,2,93.024268,27.330901,3.028500,27.287800,1.699200
1,2,93.051242,26.974101,2.848400,26.939800,1.909700
1,2,93.078179,26.936900,2.726100,27.116199,1.723600
1,2,93.106480,28.301701,2.413700,27.786900,2.196700
1,2,93.134223,27.742300,3.028900,27.526899,2.723000
1,2,93.160737,26.514199,3.517100,26.765699,2.569900
1,2,93.187534,26.797101,3.200200,26.748199,2.057600
1,2,93.215481,27.946901,2.924800,28.019501,2.057600
1,2,93.242501,27.019899,2.812100,27.121700,2.247400
1,2,93.269387,26.885998,2.841000,27.040600,2.190400
1,2,93.298546,29.159300,2.726100,29.071600,2.207000
1,2,93.326090,27.544402,2.601100,27.404600,1.815400
1,2,93.353653,27.562998,2.647000,27.372700,1.741700
1,2,93.380699,27.045302,2.938900,27.437201,2.057000
1,2,93.408073,27.373798,2.432300,27.269300,1.846700
1,2,93.434941,26.868600,2.460400,26.744101,1.619200
1,2,93.461768,26.826601,2.645400,26.742599,1.866200
1,2,93.490724,28.955899,2.667500,28.849400,1.711800
1,2,93.517564,26.840102,2.815100,27.077600,1.993200
1,2,93.544729,27.165499,2.635100,27.063400,1.931000
1,2,93.573008,28.278399,2.816600,28.033701,1.775000
1,2,93.601190,28.182000,2.951400,28.407900,1.900400
1,2,93.628551,27.361300,2.839000,27.563499,2.066000
1,2,93.655563,27.012501,2.329000,26.944201,1.924000
1,2,93.681302,25.738701,2.312000,25.478901,1.857500
1,2,93.710245,28.942499,2.780900,29.274200,2.597800
1,2,93.739882,29.637400,2.535400,29.319901,1.828800
1,2,93.766308,26.425898,2.504300,26.570000,2.157600
1,2,93.793627,27.318701,2.489600,27.441601,2.110300
1,2,93.826704,33.077698,2.517900,31.823799,2.046600
1,2,93.851736,25.031701,3.802200,26.079201,2.704900
1,2,93.879205,27.468599,2.896000,27.452801,1.957200
1,2,93.906323,27.118403,2.549900,27.087700,1.896500
1,2,93.933421,27.097799,2.595600,26.820900,1.865600
1,2,93.960908,27.486701,2.836500,27.831200,2.127000
1,2,93.989437,28.529499,2.554800,28.563900,2.104800
1,2,94.017265,27.827401,2.464500,27.859800,1.934000
1,2,94.043812,26.547600,2.411800,26.432699,3.047000
1,2,94.072425,28.613199,2.542200,28.177401,2.214400
1,2,94.099358,26.933100,3.236700,27.417500,2.609400
1,2,94.127020,27.661301,2.931200,27.600901,2.166400
1,2,94.155917,28.896801,2.663500,28.863199,2.301600
1,2,94.185858,29.941298,2.885000,29.372299,2.145700
1,2,94.211963,26.105002,3.137800,26.552900,2.161500
1,2,94.239522,27.559601,2.819400,27.510799,2.220500
1,2,94.266180,26.657600,3.115100,26.682100,2.398900
1,2,94.295875,29.694799,2.763300,29.642500,2.340000
1,2,94.324268,28.393198,2.889500,28.313299,2.314900
1,2,94.351685,27.416900,2.945200,27.217199,2.656100
1,2,94.379818,28.133001,2.957000,28.396299,2.470300
1,2,94.407501,27.682800,2.713000,27.467501,2.100600
1,2,94.436619,29.118702,2.855700,28.939699,1.954100
1,2,94.465533,28.913498,2.948400,28.807899,2.153900
1,2,94.493921,28.387900,3.361600,29.025400,1.869400
1,2,94.521682,27.760800,2.486200,27.524900,1.870700
1,2,94.551378,29.696401,2.787400,29.448799,2.009100
1,2,94.578575,27.196500,2.837700,27.080700,1.979900
1,2,94.606187,27.612500,2.897300,27.513201,1.724200
1,2,94.632560,26.373297,3.000100,26.965300,2.036400
1,2,94.659783,27.222302,2.444300,27.164101,1.724700
1,2,94.686547,26.764799,2.386000,26.993299,1.695400
1,2,94.717134,30.587099,2.184600,30.121700,1.748200
1,2,94.744367,27.232602,2.576500,27.428101,1.860200
1,2,94.771431,27.063798,2.509400,27.123699,1.655700
1,2,94.798847,27.415901,2.926700,27.386299,2.121100
1,2,94.825593,26.746400,2.365200,26.345501,1.729600
1,2,94.851981,26.388299,2.683800,26.952499,1.991100
1,2,94.879239,27.257700,2.088600,27.239300,1.402800
1,2,94.908286,29.047102,2.001400,29.038099,1.871900
1,2,94.936173,27.886499,2.038900,27.782101,1.549300
1,2,94.963189,27.016301,2.117600,27.136000,1.946700
1,2,94.993068,29.878899,1.996300,29.315599,1.970700
1,2,95.022500,29.431701,2.575900,29.614100,1.565300
1,2,95.053237,30.736901,2.317900,30.663500,1.466900
1,2,95.081213,27.976301,2.730300,27.843800,1.968300
1,2,95.111077,29.863600,2.582900,29.673201,1.743800
1,2,95.138167,27.090900,2.943600,27.322500,1.746200
1,2,95.167177,29.009301,2.735400,29.212601,1.586600
1,2,95.195202,28.024897,2.844400,27.768499,2.123100
1,2,95.222302,27.100500,2.555400,27.323000,1.860500
1,2,95.249641,27.339201,2.378700,27.304701,1.835800
1,2,95.277291,27.649201,2.433600,27.566401,1.684900
1,2,95.304272,26.981100,2.682100,27.025600,1.531700
1,2,95.333655,29.383399,2.383000,29.099001,1.815100
1,2,95.360475,26.820101,2.835100,27.274300,1.906200
1,2,95.389684,29.209200,2.247000,29.008400,1.709000
1,2,95.417156,27.471200,2.349200,27.639400,1.833100
1,2,95.443979,26.823200,2.180000,26.698000,1.522600
1,2,95.471751,27.772199,2.260900,27.662701,1.595100
1,2,95.499536,27.785599,2.371500,27.740801,1.610800
1,2,95.527031,27.495001,2.426800,27.534599,1.469400
1,2,95.555741,28.709598,2.730300,28.766701,1.569700
1,2,95.582651,26.910301,2.237700,26.987400,2.230600
1,2,95.611901,29.250100,2.470000,28.940500,1.545600
1,2,95.639111,27.209401,2.484000,27.212400,1.294500
1,2,95.666839,27.727798,2.343200,27.801901,1.323300
1,2,95.693609,26.770502,2.487200,26.844000,2.234700
1,2,95.721200,27.591199,2.398900,27.569901,1.934200
1,2,95.748880,27.680099,2.510000,27.611200,1.588600
1,2,95.776355,27.474802,2.510100,27.339701,1.717700
1,2,95.806715,30.359898,3.104400,29.570801,1.931900
1,2,95.839951,33.236202,3.385700,26.784599,1.849800
1,2,95.858164,18.213000,9.953400,25.141300,1.903500
1,2,95.885775,27.610298,3.038900,27.606899,2.200600
1,2,95.912805,27.030703,2.973400,26.831400,1.951900
1,2,95.939510,26.705001,3.796100,27.042101,2.290500
1,2,95.966950,27.439900,2.725200,27.398300,1.620800
1,2,95.997247,30.296199,2.697800,28.903601,2.288300
1,2,96.022115,24.868600,5.414300,25.668600,3.042900
1,2,96.048463,26.347999,4.364600,26.908199,2.322500
1,2,96.078931,30.468199,2.779900,30.395300,1.901300
1,2,96.107685,28.753500,3.018000,28.924700,1.716200
1,2,96.134131,26.446201,2.696200,26.630699,1.926800
1,2,96.161115,26.983902,2.424600,26.939100,1.633100
1,2,96.187958,26.843399,2.444700,27.009001,1.688600
1,2,96.217967,30.008901,2.129500,29.610001,1.843200
1,2,96.244978,27.011100,2.459400,27.239401,2.056300
1,2,96.271777,26.799098,2.347600,26.830601,1.838200
1,2,96.298190,26.412301,2.582300,26.585899,1.775800
1,2,96.326715,28.525800,2.046100,27.301300,2.061800
1,2,96.352990,26.274301,3.843900,26.843599,2.256700
1,2,96.379762,26.772100,2.684200,26.892700,1.857800
1,2,96.406356,26.594300,2.579300,27.023300,1.561400
1,2,96.434171,27.814899,2.232100,27.655800,1.636800
1,2,96.461487,27.316201,2.325600,27.249001,1.628400
1,2,96.490187,28.699998,2.404700,28.214399,2.254900
1,2,96.516526,26.339103,2.877600,26.913300,1.945400
1,2,96.544117,27.590599,2.150600,27.609900,2.095400
1,2,96.570811,26.694000,2.161000,26.681700,1.657000
1,2,96.598001,27.190398,2.106900,26.723600,2.253300
1,2,96.625030,27.028102,2.658900,27.158100,1.983300
1,2,96.652412,27.382798,2.708500,27.210600,1.998600
1,2,96.679331,26.918501,3.043800,27.035900,1.920400
1,2,96.709831,30.500099,3.212400,29.178600,2.038800
1,2,96.734915,25.084499,4.353900,25.646601,3.172000
1,2,96.760761,25.845103,3.964300,26.808500,2.175000
1,2,96.788296,27.535398,2.690400,27.311001,2.077900
1,2,96.815753,27.457401,3.083500,27.025700,1.948200
1,2,96.842771,27.017798,3.273700,27.228600,1.998100
1,2,96.869917,27.145602,2.991300,27.075701,2.206900
1,2,96.896871,26.954401,3.437500,26.947599,1.873600
1,2,96.923767,26.895799,3.070200,27.286600,1.989200
1,2,96.950012,26.244998,2.747600,26.339199,2.247200
1,2,96.978269,28.257102,2.564000,27.765100,1.884100
1,2,97.004900,26.630599,3.060200,26.798401,2.332800
1,2,97.032344,27.444102,2.811200,27.250000,2.130900
1,2,97.058435,26.091401,3.108600,26.180599,2.135600
1,2,97.086110,27.674597,2.763600,27.324301,1.839700
1,2,97.113130,27.019802,3.392000,27.561701,1.848800
1,2,97.140228,27.098197,2.570200,26.792200,1.951500
1,2,97.166853,26.625000,3.116600,26.783899,1.918300
1,2,97.194341,27.488202,2.843100,27.353100,1.835800
1,2,97.221941,27.600400,2.739600,27.325899,1.853100
1,2,97.248871,26.929900,3.766900,27.288601,2.270000
1,2,97.276364,27.492698,2.948700,27.413799,2.025500
1,2,97.302960,26.596501,3.080400,26.669399,2.151500
1,2,97.330202,27.241901,2.537100,26.979200,1.914800
1,2,97.356900,26.698198,2.914200,27.132099,1.775800
1,2,97.386686,29.785700,2.759500,29.188499,1.997900
1,2,97.412980,26.294202,3.315100,26.736300,1.937800
1,2,97.440299,27.318899,2.748300,27.326000,1.808700
1,2,97.467502,27.203001,2.671800,27.137699,2.274600
1,2,97.494606,27.103901,2.685300,27.126200,2.070500
1,2,97.523417,28.810699,2.662200,28.608101,1.819700
1,2,97.550021,26.603900,2.819800,26.989100,1.597100
1,2,97.577455,27.434502,2.877200,27.185400,1.831700
1,2,97.605820,28.364398,2.613400,28.518499,2.387000
1,2,97.634657,28.837401,2.400500,28.541100,2.058200
1,2,97.662317,27.659599,2.592700,27.653099,2.077800
1,2,97.692349,30.032102,2.723300,29.916901,1.966600
1,2,97.720623,28.273899,2.913700,28.548300,1.746300
1,2,97.747819,27.196400,2.492700,27.145399,1.654700
1,2,97.774969,27.149599,2.516400,27.395700,1.562400
1,2,97.804280,29.311102,2.305100,28.912100,2.036100
1,2,97.831423,27.143199,2.698400,27.164000,1.733300
1,2,97.860446,29.023100,2.583100,28.369801,1.845200
1,2,97.886563,26.116502,3.233300,26.731600,1.669100
1,2,97.914170,27.607400,2.833300,27.768900,1.530800
1,2,97.941029,26.858699,2.438700,26.961700,2.074500
1,2,97.967781,26.752502,2.370300,26.952999,1.587600
1,2,97.996069,28.287698,2.221600,28.110701,1.919100
1,2,98.022893,26.823901,2.229700,26.710100,1.725300
1,2,98.051455,28.562099,2.411200,28.846300,1.490600
1,2,98.078551,27.095903,2.080700,26.815901,1.630300
1,2,98.106348,27.797699,2.270200,27.724899,2.073600
1,2,98.135509,29.160202,2.390000,28.891199,1.654000
1,2,98.162439,26.929799,2.695700,27.220900,1.887400
1,2,98.190300,27.861901,2.613600,27.694599,1.844000
1,2,98.219491,29.190697,3.080100,29.370600,1.602500
1,2,98.248668,29.177301,2.419900,29.294100,1.541400
1,2,98.275939,27.271099,2.158400,27.026100,1.730800
1,2,98.304467,28.527603,2.284800,28.453899,2.007400
1,2,98.330715,26.247900,2.802600,26.282101,2.824600
1,2,98.358141,27.425598,3.812500,27.189699,1.584800
1,2,98.385000,26.859302,2.703600,26.975201,1.622000
1,2,98.411931,26.930600,2.613900,26.938200,1.424600
1,2,98.438716,26.785899,2.712600,26.697800,2.058000
1,2,98.465962,27.245101,2.516200,27.440100,1.447800
1,2,98.492870,26.908498,2.244600,26.973200,1.612000
1,2,98.520780,27.910102,2.112300,27.857800,1.475300
1,2,98.548514,27.733997,2.214800,27.344500,1.700500
1,2,98.574878,26.364002,2.713300,26.839800,1.941500
1,2,98.602027,27.148500,2.278700,27.159300,1.627800
1,2,98.629332,27.305000,2.122600,27.474701,1.768000
1,2,98.657125,27.793698,1.923000,27.443501,1.528500
1,2,98.686813,29.688202,2.367500,29.385799,1.544200
1,2,98.716071,29.257901,2.922600,29.337000,1.973200
1,2,98.742974,26.902299,2.574600,27.332701,1.748300
1,2,98.770323,27.349301,2.369800,27.298800,1.689100
1,2,98.797951,27.628198,2.057800,26.992001,1.436100
1,2,98.824482,26.530702,2.591800,27.306101,1.566800
1,2,98.849567,25.084998,1.850500,24.934900,1.295700
1,2,98.876557,26.990399,2.063100,27.084700,1.579500
1,2,98.903653,27.095702,1.808500,26.816799,1.689500
1,2,98.930707,27.054202,2.231700,26.999300,1.518000
1,2,98.958473,27.765699,2.658600,27.749399,1.557700
1,2,98.986031,27.557600,2.468600,27.602800,1.623600
1,2,99.014611,28.580301,2.352600,28.033701,1.931700
1,2,99.041486,26.874799,2.954500,27.259899,1.884100
1,2,99.069450,27.964700,2.447100,27.606701,1.472300
1,2,99.098490,29.040098,2.969500,29.536400,1.713500
1,2,99.127970,29.480003,2.479600,29.463600,1.994400
1,2,99.155057,27.086500,2.352200,27.062599,1.910200
1,2,99.182536,27.479298,2.391100,27.614201,1.705900
1,2,99.212257,29.720798,2.114900,29.388300,1.627200
1,2,99.242375,30.117601,2.471200,30.337500,1.678400
1,2,99.268838,26.463199,2.256700,26.484900,1.458700
1,2,99.296508,27.670201,2.074600,27.158899,1.643500
1,2,99.326179,29.670600,3.101300,29.729700,1.647600
1,2,99.353727,27.548499,2.715600,27.713200,1.857200
1,2,99.381694,27.966499,2.574800,27.414301,1.575500
1,2,99.408487,26.793603,3.081600,27.212601,1.636800
1,2,99.435830,27.342800,2.540900,27.675200,1.483400
1,2,99.463043,27.212899,2.893700,26.952600,2.011200
1,2,99.492978,29.935401,2.914800,29.588301,1.777800
1,2,99.519928,26.950099,2.899800,27.003500,1.951800
1,2,99.546996,27.067602,3.266700,27.355900,2.008400
1,2,99.576987,29.991399,3.881100,29.916100,1.548400
1,2,99.603429,26.441701,3.007400,26.683201,1.921800
1,2,99.631788,28.358497,3.061900,27.776199,1.758900
1,2,99.663237,31.449102,3.289200,31.582399,1.998000
1,2,99.691088,27.851701,2.995400,27.828501,1.662000
1,2,99.718108,27.019799,2.786000,27.191299,1.655400
1,2,99.748262,30.154198,2.657800,29.634899,1.654200
1,2,99.777044,28.781202,2.987000,29.098900,1.727400
1,2,99.804501,27.457200,2.896600,27.296400,1.927100
1,2,99.831979,27.477801,3.034100,27.722099,1.930400
1,2,99.858818,26.839200,2.651200,26.951599,2.288200
1,2,99.885795,26.976898,2.404500,27.184700,1.628000
1,2,99.912688,26.893299,2.142700,26.895800,1.536700
1,2,99.940466,27.778000,2.076800,27.863001,1.302900
1,2,99.967835,27.368601,1.985800,26.516300,1.528800
1,2,99.994669,26.834302,2.763500,27.499001,1.747000
1,2,100.021657,26.988100,2.246800,26.963200,1.664800
1,2,100.049041,27.383499,2.041300,27.008900,1.517800
1,2,100.076135,27.094200,2.378500,27.170500,1.369800
1,2,100.103023,26.888300,2.279100,27.237499,1.381700
1,2,100.130016,26.992701,1.996200,26.738701,1.353200
1,2,100.157065,27.049199,2.189100,27.391300,1.613100
1,2,100.184611,27.546398,1.838700,27.041201,1.628700
1,2,100.212737,28.125703,2.301300,28.399099,1.502500
1,2,100.239567,26.829697,2.044200,26.876200,1.409500
1,2,100.266930,27.363800,2.374800,27.333401,1.731900
1,2,100.294426,27.495701,2.206800,27.305700,1.593800
1,2,100.321744,27.318299,2.656400,27.541401,1.657900
1,2,100.349003,27.258202,2.094700,27.157101,1.521400
1,2,100.376675,27.672198,2.181700,27.722300,1.591600
1,2,100.406125,29.450100,2.202700,29.027901,1.843300
1,2,100.433193,27.067903,2.583900,27.391199,1.860700
1,2,100.462193,28.999697,2.190500,28.528799,1.564200
1,2,100.488469,26.276801,2.817300,26.794800,1.774900
1,2,100.516069,27.599201,2.085800,27.553400,1.284600
1,2,100.543323,27.254701,2.009600,27.184401,1.531900
1,2,100.572648,29.325098,2.509900,29.298500,1.830000
1,2,100.600912,28.263502,2.155000,28.245399,1.604100
1,2,100.629879,28.967097,2.142000,28.728800,1.596900
1,2,100.658340,28.460603,2.447600,28.806299,1.560300
1,2,100.688070,29.730499,2.036100,29.557301,1.517600
1,2,100.720839,32.768801,2.379100,32.717800,1.835100
1,2,100.748196,27.357399,2.298800,27.232500,1.858100
1,2,100.777586,29.389899,3.010000,29.541901,1.996600
1,2,100.807490,29.903799,2.367300,29.240499,1.727700
1,2,100.834575,27.084701,2.681400,27.563499,1.813400
1,2,100.866129,31.554602,2.112200,27.145700,1.715100
1,2,100.891167,25.037900,6.490600,29.336100,1.786100
1,2,100.920587,29.419899,2.659000,29.564199,1.472900
1,2,100.947868,27.281299,2.311700,27.324699,1.995900
1,2,100.975055,27.186401,2.180100,27.163700,1.853200
1,2,101.003064,28.009400,2.148400,27.792400,1.949900
1,2,101.031806,28.741799,2.390200,28.692200,1.751000
1,2,101.059070,27.264301,2.502100,27.165300,1.872700
1,2,101.086044,26.974197,2.526400,26.991199,1.966200
1,2,101.113319,27.274501,2.608400,27.474501,1.642000
1,2,101.142566,29.246800,2.674200,28.959499,1.877800
1,2,101.172472,29.906601,3.464300,29.648600,2.553100
1,2,101.200811,28.338600,3.566600,26.820801,2.718100
1,2,101.225994,25.182903,5.046900,26.806999,2.597400
1,2,101.251969,25.975198,5.178000,25.412001,3.092500
1,2,101.272532,20.562701,3.829300,20.950899,2.580000
1,2,101.295211,22.679199,3.440700,19.762100,2.399800
1,2,101.319805,24.593901,6.413900,26.265600,2.243900
1,2,101.336710,16.905501,2.994600,13.129000,2.463600
1,2,101.354063,17.352898,3.164500,21.721100,2.384500
1,2,101.373345,19.281302,3.820600,20.211500,2.244300
1,2,101.396561,23.216300,3.069700,20.153400,2.923600
1,2,101.413844,17.283600,6.304400,20.094801,3.226800
1,2,101.436896,23.051500,3.291900,22.878401,3.437200
1,2,101.465697,28.801098,3.396700,28.898800,3.096100
1,2,101.492080,26.383400,3.695200,26.273100,2.405700
1,2,101.518930,26.849601,3.226800,27.342400,1.894700
1,2,101.546601,27.670700,2.621100,27.291700,1.804900
1,2,101.573629,27.028099,3.095500,26.798901,2.058800
1,2,101.600363,26.734199,3.639800,27.187000,1.934400
1,2,101.629646,29.283300,3.093200,29.172400,2.003500
1,2,101.657920,28.273702,2.897500,27.413300,2.089500
1,2,101.684954,27.034000,4.044100,27.881500,2.156000
1,2,101.714228,29.274199,3.341500,28.933399,1.602100
1,2,101.743382,29.153202,3.040300,29.253201,2.100300
1,2,101.771116,27.734499,3.007900,28.038099,2.301800
1,2,101.797615,26.498798,2.813700,26.153601,2.068300
1,2,101.827165,29.550202,3.156200,29.583500,2.120400
1,2,101.853811,26.646201,3.039300,26.675400,2.293600
1,2,101.881494,27.682997,3.056700,27.689899,2.369300
1,2,101.909868,28.373800,2.965300,28.595200,1.960200
1,2,101.937382,27.514402,2.576700,27.339100,1.690200
1,2,101.963895,26.512701,2.664600,26.336100,1.987300
1,2,101.990957,27.061898,2.874100,27.387400,1.951100
1,2,102.017484,26.527300,2.368100,26.776400,2.026900
1,2,102.044749,27.265001,2.021300,27.161301,1.923400
1,2,102.072299,27.549200,2.819100,27.581499,1.842000
1,2,102.099346,27.047299,2.046900,26.982100,1.828600
1,2,102.127104,27.758300,2.026300,27.409100,1.483300
1,2,102.153866,26.762199,2.353100,26.951599,1.537800
1,2,102.184540,30.673202,2.238200,30.903200,1.661500
1,2,102.213401,28.861597,2.376800,27.890301,2.040400
1,2,102.239568,26.167400,3.128300,26.883400,1.825700
1,2,102.267406,27.837500,2.555200,27.511101,2.169100
1,2,102.293486,26.079703,2.821600,26.587799,2.165100
1,2,102.320859,27.373597,2.406500,27.016800,2.047100
1,2,102.350013,29.154103,2.713000,28.801901,1.479800
1,2,102.377293,27.279999,3.045000,27.524000,1.814800
1,2,102.403262,25.968999,2.891900,26.452600,1.792100
1,2,102.430566,27.304001,2.152900,27.177401,1.815300
1,2,102.460114,29.548001,2.098300,29.406000,1.768900
1,2,102.486850,26.735697,2.424400,26.881001,1.871000
1,2,102.514071,27.220603,2.231400,27.213499,1.394000
1,2,102.543203,29.132798,2.765300,29.315701,1.447700
1,2,102.570860,27.656101,2.084300,27.611500,2.030100
1,2,102.598478,27.617998,1.974000,27.118500,1.561500
1,2,102.627783,29.304903,2.545600,29.485201,1.500500
1,2,102.657436,29.653400,2.417900,29.173500,1.759600
1,2,102.684235,26.799198,2.853800,27.003401,1.698300
1,2,102.716371,32.136399,2.956100,32.266899,1.924300
1,2,102.745987,29.615499,2.512600,28.520800,2.256500
1,2,102.771294,25.306802,4.362600,26.321600,2.430700
1,2,102.798262,26.968099,3.707100,26.812700,2.210300
1,2,102.827525,29.262900,2.789600,28.844400,2.144200
1,2,102.854360,26.835300,3.246800,27.462200,2.380700
1,2,102.883648,29.287498,2.766400,28.811701,1.969500
1,2,102.910871,27.223602,3.166400,26.850901,1.875300
1,2,102.937928,27.056899,3.345900,27.589500,1.900600
1,2,102.965024,27.096201,3.224000,27.249701,1.743700
1,2,102.993147,28.122801,2.838000,28.080601,2.393100
1,2,103.022904,29.757299,2.944100,29.709700,1.728000
1,2,103.050531,27.626399,2.791200,27.853201,1.919600
1,2,103.078502,27.971599,2.544400,26.982901,2.127600
1,2,103.106842,28.339803,3.369000,29.450600,2.091800
1,2,103.134814,27.971398,2.357700,27.829399,1.672300
1,2,103.162328,27.513999,2.342200,27.447201,2.011800
1,2,103.191094,28.766900,2.447800,29.058701,2.323000
1,2,103.218962,27.867701,2.217000,27.529301,1.870700
1,2,103.250905,31.942498,2.624300,31.718700,1.513400
1,2,103.277819,26.914302,3.403500,27.307699,1.751400
1,2,103.305873,28.053600,2.134400,27.863199,1.647400
1,2,103.333451,27.578399,2.546500,27.379801,1.765400
1,2,103.361373,27.921502,2.538000,27.360500,1.639000
1,2,103.388217,26.844300,3.097400,27.598801,1.796700
1,2,103.419388,31.171300,2.455700,31.095100,2.039300
1,2,103.447122,27.733598,2.869600,27.632999,2.084500
1,2,103.474753,27.631201,2.599200,27.552200,1.651200
1,2,103.503849,29.096201,2.818900,29.181999,1.977000
1,2,103.533967,30.117698,2.882200,29.762199,1.786200
1,2,103.564572,30.605700,3.807500,31.050301,2.718500
1,2,103.593699,29.126700,3.025200,29.184099,1.544700
1,2,103.620918,27.218901,2.502900,26.847401,1.703900
1,2,103.649354,28.435800,2.988200,28.205299,1.703800
1,2,103.675943,26.588902,2.951200,27.011499,1.599200
1,2,103.703166,27.222797,2.770100,27.157700,1.366600
1,2,103.733027,29.861003,3.081800,29.970301,1.919400
1,2,103.759680,26.652899,2.782900,26.724400,2.075000
1,2,103.787324,27.644899,2.475200,27.759300,2.036800
1,2,103.816876,29.551201,2.183000,29.432199,1.421000
1,2,103.843790,26.914701,2.838400,26.872299,1.852100
1,2,103.871267,27.477000,3.223900,27.472700,1.768300
1,2,103.898692,27.425099,2.232300,27.548700,1.462000
1,2,103.926142,27.449101,2.137600,27.010201,1.796700
1,2,103.953080,26.938800,2.468900,27.395000,1.887000
1,2,103.981208,28.127201,2.074100,27.726700,1.639900
1,2,104.008219,27.011998,2.413500,27.071199,1.701200
1,2,104.034732,26.512101,2.502400,26.914900,1.515900
1,2,104.062261,27.529400,1.969300,27.524700,1.421600
1,2,104.091769,29.507801,2.012400,29.164801,1.727900
1,2,104.119034,27.264800,2.328400,27.609800,1.533800
1,2,104.147101,28.067697,1.912600,27.679701,1.781300
1,2,104.174374,27.272902,2.372500,27.563499,1.657500
1,2,104.203843,29.468801,2.038400,29.211599,1.492800
1,2,104.234073,30.229598,2.242100,30.447800,1.582900
1,2,104.261550,27.477302,2.076000,27.026600,1.738200
1,2,104.289074,27.524099,2.514500,27.518000,1.946300
1,2,104.318166,29.092100,2.685400,29.446899,2.164500
1,2,104.345504,27.338002,2.281600,27.048700,1.654400
1,2,104.374362,28.857898,2.485700,29.298300,1.484700
1,2,104.403370,29.008199,1.974700,28.886499,1.317600
1,2,104.431015,27.644802,2.212700,27.563200,1.475400
1,2,104.459941,28.926499,2.177300,28.732300,1.620700
1,2,104.487076,27.134299,2.347700,27.130400,1.378000
1,2,104.514020,26.943803,2.245500,27.093399,1.388900
1,2,104.541391,27.370997,2.205400,27.018101,1.904100
1,2,104.568422,27.031504,2.565200,27.381500,1.784500
1,2,104.597485,29.062897,2.203700,28.868000,1.834600
1,2,104.624595,27.109902,2.437000,27.300501,1.440300
1,2,104.651622,27.027499,2.118900,26.971901,1.957400
1,2,104.679050,27.427901,2.429600,27.374800,1.614300
1,2,104.707448,28.397501,2.320500,28.245100,1.960900
1,2,104.734789,27.341098,2.493700,27.285000,1.549500
1,2,104.763925,29.135700,2.466900,29.141800,1.665300
1,2,104.790584,26.659701,2.579800,26.633499,1.534200
1,2,104.819463,28.878599,2.517000,28.266800,1.474500
1,2,104.844839,25.376599,3.175200,26.143499,1.850300
1,2,104.874020,29.180702,2.477900,28.744900,1.724500
1,2,104.902230,28.209500,2.782800,28.520399,1.718400
1,2,104.929381,27.151700,2.987600,26.900600,1.464700
1,2,104.956223,26.841998,2.662300,27.395800,2.054600
1,2,104.983941,27.717900,2.066300,27.422199,1.680300
1,2,105.011541,27.599301,2.339600,27.573900,1.614400
1,2,105.038399,26.858602,2.496700,26.499901,1.451900
1,2,105.065315,26.916098,2.845400,27.102900,1.703800
1,2,105.092289,26.973601,2.448900,27.103800,1.339700
1,2,105.119473,27.184200,2.327800,27.275499,1.469200
1,2,105.146772,27.299099,2.299900,27.435400,1.658100
1,2,105.174267,27.495202,2.182000,27.416300,1.581800
1,2,105.202114,27.846698,2.290100,27.621000,1.906100
1,2,105.228743,26.628502,2.493400,26.924000,1.625000
1,2,105.256189,27.445901,2.220100,27.274599,1.891000
1,2,105.283787,27.598798,2.386300,27.502501,1.582400
1,2,105.311338,27.550802,2.551300,27.360399,1.608400
1,2,105.340270,28.932199,2.526200,29.144899,1.545900
1,2,105.368106,27.835499,2.286800,27.901300,1.976700
1,2,105.394962,26.855901,2.276800,26.563299,1.436400
1,2,105.421963,27.001400,2.455600,26.911200,1.843300
1,2,105.448589,26.625700,2.696900,27.034100,2.078500
1,2,105.476520,27.931299,2.304800,27.021700,1.954600
1,2,105.502655,26.135299,2.959100,27.105499,1.650400
1,2,105.530408,27.752902,1.960000,27.433599,1.875300
1,2,105.557480,27.071998,2.419300,27.100100,1.533400
1,2,105.584411,26.931200,2.413900,27.055700,1.681900
1,2,105.612770,28.359000,2.222300,27.541000,1.586300
1,2,105.639438,26.667301,2.967900,26.903700,1.790400
1,2,105.666075,26.637301,2.702100,26.913799,1.675400
1,2,105.693894,27.818799,2.489300,28.132601,1.635800
1,2,105.721891,27.997501,2.068500,27.177299,1.535700
1,2,105.751742,29.850598,2.883200,30.445601,1.416100
1,2,105.779127,27.385201,2.218300,27.385900,1.501600
1,2,105.806052,26.925199,2.630700,26.764500,2.320600
1,2,105.833370,27.317803,2.544900,27.441099,1.884000
1,2,105.860550,27.179997,2.218000,27.310900,1.769800
1,2,105.888443,27.892802,2.211000,27.497900,2.238900
1,2,105.919170,30.727498,2.584600,27.071501,1.689800
1,2,105.942855,23.684502,6.361700,27.231501,1.963300
1,2,105.969714,26.858598,2.707100,26.884100,1.994200
1,2,105.998274,28.560501,2.772700,29.073400,1.944700
1,2,106.026042,27.768102,2.245100,27.370800,1.807500
1,2,106.053177,27.134500,2.257800,27.159700,1.701200
1,2,106.081799,28.621897,2.285300,28.700600,1.887800
1,2,106.111653,29.854000,2.323700,29.952499,1.697200
1,2,106.140187,28.534301,2.217700,28.554001,1.768900
1,2,106.167569,27.382601,2.505000,27.367800,1.507100
1,2,106.196446,28.876498,2.363700,28.824800,1.618300
1,2,106.223651,27.205501,2.171400,27.455000,1.738900
1,2,106.252105,28.453700,1.971400,27.980301,1.710400
1,2,106.281156,29.050700,2.462400,28.834900,1.582200
1,2,106.309536,28.380200,2.575100,28.560801,1.815500
1,2,106.336612,27.075600,2.486100,27.137400,1.642500
1,2,106.367783,31.171102,2.358700,31.509701,1.664000
1,2,106.397295,29.512398,2.062100,28.994801,1.429000
1,2,106.424148,26.852701,2.481200,27.215099,1.551900
1,2,106.455676,31.528600,2.049200,31.073900,1.561800
1,2,106.483195,27.518600,2.555000,27.687799,1.429700
1,2,106.510242,27.046498,2.338700,27.368000,1.498400
1,2,106.537116,26.874501,2.032100,26.828300,1.521100
1,2,106.564476,27.360100,2.067200,27.298599,1.477900
1,2,106.593317,28.841101,2.064800,28.931000,1.678600
1,2,106.620695,27.377401,2.148400,27.146099,2.012800
1,2,106.649846,29.151000,2.355900,28.889700,1.915400
1,2,106.676668,26.821900,2.871600,27.264700,1.756700
1,2,106.704554,27.886197,2.488800,27.396601,1.721000
1,2,106.731804,27.249802,2.663000,27.801800,1.635900
1,2,106.759273,27.469900,2.132300,27.276699,1.634300
1,2,106.788991,29.717099,2.321600,29.261700,1.713100
1,2,106.814473,25.482602,2.674900,25.703899,1.706400
1,2,106.843108,28.634600,2.472900,28.818501,1.904100
1,2,106.870447,27.339198,2.281500,27.058100,1.554900
1,2,106.897682,27.235400,2.543500,27.592501,1.497000
1,2,106.925706,28.023303,2.220200,27.318899,1.734700
1,2,106.953013,27.307000,2.874000,27.210100,1.729500
1,2,106.981993,28.979897,3.102700,29.566099,1.499900
1,2,107.011256,29.263400,2.799400,29.469299,1.962100
1,2,107.039134,27.877800,2.169600,27.400700,1.539400
1,2,107.067608,28.474301,2.419400,28.636499,1.570100
1,2,107.097005,29.397201,2.370500,29.708200,1.753200
1,2,107.124070,27.064599,2.223500,27.185699,1.691100
1,2,107.153801,29.731199,1.930800,29.505800,1.928100
1,2,107.183169,29.368002,2.184600,29.058100,1.877900
1,2,107.210493,27.324099,2.571300,27.774900,2.084100
1,2,107.239672,29.179201,2.140600,28.991600,1.532500
1,2,107.267725,28.052598,2.186600,28.092400,1.433800
1,2,107.295125,27.400203,2.297600,27.284700,1.788600
1,2,107.322797,27.671799,2.427800,27.507500,1.497100
1,2,107.349770,26.972800,2.450800,27.094900,1.584100
1,2,107.380048,30.278597,2.358200,29.780199,2.035900
1,2,107.406860,26.811402,3.176800,27.484301,2.532700
1,2,107.436281,29.421698,2.187200,28.937401,1.923200
1,2,107.463611,27.329601,2.672000,27.429100,2.616600
1,2,107.491156,27.545299,2.465700,27.588800,1.499200
1,2,107.518554,27.398001,2.345600,27.721701,1.438800
1,2,107.547085,28.530598,2.587700,28.091299,1.772700
1,2,107.575801,28.716102,2.538300,28.857700,1.674300
1,2,107.603391,27.589899,2.271500,27.343000,1.730100
1,2,107.632790,29.399399,2.666400,29.550900,2.491100
1,2,107.660347,27.556702,2.563200,27.770201,1.715400
1,2,107.688275,27.928099,2.157700,27.860100,1.980200
1,2,107.720827,32.551400,2.312600,32.591400,1.701800
1,2,107.747805,26.977900,2.203300,26.504900,1.591300
1,2,107.774890,27.085699,2.735300,27.353001,1.534000
1,2,107.803198,28.308000,2.539700,28.744101,1.799100
1,2,107.830582,27.384002,2.671900,27.034401,1.369500
1,2,107.858155,27.572699,2.431600,27.667801,1.789400
1,2,107.885591,27.436398,2.226500,27.264500,1.587800
1,2,107.912831,27.239401,2.311700,27.338499,1.805900
1,2,107.940943,28.111901,2.109600,27.823900,1.821100
1,2,107.970705,29.762000,2.527300,28.940001,2.476800
1,2,108.000747,30.042198,3.455300,30.572500,1.975200
1,2,108.027915,27.167801,3.194100,27.427299,1.935100
1,2,108.054632,26.717000,2.674700,26.820200,2.168300
1,2,108.082653,28.021500,2.791000,27.827900,1.561500
1,2,108.110686,28.033003,2.876300,28.207100,1.867600
1,2,108.136173,25.486499,2.922500,25.534700,1.776100
1,2,108.163666,27.493000,2.355900,27.414301,1.435800
1,2,108.191078,27.412500,2.559300,27.265301,1.562300
1,2,108.220076,28.997798,2.934900,29.321899,1.822300
1,2,108.247984,27.907901,2.396300,27.186300,1.653400
1,2,108.275084,27.100001,2.965300,27.655001,1.498100
1,2,108.301596,26.512399,2.470200,26.828100,1.923000
1,2,108.329540,27.944200,2.202300,27.402800,1.491900
1,2,108.358536,28.995302,2.839900,29.153700,1.907500
1,2,108.385291,26.755601,2.539000,25.760099,1.816600
1,2,108.411236,25.945198,3.425900,27.057400,1.567600
1,2,108.441225,29.988702,2.591900,29.636101,2.403700
1,2,108.468096,26.870299,2.868200,26.923201,1.631500
1,2,108.497386,29.290099,2.503700,29.142799,1.920000
1,2,108.524818,27.432501,2.633400,27.544100,1.400900
1,2,108.552554,27.736198,2.620100,26.992100,1.549700
1,2,108.580442,27.887400,3.354600,28.530899,1.823600
1,2,108.610183,29.741302,2.822900,29.896400,1.896400
1,2,108.639902,29.718798,3.126300,29.384001,2.056900
1,2,108.669501,29.599100,2.937500,29.749001,1.946200
1,2,108.699077,29.576000,3.128700,29.753000,1.854300
1,2,108.729947,30.869801,2.553600,30.411301,1.796700
1,2,108.756924,26.977301,2.801000,27.444500,1.661900
1,2,108.786739,29.814798,2.434400,29.846500,2.050600
1,2,108.814114,27.375102,2.385700,27.219000,1.920300
1,2,108.842081,27.967498,2.348800,27.709200,1.817700
1,2,108.870878,28.796602,2.608700,29.195499,1.693300
1,2,108.901206,30.328300,2.256600,29.639799,1.576900
1,2,108.930590,29.383700,2.779400,29.893299,1.702500
1,2,108.958118,27.527798,2.565700,27.837999,1.869200
1,2,108.987096,28.978601,2.144200,28.747900,1.504100
1,2,109.017740,30.643400,2.385900,29.804600,1.680200
1,2,109.043590,25.849901,3.202000,26.788000,1.518200
1,2,109.071515,27.925201,2.256200,27.810301,1.747600
1,2,109.100084,28.569598,2.333700,28.854000,2.148000
1,2,109.128009,27.925000,2.074000,27.643101,2.119200
1,2,109.154717,26.707802,2.491000,26.733500,1.588300
1,2,109.182269,27.552199,2.528800,27.375500,1.549600
1,2,109.211714,29.444300,2.631100,29.245199,1.583600
1,2,109.238849,27.135000,2.732600,27.411100,2.042900
1,2,109.266567,27.718000,2.440000,27.295900,1.738700
1,2,109.295720,29.152900,3.198100,29.095699,1.920100
1,2,109.322543,26.823003,2.985800,27.277100,1.610600
1,2,109.350322,27.779199,2.382200,27.339300,1.740300
1,2,109.376777,26.455499,2.854800,26.898600,1.914600
1,2,109.403857,27.079400,2.632700,26.896000,2.267300
1,2,109.431271,27.413800,2.729800,27.464899,1.655400
1,2,109.458162,26.891600,2.911000,27.009399,1.803900
1,2,109.485780,27.617499,2.528700,27.303600,1.657900
1,2,109.512931,27.151201,2.731000,27.004801,2.233800
1,2,109.539400,26.469398,2.866500,26.894899,1.896900
1,2,109.567025,27.624600,2.731200,27.543600,1.531100
1,2,109.594453,27.427901,2.513300,27.033899,1.726800
1,2,109.622129,27.675901,2.825200,27.786900,1.827700
1,2,109.648748,26.619699,2.764800,26.636900,1.896400
1,2,109.675335,26.586901,2.632100,27.148199,1.508200
1,2,109.703057,27.721502,2.197000,27.416201,1.439100
1,2,109.732176,29.119298,2.902100,29.333900,1.597100
1,2,109.759571,27.395099,2.089200,27.305099,1.895600
1,2,109.786887,27.315702,2.231300,27.357201,1.471400
1,2,109.814097,27.210098,2.103200,27.191999,1.379000
1,2,109.841663,27.566303,2.180100,27.282301,1.203700
1,2,109.868727,27.063999,2.453900,27.372900,1.394200
1,2,109.895785,27.057298,2.122300,27.008200,1.376300
1,2,109.923517,27.732003,2.237200,27.485001,1.472700
1,2,109.950937,27.420599,2.338800,27.463499,1.718800
1,2,109.979032,28.094899,2.441800,28.205601,1.720300
1,2,110.006148,27.116299,2.243700,26.893999,1.507500
1,2,110.032942,26.793301,2.345100,26.912500,1.659500
1,2,110.059728,26.786800,2.331800,26.859100,1.376100
1,2,110.087791,28.062101,2.170100,27.927999,1.536100
1,2,110.116267,28.476000,2.314300,28.598200,1.871000
1,2,110.143566,27.299099,2.229900,27.138000,1.469100
1,2,110.170754,27.188700,2.341900,27.325500,1.391800
1,2,110.198484,27.729500,2.139000,27.708900,1.608500
1,2,110.229435,30.950602,2.290700,30.851601,2.199500
1,2,110.256571,27.136099,2.429800,27.264400,1.640700
1,2,110.286307,29.736601,2.190300,29.737200,2.287200
1,2,110.314601,28.293900,2.166900,27.527100,1.734500
1,2,110.343543,28.941698,2.870000,29.696600,1.703100
1,2,110.373895,30.352399,2.491800,30.423100,1.886800
1,2,110.404266,30.371200,1.962600,29.727100,1.950500
1,2,110.430773,26.506603,2.629100,27.083000,1.416300
1,2,110.459284,28.511100,2.078600,28.316200,1.490500
1,2,110.487448,28.164398,2.374500,27.982800,2.119600
1,2,110.514165,26.716299,2.686800,26.779200,2.234400
1,2,110.541692,27.526900,2.525900,27.090300,1.780600
1,2,110.569380,27.688202,2.888700,27.737301,2.113800
1,2,110.595448,26.067998,3.003400,26.191401,2.083300
1,2,110.623381,27.933203,2.774500,27.662500,1.956500
1,2,110.650649,27.267698,3.145400,27.507900,1.867400
1,2,110.679541,28.892200,2.933800,29.069000,2.168300
1,2,110.710249,30.708201,2.602100,30.290199,1.573500
1,2,110.736608,26.359297,3.027000,27.023600,1.836800
1,2,110.764877,28.268702,2.028500,27.878700,1.664000
1,2,110.791968,27.091000,2.606200,27.087299,1.609500
1,2,110.818863,26.894998,2.636200,27.176701,2.150600
1,2,110.847903,29.040102,2.234800,28.870001,1.900800
1,2,110.875186,27.283199,2.512900,27.313299,1.686300
1,2,110.902318,27.131800,2.252400,27.005699,1.505100
1,2,110.929627,27.309000,2.270000,27.311399,1.475400
1,2,110.955539,25.911201,2.310800,26.022100,1.923500
1,2,110.991089,35.550300,2.359100,32.537300,1.776300
1,2,111.017420,26.331600,5.938600,29.245199,1.764700
1,2,111.045027,27.606498,2.742400,27.127100,2.025100
1,2,111.074452,29.425099,3.005900,29.598000,2.036000
1,2,111.102419,27.967002,2.823000,27.654100,1.706000
1,2,111.129962,27.543001,3.077100,27.644501,1.876300
1,2,111.159303,29.340997,2.954600,29.673201,1.751800
1,2,111.186030,26.727002,2.704900,26.814301,2.223000
1,2,111.213890,27.860299,2.613700,27.684601,2.389400
1,2,111.243879,29.989000,3.113900,29.996500,1.520000
1,2,111.269851,25.971901,2.856400,26.271200,2.098800
1,2,111.297662,27.810398,2.366000,27.551901,2.071100
1,2,111.324564,26.902601,2.776500,27.217400,1.519000
1,2,111.352258,27.694300,2.272700,27.552099,1.757000
1,2,111.380031,27.772199,2.623900,27.766001,2.332200
1,2,111.408888,28.857000,2.656100,28.503401,2.060400
1,2,111.436187,27.299002,2.788400,27.339600,2.080700
1,2,111.463753,27.565800,2.725100,27.184401,1.604000
1,2,111.491073,27.320199,3.349100,28.074301,1.867100
1,2,111.518082,27.008899,2.578200,27.027500,1.832300
1,2,111.546070,27.988203,2.211200,27.704700,2.368700
1,2,111.575508,29.438600,2.570600,29.001699,2.269900
1,2,111.602850,27.341500,3.108300,27.840599,1.976300
1,2,111.629914,27.063899,2.352900,27.186300,1.633100
1,2,111.660275,30.360900,2.465000,30.017500,1.801600
1,2,111.687521,27.246099,2.748200,27.474400,1.794300
1,2,111.714468,26.947301,2.715400,27.103100,1.813800
1,2,111.744794,30.326001,2.256800,29.853600,1.760600
1,2,111.771196,26.401799,3.165400,26.709999,1.660800
1,2,111.800991,29.794998,2.429600,29.639299,1.876000
1,2,111.828274,27.283203,2.717400,27.270700,1.816200
1,2,111.855292,27.018197,2.630000,26.879801,1.772100
1,2,111.882733,27.440902,2.742000,27.271601,1.609900
1,2,111.909452,26.719201,3.022500,27.069000,1.736400
1,2,111.937066,27.613200,2.490900,27.234800,1.637000
1,2,111.964776,27.710397,2.867000,27.717699,1.924000
1,2,111.992823,28.046601,3.103000,28.454901,2.300100
1,2,112.021884,29.061001,2.402400,29.238001,1.579000
1,2,112.049461,27.577400,1.932400,27.197399,1.947500
1,2,112.076440,26.978601,2.382600,27.252899,1.417700
1,2,112.103666,27.226299,2.149500,27.331200,1.769400
1,2,112.131325,27.659200,2.044200,27.569300,1.682900
1,2,112.161323,29.998001,2.107000,29.971500,1.547700
1,2,112.189578,28.255198,2.148200,28.312700,1.904200
1,2,112.217409,27.830500,2.166800,27.473301,1.833300
1,2,112.246735,29.325999,2.430300,29.652700,1.745800
1,2,112.276611,29.876404,2.017200,29.458300,1.696400
1,2,112.306140,29.528599,2.470800,29.511000,1.820700
1,2,112.336919,30.779198,2.473600,30.797100,1.712900
1,2,112.366059,29.140100,2.545200,29.356300,1.918800
1,2,112.395696,29.637001,2.430900,29.721800,1.783300
1,2,112.423764,28.067801,2.146400,27.846300,1.740200
1,2,112.455222,31.457700,2.365900,31.393000,2.130400
1,2,112.484853,29.631399,2.433500,29.569201,1.926000
1,2,112.514292,29.438902,2.543200,29.459299,1.798800
1,2,112.543846,29.554497,2.398900,29.511101,1.780500
1,2,112.571465,27.618900,2.446700,27.984501,1.532100
1,2,112.600961,29.495399,2.087400,29.205299,1.658500
1,2,112.631501,30.540101,2.430300,30.917200,1.771700
1,2,112.659711,28.210301,2.033000,27.960600,1.505700
1,2,112.687707,27.995799,2.221700,27.617201,1.681700
1,2,112.717033,29.326200,2.535400,29.523399,1.913600
1,2,112.744884,27.850401,2.271400,27.770800,1.748800
1,2,112.773748,28.864399,2.763500,29.214399,1.759700
1,2,112.801308,27.559701,2.006400,27.103701,1.665600
1,2,112.829670,28.362300,2.511200,28.796301,1.608500
1,2,112.859902,30.231901,2.046200,30.052000,1.694700
1,2,112.887821,27.918998,2.584300,27.810301,2.145700
1,2,112.916662,28.841302,2.774400,28.642500,2.063600
1,2,112.945123,28.460998,2.551300,28.832701,1.855600
1,2,112.972728,27.605303,2.041500,27.520599,1.858400
1,2,113.000274,27.545400,2.150100,27.701599,1.451800
1,2,113.030444,30.169800,1.989300,28.985500,1.591700
1,2,113.056766,26.322097,3.033100,27.221001,1.542300
1,2,113.084468,27.702603,2.312900,27.695000,1.625700
1,2,113.111376,26.907597,2.525700,27.032000,1.753000
1,2,113.139114,27.737703,2.311700,27.356001,1.493900
1,2,113.166421,27.307197,2.511100,27.498199,1.477700
1,2,113.194246,27.824901,2.407900,27.922600,1.472000
1,2,113.221010,26.763801,2.365700,26.658899,1.798400
1,2,113.249994,28.984301,2.443000,29.077900,1.537300
1,2,113.279404,29.410698,2.231200,29.129101,1.501600
1,2,113.305946,26.541103,2.477300,26.964300,1.902600
1,2,113.331172,25.226697,2.124000,25.231300,1.607200
1,2,113.359030,27.858000,2.115500,27.472500,1.787500
1,2,113.386267,27.236801,2.417600,27.464399,1.542600
1,2,113.415239,28.972100,2.255200,29.036800,1.680200
1,2,113.442700,27.461100,2.190100,27.360600,1.912500
1,2,113.469698,26.998099,2.365200,27.107500,1.662600
1,2,113.498042,28.343700,2.147000,28.070801,1.887900
1,2,113.524841,26.799202,2.432700,26.833700,2.347100
1,2,113.551373,26.531797,2.652200,26.724701,1.924200
1,2,113.579268,27.895201,2.358500,27.284100,1.685300
1,2,113.606335,27.066201,2.880800,27.542101,2.049400
1,2,113.633529,27.194299,2.617400,26.510599,2.127500
1,2,113.659872,26.342999,2.929100,27.045799,1.653700
1,2,113.687899,28.026801,2.140300,27.532801,1.571000
1,2,113.717393,29.494002,2.737500,29.671801,1.860900
1,2,113.745245,27.852599,2.585500,27.647200,1.672800
1,2,113.772544,27.298700,2.864000,27.195101,1.747000
1,2,113.799325,26.780698,2.907400,26.991501,1.857700
1,2,113.826536,27.211402,2.869400,27.446301,1.515600
1,2,113.855790,29.254399,2.555100,29.011700,1.799400
1,2,113.883410,27.619500,2.693800,27.546499,1.883700
1,2,113.909715,26.305400,2.736300,26.830700,1.362800
1,2,113.938558,28.842300,2.008100,28.297800,1.377900
1,2,113.965007,26.449800,2.500300,26.437599,1.838900
1,2,113.991867,26.859201,2.615500,26.886101,1.532000
1,2,114.018902,27.035199,2.491900,27.132601,1.685300
1,2,114.046763,27.860802,2.693800,27.645800,1.962000
1,2,114.072932,26.169498,2.639000,26.738600,2.018000
1,2,114.100764,27.832203,2.019800,27.571501,1.801400
1,2,114.130091,29.326499,2.209000,29.558701,1.504900
1,2,114.157759,27.667802,2.030300,27.240999,1.538600
1,2,114.184968,27.209099,2.415900,27.462299,1.512000
1,2,114.214943,29.975198,2.177800,29.574200,1.675300
1,2,114.242898,27.955100,2.774600,27.814301,1.844900
1,2,114.273466,30.567802,2.650300,30.823601,1.751700
1,2,114.300718,27.252000,2.487200,27.198700,1.559100
1,2,114.327529,26.811600,2.326100,27.252899,1.503400
1,2,114.355951,28.421499,1.970700,27.962000,1.498500
1,2,114.383056,27.105201,2.614900,27.046101,1.896100
1,2,114.411004,27.947698,2.478600,28.148800,1.866300
1,2,114.437647,26.642900,2.305700,26.677900,1.944000
1,2,114.465072,27.425401,2.315600,27.354601,2.159800
1,2,114.492629,27.557001,2.348300,27.700100,1.749100
1,2,114.523741,31.111900,2.112300,31.202999,1.913400
1,2,114.553833,30.092400,2.040700,29.689301,1.731000
1,2,114.581273,27.440000,2.447000,27.474701,1.555500
1,2,114.608973,27.700000,2.259200,27.800301,1.504600
1,2,114.638490,29.516201,2.192900,29.348000,1.572000
1,2,114.667340,28.850198,2.340700,29.233601,1.477600
1,2,114.696914,29.574201,2.062100,29.401899,1.949300
1,2,114.726774,29.859502,2.160700,29.929100,1.657300
1,2,114.753913,27.139500,2.162400,27.205500,1.761200
1,2,114.783411,29.498100,2.116200,29.584101,1.641400
1,2,114.810483,27.071700,1.919300,27.043100,1.574700
1,2,114.839862,29.379200,1.942300,28.920900,1.868600
1,2,114.867220,27.357899,2.262700,27.409599,1.628300
1,2,114.894325,27.105402,2.293400,27.501900,2.120300
1,2,114.921841,27.516000,1.822900,27.427401,1.579300
1,2,114.948873,27.031299,2.056400,26.812901,1.912300
1,2,114.978534,29.661201,2.386200,29.666800,2.194600
1,2,115.005158,26.624698,2.646200,26.697500,2.119400
1,2,115.033294,28.135501,2.298900,27.764999,1.929500
1,2,115.060850,27.556200,2.719900,27.793400,1.842600
1,2,115.090271,29.420301,2.426000,29.170799,2.265600
1,2,115.119919,29.648900,2.979900,29.496799,1.895500
1,2,115.146658,26.738599,3.136000,27.284901,1.814900
1,2,115.175882,29.224399,2.345200,29.110399,2.523800
1,2,115.203582,27.699601,2.197100,27.750999,2.221100
1,2,115.235779,32.196801,2.574800,31.936600,2.048800
1,2,115.264444,28.665598,2.710900,29.028999,1.929400
1,2,115.292101,27.656298,2.222800,27.522699,1.573600
1,2,115.319640,27.539100,1.969000,27.567400,1.767700
1,2,115.348171,28.531000,1.872900,28.299500,1.934000
1,2,115.376921,28.749902,2.192200,29.111900,1.693300
1,2,115.405743,28.822299,1.887500,28.709299,1.707600
1,2,115.434801,29.058099,1.957800,28.755699,1.724100
1,2,115.463045,28.244101,2.241400,28.461399,1.716700
1,2,115.490498,27.453102,1.983300,27.156500,1.655600
1,2,115.518893,28.394699,3.103800,28.248800,1.506900
1,2,115.547687,28.794199,2.683300,28.797800,2.033300
1,2,115.574664,26.976500,2.539200,27.241899,1.663700
1,2,115.602218,27.554002,2.216100,27.533800,1.722000
1,2,115.631466,29.248200,2.489300,29.007299,1.699400
1,2,115.657531,26.064798,2.389700,25.895700,1.546300
1,2,115.685836,28.305002,2.653900,28.697800,1.601500
1,2,115.714300,28.464399,2.198100,28.557301,1.509900
1,2,115.739480,25.180198,2.032300,25.063200,1.505700
1,2,115.768818,29.337503,2.129400,29.269699,1.579500
1,2,115.796587,27.769197,2.274300,27.739300,1.948400
1,2,115.823746,27.159400,2.249600,27.087500,1.564600
1,2,115.851214,27.467303,2.365200,27.722601,1.487600
1,2,115.879150,27.936500,2.150900,27.531500,1.543800
1,2,115.906811,27.660999,2.350900,27.995501,1.577400
1,2,115.934542,27.730700,2.190300,27.741100,1.677700
1,2,115.964368,29.826000,2.206800,29.680201,1.436700
1,2,115.991247,26.879199,2.196400,27.083799,1.581600
1,2,116.022309,31.062201,2.057400,27.321501,1.610200
1,2,116.046282,23.972999,5.677400,27.214100,1.562400
1,2,116.075179,28.896403,2.685800,29.212299,1.619800
1,2,116.102464,27.285296,2.120800,27.207001,1.668600
1,2,116.129593,27.128603,2.230000,26.997700,1.747000
1,2,116.156779,27.186897,2.319600,27.082800,1.696200
1,2,116.184092,27.312603,2.373500,27.212700,1.624300
1,2,116.211081,26.988897,2.973500,27.168100,1.514500
1,2,116.240330,29.249001,2.413500,29.173100,2.018800
1,2,116.266740,26.410300,2.418200,26.759199,1.423700
1,2,116.293971,27.230501,1.976700,27.135700,1.646000
1,2,116.321616,27.645398,2.156200,27.247400,1.603600
1,2,116.348930,27.314100,2.768000,27.638300,1.500800
1,2,116.376313,27.382601,2.388600,27.352400,1.799400
1,2,116.403500,27.186800,2.408500,27.306299,1.795600
1,2,116.430713,27.212899,2.101200,27.232401,1.574400
1,2,116.457939,27.226802,2.209700,26.782101,1.607300
1,2,116.485089,27.149700,2.496200,27.551500,1.712300
1,2,116.514272,29.183399,2.107700,29.036800,1.574300
1,2,116.541762,27.489401,2.178000,27.265900,1.683400
1,2,116.569908,28.145999,2.361100,27.904900,1.508800
1,2,116.597239,27.330901,2.506200,27.526501,1.682900
1,2,116.623704,26.465297,2.451500,26.698500,1.859700
1,2,116.650722,27.018301,2.232200,27.088600,1.806100
1,2,116.677990,27.267400,2.238900,27.182199,1.617500
1,2,116.705796,27.806502,2.376000,27.533300,1.512700
1,2,116.733121,27.324900,2.486500,27.455000,1.769100
1,2,116.761663,28.542098,2.830900,28.802601,1.780700
1,2,116.788951,27.287699,2.240000,27.192101,1.902700
1,2,116.816055,27.103901,2.314100,26.946800,2.057100
1,2,116.846968,30.912902,2.557500,30.089800,2.095800
1,2,116.873910,26.942398,3.294800,27.744600,1.638600
1,2,116.900831,26.921101,2.882000,26.989000,1.486300
1,2,116.929225,28.393898,2.168500,28.068001,2.083300
1,2,116.958288,29.063299,2.457000,28.979000,1.566800
1,2,116.984255,25.966901,2.495300,26.511600,1.813300
1,2,117.011465,27.209800,2.260500,27.077801,1.662900
1,2,117.039743,28.278001,2.493100,27.933001,1.851800
1,2,117.066570,26.827298,2.764700,27.045000,1.881600
1,2,117.094128,27.557101,2.351200,27.216000,2.221000
1,2,117.121299,27.171299,2.762900,27.350700,1.521400
1,2,117.149854,28.554801,2.517100,28.676300,2.088100
1,2,117.176786,26.931901,2.561900,26.999201,2.126000
1,2,117.203777,26.991200,2.354300,27.040701,1.687600
1,2,117.231817,28.039802,2.121100,27.520100,2.127700
1,2,117.258711,26.893999,2.660200,27.036800,1.552200
1,2,117.285688,26.977800,2.441000,26.948700,1.705800
1,2,117.312617,26.928298,2.504500,27.318001,1.605100
1,2,117.340322,27.705099,2.095600,27.628700,1.639700
1,2,117.369038,28.716400,2.269100,28.441401,1.627600
1,2,117.398627,29.589001,2.471300,29.278799,1.676600
1,2,117.426469,27.841702,2.599800,28.011900,1.718000
1,2,117.453296,26.826799,2.751300,26.725401,2.157000
1,2,117.480892,27.596600,2.737700,27.584499,1.988500
1,2,117.506920,26.028100,2.846600,26.341801,1.906100
1,2,117.534740,27.819797,2.549400,27.663000,1.676400
1,2,117.562049,27.308501,2.654100,27.517799,1.847500
1,2,117.589579,27.530100,2.162800,27.392599,1.759100
1,2,117.618037,28.457701,2.324900,28.256001,1.626200
1,2,117.647811,29.774297,2.485400,29.478901,1.502300
1,2,117.676274,28.463401,2.731500,28.888901,1.635100
1,2,117.705320,29.045701,2.544400,28.562300,1.719100
1,2,117.731957,26.637498,2.847800,27.200100,1.674400
1,2,117.760540,28.582402,2.328800,28.718800,1.554800
1,2,117.788514,27.974501,2.138700,27.658001,1.633000
1,2,117.818019,29.505000,2.467700,29.318800,1.753700
1,2,117.846850,28.831098,2.741900,29.165899,1.821000
1,2,117.874801,27.950499,2.382700,27.816900,1.680500
1,2,117.901944,27.143102,2.323100,27.196899,1.577000
1,2,117.928739,26.795398,2.236500,26.975901,1.503200
1,2,117.956288,27.548801,2.167600,27.447100,1.566900
1,2,117.984115,27.826998,2.002900,27.917700,1.660500
1,2,118.011030,26.915003,2.021100,26.658400,1.963600
1,2,118.038080,27.050000,2.581600,27.122801,2.076800
1,2,118.065975,27.894899,2.817400,27.121401,1.582500
1,2,118.092399,26.424300,2.852300,26.970100,1.760300
1,2,118.120036,27.636301,2.585500,27.904900,1.954700
1,2,118.147832,27.796101,2.263500,27.723400,1.780800
1,2,118.176805,28.972998,2.779200,28.754101,2.650000
1,2,118.204791,27.986102,2.400500,27.922899,1.765600
1,2,118.236140,31.349298,2.484400,31.623100,1.777500
1,2,118.263305,27.164999,2.163500,27.296101,1.780300
1,2,118.293000,29.694602,2.095900,29.318701,1.443400
1,2,118.321021,28.021500,2.387100,27.943199,1.509500
1,2,118.350053,29.031701,2.410400,29.112700,1.480700
1,2,118.379419,29.366400,2.255800,29.366800,1.769000
1,2,118.406733,27.313299,2.366500,27.436501,1.843600
1,2,118.434193,27.460799,2.235700,27.317200,1.701400
1,2,118.463681,29.487502,2.460900,29.497200,1.934000
1,2,118.490772,27.091298,2.371800,27.370300,1.580600
1,2,118.518251,27.478799,2.231900,27.150801,1.715300
1,2,118.548291,30.039802,2.469000,29.572201,2.024100
1,2,118.575531,27.239799,2.846700,27.801701,1.837700
1,2,118.603417,27.886499,2.246600,27.712601,1.733500
1,2,118.630480,27.062401,2.612400,26.624701,1.652700
1,2,118.657053,26.573699,3.022900,27.068501,1.784900
1,2,118.684551,27.497202,2.870800,27.247000,1.864600
1,2,118.711900,27.349100,3.918900,27.760900,1.907600
1,2,118.739740,27.840499,2.084600,27.643200,1.473800
1,2,118.768468,28.728001,2.625100,28.739700,1.973800
1,2,118.796828,28.359998,2.461500,28.223900,1.474100
1,2,118.823397,26.568502,2.550800,26.664101,1.812800
1,2,118.850743,27.346499,2.569600,27.006001,1.866400
1,2,118.878103,27.360201,2.795100,27.747700,1.687900
1,2,118.905122,27.019098,2.249000,26.907000,1.598800
1,2,118.932452,27.329899,2.352500,27.356800,1.568300
1,2,118.959992,27.540199,2.420900,27.542400,2.488200
1,2,118.988875,28.882902,2.625800,28.839800,2.743000
1,2,119.016442,27.566697,2.648500,27.566401,1.496100
1,2,119.044236,27.794402,2.255000,27.433800,1.651900
1,2,119.071711,27.474798,3.076300,27.373699,1.884400
1,2,119.098688,26.977003,2.806900,27.417900,1.872200
1,2,119.127856,29.167298,2.306400,28.693300,1.666500
1,2,119.159933,32.077402,2.828000,32.305000,1.759200
1,2,119.189007,29.073898,2.416600,29.012699,1.596400
1,2,119.220902,31.895101,2.555600,31.861900,1.975900
1,2,119.247960,27.057901,2.753800,27.402000,2.384100
1,2,119.277476,29.515699,2.413600,29.163099,1.603700
1,2,119.305740,28.264899,2.718700,28.573999,2.278500
1,2,119.332919,27.178600,2.158700,27.235600,1.564700
1,2,119.363757,30.838002,2.215800,30.573099,1.943300
1,2,119.391249,27.492099,2.276400,26.952000,1.959700
1,2,119.416453,25.203802,2.929500,25.578100,1.594200
1,2,119.447104,30.651499,2.550300,30.909800,1.877700
1,2,119.474377,27.272999,2.241400,27.219400,1.794100
1,2,119.501068,26.690602,2.290800,26.917101,1.920500
1,2,119.530706,29.637799,2.049200,29.153601,1.551100
1,2,119.558342,27.635802,2.483900,27.951599,1.785100
1,2,119.585685,27.343500,2.147500,26.981701,1.753500
1,2,119.612691,27.005699,2.607600,27.343100,1.593200
1,2,119.642556,29.865298,2.254500,29.485600,1.842900
1,2,119.670100,27.544301,2.595100,27.856701,1.670300
1,2,119.699057,28.956201,2.389600,29.019800,1.818900
1,2,119.728672,29.615100,2.201800,29.504000,1.624300
1,2,119.758407,29.734898,2.343300,29.606800,1.471900
1,2,119.785702,27.295601,2.431900,27.022900,1.782000
1,2,119.814018,28.315302,2.625000,28.418400,1.967800
1,2,119.841545,27.527899,2.680300,27.305000,2.479500
1,2,119.870084,28.538398,2.935300,28.971600,1.964500
1,2,119.897036,26.951801,2.395400,27.197500,1.860900
1,2,119.924457,27.421299,2.098800,27.297001,1.979900
1,2,119.952372,27.914800,2.182500,27.758900,1.678400
1,2,119.979205,26.833501,2.464700,26.866699,1.634400
1,2,120.006945,27.739901,2.423800,27.832600,1.504900
1,2,120.033341,26.395999,2.310700,26.417999,1.427400
1,2,120.061523,28.181400,2.089300,28.164700,1.619400
1,2,120.088484,26.960999,2.165600,26.992901,1.370800
1,2,120.117542,29.058203,2.203300,29.006500,1.430000
1,2,120.145138,27.596299,2.131300,27.537800,1.621500
1,2,120.172319,27.180701,2.177600,27.243299,1.980600
1,2,120.199560,27.241297,2.144100,27.121599,1.721700
1,2,120.227148,27.587902,2.218000,27.734800,1.951400
1,2,120.256374,29.225599,2.055900,29.061600,1.692700
1,2,120.283827,27.453199,2.149800,27.443199,1.904300
1,2,120.311509,27.682502,2.140800,27.382099,1.470200
1,2,120.338223,26.713300,2.574100,27.066700,1.623600
1,2,120.365637,27.414698,2.093400,27.154499,1.744100
1,2,120.393676,28.038401,2.514900,28.099899,2.029100
1,2,120.419981,26.305798,2.414300,26.100201,2.491900
1,2,120.449525,29.544000,2.605300,29.275299,1.739400
1,2,120.476548,27.022902,2.951400,27.283701,2.270000
1,2,120.505428,28.879602,2.992600,28.846500,2.189900
1,2,120.534154,28.725900,2.590700,28.864401,1.940000
1,2,120.560965,26.811000,2.468800,26.872499,1.643100
1,2,120.588400,27.434997,2.123200,27.032400,1.696500
1,2,120.615532,27.131800,2.584100,27.656700,2.093200
1,2,120.642781,27.249403,2.367700,26.591200,1.752100
1,2,120.671655,28.873798,2.876500,29.223301,1.919100
1,2,120.701180,29.525399,2.816100,29.481001,1.604400
1,2,120.730877,29.697102,2.242600,29.874300,1.826500
1,2,120.758272,27.395099,2.085600,27.228300,1.702800
1,2,120.788861,30.588903,2.351000,30.830000,1.879000
1,2,120.816616,27.755000,2.218400,27.545099,1.808400
1,2,120.845862,29.245600,2.332300,29.061001,1.820000
1,2,120.873803,27.941197,2.985700,28.291901,2.792600
1,2,120.904531,30.727800,2.462000,30.564100,1.591900
1,2,120.931859,27.328201,2.406800,27.323400,1.838800
1,2,120.961399,29.540300,2.301500,29.547001,1.876300
1,2,120.990494,29.094100,2.228800,28.865101,1.473400
1,2,121.017799,27.305599,2.398900,27.472099,2.107900
1,2,121.045604,27.805001,2.412500,27.493601,1.789100
1,2,121.076218,30.613601,2.830300,27.174400,2.088900
1,2,121.102301,26.083499,6.312800,29.619400,1.886600
1,2,121.129246,26.945099,2.708800,27.104500,1.601400
1,2,121.156697,27.450502,2.540000,27.146999,1.994600
1,2,121.186661,29.964000,2.649400,30.407700,2.776500
1,2,121.217202,30.541398,2.448900,30.046301,2.277800
1,2,121.244031,26.829101,2.882400,27.182699,1.837500
1,2,121.273128,29.097099,2.304400,28.688200,1.647900
1,2,121.299429,26.300102,2.711800,26.800200,1.736900
1,2,121.326476,27.047399,2.411400,27.031900,2.306300
1,2,121.354874,28.398100,2.787100,27.328899,1.969300
1,2,121.382592,27.717799,3.601600,28.645700,1.967600
1,2,121.409804,27.211700,2.781600,26.854300,1.826900
1,2,121.437323,27.518999,2.847200,27.679800,1.817500
1,2,121.466197,28.874300,2.778800,28.919300,1.839400
1,2,121.493894,27.697001,3.024500,27.670900,2.187200
1,2,121.519951,26.057400,2.938500,26.210501,3.167200
1,2,121.546786,26.834302,2.824900,27.048700,1.795400
1,2,121.576850,30.064300,2.441000,28.894699,1.438900
1,2,121.603788,26.938599,3.340300,28.020300,2.156900
1,2,121.631707,27.918302,2.356600,27.604601,1.606300
1,2,121.658622,26.915498,2.608400,26.494200,1.734600
1,2,121.687644,29.021401,3.024100,29.129900,1.934700
1,2,121.715880,28.236501,2.959300,28.466101,1.843700
1,2,121.743744,27.864199,2.823700,28.009501,2.380300
1,2,121.772202,28.457701,2.739000,28.296900,1.673100
1,2,121.798966,26.764300,2.472700,26.683300,1.392100
1,2,121.828360,29.393800,2.640600,28.831100,1.444600
1,2,121.853966,25.605801,3.423000,25.770700,3.378800
1,2,121.881819,27.853400,3.431400,28.293400,2.126800
1,2,121.908942,27.122300,2.562000,27.124300,1.490500
1,2,121.936147,27.204998,2.432000,27.443199,1.368600
1,2,121.963113,26.966799,2.228100,27.046700,1.812100
1,2,121.990371,27.257103,2.179100,27.201500,1.689000
1,2,122.017471,27.100697,2.182000,27.207800,1.623200
1,2,122.045150,27.678899,2.171400,27.364901,1.716000
1,2,122.072074,26.924301,2.453100,27.195900,1.685700
1,2,122.099423,27.348302,2.126900,27.319700,1.462200
1,2,122.127269,27.846597,2.142600,27.396601,1.639800
1,2,122.154358,27.088299,2.537500,27.341400,1.817400
1,2,122.181520,27.162403,2.362700,27.364100,1.789500
1,2,122.212951,31.431098,2.149600,31.341700,1.624900
1,2,122.239592,26.640601,2.224800,26.650400,1.856700
1,2,122.266804,27.212501,1.917900,27.243700,1.547900
1,2,122.294280,27.475998,1.920500,27.457100,1.924500
1,2,122.323615,29.334702,1.895400,29.195499,1.854400
1,2,122.351053,27.438499,2.213500,27.195700,1.585400
1,2,122.378341,27.287301,2.537800,27.258301,1.620100
1,2,122.405720,27.379300,2.390200,27.584801,1.970900
1,2,122.432112,26.391998,2.212000,26.049500,1.886200
1,2,122.459610,27.497500,2.668900,27.667999,2.190100
1,2,122.488773,29.163502,2.593500,29.311501,1.891300
1,2,122.516333,27.559500,2.458000,27.410700,2.031100
1,2,122.544699,28.366100,2.509300,28.171499,1.913200
1,2,122.571576,26.877299,2.910600,27.005100,1.621700
1,2,122.600328,28.751601,2.582600,28.523399,1.958100
1,2,122.627068,26.740499,2.786400,26.962099,1.828700
1,2,122.654896,27.827900,2.408600,27.614500,1.824400
1,2,122.684535,29.639300,2.548000,29.629400,1.656700
1,2,122.711581,27.045403,2.983100,27.173800,1.711300
1,2,122.741021,29.439997,2.838500,29.288200,1.746400
1,2,122.769374,28.353702,3.000700,28.826500,1.852400
1,2,122.797231,27.856801,3.124300,27.430799,1.682600
1,2,122.824926,27.694300,2.678700,27.531401,1.767100
1,2,122.851928,27.002297,2.669300,27.155701,1.816700
1,2,122.880674,28.746501,2.860800,28.839800,1.765800
1,2,122.908312,27.638201,2.369700,27.691401,1.544600
1,2,122.938087,29.774301,2.419700,29.552900,1.470500
1,2,122.968055,29.967900,2.619600,30.048401,1.855700
1,2,122.995389,27.334601,2.565500,27.447599,2.233500
1,2,123.024751,29.361799,2.523500,29.564699,2.140700
1,2,123.052142,27.390998,2.316800,26.956699,2.050400
1,2,123.079673,27.531300,2.606700,27.601500,1.534400
1,2,123.109787,30.113202,2.487100,30.107700,2.223900
1,2,123.138803,29.016301,2.822400,28.246799,1.921100
1,3,130.291010,27.984302,3.035400,28.545799,1.697800
