Cycle,Round,WallSeconds,FrameMS,GameBusyMS,RenderBusyMS,RHIBusyMS
1,1,5.601622,31.834301,2.700700,32.104500,1.949500
1,1,5.634138,32.516200,2.542700,32.578999,1.920300
1,1,5.665588,31.449202,2.779700,31.352100,2.032400
1,1,5.696929,31.341597,2.664600,31.406000,1.995500
1,1,5.724986,28.057203,2.688600,28.407200,1.720800
1,1,5.754742,29.755197,2.059400,29.365101,1.731200
1,1,5.785857,31.115100,2.392200,31.349100,1.719900
1,1,5.816834,30.976903,2.069800,30.885099,2.062700
1,1,5.849203,32.369800,2.216300,31.718201,2.159100
1,1,5.878774,29.570200,3.098000,30.228800,1.770500
1,1,5.906043,27.269900,2.303900,27.259199,1.933400
1,1,5.941077,35.033401,2.341300,34.656101,2.798500
1,1,5.970708,29.631499,2.666100,29.503599,1.992300
1,1,6.001721,31.012800,3.361700,31.385799,1.674100
1,1,6.034758,33.036601,2.514200,32.390301,2.028200
1,1,6.065239,30.481599,3.384100,31.322300,1.859900
1,1,6.097197,31.957500,2.630000,31.573999,1.927200
1,1,6.130405,33.208299,2.490800,33.363201,1.801500
1,1,6.163834,33.429202,2.438500,33.471001,2.472800
1,1,6.195208,31.373799,2.454600,31.068800,1.900900
1,1,6.222558,27.349498,2.542200,27.680799,1.766000
1,1,6.253112,30.554801,2.083400,30.216400,1.669500
1,1,6.285394,32.281801,2.721300,31.898001,1.717500
1,1,6.315787,30.393098,3.368700,31.020800,3.307700
1,1,6.346358,30.570701,2.523700,30.439899,2.204800
1,1,6.371924,25.566399,2.497100,25.533400,1.840300
1,1,6.404039,32.114003,2.342700,32.175999,1.428600
1,1,6.434837,30.798998,2.345600,30.702000,1.462900
1,1,6.465756,30.918200,2.243900,31.049200,2.019100
1,1,6.498644,32.888301,2.203500,32.308399,2.064900
1,1,6.526029,27.385499,2.836400,27.939100,2.087300
1,1,6.554915,28.885800,2.700800,28.709600,1.929000
1,1,6.587314,32.398801,4.176200,32.432899,1.567600
1,1,6.619036,31.722300,2.342100,31.772301,1.780200
1,1,6.650812,31.775899,2.394800,31.583099,2.089900
1,1,6.681546,30.733801,2.603900,31.095501,2.099900
1,1,6.712648,31.101599,2.752500,29.647699,1.984000
1,1,6.740331,27.683001,4.171100,28.918301,2.284800
1,1,6.777632,37.301000,2.566700,37.286098,3.242600
1,1,6.805006,27.373899,2.560600,27.183399,1.864400
1,1,6.835630,30.624799,2.597100,30.546499,1.899300
1,1,6.867341,31.710301,2.607900,31.892200,1.920400
1,1,6.899581,32.240000,2.795300,31.732100,2.858000
1,1,6.929792,30.211400,3.440100,30.513700,1.784900
1,1,6.961873,32.080799,2.795100,31.943300,1.827200
1,1,6.987826,25.953300,2.871900,26.414499,2.054100
1,1,7.019858,32.032300,2.375900,32.031601,1.477800
1,1,7.055904,36.045600,2.270500,34.103600,1.896300
1,1,7.087555,31.651001,4.477400,32.368999,2.241400
1,1,7.119372,31.816799,4.473100,32.864201,1.858000
1,1,7.153918,34.545802,2.442300,34.092400,1.921000
1,1,7.185360,31.441800,3.828400,31.682699,2.192500
1,1,7.221333,35.973500,3.223200,35.592400,2.489200
1,1,7.253082,31.748898,3.546900,32.183701,2.119700
1,1,7.285613,32.530900,2.683600,32.270199,2.612800
1,1,7.319810,34.196999,2.988800,34.733898,1.930200
1,1,7.352763,32.953002,2.493500,32.603001,2.006500
1,1,7.384861,32.097898,2.779200,31.759399,2.025300
1,1,7.414971,30.110702,2.994000,30.278799,2.565900
1,1,7.448934,33.962399,3.225400,34.189602,2.166700
1,1,7.481670,32.735702,2.796700,26.033100,2.530500
1,1,7.508669,26.999500,9.484200,32.589001,2.215400
1,1,7.542342,33.673398,4.590200,32.652199,1.596800
1,1,7.573161,30.818202,4.511000,32.543400,2.283100
1,1,7.606428,33.267099,2.804700,33.324001,1.839600
1,1,7.639589,33.161100,2.576700,33.215801,2.185800
1,1,7.673761,34.172401,2.521000,34.282600,1.930200
1,1,7.714284,40.522598,2.491300,40.731499,2.466000
1,1,7.748653,34.369402,2.628600,34.181900,2.582600
1,1,7.779888,31.235099,2.634900,31.069201,2.096500
1,1,7.812059,32.171201,3.109900,31.822500,2.575500
1,1,7.839588,27.528800,3.416500,27.692699,2.225100
1,1,7.873390,33.802100,3.630800,33.610901,2.114800
1,1,7.905243,31.852499,3.437900,32.311901,2.363600
1,1,7.937132,31.889401,3.035300,31.573200,2.408400
1,1,7.970134,33.001799,2.911100,32.705898,2.502100
1,1,8.001824,31.689901,3.295100,32.180199,1.995000
1,1,8.033347,31.522501,2.778600,31.401300,2.014600
1,1,8.064384,31.037297,2.994400,31.100201,2.063400
1,1,8.097269,32.885302,2.802900,33.366402,2.540200
1,1,8.129402,32.132700,2.119500,31.892300,2.131600
1,1,8.156624,27.221799,2.485100,27.129801,2.257800
1,1,8.187875,31.251401,2.537300,30.913799,1.735300
1,1,8.219954,32.078799,2.665000,32.326500,1.664700
1,1,8.250958,31.004600,2.563000,30.990200,1.681000
1,1,8.282930,31.971700,2.755700,31.787600,2.038300
1,1,8.314774,31.843502,3.613500,31.710699,2.049000
1,1,8.346366,31.591900,3.240200,31.959900,2.234000
1,1,8.378892,32.526400,2.892200,32.216999,2.255300
1,1,8.404894,26.002299,2.965500,26.221800,1.739000
1,1,8.436174,31.279899,2.823500,31.203501,1.723000
1,1,8.467893,31.718802,2.520200,31.471701,1.940100
1,1,8.499045,31.151798,3.030000,31.585699,2.249500
1,1,8.530352,31.307202,2.698300,31.145800,2.032700
1,1,8.556803,26.451100,2.731100,26.616899,1.920900
1,1,8.588127,31.323899,2.277100,31.366400,1.859800
1,1,8.621294,33.167601,2.299900,32.916500,1.717400
1,1,8.654453,33.158999,2.547400,32.908501,1.680400
1,1,8.685737,31.283502,2.731100,31.165001,2.197800
1,1,8.719976,34.239400,2.886700,34.403400,1.669800
1,1,8.752811,32.834701,2.991600,32.768902,2.212100
1,1,8.785598,32.786999,3.176300,32.539001,2.176100
1,1,8.819110,33.511601,4.007500,32.859798,2.958200
1,1,8.848846,29.735800,5.395700,30.812700,2.814500
1,1,8.881803,32.957900,2.768200,32.706902,2.009800
1,1,8.907582,25.778297,3.155000,26.137400,2.953200
1,1,8.940547,32.965001,2.856100,32.951698,2.027800
1,1,8.971784,31.237099,2.417500,30.986900,1.934100
1,1,9.002745,30.960999,2.648400,31.137100,1.671900
1,1,9.034912,32.166902,2.369000,32.114899,2.269400
1,1,9.065561,30.649800,2.598200,30.691200,2.104700
1,1,9.097676,32.114800,2.426100,32.066399,1.883300
1,1,9.131564,33.887498,2.573700,33.133202,2.108000
1,1,9.157505,25.941603,3.452800,26.873800,2.717300
1,1,9.187358,29.852800,2.676400,29.306101,1.812200
1,1,9.220581,33.222400,2.817400,33.055302,1.798400
1,1,9.252105,31.524699,3.097600,31.892500,2.048000
1,1,9.284379,32.274101,2.764500,32.143501,1.834900
1,1,9.317378,32.998800,2.800300,32.967899,2.286700
1,1,9.348817,31.438999,2.932800,31.594999,1.976000
1,1,9.379723,30.906100,2.899500,31.034901,2.032900
1,1,9.411810,32.086700,2.601300,32.072102,1.687300
1,1,9.440715,28.904799,2.533100,28.642401,1.939900
1,1,9.470805,30.090600,2.977600,30.162399,2.025600
1,1,9.502986,32.180600,2.659900,31.878901,2.368500
1,1,9.536486,33.500299,2.959900,32.901699,1.973800
1,1,9.568586,32.099400,3.699300,31.628201,2.220400
1,1,9.598366,29.780801,4.970000,31.244200,1.879100
1,1,9.630100,31.733800,3.369000,31.440399,1.813500
1,1,9.656203,26.102301,3.104700,26.200001,1.768300
1,1,9.687322,31.119298,2.584200,31.277500,1.745100
1,1,9.721513,34.190800,2.552900,34.019798,1.736100
1,1,9.753050,31.537801,2.623800,31.341000,1.732700
1,1,9.786173,33.122499,2.910100,32.546299,2.359200
1,1,9.820137,33.963602,3.658500,32.332100,2.634100
1,1,9.847848,27.711898,6.121600,30.183001,2.314100
1,1,9.879941,32.092702,3.312100,31.990000,2.206200
1,1,9.907463,27.521599,2.742200,27.524500,2.326500
1,1,9.940197,32.734603,2.664300,31.907700,1.817200
1,1,9.970456,30.258998,3.279800,30.528999,1.773700
1,1,10.001270,30.813798,3.194900,31.391001,1.846300
1,1,10.032273,31.002801,2.998200,31.069401,2.738500
1,1,10.066126,33.852801,2.857300,33.804298,2.301400
1,1,10.097488,31.362299,3.260500,31.309401,2.507400
1,1,10.129455,31.967200,2.821900,31.912201,2.063500
1,1,10.155744,26.288401,2.798100,26.406300,2.355700
1,1,10.188028,32.284699,2.484700,31.833599,2.042000
1,1,10.222187,34.158599,3.113600,34.077301,2.250200
1,1,10.253211,31.023800,3.754500,30.975201,2.274200
1,1,10.284788,31.576801,3.366000,31.639099,2.237900
1,1,10.317753,32.965600,3.379200,32.967400,2.574700
1,1,10.349740,31.986501,4.242200,32.275799,2.254600
1,1,10.381308,31.568397,3.467100,31.240601,2.241200
1,1,10.406024,24.716102,3.336800,24.864401,1.932600
1,1,10.437543,31.518701,3.296100,30.828600,2.050300
1,1,10.470144,32.601099,3.507200,33.325401,1.907800
1,1,10.502888,32.744400,2.845100,32.760101,2.281100
1,1,10.534364,31.475298,3.077200,31.128099,2.013200
1,1,10.565179,30.815702,3.775800,31.131901,3.108400
1,1,10.596922,31.742699,2.839800,31.831200,2.276200
1,1,10.630514,33.592299,3.003100,33.463600,2.198700
1,1,10.657176,26.662100,2.540100,26.814301,1.868600
1,1,10.688714,31.537801,2.531500,31.370100,1.827000
1,1,10.720617,31.902499,2.721200,31.755501,1.702800
1,1,10.751964,31.347301,2.864300,31.420099,1.988400
1,1,10.782796,30.831799,2.829900,31.001900,2.125100
1,1,10.814061,31.264801,2.600700,31.553200,1.756100
1,1,10.840298,26.237000,2.209000,26.044500,1.340300
1,1,10.873939,33.641800,2.265200,33.411999,1.382800
1,1,10.904849,30.909199,2.537600,30.912901,1.754300
1,1,10.937126,32.277502,2.531200,32.047100,1.812400
1,1,10.969501,32.374498,2.912000,32.406601,2.256500
1,1,11.001469,31.968102,2.691400,31.759501,1.896800
1,1,11.034609,33.140101,3.551200,33.336399,1.686200
1,1,11.068896,34.287099,2.946900,34.239601,1.971300
1,1,11.102181,33.284601,3.096100,33.329399,2.528500
1,1,11.135026,32.845799,3.347300,33.140999,1.862100
1,1,11.167434,32.407802,2.763600,32.122101,1.637100
1,1,11.197526,30.091699,2.758700,30.510799,1.771500
1,1,11.229911,32.384798,2.150800,32.118198,1.782400
1,1,11.258795,28.884500,2.458600,29.102699,1.546600
1,1,11.291685,32.889802,2.187000,32.604698,1.685400
1,1,11.320937,29.252198,2.553200,29.331200,1.748600
1,1,11.353078,32.140400,2.460900,31.777901,1.558000
1,1,11.384599,31.521801,2.917900,31.627800,1.770800
1,1,11.416173,31.573799,2.885200,31.971901,1.710000
1,1,11.446954,30.780502,2.454500,30.790400,1.491200
1,1,11.476055,29.101402,2.353600,29.118000,1.705000
1,1,11.507343,31.287700,2.102300,31.332500,1.706900
1,1,11.539700,32.357298,2.173100,31.921000,1.904500
1,1,11.573039,33.338699,2.517900,32.917702,1.757400
1,1,11.605570,32.531101,3.006800,32.867802,3.835900
1,1,11.636838,31.268202,2.856500,31.391399,1.942600
1,1,11.671114,34.276199,2.487100,34.174599,2.230800
1,1,11.705621,34.507200,2.744400,33.453098,1.725700
1,1,11.738696,33.074200,3.718400,34.180199,2.133500
1,1,11.771690,32.993801,2.728900,32.657600,1.774300
1,1,11.804379,32.689497,3.030600,33.053501,1.603100
1,1,11.837989,33.610202,2.387300,33.500702,1.548600
1,1,11.869703,31.713597,2.556500,31.004700,1.699200
1,1,11.900517,30.814603,3.562300,31.619301,2.324400
1,1,11.929881,29.363997,2.534300,29.558599,1.922300
1,1,11.956874,26.992600,2.238700,26.510401,1.662800
1,1,11.988141,31.266902,2.575800,31.257900,1.679300
1,1,12.019112,30.971099,2.724300,31.150299,1.717500
1,1,12.050282,31.170100,2.405300,31.273800,1.970200
1,1,12.080212,29.930100,2.316100,29.945801,1.496600
1,1,12.106666,26.453700,2.353100,26.477600,1.677000
1,1,12.138453,31.786703,2.168000,31.739799,1.518900
1,1,12.169550,31.097397,2.345800,30.709801,1.491900
1,1,12.200746,31.195700,2.772400,31.514000,2.331100
1,1,12.231278,30.532002,2.540800,30.498501,1.803600
1,1,12.264675,33.397298,2.389600,33.239399,1.598600
1,1,12.298240,33.564899,2.491100,33.712101,1.889400
1,1,12.329790,31.550501,2.460800,31.428101,1.714400
1,1,12.355857,26.066501,2.437500,25.983601,1.442400
1,1,12.386826,30.969501,2.444400,31.188601,1.634300
1,1,12.416643,29.816698,2.283700,29.925900,1.849700
1,1,12.448588,31.944603,2.179500,31.597401,1.502700
1,1,12.480368,31.780198,2.782600,32.097500,1.672400
1,1,12.505344,24.976298,2.163900,24.932899,1.704200
1,1,12.536793,31.448402,2.187200,31.453300,1.702200
1,1,12.575294,38.501699,2.224000,31.950800,1.832100
1,1,12.600716,25.421701,8.917700,31.501499,1.716900
1,1,12.632442,31.725701,3.049300,31.983601,2.392300
1,1,12.664810,32.368198,2.659800,31.950800,2.162000
1,1,12.698893,34.083102,3.672900,33.904499,2.187900
1,1,12.730533,31.639900,3.198800,32.331402,2.018500
1,1,12.757739,27.206201,2.436500,27.052200,1.801300
1,1,12.788155,30.415498,2.394800,30.297899,1.627800
1,1,12.820437,32.282900,2.765400,32.080700,1.725600
1,1,12.851851,31.413801,2.994000,31.442801,1.735700
1,1,12.883406,31.554598,2.808300,31.879200,1.823600
1,1,12.913591,30.184701,2.526700,30.317801,1.739500
1,1,12.940586,26.995100,2.513600,26.856100,1.805300
1,1,12.971979,31.393699,2.336600,31.418400,1.763200
1,1,13.004585,32.605499,2.423800,31.555300,2.055700
1,1,13.036643,32.057703,3.672700,32.810398,2.022900
1,1,13.068264,31.621799,2.781700,31.769100,1.915900
1,1,13.098928,30.664101,2.499900,30.561701,3.097800
1,1,13.129879,30.950498,2.581000,30.933001,1.496300
1,1,13.156670,26.791502,2.516800,26.575199,1.632200
1,1,13.188265,31.594601,2.624600,31.628901,1.670800
1,1,13.219386,31.121399,2.698000,31.529699,1.711600
1,1,13.250729,31.342499,2.684200,31.308901,1.888000
1,1,13.282955,32.226201,2.957200,32.093399,1.596700
1,1,13.313672,30.717298,2.363500,30.766399,1.777200
1,1,13.343212,29.539701,2.414200,29.806999,1.912300
1,1,13.372161,28.949201,1.996600,28.809999,1.662000
1,1,13.403127,30.965701,2.420300,30.650000,1.587100
1,1,13.435012,31.884998,2.452300,31.721600,1.978400
1,1,13.466693,31.680599,3.069300,31.952999,1.780500
1,1,13.498716,32.023702,2.585900,31.986200,1.906200
1,1,13.532024,33.307198,2.217200,33.246799,1.592100
1,1,13.565449,33.424903,3.878600,33.078098,2.439400
1,1,13.597493,32.044198,2.972200,32.391701,1.900100
1,1,13.630797,33.304002,3.265100,32.776299,1.708800
1,1,13.657358,26.561100,3.117300,27.169701,2.000300
1,1,13.689772,32.414500,2.392600,31.710600,2.013400
1,1,13.723972,34.199700,3.178900,33.941601,2.534600
1,1,13.755455,31.482600,3.941100,32.047001,2.053600
1,1,13.787702,32.247398,2.963800,31.712900,1.989000
1,1,13.819109,31.407502,3.623100,32.099800,2.694200
1,1,13.851557,32.447699,3.100200,32.488098,2.427500
1,1,13.883558,32.001201,3.242600,32.355099,1.823900
1,1,13.913413,29.854499,1.965700,29.808599,2.029600
1,1,13.939035,25.622200,2.187400,25.276600,1.865100
1,1,13.970774,31.738799,2.314600,31.770901,1.608800
1,1,14.002624,31.850301,2.291700,31.996700,1.611900
1,1,14.034909,32.284901,2.182200,31.974800,1.972100
1,1,14.066510,31.601001,3.001500,31.551500,1.771700
1,1,14.093750,27.239401,2.469100,27.678400,1.749500
1,1,14.130284,36.534600,2.231200,36.106800,2.786200
1,1,14.156862,26.577700,2.532600,26.602699,1.580200
1,1,14.187834,30.972298,2.323200,31.173800,1.663100
1,1,14.220633,32.798801,2.228600,32.738201,1.732000
1,1,14.252593,31.959698,2.291900,31.886801,1.718900
1,1,14.283242,30.649200,2.337000,30.566200,1.781900
1,1,14.310824,27.582202,2.671600,27.763399,1.781400
1,1,14.341708,30.883800,2.401200,30.626699,1.940000
1,1,14.372945,31.237599,2.430200,31.541500,1.797000
1,1,14.405238,32.292500,2.108600,32.045300,1.911500
1,1,14.437150,31.911999,2.891700,31.754299,1.964400
1,1,14.470600,33.450000,2.595600,33.438000,1.942100
1,1,14.502277,31.677403,3.086700,31.738701,1.771600
1,1,14.533332,31.054698,2.466600,31.170500,1.733100
1,1,14.564362,31.029802,2.313100,30.695601,1.838900
1,1,14.590758,26.396498,2.791100,26.973101,2.148400
1,1,14.624029,33.270601,2.136600,32.654099,1.620700
1,1,14.656947,32.918099,2.684600,32.245899,1.880700
1,1,14.687866,30.919001,3.375900,31.448000,1.731400
1,1,14.720678,32.812301,2.962300,33.152100,1.956300
1,1,14.751250,30.571599,2.557100,30.864201,2.203500
1,1,14.781718,30.468199,2.205400,30.387899,1.571600
1,1,14.808409,26.691202,2.324500,26.533100,1.463400
1,1,14.838282,29.872999,2.416800,30.123600,1.776400
1,1,14.869092,30.809700,2.201900,30.442600,1.700300
1,1,14.898642,29.550400,2.715200,29.556601,1.782000
1,1,14.925127,26.484899,2.577400,26.639799,1.652000
1,1,14.956504,31.376403,2.343000,31.259199,1.641700
1,1,14.988398,31.894300,2.372900,31.420099,1.653100
1,1,15.021425,33.026997,3.023600,32.558498,1.836000
1,1,15.053403,31.977702,3.689500,32.848202,2.051500
1,1,15.083899,30.495901,2.521900,30.894600,1.829300
1,1,15.115138,31.239297,2.047900,31.102301,1.727600
1,1,15.146047,30.908700,2.247600,30.922300,1.700700
1,1,15.179603,33.556800,2.179500,33.469398,1.620400
1,1,15.206449,26.845802,2.217500,26.794600,1.719800
1,1,15.237777,31.327501,2.296700,31.031000,1.858000
1,1,15.269425,31.648699,2.700500,31.525101,1.624700
1,1,15.301381,31.955399,2.867200,32.231098,2.084500
1,1,15.331754,30.373503,2.468100,30.543699,1.885100
1,1,15.364702,32.947797,2.215000,33.069099,2.157100
1,1,15.396906,32.203801,2.221800,32.261501,1.621200
1,1,15.424934,28.028499,1.995500,27.458300,1.487100
1,1,15.454282,29.347502,2.582800,29.503599,1.558400
1,1,15.486884,32.601800,2.333100,32.082500,1.697500
1,1,15.517852,30.968297,2.944600,31.627501,1.886900
1,1,15.549604,31.751703,2.740000,31.346001,1.981300
1,1,15.582285,32.681599,2.992400,32.570499,1.659900
1,1,15.613284,30.998901,2.986400,31.200500,1.976800
1,1,15.639900,26.615400,2.522200,26.780399,1.673800
1,1,15.671772,31.872500,2.183600,31.690399,1.463800
1,1,15.703541,31.769101,2.500600,31.468599,1.595800
1,1,15.734928,31.386498,2.868200,31.797701,1.887400
1,1,15.764587,29.659200,2.308700,29.571301,1.887300
1,1,15.790350,25.763199,2.393700,26.007500,1.802600
1,1,15.820608,30.258100,2.345500,29.827000,1.599700
1,1,15.853515,32.906499,2.627700,32.887501,2.002900
1,1,15.884789,31.274401,2.755300,31.365299,1.804800
1,1,15.915453,30.663703,2.720100,31.057199,1.788200
1,1,15.947004,31.551499,2.222000,31.386999,1.660500
1,1,15.980484,33.479799,2.143700,33.339401,2.076000
1,1,16.011586,31.101599,2.353600,31.147400,1.544900
1,1,16.039352,27.765900,2.421400,27.592501,1.931100
1,1,16.069585,30.233301,2.711600,30.331900,1.927700
1,1,16.101488,31.902999,2.618500,32.153801,1.915700
1,1,16.133446,31.957902,2.474500,31.629000,2.006700
1,1,16.163934,30.488700,2.523300,30.509701,1.890500
1,1,16.190725,26.790898,2.508900,26.641701,1.598700
1,1,16.221571,30.845903,2.834600,31.020700,1.579800
1,1,16.252408,30.836999,2.255900,30.781900,1.582600
1,1,16.282768,30.359998,2.348200,30.218399,1.876600
1,1,16.313449,30.680902,2.880000,30.897800,1.654700
1,1,16.339656,26.207000,2.558900,26.251200,1.481000
1,1,16.370830,31.174198,2.275500,30.538700,1.843300
1,1,16.400779,29.948402,2.962100,30.466900,1.701500
1,1,16.430890,30.110899,2.312000,29.659201,1.568000
1,1,16.455739,24.849400,2.940100,25.437799,1.999700
1,1,16.487221,31.481799,2.262200,30.440901,1.483100
1,1,16.517488,30.267499,3.178700,31.202700,1.720900
1,1,16.548397,30.908901,2.466900,30.492599,1.926600
1,1,16.582549,34.152102,3.001700,34.177601,1.798400
1,1,16.614791,32.241799,2.822900,32.340000,1.827500
1,1,16.641142,26.351098,2.417800,26.642700,1.845800
1,1,16.671831,30.688800,2.116100,30.607300,1.742600
1,1,16.704508,32.676701,2.177600,32.296001,1.760000
1,1,16.736780,32.271802,2.768000,32.423698,1.991600
1,1,16.767134,30.354500,2.528500,30.491600,1.889000
1,1,16.799176,32.041498,2.194400,31.874300,1.674700
1,1,16.829976,30.800302,2.471500,31.141300,1.631800
1,1,16.856507,26.531000,2.048000,26.266399,1.557100
1,1,16.887107,30.599900,2.350000,30.396400,1.610400
1,1,16.917495,30.388001,2.575700,30.673300,1.791000
1,1,16.948406,30.910701,2.573000,30.821100,1.477000
1,1,16.974198,25.792100,2.272900,25.967800,1.780100
1,1,17.005229,31.031098,2.094700,30.722401,1.694500
1,1,17.036061,30.832600,2.395400,30.993900,1.789900
1,1,17.067880,31.818401,2.296600,31.797001,1.739600
1,1,17.097746,29.866502,2.561800,29.888500,1.712200
1,1,17.123226,25.480200,2.278800,25.677700,1.786400
1,1,17.154049,30.823000,2.188100,30.676201,1.678000
1,1,17.183738,29.688500,2.578200,29.454100,1.597000
1,1,17.209288,25.550097,2.386800,25.673700,1.382500
1,1,17.240486,31.198103,2.675300,31.191200,2.117600
1,1,17.271192,30.706398,2.272700,30.360800,1.515000
1,1,17.300328,29.135700,2.589600,29.645201,1.839400
1,1,17.330801,30.473299,2.063900,30.374001,1.544000
1,1,17.356007,25.205802,2.302000,25.008101,1.777700
1,1,17.388161,32.153498,2.234700,31.935101,1.741400
1,1,17.418862,30.701701,2.378900,30.807301,1.679800
1,1,17.450494,31.631101,2.916800,31.631300,1.844500
1,1,17.481691,31.197399,2.601600,31.108801,1.604200
1,1,17.509090,27.398702,2.705700,27.853600,1.714900
1,1,17.539992,30.902598,2.042900,30.712601,1.579500
1,1,17.571634,31.641901,2.321600,31.277800,1.552400
1,1,17.602632,30.997798,2.582500,31.349501,1.657700
1,1,17.632816,30.183803,2.379100,30.334299,1.553600
1,1,17.661334,28.517999,2.478500,25.763000,1.561500
1,1,17.696531,35.197500,4.792600,37.677601,1.604600
1,1,17.724512,27.980700,2.486400,27.546801,1.810500
1,1,17.756284,31.772301,2.832300,31.930099,1.802400
1,1,17.787837,31.552799,2.600200,31.346901,1.671400
1,1,17.821108,33.271398,2.850100,33.613899,1.654700
1,1,17.852988,31.879101,2.849800,31.800800,1.945200
1,1,17.885440,32.452300,2.506200,32.592701,2.123700
1,1,17.915131,29.691402,2.629300,29.826000,1.674900
1,1,17.947539,32.408196,2.303200,31.952299,1.934100
1,1,17.977125,29.585700,2.902600,29.776400,1.933000
1,1,18.007170,30.045100,3.078200,30.016600,1.863600
1,1,18.040132,32.961700,2.545700,33.220402,1.969100
1,1,18.071925,31.793401,2.196000,30.928400,1.372500
1,1,18.101416,29.490702,2.918500,30.167999,2.209700
1,1,18.128705,27.288500,2.334700,27.216900,1.686400
1,1,18.161760,33.055298,2.560700,33.184502,1.451900
1,1,18.189086,27.326200,2.450800,26.886400,1.678600
1,1,18.222685,33.599399,2.832800,33.826000,1.739700
1,1,18.254853,32.167103,2.768500,31.968000,1.442000
1,1,18.285235,30.382600,2.777000,30.811001,1.938200
1,1,18.316871,31.635597,2.226500,31.260000,1.958000
1,1,18.348621,31.750403,2.645400,31.893200,1.630900
1,1,18.378468,29.847000,2.652000,29.711201,1.573100
1,1,18.410808,32.339498,2.622500,32.359699,1.949900
1,1,18.438831,28.023299,2.541900,27.151300,1.438000
1,1,18.470593,31.761803,3.540400,32.866600,1.892500
1,1,18.501548,30.954998,2.417600,30.929199,2.452400
1,1,18.533873,32.325000,2.426800,31.781799,1.926000
1,1,18.565807,31.934701,2.957200,32.003899,1.844800
1,1,18.593212,27.404401,3.762100,28.042000,2.197200
1,1,18.623750,30.538298,2.380800,30.016701,1.911700
1,1,18.656204,32.453999,3.354100,32.084801,1.860300
1,1,18.686774,30.569501,3.284200,30.474001,2.304700
1,1,18.718676,31.902101,3.447800,32.553799,2.633900
1,1,18.749510,30.834500,2.812100,30.737900,1.845000
1,1,18.780093,30.582801,2.855300,30.715700,1.481300
1,1,18.805935,25.842197,2.402900,26.081200,1.939300
1,1,18.839026,33.090401,2.164300,31.419399,1.628400
1,1,18.869497,30.471601,3.773400,31.905399,1.866500
1,1,18.901343,31.845901,2.498400,31.667000,1.971200
1,1,18.931913,30.569598,2.833600,30.603100,1.822800
1,1,18.963965,32.052200,2.653900,31.946400,1.547200
1,1,18.997740,33.774599,2.812300,33.476501,1.517000
1,1,19.025196,27.456701,3.017600,27.763201,1.798200
1,1,19.057104,31.907499,2.985100,31.931700,1.821900
1,1,19.089709,32.605201,2.492500,32.513100,1.561400
1,1,19.121773,32.064300,2.583800,32.142399,1.498700
1,1,19.156031,34.258101,2.582600,34.376598,1.607600
1,1,19.187789,31.757899,2.553700,31.678499,1.589900
1,1,19.221552,33.762600,2.997700,33.756599,1.940600
1,1,19.252070,30.517999,2.495500,30.586100,1.626100
1,1,19.284235,32.165300,2.345800,32.483002,1.993300
1,1,19.317071,32.836299,2.146400,32.735199,1.909700
1,1,19.348700,31.628601,2.239700,31.426201,1.858900
1,1,19.381724,33.023499,2.477600,32.820000,1.615100
1,1,19.409018,27.294900,2.411400,27.673000,1.477300
1,1,19.440369,31.350803,2.027100,31.116800,1.657900
1,1,19.472469,32.099999,2.314500,32.247799,1.650600
1,1,19.506168,33.698298,2.169800,33.518501,2.209100
1,1,19.538752,32.584600,2.342700,31.958599,1.463200
1,1,19.572232,33.480201,3.016600,33.853001,2.028000
1,1,19.604084,31.851199,2.705400,31.418301,1.795400
1,1,19.633856,29.772401,3.221200,30.611700,1.857300
1,1,19.665995,32.139499,2.209000,31.821400,1.971000
1,1,19.699422,33.426803,2.512700,32.977001,1.965400
1,1,19.729346,29.924098,2.891200,29.624300,1.955800
1,1,19.766379,37.032302,3.228500,37.804401,1.939600
1,1,19.792919,26.540797,2.673100,26.420601,1.974300
1,1,19.824411,31.491201,2.465500,31.283800,1.837800
1,1,19.856497,32.085899,2.613300,31.609100,1.548700
1,1,19.888841,32.344099,2.955300,33.077702,1.896800
1,1,19.922152,33.311602,2.389700,33.042702,1.953600
1,1,19.953552,31.400099,2.962400,31.681400,1.624400
1,1,19.984810,31.257302,2.585400,31.469999,1.929200
1,1,20.015398,30.588299,2.074400,30.603201,1.850900
1,1,20.041859,26.461400,2.234500,26.095301,1.733100
1,1,20.072814,30.954398,2.375100,31.164900,1.637300
1,1,20.105085,32.271501,2.255200,31.967501,1.952400
1,1,20.136804,31.718299,2.888900,31.636499,1.858600
1,1,20.169466,32.662001,2.665200,32.749298,1.986400
1,1,20.199698,30.232303,2.563400,30.252100,1.857200
1,1,20.228491,28.792799,2.483500,28.911800,1.544900
1,1,20.264140,35.649698,2.421600,35.609200,2.342000
1,1,20.289356,25.215302,2.607600,25.108101,1.796900
1,1,20.321110,31.754300,2.682800,31.759199,1.675700
1,1,20.353424,32.314200,2.752900,31.877800,1.950300
1,1,20.383760,30.335400,3.838600,30.722099,1.938800
1,1,20.415592,31.832900,2.594400,31.490601,1.869400
1,1,20.441631,26.038501,2.879900,26.382500,2.184800
1,1,20.473113,31.481799,2.389900,31.566700,1.602900
1,1,20.504836,31.723298,2.301900,31.476801,1.584100
1,1,20.536719,31.883400,2.632400,32.202999,1.816500
1,1,20.567500,30.780803,2.650600,30.234200,2.044700
1,1,20.598918,31.417899,2.912800,31.825001,1.888200
1,1,20.630492,31.573899,2.657400,31.475401,1.949200
1,1,20.655489,24.997201,2.532000,25.187901,1.589000
1,1,20.688234,32.745101,2.156400,32.466000,2.191200
1,1,20.719993,31.758200,2.556500,31.809799,2.073600
1,1,20.751082,31.089697,2.505500,31.100800,1.761100
1,1,20.782729,31.646803,2.523200,31.629601,1.465500
1,1,20.814347,31.617500,3.199100,31.693300,1.536100
1,1,20.840615,26.268199,2.322000,26.466101,1.383200
1,1,20.871217,30.602198,2.105400,30.136600,1.320700
1,1,20.903904,32.687001,2.547200,32.987701,1.724200
1,1,20.933638,29.733900,2.349500,29.749201,1.781700
1,1,20.965231,31.592801,2.409100,31.228500,1.716600
1,1,20.993134,27.903400,2.953700,28.428499,1.637300
1,1,21.024036,30.902300,2.015500,30.437000,1.775200
1,1,21.055289,31.252898,2.661500,31.475300,1.617800
1,1,21.086801,31.511702,2.275800,31.409901,1.707300
1,1,21.116475,29.674198,2.370400,29.760500,2.418900
1,1,21.147992,31.516802,2.148500,31.362499,1.532700
1,1,21.173578,25.586300,2.454600,25.375700,1.700900
1,1,21.204376,30.798100,2.482100,31.040199,1.827500
1,1,21.236328,31.951498,2.730900,31.777901,1.849700
1,1,21.266931,30.602902,2.872500,30.764700,1.613500
1,1,21.295419,28.488498,2.573300,28.690100,1.693300
1,1,21.324598,29.179100,2.314600,29.107500,1.674600
1,1,21.355593,30.994803,2.193200,30.791300,1.573200
1,1,21.387042,31.449199,2.363300,31.552401,1.824600
1,1,21.418304,31.261798,2.585300,31.202600,1.952200
1,1,21.449157,30.852400,2.633100,30.909300,2.424500
1,1,21.475960,26.803400,2.502000,26.381599,2.019300
1,1,21.507985,32.024700,2.743600,32.215401,1.891200
1,1,21.539351,31.366501,2.314900,30.803400,1.495900
1,1,21.571232,31.880900,2.838200,32.029900,2.230100
1,1,21.600091,28.859399,2.838400,29.462601,1.762800
1,1,21.627583,27.491301,2.844300,27.514601,1.479000
1,1,21.658472,30.889299,2.179500,30.867901,1.546500
1,1,21.690300,31.828102,2.381500,31.565701,1.788900
1,1,21.722514,32.213598,2.485800,32.267899,2.337200
1,1,21.752611,30.097201,2.351600,30.003401,1.870000
1,1,21.783959,31.347997,2.602700,31.333500,2.215700
1,1,21.815167,31.208102,2.368900,31.479300,1.599800
1,1,21.844026,28.858598,2.203800,28.754999,1.738600
1,1,21.874330,30.304302,2.293300,30.060101,1.874100
1,1,21.905520,31.190101,2.542000,31.297800,1.630000
1,1,21.936657,31.136699,2.421400,31.134501,1.865900
1,1,21.967937,31.280499,2.471600,31.492100,2.079900
1,1,22.000540,32.602701,2.450500,32.000301,2.112300
1,1,22.031770,31.229999,3.588200,31.650499,1.939900
1,1,22.059148,27.377702,2.623600,27.467899,2.072100
1,1,22.093037,33.889599,2.451200,33.923401,1.763000
1,1,22.124211,31.173497,2.174300,30.685699,1.761700
1,1,22.155571,31.360503,2.929700,31.415800,1.925800
1,1,22.187082,31.510297,2.589000,31.708500,1.863400
1,1,22.222028,34.946103,2.717200,35.167301,2.404600
1,1,22.253871,31.843498,2.633400,31.693100,1.928200
1,1,22.286329,32.458100,3.481100,32.337502,1.857000
1,1,22.316443,30.114200,2.720800,30.395300,1.902500
1,1,22.348484,32.040399,2.358100,31.724600,1.771700
1,1,22.375105,26.621003,2.599600,26.742001,2.350900
1,1,22.405096,29.990800,2.536400,29.856501,1.790300
1,1,22.436658,31.562097,2.480200,31.537001,1.827400
1,1,22.469427,32.768801,2.669600,32.719200,2.193700
1,1,22.500460,31.033199,2.677100,30.868700,2.388800
1,1,22.532083,31.622801,2.631200,31.833200,1.935200
1,1,22.559214,27.131200,2.562800,27.007299,2.038100
1,1,22.590179,30.965202,2.695400,30.888500,1.694600
1,1,22.621688,31.509001,2.931900,31.643400,1.857100
1,1,22.654234,32.545898,2.552500,32.551701,1.866500
1,1,22.690075,35.841599,2.601500,34.972401,2.635500
1,1,22.723247,33.172000,4.033100,33.615898,2.251900
1,1,22.759564,36.316801,3.351900,32.186699,1.870500
1,1,22.787160,27.596101,7.395300,31.586800,1.797100
1,1,22.821505,34.345098,3.233600,34.336300,1.858200
1,1,22.851178,29.672701,3.377500,29.956100,3.020900
1,1,22.883200,32.021999,3.271300,31.682699,2.062700
1,1,22.910625,27.424302,3.380600,27.908701,2.063100
1,1,22.950121,39.496098,2.664200,39.307400,2.375300
1,1,22.979094,28.973501,2.851800,29.055401,2.570100
1,1,23.015552,36.457401,2.907800,36.389000,2.042000
1,1,23.040802,25.250997,2.893900,25.439100,1.768400
1,1,23.074559,33.756800,2.492100,33.818001,1.935800
1,1,23.105504,30.945100,2.427100,30.380600,2.277200
1,1,23.138318,32.813400,3.360500,33.018398,2.460400
1,1,23.171396,33.078402,3.543200,33.282299,1.787000
1,1,23.205242,33.845700,3.197300,33.686401,1.921700
1,1,23.239094,33.852197,3.205500,33.867802,1.922300
1,1,23.271126,32.032400,3.247800,31.922400,1.685500
1,1,23.301596,30.469302,3.421400,30.988800,2.146400
1,1,23.332881,31.285398,2.679100,31.134199,2.020200
1,1,23.368058,35.176303,2.674000,35.121498,2.144500
1,1,23.405441,37.383199,2.611300,37.143501,2.263600
1,1,23.436002,30.561700,3.497800,30.615000,2.560100
1,1,23.468531,32.529000,3.083000,32.650501,2.104800
1,1,23.499519,30.987497,2.510700,30.857401,1.598600
1,1,23.531361,31.842403,2.347200,31.957399,1.757200
1,1,23.561734,30.372899,2.311300,30.242500,1.736500
1,1,23.590777,29.042598,2.545900,29.326900,1.575800
1,1,23.621285,30.508101,2.317900,30.162500,1.686700
1,1,23.653857,32.572202,2.510300,32.862499,1.652200
1,1,23.683523,29.665697,2.344700,29.764000,1.590000
1,1,23.718322,34.799300,2.119400,34.865700,1.598200
1,1,23.745729,27.407300,2.019800,27.422001,1.724200
1,1,23.781033,35.303202,2.161700,35.112000,1.659200
1,1,23.805942,24.909899,2.242600,24.726000,2.023600
1,1,23.838182,32.239500,2.306700,32.133999,1.599800
1,1,23.868918,30.735999,2.522300,30.814501,2.383600
1,1,23.901288,32.370500,2.518900,32.193901,1.811500
1,1,23.932686,31.397302,2.466800,31.787001,1.554200
1,1,23.962200,29.514000,2.289800,29.059000,1.642300
1,1,23.991716,29.516101,2.604500,30.086100,1.667100
1,1,24.025750,34.033697,2.008300,33.502399,1.761700
1,1,24.055111,29.361803,2.443800,29.686600,1.519800
1,1,24.087006,31.894799,2.228200,31.947399,1.878500
1,1,24.118723,31.717099,2.256600,31.559500,1.731700
1,1,24.148730,30.006699,2.332300,30.087601,1.929800
1,1,24.177349,28.619200,2.104600,28.648300,1.795300
1,1,24.207321,29.971302,2.085500,29.690500,1.869100
1,1,24.238637,31.316198,2.409200,31.520000,1.961300
1,1,24.270469,31.831902,2.175100,31.794600,2.118900
1,1,24.301487,31.018600,2.356800,30.950600,1.833200
1,1,24.333124,31.637099,2.344100,31.899799,1.509100
1,1,24.365683,32.558601,2.116300,32.506500,1.849100
1,1,24.394706,29.023301,2.029700,28.824900,1.717000
1,1,24.424403,29.697299,2.183700,29.591900,1.532700
1,1,24.455658,31.254098,2.382300,31.371700,1.885700
1,1,24.487349,31.691700,2.299400,31.586399,1.786800
1,1,24.519987,32.637801,2.585800,32.599499,1.746800
1,1,24.548755,28.768200,2.475300,28.829399,1.713900
1,1,24.582037,33.281699,2.345300,33.318298,2.001400
1,1,24.609024,26.987500,2.200700,27.028799,1.662600
1,1,24.641309,32.284901,2.250700,32.066799,1.853000
1,1,24.672770,31.460200,2.449600,31.389299,1.693000
1,1,24.704758,31.987999,2.407700,32.090000,2.001100
1,1,24.736388,31.630203,2.460900,31.744900,2.172300
1,1,24.767249,30.860998,2.345400,30.792200,1.773700
1,1,24.799288,32.039002,2.411700,31.429899,1.853400
1,1,24.825055,25.767300,3.170100,26.537600,1.720200
1,1,24.856829,31.773698,1.973800,31.545799,1.641100
1,1,24.888882,32.053001,2.236300,31.169701,1.506800
1,1,24.919526,30.644100,3.242100,31.244400,1.495600
1,1,24.949516,29.989801,2.680800,30.487700,1.651600
1,1,24.981359,31.843200,1.992000,31.537600,1.821200
1,1,25.008273,26.914299,2.316900,26.965500,1.647900
1,1,25.039829,31.555898,2.195600,31.676600,1.666500
1,1,25.071109,31.280302,2.041900,31.360300,1.711100
1,1,25.101492,30.382901,2.257800,30.322599,1.899000
1,1,25.131957,30.465100,2.180600,30.377600,1.592400
1,1,25.159261,27.303997,2.364300,27.232700,1.902000
1,1,25.191027,31.765800,2.256500,31.570200,2.037600
1,1,25.221861,30.833401,2.527700,31.116800,1.561700
1,1,25.254321,32.460101,2.053700,32.363499,1.936800
1,1,25.285581,31.260401,2.466800,31.276899,1.895300
1,1,25.316926,31.344797,2.342600,31.446501,2.184700
1,1,25.343032,26.106600,2.165600,25.995300,2.018000
1,1,25.376717,33.684600,2.178200,33.202900,2.658600
1,1,25.408615,31.897500,2.635500,32.212799,1.640800
1,1,25.439623,31.008203,2.380500,31.029301,1.811200
1,1,25.470894,31.271599,2.379100,30.747400,1.606500
1,1,25.504085,33.190899,3.012500,33.424400,2.831700
1,1,25.535183,31.098101,2.764600,31.667000,1.829500
1,1,25.567452,32.268997,2.669000,32.121201,1.660400
1,1,25.594826,27.373500,2.143800,27.527800,1.825800
1,1,25.627748,32.922100,2.024400,32.759201,1.838200
1,1,25.657978,30.230500,2.072800,30.160999,1.616900
1,1,25.689326,31.347103,2.171300,30.882601,1.802500
1,1,25.722889,33.563897,2.642000,33.811501,1.935900
1,1,25.754648,31.758100,2.483900,31.876801,2.074100
1,1,25.785101,30.453403,2.435600,30.530899,1.648600
1,1,25.816614,31.512599,2.269400,31.665199,1.951900
1,1,25.848330,31.716499,1.967300,31.518101,1.600600
1,1,25.875499,27.169298,2.164100,26.983200,1.613200
1,1,25.906071,30.572101,2.358200,30.513300,1.803100
1,1,25.939221,33.149298,2.891200,32.950199,1.922200
1,1,25.970389,31.168301,2.930700,31.064400,1.801100
1,1,26.002205,31.815901,3.331300,31.934799,1.852500
1,1,26.033063,30.858099,2.782500,31.306200,1.885800
1,1,26.061478,28.414801,2.162200,28.293900,1.935700
1,1,26.090581,29.102698,2.260800,28.761000,2.332200
1,1,26.122109,31.528801,2.718800,31.770901,1.968100
1,1,26.155488,33.379000,2.502000,33.089298,1.929300
1,1,26.185454,29.965300,3.095000,30.134899,2.468600
1,1,26.216861,31.407002,2.603900,31.672800,1.925400
1,1,26.248994,32.133497,2.325300,31.783501,1.773100
1,1,26.275620,26.625901,2.551400,26.830700,1.655500
1,1,26.307307,31.686898,2.448100,31.346800,1.981400
1,1,26.339227,31.919703,2.649300,31.817900,2.037600
1,1,26.370134,30.907497,2.653100,31.219500,1.698800
1,1,26.401682,31.548303,2.411600,31.515200,1.828900
1,1,26.432827,31.144001,2.582500,31.171400,1.648600
1,1,26.461425,28.598599,2.289000,28.761801,1.876900
1,1,26.492205,30.779898,2.059100,30.812500,2.007200
1,1,26.523784,31.578802,2.101200,31.081699,1.864700
1,1,26.555740,31.955902,2.579400,31.954100,1.614300
1,1,26.586818,31.078599,2.713000,31.500500,1.665100
1,1,26.618502,31.684197,2.380700,31.295799,1.856500
1,1,26.649650,31.147800,2.444000,31.157900,1.810700
1,1,26.678753,29.102702,2.725000,29.411200,2.114200
1,1,26.714960,36.207199,2.221500,36.101200,1.701600
1,1,26.742305,27.344901,2.327600,26.997400,2.083500
1,1,26.773982,31.676598,2.664600,31.167101,1.632400
1,1,26.803833,29.851303,3.115400,30.691900,1.756900
1,1,26.834038,30.205097,2.290900,29.976900,1.783900
1,1,26.865865,31.826701,2.530200,31.910400,1.485100
1,1,26.892583,26.718300,2.447400,27.111099,1.433200
1,1,26.925134,32.550402,1.978200,31.988199,1.966300
1,1,26.957094,31.960499,2.526200,31.741400,1.701500
1,1,26.988410,31.316001,2.877300,31.874201,2.303100
1,1,27.021949,33.539098,2.581500,33.305801,2.210700
1,1,27.055326,33.376403,2.814500,33.311100,1.812000
1,1,27.086626,31.300697,3.059000,31.641399,1.783400
1,1,27.119458,32.831501,2.343800,32.811798,1.738900
1,1,27.156406,36.948100,2.145400,36.408199,1.975500
1,1,27.188207,31.801201,3.029800,31.942400,1.818200
1,1,27.220173,31.966299,2.824800,32.182301,1.800700
1,1,27.251892,31.718798,2.432200,31.413700,2.037000
1,1,27.282615,30.723203,2.477700,30.743601,1.974700
1,1,27.315846,33.231098,2.784900,33.563702,1.730200
1,1,27.342938,27.091600,2.256100,27.178801,1.708900
1,1,27.374989,32.051101,2.201000,31.453199,1.431900
1,1,27.405774,30.785099,2.613400,31.104099,1.723100
1,1,27.439962,34.188200,2.407500,34.042198,1.859500
1,1,27.472455,32.492999,2.515200,32.598301,1.792100
1,1,27.503508,31.053003,2.540600,31.081699,1.690500
1,1,27.535611,32.102998,2.520900,31.679899,1.572400
1,1,27.566035,30.423600,2.678000,30.726700,1.414500
1,1,27.590780,24.744801,2.591200,24.542900,1.412900
1,1,27.622222,31.442199,2.739000,31.761801,1.735600
1,1,27.653788,31.566098,2.381000,31.695601,2.013600
1,1,27.683562,29.774003,2.224300,29.624901,2.092600
1,1,27.717408,33.846200,2.156400,33.917099,1.821000
1,1,27.743222,25.814101,2.350700,25.621201,1.793100
1,1,27.775642,32.419197,2.582100,32.517300,1.492800
1,1,27.806848,31.206902,2.231200,31.330799,1.816900
1,1,27.838791,31.942099,2.218800,31.757601,1.758400
1,1,27.870189,31.398099,2.400600,31.556801,2.029200
1,1,27.901026,30.837402,2.151500,25.669300,1.853700
1,1,27.935138,34.112301,7.181500,38.663399,1.606000
1,1,27.961316,26.177898,3.081300,26.835899,1.878000
1,1,27.999463,38.146202,2.145000,37.907299,1.880000
1,1,28.026427,26.964400,2.312600,26.786501,1.987600
1,1,28.058048,31.620800,2.500300,31.810400,1.615100
1,1,28.090160,32.112397,2.258300,31.746000,2.311200
1,1,28.122006,31.846300,2.639200,31.719999,2.002900
1,1,28.153329,31.322502,2.850900,31.837799,2.204100
1,1,28.184039,30.709900,2.360400,30.648701,2.026300
1,1,28.217788,33.748701,2.293800,33.771801,1.712000
1,1,28.251919,34.131698,2.448300,33.791698,1.821500
1,1,28.282175,30.255400,3.108900,30.247400,2.195400
1,1,28.308948,26.773300,2.990900,27.119101,1.885000
1,1,28.339664,30.715700,2.237500,30.474400,1.580600
1,1,28.371946,32.281999,2.572400,32.105999,1.793200
1,1,28.402677,30.731402,2.671200,31.148100,2.031100
1,1,28.433597,30.919999,2.298000,30.780300,1.863000
1,1,28.466895,33.298101,2.436300,33.298000,1.835100
1,1,28.495718,28.822899,2.394600,28.616800,1.879100
1,1,28.525905,30.186802,2.607800,30.147900,1.878800
1,1,28.557231,31.326499,2.597000,30.852400,1.625400
1,1,28.589417,32.185301,3.328100,31.896601,1.664200
1,1,28.620296,30.879699,2.987000,31.764099,1.932100
1,1,28.652331,32.035001,2.412200,31.876301,1.673800
1,1,28.683764,31.433199,2.483800,31.731600,1.651900
1,1,28.717916,34.151100,2.778400,33.894699,1.400300
1,1,28.749023,31.107500,2.749100,30.890200,1.655200
1,1,28.782149,33.126101,2.607100,33.211102,1.593800
1,1,28.807564,25.415201,2.647600,25.181499,1.591100
1,1,28.839781,32.216500,2.760600,32.430801,1.814200
1,1,28.871363,31.581797,2.704100,31.527201,1.707900
1,1,28.901523,30.160602,2.662700,30.373800,2.121700
1,1,28.933041,31.517301,2.610200,31.626200,1.826700
1,1,28.963552,30.511498,2.299700,30.073900,1.705300
1,1,28.991141,27.589202,2.715800,27.714701,1.669000
1,1,29.022560,31.418499,2.490600,31.570499,1.673500
1,1,29.054561,32.001499,3.048600,31.815599,1.831700
1,1,29.086594,32.032400,2.733700,32.236900,1.754000
1,1,29.119513,32.919202,2.950200,32.662701,1.827100
1,1,29.151572,32.058697,2.468800,32.023201,2.190200
1,1,29.183948,32.376703,2.960600,32.132500,1.982500
1,1,29.210770,26.821498,3.143500,27.079500,2.241400
1,1,29.242239,31.469699,3.426100,31.566200,1.860000
1,1,29.274246,32.006700,3.618700,30.942600,1.948100
1,1,29.305606,31.360101,3.688900,32.180302,2.275000
1,1,29.336403,30.796502,2.624800,31.390100,2.059000
1,1,29.368214,31.811498,2.156100,31.529400,1.783000
1,1,29.400784,32.569900,2.388900,32.601101,1.625100
1,1,29.432466,31.681899,2.455500,31.727200,1.664100
1,1,29.465776,33.309903,2.322200,33.272999,1.554000
1,1,29.499183,33.406999,2.375000,33.310501,1.861500
1,1,29.525386,26.203498,2.699600,25.999201,1.740400
1,1,29.556760,31.373303,2.686800,31.251699,1.523400
1,1,29.588210,31.450398,2.749600,31.470200,2.089000
1,1,29.620308,32.097500,2.963500,32.120800,2.227000
1,1,29.650955,30.647300,2.926400,30.557199,2.234800
1,1,29.681019,30.064002,3.113100,30.098700,1.853100
1,1,29.709757,28.737999,2.890900,28.891899,2.092700
1,1,29.742888,33.131298,2.902900,32.801701,2.103800
1,1,29.773375,30.487102,2.949700,30.577801,1.986900
1,1,29.804317,30.941598,3.268500,31.205099,1.960300
1,1,29.835816,31.499501,2.814700,31.435600,1.604700
1,1,29.868356,32.539200,2.602200,32.403301,1.865100
1,1,29.893452,25.096498,2.806600,25.318199,3.076800
1,1,29.925722,32.269303,2.576000,31.938700,1.803800
1,1,29.958284,32.562099,2.740100,32.274300,1.650900
1,1,29.989950,31.666800,3.036400,31.604700,1.875200
1,1,30.021711,31.760398,3.149900,31.875099,1.681600
1,1,30.051627,29.916000,2.995700,30.058100,2.109500
1,1,30.083880,32.252703,3.039900,32.637501,1.613500
1,1,30.109598,25.718197,2.261900,25.596201,1.751800
1,1,30.141655,32.057799,2.503900,32.009499,1.635100
1,1,30.172988,31.332500,2.303700,31.135201,1.534900
1,1,30.202740,29.751703,2.602200,30.178600,1.803200
1,1,30.234341,31.601399,2.080500,31.492001,1.559000
1,1,30.259739,25.397498,2.356000,25.389099,1.760100
1,1,30.292346,32.607701,2.184400,32.269501,1.643500
1,1,30.323527,31.180300,2.755600,31.147400,1.649500
1,1,30.355405,31.878501,2.675300,32.050400,1.834400
1,1,30.385753,30.347697,2.503000,30.340099,1.716800
1,1,30.416929,31.176001,2.358000,31.463200,2.045100
1,1,30.445436,28.506901,2.239000,28.440100,1.496300
1,1,30.480170,34.734800,2.129600,34.510601,1.619800
1,1,30.508961,28.790798,2.379400,28.910700,1.596900
1,1,30.540651,31.689301,2.255200,31.579700,1.787200
1,1,30.572574,31.923901,2.381100,31.506300,1.863100
1,1,30.605445,32.870300,3.100200,32.924599,2.042100
1,1,30.635091,29.646199,2.856500,29.880699,1.936000
1,1,30.662004,26.913200,2.469600,26.704800,1.753900
1,1,30.698755,36.750901,2.797400,37.148899,1.754500
1,1,30.732932,34.176700,2.314400,33.323399,1.545200
1,1,30.759405,26.473198,3.080900,26.936300,1.687500
1,1,30.790397,30.991599,2.538400,30.838800,2.012100
1,1,30.822094,31.697303,2.859900,31.763800,2.287600
1,1,30.855538,33.444300,2.876700,33.641102,1.986900
1,1,30.887985,32.446500,3.792600,32.343899,2.440900
1,1,30.918518,30.533399,3.139300,30.512501,1.956900
1,1,30.951739,33.220999,2.749700,33.169300,2.145400
1,1,30.983561,31.822301,2.771500,32.202999,2.164600
1,1,31.010559,26.997898,2.483800,26.686899,1.778900
1,1,31.042802,32.242902,2.666600,32.094898,2.193600
1,1,31.074989,32.186899,2.988100,32.176498,1.936300
1,1,31.107578,32.588799,2.766500,32.002899,2.388200
1,1,31.139742,32.164600,3.526800,32.548401,1.847300
1,1,31.171294,31.551503,3.028400,31.708900,1.823700
1,1,31.201639,30.345097,3.263100,30.299500,1.789600
1,1,31.233276,31.637203,3.454500,31.706400,1.900200
1,1,31.260046,26.769698,3.312300,26.819000,1.731100
1,1,31.292677,32.630902,2.555800,32.501099,1.824800
1,1,31.324227,31.549800,2.908800,31.662600,1.762800
1,1,31.355836,31.609699,2.498400,31.681601,1.894800
1,1,31.389372,33.535399,2.482300,33.558800,1.871500
1,1,31.422161,32.789301,2.775100,32.694302,2.192100
1,1,31.454850,32.689199,2.892400,32.663700,2.351200
1,1,31.487703,32.852203,2.991000,32.682598,2.591400
1,1,31.518923,31.220198,3.145600,31.387800,1.896400
1,1,31.549005,30.082602,2.465600,30.109800,1.781200
1,1,31.574202,25.196299,2.455100,25.113001,1.686600
1,1,31.606318,32.116201,2.511400,31.901199,1.679000
1,1,31.636423,30.105099,2.892600,30.829100,1.965600
1,1,31.667476,31.053502,1.887700,30.556499,1.918600
1,1,31.695747,28.270297,2.497600,27.847601,2.044200
1,1,31.726992,31.245101,3.137100,31.244900,1.819400
1,1,31.759928,32.935701,3.028300,33.028599,2.230100
1,1,31.790961,31.033799,3.475300,30.896299,1.869400
1,1,31.824152,33.190798,3.184800,33.191200,2.581100
1,1,31.855165,31.013202,3.126200,31.166100,2.389800
1,1,31.886363,31.197399,3.246900,31.550100,3.408500
1,1,31.919567,33.204600,2.771100,33.191601,2.071400
1,1,31.950075,30.507300,2.651000,30.463600,1.931200
1,1,31.984542,34.467101,2.518200,34.425598,1.914700
1,1,32.009892,25.350299,2.575800,25.446699,1.776400
1,1,32.041530,31.637900,2.224500,31.694401,1.553000
1,1,32.073728,32.198202,2.105500,31.984501,1.564100
1,1,32.106229,32.501098,2.379500,32.353500,1.689500
1,1,32.135704,29.475201,2.578600,29.737900,2.076600
1,1,32.167710,32.005999,2.411500,31.718800,2.068200
1,1,32.193322,25.611803,2.809800,25.670000,1.782500
1,1,32.225846,32.523997,2.649400,32.410999,1.478000
1,1,32.256945,31.098802,2.534300,31.211599,1.748000
1,1,32.287796,30.850701,2.415500,30.787399,1.745900
1,1,32.319413,31.617399,2.553300,31.698799,2.002100
1,1,32.352545,33.131599,2.894900,33.159901,1.776100
1,1,32.384759,32.214198,3.243700,32.089500,1.913300
1,1,32.410492,25.733203,2.752500,26.021000,1.749700
1,1,32.442570,32.078099,2.153100,31.688299,1.506200
1,1,32.473759,31.188302,2.544000,31.103500,1.661900
1,1,32.505638,31.879600,2.799400,32.007599,2.029000
1,1,32.537368,31.729400,2.590900,32.104599,1.626900
1,1,32.568765,31.397600,2.093000,30.687201,1.633200
1,1,32.593767,25.001898,2.898300,25.359501,2.018100
1,1,32.625449,31.682000,2.995700,31.536200,2.055100
1,1,32.656016,30.567501,2.784000,30.507500,1.520500
1,1,32.689418,33.401299,2.628700,33.090900,1.907000
1,1,32.720702,31.284399,3.275700,31.282900,1.932200
1,1,32.753313,32.611102,3.641800,33.058201,1.878000
1,1,32.784220,30.906700,3.149100,30.877501,1.646900
1,1,32.809463,25.243402,3.589100,25.319799,2.237700
1,1,32.841661,32.197598,2.391600,31.856600,1.933500
1,1,32.872854,31.192999,2.788200,31.291000,1.966700
1,1,32.905263,32.408603,2.978200,32.537498,2.773600
1,1,32.937770,32.507699,2.686700,32.700298,2.096700
1,1,32.969312,31.541698,2.066200,28.423800,2.094600
1,1,33.000943,31.631000,5.483100,34.498600,1.780000
1,1,33.028091,27.148001,2.642600,27.122601,1.772200
1,1,33.057015,28.923701,2.441800,28.951200,1.697700
1,1,33.091087,34.072299,2.519900,33.514400,1.656800
1,1,33.120394,29.307500,3.112400,29.677799,2.772800
1,1,33.151952,31.557802,2.763600,31.572800,2.902200
1,1,33.183185,31.232499,3.096500,31.545500,1.643100
1,1,33.209039,25.854599,2.279800,25.394600,1.529200
1,1,33.240332,31.292301,2.679200,31.516500,1.683300
1,1,33.272394,32.062400,2.535700,32.093201,1.621700
1,1,33.304144,31.750400,2.538400,31.382700,1.702500
1,1,33.334795,30.650903,3.057000,31.204599,1.500500
1,1,33.367090,32.294597,2.462900,31.721701,1.603700
1,1,33.396174,29.084500,2.854500,29.581900,1.590100
1,1,33.426242,30.067403,3.044700,29.644199,1.614500
1,1,33.458385,32.143299,3.105700,32.387299,1.492000
1,1,33.489782,31.397298,2.373300,31.365101,1.723900
1,1,33.521285,31.502802,2.640200,31.662399,1.803300
1,1,33.553532,32.246500,2.519500,32.059399,1.897000
1,1,33.585966,32.434501,2.557100,32.480000,1.909300
1,1,33.617783,31.817000,2.460400,31.955999,2.007800
1,1,33.644383,26.599299,2.458400,26.490200,1.727300
1,1,33.676321,31.938501,2.548200,32.046600,1.962900
1,1,33.709630,33.308998,2.398900,32.827400,1.940300
1,1,33.742052,32.422300,2.778400,31.956499,1.800400
1,1,33.773113,31.060599,3.157200,31.777599,1.896800
1,1,33.803094,29.981501,2.434900,30.065800,2.064700
1,1,33.835104,32.009199,2.592400,31.919500,1.873900
1,1,33.867732,32.628600,2.344100,31.881300,1.575200
1,1,33.894219,26.486300,3.180600,27.221701,1.855900
1,1,33.925267,31.048503,2.373700,31.006201,1.603500
1,1,33.957605,32.338399,2.396900,31.884600,2.158500
1,1,33.991240,33.634901,2.984100,33.716499,1.894900
1,1,34.022588,31.347599,3.072700,31.423599,1.736200
1,1,34.052094,29.505901,2.761100,29.826200,1.841100
1,1,34.083892,31.798199,2.337800,31.917400,1.599300
1,1,34.111293,27.401399,2.242800,26.889200,1.602700
1,1,34.142822,31.528801,2.660200,31.653700,1.884400
1,1,34.174669,31.846900,2.469700,31.883301,1.774200
1,1,34.206523,31.853799,2.557400,31.667299,2.798700
1,1,34.238710,32.186702,2.759100,32.212101,2.044800
1,1,34.269660,30.950099,2.618000,31.058300,2.020100
1,1,34.301826,32.165799,2.419900,32.255001,1.948100
1,1,34.327270,25.444001,2.426600,25.671400,2.213500
1,1,34.359690,32.420099,2.072300,31.550501,1.555100
1,1,34.390608,30.918103,3.103500,31.446400,1.933500
1,1,34.422051,31.442899,3.062600,31.567301,2.353400
1,1,34.453384,31.332899,3.219300,31.450001,1.861100
1,1,34.484054,30.670300,2.297800,30.600201,1.619300
1,1,34.510516,26.462100,2.538300,26.465500,1.848700
1,1,34.541943,31.427000,2.209200,30.786301,1.586600
1,1,34.573243,31.299599,3.443200,31.469500,2.128000
1,1,34.603572,30.329101,2.957700,30.744101,2.005000
1,1,34.635139,31.567801,2.896500,31.436701,1.903500
1,1,34.661589,26.449099,2.591800,26.642799,1.773900
1,1,34.699517,37.928902,2.367000,37.918900,1.828700
1,1,34.727248,27.730100,2.133400,27.432100,1.937700
1,1,34.758099,30.851100,2.560200,30.642700,1.724300
1,1,34.789442,31.342901,2.595900,31.559401,1.823700
1,1,34.822136,32.694399,2.743600,32.752701,1.624000
1,1,34.853119,30.983299,2.833700,30.970800,1.858900
1,1,34.885524,32.405000,2.533900,32.141399,1.612400
1,1,34.918109,32.584898,2.810300,32.857300,2.282200
1,1,34.947367,29.257603,2.699000,29.477600,1.814400
1,1,34.977033,29.666398,2.175100,29.361099,1.503000
1,1,35.008808,31.774603,2.402900,30.849800,1.637800
1,1,35.040735,31.927697,3.363100,32.390800,1.978700
1,1,35.071071,30.336000,3.333700,30.794399,1.857100
1,1,35.102620,31.548601,2.521300,31.519600,1.888000
1,1,35.136008,33.388201,2.862000,33.290001,1.848600
1,1,35.163313,27.304798,2.734000,27.582001,1.626000
1,1,35.194249,30.935500,2.273100,30.305500,1.684400
1,1,35.226427,32.178201,2.800100,32.382702,1.662200
1,1,35.258157,31.730302,2.578800,31.489300,1.710900
1,1,35.292583,34.426399,3.493400,34.828300,1.772500
1,1,35.324453,31.869698,2.859300,31.714701,1.802600
1,1,35.355837,31.383403,2.591000,31.334801,1.922700
1,1,35.389709,33.872399,2.970100,33.831902,1.939400
1,1,35.423727,34.017898,3.065100,33.697701,2.277800
1,1,35.456675,32.948200,3.452300,33.553398,2.191900
1,1,35.488593,31.917602,2.687300,31.682199,1.937900
1,1,35.517970,29.377598,2.918400,29.487499,1.850800
1,1,35.544368,26.397701,2.667200,26.598499,1.830900
1,1,35.576002,31.633802,2.349900,31.277901,1.504000
1,1,35.605237,29.235497,2.582400,29.505899,1.545800
1,1,35.639178,33.941001,2.354400,33.103199,1.541300
1,1,35.670351,31.172302,3.403200,31.632099,1.918200
1,1,35.702418,32.067798,3.174900,32.612202,2.172400
1,1,35.730673,28.255101,2.321400,28.054300,1.759800
1,1,35.766688,36.014300,2.278100,36.051498,1.776400
1,1,35.793198,26.509900,2.262500,26.351700,1.663500
1,1,35.823872,30.674100,2.417600,30.605101,1.531900
1,1,35.855670,31.797800,2.601300,31.499701,1.595200
1,1,35.885869,30.198999,2.787200,30.718201,1.763900
1,1,35.915275,29.406503,3.365400,28.921200,2.327400
1,1,35.943414,28.139200,2.621400,28.497400,1.852700
1,1,35.976393,32.978799,2.307100,32.991299,1.555400
1,1,36.007917,31.524099,2.471400,31.258801,1.769600
1,1,36.037255,29.338200,2.569200,29.172800,1.730900
1,1,36.068862,31.606801,2.926900,32.132301,1.768000
1,1,36.096908,28.046001,2.452900,27.882099,1.655500
1,1,36.126429,29.520698,2.228000,29.368099,1.537300
1,1,36.157401,30.971602,2.408300,30.849199,1.861000
1,1,36.188763,31.362697,2.671500,31.321199,1.815900
1,1,36.221490,32.727201,2.858600,32.930698,1.902300
1,1,36.248071,26.580401,2.238500,26.601101,2.211900
1,1,36.276928,28.857101,2.693900,28.722700,1.831000
1,1,36.307687,30.758899,2.638500,30.790400,1.658200
1,1,36.338756,31.069301,2.353400,31.143600,1.914000
1,1,36.368857,30.101400,2.455600,29.994200,1.858000
1,1,36.400621,31.763598,2.310800,31.795099,1.417500
1,1,36.431752,31.131003,2.370000,30.864901,1.759900
1,1,36.459488,27.735598,2.556600,27.520000,1.632200
1,1,36.491078,31.589899,3.023700,31.754000,1.995000
1,1,36.524470,33.392802,2.689200,32.764500,2.150500
1,1,36.556192,31.721700,3.481400,32.121399,2.074000
1,1,36.587184,30.991700,3.011000,31.338800,1.636200
1,1,36.620461,33.277098,2.906700,33.143101,2.066000
1,1,36.651885,31.423703,3.265900,31.436600,2.041900
1,1,36.677286,25.401499,3.645000,25.629700,1.764700
1,1,36.709618,32.331698,2.323000,31.749001,1.501800
1,1,36.740672,31.053703,2.852900,30.992201,2.056100
1,1,36.773535,32.863799,3.061600,33.116199,1.992700
1,1,36.803193,29.657599,3.120000,29.971001,1.888100
1,1,36.835495,32.301702,2.661600,31.996099,1.569700
1,1,36.860375,24.880100,2.585000,25.033600,1.426600
1,1,36.891993,31.618200,2.478400,31.446501,1.420900
1,1,36.924110,32.117099,2.611400,31.958401,1.824500
1,1,36.956634,32.523599,3.276900,32.853298,2.061100
1,1,36.987939,31.305403,2.877700,31.366199,1.880400
1,1,37.017687,29.747799,2.655900,29.539700,1.903900
1,1,37.043876,26.188798,3.001100,26.484900,1.754300
1,1,37.075547,31.671900,3.204200,31.120701,1.574300
1,1,37.107152,31.604201,2.776800,31.760900,1.526700
1,1,37.137486,30.334800,2.635600,30.832199,1.948300
1,1,37.170680,33.193499,2.499800,32.398998,1.880400
1,1,37.202068,31.387601,3.337100,31.604799,1.830000
1,1,37.231060,28.992400,3.167900,29.155399,1.875000
1,1,37.260860,29.800400,2.851600,29.831699,1.364600
1,1,37.292982,32.121200,2.453700,31.472000,1.521400
1,1,37.324653,31.671099,3.125300,32.004601,1.976300
1,1,37.355411,30.758001,3.211000,31.180300,1.778800
1,1,37.387555,32.144401,2.824500,31.864300,1.689800
1,1,37.418493,30.937597,2.641900,31.212099,1.690300
1,1,37.450591,32.097902,2.607400,32.010101,1.650300
1,1,37.484928,34.337800,2.702500,34.113899,1.862100
1,1,37.511076,26.147600,2.720800,26.533800,2.233700
1,1,37.543633,32.557201,2.809200,32.254601,1.550800
1,1,37.575867,32.233398,2.583100,31.765900,1.756600
1,1,37.606653,30.786499,3.016400,31.087500,1.934400
1,1,37.637930,31.276602,3.293500,31.649099,1.876000
1,1,37.668794,30.864697,2.454500,30.690201,1.585600
1,1,37.696746,27.951401,2.551900,28.004101,1.746500
1,1,37.726902,30.156299,2.339900,30.317699,1.485100
1,1,37.758946,32.044202,2.141300,31.202700,1.691800
1,1,37.792103,33.156600,3.089500,33.102901,1.827800
1,1,37.823267,31.164300,3.256200,31.855200,2.028900
1,1,37.855077,31.809699,2.373000,31.814501,2.293500
1,1,37.885458,30.380800,2.298800,30.182800,1.770300
1,1,37.916776,31.318199,2.623700,31.648100,2.083800
1,1,37.944033,27.257603,2.156800,26.938499,1.404100
1,1,37.975368,31.334300,2.585900,30.961901,1.601100
1,1,38.008161,32.793399,3.079100,33.052502,2.147400
1,1,38.041490,33.328902,2.923400,30.031500,1.859000
1,1,38.069046,27.556300,5.822500,31.010401,1.839600
1,1,38.096043,26.996199,2.815200,27.016001,2.246100
1,1,38.127352,31.309001,2.602900,31.221500,2.014500
1,1,38.158000,30.648299,2.417900,30.294800,1.480500
1,1,38.190742,32.742500,3.064800,33.059700,1.664400
1,1,38.225733,34.990501,3.345800,34.384602,2.063900
1,1,38.257085,31.351898,3.424300,31.805901,1.836700
1,1,38.288304,31.219002,2.905900,31.571699,1.801400
1,1,38.319581,31.277299,2.930800,30.697701,2.004700
1,1,38.351565,31.984001,3.186300,32.398201,1.917800
1,1,38.379440,27.874500,2.329000,27.580601,1.544100
1,1,38.410847,31.407401,2.759100,31.929600,1.655700
1,1,38.443735,32.887898,2.092900,32.413898,1.770400
1,1,38.474759,31.024400,2.526900,30.943600,1.541200
1,1,38.506487,31.727999,2.948900,31.870100,1.885300
1,1,38.537033,30.545399,3.334700,30.736799,1.611400
1,1,38.565980,28.947100,2.375700,28.797501,1.856900
1,1,38.596005,30.025400,2.503000,29.900700,2.050700
1,1,38.627896,31.891301,2.726400,32.175900,1.941000
1,1,38.659291,31.394400,2.392700,31.086000,1.621300
1,1,38.690562,31.271201,2.624300,31.440500,1.910300
1,1,38.721680,31.117499,2.412800,31.138201,1.769500
1,1,38.752531,30.850902,3.196100,30.874001,1.657800
1,1,38.780223,27.692098,2.362200,27.396500,1.521900
1,1,38.808516,28.293800,2.636100,28.055799,1.521100
1,1,38.839821,31.305000,2.964100,31.640200,1.718600
1,1,38.870043,30.221302,2.585100,30.559601,1.606300
1,1,38.902087,32.044198,2.042800,31.607901,1.701200
1,1,38.928172,26.085202,2.975500,26.547199,1.546600
1,1,38.960142,31.969599,1.998100,31.705299,1.663600
1,1,38.992232,32.090601,2.293200,32.004799,1.720500
1,1,39.025851,33.618398,2.534100,33.386398,1.764400
1,1,39.057904,32.053601,2.655300,32.206799,1.768600
1,1,39.091510,33.605400,2.836400,33.475300,2.189600
1,1,39.123274,31.764399,3.012900,31.668501,1.823200
1,1,39.158654,35.380099,2.921900,35.056400,2.190600
1,1,39.192387,33.732500,3.526200,33.660198,2.882300
1,1,39.224810,32.423001,3.937300,32.896702,2.381400
1,1,39.258916,34.106199,3.117500,33.427601,2.219500
1,1,39.290895,31.978700,4.144800,32.588402,2.386300
1,1,39.323877,32.982003,3.012100,33.035900,2.219900
1,1,39.357494,33.617798,3.282900,33.252102,2.955200
1,1,39.388290,30.795898,4.160400,31.241699,1.993200
1,1,39.422279,33.988401,2.827500,34.165901,2.075900
1,1,39.454662,32.382902,2.779400,32.016602,1.966400
1,1,39.486991,32.329198,2.658600,32.412601,1.986000
1,1,39.518047,31.056199,2.696400,31.262699,2.376800
1,1,39.544563,26.516400,3.325900,26.577801,1.816800
1,1,39.576019,31.456001,3.001600,31.026100,1.867900
1,1,39.607720,31.701099,2.977900,31.721600,1.824100
1,1,39.638737,31.017002,2.816000,31.305099,1.935100
1,1,39.671045,32.307200,2.601000,32.132999,1.965800
1,1,39.703263,32.217897,2.638900,32.052101,2.275200
1,1,39.732821,29.558502,3.943200,29.660299,2.021900
1,1,39.766448,33.627100,3.021100,33.233501,2.275300
1,1,39.795781,29.332500,3.345700,29.686899,2.385700
1,1,39.827061,31.280499,3.112000,31.112801,1.700000
1,1,39.859145,32.083999,2.759700,31.539801,2.136500
1,1,39.891430,32.284901,3.429800,32.770302,2.233900
1,1,39.922812,31.381801,3.015400,31.652300,2.064900
1,1,39.954904,32.091901,2.850200,31.651300,2.090900
1,1,39.983127,28.223500,3.380900,28.501600,2.470900
1,1,40.011861,28.733898,3.303800,28.642700,2.800900
1,1,40.042787,30.925803,2.781300,30.879101,1.993800
1,1,40.076137,33.350497,2.968800,31.789200,1.984700
1,1,40.104901,28.763600,4.589000,30.322599,2.431200
1,1,40.138356,33.454902,3.446300,33.638100,2.164900
1,1,40.158369,20.012598,2.744500,19.797001,2.343100
1,1,40.176433,18.064901,3.278500,18.102600,2.319300
1,1,40.195725,19.291401,2.690400,19.443399,2.115400
1,1,40.227059,31.333998,2.943400,30.952801,2.395400
1,1,40.258099,31.040501,3.033400,31.538300,2.226300
1,1,40.289944,31.844698,2.527200,31.691900,2.106000
1,1,40.320264,30.320402,3.059500,30.563900,2.033700
1,1,40.345657,25.392700,2.320800,25.447901,1.868400
1,1,40.379086,33.428900,2.358400,32.688202,1.656700
1,1,40.410253,31.167299,2.812100,30.524599,1.902100
1,1,40.440791,30.537199,3.948900,31.752800,1.777100
1,1,40.472658,31.867102,2.669900,31.621700,2.040300
1,1,40.503164,30.506000,2.585500,30.472601,1.871400
1,1,40.531238,28.074700,2.809400,28.521000,1.731600
1,1,40.559236,27.998000,2.496900,27.394100,1.737600
1,1,40.591272,32.035399,2.720000,32.266602,1.812800
1,1,40.622413,31.141002,2.993100,31.426300,1.865600
1,1,40.651115,28.701998,2.220100,28.357500,2.481400
1,1,40.679080,27.965099,2.624100,28.062401,2.022500
1,1,40.711945,32.865200,2.538500,32.737301,1.904200
1,1,40.743295,31.350400,2.673600,31.124100,2.063700
1,1,40.775572,32.276902,3.115500,32.096802,2.814900
1,1,40.807903,32.330599,3.272000,32.606098,2.389600
1,1,40.839566,31.662799,3.718200,31.910900,3.011200
1,1,40.871102,31.536501,2.843000,31.148199,2.216000
1,1,40.897484,26.381701,2.804900,26.768499,2.251500
1,1,40.928873,31.388700,2.303000,31.309900,1.969000
1,1,40.959461,30.588496,2.288400,29.977301,1.845900
1,1,40.990085,30.623503,3.464800,31.131701,1.823500
1,1,41.020598,30.513298,2.396500,30.460100,1.955000
1,1,41.048893,28.294601,2.257500,28.316401,1.872300
1,1,41.079016,30.123502,2.351000,30.018200,1.997400
1,1,41.110099,31.082798,2.440600,31.169100,1.585100
1,1,41.141876,31.777099,2.465200,31.705500,1.670000
1,1,41.173205,31.329002,2.386900,31.469900,2.041400
1,1,41.203792,30.587099,2.321000,30.335699,1.895200
1,1,41.235692,31.899601,2.715300,31.963800,1.682100
1,1,41.260624,24.931900,2.375600,24.953300,2.193400
1,1,41.292107,31.483397,2.393200,31.503000,1.691400
1,1,41.324545,32.438103,2.360100,32.395500,1.874700
1,1,41.356416,31.870499,2.482300,32.044498,1.912700
1,1,41.386421,30.005701,2.474500,30.106600,1.927800
1,1,41.413299,26.878197,2.085800,26.444300,2.068200
1,1,41.442741,29.441301,2.485700,29.502001,1.700100
1,1,41.474492,31.750999,2.333700,31.805401,1.581300
1,1,41.504318,29.826503,2.414300,29.890100,1.845700
1,1,41.530480,26.161298,2.656700,26.031601,1.635100
1,1,41.562641,32.161701,2.402800,32.074200,1.573100
1,1,41.593962,31.320900,2.340100,31.369801,1.753200
1,1,41.625602,31.640001,2.559700,31.512899,1.760600
1,1,41.657107,31.505097,2.596000,31.717800,1.561900
1,1,41.689857,32.749701,2.596800,32.938400,1.762600
1,1,41.722367,32.510500,2.274600,32.389801,2.028400
1,1,41.749719,27.351100,2.013300,26.934299,1.758100
1,1,41.779200,29.481899,2.871500,29.480499,1.697300
1,1,41.810372,31.171601,2.626600,31.104200,1.542900
1,1,41.841198,30.826099,2.749000,31.213100,1.600300
1,1,41.873333,32.135002,2.522800,32.157902,2.001400
1,1,41.905156,31.823199,2.592100,31.922600,1.692400
1,1,41.938361,33.204898,2.085900,32.777599,1.787400
1,1,41.970716,32.355200,3.070400,32.348202,1.622700
1,1,42.002823,32.106102,3.590800,32.197899,1.711500
1,1,42.028250,25.427397,2.422800,25.834499,1.483300
1,1,42.060723,32.473300,1.991100,32.380501,1.666600
1,1,42.092499,31.775501,2.085100,31.280701,1.716600
1,1,42.123730,31.231303,2.507200,31.716801,2.038300
1,1,42.155365,31.635199,2.034900,31.438700,1.909400
1,1,42.185699,30.333899,2.490000,30.010700,1.751800
1,1,42.212196,26.496600,2.638500,26.502600,1.678300
1,1,42.244275,32.079101,2.486600,32.070499,1.920400
1,1,42.274545,30.270401,2.477100,30.534201,2.129200
1,1,42.305083,30.537799,2.623300,30.073601,2.115300
1,1,42.337024,31.941101,3.295700,32.213299,1.807800
1,1,42.362474,25.449697,2.732400,25.648100,2.133700
1,1,42.393383,30.908801,2.168500,30.950001,1.664500
1,1,42.425067,31.684302,2.084600,31.400900,1.785200
1,1,42.457092,32.024600,2.473900,32.071602,1.779600
1,1,42.489618,32.525998,2.400500,32.596100,1.700300
1,1,42.521749,32.131702,2.935900,31.900400,1.674700
1,1,42.548770,27.020901,2.756300,27.150999,2.259000
1,1,42.577874,29.104099,2.698300,28.805799,1.973400
1,1,42.610897,33.022698,2.811500,33.112999,1.824800
1,1,42.641977,31.079601,2.735400,31.292801,2.121700
1,1,42.675330,33.353202,3.120900,32.814098,2.107600
1,1,42.707439,32.109197,3.489400,32.629002,1.842800
1,1,42.738814,31.374902,2.426600,31.418699,1.874600
1,1,42.771852,33.037700,2.555900,32.621201,1.948700
1,1,42.796714,24.861999,3.020000,25.330601,2.020400
1,1,42.836182,39.468803,2.217900,39.013199,2.163100
1,1,42.861345,25.162600,2.712500,25.149099,1.934700
1,1,42.892206,30.860797,2.701400,31.080400,2.282900
1,1,42.925594,33.387903,2.603600,32.929600,1.948500
1,1,42.955097,29.503599,3.145600,29.923201,2.164000
1,1,42.986972,31.874999,2.601000,32.042000,2.122700
1,1,43.019457,32.485001,2.654400,31.778799,2.073800
1,1,43.048054,28.596498,3.061300,29.535700,1.911900
1,1,43.084052,35.997901,2.222200,30.201401,1.992400
1,1,43.111911,27.859300,7.881200,33.064800,1.937600
1,1,43.144903,32.991901,2.806300,32.415298,2.344700
1,1,43.176309,31.406600,3.486700,31.478701,2.672700
1,1,43.207772,31.462397,3.260300,31.906000,2.021600
1,1,43.240782,33.009700,2.542500,32.843498,1.841300
1,1,43.272736,31.954601,2.953000,32.613098,1.817200
1,1,43.304467,31.731199,2.092700,31.296801,2.221100
1,1,43.336563,32.095302,2.557600,31.908899,1.721900
1,1,43.368967,32.404099,2.733500,32.743900,1.796200
1,1,43.401771,32.804400,2.389000,32.395901,1.547700
1,1,43.428556,26.785299,2.680900,27.209400,1.495500
1,1,43.460493,31.936500,2.198400,31.755199,1.758900
1,1,43.492298,31.805500,2.336000,31.564199,1.676000
1,1,43.523326,31.027202,2.913600,31.336300,1.855700
1,1,43.553588,30.262798,2.371600,30.378500,2.007400
1,1,43.585634,32.045700,2.119800,31.681900,1.675400
1,1,43.614593,28.958902,2.688100,28.976400,1.687800
1,1,43.644120,29.527199,2.659200,28.917299,1.852500
1,1,43.675196,31.075299,3.341300,31.503799,1.864600
1,1,43.705166,29.970102,3.046400,30.364599,1.846700
1,1,43.740205,35.039499,2.898000,34.677200,1.761800
1,1,43.772207,32.002099,3.127400,31.965401,1.929400
1,1,43.803541,31.333901,2.957800,31.557199,1.623100
1,1,43.829747,26.205700,2.758000,26.419500,1.870700
1,1,43.861885,32.137699,2.238400,31.642200,1.462200
1,1,43.893138,31.253800,2.721500,31.480301,1.492100
1,1,43.925134,31.995501,2.654600,31.969700,1.746600
1,1,43.958779,33.645298,2.934000,33.309799,1.895900
1,1,43.991953,33.174302,2.963300,33.433102,2.025900
1,1,44.025080,33.126101,2.918700,32.932201,1.882700
1,1,44.056477,31.397700,2.737000,31.884701,1.737500
1,1,44.087111,30.633297,2.677400,30.372700,1.572000
1,1,44.119833,32.722000,2.832200,32.862900,2.417100
1,1,44.152977,33.144001,2.394000,32.734699,1.653300
1,1,44.179580,26.603900,2.882600,26.685801,1.900800
1,1,44.210615,31.034399,2.754900,31.204399,1.688400
1,1,44.243165,32.550503,2.417600,32.443901,1.759700
1,1,44.274305,31.139500,2.760700,31.164801,1.750000
1,1,44.305820,31.515397,2.606000,31.755501,2.073400
1,1,44.338823,33.002801,2.554500,33.013802,1.806200
1,1,44.368917,30.094199,2.856700,29.681101,1.913200
1,1,44.395710,26.792802,3.068000,27.000000,1.701500
1,1,44.426254,30.544300,2.329800,29.729601,1.537000
1,1,44.456506,30.251902,3.122000,31.093201,1.882100
1,1,44.488619,32.112397,2.665200,32.240101,2.074500
1,1,44.519522,30.903101,2.664300,30.439400,2.080800
1,1,44.548604,29.081900,2.708600,28.569000,1.549200
1,1,44.577703,29.099699,3.229900,29.405300,1.614700
1,1,44.610114,32.411102,2.926100,32.805302,1.757500
1,1,44.640528,30.413799,2.824700,30.147200,1.915300
1,1,44.672337,31.808902,2.804200,31.401300,1.746800
1,1,44.703830,31.492397,3.334700,31.893700,1.906500
1,1,44.736561,32.731701,3.342300,32.882702,1.982900
1,1,44.768584,32.022599,2.566900,31.895201,1.882600
1,1,44.793628,25.044501,2.608500,24.802000,1.751600
1,1,44.825452,31.823400,2.842100,31.747400,1.759400
1,1,44.856410,30.958001,3.230300,31.266701,2.280700
1,1,44.888081,31.671099,2.988300,31.599001,1.872200
1,1,44.919440,31.359099,2.897400,31.182199,1.770100
1,1,44.945558,26.117601,3.280600,26.411800,1.521800
1,1,44.977126,31.568103,2.748800,31.557501,1.561400
1,1,45.009403,32.277700,2.826200,31.825300,1.807300
1,1,45.039190,29.786199,3.278100,30.336399,2.250800
1,1,45.070083,30.893900,2.580900,30.819099,1.737900
1,1,45.097615,27.531601,2.930100,27.305201,2.191100
1,1,45.129455,31.839900,3.169500,30.691700,1.809300
1,1,45.159913,30.457798,3.991500,31.511299,2.298700
1,1,45.192452,32.539099,3.036000,32.503799,1.791600
1,1,45.224159,31.706702,3.388100,31.714899,2.486200
1,1,45.255925,31.766899,3.393900,32.096001,1.775500
1,1,45.285603,29.677399,2.881600,29.480000,1.955600
1,1,45.312174,26.571300,3.598000,26.786100,2.274700
1,1,45.345886,33.712201,2.498000,33.171799,1.685100
1,1,45.377026,31.139299,2.850800,31.575300,2.065200
1,1,45.408988,31.962201,2.553800,31.763201,2.126200
1,1,45.442901,33.912700,2.909300,33.796700,2.146200
1,1,45.473718,30.817002,3.314600,30.867701,2.554800
1,1,45.505022,31.304199,3.149000,31.495199,2.082100
1,1,45.531710,26.688300,2.813100,26.437700,1.705400
1,1,45.564422,32.712098,2.754900,32.117001,1.727600
1,1,45.595624,31.201702,3.160800,31.732201,1.989800
1,1,45.626970,31.345699,2.811600,31.504999,1.798000
1,1,45.658272,31.302899,2.613500,31.291901,2.053500
1,1,45.692142,33.869702,2.951200,33.482201,2.285500
1,1,45.723231,31.088699,3.366600,31.792900,2.032900
1,1,45.755962,32.731600,2.360500,32.526100,1.907900
1,1,45.788254,32.291502,2.303500,32.268600,1.773500
1,1,45.821101,32.846700,2.415700,33.133099,1.756600
1,1,45.853439,32.338798,2.097400,32.074402,1.833800
1,1,45.880251,26.811700,2.198000,26.815201,1.624900
1,1,45.910283,30.031599,2.048800,29.960899,1.510800
1,1,45.941150,30.867100,2.200700,30.694000,1.647700
1,1,45.971464,30.314501,2.663900,30.398701,1.538800
1,1,46.003015,31.551100,2.341500,31.544300,1.849800
1,1,46.029558,26.542600,2.486500,26.358500,1.700800
1,1,46.060895,31.337399,2.622300,31.516399,1.596200
1,1,46.092106,31.210400,2.446600,31.346901,1.699800
1,1,46.122750,30.643899,2.415800,30.505600,1.935500
1,1,46.154402,31.652700,2.505500,31.611200,1.945600
1,1,46.185930,31.527400,2.581300,31.448400,1.836600
1,1,46.212421,26.491500,2.453000,26.656700,1.541900
1,1,46.244921,32.499500,2.288600,32.276299,2.015300
1,1,46.277202,32.280799,2.792500,31.999399,1.650200
1,1,46.307389,30.187201,2.776800,30.454700,1.810300
1,1,46.338963,31.574000,2.918200,31.462299,1.793100
1,1,46.368830,29.867403,2.912500,30.182501,1.918300
1,1,46.395816,26.985798,3.143100,26.875500,1.759000
1,1,46.429545,33.729400,2.392700,33.406502,1.767200
1,1,46.460346,30.800998,2.663500,31.189199,1.782500
1,1,46.493428,33.081301,2.337700,32.883499,2.131200
1,1,46.525238,31.810001,2.462700,31.735201,2.142600
1,1,46.557023,31.785302,2.564600,31.757799,1.750600
1,1,46.588553,31.530298,2.776300,31.595699,1.967000
1,1,46.616182,27.629100,2.568200,27.892401,1.983400
1,1,46.647761,31.578902,3.001900,31.291300,1.979200
1,1,46.680559,32.797199,2.355200,32.919498,1.682100
1,1,46.713528,32.969501,2.226700,32.849098,1.978200
1,1,46.745782,32.253698,2.390400,32.110600,1.949800
1,1,46.777799,32.017600,2.553600,32.044300,1.880600
1,1,46.809491,31.692002,2.551900,31.622200,1.825200
1,1,46.841147,31.655800,2.716100,31.737801,1.815500
1,1,46.871685,30.537400,2.584600,30.454399,1.668400
1,1,46.898224,26.538998,2.659700,26.868900,1.738600
1,1,46.929593,31.369403,2.407500,31.163900,1.787800
1,1,46.961404,31.811099,2.707800,31.936800,1.581500
1,1,46.993705,32.300700,2.287700,32.007198,1.708100
1,1,47.025652,31.946801,2.540200,32.193298,1.764300
1,1,47.057927,32.274999,2.414400,31.879200,1.973800
1,1,47.087901,29.974598,2.892400,30.281000,1.884500
1,1,47.121407,33.505403,2.599500,33.188202,1.987600
1,1,47.155853,34.446698,3.136900,34.500900,2.262000
1,1,47.188566,32.712702,2.913800,32.741199,1.753400
1,1,47.222175,33.608999,2.979200,33.877998,2.271300
1,1,47.256057,33.882402,2.783800,33.712700,1.913200
1,1,47.287726,31.668399,2.924900,31.540300,2.007400
1,1,47.318117,30.391000,2.713700,30.341000,1.912000
1,1,47.353641,35.524599,2.707100,35.682999,1.997300
1,1,47.383504,29.862400,2.513200,29.783001,1.793300
1,1,47.412556,29.052500,2.537000,28.974001,1.602300
1,1,47.444366,31.809900,2.565200,32.091400,1.622300
1,1,47.476022,31.656202,2.281700,30.455900,1.922200
1,1,47.508810,32.787200,3.525000,33.432999,1.832900
1,1,47.541125,32.315399,2.927800,32.614101,2.100600
1,1,47.572682,31.557299,2.759800,31.623600,1.632100
1,1,47.605604,32.922000,2.459300,33.001598,1.873400
1,1,47.638344,32.740001,2.762400,32.605801,1.805900
1,1,47.672599,34.254700,2.828000,33.920700,1.769500
1,1,47.704046,31.447001,3.153900,31.579201,2.210200
1,1,47.734607,30.561198,3.084000,30.796400,2.174300
1,1,47.770571,35.964202,2.499400,35.631901,2.167400
1,1,47.804198,33.626799,2.908400,33.625599,1.928000
1,1,47.837618,33.419702,2.757300,33.677101,1.837800
1,1,47.864636,27.018297,2.753200,26.818600,2.134900
1,1,47.896235,31.598702,2.655300,31.646999,2.029400
1,1,47.926773,30.538399,2.589400,30.592300,2.064900
1,1,47.959293,32.519899,2.630000,32.026100,1.713400
1,1,47.991471,32.177702,3.126400,32.441399,2.284400
1,1,48.021918,30.447401,2.810500,30.598000,2.504100
1,1,48.053801,31.882998,3.033100,31.796000,2.148100
1,1,48.084633,30.831400,3.041000,30.490900,2.107400
1,1,48.112840,28.207600,3.103700,28.905800,2.387000
1,1,48.148626,35.786100,2.201400,29.833799,2.048100
1,1,48.176071,27.444899,8.208500,32.849300,2.204100
1,1,48.210100,34.028303,2.946600,33.526798,1.990900
1,1,48.242271,32.171898,3.471800,32.569599,2.675200
1,1,48.270175,27.903400,3.225800,26.823999,2.523900
1,1,48.299426,29.250700,4.397300,30.340200,2.760200
1,1,48.333143,33.717301,3.182100,33.471401,2.410400
1,1,48.365845,32.702301,3.435600,32.856800,2.871900
1,1,48.397488,31.642500,3.068900,31.909500,2.072200
1,1,48.430076,32.588698,2.739700,32.772202,2.038300
1,1,48.461247,31.170402,2.439600,30.406900,1.828800
1,1,48.492185,30.937798,3.176100,31.519699,1.889200
1,1,48.522720,30.535601,2.838500,30.906099,2.484100
1,1,48.554688,31.967498,2.295500,31.824100,2.141500
1,1,48.581624,26.936002,2.463300,26.396601,1.680400
1,1,48.612816,31.192299,2.745500,31.579201,1.562200
1,1,48.644289,31.473402,2.521600,31.118500,1.593300
1,1,48.676297,32.007899,2.707900,31.921499,1.776900
1,1,48.709756,33.459101,2.862800,33.501301,1.753700
1,1,48.742361,32.604299,3.144500,32.643600,2.058900
1,1,48.773994,31.633500,3.179400,31.805099,1.720000
1,1,48.803216,29.221799,2.886100,29.356100,1.776300
1,1,48.835967,32.750800,2.356200,32.880501,1.654100
1,1,48.863485,27.518101,2.303700,27.016300,1.953900
1,1,48.895024,31.539198,2.739200,30.965700,1.644600
1,1,48.926069,31.045202,3.198100,31.860201,1.836000
1,1,48.957722,31.652600,2.390200,31.356899,1.891100
1,1,48.989711,31.988900,2.625900,32.191101,1.919500
1,1,49.021000,31.289499,2.690900,31.578300,2.937500
1,1,49.047164,26.163701,2.952000,26.217800,1.573100
1,1,49.079183,32.018900,2.125700,31.614300,1.593200
1,1,49.110195,31.012297,2.526200,31.198999,2.488900
1,1,49.142992,32.797102,2.348900,32.584499,1.834200
1,1,49.172780,29.788200,2.667500,29.955601,1.836300
1,1,49.206366,33.585299,2.307900,33.875702,1.670200
1,1,49.238865,32.498900,2.022900,31.997400,2.035500
1,1,49.270545,31.680100,3.073200,31.858101,2.216700
1,1,49.298007,27.462501,2.452500,27.397100,2.287200
1,1,49.330959,32.951903,2.640100,33.091099,1.753200
1,1,49.363224,32.265097,2.310600,32.001598,1.882700
1,1,49.394915,31.690300,2.515100,31.464300,1.707900
1,1,49.427502,32.587301,2.806600,32.894600,1.836700
1,1,49.460693,33.191402,2.645500,32.518700,2.191600
1,1,49.491584,30.890997,3.547700,31.281900,1.858200
1,1,49.521427,29.842403,3.198200,30.134701,1.989100
1,1,49.553069,31.642299,2.988900,31.710100,1.983800
1,1,49.580515,27.446300,2.572800,27.313499,1.814500
1,1,49.614093,33.578001,2.422400,33.148800,1.604300
1,1,49.647080,32.987099,3.148800,33.163898,1.858600
1,1,49.680418,33.337899,2.773000,33.631302,1.890800
1,1,49.714212,33.793602,2.433100,33.975300,1.939400
1,1,49.750657,36.445301,2.074500,36.064999,1.798500
1,1,49.780905,30.247699,2.589600,30.594500,1.849800
1,1,49.813244,32.338899,3.162800,31.883400,1.851000
1,1,49.844449,31.204998,2.437900,31.196400,1.822500
1,1,49.876754,32.304902,2.556900,32.569302,2.097700
1,1,49.908414,31.660002,2.656400,31.500099,1.927900
1,1,49.941698,33.284400,2.743800,33.681900,1.812000
1,1,49.972407,30.708998,2.399100,30.505699,1.532000
1,1,50.003734,31.327400,2.377500,31.304399,1.747900
1,1,50.032892,29.157899,2.121800,29.028500,1.605900
1,1,50.062743,29.850401,2.334600,30.172899,1.664100
1,1,50.094499,31.756099,2.321300,31.572599,2.036100
1,1,50.127057,32.558400,2.167500,32.116699,1.726200
1,1,50.159605,32.547299,3.137900,32.672100,1.931400
1,1,50.191251,31.646401,3.011400,31.538799,2.042600
1,1,50.224420,33.168901,3.286800,32.192799,2.626300
1,1,50.256637,32.217000,4.169500,33.015999,2.415900
1,1,50.286591,29.954001,3.265900,30.374599,2.523200
1,1,50.314043,27.452298,2.767000,27.330601,2.057300
1,1,50.346049,32.005802,2.643100,31.697701,1.967200
1,1,50.378269,32.220300,2.889900,32.323101,1.889800
1,1,50.409011,30.742098,2.681900,31.006701,1.805300
1,1,50.440118,31.106900,2.568500,31.183500,2.293700
1,1,50.470228,30.109700,2.693900,29.878000,1.938400
1,1,50.501633,31.405400,2.753700,31.577400,1.900400
1,1,50.528805,27.171399,2.431400,25.893299,2.003800
1,1,50.558473,29.668503,3.738300,30.253201,1.905700
1,1,50.589554,31.080499,3.341700,31.463800,1.992900
1,1,50.622001,32.447498,3.057600,32.317101,2.326500
1,1,50.646922,24.920203,3.730300,25.413200,2.199700
1,1,50.682067,35.145398,2.349700,33.609402,1.787200
1,1,50.712166,30.099601,4.149500,31.064100,3.074500
1,1,50.743897,31.730998,4.080100,31.684900,2.283400
1,1,50.775936,32.038800,3.737700,31.870300,2.306400
1,1,50.807489,31.553000,3.603800,31.689501,3.126100
1,1,50.839192,31.702999,3.550600,32.074799,2.511600
1,1,50.870830,31.638201,2.599300,31.522900,1.782000
1,1,50.896522,25.691800,2.838500,25.899599,2.103800
1,1,50.929217,32.695200,2.388900,32.476501,1.975500
1,1,50.961609,32.391101,2.606000,31.870600,2.154400
1,1,50.993381,31.772099,3.211900,32.182400,2.170300
1,1,51.026684,33.303298,2.857900,33.394199,2.239200
1,1,51.059049,32.365400,2.725700,32.196602,2.225700
1,1,51.092550,33.500802,3.287700,33.498798,2.843000
1,1,51.122485,29.934499,3.269200,30.400299,1.947700
1,1,51.154836,32.351099,2.280300,32.197300,2.147800
1,1,51.183252,28.415900,2.449600,28.182699,2.138500
1,1,51.217081,33.829700,2.720900,33.834599,2.365500
1,1,51.247956,30.874901,2.873300,31.054800,1.909800
1,1,51.281108,33.151701,2.530400,33.122601,1.969500
1,1,51.313556,32.447901,2.551600,32.058899,2.253200
1,1,51.344721,31.165101,2.866800,31.399300,2.057600
1,1,51.376369,31.648200,2.620200,31.789700,2.160700
1,1,51.409297,32.927398,2.383000,32.845600,1.810600
1,1,51.443696,34.399100,2.638900,34.403900,1.900100
1,1,51.475503,31.807300,2.497100,31.886400,2.322700
1,1,51.507899,32.396302,2.624700,32.168201,2.372400
1,1,51.538372,30.473199,3.217000,30.780800,2.256700
1,1,51.572185,33.812802,2.495900,33.273499,2.173800
1,1,51.604457,32.271300,2.882400,32.035301,2.114400
1,1,51.633604,29.147301,3.613500,29.519699,2.388600
1,1,51.662439,28.834600,2.905400,28.922701,1.781200
1,1,51.696267,33.828299,2.533500,33.207500,2.011100
1,1,51.729761,33.494398,3.175400,34.171902,1.657200
1,1,51.763008,33.247102,2.463600,32.883099,1.578200
1,1,51.801762,38.753297,2.769400,39.137699,1.949100
1,1,51.829378,27.616601,2.399400,27.438601,1.608900
1,1,51.862055,32.677200,2.709200,32.635502,1.530400
1,1,51.894377,32.322001,2.490600,32.024799,1.798800
1,1,51.924553,30.175999,3.233400,30.522301,1.725000
1,1,51.955534,30.980799,2.495500,31.200199,1.555000
1,1,51.988633,33.098403,2.674300,32.712502,1.718300
1,1,52.014258,25.625698,2.774600,25.873699,1.566100
1,1,52.046160,31.901501,3.142600,32.063099,1.494100
1,1,52.077366,31.205799,2.014300,31.063801,1.425300
1,1,52.109629,32.263599,2.257100,31.887501,1.632400
1,1,52.141008,31.378802,2.760100,31.614401,1.661000
1,1,52.173025,32.016996,3.417500,31.935400,2.062300
1,1,52.205135,32.109603,3.329200,31.991501,1.551700
1,1,52.237394,32.259699,2.802000,32.135601,1.800700
1,1,52.263517,26.122399,2.677300,26.552401,2.350500
1,1,52.293722,30.205499,2.935700,29.849701,1.810100
1,1,52.325153,31.431202,2.593400,31.593800,2.194600
1,1,52.356092,30.938499,2.593200,31.073200,1.741000
1,1,52.387549,31.456802,2.637000,31.179800,1.904900
1,1,52.413785,26.235901,2.792200,26.280399,2.414200
1,1,52.445114,31.328999,2.423600,31.299500,1.774800
1,1,52.477274,32.159999,2.697900,32.085602,1.786900
1,1,52.510203,32.929599,2.506700,33.052101,1.961700
1,1,52.541621,31.417500,2.576500,31.528999,1.920900
1,1,52.575417,33.796202,2.349800,33.276199,1.859200
1,1,52.607298,31.880900,3.017500,32.024601,1.815000
1,1,52.639870,32.571897,3.201100,33.019402,1.957700
1,1,52.672691,32.821700,2.312700,32.457901,1.866000
1,1,52.701110,28.419003,2.688900,28.578600,1.622800
1,1,52.730680,29.569898,3.468200,29.636200,2.152000
1,1,52.764501,33.821199,2.469000,33.624901,2.018100
1,1,52.796448,31.946901,2.480900,32.176998,2.043700
1,1,52.828784,32.335401,2.210400,32.095402,1.584700
1,1,52.861281,32.497399,2.461700,32.503899,1.552100
1,1,52.894109,32.828201,2.532800,32.579800,1.885400
1,1,52.925737,31.627502,2.735600,31.852301,1.901500
1,1,52.956099,30.361999,2.580900,30.508101,1.795300
1,1,52.987097,30.997999,2.367000,30.654400,1.580700
1,1,53.013885,26.787899,2.697700,26.991699,1.680600
1,1,53.045412,31.527001,2.302200,31.064800,1.487900
1,1,53.075600,30.188300,2.775400,30.589300,1.642200
1,1,53.108529,32.929100,2.365200,33.055302,1.657800
1,1,53.140456,31.926502,2.260100,31.853100,2.021700
1,1,53.174308,33.851899,2.481700,33.747002,1.865500
1,1,53.207810,33.502299,2.562000,33.537399,1.664500
1,1,53.237036,29.226299,2.412000,24.837099,2.076800
1,1,53.268390,31.353701,7.122200,35.448299,2.410600
1,1,53.297466,29.075999,2.843000,29.258699,2.067000
1,1,53.330020,32.554101,2.564000,32.373901,1.946000
1,1,53.363438,33.418499,2.621100,33.477600,1.767300
1,1,53.395121,31.682801,2.548100,31.545900,1.750600
1,1,53.429141,34.020200,2.804900,34.279400,1.926000
1,1,53.460913,31.771101,2.446500,31.657700,1.820300
1,1,53.492491,31.578898,2.527300,31.459299,2.002400
1,1,53.524188,31.696100,2.667300,31.853399,1.878600
1,1,53.555666,31.478502,2.735700,31.664700,1.836100
1,1,53.590030,34.364000,2.203500,34.048302,1.779900
1,1,53.621711,31.681299,2.983400,31.759701,2.130700
1,1,53.648872,27.160600,2.791500,27.175200,1.675900
1,1,53.687094,38.221501,2.623400,38.002998,1.966400
1,1,53.714072,26.978299,2.787300,27.063000,1.963100
1,1,53.746765,32.693099,2.665200,32.854198,1.742900
1,1,53.779463,32.698002,2.441400,32.457699,1.783900
1,1,53.811706,32.243498,2.921900,32.113602,2.201000
1,1,53.844280,32.573801,3.375000,32.888599,2.299200
1,1,53.876375,32.094501,2.467100,31.815201,2.192600
1,1,53.908354,31.979300,2.851500,32.114498,2.321000
1,1,53.939514,31.159900,3.788900,31.230900,1.845600
1,1,53.971268,31.754300,3.112700,31.468000,1.738800
1,1,54.000317,29.048998,2.934800,29.350800,1.587200
1,1,54.031446,31.129301,2.440400,31.455500,1.529100
1,1,54.059712,28.265700,2.138200,28.000000,1.419300
1,1,54.092960,33.247303,2.370100,33.208302,1.739900
1,1,54.126548,33.588197,2.588600,33.321602,2.023000
1,1,54.158976,32.427803,2.700400,32.773499,1.651800
1,1,54.192715,33.739597,2.333400,33.660301,2.040400
1,1,54.227346,34.631301,2.557400,34.565800,1.768800
1,1,54.258379,31.032402,2.864800,30.944099,1.832200
1,1,54.289017,30.638300,2.674800,30.845600,1.672200
1,1,54.321806,32.789297,2.500500,32.469501,1.968800
1,1,54.353841,32.035101,3.036800,32.473202,1.826200
1,1,54.388071,34.229700,2.138100,33.654999,1.875800
1,1,54.419769,31.698100,2.728800,32.005901,1.568400
1,1,54.447148,27.379002,2.408500,27.293600,1.695500
1,1,54.478403,31.254798,3.849300,31.383801,1.586900
1,1,54.510200,31.797100,2.354300,31.611401,1.896600
1,1,54.540179,29.978901,2.636500,30.006701,1.724200
1,1,54.572064,31.884499,2.754600,31.836100,2.155100
1,1,54.600674,28.609999,2.629500,28.903799,2.367600
1,1,54.629201,28.527401,2.482300,28.437401,1.907800
1,1,54.660558,31.357102,2.566400,31.159700,1.560200
1,1,54.692740,32.182198,2.494700,32.002102,1.890000
1,1,54.726166,33.425301,2.749400,32.941502,1.734000
1,1,54.753498,27.332500,5.122200,27.828199,2.581100
1,1,54.788766,35.268299,3.868700,35.277599,2.220600
1,1,54.815934,27.167600,2.738400,27.477800,2.027400
1,1,54.846402,30.467600,2.718500,30.204201,1.716900
1,1,54.878751,32.349102,2.868000,31.814199,1.941200
1,1,54.912160,33.409499,3.146700,33.223801,2.087900
1,1,54.944904,32.743700,3.494200,33.092098,2.289800
1,1,54.976701,31.797498,6.261400,32.300701,2.027800
1,1,55.011476,34.774203,2.567900,33.215801,2.456200
1,1,55.045002,33.526599,4.607100,34.166599,2.419700
1,1,55.078163,33.160999,3.533600,33.393799,2.353900
1,1,55.110849,32.685399,4.037500,32.418301,2.024100
1,1,55.144636,33.787701,4.575100,33.640900,2.205900
1,1,55.174373,29.736299,4.936000,30.667200,2.116900
1,1,55.206850,32.477502,2.806100,32.473499,2.285000
1,1,55.240727,33.877399,2.568300,33.899601,2.366900
1,1,55.273563,32.835402,3.112700,32.692600,2.029500
1,1,55.301783,28.219797,2.604400,26.965799,2.106100
1,1,55.334199,32.416403,5.868800,33.742199,2.313600
1,1,55.365477,31.278197,2.833300,31.162901,2.433700
1,1,55.402023,36.545601,2.784100,36.530102,2.434700
1,1,55.433395,31.372201,2.887000,30.830601,3.028000
1,1,55.464582,31.187199,3.517300,31.931299,2.187200
1,1,55.498235,33.652902,2.641800,32.551899,2.603200
1,1,55.528826,30.591000,3.622400,30.953600,2.555300
1,1,55.562029,33.202399,3.584500,33.279301,2.247300
1,1,55.606866,44.837102,4.136500,32.445999,2.509900
1,1,55.623639,16.773600,27.457500,20.273399,2.495600
1,1,55.654453,30.813597,13.374400,39.698101,2.856700
1,1,55.691234,36.781602,4.241900,35.556900,2.905800
1,1,55.723103,31.868100,5.076300,33.230400,2.562100
1,1,55.761058,37.955001,4.049900,36.691200,2.805800
1,1,55.794210,33.151999,5.986400,33.122501,4.176400
1,1,55.827017,32.807801,5.657300,33.007599,3.184400
1,1,55.855708,28.690897,4.820500,29.693300,2.765500
1,1,55.887466,31.758104,3.700500,32.151402,2.749900
1,1,55.917203,29.736299,4.134700,29.324900,2.720900
1,1,55.946060,28.857101,4.206500,29.099899,2.126600
1,1,55.978181,32.121398,2.800400,31.404900,2.204100
1,1,56.011315,33.133700,3.752100,33.712601,2.643900
1,1,56.042520,31.205401,3.412300,31.142401,2.124500
1,1,56.073529,31.008698,2.981600,30.848900,2.107700
1,1,56.104547,31.017601,3.813000,31.571301,2.179900
1,1,56.136879,32.332599,2.493800,32.160301,2.527600
1,1,56.170705,33.826202,2.782700,33.664299,2.701700
1,1,56.203957,33.251997,3.780000,33.130299,2.504500
1,1,56.238945,34.987301,2.999500,34.820499,2.240600
1,1,56.270760,31.815402,3.724400,32.141300,2.426300
1,1,56.305914,35.153698,2.840400,34.986698,2.230500
1,1,56.339761,33.846799,3.031300,33.703701,2.125100
1,1,56.381610,41.849602,3.427400,31.857500,2.519300
1,1,56.397976,16.366098,16.530500,21.757900,2.522100
1,1,56.433359,35.382401,8.805000,39.401402,4.582400
1,1,56.472993,39.634001,3.591400,31.490801,2.594000
1,1,56.496324,23.331601,17.519600,31.911800,1.982000
1,1,56.523904,27.579799,8.876500,27.821800,2.928200
1,1,56.556537,32.632697,2.968900,32.341999,2.255700
1,1,56.588163,31.626403,3.197000,31.850800,2.710100
1,1,56.621464,33.300899,3.653500,33.026299,2.485800
1,1,56.657140,35.675701,3.284300,34.199799,2.616200
1,1,56.689685,32.545697,5.522300,32.500500,2.982100
1,1,56.720601,30.915402,6.632300,31.819000,4.386300
1,1,56.753879,33.277698,5.684800,33.149899,3.512400
1,1,56.786215,32.336902,4.296800,33.149399,2.706500
1,1,56.820264,34.048900,3.472000,33.612701,3.523400
1,1,56.852605,32.340601,3.694500,32.765598,3.555400
1,1,56.886108,33.503197,2.987500,33.367199,2.216300
1,1,56.918768,32.660201,3.523800,32.441898,2.570500
1,1,56.953091,34.322202,3.507800,33.893902,3.008800
1,1,56.986026,32.935899,3.873000,33.410599,2.796700
1,1,57.020678,34.651201,3.288000,32.723099,2.389200
1,1,57.052629,31.950898,5.360700,33.290600,2.947400
1,1,57.085149,32.520302,4.475400,33.125099,2.680500
1,1,57.117756,32.607298,4.441600,32.046101,2.336000
1,1,57.150718,32.961700,3.737200,33.548801,2.429600
1,1,57.183300,32.581799,3.211300,32.778599,2.484700
1,1,57.217194,33.894200,3.188100,32.246700,1.998500
1,1,57.247858,30.664101,5.526700,32.460098,2.262300
1,1,57.280274,32.415900,3.214500,32.600899,2.137400
1,1,57.314676,34.402199,2.136200,33.264801,2.206700
1,1,57.347243,32.566402,3.863600,33.111000,2.273800
1,1,57.378383,31.140197,3.478200,31.187700,2.000700
1,1,57.404634,26.251003,3.341500,26.413500,2.291800
1,1,57.436471,31.836998,3.037400,31.285900,1.961500
1,1,57.467912,31.441800,3.220100,31.952499,1.856600
1,1,57.499518,31.605400,3.004200,31.866301,1.710900
1,1,57.532315,32.796800,2.268100,32.563900,1.918000
1,1,57.562896,30.581400,2.763900,30.763700,1.670400
1,1,57.594952,32.055698,2.383500,32.141399,1.862100
1,1,57.622216,27.264602,2.272200,26.794701,1.550400
1,1,57.652635,30.418698,2.477900,30.450701,1.752000
1,1,57.684373,31.737603,2.627300,31.741899,1.704600
1,1,57.716271,31.898398,2.505100,31.281799,1.839400
1,1,57.749128,32.857399,3.653900,33.021599,2.514900
1,1,57.777126,27.997401,3.872100,28.437000,2.268200
1,1,57.811455,34.329001,2.724000,34.473301,2.401800
1,1,57.838089,26.634000,2.387700,26.450199,1.979700
1,1,57.869963,31.874500,2.550100,32.080799,1.560400
1,1,57.902372,32.408699,2.200900,32.366501,1.796200
1,1,57.932605,30.232798,2.406300,30.216499,1.979700
1,1,57.965680,33.075001,2.544900,32.916302,1.957700
1,1,57.995613,29.933199,2.458600,30.122700,1.708300
1,1,58.021609,25.995903,2.181400,26.101700,1.686400
1,1,58.055241,33.632398,1.960100,33.463200,1.602300
1,1,58.087364,32.123100,2.138600,31.916100,1.855700
1,1,58.117188,29.823601,2.465500,30.088600,1.690500
1,1,58.149612,32.424100,2.278900,32.474201,2.785300
1,1,58.183162,33.549700,2.853500,33.322102,2.075000
1,1,58.218623,35.460901,2.173800,35.434502,1.823300
1,1,58.252554,33.931598,2.655900,33.658298,1.918900
1,1,58.284753,32.198500,2.561500,32.484600,1.773900
1,1,58.319200,34.446903,2.315600,34.313400,1.672800
1,1,58.356490,37.290100,2.492700,32.554699,1.892900
1,1,58.384560,28.070200,7.171300,32.480099,1.756300
1,1,58.417902,33.341698,3.085300,33.224300,1.684600
1,1,58.449883,31.981301,3.179600,32.356800,2.474300
1,1,58.483192,33.308499,2.646700,33.395199,1.559900
1,1,58.515179,31.987801,2.449600,31.979799,1.494000
1,1,58.549580,34.400199,2.517900,34.426399,1.578600
1,1,58.581509,31.929001,2.470800,31.688299,1.545300
1,1,58.612288,30.779801,2.604200,30.733400,1.556000
1,1,58.644825,32.536499,2.601200,32.664200,1.781800
1,1,58.677600,32.775499,2.439200,32.809101,1.777000
1,1,58.704783,27.182400,2.614700,27.342100,1.750900
1,1,58.737671,32.888301,2.239400,32.671001,1.706900
1,1,58.769225,31.554200,2.341200,31.116100,1.408800
1,1,58.801087,31.861298,2.786400,32.287800,1.818100
1,1,58.832503,31.416301,2.465900,31.542900,1.677400
1,1,58.867322,34.818903,2.304300,34.530800,1.717100
1,1,58.898983,31.661399,3.213900,31.805000,1.759600
1,1,58.929852,30.869100,2.378800,30.602200,1.756400
1,1,58.961959,32.107100,2.622700,32.306000,1.877400
1,1,58.996993,35.033900,2.469100,35.083599,1.719700
1,1,59.026033,29.039998,2.523100,28.540199,1.873000
1,1,59.058023,31.989701,2.847200,32.557301,2.004100
1,1,59.094378,36.354803,2.591600,35.960800,1.852400
1,1,59.121978,27.600396,2.720100,27.686899,1.646700
1,1,59.161191,39.213203,2.508900,39.425598,1.676500
1,1,59.189199,28.007697,2.313500,27.943701,1.961000
1,1,59.221400,32.200601,2.355200,32.031101,1.800400
1,1,59.254231,32.831702,2.478800,32.916599,1.679500
1,1,59.286518,32.286700,2.299900,31.268600,1.941100
1,1,59.319073,32.554597,3.716300,32.575199,1.831700
1,1,59.351955,32.882400,3.599000,32.814999,2.291000
1,1,59.385343,33.388302,4.524600,33.866901,2.542800
1,1,59.418185,32.841299,3.608000,32.644299,1.997000
1,1,59.451622,33.437103,3.514900,33.662998,1.965900
1,1,59.484896,33.273999,3.558500,33.713902,1.695000
1,1,59.518965,34.069199,2.713600,33.982800,1.786000
1,1,59.552089,33.124302,2.779000,33.117199,1.722800
1,1,59.585477,33.387698,2.529600,33.296799,2.033100
1,1,59.618335,32.858402,2.473000,32.404202,1.742700
1,1,59.651050,32.714598,3.282600,33.014099,2.648000
1,1,59.684031,32.981202,3.065400,33.393501,2.137100
1,1,59.715978,31.946700,2.865800,31.755501,1.609700
1,1,59.750360,34.382097,3.539700,34.479401,1.730000
1,1,59.781021,30.660700,2.797800,30.489599,1.849600
1,1,59.812434,31.413101,3.341400,31.733000,1.992800
1,1,59.843978,31.544100,2.221100,31.055000,1.657200
1,1,59.878522,34.544099,2.749200,34.718601,1.661400
1,1,59.910798,32.276101,2.469600,32.513500,1.495400
1,1,59.939858,29.060099,2.248400,29.088699,1.613900
1,1,59.971238,31.380299,2.299600,31.211100,2.152700
1,1,60.003452,32.213800,2.564000,32.454102,1.662400
1,1,60.037151,33.698801,2.153300,33.154900,1.514200
1,1,60.068933,31.782202,2.575300,31.345301,1.524900
1,1,60.101175,32.241900,3.016400,32.868801,1.477800
1,1,60.132545,31.369600,2.391000,31.102800,1.747500
1,1,60.163252,30.707698,2.946600,30.751801,1.852400
1,1,60.195013,31.760801,2.474000,31.877199,1.862400
1,1,60.221156,26.142698,2.506600,26.059900,1.441300
1,1,60.251578,30.421901,2.464400,30.635300,1.828500
1,1,60.283278,31.699799,2.357600,31.830400,1.799000
1,1,60.313173,29.895402,2.343700,29.919399,1.747400
1,1,60.345795,32.622300,2.297700,32.453300,1.775900
1,1,60.380364,34.568500,2.417700,33.445000,1.484400
1,1,60.410718,30.354399,3.391900,31.347900,1.610700
1,1,60.437262,26.544098,2.698300,26.771900,1.729200
1,1,60.469329,32.066301,2.292300,31.826401,1.868700
1,1,60.501063,31.734701,2.504600,31.719299,1.586300
1,1,60.534379,33.315901,2.557100,33.253899,1.731600
1,1,60.565811,31.432100,3.198600,31.341000,1.903200
1,1,60.596599,30.787699,2.715000,30.856899,1.828900
1,1,60.627038,30.439302,2.521700,30.497200,1.573100
1,1,60.653139,26.100900,2.574000,26.271099,1.435700
1,1,60.683444,30.304499,2.199500,30.226200,1.613600
1,1,60.716956,33.511899,2.486200,33.361599,1.823400
1,1,60.748065,31.109698,2.584200,31.106600,1.696700
1,1,60.778907,30.841202,2.492200,30.999100,1.564300
1,1,60.807057,28.150801,2.546800,28.060600,2.034300
1,1,60.835156,28.098699,2.356500,28.050800,1.724500
1,1,60.867328,32.171801,2.447000,32.168098,1.952300
1,1,60.898391,31.063098,2.653100,31.350201,2.158400
1,1,60.930374,31.983104,2.455500,31.886400,1.940700
1,1,60.962666,32.291699,2.175000,32.126499,1.778900
1,1,60.994464,31.797998,2.376300,31.827400,2.053800
1,1,61.020137,25.673501,2.326300,25.549601,1.547600
1,1,61.053069,32.932200,2.331000,33.036301,1.920300
1,1,61.085109,32.039300,2.237000,31.648001,1.816900
1,1,61.116268,31.159401,2.640500,31.499800,1.585400
1,1,61.148012,31.744000,2.274600,32.016300,1.898300
1,1,61.179611,31.598601,1.927900,31.394199,1.864100
1,1,61.211858,32.246798,2.371000,32.007401,1.793100
1,1,61.237182,25.324900,2.360700,25.561100,1.695200
1,1,61.268738,31.555701,2.143100,31.346800,1.562100
1,1,61.300406,31.667899,2.386600,31.738501,1.833200
1,1,61.333614,33.207502,2.367100,33.344299,1.553600
1,1,61.365907,32.293499,2.383700,31.888000,1.782300
1,1,61.396225,30.318201,2.782400,30.653000,1.600500
1,1,61.430520,34.295101,2.563400,34.027401,1.473700
1,1,61.462452,31.931598,2.471500,31.841801,1.989600
1,1,61.494779,32.326899,2.495300,32.498501,1.893200
1,1,61.521320,26.540902,2.304400,26.566099,1.509100
1,1,61.552578,31.257998,2.281300,31.224100,1.648200
1,1,61.584856,32.278001,2.438400,31.904699,1.485700
1,1,61.618450,33.594500,2.680400,33.517700,1.719200
1,1,61.650636,32.186002,3.012200,32.385399,1.955500
1,1,61.685410,34.773797,2.749200,34.127499,2.880800
1,1,61.717956,32.545701,4.182300,33.397999,2.418300
1,1,61.750183,32.227103,2.725000,31.998699,1.937500
1,1,61.782108,31.924799,2.778600,31.948000,1.817500
1,1,61.813416,31.308301,2.706000,31.594200,1.770600
1,1,61.847235,33.818897,2.346500,33.562401,1.940500
1,1,61.875126,27.891003,2.746700,28.011499,1.722900
1,1,61.907072,31.945698,2.661700,31.766199,1.589100
1,1,61.936566,29.494502,2.565200,29.661301,1.588200
1,1,61.969023,32.456901,2.455900,31.488501,1.943000
1,1,62.000414,31.391498,3.383300,32.279301,2.112400
1,1,62.032450,32.035999,2.628300,31.895399,2.152600
1,1,62.064935,32.484204,3.210500,32.705700,1.799300
1,1,62.096368,31.432897,2.439000,31.559601,1.556000
1,1,62.129235,32.867402,2.471800,32.523499,1.430200
1,1,62.160207,30.972298,2.700100,31.271400,1.989500
1,1,62.187441,27.233701,2.101000,27.077900,1.888000
1,1,62.219988,32.547101,2.226200,32.337799,1.677800
1,1,62.251579,31.591300,2.232900,31.465500,2.158100
1,1,62.284282,32.702498,2.716600,32.720501,2.060900
1,1,62.316298,32.016501,3.056300,31.452499,1.868500
1,1,62.347475,31.176101,3.776700,31.794399,1.648000
1,1,62.379177,31.702697,2.660900,31.540800,1.849300
1,1,62.411236,32.058500,3.179700,32.375900,1.692700
1,1,62.437510,26.274700,2.546200,26.287300,1.927600
1,1,62.470335,32.824103,2.643200,32.869400,1.652300
1,1,62.502451,32.116197,2.239300,31.887100,1.551300
1,1,62.535268,32.817401,2.473600,32.725201,1.949600
1,1,62.568118,32.849699,2.553600,32.853500,1.871100
1,1,62.601175,33.057302,2.917800,32.977501,2.054800
1,1,62.632776,31.600498,3.326800,31.551399,2.028000
1,1,62.666520,33.744201,3.007000,33.756401,1.820000
1,1,62.696921,30.401099,2.672300,30.452600,1.549300
1,1,62.729888,32.966901,2.732500,33.074200,2.018800
1,1,62.756687,26.798900,2.755100,26.804399,1.777300
1,1,62.786661,29.974699,3.153600,29.867100,1.442200
1,1,62.817721,31.059902,2.482500,31.153900,1.423200
1,1,62.849740,32.018401,2.584900,31.642500,1.931700
1,1,62.881447,31.707298,2.925900,32.201401,1.899800
1,1,62.912784,31.336900,2.634800,31.301300,1.626900
1,1,62.941339,28.555200,2.417700,28.660999,1.757700
1,1,62.970190,28.850403,2.449100,28.602900,1.830700
1,1,63.002407,32.217398,2.395000,32.206600,1.673000
1,1,63.034576,32.168899,3.009500,32.262100,1.638900
1,1,63.068843,34.267202,2.303800,33.970699,1.890200
1,1,63.100318,31.475198,2.712600,31.475000,1.712200
1,1,63.131478,31.159803,2.657400,31.426399,2.020100
1,1,63.160086,28.607599,2.392800,28.294100,1.972700
1,1,63.189368,29.282100,2.793200,29.385900,1.979700
1,1,63.221286,31.918600,2.518800,31.894899,1.731400
1,1,63.253308,32.021899,2.424700,32.138000,1.737400
1,1,63.286432,33.123501,2.171500,32.526402,2.168600
1,1,63.319022,32.590698,2.977500,32.669201,1.788500
1,1,63.350275,31.252202,2.870600,31.596201,2.033900
1,1,63.383495,33.220097,2.695300,33.135399,1.920000
1,1,63.413148,29.653702,3.043500,26.279800,2.389700
1,1,63.448092,34.944098,6.357800,38.562500,1.990300
1,1,63.480400,32.307100,2.526600,32.122101,1.810400
1,1,63.507326,26.926503,2.858700,26.700100,1.938000
1,1,63.535347,28.021298,2.791400,25.789600,1.768200
1,1,63.865621,330.273900,327.256592,30.096701,2.380700
1,1,63.881415,15.794002,8.664600,11.329000,3.685900
1,1,63.896500,15.084401,7.243200,11.329000,3.685900
1,1,63.913633,17.133199,3.463100,25.074200,3.174700
1,1,63.942662,29.028799,6.781600,31.188200,2.404300
1,1,63.969257,26.595201,3.791700,26.788601,2.346600
1,1,64.001273,32.015800,2.886400,32.092800,2.346200
1,1,64.031675,30.402400,2.525200,30.098900,1.973900
1,1,64.065283,33.607800,2.796500,33.688400,1.822100
1,1,64.096857,31.573799,2.753000,31.290800,2.213900
1,1,64.126886,30.029502,3.232200,30.532200,1.939300
1,1,64.158739,31.852700,2.814400,31.827600,2.028700
1,1,64.184491,25.751900,2.584500,25.502501,2.013300
1,1,64.215689,31.197701,2.687600,31.418600,1.803000
1,1,64.248285,32.596797,2.445800,32.464802,2.112100
1,1,64.279984,31.699002,2.597700,31.773399,2.108400
1,1,64.312443,32.459199,2.585200,32.494900,2.500200
1,1,64.347339,34.895800,2.898100,34.758499,2.130400
1,1,64.382080,34.740400,3.622100,34.510700,2.442200
1,1,64.414142,32.062501,3.595300,32.433102,2.110400
1,1,64.448504,34.361999,2.780100,33.854500,2.118500
1,1,64.481208,32.704301,3.230700,32.847401,2.145400
1,1,64.515049,33.840500,2.959000,33.799900,2.175900
1,1,64.546454,31.404998,2.905900,31.554501,2.211000
1,1,64.578425,31.971402,2.804500,32.049400,2.045900
1,1,64.609881,31.456098,2.704200,31.701700,2.042200
1,1,64.643282,33.400200,2.338600,33.401600,1.866200
1,1,64.672034,28.752200,2.325900,28.726000,1.948600
1,1,64.705786,33.752501,2.308400,33.630501,1.931900
1,1,64.737220,31.433500,2.465700,31.594299,1.875400
1,1,64.767994,30.773699,2.330000,30.245001,1.872000
1,1,64.798753,30.759599,2.731700,31.158701,1.780800
1,1,64.831370,32.616302,2.288500,32.330002,1.685500
1,1,64.862935,31.565797,2.646700,31.893900,1.867800
1,1,64.894277,31.341702,2.252300,31.125200,1.530800
1,1,64.925276,30.998800,2.524600,31.180700,1.654400
1,1,64.958359,33.082701,2.322400,33.164799,1.610000
1,1,64.992644,34.285501,2.211700,33.839600,1.539600
1,1,65.019423,26.778698,2.568500,27.255100,1.600800
1,1,65.050102,30.679800,2.112600,30.616600,1.466500
1,1,65.080652,30.549500,2.152600,30.283001,1.606200
1,1,65.113607,32.955501,2.406700,33.101299,1.583600
1,1,65.146149,32.541901,2.534900,32.285702,1.651200
1,1,65.177848,31.698499,2.505100,32.283600,1.519900
1,1,65.212890,35.041898,1.884000,34.279900,1.806400
1,1,65.243671,30.781001,3.117300,30.905701,1.887800
1,1,65.275349,31.677801,2.943800,31.875000,2.627200
1,1,65.308551,33.202101,2.564600,33.197201,1.589900
1,1,65.335831,27.280498,2.464300,27.173401,1.845600
1,1,65.369006,33.175100,2.549300,33.186501,1.841000
1,1,65.400810,31.803399,2.430100,31.966499,1.949900
1,1,65.432723,31.913500,2.338200,31.610901,2.494100
1,1,65.471188,38.464401,2.625600,32.759701,2.168000
1,1,65.499576,28.388899,8.492300,34.087799,2.872300
1,1,65.532185,32.609001,4.125500,31.753700,2.112700
1,1,65.562969,30.783102,4.475800,31.390499,2.343200
1,1,65.594206,31.237599,2.988900,31.092300,2.115000
1,1,65.626180,31.973500,4.222600,32.414700,2.098700
1,1,65.653345,27.165100,2.913700,26.731100,2.523600
1,1,65.685136,31.790800,3.459100,31.811399,2.134600
1,1,65.717602,32.466900,3.163500,32.605099,2.200700
1,1,65.749815,32.212801,3.196200,31.732901,2.138800
1,1,65.782652,32.836698,3.661200,32.936001,2.067500
1,1,65.815610,32.957602,3.546600,33.192699,2.491100
1,1,65.850004,34.394499,3.249400,34.196499,2.370500
1,1,65.883827,33.822801,3.367200,34.181702,2.317400
1,1,65.918522,34.695599,2.946000,34.448002,2.378400
1,1,65.950400,31.877398,3.044600,32.084202,1.855000
1,1,65.984039,33.638701,2.886200,33.865200,1.951800
1,1,66.015320,31.281002,2.485100,31.168699,1.738200
1,1,66.049777,34.456998,2.955000,34.373901,2.051600
1,1,66.082273,32.496400,3.095700,32.074600,2.206200
1,1,66.114596,32.322802,3.587000,32.630402,2.112700
1,1,66.146805,32.208897,3.524600,32.062500,2.379300
1,1,66.179341,32.536402,3.574900,32.655201,2.367900
1,1,66.209429,30.088101,3.241200,29.929199,2.139000
1,1,66.239210,29.780500,3.110600,30.025000,1.771100
1,1,66.268937,29.727798,2.624000,29.602200,1.776500
1,1,66.300539,31.601802,2.591800,31.804199,1.686000
1,1,66.332228,31.688299,2.328000,31.630199,1.684200
1,1,66.364520,32.292899,2.424300,31.900400,1.814600
1,1,66.397184,32.663502,2.929100,32.893200,2.011800
1,1,66.428500,31.316198,3.038300,31.617800,1.858800
1,1,66.461049,32.549299,2.388500,32.410702,1.717000
1,1,66.493377,32.327302,2.354800,32.113201,2.459000
1,1,66.520423,27.045999,2.803900,27.458200,1.502800
1,1,66.551095,30.672200,2.145900,30.612400,1.607700
1,1,66.583195,32.100301,2.208700,31.991800,1.532300
1,1,66.613619,30.423202,2.201700,30.307199,1.599900
1,1,66.647191,33.572197,3.035800,33.435001,1.915300
1,1,66.678418,31.226803,2.662000,31.613899,1.922200
1,1,66.710600,32.182097,2.230600,31.702900,1.603600
1,1,66.742853,32.253403,2.609800,32.410702,1.539000
1,1,66.774528,31.675499,2.793500,31.821199,1.817900
1,1,66.801275,26.746798,2.272300,26.752399,1.605800
1,1,66.833713,32.437902,2.419400,32.213902,1.477600
1,1,66.866189,32.475300,2.425400,32.683399,1.664100
1,1,66.898728,32.539099,2.293900,32.438000,1.595800
1,1,66.931204,32.476798,2.395500,32.230900,1.630900
1,1,66.964369,33.164904,2.749600,33.126598,1.690400
1,1,66.996913,32.543898,2.784700,32.673199,1.892100
1,1,67.030160,33.246901,2.822200,33.030800,2.223900
1,1,67.062595,32.434698,3.297900,32.577801,1.710800
1,1,67.094070,31.474803,2.804700,31.479700,1.668200
1,1,67.127324,33.254098,2.537500,33.480499,1.589500
1,1,67.161362,34.038801,2.402100,33.871601,1.612700
1,1,67.190880,29.517699,2.562500,29.358200,1.679200
1,1,67.226831,35.950702,2.790200,36.056099,2.267000
1,1,67.259006,32.174699,2.580700,32.379398,1.896100
1,1,67.292738,33.732899,2.397200,33.295700,1.734700
1,1,67.324947,32.208603,2.890600,32.359402,1.920200
1,1,67.352403,27.456000,2.684800,27.473000,1.691100
1,1,67.387525,35.122197,2.652300,35.431301,1.356200
1,1,67.420672,33.146802,2.130900,33.174999,1.913700
1,1,67.451912,31.239998,2.080700,30.800301,1.713800
1,1,67.483898,31.985801,2.605500,31.933201,1.703100
1,1,67.515978,32.079700,2.720800,32.390701,1.977500
1,1,67.548390,32.412399,2.429600,32.033001,1.921100
1,1,67.581872,33.481602,2.840700,33.393700,2.014100
1,1,67.613520,31.648502,3.154600,31.857901,2.006300
1,1,67.646247,32.726400,2.945000,32.648602,1.926400
1,1,67.678617,32.370899,3.094800,32.886398,2.113300
1,1,67.710834,32.216500,2.223500,31.691799,2.109600
1,1,67.743648,32.814000,3.215500,33.118900,1.593400
1,1,67.775716,32.068301,2.636300,31.920099,1.711900
1,1,67.804589,28.872699,2.544000,28.934900,1.806000
1,1,67.836694,32.105502,2.317800,32.154900,2.377800
1,1,67.867505,30.810498,2.510400,30.602400,1.483700
1,1,67.899819,32.314301,2.465600,32.391300,1.511800
1,1,67.931691,31.872101,2.286000,31.708500,1.445500
1,1,67.964959,33.267900,2.738400,32.882702,1.810000
1,1,67.997953,32.994200,3.265100,33.382000,1.972700
1,1,68.029677,31.723101,2.522000,31.800600,1.709600
1,1,68.061854,32.177899,2.585300,32.310501,1.827300
1,1,68.092846,30.991901,2.347600,30.868099,1.829800
1,1,68.118943,26.096299,2.649100,26.064600,1.580100
1,1,68.150273,31.330198,2.425400,31.159500,1.493300
1,1,68.182771,32.498199,2.526200,32.806900,1.480200
1,1,68.214819,32.048102,2.160800,31.637100,1.651900
1,1,68.246727,31.908099,2.439300,31.800900,1.680200
1,1,68.280879,34.151699,2.704200,34.268299,1.860900
1,1,68.312920,32.041200,3.214000,32.241699,2.024100
1,1,68.343665,30.745201,2.833200,30.606100,1.854100
1,1,68.375488,31.823102,2.999800,31.912500,1.817500
1,1,68.402693,27.204100,2.564600,27.262899,1.890700
1,1,68.435422,32.729998,2.330600,32.286999,1.770100
1,1,68.471964,36.541201,2.783000,32.462399,1.844100
1,1,68.501269,29.305600,6.945800,33.479500,1.769000
1,1,68.534101,32.831401,2.781100,32.940498,1.508600
1,1,68.566915,32.814197,2.518100,32.321201,1.761400
1,1,68.599040,32.124802,3.008000,32.241600,1.951400
1,1,68.631174,32.134000,3.040800,32.190300,2.125900
1,1,68.662192,31.018399,2.728200,31.689301,1.846500
1,1,68.694800,32.607999,1.942700,32.029800,1.770200
1,1,68.726028,31.227801,2.940100,31.668301,1.593700
1,1,68.752695,26.667200,3.290500,26.380400,1.878600
1,1,68.785952,33.256900,2.466400,33.159302,1.468100
1,1,68.817463,31.510700,2.388500,31.561300,1.445300
1,1,68.849128,31.665500,2.942300,31.566900,1.533600
1,1,68.882374,33.245999,2.541600,33.181900,1.864500
1,1,68.914636,32.261502,2.540500,32.148602,1.903300
1,1,68.946676,32.039899,2.827000,32.186100,2.058800
1,1,68.977918,31.242300,2.962000,31.388500,1.622100
1,1,69.006414,28.495602,2.730500,28.167000,2.445400
1,1,69.041434,35.020497,2.901800,35.347099,1.799100
1,1,69.068687,27.252700,2.323400,27.014700,1.503400
1,1,69.100072,31.385802,2.542600,31.476999,1.518300
1,1,69.132111,32.038901,2.434300,31.958799,1.760000
1,1,69.163772,31.660799,2.879400,31.624100,1.843200
1,1,69.198252,34.480199,2.560700,33.795502,2.219600
1,1,69.229838,31.585801,3.555400,32.437099,1.740900
1,1,69.261801,31.962998,2.779300,32.149300,1.883400
1,1,69.294265,32.464102,2.349300,32.231998,1.602400
1,1,69.326936,32.670997,2.756200,32.359901,1.732300
1,1,69.355228,28.292000,2.953800,28.796600,1.707300
1,1,69.392360,37.131403,2.125500,36.970798,1.614200
1,1,69.421339,28.979700,2.479700,29.096701,1.671100
1,1,69.451647,30.307300,2.315700,29.973700,1.730200
1,1,69.483998,32.351300,2.586100,32.544800,1.613600
1,1,69.516713,32.714698,2.320800,32.659901,2.015500
1,1,69.548475,31.761900,2.397700,31.837099,1.499500
1,1,69.581534,33.059802,2.542400,32.307598,2.012900
1,1,69.613192,31.657197,3.443100,32.120098,1.800800
1,1,69.643793,30.601002,2.892800,30.860001,1.835200
1,1,69.675368,31.575698,2.230000,31.625799,2.016500
1,1,69.702849,27.480301,2.274100,27.138500,1.904800
1,1,69.733154,30.305199,2.650600,30.244900,1.574000
1,1,69.764742,31.588502,2.582900,31.861700,1.430400
1,1,69.797008,32.265399,2.379000,31.950100,1.705300
1,1,69.829689,32.681402,2.716900,32.837799,1.853500
1,1,69.863419,33.729699,2.755800,33.654900,2.130000
1,1,69.895381,31.962000,2.633100,32.011101,2.171700
1,1,69.927864,32.483000,2.435200,32.561401,1.984500
1,1,69.959530,31.666100,2.712300,31.535900,1.788500
1,1,69.988234,28.704099,2.590500,29.021000,1.916600
1,1,70.018398,30.164000,2.163500,29.804501,1.650700
1,1,70.050380,31.982001,2.549200,31.927401,1.970500
1,1,70.082402,32.022100,2.718200,31.968500,1.946800
1,1,70.115597,33.195302,2.688900,33.123299,1.792400
1,1,70.148902,33.304900,2.956100,33.549400,1.692600
1,1,70.180470,31.567398,2.693800,31.554501,1.775800
1,1,70.214449,33.978999,2.674800,34.028301,2.258800
1,1,70.247885,33.436302,2.452100,33.365501,2.047500
1,1,70.279015,31.129900,2.793900,31.432899,1.899300
1,1,70.309904,30.889299,2.359200,30.276600,1.800200
1,1,70.335111,25.206599,2.744000,25.298100,1.579900
1,1,70.366465,31.354301,2.520100,31.702400,2.050800
1,1,70.398121,31.655502,2.142800,31.452700,1.561300
1,1,70.429982,31.861398,2.416200,31.706600,1.719600
1,1,70.461537,31.554502,2.547000,32.018799,1.545700
1,1,70.493738,32.201100,2.139200,31.682800,1.869300
1,1,70.523354,29.616598,2.804700,28.554501,1.920700
1,2,77.666528,32.901902,3.898700,33.682098,1.805700
1,2,77.700031,33.502799,3.260700,33.487301,1.563500
1,2,77.733452,33.420701,3.395200,33.659901,2.560800
1,2,77.765130,31.678602,3.187300,31.938101,1.951200
1,2,77.798633,33.502501,2.957800,33.503700,1.711400
1,2,77.832810,34.177098,3.037300,33.925301,1.866000
1,2,77.865901,33.091102,3.733500,33.445400,1.783200
1,2,77.902789,36.888197,2.671100,36.335400,1.879300
1,2,77.932907,30.118000,2.953300,30.631399,1.714400
1,2,77.966284,33.376601,2.327900,33.404301,1.665400
1,2,78.000396,34.111802,2.934900,33.965302,1.799100
1,2,78.033580,33.184398,2.837300,33.020100,1.917500
1,2,78.066404,32.824300,2.798000,32.611099,1.914900
1,2,78.099119,32.714900,3.654100,33.296700,1.893100
1,2,78.134433,35.313401,2.721300,34.711201,1.782700
1,2,78.166971,32.538000,3.159800,33.110100,1.925600
1,2,78.199260,32.289300,2.142300,32.076401,1.827600
1,2,78.232354,33.093698,2.599400,33.242901,1.922000
1,2,78.266580,34.226000,2.478500,33.619400,1.905300
1,2,78.301627,35.047900,3.296700,35.079601,1.936200
1,2,78.336335,34.707800,2.801100,35.263699,1.694000
1,2,78.369560,33.224601,2.113800,33.213200,1.346700
1,2,78.403921,34.361001,2.076900,34.377800,1.729900
1,2,78.437063,33.142000,2.433700,32.874802,1.675700
1,2,78.475355,38.291700,2.344500,38.338799,1.501200
1,2,78.511178,35.823498,2.331500,35.886799,1.744100
1,2,78.543909,32.731399,2.459700,32.518002,1.864100
1,2,78.577000,33.090003,2.452200,33.389198,1.468000
1,2,78.603801,26.801597,2.085200,26.603001,1.472100
1,2,78.638293,34.491800,2.319200,34.688400,1.394900
1,2,78.671604,33.311501,2.071200,33.117599,1.619800
1,2,78.702311,30.706402,2.403700,30.750799,1.487100
1,2,78.734825,32.514598,2.162200,32.100601,1.738900
1,2,78.766022,31.197000,2.667400,31.405600,1.723900
1,2,78.798242,32.219201,2.424400,32.314602,1.808100
1,2,78.831773,33.531599,2.455000,33.667900,1.813500
1,2,78.864172,32.399200,2.149300,32.043598,1.842400
1,2,78.895604,31.431999,2.737700,31.419001,1.701000
1,2,78.923840,28.235201,2.421500,28.172600,1.676200
1,2,78.954413,30.573100,2.821200,31.038099,1.894900
1,2,78.990189,35.776600,2.028300,35.485298,1.866100
1,2,79.020967,30.778099,2.384900,30.864500,1.759500
1,2,79.052107,31.139202,2.387300,31.025101,1.758300
1,2,79.087040,34.933500,2.306100,35.005402,1.906200
1,2,79.119566,32.525897,2.789800,32.462502,1.705600
1,2,79.153621,34.054603,2.225300,33.835098,1.734000
1,2,79.187283,33.662498,2.727300,33.814701,1.710300
1,2,79.226876,39.592899,2.341700,39.902199,1.728900
1,2,79.256011,29.135499,1.986400,28.729000,1.767400
1,2,79.286971,30.960001,2.523400,31.050200,2.158400
1,2,79.317388,30.416802,2.326500,30.012501,1.554000
1,2,79.351912,34.523699,2.706600,34.781898,1.698000
1,2,79.386029,34.117199,2.422200,34.115002,1.812100
1,2,79.417724,31.694800,2.376400,32.013302,1.690600
1,2,79.451909,34.185201,2.097400,33.952400,1.755700
1,2,79.486352,34.443300,2.270200,34.433998,1.966600
1,2,79.520241,33.888899,2.252600,33.822498,1.799300
1,2,79.555018,34.776300,2.384300,34.942501,1.889900
1,2,79.594589,39.571099,2.295600,39.541599,1.974800
1,2,79.628564,33.974800,2.317400,33.911900,1.849300
1,2,79.660886,32.322802,2.415000,32.167000,1.747800
1,2,79.694737,33.850599,2.671000,33.752499,1.833000
1,2,79.727323,32.585602,2.838700,32.639500,1.792300
1,2,79.759875,32.552797,2.527900,32.645199,1.943500
1,2,79.791538,31.662401,2.632600,31.258600,1.766500
1,2,79.820054,28.516099,2.977200,28.848400,1.625400
1,2,79.852422,32.367703,2.522700,32.676300,1.837000
1,2,79.884620,32.198697,2.019700,32.254002,2.328200
1,2,79.916926,32.305803,2.171000,31.907900,1.338200
1,2,79.951290,34.363598,2.386000,34.360298,1.507000
1,2,79.985661,34.371499,2.473100,34.316399,1.837600
1,2,80.017051,31.390302,3.365300,31.498800,1.703900
1,2,80.049656,32.604799,2.476300,32.228600,1.682000
1,2,80.083906,34.249801,3.412000,34.145199,2.008300
1,2,80.117059,33.153299,3.330800,33.471100,1.854200
1,2,80.150640,33.580501,2.870100,33.518501,1.897000
1,2,80.183696,33.055998,2.887000,33.118801,2.372400
1,2,80.217891,34.195501,2.726900,34.274399,1.817300
1,2,80.251132,33.240400,2.478200,33.062801,1.954500
1,2,80.284316,33.183999,2.692400,32.445801,1.999200
1,2,80.317323,33.007301,3.262600,33.865002,2.023900
1,2,80.349398,32.075100,2.332400,32.199100,2.007100
1,2,80.383432,34.034200,2.474200,33.351501,1.927700
1,2,80.414871,31.438101,3.336500,32.025101,2.055700
1,2,80.447549,32.678798,2.575900,32.367298,2.099000
1,2,80.481601,34.051299,3.280900,34.168800,1.972700
1,2,80.516349,34.748800,2.891900,34.754200,2.020300
1,2,80.549794,33.444900,2.745900,33.045101,1.826600
1,2,80.581703,31.908602,3.200400,32.145302,1.846300
1,2,80.612926,31.223301,2.546300,31.575800,1.864100
1,2,80.646663,33.736698,2.449300,28.641001,2.008200
1,2,80.675539,28.875701,7.519900,32.976200,1.826800
1,2,80.711893,36.354799,3.672500,36.591599,1.809600
1,2,80.746194,34.300201,2.917900,34.942699,2.014800
1,2,80.781517,35.323001,2.457000,35.116100,1.917700
1,2,80.813291,31.774897,2.787600,31.897301,2.120200
1,2,80.846300,33.008702,2.668800,32.204102,1.635000
1,2,80.877963,31.662598,3.338900,32.507401,1.772700
1,2,80.909838,31.875201,2.410400,31.864300,1.961700
1,2,80.944445,34.607399,2.378000,34.233200,1.901500
1,2,80.978331,33.885401,2.744300,33.856499,1.597500
1,2,81.004337,26.006199,2.817100,26.522800,1.506100
1,2,81.036245,31.908203,2.149600,31.751699,1.673400
1,2,81.069776,33.530597,2.288900,33.016998,1.783500
1,2,81.101798,32.022700,2.738100,31.935801,1.457000
1,2,81.135468,33.669401,2.839100,33.982300,1.855400
1,2,81.167030,31.562399,2.579200,31.136700,2.096200
1,2,81.200563,33.532802,3.247900,33.528000,2.004500
1,2,81.233053,32.489900,2.977500,32.980598,1.704500
1,2,81.265408,32.354701,2.633800,32.218899,1.766300
1,2,81.299430,34.022000,2.589200,34.117401,1.961600
1,2,81.332852,33.422798,3.072000,33.368599,2.034300
1,2,81.364861,32.008901,2.832700,32.111801,1.981800
1,2,81.397190,32.328699,2.598400,32.184700,1.811600
1,2,81.429174,31.983502,2.713900,32.015301,2.296300
1,2,81.456033,26.859600,2.712000,26.698099,2.213200
1,2,81.492098,36.064800,2.789600,35.854599,2.311700
1,2,81.521331,29.232800,2.871100,29.643400,2.056300
1,2,81.555670,34.338899,2.476600,34.060600,1.966200
1,2,81.594148,38.478501,2.796000,38.782902,2.031600
1,2,81.625832,31.683598,2.657800,31.551600,2.344300
1,2,81.655401,29.568903,2.761500,29.557899,2.367600
1,2,81.689359,33.957899,2.651200,33.945999,2.422300
1,2,81.728786,39.427899,2.769900,39.246601,2.165700
1,2,81.761145,32.358199,3.165000,32.510101,2.824900
1,2,81.788100,26.955102,2.997000,26.949100,2.224000
1,2,81.821881,33.780701,2.970600,33.525200,2.986000
1,2,81.855095,33.214297,3.233600,33.465099,1.920000
1,2,81.889809,34.714002,2.496300,34.271702,2.043600
1,2,81.921232,31.423099,2.930400,31.695400,2.186300
1,2,81.952467,31.234998,2.603400,31.191900,1.961000
1,2,81.983909,31.442001,2.855900,31.373600,2.109400
1,2,82.018171,34.262098,3.230300,33.894001,2.283600
1,2,82.050221,32.050103,3.474700,32.398602,2.114800
1,2,82.084338,34.116998,3.189300,33.587898,2.324000
1,2,82.115771,31.432800,3.808800,31.978800,1.960400
1,2,82.149573,33.801898,3.064300,33.926201,2.205300
1,2,82.183682,34.109402,3.061500,33.993900,2.110000
1,2,82.217048,33.366300,2.992300,33.318699,2.143500
1,2,82.251074,34.025699,2.944100,34.041901,2.249400
1,2,82.284928,33.854000,2.731500,33.619598,2.365400
1,2,82.318018,33.090301,3.047300,33.374298,1.969700
1,2,82.350814,32.795198,2.742700,32.353699,1.891900
1,2,82.382696,31.882301,2.865600,31.981001,1.913900
1,2,82.416169,33.472799,2.820400,33.713501,2.011100
1,2,82.448390,32.221500,2.697000,32.488098,1.750800
1,2,82.481818,33.428002,2.228900,33.018002,1.743700
1,2,82.515500,33.681501,2.959500,33.905300,1.695900
1,2,82.547099,31.599499,2.679700,31.779100,2.258300
1,2,82.579409,32.309998,2.750600,32.238098,1.785800
1,2,82.611636,32.226902,2.070000,32.143101,1.582700
1,2,82.641873,30.236799,2.590600,29.944901,2.111100
1,2,82.679228,37.355002,2.639700,36.930099,1.621400
1,2,82.714501,35.272997,3.185600,35.783100,1.436600
1,2,82.745527,31.025503,2.504800,31.240801,1.835500
1,2,82.778162,32.635298,2.198700,32.583099,2.067200
1,2,82.804990,26.828602,2.220000,26.648800,1.646500
1,2,82.838306,33.315498,2.372900,33.449501,1.754300
1,2,82.871178,32.872301,2.071600,32.545799,1.863000
1,2,82.904337,33.159200,2.430600,33.435501,1.968000
1,2,82.939433,35.095599,2.134300,35.307499,1.815700
1,2,82.973108,33.675000,2.476100,33.322601,1.740400
1,2,83.006832,33.723902,2.428900,33.807499,1.535600
1,2,83.039575,32.743201,2.415100,32.617500,1.755200
1,2,83.079588,40.012799,2.471900,39.611900,1.518400
1,2,83.111178,31.589899,2.742900,32.098000,1.588800
1,2,83.145225,34.047499,2.292400,33.795300,1.790900
1,2,83.178797,33.571400,2.900400,33.742001,1.769600
1,2,83.211655,32.857902,2.808900,32.711899,1.826500
1,2,83.246826,35.171900,2.690100,35.183300,2.138800
1,2,83.279908,33.081397,2.632900,33.237202,2.173200
1,2,83.311438,31.530503,2.627600,31.326200,1.679500
1,2,83.337212,25.773898,2.829400,25.707500,1.614800
1,2,83.370743,33.531100,2.767700,33.824902,1.681600
1,2,83.406049,35.305601,2.448300,35.155300,1.473200
1,2,83.435834,29.785000,2.436900,29.797501,1.659600
1,2,83.469052,33.218101,2.501700,33.151699,1.699200
1,2,83.501301,32.249000,2.588400,32.054100,1.590700
1,2,83.534044,32.743301,2.628300,33.213699,1.828400
1,2,83.567324,33.280000,2.190400,33.264500,1.650900
1,2,83.600902,33.577699,2.135400,32.979698,1.640800
1,2,83.639337,38.435400,2.788500,38.856998,1.565600
1,2,83.672737,33.399999,2.335100,33.285000,1.711600
1,2,83.706607,33.869199,2.588800,33.765499,1.810700
1,2,83.738643,32.035902,2.552800,32.331501,1.702300
1,2,83.778300,39.657898,2.498100,39.527901,1.494500
1,2,83.811061,32.760601,2.558700,32.577000,1.488500
1,2,83.842358,31.297199,2.506400,30.574699,1.864300
1,2,83.877288,34.930099,3.254400,35.716801,2.080900
1,2,83.905669,28.380502,2.376100,28.537001,1.523600
1,2,83.944782,39.113298,2.163300,39.116199,1.560100
1,2,83.978487,33.705000,2.211700,33.626499,1.861900
1,2,84.011174,32.687202,2.336700,32.791500,1.482100
1,2,84.045619,34.444999,2.199200,34.255901,1.921600
1,2,84.079066,33.446901,2.305800,33.568199,1.706400
1,2,84.112346,33.279501,2.138100,32.792400,1.467800
1,2,84.146203,33.857398,2.677400,34.270500,1.743600
1,2,84.178343,32.139402,2.361400,31.987101,1.908000
1,2,84.212819,34.476701,2.553800,34.545700,1.570300
1,2,84.241257,28.437398,2.444300,28.501900,1.691100
1,2,84.273519,32.262001,2.380300,32.126400,1.776100
1,2,84.303848,30.329298,2.331300,30.541300,2.112000
1,2,84.336437,32.589301,2.122200,32.043098,1.786600
1,2,84.370142,33.704799,2.733200,33.964001,2.245800
1,2,84.402778,32.636002,2.495200,31.966600,1.684700
1,2,84.433759,30.980598,3.278000,31.466101,2.270200
1,2,84.466539,32.780200,3.035400,33.035500,1.731600
1,2,84.501576,35.037402,3.168500,34.988998,1.833200
1,2,84.535251,33.674300,2.574400,33.577099,1.904800
1,2,84.568612,33.361398,2.466400,33.536098,1.593700
1,2,84.601782,33.170100,2.375400,33.092400,1.599100
1,2,84.634856,33.074200,2.308700,32.684799,1.863300
1,2,84.668099,33.242900,2.657600,33.293598,1.771000
1,2,84.701544,33.444401,2.762000,33.806999,1.974500
1,2,84.734196,32.652799,2.382000,32.413502,1.524600
1,2,84.767451,33.254899,2.493300,32.847198,1.639300
1,2,84.800674,33.222403,2.952900,33.556801,1.829700
1,2,84.834103,33.429697,2.622700,33.399700,2.138300
1,2,84.865560,31.456802,2.689100,31.109900,1.783300
1,2,84.898530,32.969899,2.810100,33.212502,1.811800
1,2,84.929695,31.164501,3.347600,31.393200,1.760700
1,2,84.960189,30.493997,2.701500,30.733200,1.573100
1,2,84.987338,27.149901,2.564700,27.027700,1.459200
1,2,85.019239,31.900801,2.351300,32.020901,1.427600
1,2,85.052660,33.420399,2.082800,32.507401,1.567000
1,2,85.086578,33.918202,3.021800,33.579700,1.682800
1,2,85.120060,33.482499,3.333100,34.475899,1.836000
1,2,85.153045,32.984700,2.356900,32.949100,1.578100
1,2,85.185149,32.103699,2.325200,32.155399,1.702800
1,2,85.219672,34.523699,2.259500,34.483200,1.596300
1,2,85.251826,32.153603,2.432000,32.023899,1.664500
1,2,85.283896,32.069400,2.344900,32.210899,1.464800
1,2,85.317743,33.847500,2.602900,33.857201,1.715500
1,2,85.350017,32.273799,2.812000,32.142399,1.439600
1,2,85.383666,33.649601,2.403500,33.754002,1.779400
1,2,85.416038,32.371897,2.559200,32.067699,1.586700
1,2,85.447154,31.116202,2.627600,31.607100,1.816000
1,2,85.479825,32.670800,2.011400,32.581600,1.411900
1,2,85.512270,32.444499,2.338300,31.895800,1.409700
1,2,85.545676,33.406299,2.822900,33.572102,1.586300
1,2,85.578127,32.451302,2.418100,32.443802,1.563000
1,2,85.607572,29.445101,2.406700,29.463800,1.695400
1,2,85.644851,37.278999,2.332100,36.830601,1.642200
1,2,85.672122,27.270701,2.837000,27.955299,1.779300
1,2,85.710677,38.555201,2.325700,35.268101,1.591700
1,2,85.744570,33.892401,5.462500,36.790901,1.898400
1,2,85.779265,34.695297,2.671400,34.736301,1.625200
1,2,85.806083,26.817899,2.818500,26.862600,2.467100
1,2,85.844335,38.252402,2.567200,38.356098,1.759300
1,2,85.871568,27.233001,2.561600,27.413500,1.693300
1,2,85.904892,33.323400,2.145400,33.198502,1.915900
1,2,85.940283,35.391398,2.267100,35.428902,1.836700
1,2,85.976591,36.307503,2.180500,36.132198,1.791600
1,2,86.004156,27.565498,2.441500,27.681999,1.932200
1,2,86.044751,40.594500,2.209100,40.312599,1.658000
1,2,86.077735,32.984801,2.558800,33.450699,1.702800
1,2,86.109858,32.122601,2.002900,32.031502,1.328100
1,2,86.136895,27.036898,2.087000,27.079700,1.403200
1,2,86.171298,34.403201,1.964800,33.946800,1.795600
1,2,86.203009,31.710900,2.504500,31.654400,1.784700
1,2,86.236717,33.707701,2.524400,34.018200,1.861600
1,2,86.267855,31.137701,2.229000,30.671801,1.629700
1,2,86.297101,29.246997,2.715400,29.763500,2.045500
1,2,86.324111,27.009003,2.343900,26.331100,2.830800
1,2,86.352947,28.836999,3.506600,27.922501,2.697600
1,2,86.381004,28.056301,4.040300,28.914900,2.329900
1,2,86.408972,27.967997,3.112300,27.218500,2.989500
1,2,86.436873,27.900901,4.158700,28.923700,2.815300
1,2,86.464402,27.529702,3.072400,27.372000,2.349200
1,2,86.492481,28.078500,3.126500,28.160200,2.502300
1,2,86.520175,27.694400,2.886600,27.718800,2.445700
1,2,86.549199,29.023297,2.782700,28.839001,2.050000
1,2,86.576415,27.216401,3.317800,27.467501,2.053400
1,2,86.605325,28.910000,2.684500,28.985600,2.202000
1,2,86.632866,27.540602,2.566500,27.278400,1.878400
1,2,86.660114,27.248599,2.771000,27.320900,2.323400
1,2,86.688669,28.554901,2.950200,28.728901,2.020300
1,2,86.717217,28.547898,2.750700,28.281200,2.346600
1,2,86.745849,28.631702,3.088000,28.444700,2.428500
1,2,86.772749,26.900500,2.935300,27.053801,2.514100
1,2,86.807664,34.915097,2.765200,34.291000,2.170000
1,2,87.061864,254.199203,4.005300,253.897995,5.050500
1,2,87.088304,26.440497,5.173500,27.102200,1.969800
1,2,87.118023,29.719401,3.443000,29.827499,8.334400
1,2,87.145917,27.893700,3.526900,27.902800,2.086200
1,2,87.177117,31.200301,3.489500,31.329901,2.204100
1,2,87.207343,30.225698,3.384600,29.748800,2.372100
1,2,87.234389,27.045600,4.256700,27.494200,2.509100
1,2,87.263337,28.948203,3.158000,28.519600,2.184200
1,2,87.291713,28.376598,3.120500,28.994699,2.257100
1,2,87.319728,28.014500,2.523200,26.999599,1.818300
1,2,87.349547,29.819202,4.097700,30.801001,2.473500
1,2,87.377212,27.665198,2.566600,27.766001,1.949100
1,2,87.404350,27.137600,2.312000,27.149599,1.900100
1,2,87.433840,29.490203,2.331900,28.803600,1.911100
1,2,87.461002,27.162097,2.932800,27.632299,2.111700
1,2,87.488410,27.407300,2.503800,27.496099,3.172000
1,2,87.517333,28.923202,2.847000,28.740900,1.948200
1,2,87.544606,27.273498,2.636300,27.072901,1.956900
1,2,87.573903,29.296599,2.870400,29.324301,2.027600
1,2,87.601104,27.201500,2.784500,27.403799,1.831900
1,2,87.628539,27.434502,2.721200,27.321600,2.325700
1,2,87.658843,30.303899,3.026900,29.863501,2.319400
1,2,87.686513,27.669802,3.035900,27.854500,1.952800
1,2,87.715306,28.793897,3.512400,28.531900,2.270500
1,2,87.745205,29.898901,3.982000,30.687500,2.562800
1,2,87.774355,29.149499,2.583400,28.164000,2.144300
1,2,87.801133,26.778400,3.493400,27.092501,2.117500
1,2,87.828319,27.185600,2.988800,27.434401,2.018200
1,2,87.858172,29.853303,3.134400,29.595100,1.948300
1,2,87.886191,28.019000,2.868800,28.216801,1.721600
1,2,87.912678,26.486300,2.570400,26.364000,1.710100
1,2,87.939938,27.260199,2.650600,27.155800,1.902100
1,2,87.968930,28.992601,2.779500,29.346001,2.095900
1,2,87.996185,27.254798,2.514900,27.291599,1.876900
1,2,88.024162,27.977303,2.373700,27.373100,1.727200
1,2,88.051650,27.488098,3.005500,27.802500,1.826100
1,2,88.080133,28.482802,3.216100,28.357201,2.073000
1,2,88.107064,26.930697,2.821300,27.054501,1.788900
1,2,88.133980,26.916500,2.920600,27.049101,1.783400
1,2,88.161018,27.037602,2.484400,27.265600,1.553100
1,2,88.190374,29.355999,2.309500,28.766899,1.965900
1,2,88.216968,26.594002,2.817800,26.887800,2.162100
1,2,88.246264,29.295698,2.721800,29.275900,1.944800
1,2,88.273631,27.367301,3.010500,27.473101,1.682000
1,2,88.301841,28.209701,2.409800,27.790701,1.746800
1,2,88.331329,29.488299,2.872800,29.327101,2.066200
1,2,88.357686,26.356701,3.213600,26.479799,2.618200
1,2,88.384748,27.062200,3.033900,27.213900,1.815900
1,2,88.412197,27.448699,2.735900,27.350500,1.950900
1,2,88.439449,27.252201,2.859000,27.346300,2.188400
1,2,88.467521,28.072197,2.777000,27.865101,2.133900
1,2,88.496404,28.882403,3.028600,29.122499,1.976700
1,2,88.524073,27.669899,2.821600,27.445999,2.178200
1,2,88.554114,30.040998,2.941400,30.127899,2.426700
1,2,88.582287,28.172601,3.060000,27.939400,2.503300
1,2,88.609091,26.804302,3.622500,27.013000,2.487000
1,2,88.636329,27.237300,2.965200,27.228001,2.279900
1,2,88.664451,28.122697,3.111400,28.227600,2.381200
1,2,88.693851,29.400103,3.268800,29.169701,2.759300
1,2,88.722167,28.315999,3.399300,28.349800,2.654500
1,2,88.752835,30.668002,3.510500,30.269300,2.248500
1,2,88.783359,30.523300,3.876500,28.143000,4.029300
1,2,88.809180,25.820900,6.198600,28.535101,4.579800
1,2,88.836922,27.742200,4.294900,27.377199,3.706100
1,2,88.865360,28.437898,3.896300,27.961000,2.608600
1,2,88.894598,29.238202,4.569500,29.827400,3.167500
1,2,88.920991,26.393499,3.402400,25.959101,4.252400
1,2,88.947098,26.106600,3.856700,26.127399,2.778900
1,2,88.975921,28.822802,4.447800,29.339701,2.798500
1,2,89.004517,28.596699,4.584000,28.468901,2.829000
1,2,89.033216,28.698899,3.554500,27.640100,2.606400
1,2,89.059335,26.118901,5.653900,27.207100,2.656900
1,2,89.088563,29.227301,3.699300,29.131001,2.596700
1,2,89.116055,27.492799,3.760700,26.567699,3.067800
1,2,89.141879,25.823601,4.611100,26.827299,2.717000
1,2,89.170213,28.334200,2.860200,28.423599,2.758200
1,2,89.198415,28.202098,3.420800,27.745399,2.780300
1,2,89.225280,26.864700,3.909400,26.763399,2.488800
1,2,89.255499,30.219100,3.856800,29.679300,2.581900
1,2,89.281833,26.334301,5.041600,27.114799,2.725300
1,2,89.308642,26.808701,3.225200,26.945999,2.619200
1,2,89.337639,28.997298,3.315300,28.505400,2.349900
1,2,89.363906,26.266400,4.273700,26.466700,2.719500
1,2,89.392842,28.936502,4.017800,28.688101,2.921500
1,2,89.421737,28.894600,4.158400,28.657900,2.665900
1,2,89.450804,29.067498,5.645800,29.552099,3.174600
1,2,89.477527,26.722401,3.598400,26.632000,2.726700
1,2,89.506193,28.665800,3.490000,29.006701,2.417800
1,2,89.533285,27.092502,3.229800,27.076300,2.342600
1,2,89.560296,27.011398,3.232400,27.089701,2.450600
1,2,89.588914,28.617501,2.849200,27.649500,2.179000
1,2,89.614721,25.806900,4.117500,26.653299,2.406400
1,2,89.641146,26.424699,4.430300,26.135000,2.878400
1,2,89.667523,26.377901,3.198900,26.980900,2.283500
1,2,89.695084,27.560499,3.372500,27.181400,2.036500
1,2,89.723378,28.294303,2.751900,28.294001,2.350700
1,2,89.751803,28.424200,2.830400,28.450899,2.141700
1,2,89.778262,26.459400,2.968000,26.533501,2.335500
1,2,89.805589,27.326997,2.780900,27.440201,2.503100
1,2,89.833526,27.936701,2.473800,27.933100,2.140400
1,2,89.861048,27.522001,2.402900,27.333099,1.863100
1,2,89.890756,29.708698,2.527100,29.221701,1.882500
1,2,89.917172,26.415300,3.266800,26.686399,2.680500
1,2,89.943980,26.808102,4.612300,27.063200,2.179400
1,2,89.971109,27.129602,2.625000,26.843700,2.556000
1,2,90.006243,35.134196,3.134900,27.806999,1.975600
1,2,90.028220,21.976400,23.243099,28.293900,2.586200
1,2,90.056189,27.969502,12.523900,28.504000,2.964200
1,2,90.085285,29.095601,6.679200,27.795601,3.061300
1,2,90.110774,25.488798,7.470000,27.181999,2.766300
1,2,90.137775,27.001102,7.986200,27.047001,2.728300
1,2,90.164211,26.436299,8.031900,26.349100,3.447700
1,2,90.193033,28.822102,5.440500,28.720800,2.943500
1,2,90.220068,27.034599,7.770900,27.288900,2.720200
1,2,90.249396,29.328201,5.268900,28.701000,2.835400
1,2,90.276981,27.585398,4.387900,28.040899,3.030900
1,2,90.304509,27.527802,3.727100,26.774599,2.456500
1,2,90.330229,25.719997,4.297600,26.338499,3.241200
1,2,90.360365,30.135300,4.787500,29.378799,2.751100
1,2,90.388217,27.852502,4.946200,28.749399,2.654700
1,2,90.459545,71.327701,3.318600,27.054899,2.864900
1,2,90.476016,16.471598,49.892502,11.485700,3.138500
1,2,90.491772,15.755799,9.015200,11.485700,3.138500
1,2,90.509062,17.290201,4.924400,24.473200,2.665000
1,2,90.529489,20.426400,5.733300,26.722401,2.852100
1,2,90.558359,28.870501,3.388600,27.525801,3.151600
1,2,90.586064,27.704399,6.381200,28.626801,3.054500
1,2,90.615946,29.882401,5.596600,30.063299,2.442100
1,2,90.645106,29.159699,4.034100,28.479099,2.633100
1,2,90.672635,27.529500,5.207200,28.438700,3.123700
1,2,90.699873,27.237799,4.008200,27.199301,2.277700
1,2,90.729706,29.833402,3.347100,29.695700,2.567800
1,2,90.756516,26.809201,3.755500,26.843399,2.693100
1,2,90.795440,38.924500,4.086500,31.587099,2.385300
1,2,90.819643,24.202798,11.402500,31.464001,2.580900
1,2,90.848012,28.369199,4.185800,26.881201,2.978300
1,2,90.877958,29.945500,6.550800,31.036501,2.684600
1,2,90.909294,31.336501,5.265700,31.108801,2.956000
1,2,90.939840,30.545399,4.493700,29.375900,2.656500
1,2,90.968410,28.570201,5.124200,28.637501,2.598400
1,2,90.998065,29.655199,5.236100,31.149200,3.022300
1,2,91.028971,30.905999,4.069000,30.292000,2.454700
1,2,91.057406,28.434902,4.555600,28.731300,2.896200
1,2,91.089096,31.689700,5.836700,30.651501,3.264100
1,2,91.120703,31.607199,5.609200,32.999298,2.886400
1,2,91.147937,27.233899,4.174300,25.434401,2.596700
1,2,91.179136,31.198900,6.017200,32.394600,3.403800
1,2,91.210787,31.651001,5.484500,32.112999,2.883700
1,2,91.251339,40.551998,4.632900,38.965199,2.945300
1,2,91.286274,34.935802,4.554900,34.317200,3.254900
1,2,91.317010,30.735601,5.457700,30.103800,2.874500
1,2,91.344142,27.131900,8.006800,29.233299,2.770800
1,2,91.375428,31.285699,4.493500,30.233700,2.293500
1,2,91.402052,26.623998,4.746100,27.042601,2.565800
1,2,91.433417,31.365201,4.235400,31.433399,2.405300
1,2,91.461056,27.639400,4.390000,27.344700,2.504100
1,2,91.492546,31.489301,5.588200,31.838301,2.607700
1,2,91.522622,30.076798,5.531300,30.096399,3.080000
1,2,91.552680,30.057799,3.820300,29.602699,2.934800
1,2,91.582590,29.909901,4.135500,29.717300,2.862000
1,2,91.619057,36.467299,4.676900,29.811501,2.803400
1,2,91.643067,24.009403,10.062500,30.004200,3.111500
1,2,91.672356,29.289499,6.041300,30.026400,2.997100
1,2,91.697019,24.662599,4.846500,24.127899,2.720300
1,2,91.725948,28.929099,5.136400,28.846500,2.645700
1,2,91.755160,29.211801,5.988300,29.049700,3.223300
1,2,91.780372,25.211900,4.888300,26.313400,2.735800
1,2,91.807616,27.244098,5.173300,27.469101,2.741500
1,2,91.835827,28.211500,3.854000,28.118401,3.436900
1,2,91.860957,25.129501,4.008700,24.948900,2.897500
1,2,91.890202,29.245101,4.821800,29.646400,2.700700
1,2,91.917351,27.148899,3.472100,26.481701,3.499200
1,2,91.943606,26.255399,4.442500,26.543800,2.864400
1,2,91.971263,27.656700,3.554300,26.795000,3.469600
1,2,92.001711,30.448601,4.416100,31.229099,2.669300
1,2,92.029914,28.202701,4.491100,28.485201,2.902200
1,2,92.060644,30.730098,3.652400,28.989901,2.819200
1,2,92.088660,28.015502,4.931400,28.762501,2.629000
1,2,92.115820,27.160600,4.492200,26.686600,3.253300
1,2,92.143386,27.566198,5.393500,28.780500,2.996900
1,2,92.171571,28.184801,4.167200,28.440001,2.839800
1,2,92.200929,29.357899,4.426100,29.178200,2.917100
1,2,92.231226,30.296799,4.123300,30.408800,2.365000
1,2,92.262791,31.565402,3.071500,28.665400,2.916800
1,2,92.289264,26.472799,6.077400,28.822100,2.817900
1,2,92.317788,28.523900,5.365800,28.460899,2.657800
1,2,92.345683,27.894501,4.611300,27.987600,2.572400
1,2,92.373456,27.773801,3.825500,27.934799,2.311200
1,2,92.400479,27.022999,3.877000,26.901300,2.428400
1,2,92.428731,28.252002,3.862800,28.732500,2.216600
1,2,92.456090,27.358599,2.748600,27.063400,2.274100
1,2,92.485756,29.666200,3.590000,29.884899,2.122600
1,2,92.515192,29.435501,4.387700,29.503599,2.697700
1,2,92.542455,27.263600,2.868900,27.320499,2.434900
1,2,92.570121,27.665898,2.610900,27.723700,1.821300
1,2,92.598577,28.455701,2.416400,28.572701,1.870300
1,2,92.626359,27.782001,2.207800,27.429501,2.566000
1,2,92.655824,29.465299,2.569400,29.525600,1.986000
1,2,92.683410,27.585600,2.520000,27.270300,1.563900
1,2,92.710961,27.551699,3.130800,27.982901,1.992000
1,2,92.740539,29.577199,2.557200,29.527599,2.011800
1,2,92.767138,26.599701,2.479600,26.446501,1.863500
1,2,92.794222,27.083699,2.557000,27.327400,2.967100
1,2,92.822631,28.409101,2.470200,27.314501,2.185000
1,2,92.849189,26.558001,3.422800,27.229300,1.926500
1,2,92.876905,27.715500,2.911200,27.806499,1.749500
1,2,92.906056,29.151700,2.600700,29.061501,2.178100
1,2,92.932502,26.445199,2.681800,26.519400,1.743300
1,2,92.959513,27.011499,2.777500,27.385300,2.379200
1,2,92.986760,27.246799,2.415800,27.225901,1.944900
1,2,93.013483,26.723102,2.285600,26.781300,2.097800
1,2,93.041511,28.027501,2.575700,27.495399,1.803500
1,2,93.068562,27.051900,2.646600,27.223000,1.983100
1,2,93.097718,29.155798,2.830900,29.003000,1.994700
1,2,93.125611,27.892400,2.898200,27.747200,1.690900
1,2,93.156281,30.670103,2.718600,29.950701,2.115800
1,2,93.179991,23.710400,3.930700,24.879400,3.198600
1,2,93.209705,29.713798,2.937200,29.098101,1.974700
1,2,93.236499,26.794102,2.893000,27.221399,2.535600
1,2,93.264118,27.618598,2.549400,27.054501,2.022800
1,2,93.290367,26.248902,3.523500,26.990700,2.125600
1,2,93.317916,27.549498,2.259900,27.520500,2.601600
1,2,93.344830,26.914001,2.258400,26.893600,2.049000
1,2,93.372267,27.436599,2.383200,27.408501,2.076000
1,2,93.399483,27.216200,2.332800,27.198500,1.762500
1,2,93.427023,27.540300,2.274700,27.080000,1.554300
1,2,93.453225,26.201501,2.725300,26.617201,1.925800
1,2,93.480186,26.961900,2.263800,27.077101,2.097200
1,2,93.507681,27.494799,2.050300,27.232201,1.978400
1,2,93.536422,28.740998,2.233600,28.840900,1.889200
1,2,93.564100,27.677603,2.528000,27.453400,2.030800
1,2,93.591720,27.619600,2.596000,27.124599,2.358500
1,2,93.618197,26.477698,3.285700,27.174700,1.930900
1,2,93.645624,27.426999,2.991400,27.268999,1.679600
1,2,93.673253,27.628999,2.491300,27.135500,1.930300
1,2,93.700193,26.939403,3.427100,27.310499,2.502600
1,2,93.731003,30.810397,3.136500,30.750700,2.137400
1,2,93.759257,28.253701,3.114600,28.176701,1.971800
1,2,93.789257,29.999901,2.962000,29.691999,2.317400
1,2,93.813007,23.750100,3.462100,23.996799,2.800800
1,2,93.841834,28.827000,3.362600,28.657000,2.351800
1,2,93.869462,27.628399,3.436800,27.951599,1.988000
1,2,93.896581,27.118798,2.409300,27.108200,2.145600
1,2,93.924238,27.656801,2.965700,26.900000,2.374100
1,2,93.952760,28.522301,3.854900,29.113400,1.864600
1,2,93.981727,28.967001,3.325400,28.738300,2.266900
1,2,94.008971,27.243800,3.148500,27.537100,2.355700
1,2,94.038044,29.073499,2.641800,28.863600,2.183600
1,2,94.065416,27.371299,3.043900,27.188400,2.294600
1,2,94.092695,27.279299,3.249200,27.328100,2.239200
1,2,94.121930,29.234901,3.158800,28.529900,2.175800
1,2,94.148094,26.164699,4.102800,27.103600,2.146400
1,2,94.175359,27.265001,3.111900,26.919001,2.688400
1,2,94.203537,28.177202,4.802600,28.206499,2.733700
1,2,94.232595,29.057998,3.938300,27.841200,2.489600
1,2,94.257967,25.372501,4.841600,26.634001,2.799800
1,2,94.285696,27.729299,3.064000,27.688101,2.374800
1,2,94.312447,26.750602,3.245200,26.921000,2.830100
1,2,94.338872,26.424997,4.635400,26.469900,2.506700
1,2,94.365927,27.054902,3.103300,26.698799,2.434100
1,2,94.392609,26.681598,3.086700,27.179501,2.176600
1,2,94.422054,29.445000,2.666300,28.978100,2.423300
1,2,94.448843,26.789200,2.942500,27.033001,2.113700
1,2,94.475619,26.776001,2.689600,26.787100,2.113600
1,2,94.503548,27.929302,2.600500,27.393101,1.808600
1,2,94.530544,26.995599,3.071900,27.398199,1.864800
1,2,94.557544,27.000498,2.682300,27.347601,1.747400
1,2,94.585234,27.689502,2.354200,27.185499,2.003200
1,2,94.612302,27.068298,2.715700,27.499500,1.695700
1,2,94.641800,29.498201,2.379500,29.236601,1.958500
1,2,94.668410,26.610099,2.519500,26.837200,1.807300
1,2,94.695430,27.019303,2.409700,27.280300,1.584200
1,2,94.725722,30.292097,1.951400,29.712500,1.555400
1,2,94.753284,27.561899,2.510500,27.615101,1.691300
1,2,94.780812,27.528800,2.465600,27.360100,1.691700
1,2,94.807844,27.031500,2.607900,27.002199,1.795800
1,2,94.834361,26.517000,2.632600,26.620701,1.430100
1,2,94.863166,28.805301,2.449400,29.158001,2.179100
1,2,94.889793,26.626602,2.089700,26.791700,1.604900
1,2,94.917530,27.737699,1.970000,27.230200,1.444600
1,2,94.944434,26.903998,2.413600,27.311899,1.450400
1,2,94.971926,27.491201,2.025500,27.338200,1.501700
1,2,95.001830,29.904500,2.216800,29.604601,1.429600
1,2,95.028831,27.000900,2.434500,27.392799,1.491300
1,2,95.057802,28.970901,2.177900,28.934601,1.633200
1,2,95.085733,27.930699,2.104200,27.443899,1.465700
1,2,95.113662,27.929600,2.657100,28.300200,2.011300
1,2,95.143224,29.561300,2.402500,29.496201,1.779000
1,2,95.172112,28.888401,2.289400,28.952200,1.743500
1,2,95.201777,29.665198,2.328400,29.163401,1.956700
1,2,95.229454,27.676802,2.762100,27.763201,1.586400
1,2,95.258487,29.032599,2.804800,29.277700,1.780900
1,2,95.285440,26.953001,2.222200,27.080400,1.994200
1,2,95.315455,30.015800,2.182200,29.601400,1.678600
1,2,95.344479,29.023301,2.629100,29.138000,2.137500
1,2,95.371449,26.970398,2.650700,27.227200,1.672800
1,2,95.400683,29.234402,2.147700,29.324301,1.646800
1,2,95.429820,29.136799,2.086200,28.902100,1.598300
1,2,95.457028,27.207501,2.131400,27.425900,1.526700
1,2,95.484952,27.924698,2.016200,27.646700,1.784600
1,2,95.511787,26.834700,2.369100,27.036900,1.718000
1,2,95.539456,27.669102,2.213600,27.391600,1.682400
1,2,95.568597,29.141098,2.256400,29.436501,1.562900
1,2,95.595411,26.813202,2.074600,26.741699,1.643700
1,2,95.622242,26.831198,2.117400,27.097200,1.555700
1,2,95.650132,27.890000,1.826100,27.396900,1.319500
1,2,95.677450,27.318399,2.207800,27.385099,1.497500
1,2,95.705241,27.791001,2.169300,27.586700,2.046500
1,2,95.734368,29.126998,2.461400,29.347799,2.009700
1,2,95.761653,27.285002,2.449400,27.278400,1.854400
1,2,95.791097,29.443499,2.666300,29.486300,1.664500
1,2,95.824611,33.514600,2.553800,27.906099,2.005900
1,2,95.848356,23.744699,8.095000,28.762100,1.611500
1,2,95.875243,26.887100,3.216200,27.331400,1.994400
1,2,95.902765,27.522102,2.294600,27.139700,2.420200
1,2,95.930012,27.246498,2.714900,27.180201,2.105900
1,2,95.957074,27.062103,2.706000,27.518101,2.026400
1,2,95.985913,28.839197,2.295500,28.693001,2.254400
1,2,96.013893,27.979903,2.447700,27.520901,2.028400
1,2,96.042248,28.354600,2.840200,27.487301,2.848300
1,2,96.067444,25.196597,4.125300,26.559601,2.629800
1,2,96.095497,28.052703,2.831200,27.792801,2.224800
1,2,96.124415,28.917897,2.557700,29.201200,2.021900
1,2,96.151197,26.782401,2.932700,26.860100,2.033400
1,2,96.178458,27.261101,2.932000,26.763901,1.743400
1,2,96.209108,30.649699,2.574600,29.484400,1.570300
1,2,96.237224,28.116502,4.025500,28.974199,2.019500
1,2,96.263706,26.481599,3.710000,27.099300,2.179500
1,2,96.292688,28.981701,2.485900,28.825701,1.426600
1,2,96.319778,27.090199,2.616300,26.751499,1.660200
1,2,96.346917,27.138602,3.088700,27.235001,1.654500
1,2,96.374007,27.090300,2.811900,26.909901,1.874100
1,2,96.400718,26.711397,3.069000,27.330000,1.649800
1,2,96.430053,29.335201,2.522000,28.728901,2.286400
1,2,96.457778,27.724601,2.894700,27.815599,1.786500
1,2,96.486103,28.325498,2.988800,28.607000,2.386100
1,2,96.515307,29.203400,2.564000,29.063200,1.935200
1,2,96.542135,26.828602,2.691400,26.791599,1.850800
1,2,96.569936,27.800899,2.645200,27.782900,1.910100
1,2,96.598409,28.473001,3.015800,28.722700,2.105500
1,2,96.625980,27.570799,2.752700,27.490101,1.696800
1,2,96.655115,29.135201,2.230100,28.959400,1.738600
1,2,96.685642,30.526701,2.359100,30.052601,2.206000
1,2,96.714323,28.681297,3.391100,29.153900,2.926700
1,2,96.740696,26.373003,3.022500,26.522301,3.079600
1,2,96.768612,27.915597,2.365900,27.863199,1.840200
1,2,96.796984,28.372303,2.279500,28.071600,2.248900
1,2,96.824679,27.695101,2.680800,27.890100,1.758200
1,2,96.852598,27.918499,2.590200,27.535200,2.110100
1,2,96.878062,25.463998,3.123900,26.033400,2.217600
1,2,96.905729,27.667399,2.520400,27.188499,2.019400
1,2,96.932847,27.117401,2.771600,27.108500,1.763700
1,2,96.960830,27.982999,2.730000,28.501200,1.954300
1,2,96.988484,27.654201,2.227200,27.304001,1.888500
1,2,97.018095,29.610801,3.046000,29.162901,2.534900
1,2,97.044852,26.757300,3.252200,26.805401,2.385600
1,2,97.071508,26.656300,3.235200,26.930099,1.802900
1,2,97.099221,27.713001,2.791400,27.598200,1.904200
1,2,97.126167,26.945200,3.012000,27.193100,1.821200
1,2,97.153786,27.619097,2.734200,27.044701,1.821600
1,2,97.182684,28.898202,3.316900,29.243999,1.868200
1,2,97.209579,26.895698,2.891000,26.909201,1.894600
1,2,97.237464,27.884703,2.858200,27.549801,2.360600
1,2,97.264042,26.577599,3.828900,26.871700,2.227500
1,2,97.291131,27.088899,3.184800,27.187500,2.404700
1,2,97.318160,27.029201,2.999500,26.821199,2.062900
1,2,97.346976,28.815798,2.825600,28.723000,1.871200
1,2,97.373987,27.011201,2.940400,27.162901,1.729300
1,2,97.401245,27.258500,2.831100,27.413200,1.914600
1,2,97.429997,28.751999,2.668300,28.822901,1.926100
1,2,97.459924,29.926699,2.617500,28.967501,1.832900
1,2,97.486221,26.297200,3.585800,27.400299,2.597700
1,2,97.513000,26.778299,2.648800,26.418699,2.195500
1,2,97.540214,27.214400,3.102600,27.434000,2.147200
1,2,97.569690,29.475901,2.747200,29.261999,2.801200
1,2,97.600674,30.984398,2.882600,29.995300,2.157700
1,2,97.628599,27.925100,4.788300,28.709900,2.456900
1,2,97.657734,29.134501,3.122600,28.817900,1.715600
1,2,97.685815,28.081600,3.348600,28.069099,2.229700
1,2,97.715236,29.420301,3.587900,30.013800,2.177000
1,2,97.742159,26.923601,2.671600,26.810499,2.037600
1,2,97.769426,27.266700,2.709000,27.409901,1.729900
1,2,97.796959,27.532499,2.532300,27.690201,2.104200
1,2,97.823967,27.008101,2.404700,26.859100,1.625400
1,2,97.852172,28.205097,2.565800,26.903700,1.795300
1,2,97.878522,26.350003,3.861200,27.179300,2.045500
1,2,97.906026,27.504299,3.111700,27.833799,2.435300
1,2,97.933411,27.384602,2.644100,27.150499,2.981000
1,2,97.962224,28.813198,3.003800,29.098101,1.600300
1,2,97.991579,29.355500,2.539400,29.274401,1.856200
1,2,98.018856,27.276799,2.289900,27.492300,1.820100
1,2,98.048198,29.341701,2.229700,29.267000,1.569600
1,2,98.079175,30.977398,2.225300,30.897100,1.563700
1,2,98.106883,27.708001,2.182400,27.292801,2.191200
1,2,98.135504,28.620500,2.576200,29.060101,1.510800
1,2,98.162881,27.377099,2.167100,27.399000,1.539700
1,2,98.190335,27.454302,2.301200,27.249001,1.535900
1,2,98.219614,29.278599,2.511800,29.245701,1.933300
1,2,98.247390,27.776502,2.473500,27.715799,1.917800
1,2,98.279765,32.374598,2.647500,31.626301,1.730300
1,2,98.306766,27.000602,3.436300,27.690901,2.038600
1,2,98.335842,29.076900,2.749200,28.983200,2.377900
1,2,98.364775,28.932400,2.928400,29.112200,2.010400
1,2,98.392182,27.406897,2.557000,27.426701,1.705800
1,2,98.420867,28.685600,2.906000,28.693001,2.002000
1,2,98.450131,29.263601,2.752100,28.795200,1.712000
1,2,98.477010,26.878800,3.060000,27.358601,1.875100
1,2,98.506772,29.762100,2.431500,29.685600,2.004200
1,2,98.534046,27.274601,2.397800,27.054701,1.574500
1,2,98.561354,27.307499,2.599100,27.256001,1.881100
1,2,98.587905,26.550699,3.406600,26.997700,1.851500
1,2,98.615938,28.033499,2.106200,27.930799,1.823700
1,2,98.645593,29.655401,2.365100,29.212200,1.894400
1,2,98.672464,26.870400,2.653100,26.861900,1.737900
1,2,98.699612,27.148601,3.105800,27.380301,2.095100
1,2,98.726708,27.095400,2.611800,27.333599,2.036000
1,2,98.754005,27.296800,2.473400,27.303600,2.114200
1,2,98.781432,27.427603,2.310700,27.121201,1.766500
1,2,98.808876,27.443599,2.435400,27.136900,1.858000
1,2,98.836229,27.352698,2.826300,27.769600,1.746800
1,2,98.863265,27.036402,2.436400,26.818800,1.802400
1,2,98.891823,28.558098,2.514500,28.918100,1.408700
1,2,98.918981,27.158301,2.194700,27.070400,1.731900
1,2,98.946714,27.732298,2.154500,27.569599,1.587500
1,2,98.974596,27.882602,2.205700,27.801201,1.665300
1,2,99.003664,29.068198,2.289900,29.115499,1.670200
1,2,99.031360,27.695403,2.287900,27.851000,1.819800
1,2,99.061042,29.681899,2.303300,29.339300,1.625800
1,2,99.088598,27.555902,2.657000,27.686001,1.847700
1,2,99.118355,29.757299,2.426300,29.679501,1.967500
1,2,99.145667,27.312201,2.598400,27.337099,1.851700
1,2,99.174872,29.204398,2.511300,29.283300,1.896200
1,2,99.205950,31.078201,2.341600,31.156799,1.634900
1,2,99.233719,27.769301,2.992100,27.774000,1.750600
1,2,99.262762,29.042799,2.450900,29.063200,1.630000
1,2,99.290167,27.405400,2.369700,27.402800,1.729900
1,2,99.318715,28.547700,2.242200,27.334101,1.498900
1,2,99.348411,29.695801,3.436800,30.161600,2.274100
1,2,99.377284,28.872799,2.945100,29.244699,1.630500
1,2,99.404379,27.095098,2.515100,27.122900,1.571400
1,2,99.437390,33.011701,2.450300,33.089199,1.776600
1,2,99.464730,27.340099,2.536200,26.790300,1.640500
1,2,99.492646,27.915101,2.987100,28.628700,1.723200
1,2,99.520015,27.369600,2.235400,27.389700,1.548100
1,2,99.550264,30.249100,2.364700,29.831100,1.811500
1,2,99.579599,29.335201,4.060700,29.574600,2.319900
1,2,99.606810,27.210798,2.560500,27.415501,1.995800
1,2,99.637242,30.431602,2.033900,29.889099,1.698600
1,2,99.665820,28.578199,2.559400,29.051901,1.779400
1,2,99.695281,29.460698,2.290100,29.314600,1.726800
1,2,99.725091,29.810701,2.361300,29.444901,1.925400
1,2,99.752846,27.754102,2.763600,27.668600,1.882300
1,2,99.781924,29.078800,2.793100,29.304399,1.679400
1,2,99.810921,28.996699,2.400000,29.174900,1.681700
1,2,99.839191,28.270099,2.273000,27.628599,2.002900
1,2,99.865388,26.196599,2.919600,26.846500,1.858700
1,2,99.892425,27.037703,2.399600,27.260700,1.379500
1,2,99.919884,27.458500,2.221200,27.004801,1.540200
1,2,99.946785,26.900899,2.380200,27.081699,1.410100
1,2,99.974735,27.950399,2.194900,27.786301,1.558700
1,2,100.003471,28.735302,2.311500,28.895100,1.531900
1,2,100.030528,27.057599,2.386200,26.887100,1.427200
1,2,100.057996,27.467500,2.286900,27.511101,1.338800
1,2,100.086584,28.588299,2.232700,28.723200,1.247600
1,2,100.113867,27.282599,2.203300,26.969500,1.797600
1,2,100.140994,27.127400,2.377400,27.173100,1.505400
1,2,100.168131,27.137201,2.409100,27.215300,1.214100
1,2,100.195360,27.228601,2.306300,26.920200,1.748000
1,2,100.222011,26.651397,2.565400,27.066500,1.342700
1,2,100.251254,29.243201,2.147600,28.861500,1.498300
1,2,100.278113,26.858501,2.501300,27.316999,1.711900
1,2,100.305795,27.681898,2.105500,27.529600,1.433700
1,2,100.333033,27.238499,2.189900,27.248600,1.884100
1,2,100.360564,27.530603,2.388900,27.286400,1.644700
1,2,100.387465,26.901498,2.669800,26.968700,2.199300
1,2,100.414287,26.821598,2.752800,26.899900,2.091500
1,2,100.441393,27.106002,2.390500,26.825500,1.736600
1,2,100.468511,27.118299,2.613400,27.296101,1.383100
1,2,100.497634,29.123101,2.390300,29.297400,1.567400
1,2,100.525693,28.058100,2.209300,27.604799,1.500200
1,2,100.552654,26.961498,2.721800,27.275900,1.580000
1,2,100.582211,29.556900,2.661200,29.169201,1.411200
1,2,100.611149,28.937999,2.801300,29.635599,1.609600
1,2,100.641029,29.880300,1.933200,29.434799,1.796200
1,2,100.672251,31.221602,2.218000,31.452600,1.605700
1,2,100.701268,29.016800,2.124100,28.633600,1.344000
1,2,100.731344,30.076500,2.490000,30.319000,1.475100
1,2,100.758935,27.590998,2.224000,27.464500,1.694000
1,2,100.786213,27.278401,2.407300,27.388300,1.682300
1,2,100.815758,29.544301,2.289600,29.711000,1.384500
1,2,100.843174,27.415801,2.056600,27.267200,2.011600
1,2,100.873631,30.457098,2.170700,27.132401,1.648000
1,2,100.898557,24.926201,5.539900,27.764200,1.449600
1,2,100.927370,28.813601,2.744300,29.136400,1.451900
1,2,100.952767,25.396399,2.383800,25.593300,1.848100
1,2,100.982028,29.260799,2.110200,28.884899,1.705600
1,2,101.009033,27.005102,2.531700,27.222200,1.580800
1,2,101.038477,29.443897,2.333900,29.291599,1.814200
1,2,101.065830,27.353600,2.458700,27.265100,1.950300
1,2,101.092452,26.621602,2.627900,26.983101,1.822100
1,2,101.121517,29.065099,2.138300,28.334801,2.299900
1,2,101.149342,27.824901,3.522600,28.117701,2.836900
1,2,101.179182,29.840600,2.939700,29.621300,2.346800
1,2,101.206171,26.988298,3.294100,26.853701,2.317500
1,2,101.235853,29.682402,3.410300,29.028299,2.353000
1,2,101.258362,22.508498,4.157100,23.449400,2.488900
1,2,101.279546,21.184102,4.044800,20.384199,2.373700
1,2,101.302606,23.060199,4.421100,21.038500,2.400200
1,2,101.319444,16.837601,7.259500,19.440399,2.092000
1,2,101.339351,19.907601,3.940200,20.168900,2.248700
1,2,101.360120,20.768799,2.854400,20.540001,2.138500
1,2,101.381230,21.110300,3.346500,21.177401,2.736900
1,2,101.402419,21.188702,4.044500,21.283400,1.927400
1,2,101.423973,21.554098,3.166900,21.401899,2.312100
1,2,101.450590,26.616901,4.481100,26.849300,2.520200
1,2,101.477624,27.034499,2.977100,27.181200,2.190100
1,2,101.505031,27.406402,2.356400,27.004101,2.571100
1,2,101.532204,27.173597,3.332600,27.621000,1.997000
1,2,101.561203,28.998900,2.208300,28.811399,2.169900
1,2,101.588411,27.207501,2.424100,27.239799,1.806900
1,2,101.617408,28.997201,2.350600,28.719000,1.678800
1,2,101.644602,27.194299,2.572400,27.407200,1.524800
1,2,101.673912,29.309198,2.635700,29.021700,1.522400
1,2,101.701318,27.406100,2.819800,27.694700,1.627000
1,2,101.728579,27.261600,2.395100,27.317101,1.856000
1,2,101.755901,27.321700,2.379700,26.918400,2.134800
1,2,101.783390,27.488802,2.715900,27.546000,1.826800
1,2,101.810266,26.875801,2.665200,27.055201,1.773400
1,2,101.838000,27.733997,2.523100,27.466999,2.311800
1,2,101.866597,28.597001,2.726400,28.895700,1.982100
1,2,101.893875,27.278002,2.430200,27.044701,1.766900
1,2,101.921139,27.264699,2.620100,27.293100,1.759100
1,2,101.947907,26.767798,2.574000,26.832500,1.977100
1,2,101.976839,28.931800,2.563800,29.108400,1.852300
1,2,102.003809,26.970301,2.369000,26.948601,1.896700
1,2,102.033383,29.574201,2.277200,29.362900,1.466300
1,2,102.059585,26.201699,2.496900,26.639700,1.678700
1,2,102.087223,27.637500,1.908600,27.510900,1.554600
1,2,102.114593,27.370699,2.035900,27.264000,1.751300
1,2,102.141900,27.307101,2.152500,27.104500,1.614500
1,2,102.170733,28.832901,2.330000,28.672501,1.506900
1,2,102.198070,27.336698,2.419500,27.445700,1.259900
1,2,102.226602,28.532300,2.404900,28.179100,1.593600
1,2,102.252594,25.991701,3.042900,26.546000,2.410200
1,2,102.280052,27.457602,2.574000,27.387400,2.383300
1,2,102.307113,27.061399,2.317900,26.956100,1.805100
1,2,102.336010,28.897401,2.498700,28.535500,2.530200
1,2,102.362523,26.512198,2.741400,26.955601,1.800300
1,2,102.390120,27.597301,2.275900,27.254299,2.066200
1,2,102.417027,26.907101,2.638000,27.046900,1.663700
1,2,102.446191,29.163599,2.383400,29.034700,1.758500
1,2,102.473646,27.455401,2.617200,27.075399,1.563400
1,2,102.500335,26.689000,3.125200,27.106199,1.574000
1,2,102.527622,27.287200,2.446500,27.313999,1.694200
1,2,102.554965,27.342498,2.393500,27.322500,1.375500
1,2,102.582221,27.255900,2.510700,27.433701,1.574300
1,2,102.609408,27.187102,2.217000,27.094801,1.505300
1,2,102.637059,27.651198,2.398800,27.250299,1.720700
1,2,102.664113,27.054101,3.004700,27.344900,1.728600
1,2,102.693077,28.964400,2.915300,28.797701,2.039400
1,2,102.723508,30.430298,2.695500,29.557899,1.722600
1,2,102.750717,27.209301,3.977100,28.034800,2.680000
1,2,102.777627,26.910301,3.637600,27.196199,2.280000
1,2,102.808734,31.106498,2.555100,27.302700,2.610300
1,2,102.834895,26.161399,3.122100,25.861300,1.747800
1,2,102.863293,28.398301,3.677900,28.903601,2.598000
1,2,102.891230,27.936500,2.871100,28.067400,2.333300
1,2,102.920987,29.757202,2.321900,28.560600,1.816000
1,2,102.947577,26.590198,3.585900,27.264400,1.459400
1,2,102.974659,27.082101,3.245800,27.646900,2.098100
1,2,103.003804,29.144902,2.369600,29.280600,2.243800
1,2,103.032254,28.449897,2.316000,28.078100,1.720200
1,2,103.059393,27.139202,2.588700,27.135201,2.212200
1,2,103.089132,29.738601,2.537900,29.700199,1.946800
1,2,103.116197,27.064599,2.675100,27.273701,1.512500
1,2,103.145921,29.724300,2.362200,29.801300,1.559700
1,2,103.173379,27.458400,2.345600,27.378000,1.857200
1,2,103.200399,27.019899,2.492700,27.240299,1.795100
1,2,103.229876,29.476702,2.176700,29.267300,1.698900
1,2,103.257599,27.722999,2.368800,27.674400,1.486000
1,2,103.285011,27.412299,2.315100,27.640900,1.804100
1,2,103.314450,29.438801,2.130200,29.175400,1.576700
1,2,103.341543,27.093098,2.308200,27.391701,1.479000
1,2,103.369700,28.157201,2.020500,27.424601,1.389700
1,2,103.397337,27.636699,2.724200,28.202299,1.807600
1,2,103.424284,26.947301,2.474700,26.695999,1.757900
1,2,103.453594,29.309500,2.373000,29.486700,1.616400
1,2,103.481881,28.287001,2.309200,28.332800,2.139800
1,2,103.511054,29.173501,2.355900,29.170200,1.863700
1,2,103.538599,27.544100,2.082200,27.330601,1.831000
1,2,103.567588,28.989397,2.451800,28.791201,2.144700
1,2,103.597507,29.919501,2.907900,29.098400,1.814200
1,2,103.625824,28.316602,3.476400,29.352301,2.091500
1,2,103.653654,27.829599,2.854900,27.460899,1.779000
1,2,103.682185,28.531801,2.711700,28.817301,1.757200
1,2,103.711322,29.136699,2.888200,28.604799,1.825800
1,2,103.739975,28.652798,3.900100,29.013100,2.444500
1,2,103.767627,27.652502,2.717100,27.482401,2.415500
1,2,103.796853,29.225800,2.767100,29.365000,1.805500
1,2,103.826192,29.338598,2.625200,29.373100,1.790300
1,2,103.855770,29.578701,2.524600,29.436899,1.744800
1,2,103.885571,29.800199,2.841600,29.774500,1.715200
1,2,103.912187,26.616000,3.010600,26.484600,1.669900
1,2,103.939863,27.675901,2.904300,28.188000,1.755300
1,2,103.966729,26.866801,2.357900,26.427200,1.602700
1,2,103.994373,27.643502,2.664000,27.602501,2.078300
1,2,104.022109,27.736399,2.925100,28.078501,1.888700
1,2,104.048194,26.084900,2.507100,25.917000,1.815000
1,2,104.075568,27.373999,2.375000,27.373100,1.755900
1,2,104.102828,27.259398,2.477400,27.498800,1.605500
1,2,104.130202,27.374800,2.195000,27.126600,1.363200
1,2,104.158563,28.360102,2.377600,28.240000,1.416100
1,2,104.187834,29.271800,2.439900,29.266701,1.439800
1,2,104.215550,27.715400,2.494800,27.747999,1.532600
1,2,104.247194,31.644400,2.459400,31.714399,1.773100
1,2,104.275057,27.862899,2.717900,27.730600,1.932600
1,2,104.302315,27.258001,2.642600,26.961901,2.104600
1,2,104.329480,27.164597,3.045000,27.383900,2.096100
1,2,104.356502,27.022902,3.067500,27.218100,1.666500
1,2,104.386489,29.986400,2.505200,29.230600,1.560800
1,2,104.414430,27.941100,3.015300,28.719700,1.597700
1,2,104.442167,27.736697,2.505200,27.338200,1.655200
1,2,104.471086,28.918903,2.648700,29.244200,1.551600
1,2,104.498123,27.037397,2.290700,27.027599,1.793800
1,2,104.526001,27.878202,2.339600,27.382700,1.788100
1,2,104.553972,27.971298,2.831900,28.504200,1.713900
1,2,104.581197,27.224202,2.218000,27.388399,1.646000
1,2,104.608395,27.198501,2.022400,27.071899,1.698700
1,2,104.635910,27.514599,2.699100,27.375700,1.817100
1,2,104.665267,29.357001,2.283900,29.462601,1.921000
1,2,104.692259,26.992597,2.420700,27.127600,1.607600
1,2,104.719906,27.646903,2.113300,27.594299,1.724500
1,2,104.745564,25.657699,2.154400,25.472500,1.651900
1,2,104.775664,30.099802,2.360100,29.176701,1.577100
1,2,104.801519,25.855500,3.152800,26.918800,1.570200
1,2,104.830473,28.953899,2.084100,28.152500,1.795700
1,2,104.857426,26.952799,2.983200,27.492599,2.238500
1,2,104.884785,27.358800,2.697000,26.977699,1.620100
1,2,104.910771,25.986198,2.771000,26.702499,1.709600
1,2,104.937885,27.114201,2.036500,26.942301,1.790600
1,2,104.964940,27.054500,2.204500,27.075600,1.658500
1,2,104.992583,27.642999,2.101300,27.451000,1.706100
1,2,105.019626,27.043700,2.384800,27.314899,1.588500
1,2,105.047093,27.466301,2.130800,27.017200,1.524200
1,2,105.075262,28.168999,2.573400,28.196800,1.658500
1,2,105.101944,26.682504,2.444100,26.702600,1.708500
1,2,105.130558,28.613798,2.343500,28.917601,1.832000
1,2,105.158064,27.505700,2.221200,27.338600,1.713900
1,2,105.185732,27.668599,2.271100,27.813499,1.306800
1,2,105.213689,27.956203,2.105800,27.643900,1.801700
1,2,105.241813,28.124399,2.394300,28.410101,1.565000
1,2,105.269491,27.678199,2.196700,27.408701,1.640100
1,2,105.296628,27.137302,2.392300,27.297001,2.099800
1,2,105.324531,27.902998,2.221500,27.820299,1.535300
1,2,105.353382,28.850801,2.459800,28.838499,1.647300
1,2,105.380882,27.499799,2.442800,27.316099,1.540800
1,2,105.409812,28.929900,2.568500,28.453400,1.455200
1,2,105.437545,27.733199,2.934500,27.825399,2.284700
1,2,105.465988,28.443400,2.965400,28.905800,1.841600
1,2,105.495380,29.391702,2.205300,29.341801,1.533600
1,2,105.522575,27.194899,3.146300,27.035601,1.768700
1,2,105.551350,28.775200,2.872000,28.865900,1.633200
1,2,105.578481,27.130298,2.424100,27.305401,1.518500
1,2,105.606006,27.525600,2.271200,27.357500,1.782200
1,2,105.632949,26.942402,2.584400,27.297501,1.543800
1,2,105.660008,27.059399,2.509300,26.716200,1.397800
1,2,105.687354,27.345702,2.492400,27.162201,1.752100
1,2,105.714702,27.348299,2.692600,27.539700,1.808500
1,2,105.741485,26.782900,2.467200,26.939699,1.597000
1,2,105.768527,27.041901,2.454100,27.098301,1.466000
1,2,105.796260,27.732801,2.084700,27.372900,1.545500
1,2,105.823113,26.853498,2.367900,27.044901,1.950400
1,2,105.850175,27.062099,2.192300,27.016500,1.732900
1,2,105.877819,27.643602,2.509500,27.461300,1.322900
1,2,105.905000,27.181000,2.512400,27.124300,1.500100
1,2,105.936191,31.191498,2.544900,27.095900,1.657800
1,2,105.959887,23.695901,6.827100,27.543800,1.449000
1,2,105.986580,26.693098,3.026600,26.676100,1.521000
1,2,106.015073,28.492503,2.734800,28.935801,1.646200
1,2,106.042972,27.898900,2.364200,27.576099,1.641400
1,2,106.069822,26.850399,2.840300,26.970100,1.841300
1,2,106.096784,26.962198,2.801000,26.742001,2.029900
1,2,106.124934,28.149601,2.561600,27.753500,1.447000
1,2,106.152746,27.812302,3.095800,28.581900,2.047900
1,2,106.180206,27.459897,2.245600,27.479300,1.625500
1,2,106.209779,29.572602,2.326400,29.313999,1.403400
1,2,106.238946,29.167000,2.430600,29.374800,1.572600
1,2,106.268468,29.521801,2.278200,29.485800,1.821300
1,2,106.297829,29.361498,2.241900,28.782801,1.800100
1,2,106.326713,28.883699,2.987600,29.102301,1.787500
1,2,106.356309,29.596802,2.837600,30.053699,1.707100
1,2,106.384944,28.634798,2.114900,28.625299,1.899300
1,2,106.412843,27.899101,2.048600,27.401501,1.745800
1,2,106.443345,30.501902,2.695300,30.987400,1.697300
1,2,106.474088,30.743100,2.362300,29.705601,1.857700
1,2,106.499971,25.882799,3.240200,26.801701,1.712400
1,2,106.529167,29.195700,2.438200,29.091499,1.773100
1,2,106.557401,28.233901,2.427900,28.050699,2.140400
1,2,106.584126,26.724998,2.755800,26.511700,1.732300
1,2,106.612934,28.808702,2.710400,29.241699,1.546000
1,2,106.640123,27.188100,2.238400,27.159700,1.782600
1,2,106.667237,27.114600,2.468300,27.072100,1.528100
1,2,106.694465,27.227398,2.717700,26.955299,1.756500
1,2,106.726257,31.792101,2.793700,32.213402,1.830300
1,2,106.754003,27.745802,2.088500,27.299900,1.603700
1,2,106.780540,26.537500,2.870300,27.011200,1.569100
1,2,106.808856,28.315697,2.651000,27.461800,1.781200
1,2,106.835323,26.467301,2.965300,27.197100,1.863500
1,2,106.862685,27.362302,2.231800,27.133301,1.978500
1,2,106.891677,28.991900,2.372100,29.313999,1.590200
1,2,106.919123,27.445398,2.160000,27.192600,1.611600
1,2,106.946321,27.198501,2.532400,27.258101,1.759900
1,2,106.975493,29.172298,2.359100,29.066700,1.870700
1,2,107.004750,29.256701,2.469200,28.842400,1.813600
1,2,107.032557,27.807400,2.721200,28.293501,2.025300
1,2,107.060459,27.901400,2.203200,27.767300,1.598400
1,2,107.089117,28.658099,2.433700,28.664200,2.085800
1,2,107.116572,27.455401,2.425600,27.468500,1.690600
1,2,107.144051,27.478300,2.312300,27.316099,2.042500
1,2,107.173073,29.022001,2.643900,29.138599,2.048600
1,2,107.200510,27.437501,2.486500,27.300301,1.805600
1,2,107.228807,28.296798,2.612400,27.890699,1.382300
1,2,107.257524,28.717499,2.992300,29.452101,1.811100
1,2,107.285252,27.727600,2.067300,27.494900,1.633900
1,2,107.312889,27.636800,2.281100,27.331200,1.650600
1,2,107.344262,31.373102,2.718200,31.526100,1.877100
1,2,107.371881,27.618900,2.577600,27.687201,1.807300
1,2,107.400072,28.191000,2.418200,27.910900,2.367600
1,2,107.428245,28.172798,2.947600,28.263201,2.454100
1,2,107.457114,28.869700,2.695800,29.202101,1.801400
1,2,107.485094,27.979199,2.248400,27.927401,1.741500
1,2,107.512906,27.812801,2.256500,27.684500,1.663800
1,2,107.540614,27.707599,2.313100,27.505501,1.930800
1,2,107.569502,28.887600,2.471500,29.048000,1.641000
1,2,107.597275,27.773600,2.186400,27.595501,1.514300
1,2,107.624810,27.535200,2.516500,27.509899,1.526800
1,2,107.655329,30.518301,3.002600,30.356701,1.868400
1,2,107.684109,28.780200,3.125000,29.063700,1.714300
1,2,107.712201,28.092001,2.487000,27.984600,1.953200
1,2,107.741495,29.293802,2.658800,29.417900,1.858900
1,2,107.769569,28.074000,2.663300,27.597900,1.555300
1,2,107.799431,29.862199,2.800800,30.476999,1.590800
1,2,107.829269,29.837899,2.112500,29.327900,1.657700
1,2,107.856684,27.415000,2.748200,27.656300,1.758400
1,2,107.883735,27.051501,3.140300,27.040100,1.707400
1,2,107.911438,27.702499,2.801100,27.168800,1.906700
1,2,107.939149,27.710799,3.700000,27.967600,1.899900
1,2,107.971735,32.586500,3.246900,31.268000,2.295200
1,2,107.998980,27.245000,4.023800,28.722700,1.896500
1,2,108.028042,29.062301,2.747400,29.045700,1.903400
1,2,108.055867,27.825002,3.166600,27.591900,2.100500
1,2,108.082699,26.831400,2.927700,27.317801,1.753000
1,2,108.114320,31.621501,2.096900,31.839100,2.003200
1,2,108.143443,29.122297,2.119000,28.813999,1.404800
1,2,108.170711,27.268402,2.200600,27.250700,1.713100
1,2,108.197800,27.089499,2.164400,27.097000,1.681700
1,2,108.225407,27.606599,2.116500,27.563700,1.940500
1,2,108.254685,29.278103,2.204400,29.180599,1.757600
1,2,108.282122,27.436897,2.362300,27.400000,1.754300
1,2,108.309629,27.507000,2.293800,27.613899,1.899500
1,2,108.336889,27.260203,2.539100,26.882299,1.746400
1,2,108.363903,27.013499,2.648300,27.230801,1.854400
1,2,108.391390,27.487699,2.502300,27.376801,1.909700
1,2,108.418211,26.820399,2.565600,27.019800,1.799500
1,2,108.446738,28.527003,2.393500,27.740801,1.839800
1,2,108.473121,26.382700,3.321100,26.922501,2.014200
1,2,108.501861,28.740197,2.714700,29.294500,1.979700
1,2,108.529287,27.425703,2.369100,27.090900,2.154800
1,2,108.559354,30.067299,2.890500,29.647800,1.535700
1,2,108.589978,30.624099,2.508500,30.352501,2.164100
1,2,108.619298,29.320102,2.978900,29.304899,1.677300
1,2,108.649178,29.880300,2.918800,30.003599,1.957800
1,2,108.676391,27.212698,2.806100,27.806601,1.832400
1,2,108.707940,31.548902,2.425200,31.514999,1.649100
1,2,108.737815,29.875599,2.235600,30.000999,1.771900
1,2,108.765384,27.568199,2.179100,27.496700,1.464100
1,2,108.795657,30.273102,2.375400,29.934799,1.539300
1,2,108.823015,27.357999,2.776600,27.588900,2.001100
1,2,108.850389,27.374599,2.314100,27.483601,1.649000
1,2,108.879374,28.984901,2.240300,28.900200,1.935800
1,2,108.907946,28.572001,2.196700,28.389299,1.521800
1,2,108.937272,29.325601,2.262200,29.465401,1.403400
1,2,108.964886,27.614497,2.115500,27.358601,1.679500
1,2,108.994295,29.409003,2.349800,29.245199,1.576000
1,2,109.020623,26.328001,2.537600,26.870501,1.526600
1,2,109.048042,27.418397,1.965400,27.496201,1.373900
1,2,109.076033,27.991202,1.897200,27.826500,1.733400
1,2,109.107532,31.498898,1.993300,31.170500,1.495800
1,2,109.134521,26.989602,2.718800,27.266500,1.680200
1,2,109.163644,29.122900,2.053400,29.181000,1.684700
1,2,109.190801,27.156200,2.002000,27.236500,1.473300
1,2,109.218412,27.611200,1.932600,27.168400,1.467500
1,2,109.244538,26.126001,2.342100,25.745199,1.537700
1,2,109.273015,28.477300,2.611800,28.921900,2.234800
1,2,109.299805,26.789799,2.433300,26.851101,1.565800
1,2,109.329328,29.523499,2.290100,29.419399,1.551900
1,2,109.356454,27.125798,2.300200,27.128901,1.686200
1,2,109.383477,27.023003,2.394000,26.985001,2.330800
1,2,109.410335,26.857600,2.324800,26.874300,2.087300
1,2,109.437507,27.172301,2.424700,27.278799,1.798600
1,2,109.465607,28.099898,2.239300,27.702400,1.676000
1,2,109.493462,27.855102,2.557200,27.857000,1.686600
1,2,109.518910,25.447700,2.477400,25.915899,1.762700
1,2,109.546471,27.561098,2.187900,27.405300,1.751400
1,2,109.573681,27.210601,2.628200,27.251101,2.171300
1,2,109.601247,27.565099,2.151600,27.504999,1.704900
1,2,109.630370,29.123101,2.147800,29.230301,2.028400
1,2,109.659390,29.020697,2.089600,28.943899,1.574400
1,2,109.688678,29.287703,2.157900,29.037201,1.609700
1,2,109.718309,29.630698,2.402100,29.612400,1.477800
1,2,109.745442,27.133498,2.429400,27.448299,1.541700
1,2,109.772817,27.374603,2.059500,27.045099,1.670800
1,2,109.799971,27.154397,2.376700,27.330900,1.514500
1,2,109.827396,27.424503,2.403100,27.494499,1.691900
1,2,109.854826,27.429998,2.359600,27.405701,1.595900
1,2,109.882612,27.786002,2.134700,27.490101,1.658300
1,2,109.911417,28.804798,2.317400,28.750000,1.913200
1,2,109.938504,27.087603,2.810200,27.093700,1.918400
1,2,109.966187,27.683299,2.678700,27.278400,2.043500
1,2,109.994360,28.172798,3.260800,28.132700,2.042100
1,2,110.021296,26.935503,2.920700,27.527800,1.573200
1,2,110.050965,29.668897,2.738300,29.621000,1.544300
1,2,110.079312,28.346900,2.846200,28.181299,1.580900
1,2,110.106203,26.891302,2.578900,27.276800,1.847400
1,2,110.134593,28.389998,2.267800,28.062000,1.646200
1,2,110.162492,27.899202,2.345600,28.210899,1.901100
1,2,110.191397,28.905399,2.245000,27.384800,1.546100
1,2,110.219125,27.727701,3.804700,29.266500,1.772500
1,2,110.248267,29.141899,2.448500,28.999300,1.756700
1,2,110.277927,29.660098,2.386100,29.602900,1.668500
1,2,110.307200,29.272303,2.459200,29.340200,1.905400
1,2,110.335030,27.830098,2.575000,27.512699,1.880300
1,2,110.363851,28.821602,2.756300,29.165800,1.632600
1,2,110.393608,29.756598,2.280000,29.257401,1.683100
1,2,110.422733,29.124800,2.619400,29.292500,1.877200
1,2,110.451307,28.574899,2.382800,28.648701,1.574900
1,2,110.478690,27.382702,2.319300,27.408001,1.771000
1,2,110.509292,30.602198,2.526500,30.012501,2.317200
1,2,110.535315,26.023000,2.928100,26.294800,1.964000
1,2,110.562446,27.130499,4.537000,27.250000,2.094300
1,2,110.591336,28.889902,2.438600,28.864300,1.648500
1,2,110.618961,27.625300,2.452300,27.569201,1.542400
1,2,110.647077,28.115898,2.468000,27.860399,1.389400
1,2,110.673332,26.255202,2.866900,26.699900,1.880000
1,2,110.701192,27.859598,2.778500,27.877800,1.573300
1,2,110.728506,27.314402,2.285500,27.454901,1.683800
1,2,110.758572,30.065898,2.108200,29.722099,1.738100
1,2,110.785723,27.150601,2.572800,27.191900,1.652000
1,2,110.812041,26.318200,2.434700,26.621500,1.528400
1,2,110.839580,27.539100,2.204000,27.442699,1.664000
1,2,110.867514,27.933601,2.250600,27.838900,1.706700
1,2,110.894190,26.675999,2.317300,26.652901,1.703900
1,2,110.923737,29.547900,2.481700,29.540199,2.269900
1,2,110.953301,29.563498,2.342200,29.578800,1.663000
1,2,110.989726,36.424901,2.196800,31.231100,2.391700
1,2,111.017251,27.524900,7.735400,31.485100,1.820200
1,2,111.044932,27.681101,3.897600,28.852800,1.712400
1,2,111.074533,29.601000,2.258600,29.390100,1.826800
1,2,111.102383,27.850598,2.706600,27.369801,1.650800
1,2,111.130373,27.989600,3.032300,27.828800,1.770000
1,2,111.159233,28.860200,3.132400,29.432600,1.930200
1,2,111.186207,26.974101,3.992800,27.195400,1.920500
1,2,111.214434,28.226499,2.328800,27.863001,1.970900
1,2,111.243914,29.480103,3.001400,29.870300,1.709400
1,2,111.273451,29.536899,2.236500,29.345800,1.735300
1,2,111.304830,31.378698,2.520400,31.139500,1.533900
1,2,111.332006,27.176101,2.703800,27.427000,1.674800
1,2,111.361300,29.294401,2.403600,29.519600,2.039800
1,2,111.391436,30.135501,2.143100,29.663000,1.621800
1,2,111.419642,28.206199,2.511600,28.451401,1.916800
1,2,111.449668,30.025799,2.263100,29.481199,1.854700
1,2,111.477329,27.661100,2.816100,27.443800,1.704200
1,2,111.504279,26.950698,3.021900,27.310699,1.643100
1,2,111.533353,29.073801,2.717600,29.287800,1.556900
1,2,111.560884,27.530801,2.687300,27.499800,1.641200
1,2,111.588353,27.469199,2.433600,27.579901,1.651400
1,2,111.615702,27.348302,2.375000,27.481600,1.665400
1,2,111.643844,28.142497,2.300400,27.819500,2.158600
1,2,111.671932,28.088503,2.647500,28.122000,1.608700
1,2,111.701302,29.369198,2.651300,29.364901,1.935300
1,2,111.732656,31.354401,2.519300,31.288099,1.659400
1,2,111.759523,26.866999,2.673900,27.031401,1.953600
1,2,111.786189,26.665900,2.476400,26.877701,1.679000
1,2,111.814160,27.970903,2.219400,27.463301,1.620600
1,2,111.842184,28.024297,2.601100,28.115101,1.518000
1,2,111.871212,29.028300,2.434700,28.762300,1.795200
1,2,111.899039,27.826101,2.730500,28.491501,1.607000
1,2,111.928550,29.511102,2.119100,29.236401,1.527400
1,2,111.955822,27.272299,2.468600,27.212099,2.004600
1,2,111.983593,27.771201,2.617300,27.295401,1.550200
1,2,112.010222,26.629001,3.102400,26.783100,1.636000
1,2,112.039517,29.294498,3.289500,29.499399,1.456300
1,2,112.066805,27.288001,2.531000,27.029200,1.726000
1,2,112.093402,26.597299,2.989100,26.995701,1.871700
1,2,112.122730,29.327899,2.593700,29.502701,1.660100
1,2,112.152783,30.053303,2.273900,29.675301,1.758700
1,2,112.179496,26.712898,2.856600,26.683399,1.889000
1,2,112.207622,28.126199,2.899500,27.604700,2.029400
1,2,112.234708,27.085401,3.110500,27.429001,1.915200
1,2,112.265864,31.155802,3.137800,31.415100,1.610800
1,2,112.295712,29.848699,2.416200,29.741100,1.697400
1,2,112.326887,31.174999,2.821100,30.987900,2.209900
1,2,112.356487,29.599600,3.418600,29.535101,2.772400
1,2,112.386006,29.519603,3.120600,29.593500,1.637400
1,2,112.415521,29.514700,2.573600,29.593100,1.634000
1,2,112.445108,29.587001,2.470500,29.861601,1.636500
1,2,112.473688,28.580099,2.414000,28.588100,1.655100
1,2,112.503847,30.158497,2.386400,29.773600,1.454500
1,2,112.531047,27.200401,2.727500,27.500700,2.215200
1,2,112.560833,29.785499,2.463200,29.714100,1.616200
1,2,112.588653,27.820002,2.349800,27.469500,1.870000
1,2,112.617597,28.944898,2.611200,29.241501,1.649800
1,2,112.645735,28.137702,2.216300,27.732300,1.517700
1,2,112.675687,29.952098,2.815900,29.839100,1.731700
1,2,112.705000,29.312801,2.804100,29.338499,1.641700
1,2,112.733917,28.916702,2.598100,29.408501,1.651300
1,2,112.762003,28.086498,2.325200,28.153000,1.723900
1,2,112.792707,30.703802,2.370300,30.152399,1.484800
1,2,112.821708,29.001199,2.817800,29.243900,2.483900
1,2,112.849958,28.249901,2.570600,27.839100,1.680000
1,2,112.879279,29.320698,3.166400,29.592600,2.082800
1,2,112.906542,27.263302,3.123200,27.076599,1.849200
1,2,112.932801,26.258398,2.838900,26.473900,2.216200
1,2,112.960649,27.848002,3.092200,27.678101,2.399800
1,2,112.988612,27.963899,2.781300,27.576500,1.670200
1,2,113.016024,27.411900,3.009300,27.184999,1.774000
1,2,113.043172,27.148098,3.384500,27.818701,1.751800
1,2,113.070662,27.489103,2.712300,27.417700,1.698100
1,2,113.097371,26.709300,2.635600,26.771099,2.054400
1,2,113.125357,27.986098,2.577300,27.776400,1.616500
1,2,113.152599,27.242500,2.809800,27.467300,1.729000
1,2,113.179907,27.307600,2.538500,27.266800,2.094500
1,2,113.209744,29.836800,2.578600,29.818501,1.688300
1,2,113.240602,30.858502,2.648600,30.681900,1.850800
1,2,113.267422,26.819598,2.482800,27.291599,1.727000
1,2,113.296190,28.767701,2.141400,28.819901,1.489500
1,2,113.323746,27.556401,2.056800,27.426800,1.466000
1,2,113.350827,27.080499,2.162500,26.926901,1.615800
1,2,113.378158,27.331699,2.342200,27.505400,1.583600
1,2,113.407630,29.471502,2.357700,29.130600,1.900100
1,2,113.434635,27.004801,2.488900,27.170700,1.384900
1,2,113.461762,27.127098,2.403500,27.162399,2.072000
1,2,113.489344,27.582701,2.412800,27.389500,1.536200
1,2,113.516581,27.236700,2.417400,27.387400,1.526300
1,2,113.544015,27.434301,2.452300,27.182100,1.913300
1,2,113.572129,28.113399,2.696100,28.284000,1.577400
1,2,113.599252,27.123600,2.481600,26.214300,2.194200
1,2,113.625776,26.523899,3.480700,27.235800,1.618900
1,2,113.654801,29.024702,2.572500,28.934900,1.578900
1,2,113.683969,29.168498,2.796000,29.372400,1.596800
1,2,113.715811,31.842001,3.006000,31.789600,1.653500
1,2,113.743799,27.987100,2.813600,27.504499,2.032200
1,2,113.772588,28.788902,3.562600,29.293301,1.817800
1,2,113.802049,29.461697,2.922300,29.346300,1.648100
1,2,113.829503,27.454101,2.907700,27.530800,1.979700
1,2,113.856483,26.980001,2.498900,26.979300,1.940500
1,2,113.887994,31.510599,2.740300,31.638700,1.990900
1,2,113.914970,26.975900,2.116600,26.982500,1.906300
1,2,113.942343,27.373202,2.197800,27.485800,1.755000
1,2,113.970009,27.666397,2.056800,27.594601,1.815500
1,2,113.997193,27.183600,2.054000,27.013201,1.646600
1,2,114.026582,29.389400,2.240400,29.315399,1.609800
1,2,114.055413,28.830200,2.415500,28.425100,1.564200
1,2,114.082141,26.728403,2.727800,27.469601,1.763000
1,2,114.110638,28.497498,2.042400,28.371099,1.908600
1,2,114.139321,28.682198,2.079100,28.370300,1.537400
1,2,114.166954,27.633101,2.415200,27.688299,1.578300
1,2,114.194605,27.651101,2.383500,27.737499,1.531600
1,2,114.224112,29.507000,2.140800,29.355900,1.544200
1,2,114.251016,26.904501,2.498800,27.004601,1.412700
1,2,114.279651,28.634597,2.252400,28.907101,1.568100
1,2,114.307172,27.520601,2.021700,27.414000,1.509300
1,2,114.334705,27.533002,2.050000,27.414900,1.649900
1,2,114.362900,28.195698,2.119100,27.901400,1.667100
1,2,114.389658,26.757900,2.469100,27.174200,1.704700
1,2,114.417212,27.553700,2.077800,27.548401,1.467000
1,2,114.444593,27.380802,2.071600,27.022301,1.680300
1,2,114.471531,26.937999,2.414900,27.261101,1.490100
1,2,114.498965,27.434401,2.042500,27.425699,1.431100
1,2,114.528715,29.750198,2.117300,29.635000,1.683100
1,2,114.560781,32.065701,2.169100,31.864500,1.565300
1,2,114.590127,29.346202,2.276100,29.403200,1.464100
1,2,114.617861,27.733900,2.259100,27.708401,1.409300
1,2,114.647391,29.529698,2.326900,29.551701,1.651000
1,2,114.676640,29.249001,2.253900,29.407101,1.585900
1,2,114.706506,29.865801,2.284800,29.800301,1.499500
1,2,114.735998,29.491998,2.163300,29.313601,1.855400
1,2,114.765331,29.333599,2.538700,29.136801,1.465300
1,2,114.792795,27.464200,2.554200,27.462099,1.653500
1,2,114.822216,29.420301,2.560100,29.638500,1.533600
1,2,114.850938,28.721899,2.369500,28.744900,1.581200
1,2,114.880382,29.444501,2.061800,29.443600,1.460500
1,2,114.907655,27.273301,2.543400,27.168699,1.439100
1,2,114.935054,27.398299,2.255900,27.415001,1.379200
1,2,114.964435,29.381100,2.265900,29.450100,1.897500
1,2,114.991776,27.341202,2.310300,27.325199,1.704600
1,2,115.021052,29.276498,2.240200,29.172199,1.757100
1,2,115.048751,27.698800,2.233500,27.723200,1.347000
1,2,115.078462,29.710799,2.291600,29.322800,1.408700
1,2,115.106973,28.511100,2.567700,29.009800,1.526000
1,2,115.136850,29.877100,2.130100,29.444099,1.375200
1,2,115.164107,27.257003,2.479400,27.535200,1.454200
1,2,115.193363,29.256098,2.322200,29.332500,1.669200
1,2,115.221409,28.046001,2.227800,27.982401,1.694800
1,2,115.250739,29.329699,2.347800,29.031900,1.556700
1,2,115.277701,26.962303,2.381400,27.375299,1.404400
1,2,115.305462,27.760901,2.041900,27.552601,1.502400
1,2,115.335117,29.654697,2.260200,29.733900,1.479000
1,2,115.362827,27.710002,2.257200,27.715500,1.506500
1,2,115.389903,27.076099,2.121600,27.023600,1.464800
1,2,115.419768,29.865000,2.211000,29.593399,1.758400
1,2,115.446670,26.902299,2.535200,27.192900,1.672300
1,2,115.474484,27.813200,2.180500,27.638300,1.663400
1,2,115.504357,29.873602,2.211200,29.443100,1.577300
1,2,115.533451,29.094100,2.676500,29.285700,1.759700
1,2,115.561197,27.745299,2.618900,27.697701,1.850600
1,2,115.590125,28.928500,2.641100,28.854401,1.758800
1,2,115.617268,27.143199,2.666500,27.194401,1.571600
1,2,115.644935,27.666502,2.341000,27.699800,1.702800
1,2,115.671879,26.944198,2.412200,27.187000,1.654200
1,2,115.699549,27.670402,2.271600,27.587000,1.463100
1,2,115.727363,27.813800,2.601500,27.875099,2.044200
1,2,115.754974,27.610999,2.304200,27.414801,1.817100
1,2,115.782725,27.751002,2.367200,27.467100,1.624900
1,2,115.809583,26.858199,2.926800,27.486401,1.547400
1,2,115.839378,29.794298,2.142200,29.646900,1.687800
1,2,115.864546,25.167901,2.219500,25.063101,1.810700
1,2,115.893225,28.679002,2.359400,28.079800,1.845500
1,2,115.921122,27.897798,3.211300,28.410200,2.540500
1,2,115.948300,27.178101,2.602300,27.195700,1.827800
1,2,115.977702,29.401500,2.481000,29.175301,2.317600
1,2,116.005234,27.532298,2.677400,27.428801,1.621300
1,2,116.037795,32.560602,2.777200,27.542299,2.001400
1,2,116.059739,21.943800,7.754100,27.005699,1.894700
1,2,116.089299,29.560599,2.762900,29.110701,1.692300
1,2,116.115657,26.357301,3.052700,26.752100,2.103000
1,2,116.143026,27.369600,2.509400,27.226400,1.813600
1,2,116.170233,27.206801,2.589400,27.213301,1.900200
1,2,116.197264,27.031098,2.606900,27.077900,2.037900
1,2,116.224569,27.304601,2.544000,27.406601,1.785300
1,2,116.251339,26.770499,2.550700,27.022800,1.712300
1,2,116.278536,27.197301,2.185300,26.568399,1.662300
1,2,116.305373,26.836399,2.806400,27.290701,1.459300
1,2,116.332921,27.548600,2.516500,27.484800,1.894600
1,2,116.360348,27.426202,2.562100,27.722900,1.661300
1,2,116.389094,28.746299,2.254200,28.714899,1.812900
1,2,116.416783,27.688801,2.602900,27.546900,1.573100
1,2,116.445610,28.827600,2.220000,28.764601,1.606900
1,2,116.473401,27.790200,2.342300,27.694500,1.902800
1,2,116.500519,27.118597,2.309700,27.422501,1.479500
1,2,116.527628,27.109101,2.023800,26.823700,1.538300
1,2,116.555032,27.404200,2.556800,27.349600,1.927600
1,2,116.582960,27.927499,2.363500,28.011200,1.623600
1,2,116.611706,28.745901,2.293100,28.840401,1.998500
1,2,116.640774,29.068299,2.396600,29.048100,1.689200
1,2,116.667996,27.221899,2.330500,27.160299,1.869700
1,2,116.697609,29.612500,2.554800,29.671400,1.452200
1,2,116.726772,29.163700,2.641900,28.588699,1.851500
1,2,116.754719,27.946901,2.925900,27.806900,1.954500
1,2,116.780980,26.260700,3.116500,26.980200,1.728900
1,2,116.808547,27.566902,2.345100,27.624201,2.657700
1,2,116.839654,31.107198,2.240600,30.989700,2.124500
1,2,116.866836,27.181901,2.424600,27.187599,1.568400
1,2,116.894739,27.903400,2.216700,27.625900,1.694800
1,2,116.922336,27.596798,2.798100,27.763100,1.928000
1,2,116.948866,26.530299,2.569200,26.562201,1.724400
1,2,116.976574,27.707502,2.369900,27.597300,1.676500
1,2,117.004148,27.573798,2.586500,27.393000,1.519800
1,2,117.030992,26.844300,2.525800,27.281601,1.648400
1,2,117.060697,29.705301,2.086000,29.154100,1.808400
1,2,117.088631,27.933400,2.547300,27.948700,1.671400
1,2,117.115576,26.945099,2.554700,27.339001,1.540700
1,2,117.142206,26.630301,2.137700,26.550900,1.455100
1,2,117.170747,28.541200,2.396800,28.661800,1.832300
1,2,117.198072,27.324699,2.291400,27.106199,1.518800
1,2,117.226416,28.344002,2.277100,27.997900,1.380300
1,2,117.253859,27.443100,2.764300,27.100500,1.603500
1,2,117.282170,28.311200,3.099300,28.912901,1.475000
1,2,117.311229,29.058300,2.472100,29.214500,1.803500
1,2,117.340353,29.124200,2.371100,28.960400,1.880200
1,2,117.368132,27.779300,2.433600,27.298500,1.790800
1,2,117.394840,26.707999,3.003800,27.184299,2.088600
1,2,117.424981,30.140799,2.860600,29.854601,1.991400
1,2,117.456021,31.039700,2.814200,31.320999,2.336000
1,2,117.485049,29.028602,2.696400,29.108000,1.980400
1,2,117.512139,27.089700,2.239400,26.842501,1.764100
1,2,117.541956,29.817499,2.494700,30.230600,1.478600
1,2,117.568804,26.847702,2.051000,26.815800,1.873700
1,2,117.597172,28.367698,1.930400,27.867599,1.657000
1,2,117.625860,28.688002,2.622300,29.052700,1.785700
1,2,117.654674,28.813798,2.169600,28.674999,1.697100
1,2,117.681181,26.507601,2.108900,26.423500,1.856200
1,2,117.711590,30.409098,2.654400,30.635401,1.956700
1,2,117.740723,29.133003,2.259800,29.155001,1.775400
1,2,117.770143,29.420096,2.048400,29.193100,1.715700
1,2,117.797381,27.237903,2.273900,27.300200,1.866300
1,2,117.824939,27.557299,2.194200,27.595200,1.592200
1,2,117.851969,27.030800,2.246600,26.947901,1.428700
1,2,117.881226,29.256299,2.270000,29.164200,1.817600
1,2,117.908487,27.261000,2.341500,27.475201,1.747500
1,2,117.935977,27.489901,2.034400,27.373899,1.417000
1,2,117.963187,27.210701,2.147400,26.994301,1.812600
1,2,117.991925,28.737899,2.351900,28.080500,1.735500
1,2,118.018184,26.259102,3.301700,26.901899,2.046700
1,2,118.044590,26.405998,2.584500,26.603100,2.015900
1,2,118.074610,30.019403,2.211900,29.228500,1.768700
1,2,118.101115,26.505299,2.889900,27.157900,1.721700
1,2,118.128604,27.489301,2.422000,27.608101,1.492300
1,2,118.156406,27.801998,2.175000,27.691799,1.500300
1,2,118.185810,29.404201,2.195700,29.371799,2.078800
1,2,118.217397,31.586401,2.266200,31.335199,1.575500
1,2,118.244952,27.555197,2.409700,27.572701,1.563400
1,2,118.274375,29.423002,2.301400,29.421801,1.568500
1,2,118.301696,27.321201,2.537400,27.544800,1.534100
1,2,118.329443,27.746797,2.070700,27.747801,1.424200
1,2,118.358790,29.346902,2.102500,29.212999,1.295100
1,2,118.387973,29.182602,2.263800,29.376600,1.629000
1,2,118.416005,28.032299,2.159000,27.603500,1.790100
1,2,118.443427,27.421799,2.880100,27.554501,1.426200
1,2,118.470689,27.262602,2.309100,27.336599,1.452000
1,2,118.499912,29.222500,2.270200,29.381599,1.444500
1,2,118.527360,27.448598,2.133300,27.260300,1.512300
1,2,118.554933,27.572300,2.269700,27.561501,2.051400
1,2,118.582338,27.405500,2.263300,27.421700,1.642000
1,2,118.609962,27.623601,2.265500,27.585300,1.598700
1,2,118.639039,29.077198,2.227500,28.648001,1.799900
1,2,118.666211,27.171701,2.694500,27.194300,1.422500
1,2,118.693870,27.659200,2.816600,27.859400,1.516300
1,2,118.721185,27.315497,2.514100,27.434000,1.818000
1,2,118.749006,27.820203,2.459000,27.905600,1.503600
1,2,118.775899,26.893698,2.262800,26.899700,1.926500
1,2,118.803540,27.640499,2.219900,27.393200,1.980500
1,2,118.832624,29.084001,2.520500,29.200500,1.640800
1,2,118.861261,28.637502,2.142200,28.226900,1.871100
1,2,118.887200,25.938597,2.834500,26.112900,2.187600
1,2,118.915067,27.867302,2.703400,27.881001,1.638900
1,2,118.942031,26.963901,2.394500,27.119301,1.475200
1,2,118.972820,30.789398,2.346200,30.522800,1.559700
1,2,119.000211,27.390901,2.702200,27.579000,1.642900
1,2,119.030269,30.057400,2.685100,29.811600,1.787800
1,2,119.058290,28.021198,3.119600,28.174601,1.706000
1,2,119.084538,26.247803,2.610000,26.476101,2.208500
1,2,119.114236,29.698499,2.603300,29.436600,1.867500
1,2,119.140805,26.568800,2.473400,26.865101,1.650900
1,2,119.168202,27.396798,2.469700,27.374500,1.956000
1,2,119.198528,30.326400,2.545300,29.982500,1.819900
1,2,119.225737,27.208902,2.506700,27.469101,1.824500
1,2,119.253166,27.429201,2.219500,27.351400,1.838700
1,2,119.281828,28.661698,2.361800,28.429100,1.631000
1,2,119.310214,28.386101,2.623800,28.681299,1.876700
1,2,119.339809,29.594701,2.304100,29.606300,1.942900
1,2,119.369858,30.049000,2.340500,29.988501,1.626600
1,2,119.396923,27.064700,2.238200,27.178400,1.610900
1,2,119.427204,30.281499,2.090100,29.625099,1.861900
1,2,119.454198,26.994001,2.913400,27.639299,1.829100
1,2,119.481130,26.931599,2.170100,26.784599,1.812900
1,2,119.510077,28.947502,2.311600,29.047501,1.440900
1,2,119.539155,29.077698,2.138000,29.048100,1.410500
1,2,119.567339,28.183602,2.120200,27.769400,1.616500
1,2,119.594655,27.316798,2.496800,27.559200,1.450800
1,2,119.621542,26.886303,2.297300,27.017200,1.575600
1,2,119.650027,28.485399,2.212000,28.084900,1.955600
1,2,119.678399,28.372299,2.554300,28.852400,1.614200
1,2,119.705870,27.470801,2.133100,27.306801,1.624900
1,2,119.734074,28.204098,2.190800,27.918800,1.684800
1,2,119.763639,29.564500,2.418200,29.634899,1.512900
1,2,119.790797,27.158700,2.419200,27.219000,1.518600
1,2,119.820800,30.002702,2.393600,29.834700,1.695000
1,2,119.849996,29.195800,2.548800,29.276501,1.909400
1,2,119.877572,27.576100,2.825400,27.392900,2.116200
1,2,119.904959,27.386598,2.543100,27.359100,1.755600
1,2,119.933961,29.002901,2.734600,29.066500,1.665100
1,2,119.963320,29.358998,2.908900,29.429199,1.741100
1,2,119.992709,29.388402,2.510000,29.270201,1.956500
1,2,120.021605,28.895602,2.659300,29.013201,2.112600
1,2,120.049180,27.575798,2.414800,27.294300,1.692200
1,2,120.076306,27.126100,2.662000,27.563000,1.359700
1,2,120.103387,27.080499,2.136400,27.141199,1.766900
1,2,120.131165,27.777903,2.145000,27.624800,1.299300
1,2,120.158285,27.119998,2.346900,27.195601,1.479100
1,2,120.187541,29.255901,2.190500,29.271000,1.421200
1,2,120.217570,30.028902,2.200900,29.542000,1.597400
1,2,120.244828,27.258098,2.858300,27.339500,1.745800
1,2,120.272105,27.277399,2.654000,27.292200,1.663400
1,2,120.300792,28.686602,2.681300,28.999399,1.733800
1,2,120.329018,28.225899,2.185200,28.215099,1.567600
1,2,120.357959,28.941602,2.242400,28.702400,1.732300
1,2,120.387858,29.898398,2.610300,29.543699,2.319100
1,2,120.414727,26.869703,3.250600,27.082300,3.075600
1,2,120.445175,30.447297,2.999400,30.629000,1.741900
1,2,120.474097,28.922401,2.417500,28.844299,1.703600
1,2,120.505439,31.341899,2.733700,31.340799,1.983500
1,2,120.532875,27.436301,2.956100,27.344500,1.598800
1,2,120.559607,26.732098,2.660400,26.681900,2.095600
1,2,120.588337,28.729402,2.757700,28.895901,1.675900
1,2,120.615545,27.208202,2.648600,27.084801,2.040600
1,2,120.642759,27.214598,2.663700,27.243500,1.881500
1,2,120.670003,27.243402,2.522600,27.265800,2.256700
1,2,120.700245,30.242100,2.713200,30.039000,1.851700
1,2,120.728961,28.715897,2.920000,29.003401,1.674400
1,2,120.758245,29.284202,2.359000,29.102501,1.616400
1,2,120.787757,29.511999,3.024900,29.584999,1.667200
1,2,120.816793,29.035501,2.467200,28.966999,1.836100
1,2,120.845888,29.095300,2.404400,29.237101,1.714300
1,2,120.873810,27.922299,2.341300,27.726601,2.210600
1,2,120.902858,29.047903,2.491200,29.025999,1.708400
1,2,120.931860,29.002000,2.573600,29.101101,1.835400
1,2,120.959875,28.014999,2.874400,27.844299,1.717900
1,2,120.990347,30.472398,2.518100,30.755400,1.628200
1,2,121.017832,27.484700,2.345900,27.622101,1.498700
1,2,121.048182,30.349903,2.169600,29.986900,1.315200
1,2,121.079972,31.789798,2.452400,29.143400,1.601500
1,2,121.105060,25.088601,4.970800,27.256800,1.946000
1,2,121.136456,31.395901,2.786600,31.224300,1.792500
1,2,121.165459,29.002100,3.032800,29.408100,1.750500
1,2,121.193914,28.455697,2.808500,28.576700,2.027600
1,2,121.223694,29.780101,2.774600,29.749001,1.936200
1,2,121.250977,27.282599,2.800900,27.094500,2.026900
1,2,121.279609,28.632503,2.764000,28.861000,1.939900
1,2,121.306783,27.173497,2.422000,26.958700,2.097800
1,2,121.333672,26.888903,2.688700,27.229799,1.996700
1,2,121.362714,29.042099,2.427100,28.926100,1.679900
1,2,121.391471,28.757598,2.502500,29.009701,1.527100
1,2,121.418828,27.356703,2.200000,27.324499,1.520200
1,2,121.446297,27.469199,2.093800,27.361000,1.477000
1,2,121.473316,27.019098,2.088500,26.777100,1.814100
1,2,121.502793,29.476900,2.431500,29.536600,2.359200
1,2,121.529331,26.538000,2.341600,26.481400,2.210400
1,2,121.558004,28.672703,2.476900,28.921600,1.941700
1,2,121.585603,27.599201,2.161100,27.419001,1.650800
1,2,121.612686,27.083099,2.397100,27.264000,1.630800
1,2,121.642503,29.816300,2.047900,29.445101,1.573700
1,2,121.671954,29.451098,2.322000,29.328300,1.700900
1,2,121.699576,27.622003,2.854400,27.624800,1.987600
1,2,121.727707,28.131299,2.836500,28.365601,2.006800
1,2,121.756275,28.568100,2.604300,28.538200,1.621800
1,2,121.783449,27.173601,2.377400,27.391701,1.706900
1,2,121.813080,29.631197,2.156400,29.271400,2.033800
1,2,121.841041,27.960703,2.523500,27.676701,1.534600
1,2,121.866259,25.217999,2.792000,25.524200,2.170200
1,2,121.894557,28.298501,2.618700,28.785999,1.910500
1,2,121.922265,27.707800,1.860200,27.566401,1.990200
1,2,121.949615,27.350299,2.138500,27.331699,1.752600
1,2,121.978368,28.752398,2.214400,28.790501,1.626700
1,2,122.005943,27.575001,2.086200,27.426300,1.597500
1,2,122.033441,27.498800,2.151600,27.287399,1.788300
1,2,122.060865,27.424000,2.354500,27.633699,1.482900
1,2,122.088053,27.187001,2.187700,26.955601,2.034800
1,2,122.117366,29.313099,2.359600,29.429899,1.929800
1,2,122.143987,26.621699,2.279500,26.829100,1.416700
1,2,122.171668,27.680501,2.276200,27.482000,1.649100
1,2,122.201327,29.658701,2.793400,29.337700,1.630500
1,2,122.228504,27.177297,2.536500,27.310101,2.209600
1,2,122.259052,30.548602,2.371000,30.732300,1.525900
1,2,122.288286,29.233400,2.191500,28.848000,1.688600
1,2,122.315531,27.245499,2.914700,27.513700,2.139100
1,2,122.344853,29.321402,2.356800,29.087799,1.539300
1,2,122.372442,27.589198,2.590300,27.674400,1.699500
1,2,122.400626,28.184000,2.496000,28.215099,1.997700
1,2,122.427958,27.332600,2.480300,27.470501,1.917100
1,2,122.456095,28.136998,2.333100,27.648100,1.626500
1,2,122.484538,28.443001,2.841300,28.914200,1.506900
1,2,122.512067,27.528901,2.283200,27.532499,1.401300
1,2,122.539941,27.873900,2.251000,27.481899,1.634800
1,2,122.567205,27.263798,2.958800,27.587200,1.454800
1,2,122.596095,28.890003,2.246800,28.923201,1.525600
1,2,122.626289,30.193798,2.222200,29.269501,2.055500
1,2,122.654965,28.676402,3.268900,29.109800,1.628600
1,2,122.682639,27.673397,2.733200,27.511200,1.704500
1,2,122.714292,31.652901,3.285300,32.369202,1.618300
1,2,122.740966,26.674200,2.493800,26.462000,1.605100
1,2,122.772712,31.746201,2.348700,31.802799,1.800200
1,2,122.800228,27.516298,3.307600,27.204399,1.731600
1,2,122.829285,29.057100,2.473300,29.396200,1.781900
1,2,122.856498,27.212899,2.113300,27.116501,1.692900
1,2,122.886306,29.808201,2.336200,29.912201,1.740300
1,2,122.913086,26.779100,2.147900,26.748100,1.590100
1,2,122.942524,29.438701,2.093300,29.349600,1.796100
1,2,122.970737,28.212499,2.348600,28.222200,1.792800
1,2,123.002694,31.957302,2.255900,31.856600,2.226800
1,2,123.031531,28.837297,2.277100,28.944799,1.703900
1,2,123.058372,26.840601,2.247800,26.754000,1.478600
1,2,123.087940,29.568300,2.237800,29.434299,1.630900
1,2,123.116854,28.913300,2.390300,27.931400,1.819400
1,3,130.269591,27.008101,2.421700,27.059200,1.818900
