Cycle,Round,ReadWallSeconds,UniqueGPUFrameMS,Disjoint
1,1,5.514260,4.466000,0
1,1,5.531162,5.030800,0
1,1,5.547624,5.097300,0
1,1,5.564416,4.490100,0
1,1,5.581027,5.118600,0
1,1,5.597665,4.492500,0
1,1,5.614349,4.531300,0
1,1,5.631405,4.635800,0
1,1,5.647925,5.076400,0
1,1,5.664729,4.433400,0
1,1,5.681124,4.477000,0
1,1,5.697931,5.104000,0
1,1,5.714788,5.045200,0
1,1,5.731385,5.282800,0
1,1,5.748042,4.480400,0
1,1,5.764566,4.641300,0
1,1,5.781086,4.461300,0
1,1,5.797979,4.440000,0
1,1,5.814944,4.426200,0
1,1,5.831155,4.497800,0
1,1,5.848201,4.508900,0
1,1,5.864381,4.436200,0
1,1,5.881163,5.250800,0
1,1,5.898110,4.433500,0
1,1,5.914569,4.766000,0
1,1,5.931426,4.433100,0
1,1,5.947886,4.575100,0
1,1,5.964978,4.458500,0
1,1,5.981049,4.535800,0
1,1,5.998103,4.431000,0
1,1,6.014504,4.492700,0
1,1,6.031352,5.057600,0
1,1,6.047871,4.512800,0
1,1,6.064595,4.507500,0
1,1,6.081163,4.467200,0
1,1,6.097823,4.538600,0
1,1,6.114514,4.432500,0
1,1,6.131363,5.300400,0
1,1,6.148007,4.460700,0
1,1,6.164619,4.573100,0
1,1,6.181309,4.399900,0
1,1,6.197783,4.511700,0
1,1,6.214693,5.021200,0
1,1,6.231300,4.760000,0
1,1,6.247898,5.452900,0
1,1,6.264573,4.460500,0
1,1,6.281137,4.624200,0
1,1,6.297869,5.064600,0
1,1,6.314695,4.516700,0
1,1,6.331206,4.464200,0
1,1,6.348370,4.904400,0
1,1,6.364546,4.462500,0
1,1,6.381411,4.935200,0
1,1,6.398222,4.455300,0
1,1,6.414347,4.489800,0
1,1,6.431002,5.031300,0
1,1,6.447817,5.035500,0
1,1,6.464633,4.569300,0
1,1,6.481111,4.475100,0
1,1,6.498461,4.463600,0
1,1,6.514820,4.579900,0
1,1,6.531214,5.077600,0
1,1,6.548007,4.433700,0
1,1,6.564632,4.472800,0
1,1,6.581270,4.467700,0
1,1,6.597719,5.098400,0
1,1,6.614545,4.464200,0
1,1,6.631023,4.554900,0
1,1,6.648223,4.437300,0
1,1,6.664444,4.481600,0
1,1,6.681450,5.201200,0
1,1,6.698943,5.013500,0
1,1,6.714540,4.633000,0
1,1,6.731347,4.463700,0
1,1,6.747933,5.472400,0
1,1,6.764514,4.441300,0
1,1,6.781410,4.652500,0
1,1,6.797904,4.457300,0
1,1,6.814461,5.149000,0
1,1,6.831202,4.467100,0
1,1,6.847820,4.614000,0
1,1,6.864631,4.479500,0
1,1,6.881121,4.549200,0
1,1,6.897984,4.866700,0
1,1,6.914478,5.074300,0
1,1,6.931232,5.191000,0
1,1,6.948035,4.432300,0
1,1,6.964521,5.186000,0
1,1,6.981367,5.047400,0
1,1,6.997843,4.439500,0
1,1,7.014659,4.486700,0
1,1,7.031147,4.533400,0
1,1,7.048627,4.507900,0
1,1,7.064558,4.478700,0
1,1,7.081437,4.443400,0
1,1,7.097895,4.483100,0
1,1,7.114886,4.480600,0
1,1,7.131134,4.453700,0
1,1,7.148109,4.420400,0
1,1,7.164565,4.474300,0
1,1,7.181353,5.073400,0
1,1,7.198003,4.489200,0
1,1,7.215003,4.617900,0
1,1,7.231489,4.469900,0
1,1,7.248565,4.471300,0
1,1,7.264842,4.498600,0
1,1,7.281711,5.240400,0
1,1,7.298254,4.477400,0
1,1,7.314919,4.455900,0
1,1,7.331580,5.077800,0
1,1,7.348257,4.470300,0
1,1,7.364873,5.221900,0
1,1,7.381669,4.420600,0
1,1,7.398580,4.447900,0
1,1,7.414926,4.736900,0
1,1,7.431747,4.592900,0
1,1,7.448467,5.258700,0
1,1,7.469875,5.098700,0
1,1,7.481635,4.528000,0
1,1,7.498962,4.700500,0
1,1,7.514964,4.436600,0
1,1,7.531770,4.469400,0
1,1,7.548274,4.498900,0
1,1,7.565307,4.441300,0
1,1,7.581769,4.576100,0
1,1,7.598503,4.443200,0
1,1,7.614868,5.462200,0
1,1,7.631736,4.498500,0
1,1,7.648435,4.735600,0
1,1,7.665079,4.466900,0
1,1,7.682087,4.899500,0
1,1,7.698589,4.741200,0
1,1,7.714961,4.733000,0
1,1,7.731561,4.509000,0
1,1,7.748645,5.111000,0
1,1,7.764861,4.421800,0
1,1,7.781420,5.348500,0
1,1,7.798258,4.460500,0
1,1,7.814825,5.246100,0
1,1,7.831625,4.449500,0
1,1,7.848094,4.774800,0
1,1,7.865001,4.912300,0
1,1,7.881804,4.609000,0
1,1,7.898112,5.110500,0
1,1,7.915112,4.451000,0
1,1,7.931652,4.466500,0
1,1,7.948549,4.497900,0
1,1,7.964958,4.670400,0
1,1,7.981545,4.465700,0
1,1,7.998323,4.502000,0
1,1,8.014980,4.441400,0
1,1,8.031621,4.490400,0
1,1,8.048462,4.453200,0
1,1,8.064814,4.449700,0
1,1,8.081679,4.427200,0
1,1,8.098418,4.504700,0
1,1,8.115194,4.519400,0
1,1,8.131653,5.110100,0
1,1,8.149004,4.512800,0
1,1,8.165027,4.435600,0
1,1,8.181688,4.519800,0
1,1,8.198363,4.495100,0
1,1,8.214846,5.239900,0
1,1,8.231394,4.466200,0
1,1,8.248238,4.533300,0
1,1,8.264716,4.457200,0
1,1,8.281549,4.486600,0
1,1,8.298255,4.413500,0
1,1,8.314958,5.206800,0
1,1,8.331487,4.608700,0
1,1,8.348245,4.682700,0
1,1,8.364822,4.446800,0
1,1,8.381635,4.666700,0
1,1,8.398313,5.495600,0
1,1,8.414897,4.607500,0
1,1,8.431566,4.569300,0
1,1,8.448305,4.449000,0
1,1,8.464919,4.436900,0
1,1,8.481677,4.439200,0
1,1,8.498811,4.443700,0
1,1,8.514944,4.549700,0
1,1,8.532273,5.532900,0
1,1,8.548807,4.455700,0
1,1,8.565310,4.570700,0
1,1,8.582247,4.481100,0
1,1,8.598553,4.424300,0
1,1,8.615292,4.497700,0
1,1,8.631845,4.446000,0
1,1,8.648854,5.519800,0
1,1,8.665308,4.668600,0
1,1,8.681927,4.644400,0
1,1,8.698557,4.910500,0
1,1,8.715309,4.438200,0
1,1,8.732200,4.497700,0
1,1,8.748653,4.466200,0
1,1,8.765254,4.480900,0
1,1,8.781985,4.486300,0
1,1,8.798672,4.512100,0
1,1,8.815578,4.487600,0
1,1,8.831854,5.051100,0
1,1,8.849138,4.411600,0
1,1,8.865144,5.075500,0
1,1,8.881837,4.497400,0
1,1,8.898530,4.485100,0
1,1,8.915355,6.009000,0
1,1,8.931949,4.710700,0
1,1,8.948476,5.003100,0
1,1,8.965254,5.021800,0
1,1,8.981908,4.619200,0
1,1,8.998452,4.469700,0
1,1,9.015269,4.548300,0
1,1,9.032194,4.741200,0
1,1,9.049282,5.041500,0
1,1,9.065406,5.665300,0
1,1,9.082107,4.449400,0
1,1,9.098748,4.588500,0
1,1,9.115117,5.064400,0
1,1,9.132071,4.476700,0
1,1,9.148569,4.671700,0
1,1,9.165336,4.951800,0
1,1,9.182056,4.575600,0
1,1,9.198566,5.580900,0
1,1,9.215281,4.445800,0
1,1,9.232149,4.476900,0
1,1,9.248598,4.460500,0
1,1,9.265289,4.547000,0
1,1,9.282038,4.833200,0
1,1,9.298673,4.530700,0
1,1,9.315440,4.489000,0
1,1,9.331901,4.465700,0
1,1,9.348881,5.026500,0
1,1,9.365381,5.020800,0
1,1,9.381731,5.122000,0
1,1,9.398476,4.459500,0
1,1,9.415265,4.713300,0
1,1,9.431866,5.113400,0
1,1,9.449258,4.781000,0
1,1,9.465238,4.478500,0
1,1,9.482270,4.436600,0
1,1,9.498806,4.486600,0
1,1,9.516166,4.554500,0
1,1,9.532269,4.488100,0
1,1,9.549840,4.677000,0
1,1,9.565391,4.451700,0
1,1,9.581954,5.122500,0
1,1,9.598500,5.060400,0
1,1,9.615452,4.492900,0
1,1,9.632011,5.025400,0
1,1,9.648731,5.054900,0
1,1,9.666960,5.037300,0
1,1,9.682100,4.453200,0
1,1,9.698821,4.454300,0
1,1,9.715319,4.433500,0
1,1,9.731998,4.528400,0
1,1,9.748768,4.413100,0
1,1,9.765419,4.558000,0
1,1,9.782139,4.531400,0
1,1,9.798623,4.469500,0
1,1,9.815389,4.998300,0
1,1,9.831872,4.448200,0
1,1,9.848965,4.408600,0
1,1,9.865287,4.471400,0
1,1,9.882280,4.530500,0
1,1,9.898678,4.426400,0
1,1,9.915230,4.533500,0
1,1,9.932084,4.438000,0
1,1,9.948446,5.476600,0
1,1,9.965380,4.433100,0
1,1,9.981832,4.455200,0
1,1,9.998746,4.416200,0
1,1,10.015228,4.533900,0
1,1,10.032225,4.426600,0
1,1,10.048773,4.483900,0
1,1,10.065635,4.544300,0
1,1,10.082204,4.428200,0
1,1,10.098711,4.652300,0
1,1,10.115282,4.470100,0
1,1,10.131892,4.543100,0
1,1,10.148769,4.524200,0
1,1,10.165305,5.261600,0
1,1,10.182284,4.588300,0
1,1,10.198735,4.462200,0
1,1,10.215352,4.461600,0
1,1,10.232100,4.555600,0
1,1,10.248753,4.468400,0
1,1,10.265404,4.479200,0
1,1,10.282118,5.091200,0
1,1,10.298856,4.742300,0
1,1,10.315642,4.424500,0
1,1,10.331973,5.061500,0
1,1,10.349385,5.074800,0
1,1,10.365315,4.469400,0
1,1,10.382225,5.337200,0
1,1,10.398885,4.473600,0
1,1,10.415443,5.128600,0
1,1,10.432064,4.451000,0
1,1,10.448522,5.508900,0
1,1,10.465380,4.426900,0
1,1,10.481950,4.603300,0
1,1,10.499014,5.031700,0
1,1,10.515306,4.889100,0
1,1,10.532247,4.422700,0
1,1,10.548735,4.451700,0
1,1,10.565518,4.421400,0
1,1,10.582012,4.430200,0
1,1,10.598738,4.739800,0
1,1,10.615293,4.405100,0
1,1,10.631921,6.164800,0
1,1,10.649363,4.524300,0
1,1,10.665221,4.777900,0
1,1,10.682431,4.438400,0
1,1,10.698583,4.419700,0
1,1,10.715491,5.434800,0
1,1,10.731992,4.471800,0
1,1,10.748633,4.558500,0
1,1,10.765314,4.475700,0
1,1,10.782372,4.486300,0
1,1,10.798869,4.438700,0
1,1,10.815311,4.416900,0
1,1,10.832407,6.154200,0
1,1,10.849724,4.435500,0
1,1,10.865789,4.465100,0
1,1,10.882366,5.329400,0
1,1,10.899270,4.427700,0
1,1,10.916029,4.616200,0
1,1,10.932709,4.405800,0
1,1,10.949309,4.655700,0
1,1,10.965802,5.123000,0
1,1,10.982557,4.728600,0
1,1,10.999265,4.434900,0
1,1,11.015690,4.671000,0
1,1,11.032837,4.463400,0
1,1,11.049126,4.553400,0
1,1,11.066249,4.422200,0
1,1,11.082583,4.495600,0
1,1,11.099490,4.758200,0
1,1,11.115769,4.515700,0
1,1,11.132889,5.484200,0
1,1,11.149233,4.570300,0
1,1,11.165844,4.436800,0
1,1,11.182679,4.439800,0
1,1,11.199104,4.894800,0
1,1,11.216242,4.496500,0
1,1,11.232325,4.621100,0
1,1,11.249332,5.033500,0
1,1,11.265766,4.681900,0
1,1,11.282382,4.436100,0
1,1,11.299260,4.413600,0
1,1,11.315892,4.492000,0
1,1,11.332834,4.468000,0
1,1,11.349216,4.442200,0
1,1,11.366127,4.735500,0
1,1,11.382635,4.482600,0
1,1,11.399229,4.445600,0
1,1,11.416142,4.411900,0
1,1,11.432290,4.412400,0
1,1,11.449115,5.113200,0
1,1,11.466259,5.186700,0
1,1,11.482554,4.515100,0
1,1,11.499232,4.457200,0
1,1,11.515976,5.570900,0
1,1,11.532909,4.842400,0
1,1,11.549888,4.650500,0
1,1,11.566041,4.468400,0
1,1,11.582653,5.609200,0
1,1,11.599317,4.486100,0
1,1,11.615957,5.605800,0
1,1,11.632693,4.459900,0
1,1,11.649721,5.248300,0
1,1,11.666034,4.469500,0
1,1,11.682709,4.604100,0
1,1,11.699900,5.024900,0
1,1,11.716537,4.520700,0
1,1,11.732967,4.466000,0
1,1,11.749679,4.523300,0
1,1,11.766813,4.412900,0
1,1,11.783063,4.937400,0
1,1,11.799626,5.466700,0
1,1,11.816507,4.459900,0
1,1,11.833012,4.445600,0
1,1,11.849976,4.470100,0
1,1,11.866461,4.478400,0
1,1,11.883099,4.615600,0
1,1,11.900225,5.053300,0
1,1,11.916238,5.169400,0
1,1,11.933208,4.893300,0
1,1,11.949884,4.559400,0
1,1,11.966444,4.468400,0
1,1,11.983072,4.660900,0
1,1,11.999870,4.484100,0
1,1,12.016396,4.465100,0
1,1,12.033065,4.419900,0
1,1,12.049868,4.444300,0
1,1,12.066252,4.428200,0
1,1,12.082906,5.073100,0
1,1,12.100444,4.841400,0
1,1,12.116190,4.450500,0
1,1,12.132897,4.439800,0
1,1,12.150009,4.456100,0
1,1,12.166297,4.434300,0
1,1,12.182877,5.095100,0
1,1,12.199763,4.434000,0
1,1,12.216394,5.057000,0
1,1,12.232849,5.070300,0
1,1,12.249893,4.469700,0
1,1,12.266566,4.704200,0
1,1,12.282869,5.040100,0
1,1,12.299626,5.008900,0
1,1,12.316264,4.479000,0
1,1,12.332798,5.172300,0
1,1,12.349985,4.456900,0
1,1,12.366155,4.429400,0
1,1,12.382986,5.073100,0
1,1,12.399962,4.454100,0
1,1,12.416639,4.476600,0
1,1,12.432968,5.054900,0
1,1,12.449546,4.512900,0
1,1,12.466235,5.284100,0
1,1,12.482849,4.606700,0
1,1,12.499881,4.516500,0
1,1,12.516607,4.457800,0
1,1,12.532947,4.779900,0
1,1,12.549778,5.052400,0
1,1,12.570451,4.447800,0
1,1,12.583217,4.603400,0
1,1,12.600084,4.963300,0
1,1,12.616546,5.181700,0
1,1,12.633207,5.124600,0
1,1,12.650290,4.610500,0
1,1,12.666570,4.560600,0
1,1,12.683194,4.503500,0
1,1,12.700373,4.995600,0
1,1,12.716530,4.466800,0
1,1,12.733275,4.562300,0
1,1,12.750026,4.579500,0
1,1,12.766651,4.879400,0
1,1,12.783125,4.895000,0
1,1,12.799847,4.540800,0
1,1,12.816640,4.462800,0
1,1,12.833140,4.483500,0
1,1,12.849883,4.459400,0
1,1,12.866483,4.447400,0
1,1,12.883405,5.007000,0
1,1,12.899854,4.440000,0
1,1,12.916303,4.956100,0
1,1,12.933554,4.468100,0
1,1,12.949682,4.742400,0
1,1,12.966546,4.455600,0
1,1,12.983101,4.466900,0
1,1,13.000048,5.187700,0
1,1,13.016642,4.488100,0
1,1,13.033025,4.474300,0
1,1,13.050141,4.439300,0
1,1,13.066671,4.476000,0
1,1,13.082976,5.062400,0
1,1,13.099706,4.988100,0
1,1,13.116237,5.476900,0
1,1,13.132959,4.865900,0
1,1,13.150003,4.543300,0
1,1,13.166390,4.480100,0
1,1,13.183075,4.444700,0
1,1,13.199639,4.521200,0
1,1,13.216736,4.444600,0
1,1,13.232966,4.400600,0
1,1,13.249897,4.390700,0
1,1,13.266210,4.448300,0
1,1,13.283127,4.703000,0
1,1,13.299667,4.434700,0
1,1,13.316356,5.558000,0
1,1,13.332968,4.418800,0
1,1,13.349765,5.170800,0
1,1,13.367052,4.499100,0
1,1,13.383321,4.424100,0
1,1,13.399876,4.465300,0
1,1,13.416647,4.438400,0
1,1,13.433373,4.435000,0
1,1,13.450111,4.751800,0
1,1,13.466714,4.465200,0
1,1,13.483173,5.048000,0
1,1,13.500375,5.018600,0
1,1,13.516598,4.690200,0
1,1,13.533614,5.430100,0
1,1,13.549870,4.428900,0
1,1,13.566693,4.489200,0
1,1,13.583297,4.498200,0
1,1,13.600178,4.606600,0
1,1,13.616642,4.549100,0
1,1,13.633351,4.661800,0
1,1,13.650009,4.466400,0
1,1,13.666830,4.590100,0
1,1,13.683985,4.526700,0
1,1,13.700271,4.729300,0
1,1,13.716936,4.567100,0
1,1,13.733962,4.480500,0
1,1,13.750387,4.565500,0
1,1,13.767205,4.488800,0
1,1,13.783429,4.571400,0
1,1,13.800182,4.988300,0
1,1,13.816799,4.471100,0
1,1,13.833290,4.654600,0
1,1,13.850046,4.441000,0
1,1,13.866648,4.668500,0
1,1,13.883557,4.480100,0
1,1,13.899955,5.158400,0
1,1,13.916425,5.060000,0
1,1,13.933516,4.529000,0
1,1,13.950211,4.477300,0
1,1,13.966564,5.285400,0
1,1,13.983484,4.419800,0
1,1,14.000338,4.466600,0
1,1,14.016769,4.473200,0
1,1,14.033326,4.803800,0
1,1,14.050278,4.418600,0
1,1,14.066552,5.067900,0
1,1,14.083535,4.481700,0
1,1,14.099908,4.589200,0
1,1,14.116972,4.525700,0
1,1,14.133164,4.468800,0
1,1,14.150458,4.479300,0
1,1,14.166519,4.630300,0
1,1,14.183296,4.525300,0
1,1,14.200012,4.418800,0
1,1,14.216617,5.733000,0
1,1,14.233305,4.417700,0
1,1,14.249938,5.202600,0
1,1,14.266688,4.432200,0
1,1,14.283346,4.592900,0
1,1,14.300165,4.429800,0
1,1,14.316590,5.119800,0
1,1,14.334591,4.398400,0
1,1,14.350121,4.679800,0
1,1,14.366868,4.861500,0
1,1,14.383299,4.870400,0
1,1,14.400220,4.425100,0
1,1,14.416655,4.426500,0
1,1,14.433401,5.886900,0
1,1,14.449986,4.562300,0
1,1,14.466793,4.506600,0
1,1,14.483366,4.443800,0
1,1,14.500244,4.538900,0
1,1,14.517459,4.451200,0
1,1,14.533254,4.441900,0
1,1,14.550177,4.441200,0
1,1,14.566602,4.896900,0
1,1,14.584005,4.425000,0
1,1,14.600040,4.597700,0
1,1,14.616836,5.046500,0
1,1,14.633393,4.669200,0
1,1,14.651148,4.450900,0
1,1,14.666421,4.101500,0
1,1,14.683169,5.187100,0
1,1,14.700241,4.101200,0
1,1,14.716474,4.113100,0
1,1,14.733242,4.135900,0
1,1,14.750017,4.138900,0
1,1,14.766576,4.098900,0
1,1,14.783197,4.143600,0
1,1,14.799964,4.259700,0
1,1,14.816774,4.358500,0
1,1,14.833134,4.291200,0
1,1,14.849987,4.768500,0
1,1,14.866556,4.148800,0
1,1,14.883461,4.107200,0
1,1,14.899838,4.726000,0
1,1,14.916810,4.689800,0
1,1,14.933263,4.351500,0
1,1,14.949949,4.740900,0
1,1,14.966535,4.787500,0
1,1,14.983369,4.193200,0
1,1,15.000018,5.013300,0
1,1,15.016598,4.561300,0
1,1,15.033452,4.137900,0
1,1,15.049882,4.787400,0
1,1,15.066653,4.110400,0
1,1,15.083501,4.114900,0
1,1,15.100201,4.134400,0
1,1,15.116499,4.142000,0
1,1,15.133342,4.656500,0
1,1,15.150238,4.115800,0
1,1,15.166576,4.603100,0
1,1,15.183199,4.398100,0
1,1,15.200068,4.228400,0
1,1,15.216712,4.108100,0
1,1,15.233417,4.135900,0
1,1,15.249896,4.422900,0
1,1,15.266646,4.115900,0
1,1,15.283326,4.079900,0
1,1,15.300031,4.062300,0
1,1,15.316681,4.673500,0
1,1,15.333231,4.793800,0
1,1,15.349833,4.155100,0
1,1,15.366516,4.321100,0
1,1,15.383172,4.293500,0
1,1,15.399895,4.400100,0
1,1,15.416941,5.147000,0
1,1,15.433189,4.202600,0
1,1,15.450100,5.558200,0
1,1,15.466801,4.142900,0
1,1,15.483394,4.767300,0
1,1,15.500139,4.406700,0
1,1,15.517105,4.236700,0
1,1,15.533375,4.138700,0
1,1,15.550534,4.838200,0
1,1,15.566623,4.078700,0
1,1,15.583326,6.005200,0
1,1,15.600213,4.108300,0
1,1,15.616735,4.845700,0
1,1,15.633470,4.700100,0
1,1,15.650176,4.392000,0
1,1,15.666733,4.464900,0
1,1,15.683349,4.158800,0
1,1,15.700199,4.091900,0
1,1,15.716873,4.209100,0
1,1,15.733572,4.250200,0
1,1,15.750018,4.116200,0
1,1,15.767025,4.789800,0
1,1,15.784125,4.099000,0
1,1,15.799898,4.219600,0
1,1,15.817120,4.089900,0
1,1,15.833233,4.448200,0
1,1,15.850211,4.106100,0
1,1,15.866587,4.092300,0
1,1,15.883690,4.183700,0
1,1,15.900373,4.730600,0
1,1,15.916696,5.238400,0
1,1,15.933303,4.094800,0
1,1,15.950052,4.209900,0
1,1,15.966927,4.108900,0
1,1,15.983213,4.574100,0
1,1,16.000014,4.093000,0
1,1,16.016612,4.939900,0
1,1,16.033336,4.104300,0
1,1,16.050299,4.217000,0
1,1,16.066921,4.098000,0
1,1,16.083375,4.099200,0
1,1,16.100496,4.112000,0
1,1,16.116587,4.196500,0
1,1,16.133572,4.509300,0
1,1,16.150015,4.113700,0
1,1,16.166642,4.853100,0
1,1,16.183348,4.123800,0
1,1,16.200228,4.195500,0
1,1,16.216767,4.377200,0
1,1,16.233462,4.755800,0
1,1,16.250026,4.683600,0
1,1,16.266690,4.210300,0
1,1,16.283357,4.150000,0
1,1,16.300419,4.067100,0
1,1,16.316781,4.294100,0
1,1,16.333470,4.107300,0
1,1,16.349989,4.139100,0
1,1,16.366704,4.073900,0
1,1,16.383277,4.163000,0
1,1,16.400495,4.080000,0
1,1,16.416638,4.079300,0
1,1,16.433555,4.769500,0
1,1,16.450025,4.068200,0
1,1,16.466629,4.783700,0
1,1,16.483485,4.103700,0
1,1,16.500044,4.308400,0
1,1,16.516879,4.116700,0
1,1,16.533266,4.075300,0
1,1,16.550211,4.102300,0
1,1,16.566647,4.117400,0
1,1,16.583492,4.753900,0
1,1,16.600214,4.657700,0
1,1,16.616640,4.897900,0
1,1,16.633350,4.090500,0
1,1,16.650062,4.202500,0
1,1,16.667068,4.098400,0
1,1,16.683348,4.139100,0
1,1,16.700519,5.222900,0
1,1,16.716759,4.187600,0
1,1,16.733242,4.096700,0
1,1,16.750036,4.104800,0
1,1,16.767032,4.392600,0
1,1,16.783351,4.093000,0
1,1,16.799949,4.712500,0
1,1,16.816858,4.095800,0
1,1,16.833365,4.891000,0
1,1,16.850736,4.640800,0
1,1,16.866586,4.107900,0
1,1,16.884099,4.755000,0
1,1,16.900215,4.105700,0
1,1,16.917096,4.277300,0
1,1,16.933724,4.749000,0
1,1,16.950242,4.142000,0
1,1,16.967235,4.093400,0
1,1,16.983468,4.090500,0
1,1,17.000201,4.141500,0
1,1,17.017810,4.121600,0
1,1,17.033713,4.158700,0
1,1,17.050388,4.093300,0
1,1,17.067297,4.145800,0
1,1,17.083411,4.687100,0
1,1,17.100133,4.699800,0
1,1,17.116957,4.713100,0
1,1,17.133493,4.102500,0
1,1,17.150194,4.781200,0
1,1,17.166980,4.724000,0
1,1,17.183721,4.133900,0
1,1,17.200422,4.106800,0
1,1,17.216942,5.208800,0
1,1,17.233582,4.656800,0
1,1,17.250215,4.130000,0
1,1,17.266845,4.125700,0
1,1,17.283567,4.111000,0
1,1,17.300362,4.890600,0
1,1,17.317015,4.075300,0
1,1,17.333475,5.097300,0
1,1,17.350473,4.109800,0
1,1,17.366922,4.182500,0
1,1,17.383588,4.726200,0
1,1,17.400297,4.134900,0
1,1,17.416943,4.104200,0
1,1,17.434053,4.081700,0
1,1,17.450390,4.550300,0
1,1,17.466992,4.080000,0
1,1,17.483464,4.117300,0
1,1,17.500406,4.078000,0
1,1,17.516898,4.207500,0
1,1,17.534405,4.153400,0
1,1,17.550182,4.774200,0
1,1,17.567102,4.278600,0
1,1,17.583659,4.102300,0
1,1,17.600320,5.184100,0
1,1,17.617296,4.264800,0
1,1,17.633545,4.081100,0
1,1,17.650839,4.657700,0
1,1,17.671014,4.308400,0
1,1,17.684081,4.773500,0
1,1,17.700308,4.583800,0
1,1,17.717079,4.570800,0
1,1,17.733668,4.500800,0
1,1,17.750443,4.461100,0
1,1,17.767014,4.452100,0
1,1,17.784138,4.524100,0
1,1,17.800315,5.062100,0
1,1,17.816905,4.436500,0
1,1,17.833617,5.068600,0
1,1,17.850522,5.425400,0
1,1,17.867002,4.665800,0
1,1,17.883760,4.448400,0
1,1,17.900372,4.494600,0
1,1,17.916933,5.193900,0
1,1,17.933797,4.467700,0
1,1,17.950354,4.902100,0
1,1,17.967137,4.472800,0
1,1,17.983802,4.689000,0
1,1,18.000445,4.847700,0
1,1,18.017407,4.576400,0
1,1,18.033685,4.734100,0
1,1,18.050284,4.440000,0
1,1,18.066946,4.432400,0
1,1,18.083641,4.471600,0
1,1,18.100838,4.460700,0
1,1,18.117029,4.636400,0
1,1,18.133582,5.214100,0
1,1,18.150576,4.428000,0
1,1,18.166954,5.293900,0
1,1,18.184124,4.435500,0
1,1,18.200456,4.767500,0
1,1,18.217069,5.080200,0
1,1,18.233589,4.484200,0
1,1,18.250313,4.522700,0
1,1,18.266989,5.284800,0
1,1,18.284206,4.847900,0
1,1,18.300386,5.167600,0
1,1,18.316948,5.746800,0
1,1,18.333763,5.065100,0
1,1,18.351193,5.510600,0
1,1,18.367019,4.781200,0
1,1,18.383750,5.223000,0
1,1,18.400317,4.459400,0
1,1,18.416979,5.086300,0
1,1,18.433899,4.447600,0
1,1,18.450232,4.495700,0
1,1,18.467093,4.408400,0
1,1,18.483547,4.482300,0
1,1,18.500825,4.424500,0
1,1,18.516950,4.562900,0
1,1,18.533888,4.546900,0
1,1,18.550248,5.063700,0
1,1,18.567008,4.442500,0
1,1,18.583715,4.428000,0
1,1,18.600366,4.582200,0
1,1,18.617055,4.439000,0
1,1,18.633602,4.429100,0
1,1,18.650965,4.436900,0
1,1,18.666928,4.571900,0
1,1,18.684820,4.428500,0
1,1,18.700404,4.537700,0
1,1,18.717266,4.448300,0
1,1,18.733736,4.469300,0
1,1,18.750378,4.435600,0
1,1,18.767060,4.464500,0
1,1,18.783789,4.560800,0
1,1,18.800604,4.442300,0
1,1,18.817348,4.461500,0
1,1,18.833969,4.445900,0
1,1,18.851356,5.090700,0
1,1,18.867173,4.593800,0
1,1,18.883866,5.593700,0
1,1,18.900665,4.451000,0
1,1,18.917110,4.668900,0
1,1,18.933865,4.416400,0
1,1,18.950857,4.706600,0
1,1,18.967308,4.636300,0
1,1,18.983954,4.686100,0
1,1,19.000695,4.588300,0
1,1,19.017410,5.450300,0
1,1,19.033952,4.859800,0
1,1,19.050599,4.537900,0
1,1,19.067256,5.202100,0
1,1,19.084102,4.632300,0
1,1,19.100790,4.708700,0
1,1,19.117178,5.547300,0
1,1,19.134165,4.463000,0
1,1,19.150664,4.474000,0
1,1,19.167295,4.445300,0
1,1,19.183896,4.717100,0
1,1,19.200793,4.543800,0
1,1,19.217308,4.509800,0
1,1,19.233927,5.040700,0
1,1,19.250690,4.460100,0
1,1,19.267581,4.705300,0
1,1,19.284131,5.657800,0
1,1,19.300588,4.431200,0
1,1,19.317144,5.078800,0
1,1,19.334131,5.016500,0
1,1,19.351073,4.473300,0
1,1,19.367222,4.748200,0
1,1,19.383811,4.509300,0
1,1,19.400687,4.465000,0
1,1,19.417614,5.460000,0
1,1,19.435584,5.985400,0
1,1,19.450896,4.969400,0
1,1,19.467587,4.444200,0
1,1,19.484330,4.444400,0
1,1,19.500962,4.683900,0
1,1,19.517638,4.460100,0
1,1,19.534277,4.572500,0
1,1,19.551880,4.483100,0
1,1,19.567663,4.474500,0
1,1,19.584383,5.079200,0
1,1,19.601109,4.499300,0
1,1,19.617605,4.698500,0
1,1,19.634245,4.474400,0
1,1,19.650998,4.389000,0
1,1,19.667999,4.674800,0
1,1,19.684497,4.458700,0
1,1,19.701109,5.427600,0
1,1,19.717908,4.530700,0
1,1,19.735105,4.656000,0
1,1,19.751213,4.487600,0
1,1,19.767554,4.690400,0
1,1,19.784445,4.424900,0
1,1,19.800932,4.468700,0
1,1,19.817821,5.034200,0
1,1,19.834301,4.478900,0
1,1,19.851140,4.460300,0
1,1,19.867708,4.489300,0
1,1,19.884559,4.434000,0
1,1,19.900960,4.467200,0
1,1,19.917788,5.041000,0
1,1,19.934355,5.049000,0
1,1,19.950937,4.573800,0
1,1,19.967728,4.421000,0
1,1,19.984604,4.486600,0
1,1,20.000933,4.484200,0
1,1,20.017592,5.080500,0
1,1,20.034239,5.011300,0
1,1,20.051013,4.469000,0
1,1,20.067827,4.699100,0
1,1,20.084328,4.521100,0
1,1,20.100953,4.438800,0
1,1,20.117564,4.433600,0
1,1,20.134608,4.615800,0
1,1,20.150895,4.456400,0
1,1,20.167689,4.483300,0
1,1,20.184356,4.505900,0
1,1,20.200924,4.569400,0
1,1,20.217785,4.466900,0
1,1,20.234275,4.686200,0
1,1,20.251069,4.429100,0
1,1,20.267539,4.646200,0
1,1,20.284438,4.437400,0
1,1,20.300795,4.442000,0
1,1,20.317578,5.089100,0
1,1,20.334325,4.455800,0
1,1,20.350992,4.667400,0
1,1,20.367629,4.478100,0
1,1,20.384262,4.466000,0
1,1,20.400986,5.014400,0
1,1,20.417635,4.656500,0
1,1,20.434499,5.035500,0
1,1,20.450847,4.457700,0
1,1,20.467565,4.430900,0
1,1,20.484873,5.150000,0
1,1,20.501482,5.052600,0
1,1,20.517650,4.541000,0
1,1,20.534346,4.453700,0
1,1,20.551030,4.467000,0
1,1,20.567670,4.402200,0
1,1,20.584374,4.408800,0
1,1,20.600944,5.428400,0
1,1,20.617716,5.190300,0
1,1,20.634235,4.578800,0
1,1,20.651101,5.033100,0
1,1,20.667687,4.454500,0
1,1,20.684247,5.059000,0
1,1,20.701055,4.444800,0
1,1,20.717699,5.057400,0
1,1,20.734388,4.441700,0
1,1,20.751028,4.540100,0
1,1,20.768038,4.431800,0
1,1,20.784309,4.561700,0
1,1,20.800896,5.079200,0
1,1,20.817729,4.676800,0
1,1,20.834239,4.627200,0
1,1,20.850910,4.432700,0
1,1,20.867615,4.642300,0
1,1,20.884353,4.457900,0
1,1,20.900981,4.603400,0
1,1,20.917760,4.505300,0
1,1,20.934177,4.442000,0
1,1,20.950979,4.441800,0
1,1,20.967668,5.086200,0
1,1,20.984366,4.424800,0
1,1,21.001015,4.426700,0
1,1,21.017736,4.416300,0
1,1,21.034434,4.463300,0
1,1,21.050972,4.489300,0
1,1,21.067607,4.484200,0
1,1,21.084784,5.108200,0
1,1,21.101203,5.051300,0
1,1,21.117634,4.430900,0
1,1,21.134330,4.431600,0
1,1,21.151085,4.715000,0
1,1,21.167740,4.553400,0
1,1,21.184471,4.464400,0
1,1,21.201195,4.430000,0
1,1,21.217794,4.528000,0
1,1,21.234511,4.463000,0
1,1,21.251291,4.462300,0
1,1,21.267743,4.906900,0
1,1,21.284648,4.458300,0
1,1,21.301010,4.735100,0
1,1,21.317829,4.449000,0
1,1,21.334270,4.477900,0
1,1,21.351311,4.471900,0
1,1,21.367714,4.454500,0
1,1,21.384674,4.500800,0
1,1,21.401143,4.449500,0
1,1,21.417964,4.546300,0
1,1,21.434515,4.435600,0
1,1,21.451020,5.554700,0
1,1,21.468662,4.455400,0
1,1,21.484530,4.574700,0
1,1,21.501518,4.424400,0
1,1,21.517708,4.495600,0
1,1,21.534455,5.035300,0
1,1,21.551055,4.458300,0
1,1,21.567784,5.017500,0
1,1,21.584387,5.055900,0
1,1,21.600971,4.536100,0
1,1,21.617914,4.426600,0
1,1,21.634443,4.759500,0
1,1,21.652164,5.030300,0
1,1,21.667668,4.609300,0
1,1,21.684556,4.427200,0
1,1,21.701110,4.446400,0
1,1,21.717756,4.758700,0
1,1,21.734365,4.433300,0
1,1,21.751159,4.593800,0
1,1,21.767695,4.439600,0
1,1,21.784364,4.555900,0
1,1,21.801480,4.451800,0
1,1,21.817667,4.458500,0
1,1,21.834359,4.449400,0
1,1,21.851096,4.599200,0
1,1,21.867827,5.115000,0
1,1,21.884561,4.609500,0
1,1,21.901067,4.443300,0
1,1,21.917987,4.440800,0
1,1,21.934536,5.198000,0
1,1,21.950996,4.981900,0
1,1,21.967937,4.541100,0
1,1,21.984615,4.472500,0
1,1,22.001049,4.524900,0
1,1,22.017900,4.477600,0
1,1,22.034515,4.724100,0
1,1,22.051374,4.567500,0
1,1,22.067888,4.698000,0
1,1,22.084660,5.038800,0
1,1,22.101140,4.704600,0
1,1,22.117842,4.447600,0
1,1,22.134532,4.508500,0
1,1,22.151166,5.085100,0
1,1,22.167749,5.299700,0
1,1,22.184522,4.547800,0
1,1,22.201203,4.477700,0
1,1,22.217848,4.461500,0
1,1,22.234739,4.446500,0
1,1,22.251095,4.476900,0
1,1,22.267859,4.459500,0
1,1,22.284563,4.516600,0
1,1,22.301530,4.447300,0
1,1,22.317625,5.127900,0
1,1,22.334520,4.467600,0
1,1,22.351395,4.725400,0
1,1,22.368965,4.671500,0
1,1,22.384490,4.458700,0
1,1,22.401132,4.592200,0
1,1,22.417840,4.470000,0
1,1,22.434464,4.598400,0
1,1,22.451242,4.452000,0
1,1,22.467911,4.439100,0
1,1,22.484653,4.426800,0
1,1,22.501098,4.896400,0
1,1,22.517987,4.474200,0
1,1,22.534464,4.706000,0
1,1,22.551412,4.555800,0
1,1,22.567835,4.478800,0
1,1,22.584709,4.918500,0
1,1,22.601174,4.463700,0
1,1,22.617848,5.081000,0
1,1,22.634524,5.029600,0
1,1,22.651384,4.761800,0
1,1,22.667804,4.458400,0
1,1,22.684762,4.541900,0
1,1,22.701228,4.526100,0
1,1,22.718110,4.489500,0
1,1,22.738700,4.446200,0
1,1,22.751402,4.722100,0
1,1,22.768172,4.435000,0
1,1,22.785178,4.458000,0
1,1,22.801445,4.448500,0
1,1,22.818318,4.588200,0
1,1,22.834943,4.466300,0
1,1,22.851533,5.166900,0
1,1,22.868211,4.545700,0
1,1,22.884785,4.721700,0
1,1,22.901640,5.846000,0
1,1,22.918109,4.662800,0
1,1,22.934887,5.575300,0
1,1,22.951464,4.640600,0
1,1,22.967939,4.543200,0
1,1,22.984635,4.586300,0
1,1,23.001110,4.590800,0
1,1,23.017814,4.625500,0
1,1,23.034562,4.506600,0
1,1,23.051176,4.470700,0
1,1,23.068011,4.444400,0
1,1,23.084623,4.471000,0
1,1,23.101772,4.468700,0
1,1,23.117841,4.706000,0
1,1,23.134508,4.467000,0
1,1,23.151135,4.540600,0
1,1,23.168053,4.503000,0
1,1,23.184735,4.499000,0
1,1,23.201301,4.698600,0
1,1,23.217812,4.670600,0
1,1,23.234658,4.429500,0
1,1,23.251183,4.497500,0
1,1,23.268035,4.427400,0
1,1,23.284607,4.805000,0
1,1,23.301453,4.483300,0
1,1,23.317927,4.969800,0
1,1,23.334653,5.123900,0
1,1,23.351213,4.472400,0
1,1,23.368161,5.627200,0
1,1,23.384881,5.774200,0
1,1,23.401361,4.461600,0
1,1,23.418315,4.505500,0
1,1,23.434990,4.519400,0
1,1,23.451718,4.662500,0
1,1,23.467978,5.033400,0
1,1,23.484587,5.076600,0
1,1,23.501012,4.929100,0
1,1,23.517904,5.276800,0
1,1,23.534404,4.468600,0
1,1,23.551244,4.446000,0
1,1,23.567883,4.597300,0
1,1,23.584645,4.443100,0
1,1,23.601105,4.457800,0
1,1,23.617761,5.100800,0
1,1,23.634475,4.458000,0
1,1,23.651244,4.477900,0
1,1,23.667847,4.436000,0
1,1,23.684443,4.459800,0
1,1,23.701272,4.437600,0
1,1,23.718090,5.395200,0
1,1,23.734579,5.061700,0
1,1,23.751153,5.093000,0
1,1,23.767834,5.046500,0
1,1,23.784382,4.432200,0
1,1,23.801314,4.483900,0
1,1,23.817742,4.440000,0
1,1,23.834630,4.427800,0
1,1,23.851182,4.500900,0
1,1,23.867914,5.096400,0
1,1,23.884663,4.434700,0
1,1,23.901248,4.462900,0
1,1,23.917933,4.419400,0
1,1,23.934447,4.667200,0
1,1,23.951864,4.564000,0
1,1,23.967825,4.736000,0
1,1,23.984561,5.043300,0
1,1,24.001100,4.495900,0
1,1,24.018399,4.517600,0
1,1,24.034463,4.708800,0
1,1,24.051218,4.422500,0
1,1,24.067983,4.459200,0
1,1,24.084523,4.707600,0
1,1,24.101224,4.451900,0
1,1,24.118169,4.467800,0
1,1,24.135051,4.422400,0
1,1,24.151119,4.470600,0
1,1,24.167966,4.432400,0
1,1,24.184501,4.474100,0
1,1,24.201378,4.418200,0
1,1,24.217966,4.427900,0
1,1,24.234557,4.548200,0
1,1,24.251401,4.435900,0
1,1,24.268029,4.643900,0
1,1,24.284560,4.450000,0
1,1,24.301427,4.417700,0
1,1,24.317964,4.450600,0
1,1,24.334417,5.299200,0
1,1,24.351482,5.028500,0
1,1,24.367743,5.500900,0
1,1,24.384515,4.449700,0
1,1,24.401090,4.625400,0
1,1,24.417903,4.982700,0
1,1,24.434514,4.470200,0
1,1,24.451471,5.029000,0
1,1,24.468099,4.473400,0
1,1,24.484647,4.463100,0
1,1,24.501195,4.453100,0
1,1,24.517906,4.507300,0
1,1,24.534604,4.490700,0
1,1,24.551101,5.087000,0
1,1,24.568045,4.391900,0
1,1,24.584470,4.536700,0
1,1,24.601267,5.004500,0
1,1,24.617853,4.743900,0
1,1,24.634648,5.293800,0
1,1,24.651622,4.473000,0
1,1,24.668071,4.532500,0
1,1,24.684632,4.468600,0
1,1,24.701461,4.493000,0
1,1,24.717991,4.525500,0
1,1,24.734468,5.548700,0
1,1,24.751307,4.437900,0
1,1,24.767827,5.246300,0
1,1,24.784628,4.441600,0
1,1,24.801250,4.534400,0
1,1,24.817932,4.435100,0
1,1,24.834458,4.569700,0
1,1,24.851197,4.501200,0
1,1,24.867743,4.478900,0
1,1,24.885687,4.474900,0
1,1,24.901506,4.514800,0
1,1,24.917941,5.108600,0
1,1,24.934792,4.410100,0
1,1,24.951195,5.337200,0
1,1,24.968015,4.419100,0
1,1,24.984545,4.734900,0
1,1,25.001504,4.455400,0
1,1,25.018045,4.623400,0
1,1,25.034764,5.110600,0
1,1,25.051309,4.461800,0
1,1,25.067938,5.179000,0
1,1,25.084786,4.456700,0
1,1,25.101508,5.215400,0
1,1,25.118102,4.428900,0
1,1,25.134665,4.966300,0
1,1,25.151573,4.435500,0
1,1,25.167937,5.048000,0
1,1,25.184749,5.018200,0
1,1,25.201296,4.458500,0
1,1,25.217940,4.432200,0
1,1,25.234637,4.473100,0
1,1,25.251430,5.416400,0
1,1,25.268010,4.460500,0
1,1,25.285039,4.542000,0
1,1,25.301259,4.419200,0
1,1,25.317979,5.234800,0
1,1,25.334661,4.413700,0
1,1,25.351321,6.173400,0
1,1,25.368046,4.405000,0
1,1,25.384690,4.690100,0
1,1,25.401507,4.415800,0
1,1,25.418014,4.624700,0
1,1,25.434829,4.438800,0
1,1,25.451336,4.508300,0
1,1,25.468224,4.427000,0
1,1,25.484749,4.452600,0
1,1,25.501375,4.443400,0
1,1,25.518059,4.461900,0
1,1,25.534917,4.676200,0
1,1,25.551369,4.486500,0
1,1,25.567893,5.069600,0
1,1,25.584925,4.536100,0
1,1,25.601257,4.698900,0
1,1,25.618154,4.415600,0
1,1,25.634714,4.587600,0
1,1,25.651802,4.987600,0
1,1,25.668047,4.479300,0
1,1,25.685055,4.467100,0
1,1,25.701379,4.488000,0
1,1,25.718378,4.480100,0
1,1,25.734595,4.425800,0
1,1,25.751545,5.232700,0
1,1,25.768106,4.444800,0
1,1,25.784791,5.382100,0
1,1,25.801327,5.014700,0
1,1,25.817981,5.206900,0
1,1,25.835469,4.419500,0
1,1,25.851937,4.644800,0
1,1,25.868908,4.486900,0
1,1,25.885372,4.495200,0
1,1,25.902418,4.426400,0
1,1,25.918871,4.448600,0
1,1,25.935286,5.032400,0
1,1,25.952039,4.479900,0
1,1,25.968944,4.490900,0
1,1,25.985256,4.445500,0
1,1,26.002388,4.484800,0
1,1,26.018859,4.428400,0
1,1,26.035432,4.596400,0
1,1,26.051946,4.469100,0
1,1,26.068570,4.571400,0
1,1,26.085679,4.452100,0
1,1,26.101911,4.659800,0
1,1,26.118819,4.443000,0
1,1,26.135232,5.927300,0
1,1,26.152120,5.017100,0
1,1,26.168605,4.451800,0
1,1,26.185443,4.459400,0
1,1,26.202150,4.430500,0
1,1,26.218678,4.604900,0
1,1,26.235374,4.473300,0
1,1,26.252169,4.693000,0
1,1,26.268858,4.433000,0
1,1,26.285569,4.737600,0
1,1,26.302196,4.447700,0
1,1,26.318650,4.500600,0
1,1,26.335225,4.448300,0
1,1,26.351939,5.087000,0
1,1,26.368802,5.054500,0
1,1,26.385462,4.498400,0
1,1,26.401981,5.048800,0
1,1,26.418603,4.454300,0
1,1,26.435212,5.209200,0
1,1,26.452035,4.420900,0
1,1,26.468605,4.534500,0
1,1,26.485745,4.432000,0
1,1,26.501848,4.695800,0
1,1,26.519087,4.425800,0
1,1,26.535171,4.462400,0
1,1,26.552013,4.848900,0
1,1,26.568633,4.442200,0
1,1,26.585326,4.692700,0
1,1,26.602093,4.451200,0
1,1,26.618570,4.461600,0
1,1,26.635381,5.004200,0
1,1,26.651993,5.525400,0
1,1,26.668662,4.482900,0
1,1,26.685229,5.351400,0
1,1,26.702015,4.502900,0
1,1,26.718635,5.428300,0
1,1,26.735566,4.464000,0
1,1,26.751891,4.614200,0
1,1,26.769166,4.424000,0
1,1,26.785242,4.522000,0
1,1,26.802151,5.029500,0
1,1,26.818680,4.463900,0
1,1,26.835320,5.142300,0
1,1,26.852308,4.450400,0
1,1,26.868788,4.669400,0
1,1,26.885473,5.031000,0
1,1,26.901844,5.397900,0
1,1,26.918802,4.460700,0
1,1,26.935528,4.635500,0
1,1,26.952335,4.424500,0
1,1,26.968685,4.519500,0
1,1,26.985470,5.059400,0
1,1,27.001981,4.448300,0
1,1,27.018720,4.852500,0
1,1,27.035369,4.432700,0
1,1,27.052306,4.600500,0
1,1,27.068756,4.444700,0
1,1,27.085755,5.256700,0
1,1,27.101974,4.775900,0
1,1,27.119018,4.426900,0
1,1,27.135556,4.413600,0
1,1,27.152363,5.185700,0
1,1,27.168791,4.450500,0
1,1,27.185413,4.687200,0
1,1,27.202067,4.490000,0
1,1,27.219215,4.641200,0
1,1,27.235368,4.427100,0
1,1,27.252119,4.457500,0
1,1,27.268879,4.509800,0
1,1,27.285473,5.214800,0
1,1,27.302161,4.452200,0
1,1,27.318664,4.621700,0
1,1,27.335463,5.073000,0
1,1,27.351979,4.714100,0
1,1,27.368903,4.434500,0
1,1,27.385444,5.282800,0
1,1,27.402074,5.051300,0
1,1,27.418667,5.317800,0
1,1,27.435342,5.474100,0
1,1,27.452006,5.309400,0
1,1,27.468745,5.070900,0
1,1,27.485389,4.495400,0
1,1,27.502149,4.448100,0
1,1,27.518879,4.432000,0
1,1,27.535611,5.049400,0
1,1,27.551877,4.453900,0
1,1,27.568665,5.429500,0
1,1,27.585256,5.211200,0
1,1,27.602031,4.441500,0
1,1,27.618735,4.741200,0
1,1,27.635797,4.429000,0
1,1,27.652567,4.506200,0
1,1,27.668671,4.427100,0
1,1,27.685365,4.906600,0
1,1,27.701942,5.137100,0
1,1,27.718674,4.514700,0
1,1,27.735315,5.071900,0
1,1,27.751954,5.498400,0
1,1,27.769460,5.061500,0
1,1,27.785361,4.444300,0
1,1,27.801925,4.446400,0
1,1,27.818660,4.451600,0
1,1,27.835255,4.601200,0
1,1,27.852046,4.426800,0
1,1,27.868669,5.086100,0
1,1,27.888034,5.081000,0
1,1,27.902108,5.137200,0
1,1,27.918794,5.145500,0
1,1,27.935560,4.488000,0
1,1,27.952296,4.419400,0
1,1,27.968788,4.454100,0
1,1,27.985426,4.443800,0
1,1,28.002070,4.508200,0
1,1,28.018995,5.097300,0
1,1,28.035497,4.650400,0
1,1,28.052150,4.420200,0
1,1,28.068852,4.508700,0
1,1,28.085522,5.511600,0
1,1,28.102033,5.078300,0
1,1,28.118795,4.617200,0
1,1,28.135431,5.256100,0
1,1,28.152734,4.438600,0
1,1,28.168765,4.584000,0
1,1,28.185394,5.545700,0
1,1,28.202027,4.518600,0
1,1,28.218890,5.535400,0
1,1,28.235494,4.475900,0
1,1,28.251981,4.579700,0
1,1,28.268895,4.457600,0
1,1,28.285502,4.587400,0
1,1,28.302135,4.453500,0
1,1,28.318558,4.619100,0
1,1,28.335471,4.417500,0
1,1,28.351981,4.461200,0
1,1,28.368811,4.420100,0
1,1,28.385279,4.476500,0
1,1,28.402445,4.542400,0
1,1,28.418664,4.453500,0
1,1,28.435386,5.527800,0
1,1,28.452087,4.455100,0
1,1,28.469253,4.511400,0
1,1,28.485539,4.502000,0
1,1,28.502354,4.662300,0
1,1,28.518901,4.466800,0
1,1,28.535277,4.748400,0
1,1,28.552442,4.435600,0
1,1,28.568822,4.567700,0
1,1,28.585653,4.383600,0
1,1,28.602055,4.564900,0
1,1,28.618838,5.099100,0
1,1,28.635275,4.498200,0
1,1,28.652223,4.656600,0
1,1,28.668877,5.018200,0
1,1,28.685411,4.713200,0
1,1,28.702041,5.080800,0
1,1,28.718679,4.568000,0
1,1,28.735347,4.448900,0
1,1,28.752025,4.643900,0
1,1,28.769039,4.429000,0
1,1,28.785293,5.206400,0
1,1,28.802279,4.443600,0
1,1,28.819027,4.452700,0
1,1,28.835281,5.250400,0
1,1,28.852077,4.420000,0
1,1,28.868707,6.043500,0
1,1,28.885396,4.434800,0
1,1,28.902046,4.453200,0
1,1,28.918674,4.421500,0
1,1,28.935376,5.248300,0
1,1,28.952121,4.427500,0
1,1,28.968850,4.759100,0
1,1,28.985381,4.478100,0
1,1,29.002163,4.418200,0
1,1,29.018622,5.070100,0
1,1,29.035289,5.123100,0
1,1,29.052632,5.462700,0
1,1,29.068637,4.510000,0
1,1,29.085562,4.518400,0
1,1,29.102187,5.034200,0
1,1,29.119097,4.680500,0
1,1,29.135584,5.043500,0
1,1,29.152461,4.698500,0
1,1,29.169010,4.472800,0
1,1,29.185645,4.740500,0
1,1,29.202389,4.441100,0
1,1,29.219093,4.458400,0
1,1,29.236022,4.424300,0
1,1,29.252295,4.484700,0
1,1,29.269242,4.440300,0
1,1,29.285340,5.038800,0
1,1,29.302383,4.445100,0
1,1,29.318715,4.543100,0
1,1,29.336039,4.441300,0
1,1,29.352362,4.556200,0
1,1,29.368718,4.463900,0
1,1,29.385548,4.409200,0
1,1,29.402342,5.184800,0
1,1,29.418974,4.416800,0
1,1,29.435374,4.716500,0
1,1,29.452053,4.484400,0
1,1,29.469009,4.473900,0
1,1,29.485642,5.151200,0
1,1,29.502153,4.697200,0
1,1,29.518891,4.544100,0
1,1,29.535381,4.623100,0
1,1,29.552093,4.570600,0
1,1,29.568877,4.465600,0
1,1,29.586137,4.451200,0
1,1,29.602177,4.476600,0
1,1,29.619193,4.445700,0
1,1,29.635501,4.469100,0
1,1,29.652293,4.868200,0
1,1,29.669165,5.559800,0
1,1,29.685759,5.291400,0
1,1,29.702372,4.502600,0
1,1,29.719492,4.609000,0
1,1,29.735731,4.574700,0
1,1,29.752283,4.434900,0
1,1,29.769010,4.473400,0
1,1,29.785965,5.031600,0
1,1,29.802262,4.428500,0
1,1,29.818912,4.412100,0
1,1,29.835810,4.434600,0
1,1,29.852165,4.690900,0
1,1,29.868919,4.876100,0
1,1,29.885623,4.610600,0
1,1,29.902255,4.461300,0
1,1,29.919038,4.415200,0
1,1,29.935652,4.419900,0
1,1,29.953217,4.444200,0
1,1,29.969181,5.107800,0
1,1,29.985529,4.469300,0
1,1,30.002201,4.456300,0
1,1,30.019201,4.610000,0
1,1,30.035734,5.080600,0
1,1,30.052203,5.078700,0
1,1,30.068928,4.494900,0
1,1,30.085609,4.525100,0
1,1,30.102490,4.562900,0
1,1,30.118950,4.655100,0
1,1,30.135544,5.071600,0
1,1,30.152347,4.586700,0
1,1,30.168933,4.723600,0
1,1,30.185841,4.420700,0
1,1,30.202515,4.480900,0
1,1,30.218981,4.471000,0
1,1,30.235402,5.100200,0
1,1,30.252463,4.429100,0
1,1,30.268880,4.898000,0
1,1,30.285789,4.442300,0
1,1,30.302216,4.445900,0
1,1,30.319377,4.436000,0
1,1,30.335516,5.039500,0
1,1,30.352450,5.477500,0
1,1,30.369041,5.050300,0
1,1,30.385687,4.493600,0
1,1,30.402250,4.455400,0
1,1,30.418758,4.584700,0
1,1,30.435762,4.387600,0
1,1,30.452244,4.553800,0
1,1,30.469141,4.420000,0
1,1,30.485559,5.313000,0
1,1,30.502284,4.425800,0
1,1,30.518886,5.290100,0
1,1,30.535683,5.036100,0
1,1,30.552250,4.470900,0
1,1,30.568920,5.550300,0
1,1,30.585567,4.495600,0
1,1,30.602265,4.506800,0
1,1,30.619350,4.441000,0
1,1,30.635569,5.096700,0
1,1,30.652604,4.447900,0
1,1,30.668894,5.585000,0
1,1,30.685678,5.035300,0
1,1,30.702163,4.676800,0
1,1,30.718953,4.846400,0
1,1,30.735386,4.603400,0
1,1,30.752609,4.564800,0
1,1,30.768971,4.497800,0
1,1,30.785998,4.451400,0
1,1,30.802484,4.454600,0
1,1,30.820255,4.719700,0
1,1,30.835526,4.408000,0
1,1,30.852330,5.421700,0
1,1,30.869899,4.417300,0
1,1,30.885949,4.425400,0
1,1,30.902544,4.502000,0
1,1,30.919135,4.456300,0
1,1,30.936039,4.459500,0
1,1,30.953490,4.528900,0
1,1,30.969332,4.441400,0
1,1,30.985972,4.526100,0
1,1,31.002609,4.435900,0
1,1,31.019210,5.111300,0
1,1,31.036056,4.542600,0
1,1,31.052558,5.486500,0
1,1,31.069427,5.001700,0
1,1,31.085921,4.447800,0
1,1,31.102684,4.903100,0
1,1,31.119243,5.476600,0
1,1,31.135938,4.662600,0
1,1,31.152734,4.451200,0
1,1,31.169384,4.432500,0
1,1,31.186073,5.061700,0
1,1,31.202507,4.969100,0
1,1,31.219408,4.470200,0
1,1,31.235808,4.608100,0
1,1,31.252669,4.463900,0
1,1,31.269387,4.435000,0
1,1,31.286134,4.837300,0
1,1,31.302468,4.439700,0
1,1,31.319523,4.469200,0
1,1,31.335882,4.441600,0
1,1,31.353455,4.437700,0
1,1,31.369432,4.462700,0
1,1,31.385980,5.065400,0
1,1,31.402571,5.043500,0
1,1,31.419275,5.431400,0
1,1,31.435964,4.458300,0
1,1,31.452657,4.851600,0
1,1,31.469224,4.458800,0
1,1,31.486072,4.447800,0
1,1,31.502642,4.446100,0
1,1,31.519129,5.042900,0
1,1,31.535984,4.428000,0
1,1,31.552476,4.675400,0
1,1,31.569255,5.452600,0
1,1,31.585914,4.441600,0
1,1,31.602774,4.434700,0
1,1,31.619349,4.420900,0
1,1,31.636017,4.434800,0
1,1,31.652660,5.029300,0
1,1,31.669740,5.058300,0
1,1,31.686100,4.530400,0
1,1,31.702792,4.713600,0
1,1,31.720858,4.681600,0
1,1,31.736166,4.510300,0
1,1,31.753065,4.481200,0
1,1,31.769377,4.514500,0
1,1,31.786512,4.452100,0
1,1,31.802900,4.425600,0
1,1,31.819319,4.532100,0
1,1,31.836172,5.271400,0
1,1,31.852899,4.541300,0
1,1,31.869426,4.482600,0
1,1,31.886396,4.606400,0
1,1,31.902739,4.446700,0
1,1,31.919579,4.540700,0
1,1,31.936069,4.423700,0
1,1,31.952535,4.448700,0
1,1,31.969652,4.521500,0
1,1,31.985894,4.642700,0
1,1,32.002488,5.018400,0
1,1,32.019500,4.471400,0
1,1,32.035819,5.141700,0
1,1,32.052698,5.071900,0
1,1,32.069254,5.113300,0
1,1,32.085852,4.534800,0
1,1,32.102528,4.439300,0
1,1,32.119533,4.483300,0
1,1,32.135748,4.410400,0
1,1,32.152490,4.446600,0
1,1,32.169308,4.992900,0
1,1,32.185819,4.643600,0
1,1,32.202477,4.470900,0
1,1,32.219229,4.584000,0
1,1,32.235805,4.808800,0
1,1,32.252649,4.446300,0
1,1,32.269308,4.426700,0
1,1,32.286021,4.469800,0
1,1,32.302613,4.989000,0
1,1,32.319398,4.437700,0
1,1,32.336187,4.441100,0
1,1,32.352544,4.674900,0
1,1,32.369195,4.902700,0
1,1,32.385824,5.245700,0
1,1,32.402542,4.444000,0
1,1,32.419194,5.514200,0
1,1,32.435905,5.378600,0
1,1,32.453837,4.749300,0
1,1,32.470494,4.507600,0
1,1,32.487613,4.474400,0
1,1,32.504136,4.421500,0
1,1,32.520670,6.013800,0
1,1,32.537310,4.394200,0
1,1,32.554099,4.593400,0
1,1,32.570492,5.456900,0
1,1,32.587742,4.445300,0
1,1,32.603988,5.075300,0
1,1,32.620493,4.600500,0
1,1,32.637085,4.463900,0
1,1,32.653865,4.483200,0
1,1,32.670741,4.468500,0
1,1,32.687291,4.426000,0
1,1,32.703869,4.432700,0
1,1,32.720652,5.050100,0
1,1,32.737183,5.378800,0
1,1,32.753813,5.022900,0
1,1,32.770567,5.416300,0
1,1,32.787393,5.432000,0
1,1,32.803952,4.579600,0
1,1,32.820947,4.456800,0
1,1,32.837289,4.472700,0
1,1,32.854519,5.050800,0
1,1,32.870593,4.433400,0
1,1,32.887166,4.447800,0
1,1,32.904107,4.474500,0
1,1,32.920684,4.448200,0
1,1,32.937455,4.469000,0
1,1,32.956831,4.439700,0
1,1,32.970499,4.626500,0
1,1,32.987295,5.518300,0
1,1,33.003913,5.484200,0
1,1,33.020626,4.468000,0
1,1,33.037174,4.426900,0
1,1,33.053939,4.432700,0
1,1,33.070509,4.862200,0
1,1,33.087405,4.438300,0
1,1,33.104299,4.482900,0
1,1,33.120581,5.045700,0
1,1,33.137401,4.644600,0
1,1,33.153945,4.463100,0
1,1,33.170779,4.448000,0
1,1,33.187138,4.708600,0
1,1,33.203941,4.645300,0
1,1,33.220410,4.441600,0
1,1,33.237120,4.475000,0
1,1,33.253693,4.422900,0
1,1,33.270512,4.508100,0
1,1,33.287204,4.533900,0
1,1,33.303985,4.526100,0
1,1,33.320577,4.896600,0
1,1,33.337160,5.426400,0
1,1,33.353978,4.445500,0
1,1,33.370513,4.586500,0
1,1,33.387241,5.040300,0
1,1,33.403981,4.432700,0
1,1,33.420639,4.416000,0
1,1,33.437312,5.305600,0
1,1,33.454237,4.445300,0
1,1,33.470429,4.570800,0
1,1,33.487918,5.071300,0
1,1,33.504263,4.488000,0
1,1,33.520685,4.572600,0
1,1,33.537368,4.496400,0
1,1,33.553836,5.772900,0
1,1,33.570516,4.484700,0
1,1,33.587222,5.496700,0
1,1,33.603908,4.427900,0
1,1,33.620758,5.137500,0
1,1,33.637505,4.424300,0
1,1,33.653883,5.321100,0
1,1,33.670520,4.399000,0
1,1,33.687139,5.271700,0
1,1,33.704205,4.617800,0
1,1,33.720561,4.554500,0
1,1,33.737098,5.098200,0
1,1,33.753891,4.469800,0
1,1,33.770667,4.574100,0
1,1,33.787319,4.504800,0
1,1,33.803822,4.571600,0
1,1,33.820578,4.439800,0
1,1,33.837113,5.555800,0
1,1,33.854001,4.432600,0
1,1,33.870505,4.518700,0
1,1,33.887373,4.447600,0
1,1,33.903955,4.607800,0
1,1,33.920700,4.430500,0
1,1,33.937324,4.459100,0
1,1,33.953807,4.407100,0
1,1,33.970484,5.273100,0
1,1,33.987201,4.813500,0
1,1,34.003824,4.543900,0
1,1,34.020598,4.607600,0
1,1,34.037270,4.497800,0
1,1,34.053833,4.425400,0
1,1,34.070554,4.476900,0
1,1,34.087208,4.676300,0
1,1,34.104029,4.427700,0
1,1,34.120439,4.460200,0
1,1,34.137421,5.056900,0
1,1,34.153969,4.581600,0
1,1,34.170885,4.393400,0
1,1,34.187340,4.458200,0
1,1,34.204473,4.529800,0
1,1,34.220644,4.689300,0
1,1,34.237641,5.500200,0
1,1,34.253787,5.067900,0
1,1,34.270489,4.627600,0
1,1,34.287155,4.484200,0
1,1,34.303893,4.560300,0
1,1,34.320863,4.484900,0
1,1,34.337219,4.692100,0
1,1,34.354450,4.438100,0
1,1,34.370597,4.439100,0
1,1,34.387440,4.448700,0
1,1,34.403998,4.656900,0
1,1,34.420981,4.457700,0
1,1,34.437362,4.437400,0
1,1,34.454063,4.415900,0
1,1,34.470441,5.247300,0
1,1,34.487314,5.223600,0
1,1,34.503955,4.497400,0
1,1,34.520486,4.609600,0
1,1,34.537302,4.488400,0
1,1,34.554008,4.521000,0
1,1,34.570784,4.426200,0
1,1,34.587347,4.436600,0
1,1,34.603949,4.872400,0
1,1,34.620719,4.479000,0
1,1,34.637245,4.424700,0
1,1,34.654436,4.422700,0
1,1,34.670489,4.851100,0
1,1,34.687312,4.436500,0
1,1,34.703869,4.742700,0
1,1,34.721125,4.887000,0
1,1,34.737196,4.445600,0
1,1,34.753936,4.484800,0
1,1,34.770629,4.498200,0
1,1,34.787376,4.446700,0
1,1,34.803939,4.460100,0
1,1,34.820846,4.440000,0
1,1,34.837279,4.469100,0
1,1,34.854042,5.905100,0
1,1,34.870783,4.439900,0
1,1,34.888334,4.660000,0
1,1,34.903867,4.472300,0
1,1,34.920685,5.107200,0
1,1,34.937372,4.484200,0
1,1,34.953935,5.041800,0
1,1,34.970642,5.082200,0
1,1,34.987359,4.471200,0
1,1,35.005135,4.445600,0
1,1,35.020893,4.912500,0
1,1,35.037542,4.433500,0
1,1,35.053881,4.397300,0
1,1,35.071071,5.014400,0
1,1,35.087027,4.987600,0
1,1,35.104132,5.066900,0
1,1,35.120572,5.035000,0
1,1,35.137233,4.887900,0
1,1,35.153853,4.508400,0
1,1,35.170375,5.323300,0
1,1,35.187105,4.416400,0
1,1,35.203781,4.662600,0
1,1,35.220451,4.501900,0
1,1,35.237157,4.540800,0
1,1,35.253835,4.395700,0
1,1,35.270484,4.889600,0
1,1,35.287204,4.435200,0
1,1,35.303793,4.604600,0
1,1,35.320575,5.068900,0
1,1,35.337164,4.433100,0
1,1,35.353966,4.487700,0
1,1,35.370737,4.427300,0
1,1,35.387415,5.001400,0
1,1,35.403995,4.534600,0
1,1,35.420592,4.451800,0
1,1,35.437238,4.676900,0
1,1,35.453982,5.039200,0
1,1,35.470652,4.435000,0
1,1,35.487918,4.429800,0
1,1,35.503695,4.372100,0
1,1,35.520603,5.046000,0
1,1,35.537067,4.445000,0
1,1,35.553809,4.582700,0
1,1,35.570521,4.467400,0
1,1,35.587102,4.651400,0
1,1,35.603942,4.493200,0
1,1,35.620500,4.463700,0
1,1,35.637453,4.421100,0
1,1,35.653779,4.427400,0
1,1,35.670533,4.992300,0
1,1,35.687222,5.279700,0
1,1,35.703795,5.985100,0
1,1,35.720702,4.489200,0
1,1,35.737639,5.506300,0
1,1,35.753919,4.567100,0
1,1,35.770454,4.642800,0
1,1,35.787297,4.418800,0
1,1,35.803858,4.397100,0
1,1,35.820533,4.446600,0
1,1,35.837338,4.426200,0
1,1,35.854096,4.430500,0
1,1,35.870431,5.862800,0
1,1,35.887217,4.415500,0
1,1,35.903851,5.087200,0
1,1,35.920492,6.110500,0
1,1,35.937264,4.409300,0
1,1,35.953834,4.648800,0
1,1,35.970633,4.395400,0
1,1,35.987170,4.437900,0
1,1,36.003912,4.425900,0
1,1,36.020408,4.450000,0
1,1,36.037311,4.407300,0
1,1,36.053794,4.533000,0
1,1,36.070409,4.438400,0
1,1,36.088085,4.425500,0
1,1,36.103834,4.838200,0
1,1,36.120583,5.026700,0
1,1,36.137196,4.468100,0
1,1,36.153966,4.424700,0
1,1,36.170740,4.461100,0
1,1,36.187725,4.411300,0
1,1,36.203706,4.553300,0
1,1,36.221347,5.239200,0
1,1,36.237149,4.467800,0
1,1,36.253878,5.051000,0
1,1,36.270480,4.439800,0
1,1,36.287152,4.494300,0
1,1,36.303886,4.406400,0
1,1,36.320613,4.718500,0
1,1,36.337436,4.381700,0
1,1,36.353796,4.409100,0
1,1,36.370380,4.842900,0
1,1,36.387084,4.409500,0
1,1,36.403962,4.464500,0
1,1,36.420470,4.448400,0
1,1,36.437147,5.082900,0
1,1,36.453992,4.452200,0
1,1,36.470723,4.536700,0
1,1,36.487359,4.402200,0
1,1,36.503710,5.811000,0
1,1,36.520645,4.994000,0
1,1,36.537027,5.036700,0
1,1,36.553917,4.412800,0
1,1,36.570483,4.561700,0
1,1,36.587353,4.386900,0
1,1,36.603832,4.413100,0
1,1,36.620632,5.035000,0
1,1,36.637155,4.450400,0
1,1,36.654559,5.138200,0
1,1,36.670727,4.443000,0
1,1,36.687416,4.694600,0
1,1,36.704173,4.395000,0
1,1,36.720744,4.619800,0
1,1,36.737814,4.404500,0
1,1,36.754021,4.962700,0
1,1,36.770820,4.403200,0
1,1,36.787485,4.482700,0
1,1,36.804366,4.435400,0
1,1,36.820679,4.439700,0
1,1,36.837692,4.857800,0
1,1,36.854101,4.442800,0
1,1,36.870897,5.173800,0
1,1,36.887457,4.397900,0
1,1,36.903899,5.081600,0
1,1,36.920735,4.418500,0
1,1,36.937386,4.510000,0
1,1,36.954238,4.398700,0
1,1,36.970721,4.402700,0
1,1,36.987870,4.420800,0
1,1,37.004060,4.478000,0
1,1,37.020865,5.196100,0
1,1,37.037590,4.979100,0
1,1,37.054113,4.561800,0
1,1,37.071000,4.405800,0
1,1,37.087417,4.591000,0
1,1,37.104318,4.390300,0
1,1,37.120763,4.455000,0
1,1,37.137490,4.380900,0
1,1,37.154062,4.467900,0
1,1,37.171021,5.489000,0
1,1,37.187516,4.428000,0
1,1,37.204036,4.464100,0
1,1,37.220816,4.418400,0
1,1,37.237688,5.014000,0
1,1,37.254208,4.444000,0
1,1,37.270628,5.217600,0
1,1,37.287510,5.003600,0
1,1,37.304041,4.542900,0
1,1,37.320761,4.380600,0
1,1,37.337379,4.489000,0
1,1,37.354631,4.440900,0
1,1,37.370674,4.461000,0
1,1,37.387389,5.004800,0
1,1,37.404089,4.427500,0
1,1,37.421042,5.007200,0
1,1,37.437419,4.406600,0
1,1,37.454183,4.463900,0
1,1,37.470850,4.425000,0
1,1,37.487598,5.566200,0
1,1,37.504121,4.416700,0
1,1,37.520633,5.279000,0
1,1,37.537535,4.411100,0
1,1,37.554089,4.493000,0
1,1,37.570805,4.389200,0
1,1,37.587407,4.442500,0
1,1,37.604458,5.076000,0
1,1,37.620874,4.428400,0
1,1,37.637929,4.636000,0
1,1,37.654094,4.410300,0
1,1,37.670614,4.866400,0
1,1,37.687497,4.416200,0
1,1,37.704169,4.425400,0
1,1,37.720858,5.027600,0
1,1,37.737524,4.891500,0
1,1,37.754504,4.411500,0
1,1,37.770675,4.524600,0
1,1,37.787521,4.426600,0
1,1,37.803998,4.447900,0
1,1,37.821098,4.784300,0
1,1,37.837568,4.491100,0
1,1,37.854687,4.591000,0
1,1,37.870761,4.413800,0
1,1,37.887440,5.044900,0
1,1,37.904234,4.438000,0
1,1,37.920813,4.667200,0
1,1,37.937722,4.971700,0
1,1,37.954071,4.417500,0
1,1,37.970708,5.070000,0
1,1,37.987340,5.034000,0
1,1,38.004102,5.997400,0
1,1,38.020694,4.493900,0
1,1,38.041419,4.428700,0
1,1,38.054743,5.091000,0
1,1,38.070809,4.503000,0
1,1,38.087920,4.453100,0
1,1,38.104199,4.564500,0
1,1,38.120969,5.066300,0
1,1,38.137976,4.439000,0
1,1,38.154692,4.490100,0
1,1,38.171393,4.399500,0
1,1,38.187976,4.444700,0
1,1,38.204533,5.029600,0
1,1,38.221187,4.993100,0
1,1,38.237838,4.714300,0
1,1,38.254551,4.462100,0
1,1,38.271368,4.559500,0
1,1,38.288260,4.433300,0
1,1,38.304611,4.430600,0
1,1,38.321612,5.219200,0
1,1,38.337832,5.506900,0
1,1,38.354679,4.467700,0
1,1,38.371392,4.674800,0
1,1,38.387967,4.519900,0
1,1,38.404473,4.605900,0
1,1,38.421112,4.644100,0
1,1,38.437845,4.417900,0
1,1,38.454643,5.031700,0
1,1,38.471266,4.432800,0
1,1,38.488090,5.198000,0
1,1,38.504650,4.437400,0
1,1,38.521123,5.081900,0
1,1,38.537782,4.424800,0
1,1,38.554560,5.119400,0
1,1,38.571389,5.057300,0
1,1,38.587931,4.687700,0
1,1,38.604864,4.597400,0
1,1,38.621192,4.429100,0
1,1,38.638447,4.424300,0
1,1,38.654606,4.535600,0
1,1,38.671145,5.281400,0
1,1,38.688126,5.051500,0
1,1,38.704756,5.063700,0
1,1,38.721496,5.237300,0
1,1,38.737985,4.862000,0
1,1,38.754401,4.927600,0
1,1,38.771073,4.424600,0
1,1,38.788033,4.822100,0
1,1,38.804483,5.185000,0
1,1,38.821387,4.511500,0
1,1,38.838248,4.535000,0
1,1,38.855165,5.045300,0
1,1,38.871220,5.107600,0
1,1,38.887836,5.046200,0
1,1,38.904482,4.454700,0
1,1,38.921195,4.456400,0
1,1,38.937851,4.429500,0
1,1,38.955155,4.442700,0
1,1,38.971228,4.425300,0
1,1,38.987971,4.500900,0
1,1,39.004659,5.053500,0
1,1,39.021274,4.467400,0
1,1,39.037942,4.445200,0
1,1,39.054609,4.487500,0
1,1,39.071276,5.440700,0
1,1,39.087975,4.514900,0
1,1,39.104878,4.430800,0
1,1,39.121639,4.406600,0
1,1,39.137934,5.603000,0
1,1,39.154961,4.472700,0
1,1,39.171242,5.342800,0
1,1,39.188437,4.474700,0
1,1,39.204561,4.574500,0
1,1,39.221442,4.644400,0
1,1,39.237924,4.554000,0
1,1,39.254740,4.448000,0
1,1,39.271370,4.517900,0
1,1,39.287934,4.746900,0
1,1,39.304622,4.611400,0
1,1,39.321562,4.746500,0
1,1,39.337957,4.483600,0
1,1,39.354960,4.574100,0
1,1,39.371453,4.464800,0
1,1,39.388296,5.047400,0
1,1,39.405042,4.858400,0
1,1,39.421518,4.559900,0
1,1,39.438191,4.593000,0
1,1,39.455162,4.510500,0
1,1,39.471305,4.508000,0
1,1,39.488139,5.524000,0
1,1,39.504726,4.441100,0
1,1,39.521426,4.646200,0
1,1,39.538186,4.414700,0
1,1,39.554666,4.577500,0
1,1,39.571547,4.461200,0
1,1,39.587892,4.420500,0
1,1,39.604655,4.854500,0
1,1,39.621125,4.539700,0
1,1,39.638590,4.592800,0
1,1,39.654780,4.438200,0
1,1,39.671254,5.420300,0
1,1,39.688274,4.444600,0
1,1,39.704988,4.665900,0
1,1,39.721574,4.562300,0
1,1,39.738463,5.001300,0
1,1,39.754938,4.457700,0
1,1,39.771379,4.654900,0
1,1,39.788201,4.417300,0
1,1,39.804667,4.446600,0
1,1,39.821554,4.430600,0
1,1,39.838000,4.454300,0
1,1,39.855074,4.455800,0
1,1,39.871272,4.458000,0
1,1,39.888214,4.486000,0
1,1,39.904729,4.474900,0
1,1,39.921441,5.030600,0
1,1,39.938325,4.463600,0
1,1,39.954959,4.513000,0
1,1,39.971425,5.223000,0
1,1,39.988384,5.083300,0
1,1,40.004802,4.448400,0
1,1,40.021294,5.069000,0
1,1,40.037915,5.045100,0
1,1,40.054605,4.604900,0
1,1,40.072433,4.429100,0
1,1,40.088340,4.478600,0
1,1,40.104869,4.918300,0
1,1,40.121658,4.473800,0
1,1,40.138360,4.505200,0
1,1,40.155268,5.450500,0
1,1,40.171953,4.459700,0
1,1,40.188697,4.425600,0
1,1,40.205094,4.455000,0
1,1,40.221567,4.621400,0
1,1,40.238734,4.434600,0
1,1,40.254838,4.638700,0
1,1,40.271476,4.443500,0
1,1,40.288373,4.461100,0
1,1,40.304874,4.455200,0
1,1,40.321631,4.912900,0
1,1,40.338170,4.435600,0
1,1,40.354939,4.530600,0
1,1,40.371549,4.428500,0
1,1,40.388257,4.480500,0
1,1,40.404797,5.463800,0
1,1,40.421351,4.465600,0
1,1,40.438061,4.591500,0
1,1,40.454872,4.468200,0
1,1,40.471691,4.547100,0
1,1,40.488351,4.451500,0
1,1,40.505188,5.296900,0
1,1,40.521774,4.443600,0
1,1,40.538275,4.491000,0
1,1,40.554982,4.469700,0
1,1,40.571780,4.434200,0
1,1,40.588431,4.611600,0
1,1,40.605140,4.416600,0
1,1,40.621854,4.455500,0
1,1,40.638360,4.527400,0
1,1,40.654945,5.066200,0
1,1,40.671804,4.518600,0
1,1,40.688544,4.678200,0
1,1,40.705438,4.490200,0
1,1,40.721924,4.486100,0
1,1,40.738513,4.935700,0
1,1,40.755113,4.553700,0
1,1,40.771897,4.495800,0
1,1,40.788771,4.432800,0
1,1,40.805417,5.056000,0
1,1,40.822216,5.073700,0
1,1,40.838785,4.465800,0
1,1,40.855113,4.438300,0
1,1,40.871587,4.698500,0
1,1,40.889374,4.460000,0
1,1,40.905103,4.600500,0
1,1,40.921962,4.459600,0
1,1,40.938204,4.437200,0
1,1,40.955111,5.042900,0
1,1,40.971626,4.417300,0
1,1,40.988346,4.623300,0
1,1,41.005194,4.435700,0
1,1,41.021514,4.628800,0
1,1,41.038252,5.027000,0
1,1,41.054981,5.086600,0
1,1,41.071579,4.519000,0
1,1,41.088328,4.536600,0
1,1,41.105049,4.423100,0
1,1,41.121575,4.399500,0
1,1,41.138143,5.022500,0
1,1,41.155403,4.456900,0
1,1,41.171604,4.642100,0
1,1,41.188442,4.560000,0
1,1,41.204990,4.858500,0
1,1,41.221591,5.085000,0
1,1,41.238129,4.646800,0
1,1,41.255256,4.463200,0
1,1,41.271593,4.456500,0
1,1,41.288426,5.073700,0
1,1,41.305074,4.428900,0
1,1,41.321505,4.546200,0
1,1,41.338337,5.239500,0
1,1,41.354931,4.631900,0
1,1,41.371576,4.450700,0
1,1,41.388274,4.403300,0
1,1,41.404973,4.428800,0
1,1,41.421784,4.490300,0
1,1,41.438184,4.425200,0
1,1,41.454912,4.449200,0
1,1,41.471830,4.618300,0
1,1,41.488394,4.449600,0
1,1,41.504934,4.443500,0
1,1,41.521609,4.529000,0
1,1,41.538334,5.468500,0
1,1,41.554977,4.492300,0
1,1,41.571685,4.433100,0
1,1,41.588684,4.451400,0
1,1,41.604985,4.431400,0
1,1,41.621737,4.994200,0
1,1,41.638422,4.436300,0
1,1,41.655177,4.637400,0
1,1,41.671954,4.441400,0
1,1,41.688450,4.563200,0
1,1,41.705026,5.040200,0
1,1,41.722191,4.558400,0
1,1,41.738350,4.516900,0
1,1,41.755099,5.077300,0
1,1,41.771851,4.456200,0
1,1,41.788455,4.449000,0
1,1,41.805396,4.430000,0
1,1,41.821791,4.468300,0
1,1,41.838744,5.195800,0
1,1,41.854970,5.017600,0
1,1,41.871651,4.645500,0
1,1,41.888738,4.865300,0
1,1,41.905133,4.633800,0
1,1,41.921626,5.256200,0
1,1,41.938466,5.632300,0
1,1,41.954976,5.880200,0
1,1,41.971625,4.555100,0
1,1,41.988328,4.470800,0
1,1,42.004932,4.472000,0
1,1,42.021768,4.428400,0
1,1,42.038456,4.568300,0
1,1,42.055509,4.433300,0
1,1,42.071546,4.430600,0
1,1,42.088391,4.441000,0
1,1,42.104906,4.677300,0
1,1,42.121697,4.538600,0
1,1,42.138381,4.433800,0
1,1,42.155229,4.493500,0
1,1,42.171632,4.407400,0
1,1,42.188239,5.094200,0
1,1,42.205710,4.417900,0
1,1,42.221524,4.439900,0
1,1,42.238630,4.400700,0
1,1,42.255008,4.525800,0
1,1,42.271662,4.400900,0
1,1,42.288320,4.467500,0
1,1,42.305123,4.531800,0
1,1,42.321766,4.462600,0
1,1,42.338339,5.078700,0
1,1,42.355431,4.437200,0
1,1,42.371660,4.601400,0
1,1,42.388352,4.439700,0
1,1,42.404945,4.470900,0
1,1,42.421579,4.831400,0
1,1,42.438329,4.410700,0
1,1,42.455077,4.829100,0
1,1,42.471587,4.517200,0
1,1,42.488805,4.921500,0
1,1,42.505053,4.437600,0
1,1,42.521853,5.525700,0
1,1,42.538473,4.443800,0
1,1,42.555076,4.676500,0
1,1,42.571739,4.460200,0
1,1,42.588731,4.434500,0
1,1,42.605166,4.506700,0
1,1,42.621764,4.449900,0
1,1,42.638475,4.613300,0
1,1,42.655127,4.457100,0
1,1,42.671739,4.452600,0
1,1,42.688442,5.094500,0
1,1,42.705255,4.426600,0
1,1,42.722264,4.452400,0
1,1,42.738566,4.463300,0
1,1,42.755203,4.442000,0
1,1,42.772111,5.404500,0
1,1,42.788767,4.454000,0
1,1,42.805123,4.669400,0
1,1,42.821688,5.576400,0
1,1,42.838630,4.598000,0
1,1,42.855157,5.100800,0
1,1,42.871885,4.519000,0
1,1,42.888923,4.575300,0
1,1,42.905013,4.776000,0
1,1,42.921687,4.640800,0
1,1,42.938466,4.443400,0
1,1,42.955247,5.089800,0
1,1,42.971840,4.454600,0
1,1,42.988519,5.391100,0
1,1,43.005155,4.437200,0
1,1,43.021831,4.542200,0
1,1,43.038520,4.425700,0
1,1,43.055256,4.716700,0
1,1,43.076497,4.517400,0
1,1,43.088640,4.529400,0
1,1,43.105990,4.442100,0
1,1,43.121967,4.443700,0
1,1,43.138916,4.438200,0
1,1,43.155168,4.640000,0
1,1,43.172015,5.001000,0
1,1,43.188625,4.565600,0
1,1,43.205658,5.036800,0
1,1,43.221936,4.790700,0
1,1,43.238813,4.545400,0
1,1,43.255290,4.502300,0
1,1,43.272134,5.017300,0
1,1,43.288634,4.552900,0
1,1,43.305104,5.222300,0
1,1,43.321949,4.515100,0
1,1,43.338528,5.018400,0
1,1,43.355373,4.465600,0
1,1,43.371852,4.593700,0
1,1,43.388534,4.832100,0
1,1,43.405092,4.588400,0
1,1,43.422007,4.462200,0
1,1,43.438661,5.061700,0
1,1,43.455241,4.421700,0
1,1,43.471759,4.454200,0
1,1,43.488547,4.480900,0
1,1,43.505274,4.451700,0
1,1,43.521888,4.519400,0
1,1,43.538522,4.432500,0
1,1,43.555153,5.502300,0
1,1,43.571837,4.452500,0
1,1,43.588359,5.242900,0
1,1,43.605181,4.590600,0
1,1,43.621766,4.580700,0
1,1,43.638605,4.498200,0
1,1,43.655134,4.486000,0
1,1,43.671869,4.449700,0
1,1,43.688496,4.427700,0
1,1,43.705272,4.446100,0
1,1,43.721810,4.526300,0
1,1,43.738653,4.445500,0
1,1,43.755272,4.452100,0
1,1,43.772038,5.434600,0
1,1,43.788390,4.420400,0
1,1,43.805072,5.137500,0
1,1,43.821850,4.547500,0
1,1,43.838312,5.660900,0
1,1,43.855248,5.063400,0
1,1,43.871726,4.741700,0
1,1,43.888595,4.420400,0
1,1,43.905255,4.475800,0
1,1,43.921998,4.421200,0
1,1,43.938588,4.422500,0
1,1,43.955660,4.419200,0
1,1,43.972048,5.131100,0
1,1,43.989034,4.432400,0
1,1,44.005159,4.583800,0
1,1,44.021815,5.468400,0
1,1,44.038431,4.499000,0
1,1,44.055273,4.682700,0
1,1,44.071924,4.429500,0
1,1,44.088552,4.603300,0
1,1,44.105258,4.452700,0
1,1,44.121943,4.511500,0
1,1,44.138549,4.404500,0
1,1,44.155109,5.975900,0
1,1,44.172092,4.994800,0
1,1,44.188542,4.584900,0
1,1,44.205145,4.455100,0
1,1,44.221723,4.484200,0
1,1,44.238625,4.401200,0
1,1,44.255078,4.500100,0
1,1,44.272131,4.430700,0
1,1,44.288516,4.447000,0
1,1,44.305459,4.436100,0
1,1,44.321912,4.438100,0
1,1,44.338658,5.539200,0
1,1,44.355231,4.423400,0
1,1,44.371689,4.751900,0
1,1,44.388600,4.453500,0
1,1,44.405003,4.476700,0
1,1,44.421907,4.424200,0
1,1,44.438535,5.108600,0
1,1,44.456503,5.004300,0
1,1,44.471774,4.451800,0
1,1,44.488732,4.419500,0
1,1,44.505105,4.434100,0
1,1,44.521766,5.978300,0
1,1,44.538487,4.433700,0
1,1,44.555174,4.724900,0
1,1,44.571847,5.019700,0
1,1,44.588367,4.449700,0
1,1,44.605201,4.413000,0
1,1,44.621665,4.577000,0
1,1,44.638579,4.425000,0
1,1,44.655141,4.456000,0
1,1,44.672036,4.429700,0
1,1,44.688510,4.458300,0
1,1,44.705182,5.116300,0
1,1,44.721786,5.061600,0
1,1,44.738414,4.428400,0
1,1,44.755275,4.436200,0
1,1,44.771695,4.586500,0
1,1,44.788652,4.430000,0
1,1,44.804996,5.085700,0
1,1,44.821898,4.434200,0
1,1,44.838304,5.073900,0
1,1,44.855407,4.419700,0
1,1,44.871787,4.515800,0
1,1,44.888999,4.442800,0
1,1,44.905285,4.425800,0
1,1,44.922308,4.684100,0
1,1,44.938976,4.462700,0
1,1,44.955860,5.068900,0
1,1,44.972183,4.438300,0
1,1,44.988863,4.546500,0
1,1,45.005503,4.446200,0
1,1,45.022055,4.493500,0
1,1,45.039123,4.454100,0
1,1,45.055434,5.070800,0
1,1,45.072338,5.055200,0
1,1,45.089093,4.997100,0
1,1,45.105650,4.727400,0
1,1,45.123596,4.468400,0
1,1,45.139217,4.683500,0
1,1,45.155617,4.430800,0
1,1,45.172141,5.358600,0
1,1,45.189107,4.996000,0
1,1,45.205616,4.510100,0
1,1,45.222396,4.433700,0
1,1,45.238903,4.470400,0
1,1,45.255863,4.436900,0
1,1,45.272278,4.446500,0
1,1,45.289244,4.630100,0
1,1,45.305607,4.483800,0
1,1,45.322718,5.142100,0
1,1,45.339221,4.422100,0
1,1,45.355545,5.073800,0
1,1,45.372378,4.424700,0
1,1,45.388921,4.537900,0
1,1,45.405746,4.422300,0
1,1,45.422243,4.491500,0
1,1,45.439529,4.444700,0
1,1,45.455653,4.464900,0
1,1,45.472259,4.407200,0
1,1,45.489012,4.496500,0
1,1,45.505567,5.272800,0
1,1,45.522255,4.418300,0
1,1,45.539262,6.113700,0
1,1,45.557444,4.425600,0
1,1,45.572205,4.518400,0
1,1,45.589212,4.422900,0
1,1,45.605584,4.546500,0
1,1,45.622422,4.557700,0
1,1,45.638858,4.563600,0
1,1,45.655716,4.410800,0
1,1,45.672183,4.545300,0
1,1,45.689007,4.456600,0
1,1,45.705622,4.475700,0
1,1,45.722428,5.522300,0
1,1,45.738910,5.079800,0
1,1,45.755722,4.608700,0
1,1,45.772270,5.078300,0
1,1,45.788792,4.629800,0
1,1,45.805544,4.415200,0
1,1,45.822133,4.634900,0
1,1,45.838880,4.480200,0
1,1,45.855448,5.124100,0
1,1,45.872235,4.422600,0
1,1,45.888826,4.591400,0
1,1,45.905642,5.047300,0
1,1,45.922312,4.467600,0
1,1,45.939110,4.401300,0
1,1,45.955542,4.434000,0
1,1,45.972137,5.077300,0
1,1,45.989042,4.457100,0
1,1,46.005435,4.575700,0
1,1,46.022886,4.410200,0
1,1,46.038951,4.470700,0
1,1,46.055594,4.424400,0
1,1,46.072114,4.501100,0
1,1,46.089054,5.454900,0
1,1,46.105876,4.433600,0
1,1,46.122659,5.081100,0
1,1,46.139015,4.519600,0
1,1,46.155500,5.152400,0
1,1,46.172252,4.477200,0
1,1,46.188849,4.604800,0
1,1,46.205729,4.435600,0
1,1,46.222300,4.912900,0
1,1,46.239071,5.040000,0
1,1,46.255397,4.578200,0
1,1,46.272238,4.422700,0
1,1,46.288921,4.561500,0
1,1,46.305493,4.429500,0
1,1,46.322175,4.454300,0
1,1,46.338920,5.235300,0
1,1,46.355530,4.436800,0
1,1,46.372035,5.026900,0
1,1,46.389628,4.415900,0
1,1,46.405610,4.562200,0
1,1,46.422406,4.488000,0
1,1,46.439013,4.457000,0
1,1,46.455903,4.419700,0
1,1,46.472320,4.540000,0
1,1,46.489339,5.033300,0
1,1,46.505646,4.461000,0
1,1,46.522560,4.436400,0
1,1,46.539109,4.440400,0
1,1,46.555919,4.636400,0
1,1,46.572393,4.454800,0
1,1,46.588908,6.104200,0
1,1,46.605880,4.435100,0
1,1,46.622294,5.087700,0
1,1,46.639069,4.436900,0
1,1,46.655793,4.536900,0
1,1,46.672578,4.434000,0
1,1,46.689088,4.563600,0
1,1,46.706021,4.843600,0
1,1,46.722338,4.891400,0
1,1,46.739220,4.417500,0
1,1,46.755572,4.696500,0
1,1,46.772351,5.308600,0
1,1,46.788993,4.460400,0
1,1,46.805591,5.208700,0
1,1,46.822406,4.432600,0
1,1,46.839118,4.699700,0
1,1,46.855710,4.438200,0
1,1,46.872267,4.884600,0
1,1,46.889685,4.425600,0
1,1,46.905785,4.736900,0
1,1,46.922564,4.416500,0
1,1,46.938989,4.425800,0
1,1,46.955942,4.466800,0
1,1,46.972391,4.416100,0
1,1,46.989060,5.881200,0
1,1,47.005710,4.415500,0
1,1,47.022374,5.103400,0
1,1,47.039245,4.989400,0
1,1,47.055782,5.271700,0
1,1,47.072406,4.434000,0
1,1,47.089419,5.101100,0
1,1,47.105734,5.149000,0
1,1,47.122573,4.901200,0
1,1,47.139256,4.605900,0
1,1,47.155826,4.623300,0
1,1,47.172495,5.255700,0
1,1,47.188897,5.587100,0
1,1,47.205735,4.449900,0
1,1,47.222262,5.630100,0
1,1,47.239211,4.477300,0
1,1,47.255948,5.182300,0
1,1,47.272455,5.175400,0
1,1,47.289059,5.217600,0
1,1,47.305814,4.497100,0
1,1,47.322620,5.118400,0
1,1,47.339244,4.616200,0
1,1,47.355667,4.634200,0
1,1,47.372499,4.498900,0
1,1,47.389226,5.209400,0
1,1,47.405869,4.427100,0
1,1,47.422375,5.169100,0
1,1,47.439064,4.538000,0
1,1,47.455878,4.488300,0
1,1,47.472486,5.055500,0
1,1,47.489504,4.532300,0
1,1,47.505944,4.602300,0
1,1,47.522396,4.414200,0
1,1,47.539063,4.524800,0
1,1,47.555931,4.444500,0
1,1,47.572559,4.810300,0
1,1,47.589092,5.112900,0
1,1,47.605772,4.423500,0
1,1,47.622598,4.538800,0
1,1,47.639188,4.505400,0
1,1,47.655961,4.667600,0
1,1,47.672616,4.506800,0
1,1,47.689386,4.464500,0
1,1,47.705933,4.442900,0
1,1,47.722861,4.501200,0
1,1,47.739409,4.693100,0
1,1,47.756003,4.659500,0
1,1,47.772557,4.704900,0
1,1,47.789411,4.478600,0
1,1,47.805792,4.596500,0
1,1,47.822581,4.444100,0
1,1,47.839253,5.067200,0
1,1,47.856136,4.418300,0
1,1,47.872772,4.550700,0
1,1,47.889540,4.457200,0
1,1,47.905951,4.488200,0
1,1,47.922468,4.484000,0
1,1,47.939384,4.441700,0
1,1,47.955854,4.608000,0
1,1,47.972378,4.809900,0
1,1,47.989507,4.681200,0
1,1,48.005871,4.495100,0
1,1,48.022576,5.242600,0
1,1,48.039204,5.848500,0
1,1,48.055813,4.534800,0
1,1,48.072789,4.862600,0
1,1,48.089303,5.115100,0
1,1,48.106693,5.491200,0
1,1,48.122514,4.599300,0
1,1,48.142817,4.439700,0
1,1,48.155949,4.835300,0
1,1,48.172564,5.290100,0
1,1,48.189362,4.457500,0
1,1,48.206073,4.645500,0
1,1,48.222932,5.074300,0
1,1,48.239959,4.762800,0
1,1,48.256577,5.076600,0
1,1,48.273140,5.138300,0
1,1,48.289728,5.311600,0
1,1,48.306518,4.821000,0
1,1,48.322944,4.645800,0
1,1,48.339704,4.518900,0
1,1,48.356917,4.481500,0
1,1,48.372785,4.468000,0
1,1,48.389863,4.935000,0
1,1,48.406013,4.491900,0
1,1,48.422644,4.605200,0
1,1,48.439384,4.569100,0
1,1,48.455982,5.081800,0
1,1,48.472796,4.437900,0
1,1,48.489405,4.649900,0
1,1,48.505943,4.424300,0
1,1,48.522705,5.631500,0
1,1,48.539224,4.431300,0
1,1,48.555776,5.503200,0
1,1,48.572402,4.417700,0
1,1,48.589217,4.870700,0
1,1,48.605912,4.498100,0
1,1,48.622450,4.715200,0
1,1,48.639614,4.453500,0
1,1,48.656084,4.436900,0
1,1,48.672486,4.518200,0
1,1,48.689194,4.439800,0
1,1,48.705775,5.026100,0
1,1,48.722581,4.465200,0
1,1,48.739356,5.263100,0
1,1,48.755932,4.428600,0
1,1,48.772599,4.707300,0
1,1,48.789368,4.461800,0
1,1,48.805659,4.905000,0
1,1,48.822441,4.516800,0
1,1,48.839101,4.636800,0
1,1,48.855946,4.491800,0
1,1,48.872648,4.436600,0
1,1,48.889500,4.459000,0
1,1,48.905934,4.425000,0
1,1,48.922482,4.442400,0
1,1,48.939246,4.426000,0
1,1,48.955946,5.196700,0
1,1,48.972337,5.276000,0
1,1,48.989332,4.463400,0
1,1,49.005892,4.436400,0
1,1,49.022421,4.570400,0
1,1,49.039153,4.497300,0
1,1,49.055784,5.433200,0
1,1,49.072783,4.896800,0
1,1,49.089191,4.471800,0
1,1,49.105961,5.017000,0
1,1,49.122566,5.024200,0
1,1,49.139221,5.471700,0
1,1,49.156193,4.469700,0
1,1,49.172591,4.506100,0
1,1,49.189286,5.249400,0
1,1,49.205953,4.528300,0
1,1,49.222719,5.107000,0
1,1,49.239282,5.498300,0
1,1,49.256338,4.445000,0
1,1,49.272708,4.702500,0
1,1,49.289447,4.539700,0
1,1,49.306021,4.537600,0
1,1,49.323397,4.458500,0
1,1,49.339333,5.221400,0
1,1,49.356200,4.415400,0
1,1,49.372601,5.248200,0
1,1,49.389517,4.405600,0
1,1,49.405911,4.841800,0
1,1,49.422864,4.408300,0
1,1,49.439299,4.447900,0
1,1,49.455891,4.869500,0
1,1,49.472648,4.461500,0
1,1,49.489723,4.645700,0
1,1,49.506220,4.451700,0
1,1,49.522896,4.882100,0
1,1,49.539735,4.401100,0
1,1,49.556031,4.817800,0
1,1,49.572759,5.184800,0
1,1,49.589226,5.453100,0
1,1,49.607245,4.621200,0
1,1,49.622793,4.718100,0
1,1,49.639474,4.666500,0
1,1,49.656160,4.885300,0
1,1,49.672965,4.521700,0
1,1,49.689278,4.791700,0
1,1,49.706140,4.675200,0
1,1,49.722722,5.105000,0
1,1,49.739720,4.609200,0
1,1,49.756029,4.899400,0
1,1,49.772865,4.484700,0
1,1,49.789338,4.773900,0
1,1,49.806134,4.551800,0
1,1,49.822684,4.561800,0
1,1,49.839682,4.500400,0
1,1,49.856033,4.595000,0
1,1,49.872596,5.270400,0
1,1,49.889414,4.743000,0
1,1,49.906159,4.560200,0
1,1,49.922692,4.523900,0
1,1,49.939297,5.204000,0
1,1,49.956149,4.473700,0
1,1,49.972700,5.085100,0
1,1,49.989437,4.422000,0
1,1,50.006552,4.725300,0
1,1,50.022903,4.552300,0
1,1,50.039203,4.697300,0
1,1,50.056376,4.458800,0
1,1,50.072670,4.570600,0
1,1,50.089424,4.876000,0
1,1,50.106215,4.585400,0
1,1,50.122804,4.724500,0
1,1,50.139585,4.545600,0
1,1,50.156527,4.747500,0
1,1,50.172941,4.444100,0
1,1,50.189773,4.455200,0
1,1,50.207729,4.454600,0
1,1,50.222966,4.702900,0
1,1,50.239574,4.432100,0
1,1,50.256487,5.244200,0
1,1,50.272929,4.422900,0
1,1,50.289740,4.609100,0
1,1,50.306211,4.496600,0
1,1,50.322710,4.449800,0
1,1,50.339470,4.658600,0
1,1,50.356182,5.310700,0
1,1,50.372847,4.425200,0
1,1,50.389366,4.467300,0
1,1,50.406185,4.481200,0
1,1,50.422803,4.583200,0
1,1,50.439676,4.444800,0
1,1,50.455955,4.418600,0
1,1,50.472558,5.210300,0
1,1,50.489335,4.727300,0
1,1,50.506105,4.483900,0
1,1,50.522905,4.453900,0
1,1,50.539488,4.491700,0
1,1,50.556056,4.543300,0
1,1,50.572710,4.475500,0
1,1,50.589597,4.435900,0
1,1,50.606254,4.508700,0
1,1,50.622785,4.708100,0
1,1,50.639690,4.442800,0
1,1,50.656016,4.613100,0
1,1,50.673097,5.505200,0
1,1,50.689537,4.449900,0
1,1,50.706643,4.920600,0
1,1,50.722801,4.506000,0
1,1,50.739429,5.088800,0
1,1,50.756421,4.480200,0
1,1,50.773047,4.436700,0
1,1,50.789764,4.539300,0
1,1,50.806170,4.969800,0
1,1,50.822955,4.410900,0
1,1,50.839686,4.499700,0
1,1,50.855945,4.533200,0
1,1,50.872740,4.495500,0
1,1,50.889801,4.487200,0
1,1,50.906257,4.447900,0
1,1,50.923037,5.531800,0
1,1,50.939425,4.468600,0
1,1,50.956340,4.848900,0
1,1,50.972753,4.420800,0
1,1,50.989290,4.707100,0
1,1,51.006095,4.425000,0
1,1,51.022691,4.564800,0
1,1,51.039705,4.446600,0
1,1,51.056265,4.592400,0
1,1,51.072858,5.531000,0
1,1,51.089936,4.713800,0
1,1,51.106317,4.394900,0
1,1,51.123377,4.865800,0
1,1,51.140082,5.190000,0
1,1,51.155952,5.077700,0
1,1,51.172668,4.555900,0
1,1,51.189425,4.544200,0
1,1,51.206130,4.436700,0
1,1,51.222709,4.698900,0
1,1,51.240086,5.155900,0
1,1,51.256258,4.372200,0
1,1,51.272829,4.420300,0
1,1,51.289632,4.493500,0
1,1,51.306585,4.460000,0
1,1,51.322723,4.672300,0
1,1,51.339592,4.428400,0
1,1,51.356036,4.438600,0
1,1,51.373299,4.421100,0
1,1,51.389391,4.442700,0
1,1,51.406128,4.454600,0
1,1,51.422736,4.968600,0
1,1,51.439473,5.245400,0
1,1,51.456105,4.430700,0
1,1,51.473044,4.444400,0
1,1,51.489582,4.692800,0
1,1,51.506112,4.525600,0
1,1,51.522635,5.823700,0
1,1,51.539415,5.208100,0
1,1,51.555961,4.402800,0
1,1,51.572627,5.287900,0
1,1,51.589365,4.478800,0
1,1,51.606032,4.485600,0
1,1,51.622782,4.405700,0
1,1,51.639205,5.025200,0
1,1,51.656220,4.872000,0
1,1,51.672746,5.114000,0
1,1,51.689655,4.415700,0
1,1,51.705948,5.464300,0
1,1,51.722733,5.340100,0
1,1,51.739306,5.592500,0
1,1,51.756026,5.242300,0
1,1,51.772789,4.616000,0
1,1,51.789346,5.189900,0
1,1,51.805997,4.874100,0
1,1,51.822766,4.814400,0
1,1,51.839283,4.403100,0
1,1,51.856449,4.499500,0
1,1,51.872932,5.026900,0
1,1,51.889920,4.429200,0
1,1,51.906225,4.451200,0
1,1,51.922848,5.010200,0
1,1,51.939390,4.418900,0
1,1,51.956180,4.518800,0
1,1,51.972893,5.032800,0
1,1,51.989430,5.575900,0
1,1,52.006344,4.986800,0
1,1,52.022916,5.489500,0
1,1,52.040270,4.517300,0
1,1,52.056352,5.026200,0
1,1,52.072982,4.421000,0
1,1,52.089613,4.447700,0
1,1,52.106317,5.411300,0
1,1,52.122844,4.429400,0
1,1,52.139552,4.435500,0
1,1,52.156208,5.312600,0
1,1,52.173051,4.477600,0
1,1,52.189594,4.473300,0
1,1,52.206320,4.877900,0
1,1,52.223007,4.653100,0
1,1,52.239556,4.413100,0
1,1,52.256441,4.431400,0
1,1,52.273035,4.521500,0
1,1,52.289533,5.073700,0
1,1,52.306691,5.010000,0
1,1,52.323041,4.557400,0
1,1,52.339601,4.468300,0
1,1,52.356160,4.430500,0
1,1,52.372848,4.489900,0
1,1,52.389499,5.527300,0
1,1,52.406282,5.036300,0
1,1,52.423008,4.481700,0
1,1,52.439606,4.526700,0
1,1,52.456366,4.570400,0
1,1,52.472929,5.510600,0
1,1,52.489859,5.037800,0
1,1,52.506085,5.261700,0
1,1,52.523260,4.510600,0
1,1,52.539548,4.675900,0
1,1,52.556187,4.473800,0
1,1,52.572872,4.474200,0
1,1,52.589465,4.556400,0
1,1,52.606296,4.563000,0
1,1,52.622916,4.573000,0
1,1,52.639906,4.527100,0
1,1,52.656353,4.556600,0
1,1,52.672804,5.563800,0
1,1,52.689592,4.540800,0
1,1,52.706316,5.217300,0
1,1,52.722966,4.512700,0
1,1,52.739808,4.769900,0
1,1,52.756455,5.048400,0
1,1,52.772955,4.772900,0
1,1,52.789812,4.490100,0
1,1,52.806435,4.729000,0
1,1,52.823031,4.517900,0
1,1,52.839641,4.458400,0
1,1,52.856852,4.428500,0
1,1,52.872872,4.454200,0
1,1,52.889727,5.573700,0
1,1,52.906396,5.214600,0
1,1,52.922868,4.509200,0
1,1,52.939766,4.476000,0
1,1,52.956223,4.532700,0
1,1,52.972948,4.480500,0
1,1,52.989580,4.937400,0
1,1,53.006272,4.464100,0
1,1,53.023024,4.482200,0
1,1,53.040108,4.454500,0
1,1,53.056339,4.422600,0
1,1,53.072858,5.016800,0
1,1,53.089643,4.520200,0
1,1,53.106287,4.653700,0
1,1,53.122784,4.426200,0
1,1,53.139814,5.055900,0
1,1,53.156312,4.674300,0
1,1,53.172959,4.637800,0
1,1,53.189634,4.594700,0
1,1,53.206626,4.419200,0
1,1,53.228918,4.444200,0
1,1,53.256885,4.571100,0
1,1,53.256885,4.767200,0
1,1,53.273254,5.234600,0
1,1,53.289872,4.637900,0
1,1,53.306477,4.667300,0
1,1,53.323088,4.641800,0
1,1,53.339702,4.720700,0
1,1,53.356721,4.566700,0
1,1,53.373263,4.669900,0
1,1,53.390073,4.568200,0
1,1,53.406399,5.321200,0
1,1,53.423277,4.587600,0
1,1,53.439796,4.545000,0
1,1,53.456476,4.490300,0
1,1,53.473132,4.519900,0
1,1,53.489988,4.506600,0
1,1,53.506357,4.519100,0
1,1,53.523548,4.498300,0
1,1,53.539687,4.548300,0
1,1,53.556759,5.263700,0
1,1,53.572983,4.496800,0
1,1,53.590337,4.587300,0
1,1,53.606541,5.188200,0
1,1,53.623758,4.707100,0
1,1,53.639982,4.537900,0
1,1,53.656509,4.566400,0
1,1,53.673346,4.448000,0
1,1,53.689851,4.785400,0
1,1,53.706719,4.486100,0
1,1,53.723237,4.478600,0
1,1,53.740025,4.517700,0
1,1,53.756552,4.671300,0
1,1,53.773792,5.075100,0
1,1,53.790050,4.520000,0
1,1,53.806493,6.115000,0
1,1,53.823282,4.993300,0
1,1,53.839849,4.589100,0
1,1,53.856605,4.471800,0
1,1,53.873252,4.636200,0
1,1,53.890212,4.526400,0
1,1,53.906687,4.526500,0
1,1,53.923203,5.095600,0
1,1,53.939862,4.427900,0
1,1,53.956649,4.442700,0
1,1,53.973174,4.408100,0
1,1,53.989919,4.687500,0
1,1,54.006544,4.614600,0
1,1,54.023153,5.076900,0
1,1,54.039877,4.427100,0
1,1,54.056477,4.606700,0
1,1,54.073155,4.616300,0
1,1,54.089844,5.035200,0
1,1,54.106693,4.705200,0
1,1,54.123263,4.649500,0
1,1,54.139872,4.612700,0
1,1,54.156576,5.035400,0
1,1,54.173232,5.380900,0
1,1,54.189887,4.590200,0
1,1,54.206459,5.228000,0
1,1,54.223288,4.595600,0
1,1,54.239884,4.663700,0
1,1,54.256570,4.558400,0
1,1,54.273174,4.652700,0
1,1,54.289921,4.516200,0
1,1,54.306438,4.568100,0
1,1,54.323081,4.938100,0
1,1,54.340090,4.934100,0
1,1,54.356626,4.509200,0
1,1,54.373196,5.189000,0
1,1,54.389864,4.447900,0
1,1,54.406505,4.577000,0
1,1,54.423157,4.602200,0
1,1,54.439828,5.164400,0
1,1,54.456533,4.485100,0
1,1,54.473141,4.449900,0
1,1,54.489924,4.501900,0
1,1,54.506664,5.114200,0
1,1,54.523245,4.468900,0
1,1,54.539988,4.463500,0
1,1,54.556531,4.512700,0
1,1,54.573226,5.500700,0
1,1,54.589983,4.695300,0
1,1,54.606467,5.188600,0
1,1,54.623294,5.182500,0
1,1,54.639843,4.519900,0
1,1,54.656644,4.512000,0
1,1,54.673426,4.498400,0
1,1,54.690086,4.535700,0
1,1,54.707081,5.046400,0
1,1,54.723701,4.593900,0
1,1,54.740097,4.459600,0
1,1,54.756848,5.105500,0
1,1,54.773701,4.520800,0
1,1,54.790016,5.184200,0
1,1,54.807010,4.595300,0
1,1,54.823324,4.684900,0
1,1,54.840271,4.513700,0
1,1,54.856628,4.498000,0
1,1,54.873818,4.537800,0
1,1,54.889883,5.123100,0
1,1,54.906739,5.009600,0
1,1,54.923521,5.244700,0
1,1,54.939937,4.726000,0
1,1,54.956729,4.580900,0
1,1,54.973510,4.491300,0
1,1,54.990296,4.647100,0
1,1,55.007080,4.655900,0
1,1,55.023537,4.647800,0
1,1,55.040475,4.580800,0
1,1,55.056662,4.635000,0
1,1,55.073456,4.440100,0
1,1,55.090098,4.530800,0
1,1,55.106677,4.657800,0
1,1,55.123424,4.484600,0
1,1,55.140171,4.418900,0
1,1,55.156773,4.487000,0
1,1,55.173780,4.444300,0
1,1,55.190092,4.573900,0
1,1,55.206818,5.120700,0
1,1,55.223477,4.469500,0
1,1,55.240388,4.563700,0
1,1,55.257308,4.440500,0
1,1,55.273572,5.166600,0
1,1,55.291417,4.533100,0
1,1,55.306787,4.664900,0
1,1,55.323592,5.106700,0
1,1,55.339938,4.702100,0
1,1,55.356776,4.513400,0
1,1,55.373534,4.779000,0
1,1,55.390358,4.493000,0
1,1,55.407074,4.603900,0
1,1,55.424078,4.467800,0
1,1,55.440469,4.864600,0
1,1,55.456882,4.482000,0
1,1,55.473642,4.619700,0
1,1,55.490958,4.559600,0
1,1,55.507185,4.491300,0
1,1,55.523986,4.665200,0
1,1,55.540028,4.438400,0
1,1,55.556745,4.469700,0
1,1,55.573389,4.460800,0
1,1,55.611056,4.457800,0
1,1,55.637766,4.828900,0
1,1,55.637766,4.760900,0
1,1,55.654161,4.741300,0
1,1,55.670968,4.641100,0
1,1,55.687408,5.581800,0
1,1,55.704640,4.558700,0
1,1,55.720945,5.397500,0
1,1,55.737534,4.974700,0
1,1,55.754415,4.898800,0
1,1,55.770798,4.521800,0
1,1,55.787816,5.037800,0
1,1,55.804464,4.524900,0
1,1,55.820882,6.128600,0
1,1,55.837632,4.721700,0
1,1,55.870827,6.196600,0
1,1,55.870827,4.512000,0
1,1,55.887486,5.108700,0
1,1,55.903829,4.464700,0
1,1,55.920658,5.303300,0
1,1,55.938050,4.444900,0
1,1,55.953913,4.628000,0
1,1,55.970733,4.441900,0
1,1,55.987128,4.704000,0
1,1,56.003871,5.033800,0
1,1,56.020409,4.504100,0
1,1,56.037226,4.540500,0
1,1,56.054167,4.455400,0
1,1,56.070803,4.438400,0
1,1,56.087228,4.448100,0
1,1,56.104052,5.177000,0
1,1,56.120471,4.476500,0
1,1,56.137251,5.661800,0
1,1,56.154066,4.478300,0
1,1,56.170655,5.491600,0
1,1,56.187291,4.557100,0
1,1,56.203963,4.773700,0
1,1,56.220263,5.390000,0
1,1,56.237290,5.210800,0
1,1,56.253853,5.246400,0
1,1,56.271643,5.671900,0
1,1,56.287324,4.518600,0
1,1,56.304220,5.016400,0
1,1,56.320681,4.729000,0
1,1,56.337372,4.881700,0
1,1,56.353990,4.623600,0
1,1,56.383456,4.527300,0
1,1,56.407376,4.620200,0
1,1,56.407376,4.769800,0
1,1,56.424235,5.181400,0
1,1,56.440650,4.563600,0
1,1,56.457611,5.182600,0
1,1,56.497095,4.474600,0
1,1,56.497095,4.488000,0
1,1,56.513945,4.679600,0
1,1,56.530243,4.653900,0
1,1,56.547197,4.694100,0
1,1,56.563816,4.606400,0
1,1,56.580546,4.632000,0
1,1,56.597032,4.735600,0
1,1,56.613707,5.654700,0
1,1,56.630870,4.623400,0
1,1,56.647552,4.700900,0
1,1,56.663736,4.619700,0
1,1,56.680759,5.288800,0
1,1,56.697331,4.526300,0
1,1,56.714030,4.508100,0
1,1,56.730558,4.767700,0
1,1,56.747256,4.671300,0
1,1,56.763979,4.610100,0
1,1,56.781854,4.742200,0
1,1,56.797051,4.532500,0
1,1,56.814416,4.626400,0
1,1,56.830461,4.604200,0
1,1,56.847498,4.932800,0
1,1,56.863895,4.697500,0
1,1,56.880704,4.648700,0
1,1,56.897307,4.497800,0
1,1,56.913979,4.594700,0
1,1,56.930674,4.504700,0
1,1,56.947411,4.631900,0
1,1,56.964000,4.592400,0
1,1,56.981090,4.636100,0
1,1,56.997239,4.504300,0
1,1,57.014166,5.187800,0
1,1,57.030590,5.175800,0
1,1,57.047821,4.478000,0
1,1,57.064341,4.591000,0
1,1,57.080426,4.570500,0
1,1,57.097083,4.599500,0
1,1,57.114058,5.173700,0
1,1,57.130545,4.649000,0
1,1,57.147524,4.538100,0
1,1,57.163693,4.813400,0
1,1,57.180878,4.567500,0
1,1,57.197477,4.571200,0
1,1,57.214567,5.123300,0
1,1,57.230279,5.002300,0
1,1,57.247200,4.489300,0
1,1,57.263552,5.005300,0
1,1,57.280339,4.543900,0
1,1,57.297109,4.829200,0
1,1,57.314346,4.545600,0
1,1,57.330338,4.550300,0
1,1,57.347254,5.650900,0
1,1,57.363606,4.522000,0
1,1,57.380527,5.580300,0
1,1,57.397063,4.456600,0
1,1,57.413929,4.639100,0
1,1,57.430406,4.503100,0
1,1,57.447038,4.581800,0
1,1,57.463708,4.481700,0
1,1,57.480434,4.465700,0
1,1,57.497172,4.442500,0
1,1,57.513587,5.405400,0
1,1,57.530309,4.895300,0
1,1,57.547088,4.686400,0
1,1,57.563489,4.589000,0
1,1,57.580280,4.643500,0
1,1,57.596954,5.131800,0
1,1,57.613577,4.652800,0
1,1,57.630361,5.404500,0
1,1,57.646930,4.474900,0
1,1,57.663632,4.548600,0
1,1,57.680237,4.558300,0
1,1,57.697248,4.497400,0
1,1,57.713828,4.509500,0
1,1,57.730423,4.508800,0
1,1,57.747016,4.484900,0
1,1,57.763971,4.546200,0
1,1,57.780296,5.093200,0
1,1,57.797057,4.437500,0
1,1,57.814003,4.598600,0
1,1,57.830382,4.432000,0
1,1,57.847164,4.511600,0
1,1,57.864002,5.407100,0
1,1,57.880254,4.472600,0
1,1,57.897052,4.938600,0
1,1,57.913587,4.510900,0
1,1,57.930642,4.753600,0
1,1,57.947025,4.847300,0
1,1,57.963643,4.545900,0
1,1,57.980380,5.084800,0
1,1,57.996919,4.848100,0
1,1,58.013762,4.457600,0
1,1,58.030373,4.993500,0
1,1,58.047061,4.443600,0
1,1,58.064583,4.611400,0
1,1,58.080818,4.482000,0
1,1,58.097125,4.474000,0
1,1,58.114024,4.627400,0
1,1,58.130362,4.501500,0
1,1,58.147075,4.516300,0
1,1,58.163611,4.533800,0
1,1,58.180517,5.234700,0
1,1,58.197005,5.268700,0
1,1,58.213954,5.217000,0
1,1,58.230312,5.203000,0
1,1,58.247189,5.175300,0
1,1,58.263603,4.654600,0
1,1,58.280661,4.757200,0
1,1,58.297004,4.681800,0
1,1,58.313874,5.087200,0
1,1,58.333620,4.658600,0
1,1,58.347115,4.906200,0
1,1,58.363595,4.612400,0
1,1,58.380398,5.209500,0
1,1,58.397192,4.613900,0
1,1,58.414126,5.314900,0
1,1,58.430433,4.567200,0
1,1,58.447117,4.560000,0
1,1,58.464419,4.483900,0
1,1,58.480572,4.682700,0
1,1,58.497338,4.515800,0
1,1,58.513860,5.151700,0
1,1,58.530426,4.968500,0
1,1,58.547043,4.575100,0
1,1,58.563728,4.582200,0
1,1,58.580633,4.507500,0
1,1,58.596978,5.101500,0
1,1,58.613514,5.289900,0
1,1,58.630265,5.107600,0
1,1,58.646904,5.691500,0
1,1,58.663698,4.847400,0
1,1,58.680588,4.727600,0
1,1,58.697914,4.581600,0
1,1,58.713977,4.727600,0
1,1,58.730733,4.519000,0
1,1,58.747273,4.490500,0
1,1,58.764024,5.179000,0
1,1,58.780561,4.557000,0
1,1,58.797148,4.519200,0
1,1,58.813892,4.478100,0
1,1,58.830511,5.108200,0
1,1,58.847355,4.641300,0
1,1,58.863889,5.013800,0
1,1,58.880745,4.523400,0
1,1,58.897311,4.613800,0
1,1,58.914188,4.517500,0
1,1,58.930483,5.097900,0
1,1,58.947519,4.488700,0
1,1,58.964097,5.557200,0
1,1,58.980837,4.514500,0
1,1,58.997200,5.408300,0
1,1,59.013915,4.436900,0
1,1,59.030494,5.337500,0
1,1,59.047856,4.401400,0
1,1,59.063778,4.697300,0
1,1,59.080985,4.960700,0
1,1,59.097235,4.708100,0
1,1,59.114110,5.026500,0
1,1,59.130563,4.604600,0
1,1,59.147343,4.526500,0
1,1,59.163874,5.219000,0
1,1,59.180638,4.481700,0
1,1,59.197378,4.603300,0
1,1,59.214263,4.459200,0
1,1,59.230643,5.181200,0
1,1,59.247343,4.480900,0
1,1,59.263964,4.605500,0
1,1,59.280760,4.765400,0
1,1,59.297401,4.468200,0
1,1,59.314524,4.724800,0
1,1,59.330661,4.628600,0
1,1,59.347545,4.485300,0
1,1,59.364087,4.491900,0
1,1,59.380735,4.416300,0
1,1,59.397408,4.753600,0
1,1,59.414056,4.446100,0
1,1,59.430666,4.510100,0
1,1,59.447355,4.494200,0
1,1,59.464030,4.482500,0
1,1,59.480679,4.463600,0
1,1,59.497495,4.557100,0
1,1,59.514452,5.031500,0
1,1,59.530896,4.490900,0
1,1,59.547441,4.956700,0
1,1,59.563982,4.750800,0
1,1,59.580508,5.429400,0
1,1,59.597310,4.455500,0
1,1,59.613937,4.630400,0
1,1,59.630821,4.543900,0
1,1,59.647616,4.514500,0
1,1,59.664405,4.531000,0
1,1,59.680708,4.481300,0
1,1,59.697502,5.046700,0
1,1,59.714408,4.461700,0
1,1,59.730652,4.713300,0
1,1,59.747488,5.028900,0
1,1,59.764138,4.831600,0
1,1,59.781143,5.061100,0
1,1,59.797281,5.044300,0
1,1,59.813997,4.657900,0
1,1,59.830638,4.783900,0
1,1,59.847160,4.974400,0
1,1,59.863970,5.080600,0
1,1,59.880509,4.711500,0
1,1,59.897337,4.840200,0
1,1,59.913916,4.623800,0
1,1,59.930594,4.756100,0
1,1,59.948345,4.678000,0
1,1,59.964126,4.625900,0
1,1,59.980639,4.692600,0
1,1,59.997373,4.811900,0
1,1,60.014074,4.543700,0
1,1,60.030620,4.482000,0
1,1,60.047193,4.550900,0
1,1,60.063909,4.546600,0
1,1,60.080599,5.454200,0
1,1,60.097308,4.559400,0
1,1,60.113862,4.535200,0
1,1,60.130977,4.573400,0
1,1,60.147623,4.548600,0
1,1,60.164131,5.103100,0
1,1,60.181017,4.576800,0
1,1,60.197526,4.615000,0
1,1,60.214286,5.094800,0
1,1,60.230884,4.557100,0
1,1,60.247697,4.480300,0
1,1,60.264345,4.480500,0
1,1,60.280878,4.753400,0
1,1,60.297566,4.559300,0
1,1,60.314197,4.492300,0
1,1,60.330819,4.428700,0
1,1,60.347461,4.991200,0
1,1,60.364942,4.518100,0
1,1,60.380927,4.543400,0
1,1,60.397610,4.481700,0
1,1,60.414134,4.604300,0
1,1,60.431191,5.087400,0
1,1,60.447918,4.591200,0
1,1,60.464495,4.746400,0
1,1,60.481122,4.550900,0
1,1,60.498514,5.120600,0
1,1,60.514151,4.617900,0
1,1,60.530922,4.803200,0
1,1,60.548230,4.484400,0
1,1,60.564530,4.478700,0
1,1,60.581117,4.558800,0
1,1,60.597592,4.454200,0
1,1,60.614189,4.441100,0
1,1,60.630834,4.434700,0
1,1,60.647919,4.459100,0
1,1,60.664178,4.483300,0
1,1,60.680953,4.574800,0
1,1,60.697676,4.473300,0
1,1,60.714356,4.476500,0
1,1,60.730910,5.303600,0
1,1,60.747897,4.459100,0
1,1,60.764355,4.620600,0
1,1,60.780764,5.073800,0
1,1,60.797791,4.459900,0
1,1,60.814161,4.485400,0
1,1,60.830955,4.483600,0
1,1,60.847664,5.286800,0
1,1,60.864319,4.646300,0
1,1,60.881166,4.483300,0
1,1,60.897775,4.501000,0
1,1,60.914190,4.508000,0
1,1,60.930773,4.645400,0
1,1,60.947726,4.493500,0
1,1,60.964181,4.598400,0
1,1,60.981211,4.518300,0
1,1,60.997647,5.213100,0
1,1,61.014659,5.110200,0
1,1,61.030804,4.686300,0
1,1,61.047906,5.244600,0
1,1,61.064560,4.485700,0
1,1,61.080847,4.662800,0
1,1,61.097672,4.519900,0
1,1,61.114343,4.491800,0
1,1,61.130728,4.440900,0
1,1,61.147837,4.479200,0
1,1,61.164374,5.125800,0
1,1,61.181700,4.481600,0
1,1,61.197532,5.092100,0
1,1,61.214244,4.751400,0
1,1,61.230935,5.182900,0
1,1,61.247631,4.629700,0
1,1,61.264344,4.530000,0
1,1,61.281127,5.177500,0
1,1,61.297591,4.600100,0
1,1,61.314479,4.486700,0
1,1,61.330996,4.574700,0
1,1,61.347970,4.574000,0
1,1,61.364321,4.544000,0
1,1,61.380920,5.091600,0
1,1,61.397422,4.904500,0
1,1,61.414585,4.985700,0
1,1,61.430985,4.496800,0
1,1,61.447865,5.186900,0
1,1,61.464115,4.658700,0
1,1,61.481069,4.649500,0
1,1,61.497786,4.746000,0
1,1,61.514239,4.823300,0
1,1,61.531052,4.466400,0
1,1,61.547620,4.497000,0
1,1,61.564270,4.559100,0
1,1,61.580929,4.546700,0
1,1,61.597721,4.581700,0
1,1,61.614238,4.488600,0
1,1,61.631192,5.135500,0
1,1,61.648415,4.496100,0
1,1,61.664409,5.759300,0
1,1,61.681184,5.060600,0
1,1,61.697925,4.664900,0
1,1,61.714378,4.658400,0
1,1,61.730900,4.590000,0
1,1,61.747707,4.465500,0
1,1,61.764204,5.305000,0
1,1,61.781358,4.506800,0
1,1,61.797544,4.539900,0
1,1,61.814120,4.471300,0
1,1,61.830889,4.614500,0
1,1,61.847622,4.502200,0
1,1,61.864347,4.488300,0
1,1,61.880983,5.109600,0
1,1,61.897526,5.061500,0
1,1,61.914129,4.541300,0
1,1,61.931025,4.442100,0
1,1,61.947816,4.432100,0
1,1,61.964232,4.563000,0
1,1,61.981004,5.010600,0
1,1,61.997696,4.516400,0
1,1,62.014159,4.686300,0
1,1,62.031273,4.476000,0
1,1,62.047493,4.549300,0
1,1,62.064761,4.484300,0
1,1,62.080949,4.492400,0
1,1,62.097579,5.071500,0
1,1,62.114267,4.571800,0
1,1,62.130884,4.649800,0
1,1,62.147711,4.537200,0
1,1,62.164473,4.653400,0
1,1,62.180908,4.533500,0
1,1,62.197477,4.918400,0
1,1,62.214365,4.498200,0
1,1,62.230865,4.931700,0
1,1,62.247534,4.451900,0
1,1,62.264073,4.876900,0
1,1,62.281005,4.590600,0
1,1,62.297499,4.605300,0
1,1,62.314600,4.490000,0
1,1,62.330782,4.554600,0
1,1,62.347694,4.545800,0
1,1,62.364246,4.527400,0
1,1,62.381150,4.505200,0
1,1,62.397597,4.502400,0
1,1,62.414219,4.609500,0
1,1,62.430859,4.567700,0
1,1,62.447650,5.614500,0
1,1,62.464338,4.529800,0
1,1,62.480988,4.700700,0
1,1,62.497698,4.563300,0
1,1,62.514185,4.548500,0
1,1,62.530924,4.518000,0
1,1,62.547675,4.572100,0
1,1,62.564278,4.513600,0
1,1,62.580848,5.684700,0
1,1,62.597669,4.565100,0
1,1,62.614300,4.617600,0
1,1,62.630974,4.439800,0
1,1,62.647547,4.763100,0
1,1,62.664489,5.060000,0
1,1,62.680851,4.487500,0
1,1,62.697629,4.513300,0
1,1,62.714269,4.466300,0
1,1,62.730907,4.890000,0
1,1,62.747602,4.472200,0
1,1,62.764261,4.700700,0
1,1,62.780925,4.549900,0
1,1,62.797628,4.432400,0
1,1,62.814379,4.492100,0
1,1,62.831065,5.040700,0
1,1,62.847648,5.088300,0
1,1,62.864129,4.788400,0
1,1,62.881516,4.475600,0
1,1,62.897545,5.617100,0
1,1,62.914400,4.488600,0
1,1,62.930810,4.602600,0
1,1,62.947511,5.322800,0
1,1,62.964384,4.482700,0
1,1,62.981153,4.546700,0
1,1,62.997587,4.458900,0
1,1,63.014326,4.707400,0
1,1,63.030915,4.503700,0
1,1,63.047885,4.493900,0
1,1,63.064375,4.568300,0
1,1,63.081023,4.507200,0
1,1,63.097766,4.472600,0
1,1,63.114849,4.460900,0
1,1,63.131466,5.075800,0
1,1,63.147860,4.464600,0
1,1,63.164165,5.065700,0
1,1,63.181187,4.439000,0
1,1,63.197584,4.923200,0
1,1,63.214591,4.417600,0
1,1,63.230965,4.439900,0
1,1,63.247845,4.647400,0
1,1,63.264383,4.514700,0
1,1,63.281015,5.084000,0
1,1,63.297638,4.419500,0
1,1,63.314272,4.547500,0
1,1,63.330854,4.825500,0
1,1,63.347832,4.522000,0
1,1,63.364359,4.449700,0
1,1,63.381076,4.596700,0
1,1,63.400648,4.405900,0
1,1,63.414484,6.156700,0
1,1,63.431213,4.508600,0
1,1,63.448152,5.237800,0
1,1,63.464518,4.472300,0
1,1,63.481077,4.528900,0
1,1,63.497838,5.212100,0
1,1,63.560212,5.312800,0
1,1,63.560212,5.647800,0
1,1,63.576492,5.166200,0
1,1,63.594359,4.564400,0
1,1,63.610374,4.497100,0
1,1,63.627116,4.502800,0
1,1,63.644009,4.857400,0
1,1,63.660660,5.244200,0
1,1,63.677293,4.542600,0
1,1,63.694836,4.649600,0
1,1,63.710795,4.459700,0
1,1,63.727893,4.759900,0
1,1,63.744480,4.649500,0
1,1,63.760758,4.430300,0
1,1,63.777540,4.467300,0
1,1,63.794020,4.525600,0
1,1,63.810778,4.710200,0
1,1,63.827365,4.451400,0
1,1,63.843960,4.433000,0
1,1,63.860861,4.564800,0
1,1,63.877848,4.481500,0
1,1,63.894030,4.419000,0
1,1,63.911183,5.063800,0
1,1,63.927224,4.529700,0
1,1,63.944438,5.045400,0
1,1,63.960822,4.511300,0
1,1,63.977699,5.136700,0
1,1,63.994025,4.549800,0
1,1,64.010559,4.920300,0
1,1,64.027403,4.430500,0
1,1,64.043995,4.748600,0
1,1,64.060752,4.488800,0
1,1,64.077496,4.667500,0
1,1,64.094174,4.425800,0
1,1,64.110632,4.566700,0
1,1,64.127188,4.987500,0
1,1,64.143857,4.440100,0
1,1,64.161471,4.491300,0
1,1,64.177333,4.498600,0
1,1,64.194250,4.617600,0
1,1,64.210700,5.110900,0
1,1,64.227764,4.997700,0
1,1,64.243995,4.480600,0
1,1,64.260851,4.451800,0
1,1,64.277602,4.429000,0
1,1,64.294261,4.668500,0
1,1,64.310892,4.851200,0
1,1,64.327484,5.823000,0
1,1,64.344079,4.757700,0
1,1,64.360657,5.424600,0
1,1,64.377393,4.748600,0
1,1,64.394532,4.737300,0
1,1,64.410879,4.681000,0
1,1,64.427790,4.639100,0
1,1,64.444128,4.785400,0
1,1,64.461118,4.689900,0
1,1,64.477683,4.672500,0
1,1,64.494537,4.651400,0
1,1,64.510772,4.676100,0
1,1,64.527585,4.607900,0
1,1,64.544204,4.596300,0
1,1,64.560797,4.654400,0
1,1,64.577592,4.588700,0
1,1,64.594050,4.560500,0
1,1,64.610609,5.191500,0
1,1,64.627309,4.508500,0
1,1,64.644023,5.092300,0
1,1,64.660665,4.586900,0
1,1,64.677304,5.173700,0
1,1,64.694546,4.518200,0
1,1,64.710800,5.485600,0
1,1,64.727304,4.479100,0
1,1,64.743918,4.705500,0
1,1,64.760740,4.548300,0
1,1,64.777356,4.729800,0
1,1,64.794012,4.488400,0
1,1,64.810675,4.480100,0
1,1,64.827362,5.908200,0
1,1,64.844237,4.544700,0
1,1,64.860943,4.954900,0
1,1,64.877849,4.514100,0
1,1,64.894152,4.424500,0
1,1,64.910660,4.463800,0
1,1,64.927210,5.714500,0
1,1,64.944529,5.239600,0
1,1,64.960588,4.569600,0
1,1,64.977541,5.393500,0
1,1,64.994087,4.565700,0
1,1,65.010666,4.539800,0
1,1,65.027398,4.890200,0
1,1,65.044220,4.744400,0
1,1,65.060605,4.538100,0
1,1,65.077218,4.654900,0
1,1,65.094071,4.533500,0
1,1,65.111316,5.201200,0
1,1,65.127371,4.587200,0
1,1,65.144390,4.671500,0
1,1,65.160521,6.041700,0
1,1,65.177533,5.242100,0
1,1,65.193984,4.706100,0
1,1,65.210806,4.688000,0
1,1,65.227550,4.522500,0
1,1,65.243997,5.761700,0
1,1,65.260878,4.585400,0
1,1,65.277464,4.597400,0
1,1,65.294066,4.585700,0
1,1,65.310697,4.548300,0
1,1,65.327569,5.134700,0
1,1,65.344169,4.664500,0
1,1,65.361132,4.637400,0
1,1,65.377423,4.562700,0
1,1,65.394347,4.553700,0
1,1,65.410891,4.585300,0
1,1,65.427594,4.527100,0
1,1,65.444117,4.821700,0
1,1,65.466443,4.537400,0
1,1,65.477742,4.592500,0
1,1,65.494335,4.544400,0
1,1,65.511139,5.295500,0
1,1,65.527813,4.473400,0
1,1,65.544472,4.594800,0
1,1,65.561709,4.650300,0
1,1,65.577798,4.485800,0
1,1,65.594885,4.959200,0
1,1,65.611087,4.527900,0
1,1,65.627724,5.246600,0
1,1,65.644595,4.524600,0
1,1,65.661335,4.547400,0
1,1,65.678250,4.461900,0
1,1,65.694842,5.274600,0
1,1,65.711349,4.572700,0
1,1,65.727922,4.596300,0
1,1,65.744693,4.431200,0
1,1,65.761035,5.489400,0
1,1,65.777945,5.193100,0
1,1,65.794468,4.592700,0
1,1,65.811321,4.593500,0
1,1,65.828101,4.705000,0
1,1,65.844766,4.646600,0
1,1,65.861181,4.830100,0
1,1,65.878156,4.698900,0
1,1,65.894587,4.664600,0
1,1,65.911183,4.568300,0
1,1,65.927746,4.759200,0
1,1,65.944679,4.662600,0
1,1,65.961137,4.543800,0
1,1,65.977934,4.527400,0
1,1,65.994413,4.551400,0
1,1,66.011488,4.566900,0
1,1,66.027757,4.663000,0
1,1,66.044700,5.588500,0
1,1,66.061144,4.554200,0
1,1,66.078031,5.518900,0
1,1,66.094543,4.504600,0
1,1,66.111532,4.472900,0
1,1,66.127893,4.552300,0
1,1,66.144902,4.563800,0
1,1,66.161153,4.580100,0
1,1,66.178228,4.535400,0
1,1,66.194968,4.477100,0
1,1,66.211480,4.962700,0
1,1,66.228011,4.451600,0
1,1,66.244359,5.121400,0
1,1,66.261145,4.905200,0
1,1,66.277721,5.998400,0
1,1,66.294493,4.636300,0
1,1,66.311121,4.514700,0
1,1,66.327743,4.435000,0
1,1,66.344461,4.544200,0
1,1,66.361214,4.571900,0
1,1,66.378118,4.602900,0
1,1,66.394573,4.533100,0
1,1,66.411180,4.510100,0
1,1,66.428041,4.446800,0
1,1,66.444594,5.197800,0
1,1,66.461150,4.935900,0
1,1,66.477994,4.470500,0
1,1,66.495029,4.475700,0
1,1,66.510981,5.128300,0
1,1,66.528069,4.705600,0
1,1,66.544365,4.462600,0
1,1,66.560948,4.573500,0
1,1,66.577749,4.568300,0
1,1,66.594353,5.176700,0
1,1,66.611254,4.586100,0
1,1,66.627659,4.549300,0
1,1,66.645218,5.495100,0
1,1,66.661028,4.544500,0
1,1,66.677924,4.525600,0
1,1,66.694490,4.553500,0
1,1,66.711032,5.143700,0
1,1,66.727917,5.062800,0
1,1,66.744347,5.609500,0
1,1,66.761209,5.157000,0
1,1,66.777927,4.738200,0
1,1,66.794551,4.483800,0
1,1,66.811050,4.602700,0
1,1,66.827797,5.023600,0
1,1,66.844386,5.225600,0
1,1,66.861638,4.907300,0
1,1,66.877737,4.595500,0
1,1,66.894896,5.237000,0
1,1,66.911082,4.582500,0
1,1,66.927779,5.036900,0
1,1,66.944527,4.526600,0
1,1,66.961243,4.657000,0
1,1,66.977865,4.570900,0
1,1,66.994480,4.544500,0
1,1,67.011104,4.791000,0
1,1,67.027860,4.427200,0
1,1,67.044607,4.639200,0
1,1,67.061235,5.118100,0
1,1,67.078012,4.501100,0
1,1,67.094441,4.473600,0
1,1,67.111119,4.473400,0
1,1,67.127694,4.763200,0
1,1,67.144547,4.503900,0
1,1,67.161241,4.802600,0
1,1,67.178355,4.916100,0
1,1,67.194477,4.706900,0
1,1,67.211311,4.491900,0
1,1,67.227784,4.459900,0
1,1,67.244570,4.401300,0
1,1,67.261282,4.840700,0
1,1,67.277789,4.466700,0
1,1,67.294375,5.157700,0
1,1,67.311111,4.495000,0
1,1,67.327728,4.648200,0
1,1,67.344456,4.853400,0
1,1,67.361038,4.619900,0
1,1,67.378011,4.491400,0
1,1,67.394418,4.571800,0
1,1,67.411363,4.408700,0
1,1,67.427779,4.457600,0
1,1,67.444860,4.443000,0
1,1,67.461057,4.548700,0
1,1,67.477801,4.739800,0
1,1,67.494607,4.504200,0
1,1,67.511099,5.504500,0
1,1,67.527811,4.510900,0
1,1,67.544479,4.564100,0
1,1,67.561257,4.415700,0
1,1,67.578119,4.609000,0
1,1,67.594481,4.628900,0
1,1,67.611191,4.472900,0
1,1,67.627880,4.580900,0
1,1,67.645111,4.504000,0
1,1,67.661084,4.504300,0
1,1,67.678229,4.525300,0
1,1,67.694404,4.478800,0
1,1,67.711348,5.052100,0
1,1,67.728055,4.950300,0
1,1,67.744386,5.091100,0
1,1,67.761170,5.089000,0
1,1,67.777717,4.498900,0
1,1,67.794935,5.096000,0
1,1,67.811217,4.602200,0
1,1,67.827703,5.053400,0
1,1,67.844333,4.531200,0
1,1,67.861058,4.639000,0
1,1,67.877736,5.168000,0
1,1,67.894498,4.646300,0
1,1,67.911132,4.650800,0
1,1,67.927774,4.462300,0
1,1,67.944598,4.478100,0
1,1,67.961227,4.637400,0
1,1,67.977944,4.698700,0
1,1,67.994476,4.563200,0
1,1,68.011073,4.534000,0
1,1,68.027841,5.031600,0
1,1,68.044598,4.581800,0
1,1,68.061551,4.496300,0
1,1,68.077744,5.496600,0
1,1,68.094617,4.481800,0
1,1,68.111092,5.090900,0
1,1,68.127804,5.419300,0
1,1,68.144594,5.108400,0
1,1,68.161366,4.532200,0
1,1,68.177783,4.631500,0
1,1,68.194422,4.481700,0
1,1,68.211108,4.421400,0
1,1,68.228271,4.567700,0
1,1,68.244824,4.494500,0
1,1,68.261429,4.515700,0
1,1,68.278398,4.904400,0
1,1,68.294558,5.139000,0
1,1,68.311539,4.409800,0
1,1,68.328178,4.614500,0
1,1,68.344629,4.834700,0
1,1,68.361328,4.458100,0
1,1,68.378484,4.625000,0
1,1,68.394652,4.635500,0
1,1,68.411310,4.728400,0
1,1,68.427894,4.710900,0
1,1,68.445153,4.654400,0
1,1,68.465617,5.549700,0
1,1,68.478475,4.755500,0
1,1,68.494738,4.781000,0
1,1,68.511547,4.853600,0
1,1,68.528139,5.676300,0
1,1,68.545464,4.671700,0
1,1,68.561490,4.824300,0
1,1,68.578373,4.629400,0
1,1,68.594891,4.763400,0
1,1,68.611627,4.579400,0
1,1,68.628194,4.530900,0
1,1,68.644878,4.518300,0
1,1,68.661830,4.616000,0
1,1,68.678077,4.611900,0
1,1,68.694790,4.580700,0
1,1,68.711516,4.571200,0
1,1,68.728020,4.912500,0
1,1,68.744740,4.532600,0
1,1,68.761395,5.537500,0
1,1,68.778278,4.650100,0
1,1,68.794745,4.533600,0
1,1,68.811540,4.481200,0
1,1,68.828050,4.490400,0
1,1,68.844897,4.476600,0
1,1,68.861660,4.564600,0
1,1,68.877990,5.057400,0
1,1,68.894573,4.428600,0
1,1,68.911448,5.498800,0
1,1,68.928061,4.400300,0
1,1,68.944784,4.665300,0
1,1,68.961488,4.511100,0
1,1,68.978135,5.024500,0
1,1,68.994827,4.681900,0
1,1,69.011496,5.119800,0
1,1,69.028250,4.442100,0
1,1,69.044876,4.843600,0
1,1,69.061457,4.534100,0
1,1,69.078205,4.525700,0
1,1,69.095082,4.478300,0
1,1,69.111300,4.484800,0
1,1,69.128134,4.464100,0
1,1,69.144892,5.159700,0
1,1,69.161511,4.490900,0
1,1,69.178053,4.546500,0
1,1,69.195084,5.549000,0
1,1,69.211573,4.494000,0
1,1,69.228153,4.876900,0
1,1,69.244838,4.634100,0
1,1,69.261854,4.561900,0
1,1,69.278204,4.943100,0
1,1,69.294666,5.164300,0
1,1,69.311542,4.556400,0
1,1,69.327959,4.585700,0
1,1,69.345018,4.552200,0
1,1,69.361427,4.719600,0
1,1,69.378129,4.588700,0
1,1,69.395173,4.697300,0
1,1,69.411485,4.619400,0
1,1,69.427956,4.637700,0
1,1,69.444725,4.574800,0
1,1,69.461308,5.561300,0
1,1,69.478166,5.576000,0
1,1,69.494884,6.056100,0
1,1,69.511452,4.772000,0
1,1,69.528174,5.168300,0
1,1,69.544835,5.148200,0
1,1,69.561351,4.714100,0
1,1,69.578190,4.574000,0
1,1,69.594715,4.821300,0
1,1,69.611487,4.570500,0
1,1,69.628150,4.542800,0
1,1,69.644936,5.707700,0
1,1,69.661531,4.659900,0
1,1,69.678117,5.172000,0
1,1,69.694954,5.152100,0
1,1,69.711433,4.633800,0
1,1,69.728268,4.515100,0
1,1,69.744798,4.532800,0
1,1,69.761340,4.651600,0
1,1,69.778253,4.597100,0
1,1,69.794806,4.642300,0
1,1,69.811960,4.625700,0
1,1,69.828438,5.124500,0
1,1,69.845221,4.522000,0
1,1,69.861598,4.748400,0
1,1,69.878560,4.573800,0
1,1,69.895115,4.553200,0
1,1,69.911482,5.988000,0
1,1,69.928276,4.634600,0
1,1,69.944776,4.613200,0
1,1,69.961350,5.214500,0
1,1,69.978140,4.705600,0
1,1,69.994729,4.724500,0
1,1,70.011547,4.542600,0
1,1,70.028702,4.736800,0
1,1,70.044929,4.576800,0
1,1,70.061514,4.729000,0
1,1,70.078319,4.582100,0
1,1,70.094967,4.562900,0
1,1,70.111361,4.550900,0
1,1,70.128225,4.658700,0
1,1,70.144692,4.678700,0
1,1,70.161363,4.534300,0
1,1,70.178226,5.128300,0
1,1,70.194796,5.160900,0
1,1,70.211474,4.560700,0
1,1,70.228182,4.566100,0
1,1,70.244776,4.532200,0
1,1,70.261500,4.535500,0
1,1,70.278208,4.513800,0
1,1,70.294854,4.499400,0
1,1,70.311305,4.877500,0
1,1,70.328375,4.487600,0
1,1,70.344781,4.696700,0
1,1,70.361475,4.471400,0
1,1,70.378218,4.463400,0
1,1,70.394742,4.698800,0
1,1,70.411366,4.468900,0
1,1,70.428211,4.603400,0
1,1,70.444688,4.618900,0
1,1,70.461536,4.564600,0
1,1,70.478125,4.546700,0
1,1,70.495006,4.448500,0
1,1,70.512376,4.528600,0
1,1,70.528215,4.764200,0
1,2,77.646274,5.227700,0
1,2,77.662736,4.525300,0
1,2,77.679318,4.685700,0
1,2,77.696050,5.154500,0
1,2,77.712777,4.538400,0
1,2,77.729804,4.715200,0
1,2,77.745957,4.543700,0
1,2,77.762769,4.523400,0
1,2,77.779329,4.689000,0
1,2,77.796133,4.595700,0
1,2,77.812629,4.613300,0
1,2,77.829685,4.486900,0
1,2,77.845860,4.663500,0
1,2,77.862955,5.042000,0
1,2,77.879431,4.598600,0
1,2,77.896110,4.488200,0
1,2,77.912651,4.548700,0
1,2,77.929490,4.425300,0
1,2,77.946128,4.565200,0
1,2,77.962792,4.500700,0
1,2,77.979446,4.717100,0
1,2,77.996048,4.565300,0
1,2,78.012733,4.581300,0
1,2,78.029423,4.443400,0
1,2,78.046078,4.561400,0
1,2,78.062736,4.468600,0
1,2,78.079362,4.639700,0
1,2,78.096275,4.489200,0
1,2,78.112787,4.489100,0
1,2,78.129576,4.457800,0
1,2,78.146044,5.070900,0
1,2,78.162611,5.030200,0
1,2,78.179384,5.220700,0
1,2,78.196119,4.643300,0
1,2,78.212852,4.507800,0
1,2,78.229629,4.424400,0
1,2,78.246078,4.805900,0
1,2,78.262722,5.309400,0
1,2,78.279383,4.902800,0
1,2,78.295975,5.434700,0
1,2,78.312813,4.790000,0
1,2,78.329358,5.750000,0
1,2,78.346056,4.777000,0
1,2,78.362621,5.740800,0
1,2,78.379278,4.968800,0
1,2,78.396005,5.145900,0
1,2,78.412625,5.752800,0
1,2,78.429302,4.756400,0
1,2,78.446097,5.087000,0
1,2,78.462765,4.608600,0
1,2,78.479493,4.675100,0
1,2,78.495983,5.611000,0
1,2,78.512761,4.582600,0
1,2,78.529263,4.870500,0
1,2,78.546279,5.223700,0
1,2,78.562593,4.891400,0
1,2,78.579609,5.036900,0
1,2,78.595910,5.231000,0
1,2,78.612613,5.667600,0
1,2,78.629280,5.764900,0
1,2,78.646111,4.779800,0
1,2,78.662687,4.656800,0
1,2,78.679325,4.506300,0
1,2,78.696041,4.659400,0
1,2,78.712805,4.563200,0
1,2,78.729490,5.183000,0
1,2,78.746105,4.500800,0
1,2,78.762667,5.170800,0
1,2,78.779598,4.527600,0
1,2,78.796243,4.668600,0
1,2,78.812927,4.494600,0
1,2,78.829518,4.671300,0
1,2,78.846242,4.417700,0
1,2,78.862819,4.612200,0
1,2,78.879528,4.428900,0
1,2,78.896098,4.439900,0
1,2,78.912962,4.452200,0
1,2,78.929292,5.078100,0
1,2,78.946234,5.004500,0
1,2,78.962840,4.662900,0
1,2,78.979668,4.452200,0
1,2,78.996081,4.695600,0
1,2,79.012808,4.487400,0
1,2,79.029418,4.667800,0
1,2,79.046334,4.427500,0
1,2,79.062808,4.682000,0
1,2,79.079510,4.523400,0
1,2,79.096063,4.629800,0
1,2,79.112986,4.545500,0
1,2,79.129365,4.570000,0
1,2,79.146149,4.457700,0
1,2,79.162717,4.653300,0
1,2,79.179405,4.445200,0
1,2,79.196167,5.034300,0
1,2,79.212858,4.652200,0
1,2,79.229552,4.762600,0
1,2,79.246257,4.399600,0
1,2,79.262753,4.477500,0
1,2,79.279559,4.507600,0
1,2,79.296184,4.767000,0
1,2,79.312790,4.490900,0
1,2,79.329651,4.452000,0
1,2,79.346248,4.416100,0
1,2,79.362657,4.581900,0
1,2,79.379541,4.889200,0
1,2,79.395948,5.173400,0
1,2,79.412749,5.062000,0
1,2,79.429310,4.449600,0
1,2,79.446068,5.010000,0
1,2,79.462537,5.404200,0
1,2,79.479673,4.606600,0
1,2,79.496121,4.915700,0
1,2,79.512863,4.724300,0
1,2,79.529316,5.501400,0
1,2,79.546210,4.653100,0
1,2,79.562731,4.959600,0
1,2,79.579498,4.525000,0
1,2,79.596200,5.896600,0
1,2,79.612814,4.644700,0
1,2,79.629536,5.004600,0
1,2,79.646120,4.576600,0
1,2,79.663026,5.213000,0
1,2,79.679471,4.562700,0
1,2,79.695992,4.848200,0
1,2,79.712820,4.664300,0
1,2,79.729468,5.254200,0
1,2,79.746046,4.571000,0
1,2,79.762796,4.835300,0
1,2,79.779415,4.593900,0
1,2,79.796131,6.350000,0
1,2,79.812657,4.642700,0
1,2,79.829799,6.110200,0
1,2,79.846104,4.574700,0
1,2,79.862882,5.309900,0
1,2,79.879469,4.573000,0
1,2,79.895909,4.871300,0
1,2,79.912856,4.666100,0
1,2,79.929303,4.740700,0
1,2,79.946306,4.622900,0
1,2,79.962563,4.808100,0
1,2,79.979538,4.611600,0
1,2,79.995887,5.340500,0
1,2,80.012791,4.663600,0
1,2,80.029284,5.233500,0
1,2,80.046147,4.531800,0
1,2,80.062608,4.869200,0
1,2,80.079589,4.640300,0
1,2,80.096001,4.811100,0
1,2,80.112754,4.704800,0
1,2,80.129561,4.717800,0
1,2,80.146146,5.212500,0
1,2,80.162670,4.771800,0
1,2,80.179372,4.593500,0
1,2,80.195939,4.973500,0
1,2,80.212870,4.673500,0
1,2,80.229448,4.630000,0
1,2,80.246275,4.518000,0
1,2,80.262703,4.668700,0
1,2,80.279538,4.534600,0
1,2,80.296163,4.773400,0
1,2,80.312779,4.660500,0
1,2,80.329374,4.633800,0
1,2,80.346235,4.524200,0
1,2,80.362692,5.346400,0
1,2,80.379438,5.126600,0
1,2,80.395967,4.615700,0
1,2,80.412855,4.562700,0
1,2,80.429356,4.549000,0
1,2,80.446450,4.455400,0
1,2,80.462689,4.733000,0
1,2,80.479638,4.514500,0
1,2,80.496019,4.523800,0
1,2,80.513059,4.560300,0
1,2,80.529368,4.511100,0
1,2,80.546082,4.513000,0
1,2,80.562987,5.334700,0
1,2,80.579464,5.605300,0
1,2,80.596268,4.529000,0
1,2,80.612970,4.663900,0
1,2,80.632309,4.558500,0
1,2,80.646510,4.607400,0
1,2,80.663357,4.460400,0
1,2,80.679772,5.360800,0
1,2,80.696242,4.555900,0
1,2,80.712933,5.073800,0
1,2,80.729596,4.652200,0
1,2,80.746340,4.886100,0
1,2,80.762826,4.576000,0
1,2,80.780410,5.210000,0
1,2,80.796284,4.546400,0
1,2,80.813245,5.326300,0
1,2,80.830397,4.571000,0
1,2,80.846225,4.744700,0
1,2,80.862846,4.540000,0
1,2,80.879550,5.334400,0
1,2,80.896362,4.550800,0
1,2,80.912873,5.003200,0
1,2,80.929533,5.204200,0
1,2,80.946384,5.646900,0
1,2,80.963025,4.575200,0
1,2,80.979487,5.272300,0
1,2,80.996109,4.545000,0
1,2,81.012704,5.665700,0
1,2,81.029564,4.562800,0
1,2,81.046116,4.733700,0
1,2,81.063033,4.591200,0
1,2,81.079428,4.648000,0
1,2,81.096252,5.177800,0
1,2,81.112831,4.568300,0
1,2,81.129452,5.159000,0
1,2,81.146342,4.548400,0
1,2,81.162757,4.525700,0
1,2,81.179543,4.525700,0
1,2,81.196082,4.632800,0
1,2,81.212760,4.554100,0
1,2,81.229486,5.443900,0
1,2,81.246098,4.535400,0
1,2,81.262810,5.057100,0
1,2,81.279737,4.556000,0
1,2,81.296252,4.603100,0
1,2,81.313012,4.501800,0
1,2,81.329641,4.551300,0
1,2,81.346407,5.091600,0
1,2,81.362861,4.650800,0
1,2,81.379952,4.526800,0
1,2,81.396412,4.670000,0
1,2,81.413257,4.567400,0
1,2,81.429602,5.197400,0
1,2,81.446527,4.531500,0
1,2,81.462947,5.084300,0
1,2,81.479760,4.524000,0
1,2,81.496243,5.270500,0
1,2,81.513058,4.562800,0
1,2,81.529739,4.633800,0
1,2,81.546497,5.162100,0
1,2,81.563055,4.888500,0
1,2,81.579690,5.111200,0
1,2,81.596280,4.648500,0
1,2,81.613232,4.583000,0
1,2,81.629572,4.638600,0
1,2,81.646658,4.582100,0
1,2,81.663611,4.601000,0
1,2,81.679887,4.616300,0
1,2,81.696569,4.731000,0
1,2,81.713362,4.581500,0
1,2,81.729915,4.690700,0
1,2,81.746614,4.551800,0
1,2,81.762869,4.754200,0
1,2,81.779836,4.508400,0
1,2,81.796460,4.817400,0
1,2,81.813159,4.563000,0
1,2,81.829720,4.626700,0
1,2,81.846575,4.504100,0
1,2,81.863108,4.531700,0
1,2,81.879875,4.614800,0
1,2,81.896396,4.738100,0
1,2,81.913029,4.534800,0
1,2,81.929710,4.788500,0
1,2,81.946587,4.543300,0
1,2,81.963121,4.604500,0
1,2,81.979942,4.525800,0
1,2,81.996376,5.247800,0
1,2,82.013159,4.576200,0
1,2,82.029602,4.563400,0
1,2,82.046535,4.482000,0
1,2,82.063010,4.588300,0
1,2,82.080304,4.569500,0
1,2,82.096265,4.619400,0
1,2,82.113149,4.572200,0
1,2,82.129701,5.127800,0
1,2,82.146536,4.525300,0
1,2,82.162918,4.580700,0
1,2,82.180029,4.518900,0
1,2,82.196221,4.554600,0
1,2,82.213251,4.555700,0
1,2,82.229709,4.847700,0
1,2,82.246607,4.465900,0
1,2,82.263125,4.530600,0
1,2,82.279542,6.220000,0
1,2,82.296284,4.591200,0
1,2,82.313343,4.629400,0
1,2,82.329710,4.576400,0
1,2,82.346255,4.799500,0
1,2,82.363040,4.523200,0
1,2,82.379751,4.734600,0
1,2,82.396300,4.582400,0
1,2,82.413096,4.550600,0
1,2,82.429869,4.529700,0
1,2,82.446245,4.701000,0
1,2,82.462967,4.546200,0
1,2,82.479621,4.639800,0
1,2,82.496244,4.563400,0
1,2,82.512974,4.507800,0
1,2,82.530186,4.509100,0
1,2,82.546358,4.512800,0
1,2,82.562860,4.533200,0
1,2,82.579436,4.610400,0
1,2,82.596225,4.506600,0
1,2,82.613090,5.396500,0
1,2,82.630116,4.524500,0
1,2,82.646263,5.169600,0
1,2,82.662934,4.531000,0
1,2,82.680024,4.681800,0
1,2,82.696913,4.533800,0
1,2,82.713153,5.303200,0
1,2,82.729915,4.503300,0
1,2,82.746069,4.591900,0
1,2,82.762837,4.466600,0
1,2,82.779468,4.760800,0
1,2,82.796259,4.529600,0
1,2,82.813081,5.622200,0
1,2,82.830791,5.165000,0
1,2,82.846244,4.559500,0
1,2,82.863212,4.500600,0
1,2,82.879749,4.970500,0
1,2,82.896241,4.559100,0
1,2,82.912954,4.607800,0
1,2,82.929913,4.534500,0
1,2,82.946198,4.734800,0
1,2,82.962988,4.455500,0
1,2,82.979634,4.756000,0
1,2,82.996258,5.126900,0
1,2,83.012844,4.871000,0
1,2,83.029598,4.640600,0
1,2,83.046235,4.599400,0
1,2,83.062977,4.430100,0
1,2,83.079587,5.178800,0
1,2,83.096276,4.892300,0
1,2,83.113233,5.776400,0
1,2,83.129639,4.614400,0
1,2,83.146367,4.750100,0
1,2,83.163114,4.957400,0
1,2,83.179530,5.204100,0
1,2,83.196219,5.129600,0
1,2,83.212988,5.072500,0
1,2,83.229919,4.954800,0
1,2,83.246718,5.353300,0
1,2,83.262852,5.208600,0
1,2,83.280040,4.456600,0
1,2,83.296198,4.457100,0
1,2,83.313067,4.453600,0
1,2,83.329547,4.613200,0
1,2,83.346373,4.527300,0
1,2,83.363461,4.494500,0
1,2,83.379627,4.432400,0
1,2,83.396551,4.574700,0
1,2,83.413371,4.471200,0
1,2,83.429898,4.482000,0
1,2,83.446896,4.519800,0
1,2,83.463039,4.488400,0
1,2,83.479723,5.220800,0
1,2,83.496532,4.695400,0
1,2,83.513043,5.797500,0
1,2,83.529735,5.099400,0
1,2,83.546404,4.477200,0
1,2,83.563051,4.820200,0
1,2,83.579757,5.128300,0
1,2,83.596403,4.788300,0
1,2,83.613071,5.370100,0
1,2,83.629800,4.973400,0
1,2,83.646837,4.782100,0
1,2,83.662962,4.762400,0
1,2,83.679657,4.731300,0
1,2,83.696479,6.403200,0
1,2,83.713059,4.836700,0
1,2,83.729911,4.701800,0
1,2,83.746404,5.812200,0
1,2,83.763109,4.628000,0
1,2,83.779650,5.795700,0
1,2,83.796598,5.237300,0
1,2,83.813070,5.724700,0
1,2,83.829858,4.627500,0
1,2,83.846555,5.407500,0
1,2,83.863125,4.645900,0
1,2,83.879768,4.707200,0
1,2,83.896544,4.605300,0
1,2,83.913192,5.158700,0
1,2,83.929824,4.620800,0
1,2,83.946311,5.221000,0
1,2,83.963140,4.500100,0
1,2,83.979814,4.682200,0
1,2,83.996374,4.522200,0
1,2,84.013007,4.707200,0
1,2,84.029809,5.187900,0
1,2,84.046260,4.645000,0
1,2,84.063671,4.441100,0
1,2,84.079610,4.668700,0
1,2,84.097158,4.530800,0
1,2,84.112973,5.343100,0
1,2,84.129895,4.556500,0
1,2,84.146312,4.691900,0
1,2,84.163211,4.459600,0
1,2,84.179638,4.680100,0
1,2,84.196509,5.180800,0
1,2,84.212918,5.566900,0
1,2,84.229971,5.140800,0
1,2,84.246373,5.130400,0
1,2,84.263620,4.429200,0
1,2,84.279763,4.628900,0
1,2,84.296577,4.531100,0
1,2,84.313124,4.647500,0
1,2,84.330114,4.567600,0
1,2,84.346494,4.588900,0
1,2,84.363272,4.482100,0
1,2,84.379898,4.695500,0
1,2,84.396587,4.523600,0
1,2,84.413126,4.612900,0
1,2,84.430125,4.590900,0
1,2,84.446492,4.589300,0
1,2,84.463264,4.445200,0
1,2,84.479855,4.672000,0
1,2,84.496574,4.999400,0
1,2,84.513119,4.697200,0
1,2,84.530116,4.567000,0
1,2,84.546394,4.804300,0
1,2,84.563134,5.009400,0
1,2,84.579781,4.660800,0
1,2,84.596944,5.116500,0
1,2,84.613275,4.653200,0
1,2,84.629849,5.153400,0
1,2,84.646519,5.287800,0
1,2,84.663263,4.431300,0
1,2,84.679743,4.748900,0
1,2,84.696671,4.506300,0
1,2,84.713215,4.574300,0
1,2,84.730363,4.523400,0
1,2,84.746463,4.536500,0
1,2,84.763425,4.416400,0
1,2,84.779827,4.668600,0
1,2,84.796846,4.512200,0
1,2,84.813089,5.162900,0
1,2,84.830231,4.908300,0
1,2,84.846439,4.542700,0
1,2,84.863307,4.449300,0
1,2,84.879872,5.118000,0
1,2,84.896576,4.505700,0
1,2,84.913294,4.549300,0
1,2,84.929729,4.441400,0
1,2,84.946497,5.060400,0
1,2,84.963504,5.055300,0
1,2,84.979948,4.491500,0
1,2,84.996811,4.614700,0
1,2,85.013381,4.538000,0
1,2,85.030042,4.530500,0
1,2,85.046840,4.485800,0
1,2,85.063262,4.547400,0
1,2,85.080184,4.549100,0
1,2,85.096597,4.670500,0
1,2,85.113425,4.548700,0
1,2,85.129910,4.790900,0
1,2,85.146961,4.555500,0
1,2,85.163289,4.627900,0
1,2,85.180052,4.540200,0
1,2,85.196651,4.597700,0
1,2,85.213673,4.984200,0
1,2,85.229928,5.168000,0
1,2,85.246565,4.582800,0
1,2,85.263579,4.500000,0
1,2,85.279931,4.796500,0
1,2,85.296747,4.603500,0
1,2,85.313388,5.573700,0
1,2,85.330105,4.602700,0
1,2,85.346698,4.571900,0
1,2,85.363360,4.540500,0
1,2,85.379965,4.883300,0
1,2,85.397098,4.575200,0
1,2,85.413283,4.565300,0
1,2,85.430080,4.513500,0
1,2,85.446908,4.507900,0
1,2,85.463333,5.107900,0
1,2,85.479932,4.745300,0
1,2,85.496652,4.623800,0
1,2,85.513206,5.239000,0
1,2,85.530144,5.131300,0
1,2,85.546620,4.782700,0
1,2,85.563444,4.505300,0
1,2,85.579870,5.470300,0
1,2,85.596762,4.546900,0
1,2,85.613243,4.848600,0
1,2,85.630083,4.574000,0
1,2,85.646638,4.737600,0
1,2,85.663438,5.100800,0
1,2,85.679935,5.667100,0
1,2,85.696775,4.541400,0
1,2,85.716136,4.841300,0
1,2,85.730176,5.204300,0
1,2,85.746657,5.325200,0
1,2,85.763635,5.099400,0
1,2,85.780354,4.891400,0
1,2,85.796942,4.630500,0
1,2,85.813356,5.563900,0
1,2,85.830524,4.553500,0
1,2,85.846646,4.835900,0
1,2,85.863584,5.119600,0
1,2,85.880091,4.733200,0
1,2,85.897521,4.513700,0
1,2,85.913400,4.614800,0
1,2,85.930177,4.566300,0
1,2,85.946925,4.772500,0
1,2,85.963604,4.487800,0
1,2,85.979880,4.903800,0
1,2,85.996787,4.541500,0
1,2,86.013285,4.849300,0
1,2,86.030197,4.571000,0
1,2,86.046609,4.630300,0
1,2,86.063123,4.446400,0
1,2,86.079888,5.419200,0
1,2,86.097116,4.534900,0
1,2,86.113135,4.820400,0
1,2,86.129877,4.557600,0
1,2,86.146516,4.566800,0
1,2,86.163615,4.525300,0
1,2,86.180031,4.623700,0
1,2,86.204411,4.666900,0
1,2,86.230029,4.721000,0
1,2,86.230029,5.102700,0
1,2,86.246913,4.690800,0
1,2,86.297101,23.126100,0
1,2,86.313904,26.436200,0
1,2,86.349648,22.020600,0
1,2,86.376060,21.596800,0
1,2,86.403853,23.217400,0
1,2,86.431759,23.639400,0
1,2,86.458297,23.169100,0
1,2,86.485850,26.750300,0
1,2,86.510908,23.948700,0
1,2,86.540549,21.727400,0
1,2,86.567348,24.556400,0
1,2,86.593905,22.936300,0
1,2,86.620942,25.056100,0
1,2,86.650252,24.795800,0
1,2,86.677884,26.300900,0
1,2,86.704922,23.779000,0
1,2,86.734459,27.150300,0
1,2,86.762993,21.430500,0
1,2,86.793513,26.840000,0
1,2,86.821699,23.201600,0
1,2,87.064882,18.216700,0
1,2,87.091817,23.378100,0
1,2,87.118253,23.040400,0
1,2,87.145969,21.184600,0
1,2,87.174825,21.303700,0
1,2,87.201246,22.910000,0
1,2,87.228748,25.095700,0
1,2,87.254470,21.525300,0
1,2,87.282341,26.765500,0
1,2,87.309669,23.066100,0
1,2,87.336066,22.951600,0
1,2,87.362422,23.230600,0
1,2,87.390201,21.858200,0
1,2,87.415594,19.856800,0
1,2,87.444568,23.193000,0
1,2,87.471708,23.456900,0
1,2,87.497466,23.815800,0
1,2,87.524117,20.976600,0
1,2,87.551561,21.116800,0
1,2,87.578577,23.649000,0
1,2,87.606450,24.856100,0
1,2,87.633313,21.227500,0
1,2,87.663327,21.883900,0
1,2,87.692435,21.777300,0
1,2,87.720195,26.783400,0
1,2,87.749547,24.354100,0
1,2,87.779868,19.667500,0
1,2,87.805798,23.536400,0
1,2,87.835252,23.913000,0
1,2,87.863989,23.474500,0
1,2,87.892518,25.391100,0
1,2,87.919362,26.902500,0
1,2,87.946394,24.545700,0
1,2,87.974180,26.874700,0
1,2,88.001138,21.422600,0
1,2,88.028141,23.074100,0
1,2,88.055350,24.689300,0
1,2,88.082406,23.170700,0
1,2,88.111741,24.941700,0
1,2,88.138916,19.958300,0
1,2,88.167782,24.985200,0
1,2,88.196191,23.850800,0
1,2,88.224252,23.554100,0
1,2,88.250887,23.106200,0
1,2,88.278662,18.319900,0
1,2,88.307256,21.224400,0
1,2,88.335132,23.633800,0
1,2,88.364119,25.449100,0
1,2,88.391748,23.229100,0
1,2,88.418882,21.767700,0
1,2,88.446568,21.666800,0
1,2,88.474095,25.503700,0
1,2,88.502248,23.329600,0
1,2,88.528005,19.663100,0
1,2,88.555753,24.870000,0
1,2,88.584423,23.469100,0
1,2,88.612215,21.281400,0
1,2,88.639503,21.246300,0
1,2,88.667370,21.468000,0
1,2,88.696654,18.315700,0
1,2,88.725138,21.338100,0
1,2,88.752264,23.309500,0
1,2,88.779872,22.891200,0
1,2,88.808055,23.216100,0
1,2,88.837025,25.215600,0
1,2,88.865654,21.562200,0
1,2,88.894114,21.352600,0
1,2,88.923496,21.796400,0
1,2,88.950032,20.839400,0
1,2,88.977389,23.607300,0
1,2,89.007464,20.071400,0
1,2,89.035760,21.770700,0
1,2,89.062262,21.434900,0
1,2,89.088546,21.855200,0
1,2,89.115317,23.095000,0
1,2,89.141806,21.058600,0
1,2,89.170162,22.882500,0
1,2,89.197445,21.283600,0
1,2,89.225664,21.820000,0
1,2,89.253907,24.911000,0
1,2,89.281456,25.364600,0
1,2,89.309868,28.070300,0
1,2,89.337080,19.576400,0
1,2,89.367039,26.816700,0
1,2,89.393853,28.249300,0
1,2,89.422982,21.541700,0
1,2,89.450642,22.010900,0
1,2,89.480487,19.789900,0
1,2,89.506185,26.521500,0
1,2,89.531736,22.854500,0
1,2,89.560201,21.557300,0
1,2,89.590682,23.974100,0
1,2,89.618582,22.914800,0
1,2,89.645980,26.635400,0
1,2,89.672932,23.019300,0
1,2,89.700045,26.682100,0
1,2,89.727723,25.303300,0
1,2,89.754639,22.992100,0
1,2,89.784433,24.564200,0
1,2,89.812097,24.888700,0
1,2,89.838868,22.529000,0
1,2,89.864960,23.146500,0
1,2,89.893618,19.836800,0
1,2,89.917458,22.832800,0
1,2,89.946354,24.906200,0
1,2,89.971851,24.695300,0
1,2,90.006242,22.900900,0
1,2,90.027983,21.047600,0
1,2,90.056271,21.296500,0
1,2,90.082553,21.642500,0
1,2,90.109487,21.840600,0
1,2,90.136538,23.111000,0
1,2,90.167170,22.947200,0
1,2,90.192919,22.375900,0
1,2,90.220067,23.150600,0
1,2,90.250574,26.588500,0
1,2,90.275967,22.680900,0
1,2,90.303677,22.877000,0
1,2,90.333060,24.685700,0
1,2,90.358106,19.725200,0
1,2,90.386808,24.229000,0
1,2,90.458876,21.921700,0
1,2,90.458876,27.046600,0
1,2,90.475401,24.624700,0
1,2,90.491737,23.211900,0
1,2,90.527326,26.123000,0
1,2,90.557144,23.393600,0
1,2,90.585138,23.289000,0
1,2,90.611081,20.440400,0
1,2,90.638373,21.561800,0
1,2,90.666255,21.128100,0
1,2,90.692529,23.192600,0
1,2,90.718632,24.806300,0
1,2,90.745959,23.057700,0
1,2,90.784959,21.112600,0
1,2,90.801493,22.838600,0
1,2,90.830128,23.626500,0
1,2,90.856031,19.557100,0
1,2,90.886391,24.214800,0
1,2,90.914917,22.238600,0
1,2,90.942262,23.303600,0
1,2,90.971421,25.093900,0
1,2,91.001798,23.245400,0
1,2,91.029941,21.743000,0
1,2,91.062582,23.591800,0
1,2,91.088207,25.692000,0
1,2,91.117667,22.573700,0
1,2,91.142635,24.989200,0
1,2,91.172435,20.467600,0
1,2,91.201537,24.360300,0
1,2,91.233069,23.977900,0
1,2,91.260571,16.241900,0
1,2,91.291760,23.391900,0
1,2,91.321111,25.705200,0
1,2,91.349707,25.674000,0
1,2,91.378782,23.348600,0
1,2,91.408577,27.018200,0
1,2,91.438207,23.666300,0
1,2,91.466302,24.788400,0
1,2,91.496181,20.306400,0
1,2,91.523696,21.339100,0
1,2,91.553335,24.399000,0
1,2,91.581608,25.376800,0
1,2,91.610799,25.379600,0
1,2,91.639983,23.993800,0
1,2,91.666679,20.859200,0
1,2,91.694800,18.309900,0
1,2,91.726895,23.760000,0
1,2,91.750153,25.268100,0
1,2,91.777565,23.141700,0
1,2,91.807739,22.648300,0
1,2,91.836279,28.956300,0
1,2,91.862856,24.456100,0
1,2,91.890210,26.578400,0
1,2,91.918699,21.105400,0
1,2,91.947131,25.337500,0
1,2,91.977105,23.392200,0
1,2,92.009155,24.737900,0
1,2,92.033804,25.123900,0
1,2,92.064075,25.269600,0
1,2,92.093468,25.587200,0
1,2,92.119933,24.285300,0
1,2,92.148482,23.050800,0
1,2,92.176668,25.225900,0
1,2,92.206132,21.826500,0
1,2,92.237152,21.779200,0
1,2,92.262672,22.672400,0
1,2,92.289202,22.990500,0
1,2,92.317747,21.168700,0
1,2,92.345438,21.561800,0
1,2,92.375666,23.129900,0
1,2,92.400585,23.054500,0
1,2,92.431596,25.192300,0
1,2,92.458653,23.398000,0
1,2,92.485725,21.494000,0
1,2,92.515651,23.391500,0
1,2,92.540980,23.619000,0
1,2,92.568209,23.355200,0
1,2,92.595599,23.468400,0
1,2,92.622585,23.377900,0
1,2,92.650028,21.282000,0
1,2,92.675170,23.611000,0
1,2,92.703164,26.712100,0
1,2,92.729941,21.973600,0
1,2,92.757041,23.157700,0
1,2,92.786348,23.817700,0
1,2,92.813601,19.730200,0
1,2,92.839147,23.513700,0
1,2,92.866705,23.637000,0
1,2,92.894052,20.091500,0
1,2,92.921000,22.893700,0
1,2,92.947833,22.968300,0
1,2,92.977727,26.512100,0
1,2,93.004304,25.054800,0
1,2,93.033746,25.361000,0
1,2,93.060869,26.558700,0
1,2,93.087783,23.277000,0
1,2,93.115673,25.319500,0
1,2,93.142319,21.444000,0
1,2,93.169920,25.031400,0
1,2,93.197621,24.741900,0
1,2,93.224358,23.605400,0
1,2,93.251453,24.965200,0
1,2,93.277225,24.922400,0
1,2,93.304422,23.204300,0
1,2,93.333166,25.039400,0
1,2,93.359018,22.777100,0
1,2,93.385520,25.144000,0
1,2,93.410776,21.462400,0
1,2,93.439624,21.342700,0
1,2,93.466528,21.337600,0
1,2,93.493949,22.953800,0
1,2,93.520476,24.709400,0
1,2,93.546259,23.165300,0
1,2,93.572973,21.611500,0
1,2,93.600574,21.287300,0
1,2,93.628257,19.769700,0
1,2,93.654937,23.217800,0
1,2,93.681938,21.232400,0
1,2,93.709257,23.150700,0
1,2,93.737797,22.705700,0
1,2,93.763191,21.265100,0
1,2,93.790679,21.633800,0
1,2,93.817532,22.739700,0
1,2,93.844499,21.566400,0
1,2,93.872677,20.154600,0
1,2,93.900369,20.970400,0
1,2,93.927025,23.180100,0
1,2,93.953961,22.952200,0
1,2,93.980840,21.605900,0
1,2,94.010344,25.475900,0
1,2,94.038940,23.394000,0
1,2,94.068847,23.113100,0
1,2,94.092745,24.692100,0
1,2,94.122607,24.639200,0
1,2,94.150383,19.226900,0
1,2,94.178077,23.515600,0
1,2,94.205391,22.885000,0
1,2,94.231510,25.277400,0
1,2,94.258444,21.586100,0
1,2,94.286377,21.927300,0
1,2,94.312580,23.121800,0
1,2,94.343882,23.738200,0
1,2,94.370968,24.453600,0
1,2,94.399900,23.392500,0
1,2,94.426931,23.376500,0
1,2,94.455973,24.677500,0
1,2,94.482584,25.293000,0
1,2,94.509857,23.361200,0
1,2,94.537311,26.886100,0
1,2,94.564923,24.809000,0
1,2,94.592434,23.357400,0
1,2,94.619298,21.468100,0
1,2,94.646258,22.783700,0
1,2,94.672974,23.184300,0
1,2,94.700866,23.038900,0
1,2,94.728419,24.341500,0
1,2,94.758051,25.245900,0
1,2,94.785790,26.788700,0
1,2,94.812731,23.511200,0
1,2,94.840882,21.620700,0
1,2,94.867793,21.491000,0
1,2,94.897344,23.401300,0
1,2,94.924686,19.947600,0
1,2,94.951938,24.990000,0
1,2,94.978869,25.501700,0
1,2,95.006307,23.107600,0
1,2,95.035254,20.007300,0
1,2,95.063772,25.070100,0
1,2,95.093450,21.532700,0
1,2,95.119788,25.510500,0
1,2,95.147744,23.555600,0
1,2,95.175290,23.547500,0
1,2,95.204769,25.360300,0
1,2,95.234587,25.258700,0
1,2,95.261264,25.727000,0
1,2,95.287974,19.819500,0
1,2,95.315706,21.357100,0
1,2,95.343500,23.591800,0
1,2,95.371565,25.048700,0
1,2,95.397392,23.157900,0
1,2,95.426262,20.533000,0
1,2,95.455754,25.112900,0
1,2,95.485079,23.372300,0
1,2,95.510370,21.419800,0
1,2,95.537802,23.560900,0
1,2,95.565529,23.315800,0
1,2,95.592084,22.658000,0
1,2,95.620976,23.355900,0
1,2,95.649547,24.917300,0
1,2,95.676733,23.485100,0
1,2,95.705439,27.090600,0
1,2,95.734460,20.358100,0
1,2,95.761631,21.711000,0
1,2,95.787955,21.518200,0
1,2,95.814824,25.159600,0
1,2,95.846617,21.244000,0
1,2,95.869788,25.206700,0
1,2,95.896695,23.400200,0
1,2,95.923095,24.797000,0
1,2,95.948819,21.651200,0
1,2,95.976404,24.807300,0
1,2,96.003529,25.053500,0
1,2,96.029266,22.830400,0
1,2,96.055380,22.935400,0
1,2,96.082046,22.613100,0
1,2,96.108267,19.277700,0
1,2,96.133820,22.889200,0
1,2,96.160900,21.367500,0
1,2,96.187152,20.797800,0
1,2,96.214564,23.312500,0
1,2,96.241843,23.322600,0
1,2,96.268299,24.832400,0
1,2,96.295829,24.773300,0
1,2,96.322564,23.168100,0
1,2,96.349209,23.153000,0
1,2,96.376293,22.832600,0
1,2,96.403359,26.379400,0
1,2,96.430163,23.343800,0
1,2,96.458169,21.652500,0
1,2,96.486128,21.211000,0
1,2,96.514606,22.901100,0
1,2,96.542110,26.426000,0
1,2,96.570035,20.154900,0
1,2,96.597039,26.488300,0
1,2,96.624807,21.236500,0
1,2,96.653122,24.871600,0
1,2,96.680962,25.369700,0
1,2,96.709067,21.258400,0
1,2,96.739910,25.594600,0
1,2,96.764380,24.776700,0
1,2,96.790012,24.579700,0
1,2,96.816563,23.334600,0
1,2,96.843395,24.869900,0
1,2,96.873449,24.694900,0
1,2,96.898181,23.050200,0
1,2,96.927021,24.925400,0
1,2,96.951476,21.400200,0
1,2,96.978237,24.660700,0
1,2,97.007435,24.724600,0
1,2,97.034445,24.973100,0
1,2,97.061627,24.671800,0
1,2,97.088744,23.162500,0
1,2,97.116220,28.512200,0
1,2,97.143783,23.167900,0
1,2,97.170272,24.629900,0
1,2,97.197768,23.046600,0
1,2,97.225053,23.257100,0
1,2,97.250001,23.060600,0
1,2,97.279669,23.464100,0
1,2,97.305662,21.620900,0
1,2,97.332986,24.909100,0
1,2,97.359681,26.303500,0
1,2,97.386955,23.202300,0
1,2,97.414073,21.326100,0
1,2,97.440764,23.025300,0
1,2,97.467875,24.793700,0
1,2,97.495097,21.672800,0
1,2,97.522517,22.981200,0
1,2,97.549454,23.153200,0
1,2,97.577157,23.164900,0
1,2,97.604447,23.042500,0
1,2,97.631783,23.971300,0
1,2,97.661348,27.042600,0
1,2,97.688320,25.148900,0
1,2,97.715233,23.096400,0
1,2,97.742309,26.805700,0
1,2,97.769400,25.034300,0
1,2,97.796959,23.142700,0
1,2,97.823997,23.135000,0
1,2,97.853306,21.691700,0
1,2,97.878825,23.557700,0
1,2,97.906395,28.644000,0
1,2,97.933410,23.367200,0
1,2,97.961593,21.933800,0
1,2,97.988586,19.755700,0
1,2,98.015381,25.042400,0
1,2,98.042123,21.742800,0
1,2,98.067753,19.722900,0
1,2,98.096478,25.261600,0
1,2,98.123467,26.672500,0
1,2,98.150847,24.563200,0
1,2,98.176663,23.157300,0
1,2,98.205655,25.312900,0
1,2,98.231260,26.294400,0
1,2,98.258366,23.269100,0
1,2,98.285925,25.183800,0
1,2,98.313325,23.146600,0
1,2,98.340240,23.615400,0
1,2,98.367994,23.198700,0
1,2,98.395420,24.453800,0
1,2,98.420869,23.010100,0
1,2,98.450354,25.297500,0
1,2,98.477036,22.961800,0
1,2,98.505389,25.262000,0
1,2,98.532112,25.245800,0
1,2,98.560232,22.946300,0
1,2,98.586769,23.497400,0
1,2,98.614504,25.233800,0
1,2,98.641123,23.157400,0
1,2,98.667640,23.326300,0
1,2,98.696510,23.236900,0
1,2,98.726759,23.890000,0
1,2,98.752600,20.178200,0
1,2,98.781500,23.527500,0
1,2,98.809300,23.299000,0
1,2,98.836290,23.345100,0
1,2,98.863177,24.902400,0
1,2,98.890726,23.420300,0
1,2,98.918102,23.465100,0
1,2,98.945189,24.871600,0
1,2,98.973077,23.561700,0
1,2,99.002156,27.286100,0
1,2,99.027662,23.624000,0
1,2,99.055262,23.481900,0
1,2,99.084554,23.507900,0
1,2,99.110411,19.877800,0
1,2,99.137334,23.394700,0
1,2,99.165021,24.932000,0
1,2,99.192123,23.206800,0
1,2,99.220559,21.793400,0
1,2,99.246735,25.730500,0
1,2,99.274253,21.512500,0
1,2,99.299406,19.849100,0
1,2,99.327171,22.917700,0
1,2,99.354299,21.528300,0
1,2,99.381726,25.027600,0
1,2,99.411651,22.176400,0
1,2,99.440484,30.514300,0
1,2,99.468579,23.350700,0
1,2,99.495855,24.955400,0
1,2,99.523614,26.828900,0
1,2,99.550337,24.648200,0
1,2,99.578020,26.632000,0
1,2,99.605242,21.906500,0
1,2,99.632795,21.704600,0
1,2,99.659942,21.703100,0
1,2,99.686878,23.436600,0
1,2,99.714651,20.280400,0
1,2,99.742894,25.501800,0
1,2,99.769712,23.485400,0
1,2,99.796480,23.135200,0
1,2,99.826578,23.821200,0
1,2,99.853630,23.597600,0
1,2,99.880906,21.167100,0
1,2,99.908362,25.059700,0
1,2,99.934841,23.001000,0
1,2,99.960389,23.253500,0
1,2,99.987206,25.004200,0
1,2,100.014790,21.651700,0
1,2,100.041676,21.565400,0
1,2,100.067044,24.831900,0
1,2,100.093816,24.760200,0
1,2,100.121277,21.295900,0
1,2,100.147693,24.848800,0
1,2,100.172755,21.482400,0
1,2,100.202371,23.013700,0
1,2,100.228547,22.786900,0
1,2,100.255602,24.836100,0
1,2,100.283297,23.506300,0
1,2,100.310387,21.672500,0
1,2,100.337830,23.441300,0
1,2,100.365470,23.257400,0
1,2,100.391982,23.052300,0
1,2,100.419092,23.322700,0
1,2,100.446279,26.463000,0
1,2,100.473108,23.098300,0
1,2,100.500474,23.457300,0
1,2,100.527754,24.689400,0
1,2,100.555123,23.399500,0
1,2,100.582394,23.349700,0
1,2,100.610673,23.599100,0
1,2,100.639975,22.988400,0
1,2,100.665799,24.795000,0
1,2,100.693326,23.416200,0
1,2,100.721438,25.450300,0
1,2,100.748789,23.507100,0
1,2,100.776375,23.333700,0
1,2,100.806457,25.402600,0
1,2,100.833482,21.825400,0
1,2,100.861306,25.016100,0
1,2,100.891941,25.204400,0
1,2,100.915689,23.394200,0
1,2,100.945158,27.086400,0
1,2,100.972078,24.841400,0
1,2,100.999658,23.615700,0
1,2,101.026903,23.149200,0
1,2,101.053888,23.335400,0
1,2,101.078701,24.841600,0
1,2,101.105889,24.876200,0
1,2,101.131941,22.438600,0
1,2,101.158308,21.843600,0
1,2,101.185247,21.322600,0
1,2,101.212616,19.822800,0
1,2,101.239732,25.186700,0
1,2,101.262174,19.256600,0
1,2,101.285028,16.179000,0
1,2,101.310140,17.360200,0
1,2,101.327268,15.668900,0
1,2,101.343354,14.895300,0
1,2,101.367155,17.283500,0
1,2,101.381532,14.700400,0
1,2,101.402466,19.764100,0
1,2,101.423905,17.547900,0
1,2,101.445221,18.843600,0
1,2,101.471883,22.995400,0
1,2,101.498996,22.882800,0
1,2,101.526310,21.359000,0
1,2,101.553391,21.434500,0
1,2,101.580532,25.173300,0
1,2,101.607452,26.394000,0
1,2,101.635065,23.096600,0
1,2,101.662394,24.603700,0
1,2,101.689556,23.527100,0
1,2,101.717213,23.135500,0
1,2,101.746379,27.167300,0
1,2,101.773164,24.646800,0
1,2,101.800274,23.446000,0
1,2,101.827642,22.976700,0
1,2,101.855360,24.815600,0
1,2,101.882041,23.398400,0
1,2,101.908944,24.901600,0
1,2,101.934434,24.821200,0
1,2,101.963141,22.902900,0
1,2,101.989823,21.878600,0
1,2,102.017010,21.477400,0
1,2,102.043717,24.483000,0
1,2,102.071158,22.062100,0
1,2,102.099027,20.378400,0
1,2,102.126478,21.795800,0
1,2,102.154939,23.397700,0
1,2,102.181237,21.173000,0
1,2,102.207366,24.805100,0
1,2,102.235504,23.082900,0
1,2,102.262262,21.454000,0
1,2,102.288772,23.109000,0
1,2,102.315638,26.551500,0
1,2,102.342179,20.892300,0
1,2,102.368439,24.754500,0
1,2,102.393874,22.969200,0
1,2,102.420851,23.186900,0
1,2,102.449010,23.041500,0
1,2,102.478425,24.746700,0
1,2,102.505389,25.129600,0
1,2,102.532132,23.115300,0
1,2,102.560410,21.403500,0
1,2,102.587265,21.643300,0
1,2,102.614835,24.597400,0
1,2,102.643315,25.090500,0
1,2,102.670920,25.007000,0
1,2,102.698549,25.021500,0
1,2,102.726420,24.025500,0
1,2,102.753103,23.316700,0
1,2,102.782005,21.375100,0
1,2,102.810556,21.328400,0
1,2,102.835395,21.354500,0
1,2,102.862424,21.688700,0
1,2,102.890812,22.885700,0
1,2,102.920920,21.696400,0
1,2,102.947373,21.951600,0
1,2,102.974617,20.104700,0
1,2,103.003127,23.881200,0
1,2,103.030230,27.363000,0
1,2,103.057414,21.657300,0
1,2,103.085331,23.605200,0
1,2,103.111680,22.013600,0
1,2,103.139316,23.524500,0
1,2,103.167336,25.315000,0
1,2,103.195143,25.135600,0
1,2,103.221422,21.380100,0
1,2,103.249747,23.751800,0
1,2,103.278825,23.604700,0
1,2,103.303994,23.150300,0
1,2,103.332111,23.084600,0
1,2,103.361317,25.414800,0
1,2,103.388675,24.941400,0
1,2,103.415016,23.718800,0
1,2,103.443708,28.911400,0
1,2,103.471118,23.015400,0
1,2,103.498870,23.362800,0
1,2,103.526487,23.233200,0
1,2,103.552909,25.181300,0
1,2,103.579868,21.501800,0
1,2,103.609428,23.248600,0
1,2,103.634942,27.138300,0
1,2,103.663935,24.580100,0
1,2,103.691121,24.840800,0
1,2,103.719694,20.258200,0
1,2,103.745329,22.876900,0
1,2,103.771952,24.729500,0
1,2,103.801209,21.720900,0
1,2,103.830509,26.905300,0
1,2,103.858499,27.146400,0
1,2,103.885582,21.402400,0
1,2,103.912952,21.880400,0
1,2,103.939679,22.968500,0
1,2,103.967328,21.883200,0
1,2,103.994546,21.900200,0
1,2,104.022523,23.328900,0
1,2,104.048035,21.518900,0
1,2,104.076006,26.655900,0
1,2,104.107540,23.968100,0
1,2,104.135051,27.110200,0
1,2,104.162861,25.290700,0
1,2,104.190475,25.687200,0
1,2,104.218198,21.263600,0
1,2,104.247556,25.556800,0
1,2,104.275273,23.078600,0
1,2,104.302190,25.288600,0
1,2,104.329555,25.326400,0
1,2,104.361058,23.717700,0
1,2,104.388718,26.953000,0
1,2,104.417455,28.296800,0
1,2,104.444527,23.313500,0
1,2,104.470439,23.040700,0
1,2,104.498122,26.104100,0
1,2,104.525719,25.193000,0
1,2,104.552661,22.943600,0
1,2,104.579843,23.061000,0
1,2,104.607228,26.559500,0
1,2,104.632328,24.929200,0
1,2,104.661170,23.027500,0
1,2,104.686131,23.541600,0
1,2,104.714671,23.674800,0
1,2,104.740259,24.899900,0
1,2,104.768509,26.581000,0
1,2,104.797823,23.260200,0
1,2,104.824916,24.856900,0
1,2,104.849770,22.402300,0
1,2,104.878435,23.267100,0
1,2,104.905506,23.222500,0
1,2,104.932228,22.859600,0
1,2,104.959279,24.763000,0
1,2,104.986757,23.267300,0
1,2,105.014408,23.175400,0
1,2,105.041023,24.820100,0
1,2,105.068679,21.546800,0
1,2,105.095521,26.493000,0
1,2,105.122461,25.119300,0
1,2,105.149760,26.880500,0
1,2,105.177571,27.106200,0
1,2,105.205465,23.453300,0
1,2,105.234873,23.586200,0
1,2,105.262668,23.581600,0
1,2,105.288822,23.474400,0
1,2,105.316293,23.380800,0
1,2,105.345314,25.208600,0
1,2,105.372569,20.058200,0
1,2,105.399691,25.182400,0
1,2,105.428818,25.038500,0
1,2,105.456122,23.192700,0
1,2,105.483232,21.688000,0
1,2,105.510174,21.566500,0
1,2,105.537475,23.657200,0
1,2,105.564779,21.774500,0
1,2,105.591707,21.540200,0
1,2,105.619145,23.349100,0
1,2,105.646432,22.962900,0
1,2,105.673192,21.617300,0
1,2,105.700056,23.222800,0
1,2,105.727368,22.297100,0
1,2,105.754615,21.664200,0
1,2,105.782499,24.713300,0
1,2,105.809128,21.309100,0
1,2,105.836358,24.879900,0
1,2,105.864860,19.872500,0
1,2,105.889137,22.808600,0
1,2,105.919872,21.380500,0
1,2,105.943709,23.322700,0
1,2,105.970366,21.685100,0
1,2,105.997304,21.278900,0
1,2,106.024921,23.349600,0
1,2,106.051934,25.228600,0
1,2,106.078565,21.162800,0
1,2,106.107903,25.191500,0
1,2,106.135470,24.667300,0
1,2,106.163027,26.714900,0
1,2,106.189428,21.381400,0
1,2,106.216909,23.542200,0
1,2,106.244286,25.145900,0
1,2,106.275138,24.860900,0
1,2,106.300102,26.217200,0
1,2,106.326664,24.939500,0
1,2,106.354148,23.245000,0
1,2,106.381560,25.378800,0
1,2,106.413446,23.312900,0
1,2,106.439631,24.880500,0
1,2,106.466931,25.278100,0
1,2,106.494833,25.265500,0
1,2,106.521115,23.447000,0
1,2,106.548533,24.859200,0
1,2,106.575478,25.065400,0
1,2,106.602922,24.881400,0
1,2,106.629552,21.317600,0
1,2,106.657258,23.086400,0
1,2,106.681869,24.767200,0
1,2,106.709262,24.513200,0
1,2,106.737994,23.884100,0
1,2,106.764266,23.164700,0
1,2,106.792346,23.440900,0
1,2,106.819626,23.450300,0
1,2,106.847046,23.245800,0
1,2,106.873751,23.423900,0
1,2,106.900809,23.053600,0
1,2,106.928192,24.985800,0
1,2,106.955814,23.208100,0
1,2,106.983221,23.420200,0
1,2,107.010557,23.561700,0
1,2,107.038114,25.009800,0
1,2,107.067777,25.174200,0
1,2,107.094167,23.223900,0
1,2,107.121998,26.643400,0
1,2,107.149014,24.695300,0
1,2,107.175944,26.921800,0
1,2,107.203596,22.957000,0
1,2,107.228597,25.246800,0
1,2,107.256289,23.371700,0
1,2,107.285252,21.461100,0
1,2,107.312862,23.611900,0
1,2,107.341183,23.395400,0
1,2,107.369384,21.759200,0
1,2,107.395917,21.660100,0
1,2,107.422900,23.163600,0
1,2,107.451581,21.964200,0
1,2,107.477547,26.849900,0
1,2,107.506593,27.327000,0
1,2,107.534770,25.327000,0
1,2,107.562192,22.133500,0
1,2,107.589589,23.654600,0
1,2,107.616358,23.516800,0
1,2,107.644369,25.443000,0
1,2,107.671670,25.051000,0
1,2,107.699537,27.146100,0
1,2,107.727547,25.770300,0
1,2,107.754912,24.871400,0
1,2,107.783408,24.612900,0
1,2,107.809032,19.961600,0
1,2,107.838359,21.507800,0
1,2,107.865375,23.339400,0
1,2,107.892793,25.092700,0
1,2,107.919954,24.954700,0
1,2,107.947719,23.188500,0
1,2,107.975868,21.457400,0
1,2,108.001582,25.962200,0
1,2,108.029456,23.318500,0
1,2,108.054292,23.416600,0
1,2,108.083094,18.238200,0
1,2,108.110696,24.909700,0
1,2,108.140434,23.343700,0
1,2,108.168941,26.913400,0
1,2,108.196794,25.185800,0
1,2,108.225453,25.170600,0
1,2,108.253297,21.320300,0
1,2,108.282178,23.428600,0
1,2,108.309808,25.147600,0
1,2,108.336822,19.950400,0
1,2,108.364417,23.327700,0
1,2,108.391414,22.841700,0
1,2,108.418728,23.145500,0
1,2,108.446320,25.120300,0
1,2,108.472970,23.365600,0
1,2,108.500718,25.056900,0
1,2,108.528299,24.852200,0
1,2,108.556373,22.032400,0
1,2,108.585320,29.508600,0
1,2,108.613221,25.638700,0
1,2,108.643132,25.458600,0
1,2,108.670776,25.907900,0
1,2,108.698571,24.189900,0
1,2,108.728319,27.839000,0
1,2,108.757572,27.532600,0
1,2,108.785998,23.818600,0
1,2,108.813480,21.656600,0
1,2,108.842361,23.907300,0
1,2,108.870131,25.565700,0
1,2,108.897683,24.727700,0
1,2,108.925335,23.878200,0
1,2,108.954594,24.001800,0
1,2,108.981532,23.216200,0
1,2,109.010668,25.238000,0
1,2,109.038535,21.710100,0
1,2,109.066550,19.917600,0
1,2,109.092969,25.357800,0
1,2,109.120198,18.488300,0
1,2,109.147554,21.648000,0
1,2,109.174764,25.205000,0
1,2,109.202790,21.912200,0
1,2,109.229188,23.328800,0
1,2,109.254791,23.275700,0
1,2,109.281207,22.918800,0
1,2,109.308609,24.727600,0
1,2,109.336931,24.981400,0
1,2,109.363475,24.513200,0
1,2,109.390330,22.859700,0
1,2,109.417121,24.887300,0
1,2,109.444858,19.610600,0
1,2,109.472105,23.156100,0
1,2,109.499365,22.549700,0
1,2,109.525868,25.181100,0
1,2,109.553227,24.947700,0
1,2,109.580397,26.523100,0
1,2,109.607789,21.853500,0
1,2,109.637379,20.135800,0
1,2,109.666122,22.979400,0
1,2,109.693618,26.789900,0
1,2,109.720986,26.966000,0
1,2,109.750381,25.403600,0
1,2,109.777366,23.039500,0
1,2,109.804730,26.859600,0
1,2,109.832382,23.243400,0
1,2,109.859481,25.077400,0
1,2,109.886817,26.432400,0
1,2,109.915113,24.727600,0
1,2,109.939830,26.562600,0
1,2,109.968814,22.929100,0
1,2,109.996934,24.943400,0
1,2,110.023853,24.558700,0
1,2,110.050942,26.418700,0
1,2,110.082713,23.724300,0
1,2,110.110834,23.532200,0
1,2,110.138552,23.384100,0
1,2,110.166123,24.796400,0
1,2,110.193565,23.508100,0
1,2,110.224366,25.077900,0
1,2,110.252291,28.548600,0
1,2,110.281531,23.891900,0
1,2,110.310931,27.177000,0
1,2,110.341087,28.778900,0
1,2,110.369096,24.877300,0
1,2,110.398110,23.275500,0
1,2,110.427529,23.569300,0
1,2,110.456405,23.107100,0
1,2,110.485128,28.707300,0
1,2,110.513642,23.680300,0
1,2,110.542421,21.476700,0
1,2,110.569793,24.858100,0
1,2,110.596438,24.362700,0
1,2,110.624277,25.070600,0
1,2,110.652409,25.210500,0
1,2,110.679630,21.672200,0
1,2,110.706171,23.108700,0
1,2,110.733546,29.073500,0
1,2,110.760769,23.645400,0
1,2,110.788355,23.204800,0
1,2,110.815168,26.591600,0
1,2,110.842722,25.057500,0
1,2,110.867949,23.142500,0
1,2,110.894625,24.998200,0
1,2,110.922448,23.563000,0
1,2,110.949942,24.649600,0
1,2,110.983121,20.376000,0
1,2,111.005537,25.862900,0
1,2,111.033265,25.202600,0
1,2,111.060022,25.306800,0
1,2,111.086789,23.619200,0
1,2,111.113777,25.031800,0
1,2,111.141333,21.714800,0
1,2,111.166944,21.672600,0
1,2,111.194022,26.962900,0
1,2,111.223610,25.519900,0
1,2,111.250654,23.374700,0
1,2,111.277802,22.895000,0
1,2,111.305071,22.957800,0
1,2,111.331995,23.527600,0
1,2,111.360478,21.561200,0
1,2,111.388666,25.086300,0
1,2,111.419085,23.781000,0
1,2,111.445375,21.742900,0
1,2,111.472947,21.621200,0
1,2,111.500222,23.615400,0
1,2,111.527531,23.264600,0
1,2,111.554779,21.376800,0
1,2,111.581992,25.351800,0
1,2,111.608072,23.615500,0
1,2,111.636253,24.980300,0
1,2,111.663774,22.198700,0
1,2,111.690951,25.193000,0
1,2,111.718262,21.511500,0
1,2,111.747359,25.929500,0
1,2,111.774715,23.150200,0
1,2,111.801884,24.879300,0
1,2,111.829291,26.643400,0
1,2,111.856332,24.883400,0
1,2,111.883448,21.531600,0
1,2,111.910259,24.468700,0
1,2,111.937690,21.411500,0
1,2,111.965477,23.368500,0
1,2,111.992352,22.894100,0
1,2,112.018636,21.018300,0
1,2,112.046284,23.043000,0
1,2,112.073462,23.316700,0
1,2,112.099292,24.834500,0
1,2,112.127791,24.695000,0
1,2,112.155730,23.554300,0
1,2,112.184752,23.614400,0
1,2,112.213586,25.020700,0
1,2,112.241129,28.843000,0
1,2,112.269778,23.839400,0
1,2,112.302952,23.138800,0
1,2,112.331987,23.298500,0
1,2,112.359380,27.188500,0
1,2,112.390293,25.759200,0
1,2,112.420520,25.308900,0
1,2,112.449924,25.407600,0
1,2,112.477170,23.079900,0
1,2,112.507090,29.149100,0
1,2,112.536535,23.637600,0
1,2,112.566819,23.803300,0
1,2,112.593289,21.724300,0
1,2,112.624791,25.372500,0
1,2,112.652905,26.825600,0
1,2,112.679424,19.875600,0
1,2,112.709543,24.868700,0
1,2,112.737747,18.184900,0
1,2,112.765228,26.756800,0
1,2,112.793205,21.408300,0
1,2,112.825353,27.425700,0
1,2,112.850208,23.190200,0
1,2,112.878399,25.232600,0
1,2,112.906784,21.296900,0
1,2,112.933493,22.777500,0
1,2,112.960606,20.010500,0
1,2,112.988769,23.719100,0
1,2,113.016081,24.861700,0
1,2,113.043375,27.221300,0
1,2,113.070626,21.558700,0
1,2,113.097789,23.114100,0
1,2,113.125267,23.512300,0
1,2,113.153249,23.508500,0
1,2,113.179875,21.498100,0
1,2,113.208227,20.408800,0
1,2,113.234532,23.091700,0
1,2,113.262085,21.949000,0
1,2,113.286764,22.973200,0
1,2,113.313946,20.892200,0
1,2,113.339006,23.454200,0
1,2,113.366384,23.217700,0
1,2,113.394591,23.133800,0
1,2,113.419405,24.967500,0
1,2,113.446286,23.202500,0
1,2,113.473500,21.526200,0
1,2,113.500732,24.805000,0
1,2,113.526548,24.746200,0
1,2,113.554925,24.699200,0
1,2,113.582925,23.199200,0
1,2,113.609870,22.745400,0
1,2,113.636335,21.907500,0
1,2,113.663291,21.386500,0
1,2,113.690075,22.887800,0
1,2,113.718825,27.427700,0
1,2,113.745920,23.490600,0
1,2,113.772911,23.084800,0
1,2,113.802201,24.996700,0
1,2,113.829516,23.493800,0
1,2,113.857126,23.054300,0
1,2,113.886696,27.251000,0
1,2,113.913545,24.879900,0
1,2,113.941277,24.864000,0
1,2,113.968253,25.077200,0
1,2,113.995560,23.048600,0
1,2,114.022470,24.717200,0
1,2,114.049722,23.282400,0
1,2,114.078755,21.807900,0
1,2,114.106127,25.128400,0
1,2,114.133162,23.557700,0
1,2,114.161086,23.324100,0
1,2,114.188500,21.976700,0
1,2,114.215471,19.892700,0
1,2,114.243088,23.906300,0
1,2,114.270104,26.040300,0
1,2,114.297485,25.066600,0
1,2,114.323062,25.203600,0
1,2,114.350139,25.120900,0
1,2,114.377948,23.480000,0
1,2,114.405650,23.514300,0
1,2,114.432276,21.444300,0
1,2,114.457657,23.718900,0
1,2,114.485801,21.671200,0
1,2,114.511950,20.494400,0
1,2,114.540146,23.990400,0
1,2,114.569572,23.710200,0
1,2,114.596972,27.319500,0
1,2,114.624705,21.800700,0
1,2,114.654223,23.835400,0
1,2,114.683214,26.962300,0
1,2,114.711139,26.886600,0
1,2,114.738267,23.197300,0
1,2,114.765322,26.312500,0
1,2,114.792945,23.547000,0
1,2,114.820517,25.360200,0
1,2,114.847445,25.121300,0
1,2,114.876702,25.245800,0
1,2,114.903850,23.171400,0
1,2,114.930795,25.039000,0
1,2,114.961161,25.296200,0
1,2,114.987843,21.841400,0
1,2,115.014438,21.741100,0
1,2,115.038960,23.068800,0
1,2,115.067990,23.534400,0
1,2,115.096048,23.243400,0
1,2,115.124889,25.191200,0
1,2,115.152434,23.508000,0
1,2,115.182119,24.920400,0
1,2,115.209151,25.485200,0
1,2,115.236457,25.343500,0
1,2,115.263725,23.532400,0
1,2,115.291410,21.649100,0
1,2,115.319115,25.542500,0
1,2,115.346479,21.984500,0
1,2,115.374719,25.323300,0
1,2,115.401379,23.417000,0
1,2,115.428219,25.096300,0
1,2,115.456161,23.363600,0
1,2,115.482806,23.584500,0
1,2,115.510867,24.894400,0
1,2,115.538794,24.962200,0
1,2,115.566051,23.325100,0
1,2,115.593020,25.203400,0
1,2,115.621868,25.100300,0
1,2,115.650117,23.682200,0
1,2,115.678950,26.772500,0
1,2,115.706927,25.503000,0
1,2,115.734218,23.973000,0
1,2,115.761543,25.125200,0
1,2,115.789150,25.167400,0
1,2,115.816672,19.623500,0
1,2,115.844855,25.319500,0
1,2,115.871863,21.532000,0
1,2,115.899094,24.707300,0
1,2,115.924126,24.066100,0
1,2,115.950993,19.676000,0
1,2,115.977709,23.264800,0
1,2,116.005235,24.989900,0
1,2,116.036618,24.723300,0
1,2,116.060985,26.552900,0
1,2,116.087341,21.339100,0
1,2,116.114961,25.019800,0
1,2,116.141648,24.645500,0
1,2,116.168977,23.253300,0
1,2,116.197239,25.024300,0
1,2,116.223113,25.091200,0
1,2,116.249819,24.840000,0
1,2,116.278669,21.577700,0
1,2,116.305745,24.712900,0
1,2,116.333111,24.960100,0
1,2,116.360321,25.232700,0
1,2,116.388522,23.558200,0
1,2,116.416929,23.404000,0
1,2,116.444582,23.379800,0
1,2,116.471832,23.223400,0
1,2,116.498654,23.139400,0
1,2,116.526388,25.314000,0
1,2,116.553187,24.987800,0
1,2,116.581425,21.984700,0
1,2,116.608580,23.312400,0
1,2,116.635162,19.701700,0
1,2,116.660174,26.474900,0
1,2,116.687484,24.802200,0
1,2,116.715701,20.288800,0
1,2,116.742359,21.058700,0
1,2,116.769065,23.229800,0
1,2,116.796350,25.065400,0
1,2,116.823326,17.892300,0
1,2,116.850664,23.528500,0
1,2,116.878477,21.535500,0
1,2,116.906123,23.425600,0
1,2,116.932984,19.742800,0
1,2,116.960460,23.353300,0
1,2,116.987758,25.202200,0
1,2,117.015288,24.843800,0
1,2,117.042768,21.881000,0
1,2,117.070666,21.443600,0
1,2,117.097738,25.029800,0
1,2,117.124566,25.122300,0
1,2,117.153638,23.311500,0
1,2,117.180025,21.043800,0
1,2,117.207600,23.236400,0
1,2,117.234921,21.703600,0
1,2,117.262167,21.118200,0
1,2,117.288573,21.467100,0
1,2,117.316089,19.561900,0
1,2,117.345242,24.948000,0
1,2,117.371799,21.631900,0
1,2,117.399153,21.541300,0
1,2,117.427659,21.635600,0
1,2,117.454331,21.047800,0
1,2,117.480950,28.335000,0
1,2,117.508195,25.256200,0
1,2,117.540520,22.216400,0
1,2,117.568692,25.488300,0
1,2,117.597025,20.240900,0
1,2,117.624903,23.472900,0
1,2,117.652453,20.218000,0
1,2,117.682148,26.954900,0
1,2,117.709727,25.482300,0
1,2,117.737955,22.115800,0
1,2,117.766356,26.751500,0
1,2,117.793663,26.846100,0
1,2,117.820558,26.881000,0
1,2,117.846516,26.387400,0
1,2,117.873374,22.929400,0
1,2,117.900766,21.936800,0
1,2,117.927862,21.412200,0
1,2,117.955846,21.849200,0
1,2,117.983836,21.413000,0
1,2,118.010350,19.755500,0
1,2,118.036822,23.196000,0
1,2,118.065967,20.991200,0
1,2,118.092366,24.785200,0
1,2,118.118816,25.300100,0
1,2,118.147551,25.149500,0
1,2,118.176061,25.072900,0
1,2,118.203515,23.608600,0
1,2,118.230453,21.812700,0
1,2,118.258355,27.120300,0
1,2,118.285272,27.074200,0
1,2,118.313048,21.820200,0
1,2,118.340458,23.351200,0
1,2,118.367598,23.915400,0
1,2,118.395567,24.869000,0
1,2,118.422717,20.035900,0
1,2,118.449893,22.013600,0
1,2,118.477358,25.141400,0
1,2,118.506705,23.509300,0
1,2,118.534100,21.971000,0
1,2,118.562102,23.489700,0
1,2,118.588815,20.267700,0
1,2,118.615979,18.285100,0
1,2,118.643510,21.557800,0
1,2,118.670802,23.526200,0
1,2,118.696697,25.153100,0
1,2,118.724619,21.741300,0
1,2,118.751735,21.697000,0
1,2,118.780522,23.447200,0
1,2,118.808091,24.642300,0
1,2,118.835739,23.095800,0
1,2,118.865513,25.462400,0
1,2,118.892323,24.738700,0
1,2,118.919789,23.576100,0
1,2,118.946614,23.351400,0
1,2,118.975834,24.833000,0
1,2,119.003513,26.270600,0
1,2,119.030865,24.688500,0
1,2,119.057986,25.102400,0
1,2,119.083178,23.259000,0
1,2,119.110528,23.228500,0
1,2,119.140604,25.024000,0
1,2,119.167337,23.161200,0
1,2,119.194192,25.163900,0
1,2,119.221853,23.442800,0
1,2,119.247927,23.720600,0
1,2,119.276217,24.869600,0
1,2,119.302387,25.100000,0
1,2,119.329839,25.397000,0
1,2,119.357497,25.085900,0
1,2,119.384771,23.391900,0
1,2,119.412159,25.404100,0
1,2,119.439819,23.328900,0
1,2,119.465517,26.799900,0
1,2,119.492056,23.262400,0
1,2,119.519256,20.989200,0
1,2,119.546517,25.076100,0
1,2,119.573956,25.123300,0
1,2,119.601364,22.974000,0
1,2,119.626912,24.751700,0
1,2,119.656344,25.249700,0
1,2,119.683642,23.302500,0
1,2,119.711130,24.782000,0
1,2,119.738853,22.324200,0
1,2,119.765724,21.261800,0
1,2,119.793221,23.747500,0
1,2,119.823262,23.481900,0
1,2,119.848827,23.816500,0
1,2,119.877844,26.606600,0
1,2,119.904957,23.573400,0
1,2,119.932745,23.213900,0
1,2,119.958345,23.504100,0
1,2,119.986666,23.040100,0
1,2,120.014760,25.006000,0
1,2,120.040749,25.083400,0
1,2,120.068122,25.108800,0
1,2,120.093786,23.363300,0
1,2,120.122972,25.015000,0
1,2,120.150140,23.436500,0
1,2,120.177500,23.604000,0
1,2,120.205239,23.397900,0
1,2,120.232460,20.235400,0
1,2,120.259727,23.325400,0
1,2,120.287204,22.159200,0
1,2,120.314358,23.339400,0
1,2,120.341752,23.034900,0
1,2,120.368856,22.904300,0
1,2,120.396578,22.990800,0
1,2,120.423471,23.203500,0
1,2,120.449791,22.793000,0
1,2,120.476559,24.627800,0
1,2,120.503930,21.517200,0
1,2,120.530897,24.533300,0
1,2,120.559593,23.052800,0
1,2,120.588479,24.821700,0
1,2,120.613713,21.324800,0
1,2,120.644023,22.070200,0
1,2,120.670061,24.850000,0
1,2,120.697283,22.899000,0
1,2,120.726085,23.963600,0
1,2,120.752239,26.590300,0
1,2,120.779537,25.229700,0
1,2,120.806450,23.532700,0
1,2,120.834002,23.154600,0
1,2,120.861002,27.123500,0
1,2,120.888012,23.168800,0
1,2,120.915339,20.413900,0
1,2,120.942629,28.599100,0
1,2,120.970438,23.109900,0
1,2,120.997953,20.026900,0
1,2,121.025033,25.370800,0
1,2,121.052646,21.525500,0
1,2,121.085816,25.409100,0
1,2,121.110009,20.169500,0
1,2,121.138761,21.493700,0
1,2,121.168818,21.830300,0
1,2,121.194888,20.529100,0
1,2,121.223938,22.074600,0
1,2,121.251265,24.940200,0
1,2,121.279608,23.289600,0
1,2,121.309143,26.865300,0
1,2,121.336139,19.815500,0
1,2,121.362709,22.812500,0
1,2,121.388064,22.270400,0
1,2,121.417191,23.380300,0
1,2,121.444306,23.162600,0
1,2,121.471531,23.300200,0
1,2,121.499938,20.755800,0
1,2,121.529311,23.376600,0
1,2,121.556428,26.379000,0
1,2,121.583823,21.619400,0
1,2,121.611582,21.857900,0
1,2,121.638660,23.532500,0
1,2,121.665439,19.659300,0
1,2,121.693246,21.623200,0
1,2,121.724292,27.459500,0
1,2,121.750473,22.094200,0
1,2,121.777254,24.798400,0
1,2,121.805161,21.505800,0
1,2,121.833575,23.666400,0
1,2,121.858532,21.318200,0
1,2,121.884882,21.231400,0
1,2,121.912072,23.366300,0
1,2,121.940352,25.112700,0
1,2,121.966308,23.162700,0
1,2,121.993624,21.792600,0
1,2,122.020897,25.273600,0
1,2,122.048750,20.064100,0
1,2,122.075616,21.438200,0
1,2,122.102929,23.240800,0
1,2,122.130177,23.518800,0
1,2,122.157439,23.288400,0
1,2,122.184724,18.357100,0
1,2,122.212248,21.673800,0
1,2,122.239243,22.775500,0
1,2,122.266481,24.855400,0
1,2,122.293230,23.458900,0
1,2,122.320314,23.669100,0
1,2,122.349894,23.744000,0
1,2,122.378216,23.463000,0
1,2,122.404942,21.438700,0
1,2,122.433199,24.939000,0
1,2,122.463078,25.223000,0
1,2,122.489588,24.719800,0
1,2,122.516939,25.159000,0
1,2,122.544710,23.542600,0
1,2,122.572204,23.567800,0
1,2,122.601094,23.173200,0
1,2,122.631023,26.694300,0
1,2,122.657554,21.235800,0
1,2,122.684615,24.650400,0
1,2,122.712515,21.249000,0
1,2,122.741409,27.297800,0
1,2,122.769018,23.308500,0
1,2,122.796344,23.532100,0
1,2,122.823482,23.469400,0
1,2,122.850750,23.506500,0
1,2,122.880741,23.655700,0
1,2,122.905099,25.056100,0
1,2,122.932704,25.042200,0
1,2,122.963124,22.024400,0
1,2,122.990444,25.557100,0
1,2,123.014715,24.774000,0
1,2,123.043192,25.510600,0
1,2,123.072044,27.033400,0
1,2,123.098597,23.209700,0
1,2,123.125288,26.914800,0
1,3,130.276126,24.424700,0
