Cycle,Round,WallSeconds,FrameMS,GameBusyMS,RenderBusyMS,RHIBusyMS
1,1,5.514260,16.449299,2.276500,3.144300,1.734000
1,1,5.531162,16.901802,2.571200,2.809600,1.572600
1,1,5.547624,16.461998,3.239900,2.985800,2.019900
1,1,5.564416,16.792100,2.407600,2.359600,1.971400
1,1,5.581027,16.611800,2.291300,2.856800,2.017900
1,1,5.597665,16.637102,2.487600,2.513000,1.614000
1,1,5.614349,16.684297,2.344300,3.431500,1.936100
1,1,5.631405,17.056603,2.578200,2.522400,1.444100
1,1,5.647925,16.520098,2.406200,3.008200,1.964800
1,1,5.664729,16.803600,2.409200,2.402000,1.796900
1,1,5.681124,16.395003,2.656100,3.204800,1.730700
1,1,5.697931,16.806498,2.349600,2.301700,2.064200
1,1,5.714788,16.857501,2.352400,2.873200,1.991100
1,1,5.731385,16.596999,2.512200,2.659100,2.333900
1,1,5.748042,16.656600,4.227100,2.161200,1.854100
1,1,5.764566,16.524501,2.526600,2.999300,1.855400
1,1,5.781086,16.519997,2.691400,2.663700,1.564000
1,1,5.797979,16.892903,2.210400,2.280500,1.693700
1,1,5.814944,16.964898,2.213700,2.663500,1.849200
1,1,5.831155,16.211003,2.836500,3.017600,1.686600
1,1,5.848201,17.046299,2.279800,3.118700,1.636500
1,1,5.864381,16.179301,2.691800,3.096200,2.248000
1,1,5.881163,16.782198,2.320100,2.541300,2.114500
1,1,5.898110,16.946901,2.196000,2.200100,1.971500
1,1,5.914569,16.459700,2.960500,3.013600,1.789200
1,1,5.931426,16.856700,3.078600,2.915700,1.929700
1,1,5.947886,16.460299,2.724200,2.578100,2.218000
1,1,5.964978,17.091602,2.375600,2.675000,1.534800
1,1,5.981049,16.070697,2.947200,3.133700,2.217800
1,1,5.998103,17.054401,3.492800,2.369400,1.928500
1,1,6.014504,16.400598,2.564900,4.101800,2.211400
1,1,6.031352,16.848501,2.524900,2.525000,1.627800
1,1,6.047871,16.519003,2.515900,2.884000,1.811300
1,1,6.064595,16.723998,2.316600,2.992500,1.803000
1,1,6.081163,16.567301,2.585000,3.374800,1.777300
1,1,6.097823,16.660001,2.366700,2.523200,1.840700
1,1,6.114514,16.691998,2.253000,2.957300,2.088700
1,1,6.131363,16.848501,2.256900,3.087600,2.147900
1,1,6.148007,16.643800,2.590200,3.162400,1.709900
1,1,6.164619,16.612001,2.763700,3.370000,1.842500
1,1,6.181309,16.689900,2.801800,2.596400,1.753200
1,1,6.197783,16.474500,2.310100,3.139400,2.146600
1,1,6.214693,16.909700,2.283300,2.333100,1.704800
1,1,6.231300,16.607299,2.386000,3.232200,2.174400
1,1,6.247898,16.597301,2.581100,2.829600,1.727500
1,1,6.264573,16.674999,2.302900,2.940500,2.274600
1,1,6.281137,16.564399,2.282500,2.747000,1.911500
1,1,6.297869,16.732302,2.888600,2.826900,1.913700
1,1,6.314695,16.826298,2.306900,3.066300,2.181500
1,1,6.331206,16.510401,3.098100,3.318200,1.730300
1,1,6.348370,17.164398,2.811600,2.432600,2.073400
1,1,6.364546,16.176101,2.833300,3.177000,1.724900
1,1,6.381411,16.864199,2.477700,2.921100,1.933400
1,1,6.398222,16.811702,2.608300,2.380000,1.732700
1,1,6.414347,16.125198,2.624100,2.547600,1.677700
1,1,6.431002,16.654301,2.111600,2.984900,1.381800
1,1,6.447817,16.814899,1.827700,2.322400,1.776100
1,1,6.464633,16.816501,2.081100,2.541100,1.853600
1,1,6.481111,16.477499,2.723800,2.986800,1.822500
1,1,6.498461,17.349802,2.296300,2.383300,1.717800
1,1,6.514820,16.359299,3.411700,3.026800,1.793300
1,1,6.531214,16.394500,3.022300,3.125100,1.897300
1,1,6.548007,16.793098,2.372900,3.071500,1.991700
1,1,6.564632,16.624503,2.580200,2.535500,2.331000
1,1,6.581270,16.638000,2.515000,3.034400,1.843000
1,1,6.597719,16.449500,2.553000,2.496300,1.927600
1,1,6.614545,16.825400,1.989100,2.289600,1.663000
1,1,6.631023,16.477898,2.266800,2.711700,1.919400
1,1,6.648223,17.199900,2.242100,2.428300,1.703800
1,1,6.664444,16.221702,2.512800,3.252400,1.911900
1,1,6.681450,17.006099,2.306100,2.599800,1.980600
1,1,6.698943,17.493099,2.523400,2.932200,1.910000
1,1,6.714540,15.596703,3.977000,3.701700,2.126000
1,1,6.731347,16.807098,3.788700,2.727100,2.256600
1,1,6.747933,16.585201,2.343200,3.023400,1.914500
1,1,6.764514,16.581900,2.476700,2.894800,1.548100
1,1,6.781410,16.895298,2.431900,2.712000,2.054000
1,1,6.797904,16.494602,2.537200,3.196100,1.744400
1,1,6.814461,16.556799,2.469200,3.233900,1.999800
1,1,6.831202,16.740501,2.232600,3.007200,1.564200
1,1,6.847820,16.618099,2.381800,3.240800,2.307100
1,1,6.864631,16.810901,2.214400,2.521200,1.724900
1,1,6.881121,16.490299,2.479000,3.242500,2.032100
1,1,6.897984,16.863201,2.524200,2.619100,1.936800
1,1,6.914478,16.494296,2.582600,3.036800,1.955900
1,1,6.931232,16.753502,2.544000,2.874800,1.729700
1,1,6.948035,16.802698,2.461300,3.192000,1.642200
1,1,6.964521,16.486403,2.365700,2.531100,1.778600
1,1,6.981367,16.845800,2.297200,3.338500,1.523200
1,1,6.997843,16.475700,2.484600,2.479200,1.879000
1,1,7.014659,16.816799,2.268900,2.724500,1.498100
1,1,7.031147,16.487200,2.433600,2.590700,2.181600
1,1,7.048627,17.480802,2.043900,2.327000,1.925700
1,1,7.064558,15.930898,3.168800,3.303600,2.251400
1,1,7.081437,16.878400,2.505500,2.561800,1.546500
1,1,7.097895,16.458102,2.759300,3.207900,1.943700
1,1,7.114886,16.990799,2.242500,2.371700,1.722600
1,1,7.131134,16.248599,2.731200,2.775200,2.258800
1,1,7.148109,16.974602,2.529000,2.782500,1.733800
1,1,7.164565,16.455799,3.035200,3.239100,2.135700
1,1,7.181353,16.788300,2.712100,3.230200,1.899500
1,1,7.198003,16.650498,2.470900,2.847800,1.877200
1,1,7.215003,17.000102,2.531800,2.914500,1.934000
1,1,7.231489,16.485501,2.797800,2.876100,2.375300
1,1,7.248565,17.075997,2.390500,3.050300,2.170700
1,1,7.264842,16.276702,2.843700,2.722900,2.006100
1,1,7.281711,16.869098,2.808100,3.590900,2.454700
1,1,7.298254,16.543102,2.582800,2.254500,1.958700
1,1,7.314919,16.665500,2.532100,2.882700,2.495000
1,1,7.331580,16.660899,2.504100,3.035300,1.993000
1,1,7.348257,16.676500,2.358700,2.786000,2.012400
1,1,7.364873,16.616702,2.374900,3.413400,1.942500
1,1,7.381669,16.795699,2.559700,2.461900,1.847600
1,1,7.398580,16.911399,2.712700,3.727800,2.327000
1,1,7.414926,16.345501,2.953500,3.290400,2.408800
1,1,7.431747,16.820800,2.649000,3.131400,2.149300
1,1,7.448467,16.720500,2.897700,3.745000,1.951900
1,1,7.469875,21.407701,2.623700,3.406000,2.016900
1,1,7.481635,11.760302,7.558900,3.342000,2.151500
1,1,7.498962,17.326798,2.757200,2.854400,1.929700
1,1,7.514964,16.001500,3.819100,4.059600,2.102600
1,1,7.531770,16.806599,2.858600,3.006100,1.942800
1,1,7.548274,16.503602,2.655400,3.345600,2.127200
1,1,7.565307,17.033000,2.578500,2.411000,2.161300
1,1,7.581769,16.461700,2.746800,3.263900,1.857800
1,1,7.598503,16.734298,2.824400,2.708300,1.559600
1,1,7.614868,16.365301,2.708800,3.362900,3.160700
1,1,7.631736,16.868100,2.529600,3.135900,2.055900
1,1,7.648435,16.698901,2.690000,2.761600,1.901000
1,1,7.665079,16.643800,2.838300,3.004500,2.078000
1,1,7.682087,17.007999,3.256300,3.245000,2.265500
1,1,7.698589,16.502000,3.594800,4.452500,2.660200
1,1,7.714961,16.371701,3.076200,3.230300,2.022000
1,1,7.731561,16.600698,2.653800,2.853800,1.863400
1,1,7.748645,17.084200,2.222000,2.638400,1.994800
1,1,7.764861,16.215499,2.885100,2.912200,1.810600
1,1,7.781420,16.558703,2.598100,2.644000,1.979900
1,1,7.798258,16.837899,2.446500,3.399200,1.838200
1,1,7.814825,16.567200,2.269500,2.995900,2.052800
1,1,7.831625,16.800098,2.441500,2.978000,1.955500
1,1,7.848094,16.468901,2.530900,2.768500,1.895600
1,1,7.865001,16.907502,2.365400,3.062000,1.913600
1,1,7.881804,16.802698,2.604400,3.345900,2.004800
1,1,7.898112,16.308200,2.908300,3.512700,1.970200
1,1,7.915112,16.999900,2.567900,3.599700,2.023800
1,1,7.931652,16.539499,3.181500,3.813000,2.173000
1,1,7.948549,16.897500,3.107300,3.406000,2.123900
1,1,7.964958,16.409103,2.851600,3.564800,2.267000
1,1,7.981545,16.586598,2.754200,2.755800,2.172100
1,1,7.998323,16.778301,2.342100,3.629700,1.873700
1,1,8.014980,16.657099,2.631300,2.607100,1.829800
1,1,8.031621,16.640499,2.599000,3.026100,2.093400
1,1,8.048462,16.841702,2.791600,2.700300,1.711800
1,1,8.064814,16.351800,3.076600,2.840300,2.004200
1,1,8.081679,16.864698,2.367600,3.913800,2.279000
1,1,8.098418,16.738702,2.451300,3.074800,1.894500
1,1,8.115194,16.776498,2.871400,2.893800,2.054000
1,1,8.131653,16.459398,3.196700,2.733400,1.755800
1,1,8.149004,17.350402,2.567100,3.212600,1.906800
1,1,8.165027,16.023200,3.597300,3.681200,2.665500
1,1,8.181688,16.660701,3.450500,2.996800,1.716700
1,1,8.198363,16.675498,2.660300,3.221700,2.142900
1,1,8.214846,16.483102,2.623900,2.732000,1.850700
1,1,8.231394,16.547900,2.614800,2.695000,2.220200
1,1,8.248238,16.843997,2.144600,2.592200,1.691500
1,1,8.264716,16.477402,2.224400,2.947800,1.540300
1,1,8.281549,16.833100,2.846800,3.143800,2.109900
1,1,8.298255,16.705997,2.703300,2.521000,1.665400
1,1,8.314958,16.703300,2.460100,2.579000,1.893100
1,1,8.331487,16.528603,2.500000,2.601800,1.624100
1,1,8.348245,16.757898,2.542800,3.158000,1.695000
1,1,8.364822,16.577300,2.574600,2.788700,2.473100
1,1,8.381635,16.813003,2.452300,2.779200,1.795400
1,1,8.398313,16.677797,2.524800,3.490200,1.844900
1,1,8.414897,16.584501,2.679000,2.909100,1.954800
1,1,8.431566,16.669203,2.718100,2.701900,1.722400
1,1,8.448305,16.738098,2.588500,2.865800,2.265700
1,1,8.464919,16.614702,2.254600,2.490000,1.569600
1,1,8.481677,16.757399,2.235300,2.919500,1.726600
1,1,8.498811,17.134398,2.281800,2.489200,1.971600
1,1,8.514944,16.132802,2.664200,3.174900,1.852200
1,1,8.532273,17.329201,2.657500,3.122200,2.081500
1,1,8.548807,16.533598,2.744500,2.543900,1.687000
1,1,8.565310,16.503800,2.629500,3.310000,2.820300
1,1,8.582247,16.936202,2.996100,2.432800,2.000200
1,1,8.598553,16.306799,2.889100,2.841500,1.963700
1,1,8.615292,16.739000,2.639400,3.095700,1.576200
1,1,8.631845,16.553000,2.684600,2.316800,1.829000
1,1,8.648854,17.008301,1.994600,3.050600,1.570200
1,1,8.665308,16.454600,2.672000,3.665700,2.356700
1,1,8.681927,16.618799,2.404300,2.522200,1.551300
1,1,8.698557,16.629402,2.345500,2.924200,1.649800
1,1,8.715309,16.752698,2.307700,2.670600,1.966600
1,1,8.732200,16.890600,2.459200,2.878200,2.189100
1,1,8.748653,16.453400,2.778800,2.721200,2.197500
1,1,8.765254,16.600702,2.625300,3.312600,2.400400
1,1,8.781985,16.730700,2.489300,2.996000,2.129500
1,1,8.798672,16.687199,2.725900,3.146100,1.861300
1,1,8.815578,16.906600,2.542200,2.864500,1.638900
1,1,8.831854,16.275998,2.806000,2.997000,2.208400
1,1,8.849138,17.283201,2.702700,2.550200,1.678300
1,1,8.865144,16.006298,2.788700,3.310100,1.789500
1,1,8.881837,16.693003,2.097600,2.411400,1.914000
1,1,8.898530,16.692899,2.030400,3.384300,1.755800
1,1,8.915355,16.825598,2.413400,3.093900,1.830400
1,1,8.931949,16.593203,2.460900,3.141400,1.903100
1,1,8.948476,16.526997,2.703400,4.472500,2.079200
1,1,8.965254,16.778700,2.284400,2.495800,1.606800
1,1,8.981908,16.653500,2.369100,2.539600,1.704300
1,1,8.998452,16.544200,2.322200,2.515900,1.792600
1,1,9.015269,16.817499,2.151200,2.648700,1.888700
1,1,9.032194,16.924400,3.019600,2.942400,2.082500
1,1,9.049282,17.088503,2.898300,4.238300,2.206200
1,1,9.065406,16.123500,3.609900,3.225300,2.164100
1,1,9.082107,16.701099,3.577400,3.149500,2.076700
1,1,9.098748,16.641002,2.632400,2.790100,2.184500
1,1,9.115117,16.369198,2.825000,3.044700,2.258600
1,1,9.132071,16.953900,2.203200,2.398100,1.662900
1,1,9.148569,16.497601,2.406900,3.992300,1.919300
1,1,9.165336,16.766999,2.383200,2.547300,1.632400
1,1,9.182056,16.720600,2.384000,3.001700,1.982500
1,1,9.198566,16.509302,2.617600,2.629100,1.781300
1,1,9.215281,16.715799,2.187800,2.939000,1.821300
1,1,9.232149,16.867299,2.530500,2.969600,2.351500
1,1,9.248598,16.449202,2.598900,3.306700,2.072300
1,1,9.265289,16.690698,2.518200,2.762200,2.046000
1,1,9.282038,16.749002,2.756200,3.014500,2.031100
1,1,9.298673,16.635500,2.741100,3.313400,2.083100
1,1,9.315440,16.767301,2.843700,2.872700,1.973900
1,1,9.331901,16.460799,2.758900,2.851300,2.161200
1,1,9.348881,16.979702,2.719300,2.878900,1.716000
1,1,9.365381,16.499899,2.949800,2.704000,2.393900
1,1,9.381731,16.350500,2.584800,2.985900,1.893600
1,1,9.398476,16.745098,2.189200,2.936200,1.510800
1,1,9.415265,16.788200,2.168000,2.533000,1.670000
1,1,9.431866,16.600903,2.508200,3.249000,2.140300
1,1,9.449258,17.392498,2.548900,4.101400,2.410400
1,1,9.465238,15.980400,3.500800,3.300300,2.305400
1,1,9.482270,17.031502,3.665800,2.555700,1.723600
1,1,9.498806,16.535699,2.841300,2.950700,2.050300
1,1,9.516166,17.360698,2.749200,2.686600,1.841700
1,1,9.532269,16.102500,3.734000,3.136000,2.228700
1,1,9.549840,17.571602,2.938600,3.181500,2.113600
1,1,9.565391,15.550099,3.848600,2.632700,2.162200
1,1,9.581954,16.563598,3.071700,2.925300,2.500100
1,1,9.598500,16.546000,2.616000,3.130600,2.085800
1,1,9.615452,16.951602,2.222100,3.266100,2.033800
1,1,9.632011,16.559798,2.778200,2.621700,1.748200
1,1,9.648731,16.719200,2.518500,2.663400,1.919700
1,1,9.666960,18.229201,2.672900,3.219800,1.918800
1,1,9.682100,15.140001,4.431400,3.775500,2.095100
1,1,9.698821,16.721100,3.195600,2.703500,2.254400
1,1,9.715319,16.497999,2.654400,3.388300,2.152000
1,1,9.731998,16.679101,2.471900,2.970400,2.059500
1,1,9.748768,16.770199,2.436800,2.704400,1.621700
1,1,9.765419,16.650800,2.712400,3.784300,2.008400
1,1,9.782139,16.719703,2.538500,3.675600,2.301300
1,1,9.798623,16.484298,2.691700,3.161100,1.943400
1,1,9.815389,16.766399,2.534100,2.453800,1.853400
1,1,9.831872,16.482402,2.657100,3.166600,2.188800
1,1,9.848965,17.093401,2.467600,2.732500,2.138000
1,1,9.865287,16.321499,3.190600,3.928300,1.646200
1,1,9.882280,16.993500,3.247000,2.928700,1.824200
1,1,9.898678,16.397998,3.655500,2.600900,1.726100
1,1,9.915230,16.551800,2.798000,3.427600,1.786100
1,1,9.932084,16.853403,2.330400,2.506500,1.667000
1,1,9.948446,16.362898,2.587900,3.011000,2.060800
1,1,9.965380,16.933199,2.120900,2.782200,1.807500
1,1,9.981832,16.451903,2.602400,2.817700,2.121900
1,1,9.998746,16.914599,2.296100,2.400100,1.677900
1,1,10.015228,16.481400,2.260200,3.537300,2.177100
1,1,10.032225,16.997799,2.621300,2.417500,2.010500
1,1,10.048773,16.548101,2.667900,3.362500,1.970500
1,1,10.065635,16.862001,3.046100,2.955900,2.038800
1,1,10.082204,16.568501,2.920000,3.158900,2.194400
1,1,10.098711,16.506899,3.064400,3.157800,2.343100
1,1,10.115282,16.570900,3.349200,2.867900,2.067000
1,1,10.131892,16.610198,2.544500,3.188000,1.899600
1,1,10.148769,16.877200,2.409700,2.816800,1.758700
1,1,10.165305,16.535703,2.460100,3.214500,1.667300
1,1,10.182284,16.979199,2.453400,3.023200,1.802100
1,1,10.198735,16.451199,2.894700,3.303800,2.387300
1,1,10.215352,16.617101,3.009700,3.379700,2.208700
1,1,10.232100,16.747501,2.620700,2.901300,1.993900
1,1,10.248753,16.653500,2.972700,2.813800,1.859000
1,1,10.265404,16.650598,3.012500,3.509100,2.339600
1,1,10.282118,16.713601,3.071900,2.878000,2.047100
1,1,10.298856,16.738899,3.120300,3.088300,2.178500
1,1,10.315642,16.785502,2.796300,2.679400,1.806900
1,1,10.331973,16.330898,3.085400,3.274500,1.958400
1,1,10.349385,17.412599,2.742400,3.275100,1.854200
1,1,10.365315,15.929900,4.475300,3.250800,1.708700
1,1,10.382225,16.909301,2.690100,2.941200,2.389500
1,1,10.398885,16.660601,2.646600,3.289300,1.954300
1,1,10.415443,16.557697,2.765800,2.966800,2.660600
1,1,10.432064,16.621202,3.262500,2.941800,1.803900
1,1,10.448522,16.458299,2.652200,2.721100,2.027600
1,1,10.465380,16.857799,2.182600,2.307300,1.814700
1,1,10.481950,16.569600,2.349100,2.767700,2.019200
1,1,10.499014,17.063703,2.866500,2.649900,1.628100
1,1,10.515306,16.292300,2.992600,2.943200,2.117900
1,1,10.532247,16.941000,2.728800,2.442400,1.576100
1,1,10.548735,16.488198,2.933300,3.014000,1.829100
1,1,10.565518,16.782802,2.534300,2.604900,1.684300
1,1,10.582012,16.493700,2.621300,3.326000,1.678000
1,1,10.598738,16.726699,2.340000,3.422400,1.635700
1,1,10.615293,16.555201,2.439600,2.745300,1.608200
1,1,10.631921,16.627099,2.394200,2.509400,1.772500
1,1,10.649363,17.442297,2.107300,2.260000,1.993300
1,1,10.665221,15.857901,3.060600,2.741900,1.737900
1,1,10.682431,17.210700,2.669500,2.201100,1.798700
1,1,10.698583,16.151499,2.423000,2.370300,1.961600
1,1,10.715491,16.907800,2.077500,2.513700,1.715700
1,1,10.731992,16.501002,2.850500,2.424600,2.120600
1,1,10.748633,16.641099,2.695500,2.410900,1.477600
1,1,10.765314,16.681500,2.133000,3.006300,2.005900
1,1,10.782372,17.057501,2.108300,2.693500,1.633200
1,1,10.798869,16.497198,2.704100,2.404600,1.698800
1,1,10.815311,16.441703,2.649500,2.810900,1.513900
1,1,10.832407,17.096497,2.229400,2.781800,1.711400
1,1,10.849724,17.317101,2.534700,3.532200,1.590700
1,1,10.865789,16.064901,2.679500,2.289500,1.634300
1,1,10.882366,16.576901,2.342900,3.466600,1.858700
1,1,10.899270,16.904097,2.230200,2.685100,1.945800
1,1,10.916029,16.758502,2.462100,3.769900,1.856700
1,1,10.932709,16.679801,2.438600,3.019900,1.785000
1,1,10.949309,16.600598,2.637000,2.930800,2.006200
1,1,10.965802,16.492501,3.017300,2.703700,2.062900
1,1,10.982557,16.755700,2.423200,3.376500,2.377500
1,1,10.999265,16.707499,2.481600,2.327400,1.459800
1,1,11.015690,16.425002,2.381200,2.626100,1.685600
1,1,11.032837,17.147198,2.390100,2.347300,1.745100
1,1,11.049126,16.288999,2.687400,3.292300,1.960600
1,1,11.066249,17.123200,2.377900,2.322100,1.438500
1,1,11.082583,16.333703,2.799800,2.998000,2.091200
1,1,11.099490,16.907200,2.630600,2.551400,1.950000
1,1,11.115769,16.278896,2.640700,2.779500,1.874600
1,1,11.132889,17.120101,2.105300,2.460100,1.571300
1,1,11.149233,16.343702,2.863400,2.795100,1.868700
1,1,11.165844,16.611099,2.486400,2.345700,2.116300
1,1,11.182679,16.835101,2.683000,2.427400,1.733900
1,1,11.199104,16.425498,2.679200,2.324800,1.806600
1,1,11.216242,17.137900,2.122000,2.238300,2.056800
1,1,11.232325,16.082201,2.749000,2.598300,1.601400
1,1,11.249332,17.007701,2.853700,2.404000,1.531600
1,1,11.265766,16.433500,2.452100,2.605400,1.774200
1,1,11.282382,16.616501,2.513400,2.931500,1.793300
1,1,11.299260,16.877398,2.187100,2.320700,1.559200
1,1,11.315892,16.632400,2.581300,2.716700,1.791200
1,1,11.332834,16.942002,2.600100,2.418200,1.495500
1,1,11.349216,16.382299,2.602700,2.635700,1.781400
1,1,11.366127,16.910098,2.318700,2.341800,1.646400
1,1,11.382635,16.508002,2.758600,3.202800,1.796400
1,1,11.399229,16.594097,2.770000,2.681100,2.021500
1,1,11.416142,16.913302,2.705600,2.654000,1.681600
1,1,11.432290,16.148001,3.012700,2.375300,1.714700
1,1,11.449115,16.825497,2.003400,3.453200,1.453100
1,1,11.466259,17.143302,2.111200,3.103600,1.571100
1,1,11.482554,16.295001,2.652000,3.255200,1.560000
1,1,11.499232,16.677801,2.354000,2.296800,1.959800
1,1,11.515976,16.744599,2.095600,2.910400,1.445100
1,1,11.532909,16.932599,2.415000,2.942700,2.031100
1,1,11.549888,16.978901,2.914200,2.337800,1.666300
1,1,11.566041,16.152900,3.246300,3.070100,2.120700
1,1,11.582653,16.612601,2.486700,2.468900,1.920600
1,1,11.599317,16.663898,2.254100,2.356100,1.577400
1,1,11.615957,16.640402,2.475600,2.675000,2.398400
1,1,11.632693,16.735099,2.541300,2.280300,1.969800
1,1,11.649721,17.028600,2.318500,2.516400,2.058600
1,1,11.666034,16.312700,2.698500,2.823000,1.870700
1,1,11.682709,16.674802,2.512800,2.804400,2.096300
1,1,11.699900,17.191298,2.641500,3.178900,2.078000
1,1,11.716537,16.637400,2.645000,2.835300,2.275900
1,1,11.732967,16.430199,2.923600,2.576800,2.087700
1,1,11.749679,16.711801,2.690200,2.824000,2.200200
1,1,11.766813,17.133698,2.341600,2.517800,2.127600
1,1,11.783063,16.250201,3.060000,2.717100,1.835000
1,1,11.799626,16.562600,2.840400,3.039300,1.745300
1,1,11.816507,16.880702,2.225000,2.302700,2.022200
1,1,11.833012,16.505998,2.601000,3.019200,2.068700
1,1,11.849976,16.963601,2.555400,2.478700,1.926500
1,1,11.866461,16.484700,2.618300,2.706800,1.985500
1,1,11.883099,16.638499,2.400300,3.203400,1.804100
1,1,11.900225,17.125301,2.530900,3.200900,1.812200
1,1,11.916238,16.013000,2.834900,3.890500,1.703600
1,1,11.933208,16.970500,2.325300,2.371400,1.576000
1,1,11.949884,16.675700,2.460400,2.564700,1.920300
1,1,11.966444,16.559802,3.053000,2.245600,1.790100
1,1,11.983072,16.628798,2.364200,2.662900,2.079000
1,1,11.999870,16.797699,2.472500,2.563600,2.259000
1,1,12.016396,16.525902,3.007700,2.898600,1.720600
1,1,12.033065,16.669098,2.674200,2.400200,1.931700
1,1,12.049868,16.803302,2.400400,2.793500,1.737600
1,1,12.066252,16.384099,2.730800,2.371100,1.487500
1,1,12.082906,16.653299,2.218300,2.330800,1.436200
1,1,12.100444,17.538402,2.031300,2.543600,1.583700
1,1,12.116190,15.745800,3.190200,2.744100,1.593100
1,1,12.132897,16.707297,2.029500,2.266300,1.675800
1,1,12.150009,17.111402,2.198400,2.419000,1.523500
1,1,12.166297,16.288001,2.617500,2.744300,1.952900
1,1,12.182877,16.580798,2.437100,2.846800,1.546000
1,1,12.199763,16.885601,2.099800,2.285000,1.796700
1,1,12.216394,16.630799,2.433400,2.538200,1.755500
1,1,12.232849,16.455501,2.850800,2.551500,1.583500
1,1,12.249893,17.043602,2.275700,2.258200,1.798700
1,1,12.266566,16.672600,2.333700,2.402000,1.534600
1,1,12.282869,16.303897,2.790000,3.162700,1.883800
1,1,12.299626,16.756602,2.037700,2.305700,1.918600
1,1,12.316264,16.638301,2.194100,2.286600,1.566800
1,1,12.332798,16.533799,2.106600,2.903300,1.851900
1,1,12.349985,17.186400,2.017800,2.258500,1.663200
1,1,12.366155,16.170401,2.515600,2.806000,1.814500
1,1,12.382986,16.830500,2.200600,2.712500,1.718000
1,1,12.399962,16.976897,2.121100,2.247400,1.814300
1,1,12.416639,16.676702,2.645400,2.903000,1.847200
1,1,12.432968,16.328599,3.069800,2.300700,1.390100
1,1,12.449546,16.578000,2.244700,2.592600,1.879200
1,1,12.466235,16.688999,2.013800,2.274700,1.745800
1,1,12.482849,16.614303,1.967400,2.427800,1.868500
1,1,12.499881,17.032299,2.152900,2.320600,1.785600
1,1,12.516607,16.725298,2.442000,2.523600,1.785000
1,1,12.532947,16.340401,2.974200,3.123100,1.721400
1,1,12.549778,16.831100,2.441600,2.408900,1.760100
1,1,12.570451,20.672500,2.303600,3.110300,1.825800
1,1,12.583217,12.766402,6.626000,3.709700,2.336300
1,1,12.600084,16.866498,2.558400,2.744800,1.899600
1,1,12.616546,16.462401,2.806900,3.173700,1.695100
1,1,12.633207,16.660601,2.869900,3.128500,1.825100
1,1,12.650290,17.083000,3.321900,2.947400,2.228000
1,1,12.666570,16.280599,3.023400,2.787200,1.967000
1,1,12.683194,16.624298,2.769900,2.431900,1.804800
1,1,12.700373,17.178901,2.433700,2.360700,1.573200
1,1,12.716530,16.156603,2.734100,2.933300,1.883300
1,1,12.733275,16.745299,2.317600,2.481500,1.671500
1,1,12.750026,16.751099,2.480600,3.145400,2.190800
1,1,12.766651,16.624600,2.934000,2.513400,2.149900
1,1,12.783125,16.474102,2.519100,2.447200,1.850900
1,1,12.799847,16.722400,2.279600,3.836400,2.041800
1,1,12.816640,16.792100,2.279300,3.608500,1.854000
1,1,12.833140,16.500298,2.890700,2.481400,1.871300
1,1,12.849883,16.742799,2.586700,2.505200,1.964800
1,1,12.866483,16.600702,2.578900,3.147900,1.674300
1,1,12.883405,16.921800,2.795700,3.003900,1.592400
1,1,12.899854,16.448501,2.667300,2.456100,1.613900
1,1,12.916303,16.448997,2.718600,3.014500,1.874000
1,1,12.933554,17.251100,2.251200,2.294300,2.019900
1,1,12.949682,16.128100,2.694400,2.723800,2.045800
1,1,12.966546,16.864199,3.462400,2.844500,1.936800
1,1,12.983101,16.555201,2.279600,2.564200,2.079700
1,1,13.000048,16.946699,2.222300,2.643200,1.813200
1,1,13.016642,16.593900,2.598600,2.685600,1.755400
1,1,13.033025,16.383100,2.663100,3.258000,1.814800
1,1,13.050141,17.116502,2.389400,2.727900,1.741900
1,1,13.066671,16.529500,2.527500,2.361900,1.996000
1,1,13.082976,16.304798,2.712700,2.465400,1.634300
1,1,13.099706,16.729802,2.357500,2.860700,1.833300
1,1,13.116237,16.531300,2.003400,2.401300,1.405400
1,1,13.132959,16.722299,1.971800,2.500000,1.699900
1,1,13.150003,17.044000,2.132200,2.198300,1.479300
1,1,13.166390,16.387299,2.473400,2.995000,1.673200
1,1,13.183075,16.685098,2.803300,2.364400,1.772400
1,1,13.199639,16.563300,2.271700,2.455400,1.733100
1,1,13.216736,17.096702,2.527000,2.681100,1.721500
1,1,13.232966,16.230598,2.763200,2.571000,1.715300
1,1,13.249897,16.931202,2.394600,2.169500,1.870100
1,1,13.266210,16.312800,2.135900,3.037300,1.552100
1,1,13.283127,16.917098,2.134700,2.366900,1.482000
1,1,13.299667,16.540300,2.444300,2.137600,1.464400
1,1,13.316356,16.688000,2.832300,2.285600,1.944000
1,1,13.332968,16.612202,2.259200,2.216800,1.874700
1,1,13.349765,16.797498,2.074900,2.547700,1.795800
1,1,13.367052,17.286699,2.350600,3.112800,1.691000
1,1,13.383321,16.269401,2.878500,2.516300,1.935500
1,1,13.399876,16.554501,2.396100,2.306500,1.589000
1,1,13.416647,16.771100,2.211700,3.100200,2.116600
1,1,13.433373,16.726200,2.515300,2.858900,1.589300
1,1,13.450111,16.738001,2.686700,2.695100,1.915100
1,1,13.466714,16.602699,2.795500,2.285300,1.908300
1,1,13.483173,16.459499,2.444600,2.909900,1.498000
1,1,13.500375,17.201900,2.035700,4.216300,1.464900
1,1,13.516598,16.222302,2.746400,2.849700,1.793100
1,1,13.533614,17.016698,3.538100,2.941400,1.842000
1,1,13.549870,16.256101,3.070600,2.822800,2.065100
1,1,13.566693,16.823001,2.254900,2.545000,2.004100
1,1,13.583297,16.603198,2.367300,2.735900,1.863800
1,1,13.600178,16.881902,2.372600,3.134400,2.063000
1,1,13.616642,16.463898,2.822800,3.856100,1.927300
1,1,13.633351,16.708802,2.670400,3.192800,1.665400
1,1,13.650009,16.658198,3.152100,2.519600,1.793000
1,1,13.666830,16.821001,2.493400,2.984700,2.073300
1,1,13.683985,17.154299,3.433100,3.689500,2.315300
1,1,13.700271,16.286500,3.294600,3.392600,2.995600
1,1,13.716936,16.664501,2.763400,4.048400,2.207400
1,1,13.733962,17.026398,3.219200,3.105600,2.531200
1,1,13.750387,16.425002,3.167000,3.352100,2.403000
1,1,13.767205,16.817898,3.167800,2.833700,2.072500
1,1,13.783429,16.223602,3.348400,3.734000,2.087200
1,1,13.800182,16.753800,2.881700,3.102600,2.041400
1,1,13.816799,16.617101,2.689900,3.187600,1.871800
1,1,13.833290,16.490299,3.193000,2.773400,2.360700
1,1,13.850046,16.755898,2.317800,2.268100,2.105100
1,1,13.866648,16.602501,2.326600,2.835100,1.921500
1,1,13.883557,16.909201,3.168100,3.774500,1.861200
1,1,13.899955,16.397700,2.793300,2.904900,1.952000
1,1,13.916425,16.469698,2.228500,2.373500,1.730900
1,1,13.933516,17.091200,2.060200,2.255500,1.593100
1,1,13.950211,16.694602,2.363900,3.153000,1.893400
1,1,13.966564,16.353700,2.723700,3.193700,1.496100
1,1,13.983484,16.919300,2.214000,2.376700,2.053700
1,1,14.000338,16.854398,2.568100,2.991700,2.001600
1,1,14.016769,16.430601,2.510600,3.220300,1.745500
1,1,14.033326,16.557299,2.473400,2.549700,1.748600
1,1,14.050278,16.951703,2.589100,2.813000,1.601700
1,1,14.066552,16.274698,2.614000,3.043500,1.805000
1,1,14.083535,16.982701,2.084600,2.332600,1.678200
1,1,14.099908,16.373299,2.524100,2.873800,1.868000
1,1,14.116972,17.063800,2.192400,2.464500,1.573500
1,1,14.133164,16.191900,2.454300,2.627400,1.512000
1,1,14.150458,17.293800,1.837500,2.466400,1.682900
1,1,14.166519,16.061503,3.194800,2.703600,1.667200
1,1,14.183296,16.776599,2.205500,3.978300,1.510800
1,1,14.200012,16.715899,2.017400,2.385900,1.751000
1,1,14.216617,16.605102,1.980800,2.946600,1.805200
1,1,14.233305,16.688697,2.171600,2.475000,1.862500
1,1,14.249938,16.632501,2.025900,2.483800,1.460300
1,1,14.266688,16.749702,2.134100,2.366900,1.542800
1,1,14.283346,16.657799,2.203100,2.585500,1.856000
1,1,14.300165,16.819198,2.412400,2.117100,1.344100
1,1,14.316590,16.425602,2.298400,2.673500,1.872300
1,1,14.334591,18.000398,2.496500,2.284100,1.659500
1,1,14.350121,15.530299,3.526400,3.163800,2.167100
1,1,14.366868,16.746603,2.770800,2.413400,1.882600
1,1,14.383299,16.431700,2.696500,3.092400,1.805000
1,1,14.400220,16.920697,2.470400,2.320600,1.475800
1,1,14.416655,16.434703,2.475900,3.128600,1.817200
1,1,14.433401,16.745798,3.167900,2.394300,1.423800
1,1,14.449986,16.585801,2.448200,3.540900,1.970400
1,1,14.466793,16.806699,2.245100,2.500900,1.831400
1,1,14.483366,16.572699,2.430400,2.454500,2.127600
1,1,14.500244,16.878203,2.398700,2.423100,1.887500
1,1,14.517459,17.214999,2.394200,2.900100,1.688900
1,1,14.533254,15.794799,3.337600,2.569600,1.873600
1,1,14.550177,16.923800,2.415500,2.858500,1.701900
1,1,14.566602,16.424101,2.422500,3.168700,1.756300
1,1,14.584005,17.403200,2.276800,2.521700,1.609800
1,1,14.600040,16.034700,3.461200,2.707700,1.816900
1,1,14.616836,16.796701,2.376400,2.327500,1.793100
1,1,14.633393,16.556498,2.370600,2.963900,1.794100
1,1,14.651148,17.755102,2.978300,2.477400,1.689700
1,1,14.666421,15.273601,3.346100,3.591800,2.047600
1,1,14.683169,16.747098,2.515600,2.977200,1.770900
1,1,14.700241,17.072700,1.872900,2.305100,2.006300
1,1,14.716474,16.232900,2.263800,3.202700,1.862000
1,1,14.733242,16.767498,2.226900,2.570000,1.921900
1,1,14.750017,16.775500,2.040000,2.516300,1.809800
1,1,14.766576,16.559102,2.587300,2.897000,1.776800
1,1,14.783197,16.620800,2.229600,2.771600,1.851500
1,1,14.799964,16.766898,1.978800,2.516200,1.522400
1,1,14.816774,16.810101,2.053100,2.363100,1.663700
1,1,14.833134,16.360201,2.206500,2.418400,1.639600
1,1,14.849987,16.853001,2.119100,2.131200,1.980700
1,1,14.866556,16.568299,1.889800,3.302200,2.168200
1,1,14.883461,16.905401,2.195200,2.809900,1.682700
1,1,14.899838,16.376797,2.421600,2.575900,2.224000
1,1,14.916810,16.972002,2.431700,2.226500,2.153400
1,1,14.933263,16.453002,2.372000,3.798500,2.001000
1,1,14.949949,16.686197,2.397700,2.424200,1.840500
1,1,14.966535,16.586501,2.031000,2.264400,1.756400
1,1,14.983369,16.834099,1.967800,2.903200,2.050300
1,1,15.000018,16.648501,2.431600,2.608000,2.107900
1,1,15.016598,16.580299,2.166500,2.660200,2.294300
1,1,15.033452,16.853902,2.252700,2.242400,2.086800
1,1,15.049882,16.429897,2.316700,2.966000,2.017100
1,1,15.066653,16.770903,2.296700,2.481000,1.931200
1,1,15.083501,16.848098,2.272600,3.322200,1.840600
1,1,15.100201,16.700201,2.543000,3.370500,1.769500
1,1,15.116499,16.297400,2.460700,2.995700,2.167200
1,1,15.133342,16.842898,2.087800,2.902500,2.134200
1,1,15.150238,16.896002,2.118000,2.606600,1.771200
1,1,15.166576,16.337998,2.230800,2.358500,1.546000
1,1,15.183199,16.623203,2.153000,3.073400,1.815900
1,1,15.200068,16.868800,1.971700,2.149600,1.806000
1,1,15.216712,16.644798,2.152400,2.637100,1.870300
1,1,15.233417,16.704399,2.541600,2.426800,1.870200
1,1,15.249896,16.478702,2.330000,3.305900,1.800600
1,1,15.266646,16.750198,2.060800,2.473300,1.555100
1,1,15.283326,16.679902,2.238600,3.082100,1.699500
1,1,15.300031,16.705398,2.072500,2.473000,1.721900
1,1,15.316681,16.649600,2.408000,2.431700,1.729200
1,1,15.333231,16.550202,2.249200,2.830900,1.621400
1,1,15.349833,16.601998,2.126300,2.813000,1.856600
1,1,15.366516,16.683601,1.664900,3.219300,1.800400
1,1,15.383172,16.655300,2.140800,2.235700,1.463400
1,1,15.399895,16.722802,1.824600,2.465500,1.458900
1,1,15.416941,17.046098,1.848700,2.304700,1.969100
1,1,15.433189,16.248401,2.311700,2.293100,1.622400
1,1,15.450100,16.911101,1.841300,2.288700,1.498600
1,1,15.466801,16.700599,2.010600,2.312600,1.963700
1,1,15.483394,16.593199,2.083800,2.554200,1.636300
1,1,15.500139,16.745400,2.113700,2.925400,2.152700
1,1,15.517105,16.965300,2.126700,2.681300,1.835800
1,1,15.533375,16.270600,2.761400,3.299700,1.892400
1,1,15.550534,17.158601,2.291500,3.011900,1.565300
1,1,15.566623,16.089600,3.056300,2.564800,1.845000
1,1,15.583326,16.702700,1.896300,2.461900,1.818000
1,1,15.600213,16.887300,2.023800,2.237600,2.005700
1,1,15.616735,16.521201,1.954100,2.952000,1.437700
1,1,15.633470,16.735498,2.392300,2.347200,1.789900
1,1,15.650176,16.705602,2.204100,2.464400,1.546100
1,1,15.666733,16.557001,2.168500,2.482800,1.597900
1,1,15.683349,16.616099,2.146200,2.834900,1.956500
1,1,15.700199,16.850200,2.166700,2.227800,1.620600
1,1,15.716873,16.674299,2.327000,3.322600,1.657000
1,1,15.733572,16.698901,2.335400,3.011000,1.788800
1,1,15.750018,16.446002,2.436700,2.459700,1.603600
1,1,15.767025,17.006397,2.114100,2.715200,1.763900
1,1,15.784125,17.099902,3.101100,2.481600,1.509800
1,1,15.799898,15.773900,2.980000,2.542800,1.635500
1,1,15.817120,17.221700,1.922200,2.101700,1.430000
1,1,15.833233,16.113199,2.366900,3.789500,2.040800
1,1,15.850211,16.977400,2.372700,2.108800,1.606000
1,1,15.866587,16.376302,2.315000,2.737900,1.980800
1,1,15.883690,17.102998,2.160900,2.396400,1.586300
1,1,15.900373,16.683202,2.751200,3.047100,1.706700
1,1,15.916696,16.322300,2.558100,2.958400,1.893700
1,1,15.933303,16.607597,2.272500,2.747400,1.748600
1,1,15.950052,16.749300,1.882000,2.576500,1.983800
1,1,15.966927,16.874500,2.202500,2.449000,1.858900
1,1,15.983213,16.285900,2.631800,2.461100,1.479100
1,1,16.000014,16.801503,1.787300,2.204600,1.490000
1,1,16.016612,16.597599,1.913200,3.009300,1.561300
1,1,16.033336,16.723901,2.235600,2.312200,1.330000
1,1,16.050299,16.963501,2.036600,2.297100,1.671100
1,1,16.066921,16.621400,2.263400,2.778000,1.578100
1,1,16.083375,16.454600,2.896800,3.222700,1.578400
1,1,16.100496,17.120201,2.126100,2.228800,1.651600
1,1,16.116587,16.091097,3.866000,2.681200,1.759600
1,1,16.133572,16.984902,2.149400,2.229600,2.074900
1,1,16.150015,16.442999,2.158700,2.534600,1.836900
1,1,16.166642,16.627301,2.036700,2.906800,1.884300
1,1,16.183348,16.706400,2.136700,2.245900,1.622000
1,1,16.200228,16.879700,1.990000,2.490000,2.029600
1,1,16.216767,16.539298,2.169700,2.684400,1.686700
1,1,16.233462,16.695101,2.230200,2.848700,1.758000
1,1,16.250026,16.563799,3.051600,2.360400,1.529500
1,1,16.266690,16.664103,1.917300,3.403300,2.030700
1,1,16.283357,16.666699,2.387200,2.329400,1.759100
1,1,16.300419,17.062400,1.888300,2.267000,1.784300
1,1,16.316781,16.361400,2.485400,2.401900,1.543900
1,1,16.333470,16.689699,2.267500,2.149400,1.499500
1,1,16.349989,16.518902,2.470600,2.444600,2.217400
1,1,16.366704,16.714700,2.183900,2.098100,2.035000
1,1,16.383277,16.573098,2.030600,3.495300,1.683800
1,1,16.400495,17.217901,2.762700,2.248200,1.623500
1,1,16.416638,16.143300,2.426000,2.542300,2.009200
1,1,16.433555,16.916201,2.244300,2.492100,1.531800
1,1,16.450025,16.470801,2.173700,2.157500,1.428400
1,1,16.466629,16.604099,2.020000,2.245500,2.107200
1,1,16.483485,16.855899,1.814700,2.281600,1.689800
1,1,16.500044,16.558200,2.251600,3.121400,1.944900
1,1,16.516879,16.835902,2.292000,2.164600,1.470100
1,1,16.533266,16.386598,2.369700,2.890500,2.515100
1,1,16.550211,16.945202,2.140100,2.126200,1.600000
1,1,16.566647,16.436297,2.202700,2.747500,1.673600
1,1,16.583492,16.844999,2.137300,2.694600,1.638700
1,1,16.600214,16.721800,2.112200,2.273700,1.573400
1,1,16.616640,16.425602,2.028400,2.420300,1.714900
1,1,16.633350,16.710199,1.989700,2.344100,1.597700
1,1,16.650062,16.712300,1.911200,3.165300,1.790300
1,1,16.667068,17.005101,2.213800,2.424000,1.612000
1,1,16.683348,16.280599,2.702200,2.985800,1.782200
1,1,16.700519,17.170399,2.365100,2.211600,1.683100
1,1,16.716759,16.240999,2.483100,2.697600,2.093600
1,1,16.733242,16.482100,2.171100,2.187900,1.870100
1,1,16.750036,16.794700,1.710200,2.259200,1.754600
1,1,16.767032,16.995903,1.888900,2.415300,1.410800
1,1,16.783351,16.319297,2.491700,3.249000,1.466200
1,1,16.799949,16.597200,1.868400,2.385900,1.758900
1,1,16.816858,16.908802,1.964200,2.538900,1.869900
1,1,16.833365,16.507298,2.147400,3.310900,1.852900
1,1,16.850736,17.371502,2.205400,2.293000,1.534100
1,1,16.866586,15.849501,2.669500,3.076700,1.665800
1,1,16.884099,17.513599,2.021000,2.307400,1.599100
1,1,16.900215,16.115200,2.658100,2.430900,1.647000
1,1,16.917096,16.881101,1.918300,2.344100,1.739800
1,1,16.933724,16.628198,2.415100,2.364800,1.654500
1,1,16.950242,16.518399,2.264200,2.482800,2.169100
1,1,16.967235,16.992699,2.246100,2.246800,1.403000
1,1,16.983468,16.232502,2.450000,2.526400,1.759600
1,1,17.000201,16.733602,2.258600,3.181000,1.499800
1,1,17.017810,17.608598,1.847000,2.564000,1.916600
1,1,17.033713,15.903700,2.979500,2.501500,2.004000
1,1,17.050388,16.674299,2.366200,3.029800,1.613500
1,1,17.067297,16.909100,2.153400,2.564800,1.936100
1,1,17.083411,16.114000,2.607700,2.878500,1.490600
1,1,17.100133,16.722102,1.956100,2.562200,1.792500
1,1,17.116957,16.824499,2.056100,2.345300,1.495600
1,1,17.133493,16.536001,2.285600,2.586400,1.689900
1,1,17.150194,16.700100,1.805000,2.751800,1.520400
1,1,17.166980,16.786799,1.887900,2.441300,1.986800
1,1,17.183721,16.740799,1.998500,3.314000,1.837400
1,1,17.200422,16.701400,2.379800,2.496000,1.556700
1,1,17.216942,16.519703,2.606500,2.770800,1.566000
1,1,17.233582,16.639799,2.348100,2.293300,1.603600
1,1,17.250215,16.633000,1.972600,3.076900,1.790400
1,1,17.266845,16.629700,1.807100,2.333000,1.621700
1,1,17.283567,16.722299,1.894600,2.526600,1.616100
1,1,17.300362,16.794700,1.904400,2.747500,1.538200
1,1,17.317015,16.653400,2.122600,2.362300,1.875200
1,1,17.333475,16.459402,2.178000,2.778800,1.805400
1,1,17.350473,16.998000,2.127000,2.349400,1.673500
1,1,17.366922,16.449399,2.069100,2.569000,2.208600
1,1,17.383588,16.665898,2.273200,2.423700,1.441800
1,1,17.400297,16.709402,2.140000,2.591000,1.731800
1,1,17.416943,16.645897,2.071100,2.491100,2.439800
1,1,17.434053,17.110102,2.217900,2.666000,1.565600
1,1,17.450390,16.336698,3.160600,3.192900,2.340500
1,1,17.466992,16.602501,2.501100,2.316300,1.803600
1,1,17.483464,16.472001,2.212800,3.448900,1.950200
1,1,17.500406,16.941398,2.040400,2.218300,1.395500
1,1,17.516898,16.492199,1.952700,2.616800,1.933100
1,1,17.534405,17.507002,2.120300,3.004300,1.703800
1,1,17.550182,15.776899,3.025400,2.375300,1.878400
1,1,17.567102,16.920201,2.339100,2.159900,1.506400
1,1,17.583659,16.557399,2.063200,2.416200,1.652200
1,1,17.600320,16.660802,1.980900,2.559000,1.581200
1,1,17.617296,16.975898,2.900300,3.006900,2.040200
1,1,17.633545,16.248401,2.584000,2.727500,1.632700
1,1,17.650839,17.294001,2.582500,2.589400,2.011300
1,1,17.671014,20.175897,3.023700,3.343400,1.755600
1,1,17.684081,13.066601,6.927400,3.226600,1.707400
1,1,17.700308,16.226999,3.682400,3.006200,1.458600
1,1,17.717079,16.771100,2.157600,2.434200,1.554300
1,1,17.733668,16.588900,2.587200,2.853500,1.560900
1,1,17.750443,16.774900,2.584500,2.461400,1.892400
1,1,17.767014,16.570900,2.269600,2.709200,1.867100
1,1,17.784138,17.124001,2.306200,2.978600,1.509200
1,1,17.800315,16.177502,3.163500,2.905300,2.242700
1,1,17.816905,16.589098,1.976500,3.127400,1.608100
1,1,17.833617,16.712900,1.901500,2.352000,1.997200
1,1,17.850522,16.904302,2.115000,2.411100,1.561800
1,1,17.867002,16.480397,2.189300,2.812200,1.677700
1,1,17.883760,16.758200,2.773000,2.798300,1.677700
1,1,17.900372,16.612101,2.287700,2.739500,1.703900
1,1,17.916933,16.560800,2.322200,2.663200,1.594800
1,1,17.933797,16.863499,2.028000,2.387900,1.915000
1,1,17.950354,16.557500,2.444500,2.683400,1.706700
1,1,17.967137,16.782701,2.573100,2.767800,1.902700
1,1,17.983802,16.665500,2.391100,2.658600,1.610500
1,1,18.000445,16.642500,2.676800,3.783900,1.696400
1,1,18.017407,16.961802,2.312500,2.297100,1.567700
1,1,18.033685,16.278498,2.551900,2.606100,1.606900
1,1,18.050284,16.599100,2.205300,2.299300,1.658000
1,1,18.066946,16.661301,1.949700,2.387200,1.439500
1,1,18.083641,16.695801,2.179500,2.878200,1.945800
1,1,18.100838,17.196700,2.231200,2.392300,1.995200
1,1,18.117029,16.191199,2.748000,2.622100,1.707300
1,1,18.133582,16.553000,2.616200,3.094100,1.763500
1,1,18.150576,16.993400,2.122100,2.190200,1.597000
1,1,18.166954,16.378298,2.287500,2.986500,1.926000
1,1,18.184124,17.169502,2.418700,2.712000,1.796900
1,1,18.200456,16.332299,2.687500,2.838600,1.838500
1,1,18.217069,16.613200,2.626200,3.085400,1.632700
1,1,18.233589,16.519699,2.508100,2.824100,2.022700
1,1,18.250313,16.724102,2.263200,2.990000,1.609400
1,1,18.266989,16.675700,2.164100,2.560300,1.825600
1,1,18.284206,17.216999,2.200600,3.143700,1.594500
1,1,18.300386,16.180500,3.054200,2.940600,1.516900
1,1,18.316948,16.561501,2.061900,3.276300,1.474800
1,1,18.333763,16.815100,1.993700,2.397700,1.680300
1,1,18.351193,17.430700,2.201000,2.451900,1.375100
1,1,18.367019,15.825298,2.839300,3.214800,1.595300
1,1,18.383750,16.731001,2.134400,2.504600,1.578900
1,1,18.400317,16.566999,2.191500,2.451800,1.449900
1,1,18.416979,16.662899,2.086900,2.505600,1.879300
1,1,18.433899,16.919300,2.221900,2.531500,1.554700
1,1,18.450232,16.333502,2.337900,2.742900,1.769100
1,1,18.467093,16.860798,2.123300,2.326400,1.577100
1,1,18.483547,16.453702,2.322800,3.548400,1.703400
1,1,18.500825,17.278500,2.276600,2.256000,1.461100
1,1,18.516950,16.125102,3.055000,2.582900,1.871500
1,1,18.533888,16.937897,2.513400,2.360100,1.915700
1,1,18.550248,16.360100,2.388200,2.754400,1.911600
1,1,18.567008,16.759600,1.983500,2.655400,1.659500
1,1,18.583715,16.707301,2.118300,2.469500,1.940400
1,1,18.600366,16.650900,2.056100,3.002900,1.750200
1,1,18.617055,16.689099,2.389200,3.120700,1.593000
1,1,18.633602,16.547099,2.308900,2.521300,1.707300
1,1,18.650965,17.362501,2.117100,2.187500,1.530700
1,1,18.666928,15.963499,2.481700,3.022500,1.944400
1,1,18.684820,17.891303,2.144600,2.249900,1.757900
1,1,18.700404,15.583798,3.492300,3.225100,1.827900
1,1,18.717266,16.862601,2.698300,2.685200,1.594700
1,1,18.733736,16.469900,2.510500,2.866800,1.868300
1,1,18.750378,16.641799,2.525900,2.273400,1.503400
1,1,18.767060,16.682100,2.082200,3.015700,1.592300
1,1,18.783789,16.729500,2.160700,2.516800,1.580000
1,1,18.800604,16.814701,2.627600,2.995400,1.421000
1,1,18.817348,16.743898,2.724800,2.453900,1.600700
1,1,18.833969,16.620900,2.592100,2.788800,1.703900
1,1,18.851356,17.387401,2.537700,2.949400,2.079400
1,1,18.867173,15.816901,2.943400,2.248900,1.584200
1,1,18.883866,16.692597,1.938700,3.163100,1.775500
1,1,18.900665,16.798999,3.483300,2.300900,1.500300
1,1,18.917110,16.445301,2.033800,2.638300,1.761700
1,1,18.933865,16.755302,2.258000,2.477900,1.928600
1,1,18.950857,16.991798,2.043900,2.451600,1.673100
1,1,18.967308,16.450301,2.676900,2.735200,1.459700
1,1,18.983954,16.646199,2.225400,2.584200,1.698100
1,1,19.000695,16.741600,2.213700,2.371500,1.522900
1,1,19.017410,16.714603,2.249200,3.223600,2.076800
1,1,19.033952,16.541999,2.532500,2.560500,1.671200
1,1,19.050599,16.647499,2.582500,2.849900,1.741900
1,1,19.067256,16.656101,2.148300,2.565300,1.641500
1,1,19.084102,16.846299,2.584000,3.181400,1.768700
1,1,19.100790,16.688101,2.772600,2.574700,1.813900
1,1,19.117178,16.388401,2.394300,3.040400,1.720500
1,1,19.134165,16.987000,2.269200,2.489400,1.644700
1,1,19.150664,16.499098,2.189500,3.122400,1.946300
1,1,19.167295,16.630299,2.228900,2.553500,1.917000
1,1,19.183896,16.601600,2.289900,3.265200,1.562300
1,1,19.200793,16.896602,2.753400,2.382600,1.795600
1,1,19.217308,16.514901,2.832800,2.901100,1.827100
1,1,19.233927,16.619500,2.507500,2.491200,1.766900
1,1,19.250690,16.762398,2.235900,2.415600,1.661500
1,1,19.267581,16.891401,2.375000,2.490400,1.621800
1,1,19.284131,16.550098,2.821100,2.579600,2.089900
1,1,19.300588,16.456500,2.554300,2.250500,1.791600
1,1,19.317144,16.556002,2.106000,3.352800,1.715100
1,1,19.334131,16.987599,2.009200,2.901800,1.765600
1,1,19.351073,16.941499,2.421900,2.714000,2.076600
1,1,19.367222,16.149200,3.704900,2.440700,1.442400
1,1,19.383811,16.588900,1.921100,3.364400,1.630000
1,1,19.400687,16.876299,2.198200,2.247500,1.919700
1,1,19.417614,16.926501,2.232400,2.732400,1.698500
1,1,19.435584,17.969802,2.364000,2.523500,2.169400
1,1,19.450896,15.312098,3.578300,2.424800,1.988700
1,1,19.467587,16.691100,1.992900,2.455100,1.702700
1,1,19.484330,16.743001,2.261900,2.361200,1.633000
1,1,19.500962,16.631901,2.041300,2.881900,1.617000
1,1,19.517638,16.676597,2.313900,2.960000,1.578800
1,1,19.534277,16.638603,1.936500,2.377500,1.740900
1,1,19.551880,17.603200,2.113700,2.479200,1.891400
1,1,19.567663,15.782800,2.995300,2.387100,1.925100
1,1,19.584383,16.720500,2.252800,2.484400,1.872700
1,1,19.601109,16.725298,2.666600,2.911900,1.822100
1,1,19.617605,16.496200,2.882600,3.036300,1.638700
1,1,19.634245,16.640201,2.486900,3.004000,1.964400
1,1,19.650998,16.752999,2.736100,2.306900,1.482600
1,1,19.667999,17.000601,2.141100,2.846700,1.804300
1,1,19.684497,16.498398,2.787900,2.472000,1.829300
1,1,19.701109,16.611502,2.487300,3.194700,1.451800
1,1,19.717908,16.799901,2.493300,2.480900,1.623900
1,1,19.735105,17.197099,2.405300,3.747700,2.145300
1,1,19.751213,16.107701,3.281600,2.471600,1.864900
1,1,19.767554,16.341101,2.791500,3.232700,1.928000
1,1,19.784445,16.890999,2.268500,2.648900,1.899200
1,1,19.800932,16.486801,2.364200,2.830800,2.345000
1,1,19.817821,16.888600,2.298000,2.774700,2.060000
1,1,19.834301,16.479898,2.854400,3.065500,2.180800
1,1,19.851140,16.839299,3.480100,2.592300,1.919600
1,1,19.867708,16.568001,2.818000,2.794300,2.135800
1,1,19.884559,16.851101,2.429600,2.868900,2.106600
1,1,19.900960,16.400699,2.665000,2.846200,2.127100
1,1,19.917788,16.828500,2.264900,3.031900,1.708000
1,1,19.934355,16.566902,2.296400,2.487300,1.967100
1,1,19.950937,16.581599,2.285100,2.540300,1.680200
1,1,19.967728,16.791098,2.729100,2.528200,1.681600
1,1,19.984604,16.876403,2.490900,2.643100,1.769000
1,1,20.000933,16.328700,2.915700,2.842400,1.456500
1,1,20.017592,16.658798,2.175500,2.859400,1.703300
1,1,20.034239,16.646802,2.574100,2.562600,1.617500
1,1,20.051013,16.773999,2.169600,3.046000,1.780400
1,1,20.067827,16.814098,2.564700,2.838400,2.003800
1,1,20.084328,16.501300,2.673800,3.158900,2.156800
1,1,20.100953,16.625002,2.579900,3.090600,1.972300
1,1,20.117564,16.611598,2.225300,2.989600,1.616800
1,1,20.134608,17.043002,2.291900,3.024700,1.538500
1,1,20.150895,16.286999,2.688700,4.109300,1.988400
1,1,20.167689,16.794100,2.176000,2.414900,1.545000
1,1,20.184356,16.667500,2.176900,2.826100,1.710800
1,1,20.200924,16.567700,2.560600,2.454300,1.630000
1,1,20.217785,16.861301,2.004700,2.611900,1.709500
1,1,20.234275,16.489800,2.110300,3.004000,1.788500
1,1,20.251069,16.793899,2.347200,2.976500,1.726200
1,1,20.267539,16.469900,2.401800,2.868300,1.609000
1,1,20.284438,16.899101,2.963500,2.980700,1.610200
1,1,20.300795,16.356997,2.481000,2.496000,2.199400
1,1,20.317578,16.783502,1.995800,2.881100,1.421700
1,1,20.334325,16.746201,2.206600,3.187800,1.555600
1,1,20.350992,16.667500,2.449500,2.536300,1.483800
1,1,20.367629,16.637199,2.506400,2.601500,1.456700
1,1,20.384262,16.633000,2.457600,2.923600,1.782700
1,1,20.400986,16.724199,2.101100,2.579100,2.020300
1,1,20.417635,16.648103,2.021500,2.615400,1.725500
1,1,20.434499,16.864099,2.378800,2.616200,1.862200
1,1,20.450847,16.348399,2.727700,2.409600,1.665900
1,1,20.467565,16.717799,2.273700,2.239200,2.125200
1,1,20.484873,17.308101,1.974400,2.547200,1.782900
1,1,20.501482,16.609401,2.509200,2.433200,1.724200
1,1,20.517650,16.167399,3.083900,2.379100,1.723400
1,1,20.534346,16.696502,2.274300,2.300000,1.630900
1,1,20.551030,16.683899,2.322000,2.915200,1.818900
1,1,20.567670,16.640302,2.412100,2.675000,1.990500
1,1,20.584374,16.703699,2.357100,2.906300,1.654900
1,1,20.600944,16.569801,2.232800,2.583400,1.493300
1,1,20.617716,16.772300,2.069100,2.694900,1.420100
1,1,20.634235,16.519200,2.031700,2.523900,1.492100
1,1,20.651101,16.865298,2.326500,2.288600,1.948900
1,1,20.667687,16.585901,2.227900,3.013800,1.786700
1,1,20.684247,16.560800,2.265000,2.325600,1.777800
1,1,20.701055,16.807701,2.112400,2.176800,1.803500
1,1,20.717699,16.643997,2.466100,2.448500,1.954900
1,1,20.734388,16.688600,2.129500,3.030400,1.615700
1,1,20.751028,16.640101,2.223500,2.519600,1.976300
1,1,20.768038,17.010499,2.296000,2.378000,1.807100
1,1,20.784309,16.270902,3.011800,3.053800,1.657600
1,1,20.800896,16.586699,2.475000,2.389900,2.361700
1,1,20.817729,16.833302,1.977100,2.811200,2.053800
1,1,20.834239,16.509999,2.247200,2.629100,1.547500
1,1,20.850910,16.671199,2.228400,2.736700,1.479900
1,1,20.867615,16.704302,2.024700,2.596300,1.717700
1,1,20.884353,16.738601,2.317600,2.374600,1.660900
1,1,20.900981,16.627997,1.981500,2.319600,1.521200
1,1,20.917760,16.778901,2.022800,3.160900,1.622600
1,1,20.934177,16.417298,2.939000,3.016800,1.827500
1,1,20.950979,16.801201,2.409600,2.422300,1.706300
1,1,20.967668,16.689800,2.166800,2.680500,1.605800
1,1,20.984366,16.697101,2.528200,3.175000,1.713700
1,1,21.001015,16.649898,2.487800,2.547900,1.565000
1,1,21.017736,16.720902,2.493400,2.235400,1.539700
1,1,21.034434,16.697999,2.141700,2.321900,1.726400
1,1,21.050972,16.537700,2.338000,2.596200,2.038200
1,1,21.067607,16.634699,2.483100,2.409200,1.754700
1,1,21.084784,17.177101,2.230300,2.740500,1.777600
1,1,21.101203,16.419500,2.762000,2.969700,1.542500
1,1,21.117634,16.430501,2.551800,2.255800,1.445700
1,1,21.134330,16.696498,2.096800,2.507200,1.728800
1,1,21.151085,16.754702,1.898600,3.525700,1.603900
1,1,21.167740,16.654901,1.956200,2.449100,1.419100
1,1,21.184471,16.730499,2.208700,2.516000,1.764500
1,1,21.201195,16.724899,2.238500,2.219700,1.981200
1,1,21.217794,16.599000,2.705000,3.243200,1.893200
1,1,21.234511,16.717002,2.589100,2.463700,2.119900
1,1,21.251291,16.779900,2.286300,2.832300,1.619400
1,1,21.267743,16.451798,2.729900,2.416900,1.703900
1,1,21.284648,16.904499,2.457800,2.603700,1.598600
1,1,21.301010,16.361903,2.390500,2.651200,1.658000
1,1,21.317829,16.819198,2.356800,2.325700,1.613500
1,1,21.334270,16.441602,2.147500,2.967100,1.436300
1,1,21.351311,17.040897,2.163300,2.182900,1.648700
1,1,21.367714,16.402800,2.156900,3.184300,1.780300
1,1,21.384674,16.959600,2.132700,3.063600,1.477600
1,1,21.401143,16.469501,2.569700,2.868000,2.307300
1,1,21.417964,16.820699,2.407300,2.761900,2.068500
1,1,21.434515,16.551401,2.623700,2.860600,1.853600
1,1,21.451020,16.504899,2.686900,3.051800,1.868700
1,1,21.468662,17.642103,2.344900,2.333800,1.615900
1,1,21.484530,15.867397,3.567100,2.474700,1.811100
1,1,21.501518,16.988102,3.008900,2.222100,1.896900
1,1,21.517708,16.190100,2.821800,2.495400,2.047000
1,1,21.534455,16.747598,2.279100,2.601500,1.549900
1,1,21.551055,16.599402,2.077500,2.827100,1.913100
1,1,21.567784,16.728900,2.180000,2.307500,1.621200
1,1,21.584387,16.602997,2.247100,2.432800,1.508300
1,1,21.600971,16.584303,2.367500,2.339900,1.431100
1,1,21.617914,16.943399,2.063000,2.282000,1.537000
1,1,21.634443,16.529098,2.359300,2.677700,1.752900
1,1,21.652164,17.720602,2.544100,2.483700,1.746200
1,1,21.667668,15.504200,3.504300,2.946900,1.656300
1,1,21.684556,16.887698,2.979100,2.250300,2.047400
1,1,21.701110,16.554199,2.266300,3.159000,1.625800
1,1,21.717756,16.646102,2.199300,2.469400,2.101200
1,1,21.734365,16.608398,2.250600,2.286000,1.896700
1,1,21.751159,16.794000,1.878000,2.781700,1.858200
1,1,21.767695,16.536001,2.215200,2.661900,1.531700
1,1,21.784364,16.669400,2.019300,2.869400,1.692200
1,1,21.801480,17.116301,2.049900,2.313700,1.598800
1,1,21.817667,16.186200,2.454000,2.966800,1.589600
1,1,21.834359,16.692597,3.375000,2.472300,2.061400
1,1,21.851096,16.736500,2.088900,2.621300,1.758800
1,1,21.867827,16.730901,2.249500,2.773200,1.359300
1,1,21.884561,16.734302,2.770900,2.273800,1.912300
1,1,21.901067,16.505599,2.375000,2.366900,1.642300
1,1,21.917987,16.920298,2.162400,3.409400,1.919500
1,1,21.934536,16.549200,2.918100,3.054700,1.916700
1,1,21.950996,16.460102,2.409600,2.515800,1.919200
1,1,21.967937,16.940501,2.449700,3.175400,1.844600
1,1,21.984615,16.678698,2.190000,2.745900,1.862300
1,1,22.001049,16.433302,2.650500,2.655100,2.083300
1,1,22.017900,16.851299,2.221500,2.827800,2.209700
1,1,22.034515,16.614702,2.099000,3.278900,2.177200
1,1,22.051374,16.859699,2.530900,2.984600,2.454400
1,1,22.067888,16.513400,2.649800,2.746800,2.104500
1,1,22.084660,16.772099,2.981700,3.440200,2.251100
1,1,22.101140,16.480401,2.671500,3.325900,2.246700
1,1,22.117842,16.701300,2.582000,3.053800,1.832100
1,1,22.134532,16.690899,2.508900,2.875700,2.182300
1,1,22.151166,16.633101,2.661900,3.201000,1.730700
1,1,22.167749,16.583499,2.275100,2.473900,1.741000
1,1,22.184522,16.772702,2.177400,2.438900,1.933700
1,1,22.201203,16.681701,2.348700,2.762900,1.865400
1,1,22.217848,16.644899,2.448600,2.726300,2.124300
1,1,22.234739,16.890801,2.492300,2.595200,1.954300
1,1,22.251095,16.355697,2.723500,2.467900,1.974000
1,1,22.267859,16.763899,2.276000,3.244300,1.587800
1,1,22.284563,16.704101,2.714500,2.918700,1.891500
1,1,22.301530,16.967300,2.856200,2.516900,1.626300
1,1,22.317625,16.095001,2.958000,2.583800,1.849600
1,1,22.334520,16.894899,2.262600,2.533700,1.982200
1,1,22.351395,16.874898,2.337100,3.030900,1.909000
1,1,22.368965,17.570000,2.751100,3.606000,1.826900
1,1,22.384490,15.525501,3.436200,3.008900,1.669900
1,1,22.401132,16.641401,2.104600,2.518900,1.703700
1,1,22.417840,16.708598,2.232100,2.886700,1.837400
1,1,22.434464,16.623203,2.542300,3.637900,1.847000
1,1,22.451242,16.778599,2.605600,3.154300,1.720900
1,1,22.467911,16.668700,2.761900,2.979000,1.949500
1,1,22.484653,16.741600,2.647600,2.488800,1.594600
1,1,22.501098,16.445801,2.928000,2.907600,1.734700
1,1,22.517987,16.888399,2.969800,2.478000,1.768100
1,1,22.534464,16.477700,2.439500,3.595800,1.918400
1,1,22.551412,16.947500,2.572800,2.874300,1.777700
1,1,22.567835,16.423199,2.488800,2.955300,2.328100
1,1,22.584709,16.874399,2.870100,3.085400,2.101200
1,1,22.601174,16.464703,2.575900,2.737000,2.209900
1,1,22.617848,16.673397,2.126700,2.627600,1.989000
1,1,22.634524,16.676202,2.442200,2.374500,1.769800
1,1,22.651384,16.860001,2.439800,3.097300,2.036800
1,1,22.667804,16.420100,2.650100,3.784000,1.944600
1,1,22.684762,16.957600,2.488600,3.177600,1.853500
1,1,22.701228,16.466998,2.877200,3.786700,2.185900
1,1,22.718110,16.881101,3.014300,2.696900,1.980800
1,1,22.738700,20.590700,2.637600,2.805800,2.530700
1,1,22.751402,12.701899,6.666800,3.431400,2.322800
1,1,22.768172,16.769700,2.866300,3.452500,1.981800
1,1,22.785178,17.006200,2.947000,3.290900,2.116600
1,1,22.801445,16.267002,3.423900,3.258200,1.857600
1,1,22.818318,16.873099,3.493200,3.672700,2.768100
1,1,22.834943,16.625300,3.042500,3.486000,2.137700
1,1,22.851533,16.589802,3.055900,3.350500,2.127800
1,1,22.868211,16.677398,3.100800,3.223800,2.151000
1,1,22.884785,16.574401,2.826300,3.462900,2.110500
1,1,22.901640,16.855098,4.544300,3.037800,2.354200
1,1,22.918109,16.468801,2.922200,3.216300,2.667500
1,1,22.934887,16.777702,3.133500,3.213200,2.101100
1,1,22.951464,16.576800,2.837200,3.432200,2.010900
1,1,22.967939,16.475499,2.927000,3.229700,2.057200
1,1,22.984635,16.696300,2.731200,3.380800,2.109200
1,1,23.001110,16.474798,2.736300,3.193100,2.042100
1,1,23.017814,16.703900,2.231200,2.550600,2.577600
1,1,23.034562,16.748302,2.439000,2.704000,2.282800
1,1,23.051176,16.613599,2.442800,3.265100,1.976800
1,1,23.068011,16.834900,2.490800,2.750100,2.245800
1,1,23.084623,16.612303,2.757700,3.173500,2.051600
1,1,23.101772,17.148998,2.499400,2.857700,2.174400
1,1,23.117841,16.069002,3.059600,3.472900,1.960500
1,1,23.134508,16.667198,2.521100,2.594600,1.831000
1,1,23.151135,16.626500,2.339700,3.369000,2.088300
1,1,23.168053,16.918100,2.460600,2.909000,2.193700
1,1,23.184735,16.682502,2.781500,3.308600,2.234000
1,1,23.201301,16.565897,2.992900,3.147300,1.918900
1,1,23.217812,16.511101,3.031500,3.162200,2.043700
1,1,23.234658,16.845200,2.634800,3.442300,1.805200
1,1,23.251183,16.525701,2.596500,2.608000,1.932300
1,1,23.268035,16.851999,3.189600,2.707900,2.094700
1,1,23.284607,16.571600,2.754500,3.835600,2.566000
1,1,23.301453,16.846400,2.745100,3.120800,2.200700
1,1,23.317927,16.473502,3.310700,2.874500,2.075400
1,1,23.334653,16.726200,2.490300,2.959000,2.185000
1,1,23.351213,16.559500,2.659300,3.200200,2.107300
1,1,23.368161,16.948897,2.475400,3.324400,2.040500
1,1,23.384881,16.719103,2.763700,2.941400,1.685300
1,1,23.401361,16.480397,4.103200,3.658800,2.651100
1,1,23.418315,16.953900,2.965000,3.480300,2.249900
1,1,23.434990,16.675100,2.993800,2.543600,2.110200
1,1,23.451718,16.728301,3.077800,3.334900,2.109500
1,1,23.467978,16.259499,3.110800,2.879300,2.183100
1,1,23.484587,16.609702,2.525300,2.617000,1.523900
1,1,23.501012,16.424801,2.268300,2.336100,2.013200
1,1,23.517904,16.891997,2.067900,2.388000,1.613000
1,1,23.534404,16.499899,2.155000,2.754700,1.614700
1,1,23.551244,16.840201,3.216700,2.894500,1.897900
1,1,23.567883,16.638301,2.487300,3.133700,1.537100
1,1,23.584645,16.762298,2.465000,2.439900,2.019300
1,1,23.601105,16.459603,2.459800,2.828800,1.878400
1,1,23.617761,16.656101,2.161800,2.525800,1.907200
1,1,23.634475,16.714197,2.029500,2.407700,1.537200
1,1,23.651244,16.768802,2.145400,2.965300,1.881200
1,1,23.667847,16.603198,2.409200,2.511100,1.479500
1,1,23.684443,16.596701,2.478500,2.507700,1.799100
1,1,23.701272,16.828302,2.192800,2.264500,1.569300
1,1,23.718090,16.817797,2.153700,3.069700,1.879100
1,1,23.734579,16.489200,2.700800,2.465600,1.667600
1,1,23.751153,16.574502,2.438300,3.014800,1.757700
1,1,23.767834,16.680900,2.389200,2.325000,1.626100
1,1,23.784382,16.547401,2.322000,3.098800,1.784000
1,1,23.801314,16.931999,2.135100,2.903400,1.690600
1,1,23.817742,16.428299,2.235000,2.306100,1.587400
1,1,23.834630,16.888000,2.192400,2.592000,1.861800
1,1,23.851182,16.552500,2.482300,2.257100,1.850100
1,1,23.867914,16.731899,2.245400,2.684500,1.646600
1,1,23.884663,16.748399,2.457800,2.748300,1.496200
1,1,23.901248,16.585302,2.478900,2.736700,1.916700
1,1,23.917933,16.685098,2.495100,2.783800,1.833900
1,1,23.934447,16.514201,2.329200,2.901500,1.796500
1,1,23.951864,17.416202,2.265800,2.617400,1.604700
1,1,23.967825,15.961301,3.054200,2.917900,1.529100
1,1,23.984561,16.735800,2.932100,2.255900,1.407400
1,1,24.001100,16.539700,2.822300,2.661100,1.747700
1,1,24.018399,17.298900,2.207400,2.399800,1.821200
1,1,24.034463,16.063299,2.939700,2.872000,1.774200
1,1,24.051218,16.755600,2.188300,2.336100,1.565900
1,1,24.067983,16.765099,1.911100,2.491700,1.589600
1,1,24.084523,16.539801,2.516200,2.920100,1.658200
1,1,24.101224,16.700502,2.130800,3.005800,1.624300
1,1,24.118169,16.945500,2.214200,2.485900,2.361900
1,1,24.135051,16.881697,2.740900,2.774900,1.708200
1,1,24.151119,16.068503,2.995200,2.937100,2.023000
1,1,24.167966,16.846597,1.965600,2.265100,1.570800
1,1,24.184501,16.535603,2.471400,2.724700,1.807800
1,1,24.201378,16.876299,2.895200,2.533300,1.650200
1,1,24.217966,16.588498,2.415900,2.273400,1.628600
1,1,24.234557,16.591202,2.265100,2.679600,1.799200
1,1,24.251401,16.844098,2.081000,2.328700,1.634700
1,1,24.268029,16.627803,2.190400,2.322700,1.509000
1,1,24.284560,16.530797,2.284500,2.761000,1.492800
1,1,24.301427,16.866501,2.283400,2.353200,1.553100
1,1,24.317964,16.537100,2.499200,2.876100,1.639000
1,1,24.334417,16.452901,2.276800,3.334500,1.896700
1,1,24.351482,17.064899,2.274100,2.208200,1.468400
1,1,24.367743,16.261801,2.395200,2.600900,1.665400
1,1,24.384515,16.771797,2.126100,2.725800,1.588600
1,1,24.401090,16.574603,1.899000,3.458500,1.629200
1,1,24.417903,16.813200,1.790700,2.189900,1.886100
1,1,24.434514,16.611498,2.126800,2.542100,1.704300
1,1,24.451471,16.956203,2.194100,2.446900,1.758300
1,1,24.468099,16.628299,2.344200,2.673500,1.937000
1,1,24.484647,16.548101,2.223400,2.966400,1.626200
1,1,24.501195,16.548399,3.233100,2.968600,1.752400
1,1,24.517906,16.710401,2.417300,2.433200,1.885600
1,1,24.534604,16.698398,2.594100,2.685300,1.454700
1,1,24.551101,16.497202,2.351900,2.870000,1.639400
1,1,24.568045,16.943999,2.026300,2.256900,1.625500
1,1,24.584470,16.424902,2.503400,2.599100,1.689400
1,1,24.601267,16.796697,2.121400,2.345500,1.562600
1,1,24.617853,16.585603,2.636300,2.892500,1.838000
1,1,24.634648,16.794998,2.446700,2.318900,1.900600
1,1,24.651622,16.974602,2.424500,2.861900,2.017300
1,1,24.668071,16.448699,2.565100,2.422100,1.643100
1,1,24.684632,16.560700,2.398700,2.920400,1.979200
1,1,24.701461,16.829301,2.306800,2.609700,1.706800
1,1,24.717991,16.529799,2.449200,3.196000,1.682400
1,1,24.734468,16.476899,2.179300,2.259300,1.790200
1,1,24.751307,16.839299,2.209300,2.810800,2.096400
1,1,24.767827,16.520202,2.394400,3.043000,1.812400
1,1,24.784628,16.800798,2.152100,2.353300,1.432800
1,1,24.801250,16.622100,2.221100,2.903400,1.826300
1,1,24.817932,16.682003,3.047000,2.743000,1.621500
1,1,24.834458,16.525898,2.135900,2.943600,1.984400
1,1,24.851197,16.739499,2.017600,2.955500,1.523900
1,1,24.867743,16.545601,1.993500,3.106500,1.960300
1,1,24.885687,17.944399,1.995900,2.610800,1.574800
1,1,24.901506,15.818402,3.766100,3.242100,1.773900
1,1,24.917941,16.435299,3.370500,2.393600,1.761000
1,1,24.934792,16.850699,2.563500,2.874300,1.655800
1,1,24.951195,16.403001,3.102600,3.021700,1.579300
1,1,24.968015,16.819701,2.237700,2.205500,1.344400
1,1,24.984545,16.530499,2.310500,2.837700,1.702200
1,1,25.001504,16.958702,3.045800,2.381100,1.569300
1,1,25.018045,16.540997,2.385700,2.969300,1.842100
1,1,25.034764,16.719602,2.585900,2.427000,1.608700
1,1,25.051309,16.545199,2.452200,2.357000,1.677000
1,1,25.067938,16.628500,2.229400,2.622500,1.598700
1,1,25.084786,16.847599,2.273600,3.224300,1.570300
1,1,25.101508,16.722802,2.710300,3.303600,1.592900
1,1,25.118102,16.593300,2.464900,2.785100,1.719600
1,1,25.134665,16.563199,2.336400,2.712500,2.657100
1,1,25.151573,16.907901,2.319100,2.329200,1.528400
1,1,25.167937,16.364098,2.677500,3.143800,2.114500
1,1,25.184749,16.812202,2.459200,2.197400,1.351500
1,1,25.201296,16.547199,2.307700,3.074100,2.005200
1,1,25.217940,16.643800,2.395400,2.283600,2.253900
1,1,25.234637,16.697399,2.081100,3.927100,1.823200
1,1,25.251430,16.792901,2.276600,2.299500,1.451200
1,1,25.268010,16.579200,2.300200,3.146400,1.711100
1,1,25.285039,17.029300,2.360100,2.366200,1.401500
1,1,25.301259,16.220402,2.854900,3.011800,1.940600
1,1,25.317979,16.720198,2.468500,2.969900,1.461400
1,1,25.334661,16.681302,2.342000,2.562900,1.716000
1,1,25.351321,16.660299,2.588100,2.256900,1.652900
1,1,25.368046,16.724400,2.168600,2.278500,1.583600
1,1,25.384690,16.644400,1.985900,4.504400,1.773700
1,1,25.401507,16.816799,2.413300,2.151700,1.905100
1,1,25.418014,16.507600,2.320800,2.834200,1.811600
1,1,25.434829,16.815200,3.001300,2.137400,1.688700
1,1,25.451336,16.506601,2.414200,2.545600,2.017000
1,1,25.468224,16.887501,2.333800,2.197900,1.384500
1,1,25.484749,16.525798,2.599200,3.242200,1.623000
1,1,25.501375,16.625300,2.626700,2.298400,1.568100
1,1,25.518059,16.684003,2.398300,2.880400,1.744500
1,1,25.534917,16.858798,2.489500,2.541900,1.618500
1,1,25.551369,16.451802,2.661200,2.547200,1.723100
1,1,25.567893,16.523499,2.316700,3.074700,1.940900
1,1,25.584925,17.032299,2.107400,2.512600,1.517500
1,1,25.601257,16.332000,2.384200,2.683600,1.737700
1,1,25.618154,16.897202,2.418300,2.286100,1.757500
1,1,25.634714,16.559798,2.359100,2.814900,1.976800
1,1,25.651802,17.088398,2.662600,2.346200,1.647900
1,1,25.668047,16.244903,3.059800,2.832900,2.016100
1,1,25.685055,17.007999,2.514200,2.369400,1.532300
1,1,25.701379,16.323298,2.805400,2.746700,1.857200
1,1,25.718378,16.999800,2.501800,2.381300,1.981200
1,1,25.734595,16.217001,2.940400,2.647700,1.859700
1,1,25.751545,16.949899,2.643600,2.301300,1.768400
1,1,25.768106,16.560700,2.478000,3.023400,1.704900
1,1,25.784791,16.685400,2.363600,2.382700,1.866000
1,1,25.801327,16.535502,2.371400,2.830400,1.912300
1,1,25.817981,16.653698,2.191500,2.851800,1.678300
1,1,25.835469,17.488100,2.361500,2.461500,1.625200
1,1,25.851937,16.468003,2.447600,2.621000,2.536000
1,1,25.868908,16.971298,2.327700,2.491700,1.729600
1,1,25.885372,16.463500,3.023400,2.912900,2.062800
1,1,25.902418,17.046101,2.905200,2.381200,1.644500
1,1,25.918871,16.453099,2.872200,3.507000,2.017700
1,1,25.935286,16.414702,2.614900,2.311500,1.627500
1,1,25.952039,16.753800,2.236000,2.843000,1.849900
1,1,25.968944,16.904797,2.289100,2.596900,1.616300
1,1,25.985256,16.311903,3.056900,2.836800,1.983100
1,1,26.002388,17.132200,2.562700,2.156800,1.578100
1,1,26.018859,16.470499,2.735200,3.076600,1.795000
1,1,26.035432,16.573101,2.430400,2.378400,1.751500
1,1,26.051946,16.514599,2.474900,2.937400,1.730200
1,1,26.068570,16.623598,2.124700,3.012000,1.748800
1,1,26.085679,17.109301,2.249400,2.438200,1.775200
1,1,26.101911,16.231500,2.670900,2.384800,1.839700
1,1,26.118819,16.908400,2.101800,2.461300,1.867700
1,1,26.135232,16.412802,2.528700,3.134700,1.713500
1,1,26.152120,16.888101,2.041800,2.614800,1.775800
1,1,26.168605,16.484898,2.354800,2.824200,1.952700
1,1,26.185443,16.837902,2.344700,2.688100,1.552100
1,1,26.202150,16.706798,2.436800,2.588000,1.627500
1,1,26.218678,16.528100,2.463500,2.216800,1.793900
1,1,26.235374,16.696200,2.296200,2.420300,1.930400
1,1,26.252169,16.794801,2.316000,2.777300,1.469100
1,1,26.268858,16.688801,2.428600,2.900400,1.706400
1,1,26.285569,16.711697,2.427000,2.845100,1.912500
1,1,26.302196,16.626600,2.916700,2.454500,1.754600
1,1,26.318650,16.453601,2.617000,3.130000,1.913800
1,1,26.335225,16.575601,2.328000,2.469400,1.730900
1,1,26.351939,16.714100,2.022800,2.624900,2.004600
1,1,26.368802,16.862500,2.118600,2.316000,1.706300
1,1,26.385462,16.660500,2.377800,2.590800,1.893500
1,1,26.401981,16.518697,2.511900,2.467500,1.959100
1,1,26.418603,16.621903,2.186100,2.619600,1.786800
1,1,26.435212,16.609099,2.003000,2.261500,1.853700
1,1,26.452035,16.823400,2.124600,2.756900,1.501700
1,1,26.468605,16.570199,2.406100,2.248500,1.770400
1,1,26.485745,17.139301,2.373200,2.241100,1.396000
1,1,26.501848,16.103301,2.448100,2.644600,2.077500
1,1,26.519087,17.238799,2.472000,2.193100,1.500600
1,1,26.535171,16.084198,2.652200,2.529600,1.583000
1,1,26.552013,16.842000,3.380000,2.258900,1.596000
1,1,26.568633,16.619403,2.286300,2.347800,1.789300
1,1,26.585326,16.693100,2.243500,2.382900,1.774800
1,1,26.602093,16.766898,2.429700,3.063600,1.642600
1,1,26.618570,16.477700,2.496500,2.330600,1.509000
1,1,26.635381,16.810998,2.213500,2.401800,1.713900
1,1,26.651993,16.611401,2.379100,2.396800,2.363700
1,1,26.668662,16.669899,2.277900,2.359600,1.673200
1,1,26.685229,16.566601,2.283800,2.454600,1.925500
1,1,26.702015,16.786199,2.081700,2.789300,1.787400
1,1,26.718635,16.620003,2.099300,2.637000,1.615600
1,1,26.735566,16.930997,2.348400,2.736900,1.661900
1,1,26.751891,16.324300,2.793700,2.954900,1.653400
1,1,26.769166,17.275300,2.155100,2.202800,1.705400
1,1,26.785242,16.076300,2.537500,2.179900,1.708400
1,1,26.802151,16.908500,2.185500,2.210500,1.461900
1,1,26.818680,16.529199,2.213900,2.660000,1.726200
1,1,26.835320,16.640402,2.253800,2.282100,1.723300
1,1,26.852308,16.987998,2.089900,2.925400,1.558800
1,1,26.868788,16.479403,2.476000,2.509000,1.421500
1,1,26.885473,16.684897,2.437300,2.235400,1.668900
1,1,26.901844,16.371701,2.269700,2.422100,2.245300
1,1,26.918802,16.957901,1.877900,2.189000,1.499400
1,1,26.935528,16.725700,2.329600,3.311400,2.066100
1,1,26.952335,16.807299,2.640300,2.541000,1.884400
1,1,26.968685,16.349901,3.567600,3.168700,2.203200
1,1,26.985470,16.784798,3.074100,2.343200,1.509200
1,1,27.001981,16.511399,2.284800,3.031800,2.115700
1,1,27.018720,16.738400,2.120300,2.278000,1.506000
1,1,27.035369,16.649600,2.196100,3.144600,1.804100
1,1,27.052306,16.936403,2.249100,2.256200,1.814900
1,1,27.068756,16.450699,2.462300,3.308300,1.864900
1,1,27.085755,16.998399,2.526700,2.308200,1.596700
1,1,27.101974,16.219102,2.896500,2.571500,1.703600
1,1,27.119018,17.043900,2.408400,2.199300,1.560900
1,1,27.135556,16.537700,2.783100,2.966000,1.790400
1,1,27.152363,16.807597,2.667800,2.592100,2.835800
1,1,27.168791,16.428202,2.731900,2.673600,1.710700
1,1,27.185413,16.621199,2.668900,2.670500,1.700300
1,1,27.202067,16.654599,2.369900,2.610200,1.573500
1,1,27.219215,17.148200,2.359400,3.071400,1.937800
1,1,27.235368,16.152401,2.977700,2.795100,1.745400
1,1,27.252119,16.751502,2.346900,2.620900,2.131900
1,1,27.268879,16.759299,2.256900,2.884900,1.557800
1,1,27.285473,16.594101,3.223500,3.138400,1.667200
1,1,27.302161,16.688701,2.601100,2.762500,1.628500
1,1,27.318664,16.502999,2.363300,2.373300,1.774200
1,1,27.335463,16.798299,2.135400,2.232700,1.964500
1,1,27.351979,16.516600,2.801400,2.831300,1.807200
1,1,27.368903,16.923800,2.497300,2.277700,1.548900
1,1,27.385444,16.541399,2.381500,2.312000,1.683600
1,1,27.402074,16.629301,3.042900,2.131100,1.722300
1,1,27.418667,16.592801,2.042900,2.601100,1.630300
1,1,27.435342,16.675200,2.382000,2.426300,1.573000
1,1,27.452006,16.664598,2.336200,2.641300,1.931800
1,1,27.468745,16.738400,2.234700,2.244700,1.667600
1,1,27.485389,16.644202,2.173700,2.774400,1.518800
1,1,27.502149,16.759899,2.291400,2.253700,1.624000
1,1,27.518879,16.730603,2.567100,2.278000,1.580200
1,1,27.535611,16.731199,2.745000,3.180700,1.727800
1,1,27.551877,16.265899,2.536800,2.113400,1.635600
1,1,27.568665,16.788900,1.961600,2.811500,1.629300
1,1,27.585256,16.590599,1.932400,3.234500,1.881600
1,1,27.602031,16.775001,2.035200,2.158800,1.714300
1,1,27.618735,16.704500,2.048400,2.780200,1.671800
1,1,27.635797,17.061602,2.511300,2.370300,1.805700
1,1,27.652567,16.769599,2.857500,3.021400,1.812400
1,1,27.668671,16.103901,2.892200,3.357700,1.578700
1,1,27.685365,16.693998,2.881100,2.174800,2.016900
1,1,27.701942,16.577899,2.159100,2.263600,1.509100
1,1,27.718674,16.731802,2.370200,2.749500,1.739700
1,1,27.735315,16.640600,2.422500,2.354400,1.486100
1,1,27.751954,16.639099,1.999500,2.337100,1.625000
1,1,27.769460,17.505601,2.007000,2.304500,1.680600
1,1,27.785361,15.901297,2.943700,2.968700,1.504300
1,1,27.801925,16.563803,2.268400,2.894000,1.804800
1,1,27.818660,16.735200,1.988300,2.195100,1.939900
1,1,27.835255,16.594701,2.023200,3.342400,1.567700
1,1,27.852046,16.791798,2.261700,2.805600,1.654700
1,1,27.868669,16.622201,2.240900,2.480700,1.672700
1,1,27.888034,19.365799,2.009000,2.499800,1.452000
1,1,27.902108,14.073402,5.447200,3.327800,1.845800
1,1,27.918794,16.686499,2.737300,2.447400,1.758200
1,1,27.935560,16.765602,2.220800,2.342900,1.791600
1,1,27.952296,16.736299,2.257100,2.801600,1.898900
1,1,27.968788,16.492199,2.229500,3.800900,1.866100
1,1,27.985426,16.638000,2.178600,2.602300,1.661200
1,1,28.002070,16.644001,2.446300,2.910100,1.552300
1,1,28.018995,16.924400,2.411000,2.886800,1.633500
1,1,28.035497,16.502298,3.096300,2.732900,1.585300
1,1,28.052150,16.652603,2.630100,3.022500,1.576600
1,1,28.068852,16.702700,2.328200,2.634100,2.126400
1,1,28.085522,16.669698,3.547300,2.543200,1.692300
1,1,28.102033,16.510900,2.466700,2.775400,1.731600
1,1,28.118795,16.761500,2.111700,2.399200,1.606400
1,1,28.135431,16.636200,2.115300,2.704000,1.573900
1,1,28.152734,17.302901,2.322200,2.475500,1.860900
1,1,28.168765,16.031198,3.007500,2.625400,1.940900
1,1,28.185394,16.629502,2.743700,2.936700,1.820000
1,1,28.202027,16.632497,2.268300,2.339900,1.724100
1,1,28.218890,16.863201,2.148800,2.604200,1.678000
1,1,28.235494,16.604200,2.527700,2.295600,1.828600
1,1,28.251981,16.486999,2.179400,3.322500,1.864000
1,1,28.268895,16.913302,2.257900,3.018800,1.594300
1,1,28.285502,16.607400,2.655400,2.652200,1.496500
1,1,28.302135,16.633201,2.802700,2.461500,1.872800
1,1,28.318558,16.422398,2.518200,2.990200,2.074700
1,1,28.335471,16.913299,2.454800,2.217000,1.513800
1,1,28.351981,16.510200,2.106800,2.404000,1.810700
1,1,28.368811,16.830001,2.126300,2.172000,1.519800
1,1,28.385279,16.467601,2.170000,2.820800,1.618200
1,1,28.402445,17.165899,2.147400,2.279100,1.386400
1,1,28.418664,16.219299,2.667100,2.578500,1.458300
1,1,28.435386,16.722001,2.395100,2.810600,1.597900
1,1,28.452087,16.701199,2.262000,2.322500,2.034300
1,1,28.469253,17.165802,2.038300,2.535700,1.665300
1,1,28.485539,16.286399,3.325300,2.860400,1.799200
1,1,28.502354,16.815297,2.632900,2.574700,1.890300
1,1,28.518901,16.546402,2.957400,3.329000,1.611100
1,1,28.535277,16.376100,2.680200,2.389600,1.638300
1,1,28.552442,17.165098,2.181900,2.256400,1.621300
1,1,28.568822,16.379401,2.542900,2.934100,2.009500
1,1,28.585653,16.831499,3.470200,2.314300,1.697800
1,1,28.602055,16.402300,2.312500,3.425900,1.827000
1,1,28.618838,16.782701,2.528400,2.261700,1.842000
1,1,28.635275,16.437400,3.116100,3.031900,1.517400
1,1,28.652223,16.947899,2.495900,2.410800,1.904300
1,1,28.668877,16.653500,2.416600,2.703300,1.810100
1,1,28.685411,16.533900,2.772000,2.422100,1.638600
1,1,28.702041,16.630702,3.092000,2.297300,1.783700
1,1,28.718679,16.638000,2.108100,3.333100,1.738000
1,1,28.735347,16.667899,2.116300,2.418400,1.679600
1,1,28.752025,16.677801,2.902000,2.796400,1.628300
1,1,28.769039,17.014001,2.052700,2.213800,1.831500
1,1,28.785293,16.253699,2.747900,2.761300,1.569200
1,1,28.802279,16.985901,2.280900,2.696400,1.863100
1,1,28.819027,16.748201,2.458400,3.066200,2.019100
1,1,28.835281,16.254596,2.705800,2.506000,1.749600
1,1,28.852077,16.796000,2.144000,2.805800,1.880400
1,1,28.868707,16.629200,1.998300,2.401800,2.238700
1,1,28.885396,16.689301,2.269600,2.752200,1.785100
1,1,28.902046,16.649600,2.364800,2.312200,1.917400
1,1,28.918674,16.628899,2.158100,2.736700,1.759400
1,1,28.935376,16.701501,1.923200,2.787800,1.780500
1,1,28.952121,16.744800,2.226700,2.049100,1.547500
1,1,28.968850,16.729500,2.340100,2.941200,1.791100
1,1,28.985381,16.530402,2.528600,2.503400,1.398300
1,1,29.002163,16.782600,2.114600,2.925200,1.863600
1,1,29.018622,16.459197,2.092300,2.207100,1.550300
1,1,29.035289,16.666301,1.880600,2.409400,2.296400
1,1,29.052632,17.343402,1.871700,2.245800,1.519000
1,1,29.068637,16.004600,2.718300,2.785300,2.263800
1,1,29.085562,16.924899,2.387100,2.346300,1.564100
1,1,29.102187,16.625199,2.513000,2.321500,1.462000
1,1,29.119097,16.909800,2.486900,2.511100,1.716400
1,1,29.135584,16.487200,3.103600,3.396500,1.982900
1,1,29.152461,16.877200,3.339400,2.891400,1.961400
1,1,29.169010,16.548701,2.649500,3.042500,2.034600
1,1,29.185645,16.635001,2.513400,3.060700,1.965500
1,1,29.202389,16.744498,2.767900,2.932900,1.882800
1,1,29.219093,16.704101,2.675100,3.229700,2.093500
1,1,29.236022,16.929001,2.959000,3.614800,2.240800
1,1,29.252295,16.272400,3.317900,3.323400,3.023500
1,1,29.269242,16.947698,3.412700,3.351200,1.632700
1,1,29.285340,16.098000,3.048600,2.377000,2.307500
1,1,29.302383,17.042700,1.968300,2.344700,1.656000
1,1,29.318715,16.331602,2.767500,3.219800,1.614700
1,1,29.336039,17.324198,3.043200,2.751900,1.595800
1,1,29.352362,16.323000,2.646400,2.935000,1.520000
1,1,29.368718,16.356099,2.789200,2.602300,1.475100
1,1,29.385548,16.830001,1.958600,2.627000,2.081700
1,1,29.402342,16.793702,2.162000,2.620200,1.760700
1,1,29.418974,16.631998,2.342300,2.492100,1.632900
1,1,29.435374,16.400300,2.239300,2.755500,1.713100
1,1,29.452053,16.678900,2.142900,2.604300,1.693900
1,1,29.469009,16.955800,2.040800,2.969000,1.676400
1,1,29.485642,16.633600,2.412000,2.661000,1.768100
1,1,29.502153,16.510300,2.368100,2.451400,1.689900
1,1,29.518891,16.738500,2.168500,2.325400,1.832700
1,1,29.535381,16.490299,2.284200,2.341500,1.745400
1,1,29.552093,16.711101,2.037500,2.343800,1.689700
1,1,29.568877,16.784798,1.799900,2.909900,1.860600
1,1,29.586137,17.259602,2.254600,3.029000,1.497000
1,1,29.602177,16.040199,2.963100,2.948200,2.102600
1,1,29.619193,17.015900,2.453700,3.025200,1.645400
1,1,29.635501,16.308300,2.853100,2.890900,1.905100
1,1,29.652293,16.791601,2.439900,2.903700,1.935800
1,1,29.669165,16.872101,2.140100,3.250400,1.883200
1,1,29.685759,16.593698,2.560400,3.227900,1.794200
1,1,29.702372,16.613100,2.822100,3.270900,1.741300
1,1,29.719492,17.119903,2.634800,3.245600,1.928200
1,1,29.735731,16.239099,3.081300,3.929800,2.118200
1,1,29.752283,16.552199,2.835400,3.381600,2.240000
1,1,29.769010,16.726900,2.350400,3.386200,2.183600
1,1,29.785965,16.955301,2.511700,2.396100,1.829700
1,1,29.802262,16.296901,2.725600,2.461100,1.793400
1,1,29.818912,16.649798,2.392800,3.463000,1.999600
1,1,29.835810,16.898200,2.389000,3.211700,1.700800
1,1,29.852165,16.355000,2.651300,2.859300,2.071300
1,1,29.868919,16.753901,2.730800,2.995800,1.760500
1,1,29.885623,16.703799,2.188900,2.577900,1.632700
1,1,29.902255,16.632501,2.082700,3.290700,1.567000
1,1,29.919038,16.782500,2.300900,2.323700,1.622000
1,1,29.935652,16.614400,2.498100,2.652900,1.649000
1,1,29.953217,17.564699,2.948900,3.053500,1.657500
1,1,29.969181,15.964001,3.090400,3.031100,2.149600
1,1,29.985529,16.347900,2.728000,2.813100,1.624700
1,1,30.002201,16.672298,2.192500,2.282900,1.926900
1,1,30.019201,16.999301,2.000400,2.972900,1.873500
1,1,30.035734,16.533900,2.444700,3.157400,2.068500
1,1,30.052203,16.469002,2.893500,3.567900,2.327400
1,1,30.068928,16.724300,2.128000,2.990200,1.651300
1,1,30.085609,16.681001,2.114600,3.132800,1.705000
1,1,30.102490,16.881600,2.227200,2.357200,1.618600
1,1,30.118950,16.459897,2.572500,2.632900,1.614900
1,1,30.135544,16.593501,2.459200,2.924000,1.816600
1,1,30.152347,16.802900,2.168000,2.315300,1.591200
1,1,30.168933,16.586002,2.395600,3.057600,1.756200
1,1,30.185841,16.908199,2.743100,2.455700,2.031700
1,1,30.202515,16.673800,2.648500,2.331700,1.644900
1,1,30.218981,16.466301,2.582400,2.434100,1.741500
1,1,30.235402,16.420700,2.575800,2.727200,1.859500
1,1,30.252463,17.061800,2.038100,2.199900,1.670600
1,1,30.268880,16.416300,2.349600,3.071000,1.611700
1,1,30.285789,16.909700,2.700500,2.288900,1.587600
1,1,30.302216,16.426202,2.535700,3.041600,2.001900
1,1,30.319377,17.161198,2.508100,2.283800,1.576800
1,1,30.335516,16.138799,2.777200,3.027200,1.751400
1,1,30.352450,16.934600,2.281500,2.363400,1.955800
1,1,30.369041,16.591202,2.488700,2.498300,1.645800
1,1,30.385687,16.645998,2.510800,2.919300,2.033600
1,1,30.402250,16.563002,2.423200,2.314900,1.949900
1,1,30.418758,16.507100,2.222100,2.428900,1.716000
1,1,30.435762,17.004799,2.103900,2.187500,1.574700
1,1,30.452244,16.481601,2.459100,2.734500,2.114200
1,1,30.469141,16.897298,2.985600,2.223700,1.535500
1,1,30.485559,16.417500,2.493300,2.598400,1.817800
1,1,30.502284,16.725700,2.213400,2.481100,1.645100
1,1,30.518886,16.601801,2.433100,2.819700,1.629100
1,1,30.535683,16.796999,2.769300,2.492900,1.767900
1,1,30.552250,16.566802,2.444800,2.436600,1.902300
1,1,30.568920,16.670197,2.173600,2.425500,1.674800
1,1,30.585567,16.647100,2.236800,3.046300,1.606800
1,1,30.602265,16.697500,2.310400,3.092700,1.714200
1,1,30.619350,17.085202,2.258600,2.457200,2.040100
1,1,30.635569,16.218998,3.022300,3.068900,2.077600
1,1,30.652604,17.035000,3.104900,2.484300,1.728400
1,1,30.668894,16.289704,2.462800,3.260300,1.713700
1,1,30.685678,16.783800,2.337700,2.302200,1.662300
1,1,30.702163,16.485300,2.172900,3.140000,1.888500
1,1,30.718953,16.790297,1.949500,2.918900,1.658200
1,1,30.735386,16.432803,2.197500,2.736300,1.734800
1,1,30.752609,17.222799,2.099100,2.566600,1.733800
1,1,30.768971,16.361799,2.640800,3.134600,2.002700
1,1,30.785998,17.027300,2.830200,2.761700,1.942400
1,1,30.802484,16.486201,2.923200,3.009100,2.044700
1,1,30.820255,17.771300,3.009800,3.518100,1.973700
1,1,30.835526,15.270300,3.981900,2.529300,1.713800
1,1,30.852330,16.804200,2.265400,2.635100,1.624500
1,1,30.869899,17.569497,2.289200,2.926700,1.761800
1,1,30.885949,16.049400,3.136700,2.700300,2.092100
1,1,30.902544,16.595103,2.244100,4.269900,2.285600
1,1,30.919135,16.590700,2.489400,2.365400,2.137300
1,1,30.936039,16.904898,2.093300,3.088900,2.026600
1,1,30.953490,17.450999,2.255400,3.276100,1.781600
1,1,30.969332,15.841801,3.195100,3.291300,2.117400
1,1,30.985972,16.639803,2.508000,3.116700,1.922200
1,1,31.002609,16.636897,2.404100,2.932300,1.806200
1,1,31.019210,16.601600,2.353800,3.927000,1.915100
1,1,31.036056,16.845703,2.441200,2.370700,1.738600
1,1,31.052558,16.502000,2.421900,2.670200,1.910700
1,1,31.069427,16.868398,2.226300,2.355300,1.820600
1,1,31.085921,16.494401,2.365600,2.977600,2.060700
1,1,31.102684,16.762700,2.399800,2.302600,1.914400
1,1,31.119243,16.559701,2.294600,3.336800,2.000100
1,1,31.135938,16.695000,2.410800,2.810100,1.619700
1,1,31.152734,16.795199,2.687500,2.458000,1.801100
1,1,31.169384,16.650598,2.295000,2.484600,1.989100
1,1,31.186073,16.688500,2.644200,2.988600,2.078700
1,1,31.202507,16.434301,2.479600,2.534100,2.049000
1,1,31.219408,16.901199,2.178100,2.693300,1.937200
1,1,31.235808,16.399901,2.596500,3.106200,1.692000
1,1,31.252669,16.860999,2.206800,2.304700,1.926400
1,1,31.269387,16.717900,2.305500,2.787800,1.731400
1,1,31.286134,16.746603,2.560600,3.201800,1.623200
1,1,31.302468,16.334198,2.645100,2.807000,1.876000
1,1,31.319523,17.055102,2.374800,2.117100,1.949200
1,1,31.335882,16.358897,2.546400,3.372300,1.904700
1,1,31.353455,17.572802,2.308900,2.554700,1.665200
1,1,31.369432,15.977599,3.060300,3.065800,1.910300
1,1,31.385980,16.548201,2.364200,2.649900,1.508700
1,1,31.402571,16.590700,2.504400,4.328500,2.028200
1,1,31.419275,16.703598,1.885200,2.300500,1.517200
1,1,31.435964,16.688801,2.115900,3.362700,1.683500
1,1,31.452657,16.693100,2.347800,2.525600,1.616700
1,1,31.469224,16.566999,2.227200,3.057800,1.673800
1,1,31.486072,16.848400,2.560400,2.518800,1.731900
1,1,31.502642,16.569600,2.628600,2.477700,1.766400
1,1,31.519129,16.487800,2.653700,2.800600,2.024300
1,1,31.535984,16.854800,2.054000,3.077400,1.861300
1,1,31.552476,16.491700,2.167400,2.616600,2.028100
1,1,31.569255,16.779400,2.275500,2.693000,1.790600
1,1,31.585914,16.658600,2.216500,2.582500,1.980200
1,1,31.602774,16.860202,2.227500,2.808000,2.030000
1,1,31.619349,16.574997,2.679000,2.905900,1.925100
1,1,31.636017,16.667999,2.408000,2.600000,2.624000
1,1,31.652660,16.642701,2.606500,2.932200,1.552000
1,1,31.669740,17.080300,2.305600,2.784600,1.914500
1,1,31.686100,16.359501,2.967700,2.908400,1.937400
1,1,31.702792,16.691901,2.625500,3.598000,1.937600
1,1,31.720858,18.066999,3.065900,3.324300,2.480500
1,1,31.736166,15.307803,4.180000,3.396300,2.880100
1,1,31.753065,16.898800,2.752500,3.299300,2.362400
1,1,31.769377,16.312201,2.677000,3.876200,2.440100
1,1,31.786512,17.134797,2.704400,3.171800,2.179000
1,1,31.802900,16.387403,3.135700,3.824100,2.054200
1,1,31.819319,16.419400,2.812900,3.497400,1.973100
1,1,31.836172,16.853299,2.921500,2.723100,2.165400
1,1,31.852899,16.727202,3.122100,3.730300,2.158900
1,1,31.869426,16.526397,3.064000,3.422900,1.993800
1,1,31.886396,16.969901,2.708300,2.784500,1.926300
1,1,31.902739,16.342800,2.739400,3.375500,2.030500
1,1,31.919579,16.840700,2.456200,2.687200,2.052900
1,1,31.936069,16.489901,2.669700,2.944300,2.204900
1,1,31.952535,16.465701,2.346200,2.762400,1.767600
1,1,31.969652,17.117597,2.109300,2.420200,2.040400
1,1,31.985894,16.241301,2.724700,2.909900,1.850700
1,1,32.002488,16.594201,3.470000,3.173500,2.313000
1,1,32.019500,17.011698,1.910900,2.926500,1.727400
1,1,32.035819,16.319200,2.381300,3.211700,1.745200
1,1,32.052698,16.878702,2.192400,2.644200,1.627300
1,1,32.069254,16.556799,2.473200,2.325300,1.670800
1,1,32.085852,16.597200,2.191300,2.751000,1.922500
1,1,32.102528,16.676098,2.136900,2.412200,1.978700
1,1,32.119533,17.005101,2.052800,2.407500,1.888100
1,1,32.135748,16.215499,2.543500,2.911800,1.694000
1,1,32.152490,16.742099,2.015500,2.995100,1.622600
1,1,32.169308,16.817302,2.096400,2.207800,1.479700
1,1,32.185819,16.511898,2.155200,3.311300,1.682600
1,1,32.202477,16.657602,1.994900,2.906200,1.863600
1,1,32.219229,16.752001,1.939500,2.265500,1.616800
1,1,32.235805,16.576298,2.081300,2.289100,1.703400
1,1,32.252649,16.843200,1.967500,2.667700,1.776600
1,1,32.269308,16.659100,2.522100,2.731700,1.863000
1,1,32.286021,16.713303,2.233600,2.488200,1.824600
1,1,32.302613,16.592298,2.354900,3.421800,1.914600
1,1,32.319398,16.784903,2.396800,2.420100,1.961800
1,1,32.336187,16.788799,2.510900,3.010100,1.660500
1,1,32.352544,16.356699,2.544300,2.430800,1.600800
1,1,32.369195,16.651299,2.327900,3.116100,1.606600
1,1,32.385824,16.629301,2.169300,2.237700,1.559500
1,1,32.402542,16.717799,2.255000,2.320700,1.958300
1,1,32.419194,16.651802,1.842100,2.503400,1.658700
1,1,32.435905,16.711500,2.128900,2.298300,1.817200
1,1,32.453837,17.931402,2.171800,2.374800,2.197900
1,1,32.470494,16.657598,2.261900,2.290000,1.629900
1,1,32.487613,17.118599,2.151300,2.466700,1.976400
1,1,32.504136,16.523302,2.862800,2.846200,1.922700
1,1,32.520670,16.533598,3.012500,2.670700,1.660500
1,1,32.537310,16.639899,3.081600,2.385600,1.596900
1,1,32.554099,16.789302,2.472900,2.883300,1.637000
1,1,32.570492,16.392499,2.373600,2.312500,1.676500
1,1,32.587742,17.250698,2.180700,2.737400,1.579800
1,1,32.603988,16.245402,2.891100,2.711600,1.962500
1,1,32.620493,16.504999,2.469300,3.127500,1.888100
1,1,32.637085,16.592402,2.331900,3.006100,1.903400
1,1,32.653865,16.780198,2.062600,2.628700,2.047600
1,1,32.670741,16.875301,2.077400,2.870800,1.895800
1,1,32.687291,16.549900,3.305600,3.795900,1.890200
1,1,32.703869,16.578998,2.649800,2.736700,1.911300
1,1,32.720652,16.782202,2.290900,3.078600,1.755800
1,1,32.737183,16.531698,2.327500,2.713000,2.047200
1,1,32.753813,16.629502,2.360900,2.534400,1.652100
1,1,32.770567,16.754597,2.010900,3.057800,1.945100
1,1,32.787393,16.825002,2.472900,2.551400,1.961400
1,1,32.803952,16.559299,2.431000,2.800800,1.673500
1,1,32.820947,16.995400,2.387400,2.717000,1.732600
1,1,32.837289,16.341500,2.835900,3.173700,2.431400
1,1,32.854519,17.230600,2.599500,2.917300,2.282600
1,1,32.870593,16.073700,3.173400,3.067100,2.182500
1,1,32.887166,16.573001,2.711700,3.388600,2.420900
1,1,32.904107,16.940899,2.677600,3.230500,2.254600
1,1,32.920684,16.576901,3.074300,3.321100,1.909000
1,1,32.937455,16.771000,2.897600,2.996400,1.800400
1,1,32.956831,19.375898,2.744400,2.599800,1.902700
1,1,32.970499,13.668101,5.396500,2.750200,2.082800
1,1,32.987295,16.796101,2.637100,2.656600,1.739800
1,1,33.003913,16.618598,2.165500,2.432100,1.588700
1,1,33.020626,16.712900,2.134800,2.691900,1.583300
1,1,33.037174,16.547900,2.232800,2.330600,1.437500
1,1,33.053939,16.764801,2.279700,2.345400,1.784000
1,1,33.070509,16.569700,2.246500,3.109700,1.516800
1,1,33.087405,16.895801,2.107900,2.729400,1.628500
1,1,33.104299,16.893901,2.263100,2.947000,1.701000
1,1,33.120581,16.282897,2.750700,3.308100,2.058700
1,1,33.137401,16.820099,2.387300,2.704400,2.082100
1,1,33.153945,16.543902,2.758700,3.213900,2.084400
1,1,33.170779,16.833898,2.277800,2.399300,1.599800
1,1,33.187138,16.358800,2.349000,2.511300,1.451700
1,1,33.203941,16.802702,2.372000,2.684700,1.557900
1,1,33.220410,16.468700,2.211400,2.595100,1.827000
1,1,33.237120,16.710401,1.905700,2.416900,1.663200
1,1,33.253693,16.572800,1.929900,3.045200,1.604100
1,1,33.270512,16.819499,1.764700,2.470700,1.564300
1,1,33.287204,16.692199,2.245900,2.853600,1.608200
1,1,33.303985,16.780101,2.446500,3.075900,1.517900
1,1,33.320577,16.592901,3.104200,2.580900,1.683000
1,1,33.337160,16.582698,2.413100,2.455800,1.558300
1,1,33.353978,16.818002,2.191900,2.545200,1.640500
1,1,33.370513,16.534399,2.201800,2.561800,1.629900
1,1,33.387241,16.728099,2.239500,2.456000,1.672200
1,1,33.403981,16.740900,2.332100,2.459200,1.913400
1,1,33.420639,16.657900,2.556600,2.970500,1.608200
1,1,33.437312,16.672403,2.666300,3.298200,2.181500
1,1,33.454237,16.925298,2.512300,2.877500,1.873600
1,1,33.470429,16.192302,2.663200,2.488000,1.951800
1,1,33.487918,17.488297,2.180900,2.543000,1.732700
1,1,33.504263,16.345501,2.947000,2.780300,1.983200
1,1,33.520685,16.421601,2.919100,2.416000,1.482300
1,1,33.537368,16.682699,2.707500,2.833800,1.766600
1,1,33.553836,16.468100,2.823700,2.921000,1.890000
1,1,33.570516,16.680799,2.269900,2.990000,1.915700
1,1,33.587222,16.705301,2.013200,2.495900,1.721600
1,1,33.603908,16.685899,2.602500,2.929800,1.619900
1,1,33.620758,16.849902,2.234300,2.576400,1.711500
1,1,33.637505,16.747698,2.408000,2.421600,1.592400
1,1,33.653883,16.377702,2.775300,2.913200,1.830800
1,1,33.670520,16.637199,2.414300,2.291800,1.427200
1,1,33.687139,16.619299,2.735800,2.401800,1.758700
1,1,33.704205,17.065901,1.911500,2.548000,2.047200
1,1,33.720561,16.355399,2.368000,3.598300,1.797800
1,1,33.737098,16.537100,2.026400,2.546200,1.659200
1,1,33.753891,16.793501,1.879100,2.585700,1.681600
1,1,33.770667,16.775899,2.071600,2.493000,1.647700
1,1,33.787319,16.651403,2.365100,2.835100,1.963300
1,1,33.803822,16.502999,2.910400,2.410300,1.665100
1,1,33.820578,16.755998,2.140700,2.389900,1.740200
1,1,33.837113,16.535703,2.072800,2.297500,1.722800
1,1,33.854001,16.888097,1.926500,2.312500,1.613100
1,1,33.870505,16.503103,2.170900,2.535400,1.682400
1,1,33.887373,16.868599,2.227500,2.914700,1.640700
1,1,33.903955,16.581599,2.423500,3.007600,1.800800
1,1,33.920700,16.745102,2.319400,2.710900,1.732800
1,1,33.937324,16.624201,2.424700,2.803900,1.887500
1,1,33.953807,16.482998,2.470500,2.471700,1.612600
1,1,33.970484,16.676702,2.118200,2.854300,1.684700
1,1,33.987201,16.716998,1.915400,2.544200,1.683300
1,1,34.003824,16.622901,2.423000,2.530300,1.920300
1,1,34.020598,16.773999,2.140900,2.346400,1.722800
1,1,34.037270,16.672801,2.259000,2.760600,1.696600
1,1,34.053833,16.562998,2.601200,2.351900,1.731000
1,1,34.070554,16.720302,1.943200,2.314000,1.791900
1,1,34.087208,16.654599,2.060900,2.540200,2.085100
1,1,34.104029,16.820401,2.398800,2.564000,1.654000
1,1,34.120439,16.410697,2.506800,2.947600,1.775800
1,1,34.137421,16.981602,2.093200,2.458600,1.621000
1,1,34.153969,16.548201,2.553600,2.994800,2.011100
1,1,34.170885,16.915400,2.540600,2.774900,2.185800
1,1,34.187340,16.455498,2.645600,3.199700,1.978900
1,1,34.204473,17.132699,2.464500,3.406900,2.105800
1,1,34.220644,16.171001,2.971600,3.107900,2.695800
1,1,34.237641,16.997300,2.770400,2.649500,1.623900
1,1,34.253787,16.145799,2.900100,2.959400,1.919200
1,1,34.270489,16.701601,2.150100,2.372300,2.134000
1,1,34.287155,16.666502,2.849400,2.404600,1.532900
1,1,34.303893,16.737498,2.390000,2.714300,1.702200
1,1,34.320863,16.970299,2.081500,2.572900,1.982200
1,1,34.337219,16.356699,2.447200,2.401700,1.840400
1,1,34.354450,17.230101,2.214700,3.156300,1.901900
1,1,34.370597,16.146902,2.659800,2.623100,2.149300
1,1,34.387440,16.843300,2.249500,3.013200,1.809200
1,1,34.403998,16.557898,2.663600,3.343300,1.778500
1,1,34.420981,16.982999,2.523500,2.734800,1.883200
1,1,34.437362,16.381502,2.979200,2.669100,2.088600
1,1,34.454063,16.700998,2.637800,2.948900,1.705300
1,1,34.470441,16.378101,2.467300,2.900200,1.858700
1,1,34.487314,16.872499,1.970400,2.392200,1.862700
1,1,34.503955,16.641401,2.084000,2.394500,1.504600
1,1,34.520486,16.531099,2.330700,2.490600,1.620900
1,1,34.537302,16.815901,2.055200,2.462200,1.542000
1,1,34.554008,16.705301,2.083000,3.544000,2.231300
1,1,34.570784,16.776402,2.445400,2.655500,1.823800
1,1,34.587347,16.563099,2.724700,3.243300,1.783600
1,1,34.603949,16.601700,2.482700,3.017500,1.544400
1,1,34.620719,16.769998,2.249600,2.833500,1.879400
1,1,34.637245,16.526103,3.264200,2.956100,1.835300
1,1,34.654436,17.191298,2.505900,2.397700,1.535500
1,1,34.670489,16.052801,2.986700,2.544500,1.863200
1,1,34.687312,16.823299,2.262700,2.330100,1.392400
1,1,34.703869,16.557202,2.128800,2.545900,1.486500
1,1,34.721125,17.255500,2.226900,2.520000,1.713500
1,1,34.737196,16.071498,3.144400,2.199900,1.638100
1,1,34.753936,16.739201,2.274700,2.280800,1.791900
1,1,34.770629,16.692899,2.248700,3.319000,1.976400
1,1,34.787376,16.747698,2.288100,2.871600,1.702700
1,1,34.803939,16.563300,2.425900,2.823700,1.684600
1,1,34.820846,16.906202,2.565900,2.650800,1.786700
1,1,34.837279,16.433701,2.568800,2.660300,1.653000
1,1,34.854042,16.762197,2.526100,2.445000,1.621400
1,1,34.870783,16.741801,2.362300,2.479200,1.650700
1,1,34.888334,17.550901,2.498500,2.793500,1.630900
1,1,34.903867,15.532400,3.595900,3.184200,1.655800
1,1,34.920685,16.818501,2.130000,2.443600,1.547200
1,1,34.937372,16.686700,2.255400,2.305600,1.681300
1,1,34.953935,16.562898,2.518000,2.383000,1.858900
1,1,34.970642,16.706701,2.282100,2.204600,1.949900
1,1,34.987359,16.717900,2.063800,2.875400,1.923900
1,1,35.005135,17.775401,2.311300,2.791300,1.709000
1,1,35.020893,15.757997,3.670800,3.499000,1.989600
1,1,35.037542,16.648903,3.981800,2.532500,1.573100
1,1,35.053881,16.339697,2.767300,3.171900,1.697800
1,1,35.071071,17.189801,2.277700,2.557600,1.608800
1,1,35.087027,15.955701,3.265400,2.426600,1.488700
1,1,35.104132,17.105497,2.107700,2.352400,1.600400
1,1,35.120572,16.439203,2.147100,2.640400,1.491600
1,1,35.137233,16.661797,2.294600,2.442900,1.666100
1,1,35.153853,16.619503,2.060700,3.066400,1.654200
1,1,35.170375,16.522299,1.786800,3.031100,1.784000
1,1,35.187105,16.729597,1.995600,2.312700,1.509300
1,1,35.203781,16.675800,1.875300,3.358200,2.158400
1,1,35.220451,16.670100,1.723900,3.129300,1.730300
1,1,35.237157,16.706303,1.893600,3.119800,1.988000
1,1,35.253835,16.678497,2.350900,2.575200,1.926900
1,1,35.270484,16.648401,2.361900,3.160400,1.730100
1,1,35.287204,16.720500,2.024200,2.551200,1.659200
1,1,35.303793,16.588699,2.125400,2.519400,1.920300
1,1,35.320575,16.781602,1.924200,2.432300,1.763300
1,1,35.337164,16.589399,2.276700,2.393100,1.659500
1,1,35.353966,16.802300,2.417300,2.684900,1.941500
1,1,35.370737,16.770199,2.263900,3.058300,2.124600
1,1,35.387415,16.678501,2.512400,2.834700,2.281500
1,1,35.403995,16.579900,2.437100,3.173600,1.987700
1,1,35.420592,16.596802,2.406700,3.088200,2.060400
1,1,35.437238,16.645901,2.394800,3.477300,2.150900
1,1,35.453982,16.744398,2.449800,2.737600,1.830400
1,1,35.470652,16.670201,2.269800,3.359600,2.176500
1,1,35.487918,17.266199,2.560100,2.729600,1.921300
1,1,35.503695,15.776500,3.066100,3.010000,2.074900
1,1,35.520603,16.908299,2.344500,2.439100,1.688200
1,1,35.537067,16.463503,2.383300,2.422900,1.868200
1,1,35.553809,16.742397,1.992500,3.798300,1.961700
1,1,35.570521,16.712099,1.949100,2.590600,1.446400
1,1,35.587102,16.580302,2.069800,2.512300,1.905900
1,1,35.603942,16.839899,2.300900,2.457000,1.760600
1,1,35.620500,16.558200,2.185800,2.572000,1.938200
1,1,35.637453,16.952902,2.175900,2.471900,1.767400
1,1,35.653779,16.326196,2.543600,2.964600,1.801200
1,1,35.670533,16.754400,2.280600,2.389100,1.874500
1,1,35.687222,16.689103,2.171000,2.453700,1.593500
1,1,35.703795,16.572699,3.032500,2.399800,1.857600
1,1,35.720702,16.906701,1.889000,2.406200,1.705800
1,1,35.737639,16.936999,2.591000,2.309100,1.526900
1,1,35.753919,16.280599,3.254700,2.471900,1.676400
1,1,35.770454,16.535200,2.486400,2.321500,1.435800
1,1,35.787297,16.842600,2.084500,2.290700,1.687600
1,1,35.803858,16.560800,2.298100,2.278800,1.608000
1,1,35.820533,16.675502,1.923700,2.394300,1.811900
1,1,35.837338,16.804799,2.134700,3.120200,1.926800
1,1,35.854096,16.757999,2.333500,2.894400,1.680300
1,1,35.870431,16.334601,2.715600,2.675800,1.740900
1,1,35.887217,16.786400,2.210100,2.231900,1.407200
1,1,35.903851,16.633600,1.964900,3.973600,1.851600
1,1,35.920492,16.641099,2.312900,2.449600,1.594400
1,1,35.937264,16.772300,2.112900,2.255200,1.873700
1,1,35.953834,16.570002,2.182400,2.283300,1.954800
1,1,35.970633,16.798899,2.065500,2.308000,1.582800
1,1,35.987170,16.537398,2.336000,2.370900,2.152500
1,1,36.003912,16.741503,2.057400,2.366200,1.672000
1,1,36.020408,16.496498,2.197300,3.336100,1.924400
1,1,36.037311,16.902700,2.096700,2.363800,1.653700
1,1,36.053794,16.482402,1.958400,2.814100,1.711700
1,1,36.070409,16.615000,2.245200,2.404800,2.119700
1,1,36.088085,17.676398,1.776400,2.327900,1.977700
1,1,36.103834,15.749201,2.985600,2.337100,1.514700
1,1,36.120583,16.748801,1.974500,2.373600,1.915900
1,1,36.137196,16.612500,2.263100,3.263500,2.045200
1,1,36.153966,16.770899,2.042600,2.981000,1.563900
1,1,36.170740,16.773898,2.406700,2.898400,2.189600
1,1,36.187725,16.985103,2.304800,2.464500,1.386000
1,1,36.203706,15.980598,2.939400,2.580100,1.819900
1,1,36.221347,17.641399,2.221900,2.228800,1.598400
1,1,36.237149,15.801702,2.806200,2.765100,1.725000
1,1,36.253878,16.729001,2.423200,3.232200,2.689800
1,1,36.270480,16.601797,1.926000,2.392300,1.595300
1,1,36.287152,16.671702,1.937900,2.557200,1.994600
1,1,36.303886,16.734801,2.318800,2.888600,1.820100
1,1,36.320613,16.726598,2.007900,2.494100,1.932400
1,1,36.337436,16.823001,2.557100,2.336700,1.663900
1,1,36.353796,16.359698,2.518200,2.917400,2.180000
1,1,36.370380,16.584702,2.457300,2.238300,1.565700
1,1,36.387084,16.703900,2.164200,2.377900,2.001700
1,1,36.403962,16.877200,1.801200,2.267300,1.752100
1,1,36.420470,16.508698,1.977300,2.827900,1.922900
1,1,36.437147,16.677000,2.071000,3.312200,1.483000
1,1,36.453992,16.844802,1.900000,2.553300,1.524400
1,1,36.470723,16.731299,2.281400,2.310400,1.928200
1,1,36.487359,16.635701,2.205100,2.871000,1.765500
1,1,36.503710,16.351398,2.217400,2.984300,2.217500
1,1,36.520645,16.935002,2.084300,2.371200,1.722500
1,1,36.537027,16.381197,2.103300,2.664000,1.814700
1,1,36.553917,16.890202,2.420800,2.262900,1.524100
1,1,36.570483,16.566101,1.962600,3.166300,1.867800
1,1,36.587353,16.869798,2.436000,2.212900,1.394100
1,1,36.603832,16.479202,2.063300,3.214200,2.043000
1,1,36.620632,16.800597,2.423700,2.529500,2.216400
1,1,36.637155,16.522001,2.075700,2.530500,1.870000
1,1,36.654559,17.404098,2.296300,2.905200,1.654700
1,1,36.670727,16.168602,2.560100,2.850000,1.696000
1,1,36.687416,16.688999,2.107100,2.345900,1.573600
1,1,36.704173,16.756900,1.999300,2.437500,1.699700
1,1,36.720744,16.571201,2.238900,2.453300,2.022400
1,1,36.737814,17.069601,1.993200,2.179300,1.475100
1,1,36.754021,16.207498,2.437600,2.778700,1.883200
1,1,36.770820,16.798403,2.079400,2.282400,1.509200
1,1,36.787485,16.665500,1.996500,3.247800,1.996900
1,1,36.804366,16.880199,2.782000,2.960700,1.650300
1,1,36.820679,16.313899,2.256900,3.349600,1.630600
1,1,36.837692,17.013002,2.173800,2.236900,1.480400
1,1,36.854101,16.408999,2.195200,2.692100,1.536200
1,1,36.870897,16.795501,2.178000,2.461000,1.998000
1,1,36.887457,16.560398,2.177900,2.137500,1.494700
1,1,36.903899,16.441900,2.375100,4.477900,2.079100
1,1,36.920735,16.835999,2.007300,2.273500,1.585400
1,1,36.937386,16.651202,2.049200,2.977600,2.019600
1,1,36.954238,16.851600,2.667300,2.322000,1.674000
1,1,36.970721,16.482998,2.019900,2.986000,2.208200
1,1,36.987870,17.148703,2.321000,2.241200,1.437000
1,1,37.004060,16.190600,2.487600,3.045500,1.601200
1,1,37.020865,16.804598,2.085600,2.230600,1.572500
1,1,37.037590,16.724702,2.252800,2.771900,1.570500
1,1,37.054113,16.523398,2.272800,2.523100,1.641800
1,1,37.071000,16.887300,2.069700,2.141600,1.613500
1,1,37.087417,16.416799,2.241700,2.370300,1.780400
1,1,37.104318,16.901001,2.029100,2.278700,1.803100
1,1,37.120763,16.445301,2.123500,2.470100,1.800100
1,1,37.137490,16.727097,2.179300,2.333200,1.628800
1,1,37.154062,16.571701,2.088400,3.112600,1.604900
1,1,37.171021,16.958501,2.280900,2.932300,1.607600
1,1,37.187516,16.495198,2.638300,3.511500,1.687900
1,1,37.204036,16.520400,2.293600,2.336300,1.536100
1,1,37.220816,16.779903,1.942800,2.920000,1.726600
1,1,37.237688,16.871899,2.128400,2.643000,1.640000
1,1,37.254208,16.519900,2.379800,2.531900,1.879300
1,1,37.270628,16.419597,2.496900,2.266400,1.884900
1,1,37.287510,16.882103,1.973400,2.418800,1.592500
1,1,37.304041,16.531199,1.935600,2.471100,1.959900
1,1,37.320761,16.719699,1.990600,2.270000,1.457900
1,1,37.337379,16.618200,2.102300,3.209100,1.916400
1,1,37.354631,17.252501,2.101200,2.226100,1.721000
1,1,37.370674,16.042899,2.595100,3.002600,1.891200
1,1,37.387389,16.715199,2.160000,2.456700,1.724400
1,1,37.404089,16.699303,1.924000,2.535800,1.610900
1,1,37.421042,16.952898,2.400600,2.295600,1.499700
1,1,37.437419,16.377699,2.432900,2.841200,1.643200
1,1,37.454183,16.763400,2.052100,2.354000,1.664000
1,1,37.470850,16.667701,2.204400,2.935800,1.491500
1,1,37.487598,16.747199,2.216000,2.985500,1.592700
1,1,37.504121,16.523100,2.461100,2.377700,1.626100
1,1,37.520633,16.512599,2.121200,2.919400,1.917600
1,1,37.537535,16.901501,1.945500,2.300200,1.552200
1,1,37.554089,16.554300,2.010500,2.799600,1.940800
1,1,37.570805,16.715601,2.182100,2.444700,2.098800
1,1,37.587407,16.601902,2.074000,2.767100,2.046700
1,1,37.604458,17.051600,2.358800,2.244000,1.649700
1,1,37.620874,16.415600,2.181400,3.067600,2.118900
1,1,37.637929,17.055098,2.906000,2.365300,1.723100
1,1,37.654094,16.165402,2.485200,2.825100,2.194600
1,1,37.670614,16.519800,2.159600,2.441800,1.583400
1,1,37.687497,16.883101,1.789300,2.077600,1.632800
1,1,37.704169,16.672097,2.403100,2.291800,1.717400
1,1,37.720858,16.688403,2.082600,2.771800,1.654000
1,1,37.737524,16.666297,2.182900,2.289700,1.956300
1,1,37.754504,16.980201,2.113300,2.304100,1.420200
1,1,37.770675,16.170301,2.410200,2.817100,1.772000
1,1,37.787521,16.846798,2.257000,2.188000,1.463100
1,1,37.803998,16.476601,1.961600,2.797800,2.300000
1,1,37.821098,17.099701,1.990000,2.256900,1.587600
1,1,37.837568,16.470101,2.257600,3.167400,2.297800
1,1,37.854687,17.119199,2.600600,2.510300,1.592400
1,1,37.870761,16.073901,2.521200,2.642600,1.701200
1,1,37.887440,16.679298,2.010200,2.619100,1.434500
1,1,37.904234,16.793501,1.963900,2.897900,1.684800
1,1,37.920813,16.579099,2.469900,2.763600,1.529700
1,1,37.937722,16.908802,2.139000,2.631000,1.501100
1,1,37.954071,16.349498,2.498600,2.188400,1.805600
1,1,37.970708,16.637102,2.351300,2.060800,1.515800
1,1,37.987340,16.631398,1.857900,2.841400,1.891200
1,1,38.004102,16.762100,1.619300,2.195000,1.626700
1,1,38.020694,16.592398,1.773400,2.316700,2.079400
1,1,38.041419,20.725202,1.938800,2.375200,1.807600
1,1,38.054743,13.324101,6.179800,3.231700,1.996600
1,1,38.070809,16.065799,3.184700,3.204800,1.726200
1,1,38.087920,17.111201,3.360600,2.587900,1.664300
1,1,38.104199,16.278598,2.526000,2.542200,1.691800
1,1,38.120969,16.770102,2.149300,2.188000,1.755100
1,1,38.137976,17.007001,2.124500,2.248500,2.035700
1,1,38.154692,16.715899,2.487500,2.475100,2.142700
1,1,38.171393,16.700998,2.797600,3.180000,2.064000
1,1,38.187976,16.583402,2.609800,3.050300,1.854100
1,1,38.204533,16.556598,2.511800,2.978200,2.002500
1,1,38.221187,16.653903,2.368900,2.380600,1.766600
1,1,38.237838,16.651399,2.290400,3.144200,1.890500
1,1,38.254551,16.713098,2.424100,3.053100,1.911500
1,1,38.271368,16.817003,2.341700,2.825400,2.084400
1,1,38.288260,16.891599,2.874000,3.025600,1.812500
1,1,38.304611,16.350899,2.885000,3.173200,1.985100
1,1,38.321612,17.000902,2.520300,2.587900,1.825900
1,1,38.337832,16.220797,2.778600,2.666700,1.614900
1,1,38.354679,16.846303,2.214900,3.051400,1.618100
1,1,38.371392,16.713198,2.353200,2.474900,1.857300
1,1,38.387967,16.574800,2.575600,3.394000,1.758700
1,1,38.404473,16.506501,2.670100,2.490100,1.622100
1,1,38.421112,16.638499,2.458700,2.369100,2.090700
1,1,38.437845,16.733602,2.400800,3.003200,1.696100
1,1,38.454643,16.797200,2.560900,2.492700,1.925800
1,1,38.471266,16.623400,2.565600,2.554700,1.566100
1,1,38.488090,16.824398,2.566600,3.111800,1.651200
1,1,38.504650,16.559903,2.705500,2.400700,1.658000
1,1,38.521123,16.472500,2.720100,2.611400,1.978400
1,1,38.537782,16.658898,2.415300,2.226400,1.596200
1,1,38.554560,16.778499,2.298300,2.534800,2.017500
1,1,38.571389,16.828600,2.154800,2.455100,1.744700
1,1,38.587931,16.541701,2.522700,3.168400,1.992000
1,1,38.604864,16.933300,2.470800,3.280300,1.994700
1,1,38.621192,16.327899,2.765300,2.545900,2.072000
1,1,38.638447,17.255101,2.381300,2.296000,1.664400
1,1,38.654606,16.158801,2.769600,3.552700,1.714100
1,1,38.671145,16.539000,2.964200,2.803400,1.793000
1,1,38.688126,16.981799,2.233500,2.957700,2.027900
1,1,38.704756,16.629502,2.330000,3.096200,1.968500
1,1,38.721496,16.740300,2.670600,3.129300,1.729000
1,1,38.737985,16.488597,2.968300,3.224900,2.001700
1,1,38.754401,16.416300,2.527800,2.448500,1.482800
1,1,38.771073,16.672000,2.161100,2.151100,1.760200
1,1,38.788033,16.959701,1.965000,2.326100,1.607000
1,1,38.804483,16.450200,2.383000,2.746500,1.651300
1,1,38.821387,16.904101,2.278500,2.964900,1.710400
1,1,38.838248,16.861200,2.427300,2.427600,1.663900
1,1,38.855165,16.916201,2.689600,2.509500,1.695600
1,1,38.871220,16.055997,3.019700,2.793900,1.695900
1,1,38.887836,16.615301,1.938400,2.263700,1.466300
1,1,38.904482,16.646001,2.055500,3.315300,1.658100
1,1,38.921195,16.713198,2.224800,3.160500,1.680700
1,1,38.937851,16.655900,2.240400,3.152200,1.750200
1,1,38.955155,17.304000,2.321900,2.451500,1.787700
1,1,38.971228,16.073503,2.796900,2.714100,1.881900
1,1,38.987971,16.742099,2.186800,3.114300,1.834000
1,1,39.004659,16.688898,2.313200,2.324300,2.052300
1,1,39.021274,16.614202,2.497800,2.840900,1.772300
1,1,39.037942,16.668200,2.417700,2.603500,1.843900
1,1,39.054609,16.667698,2.381800,3.686400,1.833500
1,1,39.071276,16.666900,2.607300,3.274500,1.889400
1,1,39.087975,16.698901,2.378300,2.974800,1.679300
1,1,39.104878,16.902901,2.511900,2.114900,1.856200
1,1,39.121639,16.760699,2.569000,2.446700,1.962700
1,1,39.137934,16.294699,3.482400,4.288100,1.926800
1,1,39.154961,17.027501,2.720300,2.787800,1.921700
1,1,39.171242,16.280998,2.886500,3.120700,1.995000
1,1,39.188437,17.195102,3.064600,2.606200,2.094700
1,1,39.204561,16.123399,3.999300,3.119800,1.910000
1,1,39.221442,16.881201,3.049800,2.637200,1.935200
1,1,39.237924,16.482200,2.422100,3.170000,2.077000
1,1,39.254740,16.815998,2.333100,3.102100,2.333200
1,1,39.271370,16.630299,2.775600,3.781500,2.191400
1,1,39.287934,16.563300,2.638900,3.143100,2.352900
1,1,39.304622,16.688101,2.463200,3.680100,2.371000
1,1,39.321562,16.939901,2.494200,3.393900,2.143000
1,1,39.337957,16.395699,2.781900,3.425300,1.983600
1,1,39.354960,17.002299,2.564300,3.095400,2.133400
1,1,39.371453,16.493402,2.802600,2.676900,1.746300
1,1,39.388296,16.842600,3.068700,3.114400,1.726400
1,1,39.405042,16.746100,2.734700,3.216500,1.760300
1,1,39.421518,16.476300,2.923200,2.429700,2.152900
1,1,39.438191,16.672499,2.670600,2.650900,2.049500
1,1,39.455162,16.971100,2.821800,2.424500,2.014300
1,1,39.471305,16.143698,2.704900,2.508400,2.330000
1,1,39.488139,16.833901,2.223900,3.047000,2.194700
1,1,39.504726,16.586900,2.774200,2.865500,2.403200
1,1,39.521426,16.700000,2.712500,3.189200,2.078700
1,1,39.538186,16.760100,2.615600,3.271600,2.057400
1,1,39.554666,16.479902,2.603600,3.256000,2.277200
1,1,39.571547,16.881000,2.573200,3.036600,2.273000
1,1,39.587892,16.345397,2.639500,2.555800,2.021200
1,1,39.604655,16.762603,2.432300,2.958800,1.632200
1,1,39.621125,16.470298,2.362100,2.638100,1.956700
1,1,39.638590,17.464701,2.022500,2.425200,1.776800
1,1,39.654780,16.190398,2.958700,2.539700,1.795000
1,1,39.671254,16.473699,2.691800,2.744800,2.650900
1,1,39.688274,17.019603,2.595600,3.207900,2.111800
1,1,39.704988,16.714100,2.976300,3.016300,2.500600
1,1,39.721574,16.586199,2.729500,3.599500,2.215700
1,1,39.738463,16.888399,2.938800,3.663100,2.485300
1,1,39.754938,16.475402,3.402600,3.382100,1.986300
1,1,39.771379,16.440898,3.012900,3.665500,1.986500
1,1,39.788201,16.822301,2.654400,3.100800,2.061500
1,1,39.804667,16.466100,2.940600,3.153700,2.076800
1,1,39.821554,16.886599,2.454500,3.072200,1.915000
1,1,39.838000,16.446199,2.729100,3.031200,2.244600
1,1,39.855074,17.073601,3.622300,2.614600,2.374000
1,1,39.871272,16.197998,2.910500,2.658800,2.448300
1,1,39.888214,16.942702,2.326400,2.756100,2.088500
1,1,39.904729,16.514298,2.806200,2.985800,2.112600
1,1,39.921441,16.712300,2.472800,2.894600,2.083600
1,1,39.938325,16.883902,2.733400,3.324600,2.059900
1,1,39.954959,16.634300,3.135500,3.383700,2.511900
1,1,39.971425,16.465999,2.861800,3.587000,2.199000
1,1,39.988384,16.958598,2.837600,3.121300,1.717000
1,1,40.004802,16.418502,2.802300,2.533200,1.881900
1,1,40.021294,16.491599,3.156200,3.158800,1.918100
1,1,40.037915,16.621299,2.646700,2.434900,2.057600
1,1,40.054605,16.690001,2.156500,2.774300,2.228400
1,1,40.072433,17.827701,2.294000,2.705400,2.147200
1,1,40.088340,15.907299,3.765400,3.360400,2.076900
1,1,40.104869,16.529299,3.097900,3.223500,2.326300
1,1,40.121658,16.788602,2.542600,3.298000,1.962500
1,1,40.138360,16.701598,2.907900,3.037600,1.917100
1,1,40.155268,16.908001,2.820700,2.913600,1.946600
1,1,40.171953,16.685102,2.901700,3.185100,1.903300
1,1,40.188697,16.744100,3.214300,3.193500,2.101100
1,1,40.205094,16.396798,3.084100,3.386100,2.428200
1,1,40.221567,16.472902,2.811600,3.706300,2.185100
1,1,40.238734,17.167397,2.448300,2.667000,2.221800
1,1,40.254838,16.103603,2.943600,3.513700,2.015000
1,1,40.271476,16.638398,2.481300,3.619400,2.022200
1,1,40.288373,16.897500,2.200100,3.217700,2.021900
1,1,40.304874,16.500100,2.669600,4.374100,2.106200
1,1,40.321631,16.757302,2.591700,2.549100,2.420500
1,1,40.338170,16.539000,2.979700,3.045000,1.762200
1,1,40.354939,16.768999,2.272500,3.136300,1.667000
1,1,40.371549,16.610101,2.362800,2.792300,1.940100
1,1,40.388257,16.707700,2.339100,2.947400,2.062200
1,1,40.404797,16.540799,2.490000,3.375600,1.718100
1,1,40.421351,16.553901,2.302500,2.493800,1.821000
1,1,40.438061,16.710099,2.031900,2.336600,1.865000
1,1,40.454872,16.810101,2.037400,3.012500,1.721400
1,1,40.471691,16.819600,1.989700,2.305600,1.599900
1,1,40.488351,16.660199,2.377300,2.249700,1.784800
1,1,40.505188,16.836800,2.595000,2.209700,2.062300
1,1,40.521774,16.585499,2.574200,3.389400,1.674600
1,1,40.538275,16.501401,2.551000,3.122100,1.516300
1,1,40.554982,16.707301,2.386200,2.397900,1.789100
1,1,40.571780,16.798198,2.299100,2.479800,1.758100
1,1,40.588431,16.650703,2.241200,3.203500,1.718300
1,1,40.605140,16.709298,2.552800,2.762600,1.865800
1,1,40.621854,16.713399,2.436900,3.155900,2.437300
1,1,40.638360,16.506203,2.526100,2.367300,2.083000
1,1,40.654945,16.584899,2.527700,3.116600,2.245300
1,1,40.671804,16.858801,2.789500,2.512000,1.856100
1,1,40.688544,16.739998,2.766100,3.186900,1.820300
1,1,40.705438,16.894400,2.825400,3.224100,2.142100
1,1,40.721924,16.486000,3.193100,3.735400,2.180900
1,1,40.738513,16.589299,2.776700,2.762700,2.028200
1,1,40.755113,16.599402,2.725600,3.397200,2.336900
1,1,40.771897,16.784400,2.493600,3.468600,1.847800
1,1,40.788771,16.874198,2.757600,3.798000,2.385900
1,1,40.805417,16.645003,3.422300,3.745600,2.354900
1,1,40.822216,16.798999,3.176900,3.696500,2.153600
1,1,40.838785,16.569499,3.614900,4.583900,2.297000
1,1,40.855113,16.327601,3.328300,3.357900,1.919800
1,1,40.871587,16.474098,3.680400,3.744800,2.461600
1,1,40.889374,17.787702,2.275500,2.779100,2.219300
1,1,40.905103,15.728198,4.208400,3.540400,2.558200
1,1,40.921962,16.858902,3.145300,3.571700,2.166400
1,1,40.938204,16.242698,3.030200,2.828900,1.887400
1,1,40.955111,16.906500,2.738000,3.158700,2.034100
1,1,40.971626,16.514901,2.412800,2.857000,1.920900
1,1,40.988346,16.720001,2.235000,3.265900,1.821400
1,1,41.005194,16.847901,2.554100,2.773000,1.693700
1,1,41.021514,16.320899,3.116900,2.520000,1.850600
1,1,41.038252,16.737700,2.254600,2.258600,1.572600
1,1,41.054981,16.728599,2.154400,2.353900,1.943200
1,1,41.071579,16.598202,2.087900,2.348200,1.595200
1,1,41.088328,16.748600,2.165800,3.010800,1.652800
1,1,41.105049,16.721699,2.263400,2.996100,1.678200
1,1,41.121575,16.525999,2.300700,2.872800,1.892200
1,1,41.138143,16.567703,2.308900,3.019900,1.682100
1,1,41.155403,17.260399,2.076400,2.418600,1.881200
1,1,41.171604,16.200200,2.469700,2.312100,1.736900
1,1,41.188442,16.838700,2.103500,2.639800,1.560400
1,1,41.204990,16.547900,2.617600,2.676700,1.652900
1,1,41.221591,16.601302,2.127900,2.404700,1.639000
1,1,41.238129,16.537800,2.257800,2.341200,1.627600
1,1,41.255256,17.127197,2.085900,2.466700,1.756000
1,1,41.271593,16.336299,2.490800,3.483300,2.006800
1,1,41.288426,16.833000,2.347100,2.614800,2.020000
1,1,41.305074,16.648203,2.347200,2.430800,1.634200
1,1,41.321505,16.431097,2.352100,2.359700,1.863700
1,1,41.338337,16.831800,2.227000,2.888800,1.722100
1,1,41.354931,16.594201,2.124900,2.238900,1.894300
1,1,41.371576,16.645301,2.165100,2.701900,1.644000
1,1,41.388274,16.698100,2.427800,2.444900,1.834600
1,1,41.404973,16.698100,2.686300,2.316600,1.683300
1,1,41.421784,16.811598,2.310300,3.821800,2.102700
1,1,41.438184,16.400002,2.625700,2.258300,1.787000
1,1,41.454912,16.728301,2.132700,2.771100,1.923100
1,1,41.471830,16.917698,2.453400,3.031000,1.511700
1,1,41.488394,16.563702,2.478400,2.976700,1.554100
1,1,41.504934,16.539797,2.259700,3.207400,1.558300
1,1,41.521609,16.675800,2.251800,3.439700,1.859200
1,1,41.538334,16.724300,1.915700,3.099600,1.590900
1,1,41.554977,16.643003,2.303800,2.977700,1.505000
1,1,41.571685,16.707998,2.085000,2.910100,1.949500
1,1,41.588684,16.999301,2.134200,2.386200,1.767900
1,1,41.604985,16.301002,2.690300,2.863400,2.224100
1,1,41.621737,16.752496,2.318100,2.658600,2.156300
1,1,41.638422,16.684704,2.221400,2.891900,1.937600
1,1,41.655177,16.754799,2.184800,2.799600,1.476800
1,1,41.671954,16.777400,2.314600,3.031200,1.862700
1,1,41.688450,16.495198,2.652200,2.504500,1.573300
1,1,41.705026,16.576100,2.609800,2.391000,1.895400
1,1,41.722191,17.165501,2.381400,2.959900,2.779400
1,1,41.738350,16.158503,2.611700,2.774500,1.725500
1,1,41.755099,16.749099,2.322100,2.691300,2.167600
1,1,41.771851,16.752601,2.379400,2.488300,1.705200
1,1,41.788455,16.603600,2.332900,2.999200,1.900800
1,1,41.805396,16.940597,3.175800,2.581900,2.132600
1,1,41.821791,16.395003,2.721600,2.966200,1.830700
1,1,41.838744,16.952898,2.693600,2.871200,2.335700
1,1,41.854970,16.226199,2.779100,3.002600,1.659900
1,1,41.871651,16.680900,2.186000,3.147400,2.007600
1,1,41.888738,17.087203,2.364700,3.013400,1.803100
1,1,41.905133,16.395200,2.810600,3.686300,1.831300
1,1,41.921626,16.492598,2.937100,2.947400,1.578000
1,1,41.938466,16.840700,2.173500,3.171200,1.816100
1,1,41.954976,16.509403,2.370900,2.386900,1.908400
1,1,41.971625,16.648799,2.185700,4.279700,1.998800
1,1,41.988328,16.703401,2.004100,2.445500,1.734300
1,1,42.004932,16.603798,2.073400,2.426500,2.513200
1,1,42.021768,16.836703,2.004400,2.905200,1.639700
1,1,42.038456,16.687699,2.169600,2.562200,2.201400
1,1,42.055509,17.052401,2.702100,3.442000,1.828700
1,1,42.071546,16.037699,2.834700,2.572700,1.974200
1,1,42.088391,16.844802,2.275400,2.173500,1.551800
1,1,42.104906,16.514998,2.225500,2.380000,1.826300
1,1,42.121697,16.791299,1.864700,2.455200,1.606100
1,1,42.138381,16.683601,2.346400,2.920400,1.529500
1,1,42.155229,16.847901,2.512700,2.982000,1.441300
1,1,42.171632,16.402800,2.501200,2.830000,1.698100
1,1,42.188239,16.606901,2.105800,2.347700,1.529500
1,1,42.205710,17.471701,2.060400,2.745500,1.453400
1,1,42.221524,15.813898,2.922400,2.488400,1.796900
1,1,42.238630,17.105799,2.095400,3.168700,1.791400
1,1,42.255008,16.378101,2.500600,2.965100,2.063700
1,1,42.271662,16.653500,2.103700,2.284600,1.987100
1,1,42.288320,16.658399,1.982000,3.249300,1.676500
1,1,42.305123,16.802698,2.262200,2.509700,1.430400
1,1,42.321766,16.643800,2.425200,2.419200,2.330200
1,1,42.338339,16.572703,2.422400,2.577500,1.721600
1,1,42.355431,17.091598,2.472600,2.329300,1.833500
1,1,42.371660,16.229700,2.701200,2.847100,1.840200
1,1,42.388352,16.691100,2.872100,2.962800,1.546900
1,1,42.404945,16.593002,2.155200,2.350600,1.789100
1,1,42.421579,16.634997,1.917700,2.281200,1.704800
1,1,42.438329,16.749904,2.052000,3.315700,1.533000
1,1,42.455077,16.748000,2.071800,3.219300,1.791800
1,1,42.471587,16.509999,2.206900,3.251400,1.606500
1,1,42.488805,17.217200,2.220900,2.323200,1.835900
1,1,42.505053,16.247999,2.818200,2.440600,1.658100
1,1,42.521853,16.800199,2.407200,3.697600,2.005300
1,1,42.538473,16.619802,2.363600,2.399800,1.622100
1,1,42.555076,16.603399,2.343200,3.135900,2.065600
1,1,42.571739,16.662601,2.320300,3.138400,1.908000
1,1,42.588731,16.992699,2.244300,3.116000,2.123200
1,1,42.605166,16.435102,2.772800,3.600600,2.001200
1,1,42.621764,16.597100,2.502900,2.695400,2.305900
1,1,42.638475,16.711298,2.173700,3.409300,1.771300
1,1,42.655127,16.652700,2.469600,2.854500,1.942400
1,1,42.671739,16.611703,2.309700,2.921900,1.855100
1,1,42.688442,16.702797,2.219000,2.357700,1.696100
1,1,42.705255,16.813200,2.369400,2.478000,2.096400
1,1,42.722264,17.008301,2.252000,3.216000,2.127000
1,1,42.738566,16.302802,3.746300,3.293900,1.968300
1,1,42.755203,16.636498,2.644600,3.057800,1.669500
1,1,42.772111,16.908400,2.598100,2.802000,2.031800
1,1,42.788767,16.655799,2.792700,2.503700,2.580700
1,1,42.805123,16.356103,2.584300,3.007800,1.941000
1,1,42.821688,16.564999,2.457900,2.973600,2.416000
1,1,42.838630,16.941600,2.150500,3.413300,1.784400
1,1,42.855157,16.527701,2.692500,3.621600,1.984700
1,1,42.871885,16.727600,2.512200,2.640700,1.979800
1,1,42.888923,17.037898,2.676400,3.279000,1.815300
1,1,42.905013,16.089801,3.216400,4.065400,2.605100
1,1,42.921687,16.674001,2.199600,3.212400,1.698300
1,1,42.938466,16.779300,2.218900,3.078200,1.812100
1,1,42.955247,16.780999,2.450200,3.285800,1.785800
1,1,42.971840,16.593300,2.278700,2.438000,1.921400
1,1,42.988519,16.679101,2.396400,2.650400,1.975000
1,1,43.005155,16.635299,2.545700,2.460300,2.017300
1,1,43.021831,16.676400,2.023700,2.461700,1.743300
1,1,43.038520,16.688600,2.244100,2.322300,2.050400
1,1,43.055256,16.735803,2.238500,2.512200,1.786400
1,1,43.076497,21.241497,2.691100,2.960900,2.042400
1,1,43.088640,12.143500,7.134200,3.249500,2.456600
1,1,43.105990,17.349999,2.733000,3.128400,1.597300
1,1,43.121967,15.976302,3.772400,3.125300,2.164000
1,1,43.138916,16.948897,2.771800,2.616900,1.906300
1,1,43.155168,16.251802,2.842200,3.532400,2.279500
1,1,43.172015,16.847800,2.445800,2.376700,1.804100
1,1,43.188625,16.609401,2.162300,2.631100,2.133000
1,1,43.205658,17.033298,2.352700,2.355000,1.632100
1,1,43.221936,16.278300,2.670700,3.329100,1.674800
1,1,43.238813,16.876802,2.676900,2.875400,1.718400
1,1,43.255290,16.476899,3.026000,3.449600,1.857700
1,1,43.272134,16.844399,2.417200,2.587200,2.059300
1,1,43.288634,16.499501,2.489200,3.481200,1.761800
1,1,43.305104,16.470499,2.707700,2.927200,2.075600
1,1,43.321949,16.844701,2.248500,2.824300,1.973900
1,1,43.338528,16.578898,3.089800,3.962200,1.866000
1,1,43.355373,16.845100,2.589200,2.595700,1.783700
1,1,43.371852,16.478799,2.400800,3.475200,1.875100
1,1,43.388534,16.682003,2.477300,2.847700,2.004000
1,1,43.405092,16.557701,2.459400,2.242300,1.585400
1,1,43.422007,16.915698,2.252600,2.521000,2.173900
1,1,43.438661,16.653899,2.454200,2.437500,1.989600
1,1,43.455241,16.580101,2.419200,2.446700,1.791900
1,1,43.471759,16.517799,2.274000,3.077800,2.083700
1,1,43.488547,16.788103,2.137400,2.498100,1.709000
1,1,43.505274,16.726900,2.336200,2.643300,1.764100
1,1,43.521888,16.613897,2.573300,3.410800,1.576500
1,1,43.538522,16.633801,2.820400,2.413200,1.764200
1,1,43.555153,16.631100,2.846200,3.819200,1.855300
1,1,43.571837,16.683899,2.306200,2.224300,1.734900
1,1,43.588359,16.521800,2.059000,2.284600,1.590700
1,1,43.605181,16.822100,1.820400,2.349000,1.613100
1,1,43.621766,16.585100,2.116600,2.359700,1.670000
1,1,43.638605,16.839400,2.127900,2.966600,1.425500
1,1,43.655134,16.528301,2.356800,3.097700,1.930400
1,1,43.671869,16.735502,2.134100,2.290300,1.666600
1,1,43.688496,16.626898,2.276500,3.374500,1.779100
1,1,43.705272,16.776599,2.443700,2.640100,1.688700
1,1,43.721810,16.537100,2.305300,2.903900,2.356600
1,1,43.738653,16.843300,2.327400,2.902300,1.733300
1,1,43.755272,16.619101,2.745200,2.828300,1.627200
1,1,43.772038,16.765799,2.652500,2.983400,1.778300
1,1,43.788390,16.352002,2.616500,2.716500,1.595200
1,1,43.805072,16.681999,2.248300,3.318700,1.565100
1,1,43.821850,16.778000,1.932200,2.999400,1.877200
1,1,43.838312,16.461901,2.169900,2.478900,1.609700
1,1,43.855248,16.936399,2.078100,2.378400,1.637100
1,1,43.871726,16.477700,2.177000,2.320600,1.838700
1,1,43.888595,16.869098,2.127800,2.836700,2.066400
1,1,43.905255,16.659703,2.249000,2.600600,2.104800
1,1,43.921998,16.743198,2.317100,2.765600,1.790300
1,1,43.938588,16.589701,2.509100,3.387600,2.050000
1,1,43.955660,17.072998,2.434300,2.311800,1.629700
1,1,43.972048,16.387302,2.759600,3.550100,1.660500
1,1,43.989034,16.986597,3.918700,2.205400,1.738400
1,1,44.005159,16.124401,2.486600,3.089400,1.739100
1,1,44.021815,16.655799,2.257500,2.339000,1.511200
1,1,44.038431,16.615901,2.955700,2.876900,1.690700
1,1,44.055273,16.842101,2.500200,2.530400,1.890600
1,1,44.071924,16.651299,2.474500,3.150200,1.723900
1,1,44.088552,16.628299,2.376500,2.308600,1.516700
1,1,44.105258,16.705703,2.695900,2.375600,1.611900
1,1,44.121943,16.685199,2.483100,2.344500,1.930400
1,1,44.138549,16.606200,2.263600,2.847800,1.547900
1,1,44.155109,16.559899,2.324700,2.393000,1.856100
1,1,44.172092,16.982801,2.292200,2.215700,1.614800
1,1,44.188542,16.449500,2.820700,3.179100,1.765200
1,1,44.205145,16.603097,2.335500,2.207400,1.917100
1,1,44.221723,16.577903,2.057900,3.210600,2.140000
1,1,44.238625,16.902197,2.158500,2.127200,1.547000
1,1,44.255078,16.453702,2.283300,2.604600,1.938600
1,1,44.272131,17.052200,2.341300,2.336200,1.833600
1,1,44.288516,16.385801,2.279700,3.126500,1.642400
1,1,44.305459,16.943097,2.235400,2.979700,1.676400
1,1,44.321912,16.452402,2.456100,2.614000,1.732200
1,1,44.338658,16.745698,2.283200,3.035100,1.542400
1,1,44.355231,16.573500,2.366300,3.146600,1.733400
1,1,44.371689,16.458303,2.358700,3.328000,1.762900
1,1,44.388600,16.911000,1.960900,2.498100,1.458400
1,1,44.405003,16.402598,2.453400,2.282800,1.955800
1,1,44.421907,16.904302,1.882900,2.296500,1.650700
1,1,44.438535,16.627800,2.316400,2.304800,1.950100
1,1,44.456503,17.967399,2.342200,2.213700,1.586900
1,1,44.471774,15.271399,3.716600,2.711400,1.802700
1,1,44.488732,16.958199,2.517200,2.245600,2.048900
1,1,44.505105,16.372699,2.314300,3.314000,1.888400
1,1,44.521766,16.661301,2.181200,2.293600,1.587300
1,1,44.538487,16.720902,2.413400,2.246500,1.471500
1,1,44.555174,16.686697,2.317900,2.452200,1.627300
1,1,44.571847,16.673703,2.167700,2.880900,1.510600
1,1,44.588367,16.520098,2.272600,3.792300,1.898300
1,1,44.605201,16.833201,1.897300,2.311400,1.521600
1,1,44.621665,16.463999,2.461500,3.002900,1.788700
1,1,44.638579,16.913801,2.125100,2.287800,1.374200
1,1,44.655141,16.562000,2.314100,3.273000,1.885300
1,1,44.672036,16.895499,2.453000,2.258200,1.799100
1,1,44.688510,16.474400,2.517100,2.487600,1.813100
1,1,44.705182,16.671203,2.370700,2.825500,1.740700
1,1,44.721786,16.604699,2.268500,3.019100,1.850900
1,1,44.738414,16.628198,2.110500,2.650800,1.774300
1,1,44.755275,16.860701,2.041500,2.667800,2.057300
1,1,44.771695,16.419899,2.222200,2.343100,1.655400
1,1,44.788652,16.957000,2.021200,2.433800,1.516400
1,1,44.804996,16.344301,2.700800,2.465500,1.763100
1,1,44.821898,16.902000,2.502000,2.140900,1.761000
1,1,44.838304,16.405899,2.047600,3.300200,1.917400
1,1,44.855407,17.102301,2.016400,2.295800,1.427400
1,1,44.871787,16.380299,2.648000,2.973500,1.850900
1,1,44.888999,17.211899,3.004300,2.358000,1.671400
1,1,44.905285,16.286101,2.482000,2.746600,1.796900
1,1,44.922308,17.023299,2.081800,2.395300,1.862300
1,1,44.938976,16.667701,2.334000,2.772200,1.488700
1,1,44.955860,16.884301,2.307100,2.459300,1.574600
1,1,44.972183,16.322900,3.383300,2.561100,1.347000
1,1,44.988863,16.679801,2.042400,2.895600,1.769700
1,1,45.005503,16.640298,2.180700,2.209300,1.519200
1,1,45.022055,16.551599,2.212300,2.524500,2.136000
1,1,45.039123,17.068103,2.192700,2.222600,1.777600
1,1,45.055434,16.311198,2.448300,3.066400,1.801200
1,1,45.072338,16.904302,2.243500,2.415700,1.568600
1,1,45.089093,16.754899,2.341400,2.922900,1.936600
1,1,45.105650,16.556300,2.714700,3.389200,2.193000
1,1,45.123596,17.946798,3.424800,3.298400,1.652400
1,1,45.139217,15.620902,3.477200,3.337500,2.253100
1,1,45.155617,16.399700,3.150500,3.322800,2.083900
1,1,45.172141,16.523797,2.623400,2.982300,1.647000
1,1,45.189107,16.965702,2.291900,2.223900,1.551300
1,1,45.205616,16.509101,2.331100,2.631000,1.926900
1,1,45.222396,16.780797,2.296900,2.337100,1.565900
1,1,45.238903,16.506702,2.390600,2.890400,2.302000
1,1,45.255863,16.960397,2.364900,2.482600,1.787900
1,1,45.272278,16.415000,2.544300,3.270700,1.749100
1,1,45.289244,16.965002,3.068000,2.535800,1.695800
1,1,45.305607,16.363300,2.697400,2.622200,2.331600
1,1,45.322718,17.110799,2.486300,2.560100,1.735600
1,1,45.339221,16.503401,2.891500,2.627300,1.677600
1,1,45.355545,16.323902,2.757400,2.531100,2.069000
1,1,45.372378,16.833000,2.242900,2.381300,1.445600
1,1,45.388921,16.543198,2.260900,2.632400,2.069000
1,1,45.405746,16.825300,2.352700,2.470800,1.762200
1,1,45.422243,16.496502,2.443000,3.519000,1.965500
1,1,45.439529,17.285798,2.508400,2.298100,1.479200
1,1,45.455653,16.124602,3.092700,3.310200,1.710600
1,1,45.472259,16.605597,2.659800,2.608000,1.905000
1,1,45.489012,16.753502,2.356600,2.828700,1.662500
1,1,45.505567,16.554199,2.672300,2.693500,1.796100
1,1,45.522255,16.688399,2.346700,2.940800,1.581600
1,1,45.539262,17.006502,2.264700,2.836300,1.822200
1,1,45.557444,18.182497,2.859600,2.518700,1.844300
1,1,45.572205,14.761101,4.112100,2.873400,2.110600
1,1,45.589212,17.007001,2.681900,2.453000,1.827600
1,1,45.605584,16.371999,2.541200,2.905100,1.925500
1,1,45.622422,16.838200,2.253000,2.799000,1.857100
1,1,45.638858,16.435400,2.436400,4.292500,2.088500
1,1,45.655716,16.858399,2.531700,3.101100,1.912700
1,1,45.672183,16.466502,2.307600,3.188000,2.123800
1,1,45.689007,16.824201,2.208200,3.133100,1.519100
1,1,45.705622,16.615201,2.175200,3.990600,1.809800
1,1,45.722428,16.805500,3.314700,2.236800,1.572200
1,1,45.738910,16.482498,2.461000,2.988400,1.619000
1,1,45.755722,16.811501,2.452700,2.552100,1.585800
1,1,45.772270,16.548198,2.461500,3.125100,1.659200
1,1,45.788792,16.522601,2.295100,2.836900,1.499700
1,1,45.805544,16.751301,2.078200,2.416500,1.840500
1,1,45.822133,16.589001,1.946200,4.317700,1.610600
1,1,45.838880,16.747400,2.033300,2.223700,1.707300
1,1,45.855448,16.568400,1.965700,3.476900,1.682700
1,1,45.872235,16.786799,1.999200,2.269500,1.574700
1,1,45.888826,16.591098,2.034200,3.653000,1.841900
1,1,45.905642,16.815800,2.048900,2.304700,1.560500
1,1,45.922312,16.670302,2.095600,2.573700,1.638800
1,1,45.939110,16.797699,2.532100,2.363400,1.523100
1,1,45.955542,16.432099,2.952600,2.701900,1.711200
1,1,45.972137,16.594402,2.454300,2.369000,2.242800
1,1,45.989042,16.905300,2.003200,2.265600,1.563700
1,1,46.005435,16.393099,2.183700,3.062400,1.788200
1,1,46.022886,17.451201,2.011100,2.133700,1.388600
1,1,46.038951,16.064897,2.817400,3.315000,1.973800
1,1,46.055594,16.643200,2.416100,2.363000,1.688200
1,1,46.072114,16.519703,2.206700,2.902500,1.989800
1,1,46.089054,16.939599,1.890400,2.226800,1.691800
1,1,46.105876,16.822498,2.323000,3.025300,1.874000
1,1,46.122659,16.782600,2.572900,3.406100,1.685700
1,1,46.139015,16.355801,2.636100,3.428000,1.571900
1,1,46.155500,16.485199,2.458600,2.501600,1.928100
1,1,46.172252,16.752701,1.960400,2.360200,1.574700
1,1,46.188849,16.596898,2.127200,2.928400,1.892200
1,1,46.205729,16.880002,2.195200,2.233700,1.518500
1,1,46.222300,16.571000,2.204800,3.385900,1.982900
1,1,46.239071,16.770300,2.329000,2.622200,1.887600
1,1,46.255397,16.325898,2.349100,2.649700,1.651300
1,1,46.272238,16.841300,2.192500,2.371400,1.703500
1,1,46.288921,16.683400,2.039000,2.624300,1.653700
1,1,46.305493,16.572200,2.348500,2.575600,1.723900
1,1,46.322175,16.681500,2.098700,2.587200,1.832800
1,1,46.338920,16.744703,2.248900,3.576300,1.572700
1,1,46.355530,16.610499,2.295800,3.046400,1.890600
1,1,46.372035,16.505398,2.219300,2.286800,1.783200
1,1,46.389628,17.592601,1.924300,2.835700,1.569800
1,1,46.405610,15.981600,2.548400,2.608300,2.052800
1,1,46.422406,16.796101,2.003900,2.252000,1.557600
1,1,46.439013,16.607199,2.243000,3.549600,1.872600
1,1,46.455903,16.889799,2.161000,2.333900,1.567700
1,1,46.472320,16.417500,2.375200,2.792600,1.910100
1,1,46.489339,17.018400,2.331400,2.202600,1.613300
1,1,46.505646,16.307700,2.329800,3.289000,2.020100
1,1,46.522560,16.913500,3.177000,3.071700,1.668200
1,1,46.539109,16.548902,2.399900,3.093300,1.662100
1,1,46.555919,16.810197,2.447300,2.368900,1.829200
1,1,46.572393,16.474500,2.507200,2.907200,1.590100
1,1,46.588908,16.514402,2.340700,2.424600,1.597500
1,1,46.605880,16.971599,2.023500,2.343800,1.770800
1,1,46.622294,16.414702,2.728900,2.328800,1.846400
1,1,46.639069,16.775098,2.000600,2.723000,1.611900
1,1,46.655793,16.724002,2.181900,3.383200,1.972000
1,1,46.672578,16.784199,2.234500,2.573800,1.630800
1,1,46.689088,16.510200,2.804300,3.368500,1.926600
1,1,46.706021,16.933300,2.589800,2.406100,1.588500
1,1,46.722338,16.316701,2.710100,3.175400,1.924000
1,1,46.739220,16.882300,2.638100,2.237900,1.427200
1,1,46.755572,16.351901,2.343800,3.039900,1.825100
1,1,46.772351,16.779497,2.325700,2.328100,1.940300
1,1,46.788993,16.641103,2.228400,2.853500,2.318500
1,1,46.805591,16.598798,2.329600,2.701400,1.670900
1,1,46.822406,16.814899,2.022300,2.929700,1.733400
1,1,46.839118,16.711503,2.148800,2.607300,1.484000
1,1,46.855710,16.591799,2.288400,2.904300,1.527200
1,1,46.872267,16.557802,2.221300,2.916200,1.914600
1,1,46.889685,17.418098,2.315300,2.608200,1.610300
1,1,46.905785,16.099401,3.446800,3.308800,2.001200
1,1,46.922564,16.779099,2.632700,2.539800,1.672800
1,1,46.938989,16.425002,2.442600,2.813600,1.790900
1,1,46.955942,16.953200,2.221100,2.994200,1.907800
1,1,46.972391,16.449198,2.560400,2.978300,1.847600
1,1,46.989060,16.668301,2.148700,3.003100,1.477700
1,1,47.005710,16.649999,2.182600,2.600300,1.746300
1,1,47.022374,16.664002,2.645400,2.756300,1.791400
1,1,47.039245,16.871300,2.360500,3.594500,1.554900
1,1,47.055782,16.536698,2.507800,2.597900,1.459700
1,1,47.072406,16.624600,2.875800,2.855500,1.789000
1,1,47.089419,17.012801,2.231600,2.378700,2.024900
1,1,47.105734,16.315103,2.710200,2.624700,1.763000
1,1,47.122573,16.838398,2.203100,2.572100,2.142400
1,1,47.139256,16.683802,2.418100,3.724500,1.949100
1,1,47.155826,16.569298,2.595900,3.107500,1.785800
1,1,47.172495,16.669899,2.273700,3.259200,1.590200
1,1,47.188897,16.401801,2.535600,2.434000,1.921700
1,1,47.205735,16.838100,1.869900,2.662400,1.635000
1,1,47.222262,16.526800,2.047200,2.357500,1.664100
1,1,47.239211,16.948599,2.016100,3.146400,1.868600
1,1,47.255948,16.737301,2.489200,3.513500,2.010600
1,1,47.272455,16.506702,3.086800,2.915400,2.094100
1,1,47.289059,16.603798,2.504800,2.631500,2.143700
1,1,47.305814,16.755503,2.232100,3.146500,1.856600
1,1,47.322620,16.805999,2.239400,2.684900,2.205500
1,1,47.339244,16.623400,2.634000,3.251500,1.776000
1,1,47.355667,16.423699,2.801600,2.965700,1.644000
1,1,47.372499,16.832102,2.144900,2.713200,2.155300
1,1,47.389226,16.727097,2.198500,2.697800,1.688000
1,1,47.405869,16.642500,2.698300,3.356500,1.599600
1,1,47.422375,16.506303,2.389800,3.169200,2.130600
1,1,47.439064,16.689099,2.476100,3.690900,1.919000
1,1,47.455878,16.814001,2.320100,3.249000,1.693000
1,1,47.472486,16.608197,2.493600,3.593500,1.994100
1,1,47.489504,17.017502,2.522300,3.097600,1.712100
1,1,47.505944,16.439799,2.992000,3.207000,1.647800
1,1,47.522396,16.451798,2.668400,3.101100,1.966200
1,1,47.539063,16.667500,2.178000,3.100300,1.845900
1,1,47.555931,16.867701,2.498100,3.271800,1.468300
1,1,47.572559,16.628198,2.523700,2.630600,1.534300
1,1,47.589092,16.533203,2.547200,3.361800,1.571500
1,1,47.605772,16.679998,2.222600,2.356100,1.838100
1,1,47.622598,16.825698,1.904200,3.894500,1.996600
1,1,47.639188,16.590200,2.381600,2.380200,1.843800
1,1,47.655961,16.772799,2.145900,2.607300,1.818600
1,1,47.672616,16.655203,2.155400,3.258800,2.078100
1,1,47.689386,16.770199,2.532600,2.960200,1.894200
1,1,47.705933,16.546499,2.834900,3.106300,2.053900
1,1,47.722861,16.927700,2.875500,3.053400,2.231900
1,1,47.739409,16.548399,2.879600,4.785400,2.166700
1,1,47.756003,16.594503,2.913500,3.147200,2.086800
1,1,47.772557,16.553298,2.341300,2.984300,2.031800
1,1,47.789411,16.853999,2.496400,2.555000,1.918000
1,1,47.805792,16.381800,2.543800,2.679500,2.072800
1,1,47.822581,16.788501,2.242300,2.808300,2.073800
1,1,47.839253,16.671799,2.326600,3.837300,2.286700
1,1,47.856136,16.882800,2.587300,2.922300,2.379700
1,1,47.872772,16.636699,2.543000,3.533400,1.864500
1,1,47.889540,16.767602,3.011200,3.513400,2.217500
1,1,47.905951,16.410701,2.928800,2.937300,2.066100
1,1,47.922468,16.517397,2.676500,2.712000,1.925500
1,1,47.939384,16.916301,2.431900,2.604500,2.166700
1,1,47.955854,16.469602,2.700400,3.068700,1.885500
1,1,47.972378,16.523700,2.414800,3.141900,1.887600
1,1,47.989507,17.129298,2.173400,4.012500,2.097600
1,1,48.005871,16.364500,2.738800,3.347900,1.882100
1,1,48.022576,16.704399,2.514900,3.093000,2.182400
1,1,48.039204,16.628001,2.300200,2.746300,2.003400
1,1,48.055813,16.609099,2.888300,3.282600,1.939000
1,1,48.072789,16.975701,2.282900,3.990100,1.967300
1,1,48.089303,16.514100,2.719400,3.298600,1.723800
1,1,48.106693,17.390501,2.587500,3.089700,2.320200
1,1,48.122514,15.820500,3.003000,3.074800,1.999800
1,1,48.142817,20.303100,2.178600,2.466100,1.998700
1,1,48.155949,13.131801,5.915500,2.818900,2.287700
1,1,48.172564,16.615100,2.460100,3.903100,2.123900
1,1,48.189362,16.798098,2.578400,3.188500,1.826600
1,1,48.206073,16.711403,2.832500,3.113000,1.837200
1,1,48.222932,16.858798,3.362400,2.589400,2.029200
1,1,48.239959,17.026599,2.896200,3.329100,2.476500
1,1,48.256577,16.618900,4.027200,3.595600,2.324700
1,1,48.273140,16.562600,3.436500,3.434200,2.163900
1,1,48.289728,16.588401,3.422000,3.203400,2.267500
1,1,48.306518,16.789902,4.117200,3.761200,2.451100
1,1,48.322944,16.425099,3.555100,3.849800,2.660100
1,1,48.339704,16.760599,3.380900,3.351400,2.545200
1,1,48.356917,17.212901,3.333200,3.082700,2.373100
1,1,48.372785,15.867699,3.855800,3.120200,2.455200
1,1,48.389863,17.078400,3.125000,3.604200,2.886700
1,1,48.406013,16.150001,3.245600,3.155700,2.458700
1,1,48.422644,16.630400,2.819600,4.850600,2.276300
1,1,48.439384,16.740799,2.767800,3.246500,2.735600
1,1,48.455982,16.597901,2.764200,2.668400,2.764700
1,1,48.472796,16.814101,2.396400,2.735200,1.959200
1,1,48.489405,16.608797,2.791300,3.315500,1.743000
1,1,48.505943,16.538102,3.141900,3.297700,1.875500
1,1,48.522705,16.762298,2.548600,3.649100,1.908000
1,1,48.539224,16.518302,2.457700,2.399900,1.480700
1,1,48.555776,16.552400,2.367800,2.573700,1.748700
1,1,48.572402,16.625401,2.147700,2.412300,1.615500
1,1,48.589217,16.815800,2.009800,2.229500,2.482600
1,1,48.605912,16.695097,2.210400,3.184700,1.709400
1,1,48.622450,16.537402,2.470400,3.323700,2.105700
1,1,48.639614,17.163798,2.376200,2.429000,2.044000
1,1,48.656084,16.470000,2.730500,2.407700,2.133300
1,1,48.672486,16.402002,2.566600,3.339000,1.806400
1,1,48.689194,16.708199,2.308900,3.191800,1.634100
1,1,48.705775,16.580898,2.228500,3.255400,2.002600
1,1,48.722581,16.806103,2.357700,2.712900,1.987600
1,1,48.739356,16.774897,2.462100,2.923900,1.911200
1,1,48.755932,16.576502,2.647600,2.628000,1.624200
1,1,48.772599,16.666599,2.403900,2.658100,1.918300
1,1,48.789368,16.768802,2.649700,2.473000,1.793800
1,1,48.805659,16.290799,2.478200,2.608100,2.343500
1,1,48.822441,16.782001,1.716400,2.448800,1.773500
1,1,48.839101,16.660500,1.986800,3.640400,1.566700
1,1,48.855946,16.845498,1.972800,3.185700,1.659000
1,1,48.872648,16.701501,2.396000,3.310600,1.952500
1,1,48.889500,16.852200,2.627800,2.473700,2.062400
1,1,48.905934,16.433701,2.714400,2.745400,1.824800
1,1,48.922482,16.548198,2.348500,2.852400,1.747200
1,1,48.939246,16.763702,2.339600,2.238400,1.964700
1,1,48.955946,16.700000,2.073900,2.470100,1.529500
1,1,48.972337,16.391098,2.230600,2.688400,1.649500
1,1,48.989332,16.995203,2.170200,2.774400,1.625900
1,1,49.005892,16.559698,2.339900,3.173900,2.090400
1,1,49.022421,16.529601,2.496100,2.708400,2.052500
1,1,49.039153,16.731698,2.136800,2.581800,2.308700
1,1,49.055784,16.630802,2.151500,2.729100,2.088400
1,1,49.072783,16.998999,2.824600,3.222900,1.775700
1,1,49.089191,16.408399,2.790900,3.090700,1.988000
1,1,49.105961,16.769301,2.630800,2.400500,1.988200
1,1,49.122566,16.605701,2.290600,2.790500,1.727100
1,1,49.139221,16.654599,2.435000,2.473800,1.551700
1,1,49.156193,16.972501,2.284600,2.600500,1.607300
1,1,49.172591,16.397800,2.415300,2.594600,1.566500
1,1,49.189286,16.695000,2.513000,2.794600,1.452900
1,1,49.205953,16.666897,2.281600,2.400800,1.582800
1,1,49.222719,16.766101,2.301400,2.826200,1.529700
1,1,49.239282,16.562801,2.673300,2.719700,1.626000
1,1,49.256338,17.055999,2.205500,3.383100,1.892900
1,1,49.272708,16.370401,2.705400,3.977800,2.224300
1,1,49.289447,16.738500,2.588200,3.449700,1.894900
1,1,49.306021,16.574498,3.291400,2.523000,2.397800
1,1,49.323397,17.375901,2.622600,3.108100,1.964800
1,1,49.339333,15.935298,3.051200,3.437800,2.083500
1,1,49.356200,16.867403,2.643400,2.460800,2.131100
1,1,49.372601,16.401000,2.439100,2.976700,2.299200
1,1,49.389517,16.915798,2.292900,2.396400,1.559700
1,1,49.405911,16.394101,2.389300,3.153400,1.911700
1,1,49.422864,16.953498,2.482700,2.382900,1.725500
1,1,49.439299,16.435001,2.377300,2.610400,2.242800
1,1,49.455891,16.591500,2.551300,2.427100,1.901300
1,1,49.472648,16.757399,1.967800,2.463000,1.974600
1,1,49.489723,17.075002,2.224600,2.525800,1.822400
1,1,49.506220,16.496897,2.739800,3.038100,1.671000
1,1,49.522896,16.675901,3.436600,2.488600,2.042000
1,1,49.539735,16.838800,2.552000,2.889900,1.505400
1,1,49.556031,16.295601,2.616100,3.230600,1.615000
1,1,49.572759,16.728599,2.371200,2.955900,1.677000
1,1,49.589226,16.467202,2.158900,2.876900,1.787400
1,1,49.607245,18.018499,2.074200,2.267200,1.517900
1,1,49.622793,15.547801,3.316200,3.076300,1.867800
1,1,49.639474,16.681198,2.428200,2.301400,1.458200
1,1,49.656160,16.686700,2.606900,2.595300,1.960900
1,1,49.672965,16.804099,2.869000,2.866500,1.925000
1,1,49.689278,16.313802,2.803400,3.127600,1.978100
1,1,49.706140,16.861998,2.336100,2.442600,1.525700
1,1,49.722722,16.581200,2.168700,2.775700,1.657300
1,1,49.739720,16.998403,2.228900,2.174600,1.526700
1,1,49.756029,16.308598,2.569400,3.025000,1.854400
1,1,49.772865,16.836800,2.324100,2.275500,1.485600
1,1,49.789338,16.472399,2.455000,2.603300,2.080200
1,1,49.806134,16.796503,2.289100,2.372100,1.517800
1,1,49.822684,16.549200,2.218400,2.784800,1.905500
1,1,49.839682,16.998697,2.324900,2.265200,1.565000
1,1,49.856033,16.350903,2.517900,2.960600,1.945500
1,1,49.872596,16.562600,2.284600,2.742200,1.582700
1,1,49.889414,16.818598,1.912700,3.230200,1.829900
1,1,49.906159,16.744900,2.196200,2.237100,1.803000
1,1,49.922692,16.532701,2.209900,3.184300,1.643100
1,1,49.939297,16.604900,2.675800,2.458200,1.354900
1,1,49.956149,16.851801,2.050300,2.745800,1.871300
1,1,49.972700,16.551599,2.476800,2.500700,2.013800
1,1,49.989437,16.736399,2.118700,2.766700,1.605300
1,1,50.006552,17.115600,2.109900,4.492700,1.558900
1,1,50.022903,16.351100,2.797200,2.244100,1.752500
1,1,50.039203,16.300101,2.222500,2.996700,1.452400
1,1,50.056376,17.172698,2.503000,2.252900,1.458900
1,1,50.072670,16.293701,2.212000,2.983300,2.352500
1,1,50.089424,16.754001,2.136600,2.218600,1.608500
1,1,50.106215,16.791601,2.092400,2.930300,1.917100
1,1,50.122804,16.588200,2.255000,3.154300,1.868000
1,1,50.139585,16.780898,2.227900,3.114100,1.895700
1,1,50.156527,16.942699,2.539700,3.021600,2.141700
1,1,50.172941,16.413603,2.950600,3.348800,1.766900
1,1,50.189773,16.832098,2.784000,3.150700,2.620200
1,1,50.207729,17.955601,3.210700,3.457100,2.400800
1,1,50.222966,15.237600,4.491400,3.829800,2.397800
1,1,50.239574,16.608201,3.106700,2.898000,2.186700
1,1,50.256487,16.912900,4.156500,2.970200,1.985200
1,1,50.272929,16.441900,3.000800,3.924900,2.071000
1,1,50.289740,16.811300,2.981900,3.032300,1.997700
1,1,50.306211,16.470999,2.867000,3.636600,1.881200
1,1,50.322710,16.498398,2.380700,3.830200,2.398600
1,1,50.339470,16.760401,2.182800,3.376900,1.874800
1,1,50.356182,16.711999,2.397000,3.169100,2.336600
1,1,50.372847,16.664702,2.509300,2.851400,2.411100
1,1,50.389366,16.518798,2.498000,2.603600,2.323300
1,1,50.406185,16.819101,2.415700,2.959100,2.210700
1,1,50.422803,16.618002,2.378100,3.509600,1.937000
1,1,50.439676,16.872700,2.660800,3.004800,1.570300
1,1,50.455955,16.279597,2.608000,2.606800,1.892700
1,1,50.472558,16.602401,2.612700,2.468000,1.716200
1,1,50.489335,16.777400,2.052700,3.610800,1.909500
1,1,50.506105,16.769901,2.130900,2.429700,1.485700
1,1,50.522905,16.800698,2.264000,2.455000,1.956300
1,1,50.539488,16.582403,2.545700,3.147100,2.745100
1,1,50.556056,16.568199,2.184300,3.199100,1.948300
1,1,50.572710,16.654301,2.243500,3.109200,1.707200
1,1,50.589597,16.886700,2.589500,2.663000,2.317400
1,1,50.606254,16.656697,2.430400,2.608100,2.042900
1,1,50.622785,16.531203,2.998100,3.516500,2.235200
1,1,50.639690,16.905397,2.331700,2.481600,1.901700
1,1,50.656016,16.325802,2.561600,2.929100,2.144300
1,1,50.673097,17.080601,2.430700,4.140700,2.077000
1,1,50.689537,16.439799,2.823100,3.201000,2.336000
1,1,50.706643,17.106701,2.626000,2.917500,2.096100
1,1,50.722801,16.157400,2.943900,3.241900,2.293500
1,1,50.739429,16.628098,2.488700,3.618400,2.146100
1,1,50.756421,16.991802,2.414800,3.362700,2.590000
1,1,50.773047,16.626500,2.738300,3.831500,2.829800
1,1,50.789764,16.717099,3.135100,4.294500,2.545400
1,1,50.806170,16.406100,2.995300,3.498400,2.184000
1,1,50.822955,16.784202,3.084300,3.286800,2.161100
1,1,50.839686,16.731698,2.723100,3.137800,2.076900
1,1,50.855945,16.259201,2.729700,2.788800,2.083500
1,1,50.872740,16.794801,1.888400,3.421000,1.717500
1,1,50.889801,17.060798,2.387400,3.179800,1.989600
1,1,50.906257,16.456202,3.122300,2.876900,2.079000
1,1,50.923037,16.779400,2.541700,3.588500,2.060600
1,1,50.939425,16.388100,2.584900,3.468600,2.025600
1,1,50.956340,16.915701,2.302300,2.654200,2.031600
1,1,50.972753,16.412299,2.586000,2.902900,1.968000
1,1,50.989290,16.537599,2.395100,3.576900,2.114400
1,1,51.006095,16.805198,2.244500,2.642400,1.952800
1,1,51.022691,16.596001,2.014700,4.502000,2.167500
1,1,51.039705,17.013103,2.407600,2.563100,1.846100
1,1,51.056265,16.560700,2.951300,2.928100,2.151900
1,1,51.072858,16.592398,2.690500,3.403100,2.144700
1,1,51.089936,17.077900,2.529500,3.611600,2.383700
1,1,51.106317,16.380999,3.155900,3.751800,2.336500
1,1,51.123377,17.060801,2.898800,3.367200,2.647200
1,1,51.140082,16.704898,3.857400,3.492500,2.183500
1,1,51.155952,15.869603,3.520800,2.981800,2.031500
1,1,51.172668,16.715799,2.633600,2.532800,1.846900
1,1,51.189425,16.757600,2.070100,3.028300,2.085600
1,1,51.206130,16.704500,2.235500,3.085900,1.974800
1,1,51.222709,16.578998,2.333000,3.109500,2.373200
1,1,51.240086,17.377503,2.632000,2.896800,1.954300
1,1,51.256258,16.171198,3.511800,3.156900,2.081100
1,1,51.272829,16.571999,2.534800,2.845000,1.915900
1,1,51.289632,16.802002,2.422200,3.008800,2.492000
1,1,51.306585,16.953498,3.175700,3.730200,2.034700
1,1,51.322723,16.137902,2.971700,3.808200,2.235700
1,1,51.339592,16.869400,2.490900,2.729900,2.285200
1,1,51.356036,16.443901,2.612300,3.281600,2.015300
1,1,51.373299,17.263200,2.127300,2.639700,1.869100
1,1,51.389391,16.091198,2.950100,3.862300,1.958500
1,1,51.406128,16.736902,2.374900,2.663900,1.742500
1,1,51.422736,16.608000,2.380600,3.247600,1.892100
1,1,51.439473,16.737700,2.386100,3.068700,1.573500
1,1,51.456105,16.631801,2.379300,3.601900,2.192600
1,1,51.473044,16.939301,2.398200,2.999300,2.183500
1,1,51.489582,16.537298,2.460000,3.112900,1.861600
1,1,51.506112,16.530402,2.218300,2.981300,1.793900
1,1,51.522635,16.523000,2.529400,2.954700,1.734000
1,1,51.539415,16.779598,2.310700,3.958800,2.192400
1,1,51.555961,16.546600,2.990600,3.432600,1.691800
1,1,51.572627,16.666301,1.923200,2.640000,1.821700
1,1,51.589365,16.737800,1.998700,2.934200,1.627300
1,1,51.606032,16.666800,1.870300,3.034800,1.558700
1,1,51.622782,16.750302,2.459100,2.556500,2.062300
1,1,51.639205,16.422100,2.119200,2.694400,1.595000
1,1,51.656220,17.015699,1.728200,2.490900,1.762100
1,1,51.672746,16.526200,2.452300,2.829800,1.896700
1,1,51.689655,16.908899,2.606800,3.737600,1.726400
1,1,51.705948,16.292300,2.516100,2.371100,1.555700
1,1,51.722733,16.785599,1.854400,2.576800,1.740600
1,1,51.739306,16.572401,2.097800,2.441000,1.944400
1,1,51.756026,16.720399,1.825800,2.371600,1.603400
1,1,51.772789,16.762502,1.959600,2.721800,2.014800
1,1,51.789346,16.557597,2.553000,2.766400,1.969000
1,1,51.805997,16.651202,2.247800,2.629700,1.690400
1,1,51.822766,16.768899,2.133500,2.594100,1.731900
1,1,51.839283,16.517200,2.066100,2.365000,1.793100
1,1,51.856449,17.165203,1.888400,2.518700,1.706600
1,1,51.872932,16.483299,2.360200,2.932300,1.753600
1,1,51.889920,16.988598,2.220900,2.784600,2.290600
1,1,51.906225,16.304702,2.635200,2.964400,1.958700
1,1,51.922848,16.623098,2.275500,3.024400,1.711300
1,1,51.939390,16.541202,2.252600,2.400700,1.531800
1,1,51.956180,16.790401,1.910700,3.006400,1.383900
1,1,51.972893,16.712699,2.002800,2.473800,2.392800
1,1,51.989430,16.536999,2.551100,2.772000,1.486400
1,1,52.006344,16.914800,1.714700,2.342100,1.591600
1,1,52.022916,16.572099,1.992800,2.362700,1.681500
1,1,52.040270,17.353103,1.871300,2.966200,1.882300
1,1,52.056352,16.082097,2.795600,2.659900,1.708400
1,1,52.072982,16.630102,2.328100,2.691400,1.484800
1,1,52.089613,16.631301,2.164700,2.503700,1.647100
1,1,52.106317,16.703498,2.128600,3.043200,1.752200
1,1,52.122844,16.527101,2.221000,2.968600,2.018600
1,1,52.139552,16.707998,2.220000,2.698000,1.645300
1,1,52.156208,16.656101,1.837700,2.859500,1.846200
1,1,52.173051,16.842701,2.135700,2.419700,1.773100
1,1,52.189594,16.543802,2.064900,2.470200,1.706600
1,1,52.206320,16.725998,2.195100,2.310600,1.448600
1,1,52.223007,16.686998,1.974100,2.541700,1.762900
1,1,52.239556,16.549002,2.234500,2.459300,2.173600
1,1,52.256441,16.884200,2.153300,3.381400,1.766200
1,1,52.273035,16.594701,2.601800,2.801900,1.733800
1,1,52.289533,16.497299,2.483900,3.135200,2.003700
1,1,52.306691,17.158501,2.297100,2.877000,1.672800
1,1,52.323041,16.349897,2.458200,2.364700,1.679100
1,1,52.339601,16.560201,2.185100,2.955100,2.157600
1,1,52.356160,16.559001,2.332500,2.291500,1.791700
1,1,52.372848,16.687501,1.727600,2.503800,1.567600
1,1,52.389499,16.651697,2.338500,2.822800,1.679900
1,1,52.406282,16.782202,1.972900,2.303500,1.949500
1,1,52.423008,16.726598,2.391600,2.533300,1.829000
1,1,52.439606,16.598102,2.478900,2.494900,1.965100
1,1,52.456366,16.759899,2.181900,2.425800,1.872000
1,1,52.472929,16.562503,2.265900,2.292500,1.739300
1,1,52.489859,16.930498,2.225300,2.432500,1.682800
1,1,52.506085,16.225599,2.431800,2.486000,1.829500
1,1,52.523260,17.174903,2.107000,2.424600,2.051400
1,1,52.539548,16.287997,2.414300,2.669400,1.826400
1,1,52.556187,16.638901,2.333600,2.820400,1.761500
1,1,52.572872,16.685698,2.001900,2.467400,2.127000
1,1,52.589465,16.592603,3.041300,3.279300,1.726200
1,1,52.606296,16.831197,2.319200,3.366000,1.761000
1,1,52.622916,16.619802,2.786800,2.995100,1.852000
1,1,52.639906,16.990401,2.437200,2.560400,1.934700
1,1,52.656353,16.447000,2.366600,2.778600,1.545700
1,1,52.672804,16.450997,2.393500,2.523600,1.845400
1,1,52.689592,16.788002,1.885500,2.461600,1.788000
1,1,52.706316,16.723998,2.277700,2.471400,1.878800
1,1,52.722966,16.649403,2.321100,3.174600,1.849000
1,1,52.739808,16.842797,2.483000,2.902100,2.076100
1,1,52.756455,16.646102,2.418500,2.424200,1.635000
1,1,52.772955,16.500600,2.366000,2.968500,2.732300
1,1,52.789812,16.857099,2.018500,3.214700,1.988600
1,1,52.806435,16.622301,2.512300,3.207200,1.834800
1,1,52.823031,16.596898,2.438800,3.305600,2.055300
1,1,52.839641,16.609501,2.256200,2.922400,1.941500
1,1,52.856852,17.210800,2.120600,2.321800,1.534900
1,1,52.872872,16.020000,2.770100,2.533100,1.818100
1,1,52.889727,16.854901,1.966300,2.654200,1.420000
1,1,52.906396,16.668998,2.049200,2.502900,1.812700
1,1,52.922868,16.472302,2.111500,2.994500,1.702100
1,1,52.939766,16.897999,1.888500,3.042200,1.615600
1,1,52.956223,16.456600,2.319700,2.560000,1.873700
1,1,52.972948,16.725302,2.052600,3.281200,1.763200
1,1,52.989580,16.632099,2.032800,2.630300,1.852600
1,1,53.006272,16.692400,1.895700,2.260800,1.616500
1,1,53.023024,16.751900,2.040000,2.828500,1.557500
1,1,53.040108,17.083999,2.168400,2.308500,2.195400
1,1,53.056339,16.231000,2.602200,2.834400,1.932900
1,1,53.072858,16.518600,2.087900,3.261200,1.593000
1,1,53.089643,16.785599,1.981600,2.477700,1.900500
1,1,53.106287,16.643900,2.022900,3.023400,1.586100
1,1,53.122784,16.496599,2.064500,2.941000,1.531700
1,1,53.139814,17.029602,1.760200,2.917700,1.633800
1,1,53.156312,16.498800,2.174500,2.577400,1.648000
1,1,53.172959,16.646300,2.102900,2.352800,1.583100
1,1,53.189634,16.674999,2.086300,2.568100,1.602800
1,1,53.206626,16.992699,2.081400,2.225000,1.782800
1,1,53.228918,22.291999,2.284200,2.690200,1.920300
1,1,53.239526,10.608003,8.311900,3.494400,2.124000
1,1,53.256885,17.358199,2.305500,2.374300,1.578100
1,1,53.273254,16.369302,2.873300,3.212600,2.115700
1,1,53.289872,16.618498,2.650900,2.930400,2.028100
1,1,53.306477,16.604800,2.391100,2.826500,1.867200
1,1,53.323088,16.610701,2.555400,2.435900,1.819800
1,1,53.339702,16.614601,2.343500,3.015500,1.874100
1,1,53.356721,17.018400,2.704100,2.557300,1.761300
1,1,53.373263,16.541701,2.481900,2.509900,1.924700
1,1,53.390073,16.810898,2.496700,3.046300,1.660300
1,1,53.406399,16.325399,2.691900,3.013300,1.996000
1,1,53.423277,16.878303,2.292400,2.317100,1.782600
1,1,53.439796,16.518399,2.638200,3.318000,2.409900
1,1,53.456476,16.679998,2.278100,2.589300,1.446700
1,1,53.473132,16.656399,2.357600,2.468300,1.986400
1,1,53.489988,16.855903,2.406800,2.403800,1.727700
1,1,53.506357,16.369298,2.514900,2.991300,1.964000
1,1,53.523548,17.190501,2.624400,2.322700,1.847800
1,1,53.539687,16.139701,2.932600,2.963400,1.736000
1,1,53.556759,17.071899,3.905100,2.456900,1.707400
1,1,53.572983,16.223598,2.264900,2.679900,1.711700
1,1,53.590337,17.354500,1.904000,2.467400,1.726100
1,1,53.606541,16.204100,2.688900,2.899700,1.891100
1,1,53.623758,17.216902,2.333300,3.449800,1.997800
1,1,53.639982,16.223900,2.921300,2.464600,1.971100
1,1,53.656509,16.526300,2.425600,3.668600,2.352400
1,1,53.673346,16.837697,2.339200,3.153500,1.967700
1,1,53.689851,16.504500,2.411100,2.933500,1.952100
1,1,53.706719,16.868502,2.283200,2.468500,1.636900
1,1,53.723237,16.518101,2.415600,3.703800,2.296400
1,1,53.740025,16.788099,2.521300,2.646100,1.987800
1,1,53.756552,16.526200,2.770000,3.124900,1.979000
1,1,53.773792,17.240498,2.848900,3.510600,2.011400
1,1,53.790050,16.258400,3.178600,3.343800,2.153300
1,1,53.806493,16.442101,2.945800,2.733200,2.616300
1,1,53.823282,16.789000,2.398800,2.579600,2.093900
1,1,53.839849,16.567100,2.261600,4.157200,1.767900
1,1,53.856605,16.756598,2.221600,2.880600,2.101300
1,1,53.873252,16.646400,3.351100,2.681400,1.761200
1,1,53.890212,16.959902,2.543400,3.877800,1.825100
1,1,53.906687,16.474999,2.698200,2.992400,2.229200
1,1,53.923203,16.516000,3.110800,2.954700,1.669500
1,1,53.939862,16.659301,2.405000,2.396700,1.923600
1,1,53.956649,16.786899,2.160900,2.431700,1.745900
1,1,53.973174,16.524900,2.272600,3.017200,2.177700
1,1,53.989919,16.744900,2.449600,3.319200,1.769100
1,1,54.006544,16.625699,2.352600,3.549900,1.704100
1,1,54.023153,16.608700,2.109800,2.444600,1.726800
1,1,54.039877,16.724203,2.438500,2.321000,1.553500
1,1,54.056477,16.599797,2.167200,2.908800,1.715000
1,1,54.073155,16.678300,2.343700,2.484700,1.618300
1,1,54.089844,16.688403,2.257500,2.258800,2.048300
1,1,54.106693,16.849298,2.661000,2.287500,2.137600
1,1,54.123263,16.569503,2.367600,2.555100,1.982700
1,1,54.139872,16.609997,2.508700,2.559000,1.488700
1,1,54.156576,16.703703,2.131100,2.881600,1.606500
1,1,54.173232,16.655698,2.133400,2.906200,1.918600
1,1,54.189887,16.655002,2.373200,2.995800,1.568800
1,1,54.206459,16.571898,2.274400,3.284400,1.781400
1,1,54.223288,16.828701,2.163800,2.790900,1.727200
1,1,54.239884,16.596898,2.579400,2.326300,1.673700
1,1,54.256570,16.685903,2.497000,2.296000,1.860300
1,1,54.273174,16.603999,2.352700,2.863300,1.731400
1,1,54.289921,16.746700,2.378800,2.971300,1.473200
1,1,54.306438,16.516902,2.458000,2.454600,1.760500
1,1,54.323081,16.643498,2.114900,3.234100,1.676000
1,1,54.340090,17.008502,2.145400,2.304300,2.163200
1,1,54.356626,16.536400,2.412300,2.553200,1.659700
1,1,54.373196,16.570099,2.234700,2.993000,1.867900
1,1,54.389864,16.667798,2.191400,3.395700,1.618200
1,1,54.406505,16.640700,2.004100,3.050700,2.031000
1,1,54.423157,16.651701,2.241900,2.908000,1.709000
1,1,54.439828,16.671401,2.213900,2.828700,2.166300
1,1,54.456533,16.705301,2.066300,2.888700,1.739200
1,1,54.473141,16.607400,2.164900,3.207600,1.686000
1,1,54.489924,16.783699,2.229200,2.844900,1.750300
1,1,54.506664,16.739599,2.244700,2.504700,2.094600
1,1,54.523245,16.580500,2.600800,3.393200,1.896400
1,1,54.539988,16.743600,2.772100,3.040600,1.806200
1,1,54.556531,16.542502,2.542700,3.140800,1.981900
1,1,54.573226,16.695399,2.256300,2.426100,1.927100
1,1,54.589983,16.757101,2.049300,2.433600,2.275900
1,1,54.606467,16.484298,2.200400,2.796900,1.707400
1,1,54.623294,16.826801,2.039500,2.537900,1.898000
1,1,54.639843,16.548499,2.134200,2.185200,2.112500
1,1,54.656644,16.801700,2.087600,2.325500,1.677800
1,1,54.673426,16.782001,2.379700,3.186400,1.836400
1,1,54.690086,16.659200,2.710200,3.279300,2.053100
1,1,54.707081,16.995601,2.566400,3.526900,2.337200
1,1,54.723701,16.620100,2.786600,3.302900,2.088500
1,1,54.740097,16.395800,3.008800,3.585800,2.186800
1,1,54.756848,16.750898,2.970400,3.705400,2.648600
1,1,54.773701,16.852699,3.448500,3.453700,2.245800
1,1,54.790016,16.315501,3.231000,3.669200,2.200200
1,1,54.807010,16.993400,2.847800,2.940000,2.393200
1,1,54.823324,16.314700,3.261700,3.503700,2.219100
1,1,54.840271,16.946800,2.664600,3.213600,1.912400
1,1,54.856628,16.356401,2.785700,3.119100,1.943200
1,1,54.873818,17.190699,2.675000,3.493000,1.933000
1,1,54.889883,16.064301,2.993000,3.097400,1.986400
1,1,54.906739,16.856298,2.521400,3.401800,2.315200
1,1,54.923521,16.781703,3.097000,3.329800,2.213700
1,1,54.939937,16.416099,5.129900,3.143400,2.066800
1,1,54.956729,16.792100,2.295200,2.780000,1.873100
1,1,54.973510,16.781200,2.608700,3.292500,2.145200
1,1,54.990296,16.786199,3.007000,3.637500,2.821500
1,1,55.007080,16.783401,3.048800,2.669500,2.008000
1,1,55.023537,16.457498,3.098400,3.394900,2.445600
1,1,55.040475,16.937803,3.104300,3.086700,2.521300
1,1,55.056662,16.187098,2.992200,2.808800,2.239900
1,1,55.073456,16.794201,2.554100,2.815500,2.447100
1,1,55.090098,16.642299,2.530700,3.241800,2.143800
1,1,55.106677,16.578600,2.875900,3.470800,2.045200
1,1,55.123424,16.747102,2.573600,3.074700,2.135000
1,1,55.140171,16.746897,2.467200,3.004100,1.905700
1,1,55.156773,16.602300,2.705900,3.444200,2.104100
1,1,55.173780,17.006401,2.666400,2.710500,2.094900
1,1,55.190092,16.312502,3.530300,2.959600,2.504000
1,1,55.206818,16.725998,2.821900,2.988000,2.540900
1,1,55.223477,16.658999,2.859500,3.005200,1.894800
1,1,55.240388,16.911101,3.190300,2.780200,2.000100
1,1,55.257308,16.919799,2.897300,3.173300,2.162900
1,1,55.273572,16.263701,3.404500,3.362400,2.120500
1,1,55.291417,17.844900,2.870400,3.412700,2.371500
1,1,55.306787,15.369900,6.079500,4.027500,2.510800
1,1,55.323592,16.805001,3.387000,3.292500,2.083600
1,1,55.339938,16.346700,2.800800,2.811500,2.476100
1,1,55.356776,16.837399,2.629500,3.628500,2.148900
1,1,55.373534,16.758401,2.697600,3.518300,2.391400
1,1,55.390358,16.823798,3.218700,3.514300,2.237400
1,1,55.407074,16.715601,3.358400,3.574300,2.432200
1,1,55.424078,17.004497,3.852200,3.384900,2.288600
1,1,55.440469,16.391002,4.880000,3.805400,2.684400
1,1,55.456882,16.413201,3.659500,3.417700,2.510400
1,1,55.473642,16.759600,3.291700,3.144100,2.176100
1,1,55.490958,17.315999,3.219700,3.916600,2.932100
1,1,55.507185,16.227301,3.671100,3.709200,2.449400
1,1,55.523986,16.801100,3.716500,3.778300,2.828100
1,1,55.540028,16.041700,3.590600,3.001200,2.434500
1,1,55.556745,16.716801,2.732800,2.960600,2.375300
1,1,55.573389,16.644098,2.545800,4.267000,2.113700
1,1,55.611056,37.666999,2.641300,3.954300,2.770500
1,1,55.620853,9.797100,24.164101,4.245400,2.363700
1,1,55.637766,16.912602,9.462700,4.068300,2.342000
1,1,55.654161,16.395699,4.640000,4.056800,2.266900
1,1,55.670968,16.806602,3.590700,4.163300,2.535800
1,1,55.687408,16.440596,3.903000,4.119400,2.716600
1,1,55.704640,17.231401,4.054400,3.966100,2.176200
1,1,55.720945,16.305503,4.308000,4.098500,2.862600
1,1,55.737534,16.588897,6.543200,4.208300,2.533500
1,1,55.754415,16.881101,3.855800,3.900500,2.889900
1,1,55.770798,16.382400,4.187000,4.378100,2.984900
1,1,55.787816,17.018601,3.599100,3.969500,3.051500
1,1,55.804464,16.647998,4.187400,4.357300,2.654300
1,1,55.820882,16.417600,7.349700,4.185200,3.285400
1,1,55.837632,16.750302,3.870400,4.110400,3.010400
1,1,55.854344,16.712200,3.892500,4.295900,2.886300
1,1,55.870827,16.482700,16.291100,4.217300,2.585600
1,1,55.887486,16.659301,3.657400,3.967500,2.959900
1,1,55.903829,16.342897,3.529600,3.668600,2.327000
1,1,55.920658,16.828403,3.814600,3.382900,2.413700
1,1,55.938050,17.392401,4.357000,3.159500,2.217500
1,1,55.953913,15.863299,3.878000,3.468300,2.524200
1,1,55.970733,16.819499,3.218700,3.382600,3.191400
1,1,55.987128,16.394600,3.418300,3.748500,2.604600
1,1,56.003871,16.743299,3.183200,3.105900,2.355900
1,1,56.020409,16.538002,2.876300,3.596500,2.607200
1,1,56.037226,16.816799,2.850300,4.172400,2.244800
1,1,56.054167,16.941499,2.837600,3.198700,2.314600
1,1,56.070803,16.636100,3.276700,3.357000,2.085600
1,1,56.087228,16.424403,3.712000,5.003700,2.130800
1,1,56.104052,16.824201,2.882400,3.391500,2.306900
1,1,56.120471,16.418997,3.230600,3.386900,2.240600
1,1,56.137251,16.780201,3.257800,3.494200,2.436100
1,1,56.154066,16.815301,3.123400,3.185200,2.072800
1,1,56.170655,16.588800,2.960200,3.705800,2.238100
1,1,56.187291,16.635500,3.090100,3.148000,2.378400
1,1,56.203963,16.672600,2.981900,3.423200,1.846800
1,1,56.220263,16.300101,3.253700,3.345100,1.984300
1,1,56.237290,17.026398,2.593800,3.111500,1.969200
1,1,56.253853,16.562998,3.118000,3.570100,1.961100
1,1,56.271643,17.790500,3.277500,4.009500,2.495000
1,1,56.287324,15.681200,5.389000,4.664800,2.801100
1,1,56.304220,16.895603,4.351100,2.998100,1.946300
1,1,56.320681,16.461398,3.386900,3.357800,2.388500
1,1,56.337372,16.690500,3.748300,4.466300,2.307400
1,1,56.353990,16.618501,3.220000,3.718100,2.214500
1,1,56.383456,29.465199,4.696500,3.490600,2.957600
1,1,56.390733,7.277299,15.844600,3.785200,2.957600
1,1,56.407376,16.642902,7.369400,3.456700,2.211700
1,1,56.424235,16.859099,3.999100,3.346100,2.674800
1,1,56.440650,16.414799,3.362800,3.746700,2.371600
1,1,56.457611,16.961701,3.388800,3.398800,2.454600
1,1,56.480585,22.973500,6.730500,3.457900,2.273800
1,1,56.497095,16.510598,22.284100,3.885400,2.198300
1,1,56.513945,16.849600,4.421800,3.241500,2.383300
1,1,56.530243,16.297702,3.685500,5.494400,2.720500
1,1,56.547197,16.953699,3.373500,3.388900,2.543100
1,1,56.563816,16.619001,4.035600,3.596600,2.553700
1,1,56.580546,16.730599,3.486200,3.336000,2.333700
1,1,56.597032,16.486201,3.142200,3.378900,2.104400
1,1,56.613707,16.674701,3.222200,3.555000,2.424800
1,1,56.630870,17.162800,2.944200,3.883000,2.385200
1,1,56.647552,16.682498,3.274500,3.488500,2.404300
1,1,56.663736,16.183700,3.938000,3.873800,2.551400
1,1,56.680759,17.023101,3.327500,3.674000,2.545000
1,1,56.697331,16.571898,3.611700,3.886900,2.622700
1,1,56.714030,16.698800,4.203200,3.853600,3.025500
1,1,56.730558,16.527902,3.820000,3.614400,3.097800
1,1,56.747256,16.698699,3.450600,3.852100,2.268400
1,1,56.763979,16.722199,4.157800,3.899900,3.373200
1,1,56.781854,17.875701,4.086800,4.542700,3.076600
1,1,56.797051,15.196498,5.902900,4.520000,2.555700
1,1,56.814416,17.365102,3.180600,3.579200,2.833500
1,1,56.830461,16.045198,4.062700,4.037200,2.254400
1,1,56.847498,17.037399,3.759900,3.541500,2.427100
1,1,56.863895,16.396802,3.526200,3.016100,2.264600
1,1,56.880704,16.808599,3.065000,3.776300,2.448700
1,1,56.897307,16.603202,3.213300,3.208100,2.555700
1,1,56.913979,16.671900,3.025200,3.186000,2.704600
1,1,56.930674,16.695101,3.059700,3.959300,2.552900
1,1,56.947411,16.736697,3.155500,3.885000,2.572600
1,1,56.964000,16.589303,3.522300,3.270600,2.903000
1,1,56.981090,17.090097,3.275500,3.872200,3.185200
1,1,56.997239,16.148802,3.602400,3.407800,2.641800
1,1,57.014166,16.926900,3.012800,3.986700,2.387600
1,1,57.030590,16.424499,3.554000,3.992900,3.138200
1,1,57.047821,17.230701,3.153200,3.915900,2.717100
1,1,57.064341,16.519800,3.522000,4.030200,2.667300
1,1,57.080426,16.085599,3.867700,3.590200,2.521400
1,1,57.097083,16.656101,2.922300,3.805700,2.219800
1,1,57.114058,16.975202,2.646300,3.533000,2.051300
1,1,57.130545,16.487200,3.060600,7.188500,2.698400
1,1,57.147524,16.978800,2.949200,3.164600,2.127300
1,1,57.163693,16.169097,3.278200,4.071900,2.607500
1,1,57.180878,17.185301,3.100100,3.091300,2.215700
1,1,57.197477,16.598500,2.957200,4.019500,2.892200
1,1,57.214567,17.090201,3.420400,4.103700,2.656000
1,1,57.230279,15.711799,3.995100,4.036300,2.622600
1,1,57.247200,16.921300,3.222900,2.523000,1.829000
1,1,57.263552,16.351998,2.591200,3.033700,2.288100
1,1,57.280339,16.786903,2.386700,2.644600,2.249000
1,1,57.297109,16.770400,2.137900,2.975700,2.183000
1,1,57.314346,17.237000,2.652300,3.085200,2.203300
1,1,57.330338,15.992098,3.207400,4.131900,2.127400
1,1,57.347254,16.916100,2.742700,3.316200,2.047200
1,1,57.363606,16.351502,2.832600,3.297600,2.299100
1,1,57.380527,16.920600,2.748700,2.636100,1.635500
1,1,57.397063,16.536199,2.892500,3.188000,2.571900
1,1,57.413929,16.866699,2.563100,3.315300,1.873700
1,1,57.430406,16.476400,2.886700,3.628700,2.291000
1,1,57.447038,16.631801,2.742600,3.606600,2.170300
1,1,57.463708,16.670000,2.505100,3.108000,1.902100
1,1,57.480434,16.726200,2.521400,2.512100,1.676400
1,1,57.497172,16.737800,2.398500,2.657500,1.550700
1,1,57.513587,16.415101,2.536500,2.748800,1.566700
1,1,57.530309,16.722299,2.498700,2.757000,1.792800
1,1,57.547088,16.779199,2.165300,3.031000,1.897600
1,1,57.563489,16.401101,2.637100,2.693700,1.828400
1,1,57.580280,16.791001,2.547000,2.647100,2.291000
1,1,57.596954,16.673099,2.093700,2.493800,2.209200
1,1,57.613577,16.623002,2.507300,2.561300,1.567600
1,1,57.630361,16.784500,2.760300,2.597200,2.090000
1,1,57.646930,16.569298,2.324900,4.327300,2.051100
1,1,57.663632,16.702000,2.160000,3.839900,2.297500
1,1,57.680237,16.604401,2.371600,2.955300,1.836500
1,1,57.697248,17.011400,2.158100,3.257000,2.197100
1,1,57.713828,16.580101,2.653900,3.122700,1.913600
1,1,57.730423,16.595099,2.788800,2.885400,1.982200
1,1,57.747016,16.592700,2.621300,3.047000,2.160000
1,1,57.763971,16.954601,2.444600,3.188800,1.900000
1,1,57.780296,16.325697,2.809500,3.180300,2.688800
1,1,57.797057,16.760901,2.457700,2.521800,1.671100
1,1,57.814003,16.945500,2.633500,3.204400,1.707500
1,1,57.830382,16.379699,2.794000,2.715700,1.483000
1,1,57.847164,16.781200,2.262100,2.961300,2.185100
1,1,57.864002,16.838200,2.939500,2.775300,1.800000
1,1,57.880254,16.252201,2.759500,3.836300,1.901800
1,1,57.897052,16.797598,2.107100,2.372200,1.779900
1,1,57.913587,16.535901,2.221400,2.959600,1.966700
1,1,57.930642,17.054301,2.231400,2.436500,2.045900
1,1,57.947025,16.382899,2.726800,3.298600,1.711600
1,1,57.963643,16.617902,2.569000,3.335400,2.082800
1,1,57.980380,16.737800,2.287700,3.153900,1.716600
1,1,57.996919,16.538400,2.385400,2.449700,2.243300
1,1,58.013762,16.842801,2.209900,2.862900,1.698200
1,1,58.030373,16.611397,2.310200,3.076100,2.190800
1,1,58.047061,16.687799,2.361900,2.597900,1.806200
1,1,58.064583,17.521702,2.580500,2.990000,1.964600
1,1,58.080818,16.235702,3.793300,3.946300,2.606400
1,1,58.097125,16.306698,3.734800,3.189100,2.181500
1,1,58.114024,16.899500,2.789400,2.596800,2.140500
1,1,58.130362,16.337398,2.724800,3.332200,2.424500
1,1,58.147075,16.713001,2.515300,2.416600,1.578100
1,1,58.163611,16.536001,2.259800,3.379800,2.130600
1,1,58.180517,16.906299,2.120600,2.295300,2.018900
1,1,58.197005,16.487602,2.473300,3.113300,1.883800
1,1,58.213954,16.949199,3.248100,2.992400,1.571700
1,1,58.230312,16.358498,2.615900,3.326900,1.865600
1,1,58.247189,16.876601,2.309900,2.476400,1.735800
1,1,58.263603,16.413700,2.592200,2.519100,2.200700
1,1,58.280661,17.057899,2.229500,2.363500,2.027400
1,1,58.297004,16.343802,2.429400,2.448400,1.765600
1,1,58.313874,16.869899,2.345900,3.010300,1.817300
1,1,58.333620,19.745599,2.433500,2.850500,2.330800
1,1,58.347115,13.495300,5.736500,3.598800,2.426300
1,1,58.363595,16.479999,2.501900,2.608000,1.804800
1,1,58.380398,16.803201,2.602600,2.448600,2.133500
1,1,58.397192,16.793501,2.025900,2.308900,1.641800
1,1,58.414126,16.933899,2.413000,2.484300,1.473200
1,1,58.430433,16.307101,3.147400,2.911200,1.721200
1,1,58.447117,16.684100,2.226400,3.011600,1.972300
1,1,58.464419,17.301500,2.454100,3.081600,1.561100
1,1,58.480572,16.153101,3.107900,2.616800,1.746500
1,1,58.497338,16.766798,2.835500,3.118300,1.596400
1,1,58.513860,16.521800,2.819100,2.633100,1.981000
1,1,58.530426,16.565401,2.806600,2.506700,1.828700
1,1,58.547043,16.617399,2.629300,3.147900,1.740100
1,1,58.563728,16.685300,2.349600,3.068700,1.518900
1,1,58.580633,16.905103,2.450000,3.046800,1.810300
1,1,58.596978,16.344700,2.844000,2.829100,1.764400
1,1,58.613514,16.536299,2.349800,2.879500,1.807300
1,1,58.630265,16.750898,2.270700,3.204800,1.565100
1,1,58.646904,16.638700,2.030200,2.552600,1.606200
1,1,58.663698,16.793802,2.088100,2.547800,1.661600
1,1,58.680588,16.890001,2.423900,3.061000,1.470200
1,1,58.697914,17.325800,2.449200,2.836600,1.647200
1,1,58.713977,16.063400,2.994000,3.043000,1.745600
1,1,58.730733,16.756199,2.623800,2.495800,1.878600
1,1,58.747273,16.539600,2.523800,2.547700,1.854700
1,1,58.764024,16.751502,2.300600,2.775800,2.168600
1,1,58.780561,16.537197,2.537600,2.593900,1.892400
1,1,58.797148,16.586803,1.955800,2.323100,1.651200
1,1,58.813892,16.743198,1.965600,2.394500,2.010900
1,1,58.830511,16.619600,2.218000,2.370500,1.933900
1,1,58.847355,16.844101,2.168500,3.347600,1.813700
1,1,58.863889,16.533799,2.425300,3.469400,1.740600
1,1,58.880745,16.856100,2.383800,2.458300,1.871500
1,1,58.897311,16.565997,2.521200,2.766500,1.805400
1,1,58.914188,16.876403,2.526300,2.871300,1.568000
1,1,58.930483,16.295400,2.749300,2.589700,1.778300
1,1,58.947519,17.036300,2.176000,2.380900,1.559200
1,1,58.964097,16.578101,2.365300,2.740100,1.872800
1,1,58.980837,16.740099,2.532800,2.955300,2.131100
1,1,58.997200,16.362298,2.596900,3.010300,2.052200
1,1,59.013915,16.715001,2.248400,2.188900,1.654200
1,1,59.030494,16.579099,2.265300,3.115100,1.923400
1,1,59.047856,17.361801,2.672200,2.344400,1.693400
1,1,59.063778,15.922699,3.032100,3.057100,2.033400
1,1,59.080985,17.206401,2.426200,2.531800,1.955100
1,1,59.097235,16.250700,2.703100,3.126600,1.691200
1,1,59.114110,16.874101,2.324300,2.546500,1.530400
1,1,59.130563,16.453501,2.694900,3.024100,2.071400
1,1,59.147343,16.779900,2.331600,2.604800,1.599900
1,1,59.163874,16.531598,2.280700,3.042700,1.900100
1,1,59.180638,16.763501,2.611100,2.364900,1.732600
1,1,59.197378,16.739700,2.212200,2.722600,2.200600
1,1,59.214263,16.885798,3.201600,2.697600,1.690200
1,1,59.230643,16.379900,2.761800,3.018300,1.851100
1,1,59.247343,16.699903,2.698900,2.491600,1.667100
1,1,59.263964,16.620800,2.266900,2.335200,2.120000
1,1,59.280760,16.795900,2.298700,2.511500,1.999400
1,1,59.297401,16.640499,2.422200,2.811100,2.179500
1,1,59.314524,17.123502,2.784900,2.291500,1.568600
1,1,59.330661,16.136996,3.318400,3.294400,1.967900
1,1,59.347545,16.883701,2.800200,2.421700,1.638200
1,1,59.364087,16.542200,2.509600,3.312500,2.588200
1,1,59.380735,16.648501,2.690700,2.425900,1.482300
1,1,59.397408,16.672198,2.445000,3.715400,2.128300
1,1,59.414056,16.648702,2.599100,2.414000,1.615300
1,1,59.430666,16.609501,2.431500,3.272500,2.061500
1,1,59.447355,16.689498,2.398400,2.440500,1.644900
1,1,59.464030,16.674802,2.354100,2.641500,2.146200
1,1,59.480679,16.649298,2.421200,2.443500,1.731400
1,1,59.497495,16.815402,2.463100,2.939000,1.621000
1,1,59.514452,16.957197,2.818800,2.649700,1.807100
1,1,59.530896,16.443603,3.192800,3.288200,1.962000
1,1,59.547441,16.545799,2.780600,2.476000,1.894100
1,1,59.563982,16.540300,2.427000,2.743900,2.128600
1,1,59.580508,16.526502,2.295900,2.342500,1.742300
1,1,59.597310,16.801998,1.976400,2.529600,1.787900
1,1,59.613937,16.627099,2.132100,2.302700,1.645400
1,1,59.630821,16.883999,2.271300,2.479400,1.820600
1,1,59.647616,16.794503,2.464600,2.743500,2.025200
1,1,59.664405,16.789198,2.812400,3.141900,1.832700
1,1,59.680708,16.302601,2.912400,2.361500,1.515600
1,1,59.697502,16.794302,2.360700,2.814700,1.689600
1,1,59.714408,16.905699,2.613200,2.576400,1.697600
1,1,59.730652,16.244199,2.924000,2.723300,1.878000
1,1,59.747488,16.836401,2.592400,2.618200,1.878300
1,1,59.764138,16.649898,2.560800,3.224200,1.724600
1,1,59.781143,17.004501,2.592400,2.817200,2.001000
1,1,59.797281,16.137902,2.882000,2.416300,1.969200
1,1,59.813997,16.716998,2.159800,2.449200,1.598500
1,1,59.830638,16.640801,2.687900,2.925500,1.519900
1,1,59.847160,16.521402,2.760100,2.362500,1.318100
1,1,59.863970,16.810298,2.042200,2.215700,1.589000
1,1,59.880509,16.539302,2.152800,2.330300,1.625900
1,1,59.897337,16.827397,1.899000,2.292100,1.542600
1,1,59.913916,16.578902,2.289700,2.322200,1.529300
1,1,59.930594,16.678400,2.144500,2.412800,1.828500
1,1,59.948345,17.750598,2.129700,2.347700,1.401000
1,1,59.964126,15.781701,3.458700,3.086400,2.035200
1,1,59.980639,16.513102,2.736200,2.502400,1.846800
1,1,59.997373,16.734000,2.494400,2.357600,1.825000
1,1,60.014074,16.700897,2.386700,2.243500,1.500000
1,1,60.030620,16.545400,2.331700,2.277200,1.570300
1,1,60.047193,16.573500,2.467400,2.245600,1.795500
1,1,60.063909,16.715903,1.990600,2.674500,1.899900
1,1,60.080599,16.689498,2.167300,2.486700,1.625600
1,1,60.097308,16.709000,2.420500,2.697100,1.641400
1,1,60.113862,16.554102,2.166100,2.886100,1.711900
1,1,60.130977,17.115597,2.091800,2.146000,1.468500
1,1,60.147623,16.645700,2.310900,2.276300,1.851500
1,1,60.164131,16.507603,2.431100,2.710200,1.828400
1,1,60.181017,16.886499,2.218300,2.146300,1.961100
1,1,60.197526,16.508400,2.742400,2.613000,1.814300
1,1,60.214286,16.760200,2.626900,2.478100,1.711900
1,1,60.230884,16.598798,2.267000,2.654300,1.656000
1,1,60.247697,16.812500,2.624700,2.229400,1.596600
1,1,60.264345,16.648103,2.265800,2.313100,1.762400
1,1,60.280878,16.532499,2.358300,2.530500,1.735000
1,1,60.297566,16.688500,2.376900,2.689300,1.526900
1,1,60.314197,16.631201,2.309100,3.079500,1.587500
1,1,60.330819,16.621500,2.879100,2.553400,1.515900
1,1,60.347461,16.641699,2.092300,2.842700,1.512900
1,1,60.364942,17.481498,1.906600,2.865300,1.815600
1,1,60.380927,15.984800,3.141600,2.770400,2.145200
1,1,60.397610,16.683202,2.467300,3.009200,1.947300
1,1,60.414134,16.524199,2.291100,2.877200,1.876700
1,1,60.431191,17.056700,2.163500,2.595800,1.812700
1,1,60.447918,16.726799,3.126900,2.421000,1.635200
1,1,60.464495,16.577702,2.717500,2.852800,1.697000
1,1,60.481122,16.626898,2.709200,2.476500,1.709600
1,1,60.498514,17.391700,2.441300,2.347400,1.578500
1,1,60.514151,15.637401,3.471900,2.941600,1.718900
1,1,60.530922,16.770899,3.280700,2.280700,1.525700
1,1,60.548230,17.308198,3.040400,2.536500,1.818100
1,1,60.564530,16.299501,2.914700,2.606400,1.570200
1,1,60.581117,16.586900,2.639600,3.526400,1.837300
1,1,60.597592,16.474999,2.721200,2.583800,1.657600
1,1,60.614189,16.597200,2.353400,2.349000,1.663900
1,1,60.630834,16.644500,1.931600,2.217800,1.447300
1,1,60.647919,17.085601,1.938200,3.252100,1.594700
1,1,60.664178,16.259000,2.594000,2.505500,2.008600
1,1,60.680953,16.774602,2.040700,2.360400,1.959500
1,1,60.697676,16.722798,2.304800,2.656800,1.468200
1,1,60.714356,16.680099,2.781600,3.025200,2.319400
1,1,60.730910,16.554702,2.289500,2.565500,1.748900
1,1,60.747897,16.986899,2.287000,2.242300,1.702700
1,1,60.764355,16.457699,2.529700,2.471800,1.665700
1,1,60.780764,16.408600,2.612900,2.673600,1.788800
1,1,60.797791,17.027400,2.262100,2.389500,1.947100
1,1,60.814161,16.369902,2.305200,2.374200,1.605200
1,1,60.830955,16.794097,2.151400,2.385500,2.376500
1,1,60.847664,16.709004,2.099400,2.494600,2.010800
1,1,60.864319,16.655199,2.265700,3.040600,1.812700
1,1,60.881166,16.846299,2.462500,3.155800,1.700800
1,1,60.897775,16.609900,2.450000,2.249200,1.737200
1,1,60.914190,16.414601,2.749600,2.211000,1.642400
1,1,60.930773,16.582999,2.177000,2.353700,1.528000
1,1,60.947726,16.953498,1.785000,2.304300,1.685100
1,1,60.964181,16.454503,2.519200,3.146700,1.856300
1,1,60.981211,17.029498,2.528000,2.383400,1.904800
1,1,60.997647,16.436800,2.518100,3.017000,1.699000
1,1,61.014659,17.011300,2.211300,2.964700,2.035500
1,1,61.030804,16.145300,2.628900,2.443500,1.809000
1,1,61.047906,17.102301,2.016400,2.414800,1.740900
1,1,61.064560,16.653899,2.551000,2.384300,1.678400
1,1,61.080847,16.286500,2.604800,3.156500,1.766400
1,1,61.097672,16.824901,2.229300,2.818200,1.812000
1,1,61.114343,16.671799,2.351200,3.032300,1.826200
1,1,61.130728,16.384799,2.391000,3.043400,1.446800
1,1,61.147837,17.108701,2.036900,2.498900,1.571400
1,1,61.164374,16.537201,2.519700,2.720300,1.570100
1,1,61.181700,17.325900,2.485100,2.815000,1.544400
1,1,61.197532,15.831999,3.161300,2.305500,1.769500
1,1,61.214244,16.711898,2.132000,2.436100,1.823300
1,1,61.230935,16.690701,2.284400,2.371600,1.526200
1,1,61.247631,16.696699,2.159100,2.319200,1.670400
1,1,61.264344,16.712900,2.303400,2.978200,1.941400
1,1,61.281127,16.782701,2.888000,2.380400,1.965900
1,1,61.297591,16.464300,2.405900,2.319900,1.736100
1,1,61.314479,16.888101,2.245300,2.597400,2.021700
1,1,61.330996,16.517200,2.557000,2.671700,1.677200
1,1,61.347970,16.973797,2.525700,2.651100,1.426200
1,1,61.364321,16.350701,2.826700,2.561400,1.614500
1,1,61.380920,16.599100,2.684400,2.546800,1.556400
1,1,61.397422,16.502298,2.303200,2.979600,2.218800
1,1,61.414585,17.162502,2.324200,2.241900,1.713700
1,1,61.430985,16.400099,2.488900,2.928200,1.979800
1,1,61.447865,16.880102,2.390700,3.130500,2.728100
1,1,61.464115,16.250297,2.276800,2.496100,2.162400
1,1,61.481069,16.954001,1.960100,2.535600,1.783600
1,1,61.497786,16.716599,2.302500,2.425500,1.664900
1,1,61.514239,16.453501,2.456900,2.311900,1.777300
1,1,61.531052,16.812500,2.364700,2.410800,1.920800
1,1,61.547620,16.568001,2.318900,2.405200,2.010400
1,1,61.564270,16.650300,2.330200,2.459000,1.802100
1,1,61.580929,16.658898,2.350300,2.751900,1.796600
1,1,61.597721,16.792100,2.362200,2.746500,1.659600
1,1,61.614238,16.516700,2.645300,2.668400,1.672900
1,1,61.631192,16.953699,2.593700,2.935200,1.830100
1,1,61.648415,17.223801,2.532400,2.505400,1.527200
1,1,61.664409,15.993800,3.956600,3.169500,2.036600
1,1,61.681184,16.774397,4.399000,3.223400,1.975600
1,1,61.697925,16.741402,2.468200,3.495800,2.034000
1,1,61.714378,16.453199,2.815400,2.919700,2.480100
1,1,61.730900,16.521599,2.433900,3.244800,2.203500
1,1,61.747707,16.807202,2.268000,2.393300,1.625100
1,1,61.764204,16.496800,2.257600,3.246200,1.895300
1,1,61.781358,17.153699,2.378300,2.236100,1.676800
1,1,61.797544,16.186200,2.452200,4.603500,1.931100
1,1,61.814120,16.576599,2.228400,2.219900,1.626400
1,1,61.830889,16.768601,1.990900,2.625500,2.131100
1,1,61.847622,16.733300,1.974700,2.364200,1.735800
1,1,61.864347,16.724501,2.120900,3.120100,2.062400
1,1,61.880983,16.635999,2.099200,2.244300,1.567400
1,1,61.897526,16.543198,2.137400,2.683300,1.622200
1,1,61.914129,16.602803,2.219800,2.340000,1.679800
1,1,61.931025,16.896300,2.025400,2.303000,1.777900
1,1,61.947816,16.791400,2.402400,2.633200,1.533000
1,1,61.964232,16.415998,2.413800,2.312100,1.681700
1,1,61.981004,16.771801,2.196600,2.486800,2.242600
1,1,61.997696,16.692098,2.302100,2.255600,1.771200
1,1,62.014159,16.463101,2.268600,3.431800,1.712700
1,1,62.031273,17.114099,2.159300,2.312800,1.397800
1,1,62.047493,16.219303,2.806000,3.094400,1.766200
1,1,62.064761,17.268099,2.372300,2.289300,1.344100
1,1,62.080949,16.187601,2.703700,2.937300,1.751200
1,1,62.097579,16.630799,2.381900,2.349900,1.597300
1,1,62.114267,16.687900,2.442800,2.383500,2.261900
1,1,62.130884,16.616501,1.964800,2.497600,2.713600
1,1,62.147711,16.826998,2.096100,2.961700,1.636600
1,1,62.164473,16.761802,2.260700,2.436800,1.815800
1,1,62.180908,16.435198,2.492700,2.291600,1.596300
1,1,62.197477,16.569700,2.290900,2.308200,1.656600
1,1,62.214365,16.887501,2.055700,2.193800,1.549100
1,1,62.230865,16.500000,2.208300,3.210800,2.034800
1,1,62.247534,16.668800,2.831500,2.263000,1.595500
1,1,62.264073,16.539201,2.063800,2.594900,1.743900
1,1,62.281005,16.931798,2.263900,2.208000,1.487200
1,1,62.297499,16.494699,2.146600,3.061500,1.857500
1,1,62.314600,17.100602,2.264600,2.238800,1.374400
1,1,62.330782,16.181797,2.696500,2.656000,1.864500
1,1,62.347694,16.912203,2.278400,2.232600,1.792200
1,1,62.364246,16.552299,2.219900,4.299900,1.803500
1,1,62.381150,16.903501,2.358600,2.232100,1.763000
1,1,62.397597,16.446698,2.301300,2.216200,2.198900
1,1,62.414219,16.622499,2.490500,2.299700,2.361700
1,1,62.430859,16.639702,2.167000,2.154600,1.481900
1,1,62.447650,16.791500,2.065500,2.817700,1.681500
1,1,62.464338,16.687900,2.279100,2.690300,1.724000
1,1,62.480988,16.650200,2.601900,2.564100,1.756600
1,1,62.497698,16.709298,2.521700,2.497000,1.500200
1,1,62.514185,16.487502,2.314500,2.842100,1.795500
1,1,62.530924,16.738702,2.416800,2.684500,1.813300
1,1,62.547675,16.751397,2.227100,2.472800,1.723200
1,1,62.564278,16.602501,2.659200,2.390400,1.605500
1,1,62.580848,16.569801,2.086600,4.059400,1.797400
1,1,62.597669,16.821198,2.139800,2.345500,1.558700
1,1,62.614300,16.631000,2.227700,3.270100,1.889800
1,1,62.630974,16.674601,2.434900,2.217300,1.567500
1,1,62.647547,16.572300,2.135300,2.717000,1.880000
1,1,62.664489,16.942400,2.551800,2.574600,1.587300
1,1,62.680851,16.362198,2.437700,3.055900,1.755400
1,1,62.697629,16.778003,2.193500,2.398800,1.372400
1,1,62.714269,16.640097,2.227800,2.389700,1.660400
1,1,62.730907,16.637303,2.147700,2.234900,1.361700
1,1,62.747602,16.695000,2.168100,2.579800,2.156600
1,1,62.764261,16.659699,2.176700,2.321900,1.682800
1,1,62.780925,16.663600,2.192600,3.191100,1.853500
1,1,62.797628,16.703200,2.342800,2.308300,1.755800
1,1,62.814379,16.750500,2.391000,2.673000,1.509300
1,1,62.831065,16.686399,2.464200,3.607000,1.577000
1,1,62.847648,16.583402,2.588300,2.273300,1.582200
1,1,62.864129,16.481001,2.271600,2.741000,1.934500
1,1,62.881516,17.386399,2.336300,2.143700,1.530000
1,1,62.897545,16.029298,2.622900,2.490300,1.768300
1,1,62.914400,16.854603,2.204900,2.162700,1.381400
1,1,62.930810,16.410198,2.275300,2.414600,1.696800
1,1,62.947511,16.700801,2.085400,2.379500,1.653100
1,1,62.964384,16.872801,2.021200,2.342800,1.717900
1,1,62.981153,16.769297,2.325700,2.893800,1.791800
1,1,62.997587,16.434301,2.396800,2.264300,2.459900
1,1,63.014326,16.739201,2.135200,2.569300,1.743900
1,1,63.030915,16.588200,2.230100,2.665100,1.860900
1,1,63.047885,16.970199,2.231600,2.277400,1.714500
1,1,63.064375,16.489901,2.531200,3.111500,1.702800
1,1,63.081023,16.648501,2.503100,2.263400,1.815700
1,1,63.097766,16.742699,2.475100,2.804300,1.696800
1,1,63.114849,17.082900,2.576600,2.747800,1.598800
1,1,63.131466,16.616900,3.068000,3.328300,2.487700
1,1,63.147860,16.394302,2.864900,2.460400,1.779100
1,1,63.164165,16.304798,2.698000,3.015100,2.191100
1,1,63.181187,17.021801,2.408100,2.259100,1.520000
1,1,63.197584,16.397398,2.435100,2.589600,2.044900
1,1,63.214591,17.007500,2.888500,2.333400,1.737600
1,1,63.230965,16.373802,2.380200,2.685900,2.224700
1,1,63.247845,16.880199,2.011500,2.722500,2.249100
1,1,63.264383,16.537800,2.816800,2.934000,2.052700
1,1,63.281015,16.631700,2.328600,2.386900,1.627100
1,1,63.297638,16.623300,2.234000,2.729500,1.911000
1,1,63.314272,16.633499,3.164500,2.678100,1.640900
1,1,63.330854,16.581900,2.917800,2.330500,2.253500
1,1,63.347832,16.978800,2.349600,2.340700,1.524400
1,1,63.364359,16.526900,2.552700,2.964800,1.676800
1,1,63.381076,16.716499,2.846900,2.509800,1.723900
1,1,63.400648,19.572102,2.425600,3.235800,1.693000
1,1,63.414484,13.836298,5.473200,2.834400,2.329900
1,1,63.431213,16.728602,2.520700,2.334800,1.870100
1,1,63.448152,16.938999,2.755000,2.426300,2.252900
1,1,63.464518,16.366001,3.099600,2.788900,1.810200
1,1,63.481077,16.558900,2.541100,2.423200,1.816500
1,1,63.497838,16.761400,2.312400,2.971900,1.871100
1,1,63.543883,46.044897,44.568001,3.277200,1.871100
1,1,63.560212,16.329400,7.025300,2.848200,2.134200
1,1,63.576492,16.279399,5.242300,3.812600,2.286100
1,1,63.594359,17.867502,5.419900,3.563300,2.241600
1,1,63.610374,16.015101,4.435300,2.909900,2.154000
1,1,63.627116,16.741399,4.047500,3.176500,2.078700
1,1,63.644009,16.893301,3.017400,3.677300,2.247900
1,1,63.660660,16.651299,3.459500,3.449600,2.156000
1,1,63.677293,16.632300,3.712500,3.187400,1.787500
1,1,63.694836,17.543301,3.099100,3.158300,1.883300
1,1,63.710795,15.959200,4.136000,4.514000,2.628900
1,1,63.727893,17.097700,3.850500,4.095400,2.520500
1,1,63.744480,16.587399,4.665100,4.497600,2.649200
1,1,63.760758,16.277701,4.223600,3.852100,2.778400
1,1,63.777540,16.782001,3.468500,3.844400,2.362000
1,1,63.794020,16.480297,3.332100,3.660800,2.151200
1,1,63.810778,16.757302,3.641400,3.751200,2.409500
1,1,63.827365,16.587399,3.630000,3.417800,2.098000
1,1,63.843960,16.594701,2.903300,3.841700,2.667700
1,1,63.860861,16.900901,2.682600,3.513600,2.438800
1,1,63.877848,16.987398,2.770100,3.585400,2.359000
1,1,63.894030,16.181700,3.285700,7.304000,3.003000
1,1,63.911183,17.153602,3.009900,3.425000,2.187000
1,1,63.927224,16.040899,3.266100,3.864500,2.504800
1,1,63.944438,17.213702,3.967000,2.871400,2.528500
1,1,63.960822,16.383696,3.026500,3.481700,2.112800
1,1,63.977699,16.877603,3.070300,3.222500,2.246800
1,1,63.994025,16.325399,3.043300,3.419200,1.987200
1,1,64.010559,16.534898,2.540600,3.238000,2.278300
1,1,64.027403,16.843501,2.239000,2.555400,2.205100
1,1,64.043995,16.591702,2.317600,3.210300,2.061500
1,1,64.060752,16.757097,2.301500,2.665400,2.463000
1,1,64.077496,16.744699,2.401200,2.908300,2.257500
1,1,64.094174,16.677700,2.686100,2.711800,1.782500
1,1,64.110632,16.457401,2.570600,3.030600,2.013100
1,1,64.127188,16.555902,2.548600,2.468200,1.932200
1,1,64.143857,16.669400,2.311200,2.815900,2.461200
1,1,64.161471,17.614499,1.978100,2.625200,1.738400
1,1,64.177333,15.861101,3.093100,3.041600,1.825300
1,1,64.194250,16.917199,2.677500,2.770900,2.073100
1,1,64.210700,16.449802,2.754300,2.719100,1.860900
1,1,64.227764,17.064299,3.092900,2.535300,1.929000
1,1,64.243995,16.231697,2.850600,2.548800,1.844100
1,1,64.260851,16.855802,2.514800,2.478200,1.984600
1,1,64.277602,16.750798,2.684000,2.547000,2.022000
1,1,64.294261,16.658403,2.988500,3.434000,2.056800
1,1,64.310892,16.631197,2.864000,3.460000,1.993800
1,1,64.327484,16.592000,2.785800,3.028100,2.366000
1,1,64.344079,16.595501,2.858800,3.573900,1.984700
1,1,64.360657,16.577601,2.644300,3.468500,2.030000
1,1,64.377393,16.736001,2.786900,3.192100,2.085800
1,1,64.394532,17.138798,2.501800,2.579700,1.851000
1,1,64.410879,16.347099,2.908800,3.522800,1.966600
1,1,64.427790,16.910803,3.159500,3.630900,2.096200
1,1,64.444128,16.338598,3.353100,3.451900,2.338000
1,1,64.461118,16.989600,3.271500,3.381600,2.128300
1,1,64.477683,16.565401,2.899100,3.386800,1.956900
1,1,64.494537,16.853601,3.256400,3.358200,1.933600
1,1,64.510772,16.235597,2.899000,3.300700,2.333600
1,1,64.527585,16.813200,2.699800,2.793300,2.163100
1,1,64.544204,16.618103,2.643900,3.031400,1.899700
1,1,64.560797,16.593300,2.968700,3.342100,1.918800
1,1,64.577592,16.795199,2.809800,2.765000,2.393200
1,1,64.594050,16.457699,2.590200,2.743700,1.764600
1,1,64.610609,16.559001,2.446400,3.057600,2.012000
1,1,64.627309,16.700599,2.123500,2.367300,1.645000
1,1,64.644023,16.713500,2.276500,3.214600,1.968500
1,1,64.660665,16.642101,2.556800,2.496600,1.828200
1,1,64.677304,16.638700,1.932100,2.592800,1.853200
1,1,64.694546,17.241899,1.998500,2.386800,2.018000
1,1,64.710800,16.254898,2.649600,3.129400,1.714800
1,1,64.727304,16.503900,2.851600,2.408000,1.870500
1,1,64.743918,16.613200,2.091800,3.109300,1.613300
1,1,64.760740,16.822100,1.994300,2.307400,2.346500
1,1,64.777356,16.616702,2.106400,3.275000,1.714000
1,1,64.794012,16.655698,2.325500,2.500500,1.736600
1,1,64.810675,16.662702,2.311700,2.652300,1.690300
1,1,64.827362,16.686801,2.043700,2.256400,1.914400
1,1,64.844237,16.875099,2.240100,2.603200,1.832700
1,1,64.860943,16.706299,2.490500,2.289900,1.833500
1,1,64.877849,16.905900,2.524900,2.784000,1.639400
1,1,64.894152,16.303599,2.840900,2.525800,1.955500
1,1,64.910660,16.507402,2.418200,2.433500,1.499800
1,1,64.927210,16.550098,2.112800,2.523600,1.881900
1,1,64.944529,17.318700,1.989600,2.395700,1.785800
1,1,64.960588,16.058903,2.820500,2.948800,1.529800
1,1,64.977541,16.953897,1.940600,2.293900,1.574700
1,1,64.994087,16.545903,2.296200,2.177900,1.473700
1,1,65.010666,16.578298,2.302200,2.270000,1.458500
1,1,65.027398,16.732302,1.887500,2.273800,1.671100
1,1,65.044220,16.822498,2.038600,2.571900,1.853000
1,1,65.060605,16.384702,2.182600,2.253400,1.469500
1,1,65.077218,16.612798,1.879900,2.175300,1.704200
1,1,65.094071,16.852699,1.986200,2.269100,1.874300
1,1,65.111316,17.245203,2.263600,2.453100,1.816200
1,1,65.127371,16.054697,3.129000,2.793300,1.822800
1,1,65.144390,17.019499,2.321500,3.489700,1.737500
1,1,65.160521,16.131103,2.488100,3.099000,1.577300
1,1,65.177533,17.011497,2.217400,2.643300,1.587600
1,1,65.193984,16.451400,2.538900,2.846000,1.564100
1,1,65.210806,16.822003,2.440500,2.380700,1.630700
1,1,65.227550,16.744100,2.310900,3.331800,2.024100
1,1,65.243997,16.446799,2.751900,2.777200,2.299400
1,1,65.260878,16.881201,2.162700,4.411000,1.895100
1,1,65.277464,16.585998,2.380600,3.573900,2.177900
1,1,65.294066,16.601801,2.593600,2.908600,2.135700
1,1,65.310697,16.631000,2.235500,3.360300,2.072700
1,1,65.327569,16.872201,2.402300,3.241800,2.189700
1,1,65.344169,16.600098,2.719400,3.380600,2.044100
1,1,65.361132,16.963001,2.652400,2.388100,2.002500
1,1,65.377423,16.290698,2.695200,2.797600,2.126000
1,1,65.394347,16.923603,2.574800,2.907100,1.909100
1,1,65.410891,16.544700,2.818400,3.213400,2.166300
1,1,65.427594,16.702298,2.585100,2.638600,1.865700
1,1,65.444117,16.523000,2.416700,3.329700,2.135200
1,1,65.466443,22.326600,2.547500,3.223400,1.927000
1,1,65.477742,11.298399,8.292400,3.686100,2.561100
1,1,65.494335,16.593203,4.053700,2.803500,1.986600
1,1,65.511139,16.804200,2.759000,3.298600,1.959000
1,1,65.527813,16.674399,2.348800,2.434600,1.860400
1,1,65.544472,16.658999,2.246100,3.477200,2.224800
1,1,65.561709,17.236602,3.017000,2.567000,1.862300
1,1,65.577798,16.089000,2.983300,3.041300,2.173200
1,1,65.594885,17.087098,3.087800,2.729300,2.120100
1,1,65.611087,16.202003,2.595000,2.912000,2.198400
1,1,65.627724,16.637098,2.219900,3.389300,2.054300
1,1,65.644595,16.870402,2.435000,3.075100,1.979200
1,1,65.661335,16.740397,2.449300,4.716700,2.456500
1,1,65.678250,16.914502,2.533200,3.336000,1.960300
1,1,65.694842,16.592901,3.227500,3.431200,2.224700
1,1,65.711349,16.506799,2.818600,3.269300,1.990100
1,1,65.727922,16.572800,2.566800,3.598200,2.741500
1,1,65.744693,16.770501,2.512400,2.747600,2.433400
1,1,65.761035,16.342100,2.654200,3.517500,2.213900
1,1,65.777945,16.910799,2.117700,3.398900,1.911200
1,1,65.794468,16.522903,2.496800,3.439600,2.056500
1,1,65.811321,16.852397,2.604200,3.181700,2.162000
1,1,65.828101,16.780000,2.331100,3.801500,2.297200
1,1,65.844766,16.665000,2.620900,2.700500,2.055000
1,1,65.861181,16.415000,2.632300,3.495600,1.999600
1,1,65.878156,16.975500,2.564200,3.571400,2.013500
1,1,65.894587,16.430799,2.461100,3.793100,2.304100
1,1,65.911183,16.596001,2.976600,2.459800,1.906800
1,1,65.927746,16.562503,2.181900,3.229600,2.039500
1,1,65.944679,16.933799,2.455900,2.532000,1.840400
1,1,65.961137,16.457900,2.263500,2.972700,2.453600
1,1,65.977934,16.796399,2.226900,2.540400,1.712700
1,1,65.994413,16.479202,2.237300,3.044400,1.993100
1,1,66.011488,17.074998,2.454300,2.729000,1.658500
1,1,66.027757,16.268700,2.389800,3.499500,1.974300
1,1,66.044700,16.943201,2.361600,2.694200,2.082600
1,1,66.061144,16.443998,2.399800,2.996000,2.362200
1,1,66.078031,16.887702,2.448300,2.914300,2.060300
1,1,66.094543,16.511697,2.515000,3.357200,2.136500
1,1,66.111532,16.988602,2.464600,2.818200,1.998800
1,1,66.127893,16.361501,2.793100,3.337500,1.947700
1,1,66.144902,17.009199,2.583000,2.864900,2.315300
1,1,66.161153,16.250201,2.711600,3.792200,2.176500
1,1,66.178228,17.075598,2.533500,2.806400,2.003600
1,1,66.194968,16.740002,2.791800,3.091900,1.746900
1,1,66.211480,16.512100,3.189000,2.923800,2.082900
1,1,66.228011,16.530201,2.786200,3.051600,1.928600
1,1,66.244359,16.348299,2.429500,3.087700,1.557800
1,1,66.261145,16.785800,2.015500,2.414800,1.524100
1,1,66.277721,16.576398,2.014100,2.496400,1.717300
1,1,66.294493,16.772401,1.896800,3.057800,1.667300
1,1,66.311121,16.627401,2.610500,2.501300,1.785500
1,1,66.327743,16.621999,2.000300,2.556500,1.829400
1,1,66.344461,16.718600,2.022300,2.545000,1.895100
1,1,66.361214,16.752500,2.258100,3.022300,1.542100
1,1,66.378118,16.903799,1.996800,2.753300,1.624500
1,1,66.394573,16.455103,2.679400,3.009200,1.505400
1,1,66.411180,16.606700,2.259000,2.859100,1.917400
1,1,66.428041,16.861100,2.163900,2.694000,1.754700
1,1,66.444594,16.553000,2.435800,2.985200,1.807900
1,1,66.461150,16.556200,2.543400,3.125900,1.814800
1,1,66.477994,16.844202,2.084800,2.680300,1.625500
1,1,66.495029,17.034799,2.397800,2.553000,1.677800
1,1,66.510981,15.952598,2.751600,2.778800,2.007800
1,1,66.528069,17.087501,2.398500,3.038100,1.713100
1,1,66.544365,16.295899,2.536000,2.365300,1.682700
1,1,66.560948,16.582701,2.077500,2.306800,1.872100
1,1,66.577749,16.801801,1.756400,2.215200,1.840500
1,1,66.594353,16.603801,1.869500,2.507900,2.111700
1,1,66.611254,16.900599,1.917600,2.330900,1.674600
1,1,66.627659,16.405299,1.913600,3.106700,1.619600
1,1,66.645218,17.559499,2.075600,2.363900,1.722300
1,1,66.661028,15.809301,2.771100,3.242300,1.898300
1,1,66.677924,16.896002,2.085900,2.312100,1.685300
1,1,66.694490,16.566299,2.123500,2.726100,1.720100
1,1,66.711032,16.541701,2.172300,3.014200,1.624000
1,1,66.727917,16.885597,1.928300,2.486100,2.132800
1,1,66.744347,16.429402,2.319900,3.035900,1.567800
1,1,66.761209,16.861901,2.211600,2.309800,1.946100
1,1,66.777927,16.718499,2.052300,2.891800,1.599500
1,1,66.794551,16.623400,2.218200,3.065800,1.811500
1,1,66.811050,16.499501,2.374800,2.486800,1.762800
1,1,66.827797,16.746797,2.046300,2.187800,1.678000
1,1,66.844386,16.589001,1.856900,2.847300,1.831900
1,1,66.861638,17.251901,1.929900,2.262500,1.510600
1,1,66.877737,16.099501,2.263200,2.985500,1.876900
1,1,66.894896,17.158799,1.970800,2.714900,1.738500
1,1,66.911082,16.185999,2.374400,2.934400,1.715700
1,1,66.927779,16.696502,2.052100,2.248000,1.642900
1,1,66.944527,16.747899,1.928200,2.290600,1.775000
1,1,66.961243,16.716599,2.074600,2.211900,1.754700
1,1,66.977865,16.621500,2.293200,3.084000,1.832800
1,1,66.994480,16.615499,2.161700,2.836100,1.686300
1,1,67.011104,16.624201,2.030300,3.139900,1.919000
1,1,67.027860,16.755901,2.440400,2.457000,1.446100
1,1,67.044607,16.747098,2.236200,3.144300,2.106100
1,1,67.061235,16.627800,2.389300,3.043100,1.559100
1,1,67.078012,16.776800,2.409300,2.578900,1.613400
1,1,67.094441,16.429301,2.466800,2.617000,1.747700
1,1,67.111119,16.677801,2.334700,2.731600,1.700800
1,1,67.127694,16.575400,1.952700,2.811600,1.498600
1,1,67.144547,16.852699,2.014900,2.948100,1.511200
1,1,67.161241,16.694099,2.178200,2.776400,1.641200
1,1,67.178355,17.113801,2.524500,3.060700,1.616300
1,1,67.194477,16.122099,3.421700,4.070500,2.074300
1,1,67.211311,16.834099,2.397700,3.520300,2.022100
1,1,67.227784,16.472504,2.429600,2.847300,2.077600
1,1,67.244570,16.786300,2.132000,3.104300,1.676400
1,1,67.261282,16.711999,2.665400,2.702200,1.696100
1,1,67.277789,16.507499,2.514400,2.910300,1.663400
1,1,67.294375,16.585503,2.158900,2.407300,1.974900
1,1,67.311111,16.735997,2.299400,2.424600,1.543400
1,1,67.327728,16.616501,1.797800,2.909100,1.481700
1,1,67.344456,16.728301,2.043800,2.557900,1.543000
1,1,67.361038,16.581699,2.013700,3.256700,1.655100
1,1,67.378011,16.973801,2.031900,2.189700,1.419200
1,1,67.394418,16.406998,2.117700,2.806600,1.563000
1,1,67.411363,16.944703,2.332200,2.212500,1.474300
1,1,67.427779,16.416099,2.129100,3.029900,1.758800
1,1,67.444860,17.080899,2.969500,2.437000,1.721300
1,1,67.461057,16.197100,2.514100,2.936900,1.823200
1,1,67.477801,16.744301,2.232700,2.518900,1.640300
1,1,67.494607,16.805701,2.326400,2.512800,1.969800
1,1,67.511099,16.492300,2.265000,2.506300,1.623400
1,1,67.527811,16.711898,2.107200,2.423200,1.967300
1,1,67.544479,16.667500,2.130800,2.374200,1.721000
1,1,67.561257,16.778000,2.095400,2.350000,1.732000
1,1,67.578119,16.862202,2.320500,2.403600,1.534000
1,1,67.594481,16.361799,2.491100,3.361200,1.847100
1,1,67.611191,16.710199,3.272000,2.408700,1.754900
1,1,67.627880,16.689099,2.083700,3.181300,2.001100
1,1,67.645111,17.231099,2.302600,2.378700,1.691200
1,1,67.661084,15.972402,2.753600,3.056700,2.160500
1,1,67.678229,17.145101,2.286700,2.319000,1.679700
1,1,67.694404,16.175698,2.474600,3.132800,1.715400
1,1,67.711348,16.943399,2.200100,2.737300,1.884700
1,1,67.728055,16.707700,2.847200,3.155400,1.585100
1,1,67.744386,16.330402,3.200800,2.916300,1.624600
1,1,67.761170,16.783699,2.095100,2.217900,1.809800
1,1,67.777717,16.546998,2.068800,3.167900,1.693800
1,1,67.794935,17.218400,1.954200,2.627400,1.863000
1,1,67.811217,16.282000,2.662800,3.066900,1.812300
1,1,67.827703,16.486000,2.037600,2.969400,1.529300
1,1,67.844333,16.630102,1.983800,2.422200,1.597900
1,1,67.861058,16.724698,1.732500,2.396200,1.567700
1,1,67.877736,16.677901,1.847100,2.427500,1.545600
1,1,67.894498,16.762301,1.848100,2.372600,1.758800
1,1,67.911132,16.633600,1.940300,2.555600,1.934900
1,1,67.927774,16.642001,2.165400,2.342900,1.737300
1,1,67.944598,16.824000,1.841000,3.723300,1.831900
1,1,67.961227,16.628899,2.362200,2.486000,2.016500
1,1,67.977944,16.717698,2.065900,3.116200,1.961100
1,1,67.994476,16.532000,2.405900,2.438600,1.703000
1,1,68.011073,16.596701,2.161300,2.477400,1.645100
1,1,68.027841,16.768400,2.099800,2.498500,1.949000
1,1,68.044598,16.757101,1.994800,3.408700,1.762200
1,1,68.061551,16.952399,2.393000,2.270700,1.600900
1,1,68.077744,16.193401,2.519600,2.365900,1.696800
1,1,68.094617,16.872801,2.030600,2.689500,1.617300
1,1,68.111092,16.475201,2.074500,2.412000,1.629500
1,1,68.127804,16.711298,1.829800,2.434700,1.680700
1,1,68.144594,16.790401,1.882200,2.318500,1.591200
1,1,68.161366,16.772199,2.270700,2.261900,1.522400
1,1,68.177783,16.417101,2.235400,2.482200,1.592400
1,1,68.194422,16.638897,2.247600,2.469100,1.779400
1,1,68.211108,16.686302,1.901200,3.272600,1.912300
1,1,68.228271,17.162498,1.809300,2.842600,1.699300
1,1,68.244824,16.553503,2.280500,2.717100,1.757800
1,1,68.261429,16.604599,2.609200,3.022600,1.984400
1,1,68.278398,16.968898,2.863600,3.026700,1.940200
1,1,68.294558,16.160503,2.890900,2.868800,2.140400
1,1,68.311539,16.980197,2.223700,2.288400,1.488200
1,1,68.328178,16.639102,2.168800,2.593900,2.065000
1,1,68.344629,16.451597,2.394600,2.796200,1.687400
1,1,68.361328,16.699001,1.791200,2.659500,2.246500
1,1,68.378484,17.156102,1.891000,2.551600,1.784700
1,1,68.394652,16.167499,2.437600,2.806500,1.905500
1,1,68.411310,16.658101,2.747600,3.399200,1.743300
1,1,68.427894,16.584497,1.941100,2.843000,1.726400
1,1,68.445153,17.258901,2.011900,2.530500,1.814900
1,1,68.465617,20.463802,2.554600,2.541900,2.008200
1,1,68.478475,12.857299,6.501100,3.019000,2.129900
1,1,68.494738,16.263299,3.231900,2.735500,1.565500
1,1,68.511547,16.808800,2.244500,2.668800,1.828300
1,1,68.528139,16.592100,2.617900,2.546600,1.809900
1,1,68.545464,17.325498,2.537900,2.384700,1.733600
1,1,68.561490,16.025901,2.937900,2.661200,1.765700
1,1,68.578373,16.883101,2.312900,3.075600,1.967400
1,1,68.594891,16.517598,2.393300,2.815900,2.436800
1,1,68.611627,16.735800,2.413900,3.159600,1.673200
1,1,68.628194,16.567100,2.543200,2.521400,1.613500
1,1,68.644878,16.684402,2.412100,2.747200,1.759700
1,1,68.661830,16.951699,2.657700,2.433600,1.687400
1,1,68.678077,16.247302,2.908500,2.308700,1.432700
1,1,68.694790,16.713098,2.153100,2.410900,2.316900
1,1,68.711516,16.725902,2.099300,2.826700,1.453500
1,1,68.728020,16.503498,2.655100,2.361200,1.781900
1,1,68.744740,16.720504,1.880300,2.461300,1.526500
1,1,68.761395,16.654599,2.094500,2.675600,1.588400
1,1,68.778278,16.882997,2.098700,2.955600,1.557000
1,1,68.794745,16.467001,2.469300,2.940000,1.899400
1,1,68.811540,16.795300,2.543400,2.282100,1.625700
1,1,68.828050,16.510401,2.293700,2.562100,1.946700
1,1,68.844897,16.846601,2.417500,2.830500,1.762500
1,1,68.861660,16.762499,2.255300,3.013800,1.642300
1,1,68.877990,16.330902,2.601400,2.483200,2.042800
1,1,68.894573,16.582496,2.119100,2.589800,1.788400
1,1,68.911448,16.874801,2.080200,2.437500,1.671400
1,1,68.928061,16.613599,2.059500,2.855200,1.750900
1,1,68.944784,16.723100,2.213800,2.391500,1.730200
1,1,68.961488,16.703602,2.320600,2.824600,1.739900
1,1,68.978135,16.647000,2.383000,3.001200,1.948600
1,1,68.994827,16.691800,2.576900,2.594300,1.455900
1,1,69.011496,16.668901,2.331000,2.699900,1.938800
1,1,69.028250,16.754199,2.285100,2.998200,2.103600
1,1,69.044876,16.626202,2.400500,2.796600,1.721100
1,1,69.061457,16.580999,2.733000,2.315700,1.572900
1,1,69.078205,16.747799,2.300300,2.809100,1.850400
1,1,69.095082,16.877402,2.347100,2.816000,1.703800
1,1,69.111300,16.217500,2.753800,2.681000,2.148700
1,1,69.128134,16.834497,2.391500,2.644800,2.011100
1,1,69.144892,16.757503,2.065900,2.700500,1.860800
1,1,69.161511,16.619500,2.614300,2.415600,1.578700
1,1,69.178053,16.541697,2.184200,2.858600,1.691200
1,1,69.195084,17.031401,2.331200,2.482000,1.564800
1,1,69.211573,16.488601,2.463000,2.772200,2.408400
1,1,69.228153,16.579501,2.319200,2.718400,1.880000
1,1,69.244838,16.685098,2.438800,2.611100,1.869900
1,1,69.261854,17.016198,2.462700,2.901500,1.944400
1,1,69.278204,16.350202,2.491000,3.460500,1.583800
1,1,69.294666,16.462300,2.520100,2.624200,1.713400
1,1,69.311542,16.875900,2.217400,2.721200,1.738700
1,1,69.327959,16.417000,2.137000,2.764400,1.694000
1,1,69.345018,17.058499,2.754800,2.501800,1.681600
1,1,69.361427,16.408801,2.373700,2.539300,1.792600
1,1,69.378129,16.702797,2.445200,2.905500,1.632200
1,1,69.395173,17.043602,2.482900,2.877700,1.823100
1,1,69.411485,16.312297,3.612800,2.709000,1.796300
1,1,69.427956,16.471103,2.212100,2.972300,1.513700
1,1,69.444725,16.768698,1.696600,2.473000,1.643600
1,1,69.461308,16.583301,1.982800,2.373900,1.849000
1,1,69.478166,16.857401,2.172600,2.323700,1.469800
1,1,69.494884,16.717799,2.039800,2.404700,1.543300
1,1,69.511452,16.568400,2.175400,2.936300,2.140500
1,1,69.528174,16.722400,2.237400,2.921700,2.287400
1,1,69.544835,16.660802,2.295400,2.426800,1.831700
1,1,69.561351,16.516000,2.208400,3.828000,1.867000
1,1,69.578190,16.839299,2.133900,2.857000,1.883600
1,1,69.594715,16.524598,2.317700,3.206200,1.931800
1,1,69.611487,16.772300,2.314700,2.575100,1.670300
1,1,69.628150,16.663000,2.478400,2.349500,1.704000
1,1,69.644936,16.786102,2.501100,2.743200,1.707700
1,1,69.661531,16.594600,2.373000,3.152200,1.519000
1,1,69.678117,16.585801,2.215100,2.666900,1.700700
1,1,69.694954,16.837597,2.259000,2.358700,1.761700
1,1,69.711433,16.478602,2.235100,3.029500,1.799900
1,1,69.728268,16.835101,2.272100,2.298400,1.778100
1,1,69.744798,16.529698,2.248800,2.351500,1.691700
1,1,69.761340,16.542502,2.168100,2.782800,2.015000
1,1,69.778253,16.913097,2.560300,2.211100,1.864800
1,1,69.794806,16.552404,2.248000,2.655500,2.027600
1,1,69.811960,17.154500,2.557800,2.663600,1.588500
1,1,69.828438,16.477298,2.932200,3.514400,2.359600
1,1,69.845221,16.783599,2.810500,2.742000,2.038700
1,1,69.861598,16.377203,3.009000,3.233700,2.442100
1,1,69.878560,16.961399,2.546500,3.178400,2.074400
1,1,69.895115,16.555101,2.837200,2.924100,2.003600
1,1,69.911482,16.367197,2.779600,2.594000,1.980200
1,1,69.928276,16.793802,2.457800,2.900600,2.223700
1,1,69.944776,16.499698,3.181000,2.738900,1.747500
1,1,69.961350,16.574200,2.127300,2.980200,1.793300
1,1,69.978140,16.789801,1.876500,3.021900,1.591500
1,1,69.994729,16.589399,2.119700,2.931500,2.121800
1,1,70.011547,16.818400,2.164200,2.593400,1.772300
1,1,70.028702,17.154898,2.287500,3.046600,2.215400
1,1,70.044929,16.226802,3.294400,2.776900,2.135800
1,1,70.061514,16.584497,2.693900,3.564700,2.107500
1,1,70.078319,16.805600,2.473800,2.964500,2.046400
1,1,70.094967,16.647302,2.574500,2.699100,1.705000
1,1,70.111361,16.394399,2.714900,2.670100,1.796000
1,1,70.128225,16.864199,2.159100,2.791500,1.872800
1,1,70.144692,16.467303,2.346500,2.517900,1.981600
1,1,70.161363,16.670600,2.116100,2.421700,2.217100
1,1,70.178226,16.862798,1.854500,2.381900,1.500500
1,1,70.194796,16.570698,2.325600,2.634400,2.081400
1,1,70.211474,16.677700,2.221900,2.354200,1.562000
1,1,70.228182,16.707901,2.260600,3.330300,1.602000
1,1,70.244776,16.593602,2.276600,2.529200,1.660400
1,1,70.261500,16.724598,2.222600,2.775400,1.808000
1,1,70.278208,16.707901,2.645800,2.886300,1.553000
1,1,70.294854,16.645700,2.514600,2.533400,1.822300
1,1,70.311305,16.450603,2.828300,2.455900,1.796000
1,1,70.328375,17.070599,1.899300,2.209900,1.743500
1,1,70.344781,16.406100,2.391700,2.608500,1.649100
1,1,70.361475,16.693700,2.543900,3.064000,1.664300
1,1,70.378218,16.743097,2.311000,2.487700,1.795600
1,1,70.394742,16.523503,2.107200,2.544300,1.450900
1,1,70.411366,16.624000,2.147800,2.411300,1.564600
1,1,70.428211,16.845997,1.955300,2.444400,1.599000
1,1,70.444688,16.476501,2.280500,2.939000,2.011800
1,1,70.461536,16.847599,2.260900,2.358000,1.712100
1,1,70.478125,16.589303,2.276400,2.577900,1.447700
1,1,70.495006,16.881000,2.277000,2.739500,2.006800
1,1,70.512376,17.370299,2.480600,2.373200,1.692700
1,1,70.528215,15.838999,3.389200,2.873800,1.731300
1,2,77.646274,15.378099,3.917000,3.111100,2.500100
1,2,77.662736,16.461901,2.894500,2.209400,1.602300
1,2,77.679318,16.582102,2.208000,3.320000,1.746300
1,2,77.696050,16.731199,2.191600,2.272000,1.555400
1,2,77.712777,16.727701,2.216100,3.076800,2.131100
1,2,77.729804,17.027099,2.282800,2.202000,1.584500
1,2,77.745957,16.152300,2.481100,2.806800,1.809300
1,2,77.762769,16.812101,2.077900,2.192000,1.681000
1,2,77.779329,16.559899,2.242800,3.259600,1.652100
1,2,77.796133,16.804401,2.757200,2.321900,1.652200
1,2,77.812629,16.495802,2.188300,3.316000,1.870200
1,2,77.829685,17.055999,2.121800,2.185300,1.752300
1,2,77.845860,16.175199,2.469800,3.159100,1.679000
1,2,77.862955,17.094400,2.464000,2.201000,1.679300
1,2,77.879431,16.476601,2.354200,3.081400,1.702400
1,2,77.896110,16.678698,3.167700,2.337200,1.466000
1,2,77.912651,16.541399,2.257000,2.573200,2.056000
1,2,77.929490,16.838599,2.122200,2.215000,1.905700
1,2,77.946128,16.638003,2.424900,3.134700,1.689200
1,2,77.962792,16.664300,2.538500,2.243600,1.448000
1,2,77.979446,16.653597,2.703500,3.349700,1.682200
1,2,77.996048,16.602300,3.219300,2.230900,1.389000
1,2,78.012733,16.685300,2.389000,2.571500,1.904400
1,2,78.029423,16.689800,2.268600,2.210300,1.750300
1,2,78.046078,16.654700,2.293500,2.514800,2.038500
1,2,78.062736,16.658403,2.257600,2.286200,1.935600
1,2,78.079362,16.625397,2.308500,3.177700,1.904800
1,2,78.096275,16.913801,2.243100,2.250100,1.589300
1,2,78.112787,16.511500,2.554400,3.464200,1.860500
1,2,78.129576,16.789299,2.346300,2.312500,1.762200
1,2,78.146044,16.467404,2.490400,2.850800,1.876800
1,2,78.162611,16.567796,2.451000,2.230300,1.686600
1,2,78.179384,16.772803,2.041100,2.218600,1.996600
1,2,78.196119,16.734999,2.126900,2.592300,1.798200
1,2,78.212852,16.732302,2.303300,3.526200,1.683100
1,2,78.229629,16.777497,2.623500,2.229400,1.882100
1,2,78.246078,16.448501,2.571400,3.102900,1.667500
1,2,78.262722,16.644001,2.333700,2.230400,1.497600
1,2,78.279383,16.661700,2.203700,3.137900,1.842600
1,2,78.295975,16.592201,2.265000,2.286600,1.553700
1,2,78.312813,16.837299,2.030900,2.533700,1.791200
1,2,78.329358,16.545098,2.089500,2.227400,1.416400
1,2,78.346056,16.698603,2.330000,2.464400,1.679000
1,2,78.362621,16.564198,2.353100,2.243600,1.495500
1,2,78.379278,16.657200,2.013000,2.837900,1.661600
1,2,78.396005,16.727101,2.117300,2.829300,1.523800
1,2,78.412625,16.620401,2.104800,2.593700,1.874100
1,2,78.429302,16.676400,2.024000,2.242300,1.534400
1,2,78.446097,16.794898,1.987400,2.294100,1.779400
1,2,78.462765,16.668901,3.235500,2.729100,1.810000
1,2,78.479493,16.727202,2.404400,2.555200,1.552400
1,2,78.495983,16.490299,2.569400,2.725800,1.622500
1,2,78.512761,16.777899,2.290800,2.979900,1.567200
1,2,78.529263,16.501602,2.206100,3.064000,1.720500
1,2,78.546279,17.016500,2.176600,2.197600,1.446400
1,2,78.562593,16.314298,2.354000,2.558800,1.876500
1,2,78.579609,17.016102,2.071500,2.322400,1.462100
1,2,78.595910,16.300101,2.335000,2.477600,1.574200
1,2,78.612613,16.703200,2.058300,2.188000,1.535900
1,2,78.629280,16.667597,1.783500,2.409300,1.675500
1,2,78.646111,16.830202,1.914800,2.449400,1.665100
1,2,78.662687,16.576398,2.144800,2.531700,2.073800
1,2,78.679325,16.638000,2.127000,2.319000,1.668900
1,2,78.696041,16.716503,2.047200,2.253600,1.632000
1,2,78.712805,16.763099,2.158500,2.715600,1.825200
1,2,78.729490,16.685501,2.152900,2.465900,1.765100
1,2,78.746105,16.614702,2.245800,2.504200,1.862900
1,2,78.762667,16.562797,2.158100,3.024000,2.223500
1,2,78.779598,16.930699,2.156300,2.065600,1.721100
1,2,78.796243,16.645201,2.551500,3.502900,2.014000
1,2,78.812927,16.683102,2.656800,3.374900,1.862900
1,2,78.829518,16.591899,2.619100,3.202800,2.036500
1,2,78.846242,16.723402,2.496300,3.038600,2.033000
1,2,78.862819,16.576897,2.965400,3.138700,1.986900
1,2,78.879528,16.709201,2.470800,2.301700,1.777400
1,2,78.896098,16.570501,2.509700,2.910700,1.791800
1,2,78.912962,16.863398,2.177000,2.843000,1.753300
1,2,78.929292,16.330000,2.588600,2.615800,1.688300
1,2,78.946234,16.942602,2.312700,2.224400,1.936300
1,2,78.962840,16.605798,2.454400,2.676900,1.960200
1,2,78.979668,16.827602,2.572200,2.901300,1.818600
1,2,78.996081,16.413100,2.596300,2.948800,2.329700
1,2,79.012808,16.727000,2.564400,2.281800,1.738600
1,2,79.029418,16.610298,2.132500,3.253600,1.997500
1,2,79.046334,16.915500,2.356100,2.356500,1.645400
1,2,79.062808,16.474798,2.495100,2.606400,2.021300
1,2,79.079510,16.701303,2.304800,2.261900,1.703700
1,2,79.096063,16.552899,2.607900,3.011600,1.787500
1,2,79.112986,16.923398,2.860600,2.401100,1.976200
1,2,79.129365,16.378403,2.577400,2.440000,1.809300
1,2,79.146149,16.784199,2.274700,2.201000,1.882600
1,2,79.162717,16.568299,2.283500,2.524100,2.156000
1,2,79.179405,16.688500,2.414500,2.159800,1.614200
1,2,79.196167,16.761500,2.289800,2.922900,2.191100
1,2,79.212858,16.691402,2.531900,2.568100,1.755200
1,2,79.229552,16.693398,2.439100,2.390800,1.943900
1,2,79.246257,16.705200,2.565400,2.774900,1.849200
1,2,79.262753,16.496200,2.597600,2.518600,1.766800
1,2,79.279559,16.805600,2.417900,2.336000,1.789800
1,2,79.296184,16.625099,2.572700,2.407200,1.791000
1,2,79.312790,16.606301,2.429000,2.337900,1.789000
1,2,79.329651,16.860902,2.329200,2.743300,1.720800
1,2,79.346248,16.596597,2.642800,2.536500,1.708100
1,2,79.362657,16.408801,2.589500,3.198500,1.851500
1,2,79.379541,16.884699,2.303400,2.246600,1.671700
1,2,79.395948,16.407102,2.335100,2.847200,1.876900
1,2,79.412749,16.800698,2.381600,2.504100,1.486000
1,2,79.429310,16.561002,2.172400,2.621800,1.705500
1,2,79.446068,16.757499,2.174200,2.160800,1.677200
1,2,79.462537,16.469099,2.132500,3.830900,1.872400
1,2,79.479673,17.136302,2.051600,2.633400,1.442200
1,2,79.496121,16.448099,2.370700,2.567900,1.640400
1,2,79.512863,16.741801,2.267400,2.120800,1.523800
1,2,79.529316,16.452998,2.051800,2.352300,1.953200
1,2,79.546210,16.894203,2.259300,2.465200,1.797500
1,2,79.562731,16.520500,2.762100,3.246500,2.238600
1,2,79.579498,16.766999,2.269400,2.936000,1.728300
1,2,79.596200,16.702197,2.137800,2.315000,2.191600
1,2,79.612814,16.614500,2.364700,2.476000,1.598800
1,2,79.629536,16.721502,2.191100,2.679700,1.468100
1,2,79.646120,16.584601,2.654000,3.017900,1.639900
1,2,79.663026,16.905997,2.214600,2.851800,1.969500
1,2,79.679471,16.444802,2.460700,2.392000,1.429200
1,2,79.695992,16.520698,2.266900,2.277100,1.928800
1,2,79.712820,16.828001,2.172700,2.152400,1.372500
1,2,79.729468,16.647801,2.031200,2.418000,1.739500
1,2,79.746046,16.578302,2.299800,2.260600,1.749300
1,2,79.762796,16.750198,1.907600,2.623300,1.595000
1,2,79.779415,16.619299,2.169300,2.507300,1.693600
1,2,79.796131,16.715601,2.156200,2.444500,1.554600
1,2,79.812657,16.526002,2.398000,2.823700,1.452500
1,2,79.829799,17.142497,1.872400,3.755100,1.742100
1,2,79.846104,16.305000,2.692200,2.202800,1.552800
1,2,79.862882,16.777702,2.356800,2.284000,1.414300
1,2,79.879469,16.586300,2.796400,2.257300,1.907200
1,2,79.895909,16.440801,2.110100,2.380600,1.572100
1,2,79.912856,16.946599,2.212700,3.295100,1.468200
1,2,79.929303,16.446602,2.276000,2.367200,2.099000
1,2,79.946306,17.003298,2.173400,2.158600,1.437000
1,2,79.962563,16.257402,2.282600,2.300700,1.669100
1,2,79.979538,16.974598,2.022600,2.179300,1.683600
1,2,79.995887,16.349100,2.423700,2.353900,2.260100
1,2,80.012791,16.904101,1.978800,2.293900,1.656100
1,2,80.029284,16.492702,2.241200,2.527300,2.229300
1,2,80.046147,16.863000,2.187500,2.961600,1.461000
1,2,80.062608,16.461499,2.344500,3.338400,1.967400
1,2,80.079589,16.980499,3.377500,2.224600,1.583600
1,2,80.096001,16.412299,2.373700,2.879600,1.928600
1,2,80.112754,16.752601,2.420700,2.191900,1.866600
1,2,80.129561,16.807802,2.081300,4.158300,1.901600
1,2,80.146146,16.584199,2.489700,3.310000,1.888700
1,2,80.162670,16.524099,2.342800,3.049100,1.987600
1,2,80.179372,16.702302,2.243700,2.134300,1.445400
1,2,80.195939,16.566601,2.009700,2.529500,1.965800
1,2,80.212870,16.931597,2.084300,2.125100,1.650400
1,2,80.229448,16.578201,2.300600,2.912500,2.035600
1,2,80.246275,16.826201,2.220800,2.799000,1.633100
1,2,80.262703,16.428299,2.690200,2.950300,1.880500
1,2,80.279538,16.834799,2.226800,2.352700,1.828800
1,2,80.296163,16.625602,2.419500,2.557600,1.877500
1,2,80.312779,16.615398,2.575000,2.400200,1.760500
1,2,80.329374,16.594902,2.258200,4.688500,1.965000
1,2,80.346235,16.861398,2.217700,2.338800,1.652500
1,2,80.362692,16.456902,2.768700,3.530200,2.023300
1,2,80.379438,16.745999,2.324000,2.690800,1.566400
1,2,80.395967,16.528800,2.336300,3.342300,1.877300
1,2,80.412855,16.888298,2.294700,2.302500,1.801500
1,2,80.429356,16.501002,2.194300,3.381800,1.828800
1,2,80.446450,17.094001,2.309700,2.437600,1.644700
1,2,80.462689,16.239397,2.689600,3.300100,2.059400
1,2,80.479638,16.948503,2.745500,2.413500,1.669400
1,2,80.496019,16.380697,2.824200,2.865500,1.855500
1,2,80.513059,17.039903,2.439700,2.301800,1.393400
1,2,80.529368,16.309198,2.571000,3.401200,1.737300
1,2,80.546082,16.714402,2.334100,2.255500,1.502800
1,2,80.562987,16.905099,2.236800,2.621000,1.836400
1,2,80.579464,16.477101,2.213000,2.354700,1.912200
1,2,80.596268,16.803600,2.221600,2.551800,1.493600
1,2,80.612970,16.701799,2.388000,2.448500,1.569600
1,2,80.632309,19.338902,2.316600,3.167900,1.882900
1,2,80.646510,14.201097,5.222100,2.725000,2.018000
1,2,80.663357,16.847402,2.755800,2.729300,1.930400
1,2,80.679772,16.414799,2.884000,2.603100,2.039900
1,2,80.696242,16.470302,3.071000,3.361000,1.752600
1,2,80.712933,16.690500,2.500600,2.444600,1.825300
1,2,80.729596,16.663399,2.296900,2.423400,1.882800
1,2,80.746340,16.744200,2.295000,2.487300,1.491500
1,2,80.762826,16.485598,2.518100,3.101300,1.939500
1,2,80.780410,17.584100,2.127700,2.806700,1.612400
1,2,80.796284,15.873902,3.351300,2.772100,1.732900
1,2,80.813245,16.961500,2.862700,3.362200,1.823800
1,2,80.830397,17.151602,2.727700,3.443700,1.857700
1,2,80.846225,15.828397,3.224700,2.511600,1.937000
1,2,80.862846,16.620699,2.465800,2.447600,2.178900
1,2,80.879550,16.703900,2.322100,2.539500,1.988800
1,2,80.896362,16.812302,2.340100,3.117500,1.892500
1,2,80.912873,16.510200,2.558400,2.690200,1.926000
1,2,80.929533,16.660199,2.310100,2.432900,2.126700
1,2,80.946384,16.851701,2.348700,2.468600,1.704900
1,2,80.963025,16.640201,2.365100,2.298000,1.980900
1,2,80.979487,16.462598,3.275900,2.414700,1.622100
1,2,80.996109,16.621303,2.323600,2.543200,1.957500
1,2,81.012704,16.595799,2.226700,2.679900,1.745500
1,2,81.029564,16.859200,2.218300,2.167200,1.946500
1,2,81.046116,16.552400,2.419000,2.772600,2.199100
1,2,81.063033,16.916998,2.559400,2.292400,1.758000
1,2,81.079428,16.395003,2.583300,3.116900,1.876400
1,2,81.096252,16.824298,2.465100,2.976900,2.443000
1,2,81.112831,16.579002,2.562600,3.861000,1.906700
1,2,81.129452,16.620997,2.299100,2.499500,2.288600
1,2,81.146342,16.890001,2.209500,3.847400,2.045500
1,2,81.162757,16.414903,2.468800,4.337300,1.797000
1,2,81.179543,16.785700,2.133100,2.905500,1.802700
1,2,81.196082,16.538698,2.370400,2.623300,1.680500
1,2,81.212760,16.678002,2.211000,3.287200,1.871300
1,2,81.229486,16.726699,2.018600,3.101700,1.833100
1,2,81.246098,16.611598,2.359700,3.133400,1.684600
1,2,81.262810,16.711902,2.243000,2.513500,1.677800
1,2,81.279737,16.927700,2.296200,3.273600,1.580300
1,2,81.296252,16.514398,2.686800,2.687700,1.632200
1,2,81.313012,16.760200,2.519600,3.462200,1.522600
1,2,81.329641,16.629200,2.489600,3.075700,1.902300
1,2,81.346407,16.766299,2.582100,3.307400,1.612600
1,2,81.362861,16.453803,3.191000,3.354200,1.889400
1,2,81.379952,17.090999,3.167300,3.460800,1.743500
1,2,81.396412,16.459201,2.890100,3.522800,2.635300
1,2,81.413257,16.845901,2.911600,3.384300,1.916000
1,2,81.429602,16.344499,2.823800,3.207300,1.914200
1,2,81.446527,16.925499,2.373800,3.409200,2.026900
1,2,81.462947,16.419802,2.615500,2.814900,1.999000
1,2,81.479760,16.812999,2.470600,2.634400,2.053200
1,2,81.496243,16.483203,2.755800,3.732200,2.327200
1,2,81.513058,16.814299,2.446200,2.928500,2.210400
1,2,81.529739,16.681701,2.565600,3.270400,2.160400
1,2,81.546497,16.757298,2.705900,3.349400,1.936500
1,2,81.563055,16.558599,2.879300,3.765800,2.243700
1,2,81.579690,16.634401,2.831300,2.709600,2.108000
1,2,81.596280,16.590100,2.361100,3.254800,2.434900
1,2,81.613232,16.952302,2.285300,2.745000,1.937500
1,2,81.629572,16.339697,2.620300,3.890100,2.404000
1,2,81.646658,17.086402,2.622200,2.684000,2.538500
1,2,81.663611,16.952600,2.750700,3.776000,2.331800
1,2,81.679887,16.276300,3.298800,3.077000,2.240100
1,2,81.696569,16.682100,3.789100,3.959500,2.331200
1,2,81.713362,16.792499,5.094400,3.817100,2.711000
1,2,81.729915,16.553603,3.078800,3.803200,2.164900
1,2,81.746614,16.698997,4.431700,3.307600,2.311200
1,2,81.762869,16.254701,3.108500,3.629600,2.122700
1,2,81.779836,16.966801,2.563600,2.838000,1.850600
1,2,81.796460,16.624600,3.088900,3.574000,2.152500
1,2,81.813159,16.698901,2.988200,3.627300,2.373200
1,2,81.829720,16.560599,2.843100,3.606500,2.583400
1,2,81.846575,16.854700,2.784600,3.471100,1.984100
1,2,81.863108,16.533099,3.044000,3.531000,2.335700
1,2,81.879875,16.767602,2.831600,3.256400,2.107600
1,2,81.896396,16.520500,2.876000,3.860500,2.116400
1,2,81.913029,16.633298,2.850800,3.563900,2.627000
1,2,81.929710,16.681101,2.706800,3.235400,2.571800
1,2,81.946587,16.876698,3.025000,3.356400,2.291900
1,2,81.963121,16.534202,2.849000,3.566100,2.534300
1,2,81.979942,16.821299,2.682400,2.748500,2.353800
1,2,81.996376,16.433500,2.866900,3.939700,2.293700
1,2,82.013159,16.782902,2.729900,3.817500,2.143700
1,2,82.029602,16.443200,2.596600,4.088100,2.190000
1,2,82.046535,16.933098,2.569700,2.996900,2.155100
1,2,82.063010,16.475398,2.871700,3.815600,2.124400
1,2,82.080304,17.293300,3.077700,3.225500,2.292600
1,2,82.096265,15.960701,3.252300,3.988500,2.360300
1,2,82.113149,16.884502,2.593400,2.896300,2.087100
1,2,82.129701,16.551897,2.514700,3.623200,2.302000
1,2,82.146536,16.835600,2.623500,2.719400,2.236500
1,2,82.162918,16.381603,2.601400,3.259100,2.088800
1,2,82.180029,17.110698,2.456500,2.738500,1.839800
1,2,82.196221,16.191702,2.913300,3.506200,1.714900
1,2,82.213251,17.030798,2.549400,3.198900,1.784200
1,2,82.229709,16.458001,2.876900,3.746000,2.188400
1,2,82.246607,16.897801,2.792000,2.859400,2.356700
1,2,82.263125,16.518097,2.752900,3.429100,2.023600
1,2,82.279542,16.416401,2.635900,2.655800,1.894800
1,2,82.296284,16.741902,2.332600,2.553900,2.140600
1,2,82.313343,17.059699,2.303200,3.503900,1.994700
1,2,82.329710,16.366299,2.819000,2.718600,2.158200
1,2,82.346255,16.545899,2.402800,3.065500,2.286800
1,2,82.363040,16.784303,2.361000,2.808400,2.009000
1,2,82.379751,16.710900,2.491300,3.652100,1.981600
1,2,82.396300,16.549498,3.198000,3.296000,1.727700
1,2,82.413096,16.796201,2.587800,2.844700,2.029600
1,2,82.429869,16.773000,2.682800,2.459700,1.665200
1,2,82.446245,16.375799,2.717700,2.491400,1.738500
1,2,82.462967,16.721901,2.570700,3.102400,1.546200
1,2,82.479621,16.653799,2.438300,2.606200,1.925300
1,2,82.496244,16.623203,2.526700,2.778400,1.627200
1,2,82.512974,16.729798,2.719300,2.864200,1.554200
1,2,82.530186,17.212402,2.549000,3.206000,1.890100
1,2,82.546358,16.171400,3.156800,3.205300,1.766400
1,2,82.562860,16.502600,2.678900,2.216000,1.563300
1,2,82.579436,16.576000,2.174100,3.129200,1.594100
1,2,82.596225,16.788300,2.149600,2.410600,1.623400
1,2,82.613090,16.865797,2.398000,3.230100,1.893000
1,2,82.630116,17.025203,2.545200,2.293100,1.799600
1,2,82.646263,16.147699,2.872500,3.088300,1.707800
1,2,82.662934,16.671199,3.131900,2.317200,1.731000
1,2,82.680024,17.089799,2.438500,3.066800,1.787000
1,2,82.696913,16.888402,2.868600,2.353900,1.827100
1,2,82.713153,16.240500,2.986900,3.368000,2.018700
1,2,82.729915,16.762201,2.796300,2.768000,1.539300
1,2,82.746069,16.154099,2.992700,3.154100,2.223700
1,2,82.762837,16.767301,2.041500,2.087400,1.671400
1,2,82.779468,16.630899,1.860300,2.251300,2.113100
1,2,82.796259,16.791698,2.131500,2.187800,1.728700
1,2,82.813081,16.822200,2.061700,2.901500,1.916300
1,2,82.830791,17.709203,2.648000,2.415200,1.527500
1,2,82.846244,15.453000,4.022400,2.974700,1.985400
1,2,82.863212,16.968500,2.729500,2.226200,1.809400
1,2,82.879749,16.536400,2.706700,3.858100,2.072300
1,2,82.896241,16.492199,2.725200,2.612000,1.580600
1,2,82.912954,16.712900,2.224500,3.082500,1.802800
1,2,82.929913,16.959000,2.645900,2.322500,1.572000
1,2,82.946198,16.285200,2.585200,2.670900,1.921200
1,2,82.962988,16.789600,2.923800,2.230500,1.493000
1,2,82.979634,16.646899,2.245800,2.653100,2.017700
1,2,82.996258,16.623899,2.386100,2.376700,2.220300
1,2,83.012844,16.586199,2.291800,3.267100,2.222200
1,2,83.029598,16.753603,2.133300,2.231600,1.797000
1,2,83.046235,16.637098,2.410500,4.815700,2.154000
1,2,83.062977,16.742099,2.246400,2.346100,1.549900
1,2,83.079587,16.609300,2.196300,2.386300,1.778000
1,2,83.096276,16.689301,2.431600,2.357400,1.754900
1,2,83.113233,16.956601,2.005000,2.584200,1.868000
1,2,83.129639,16.406100,2.618200,2.516500,1.588900
1,2,83.146367,16.727999,2.333800,2.459900,1.947100
1,2,83.163114,16.746901,2.449700,2.603900,2.176400
1,2,83.179530,16.416099,2.336900,4.770000,2.093600
1,2,83.196219,16.689602,2.297200,3.062300,1.870700
1,2,83.212988,16.768899,2.035800,2.436500,1.959500
1,2,83.229919,16.930599,2.300800,2.623000,2.008400
1,2,83.246718,16.799100,2.988100,2.826900,1.888600
1,2,83.262852,16.133800,3.068500,2.439200,1.833700
1,2,83.280040,17.188400,2.156300,2.322900,1.697500
1,2,83.296198,16.158301,2.915200,2.811400,1.634800
1,2,83.313067,16.868901,2.245900,2.288000,1.660500
1,2,83.329547,16.479701,2.298200,2.369900,1.973800
1,2,83.346373,16.826097,2.082200,2.802600,1.789000
1,2,83.363461,17.087702,2.309300,3.346200,1.973500
1,2,83.379627,16.166698,2.932300,2.633900,1.825000
1,2,83.396551,16.923603,2.266600,2.193800,2.126800
1,2,83.413371,16.819499,2.726900,2.655100,1.705800
1,2,83.429898,16.527798,2.583100,2.795800,1.780100
1,2,83.446896,16.998000,2.994400,3.288700,1.990100
1,2,83.463039,16.142800,2.820300,2.548700,1.898800
1,2,83.479723,16.684301,2.202800,2.925800,1.788300
1,2,83.496532,16.808800,2.268100,3.037500,1.881300
1,2,83.513043,16.510598,2.927000,2.433900,2.101700
1,2,83.529735,16.692001,2.063000,3.440000,1.760600
1,2,83.546404,16.669299,2.298300,2.465200,1.710200
1,2,83.563051,16.646698,2.088200,2.387600,1.898000
1,2,83.579757,16.706601,2.136300,2.406600,1.754000
1,2,83.596403,16.645700,2.288200,2.797700,1.903100
1,2,83.613071,16.667701,2.302200,2.303300,1.973700
1,2,83.629800,16.728800,2.252100,2.839400,1.855900
1,2,83.646837,17.037801,2.237900,2.930300,1.639900
1,2,83.662962,16.124699,2.917700,3.057200,1.522700
1,2,83.679657,16.694598,2.207800,2.741900,1.645400
1,2,83.696479,16.822301,1.882500,2.636800,1.874000
1,2,83.713059,16.580202,2.085500,2.578400,1.649100
1,2,83.729911,16.851798,3.531000,2.339600,1.899900
1,2,83.746404,16.493302,2.342800,3.198400,1.423500
1,2,83.763109,16.704299,2.501100,2.144400,2.154000
1,2,83.779650,16.541000,2.242500,2.911300,1.685200
1,2,83.796598,16.948402,2.157100,2.187400,1.640700
1,2,83.813070,16.471900,2.252500,2.324600,1.830000
1,2,83.829858,16.787998,2.274100,2.252100,1.500700
1,2,83.846555,16.697001,2.270400,3.011400,1.856400
1,2,83.863125,16.570199,2.697900,2.238600,1.471500
1,2,83.879768,16.643200,2.122200,3.357100,1.738300
1,2,83.896544,16.775601,2.335900,2.334300,1.402900
1,2,83.913192,16.647998,2.332800,3.180000,1.829200
1,2,83.929824,16.632199,2.359100,2.377500,1.708100
1,2,83.946311,16.486600,2.265000,2.507500,1.831800
1,2,83.963140,16.829502,2.196700,2.372800,1.893100
1,2,83.979814,16.674299,2.116600,2.952500,1.896600
1,2,83.996374,16.559802,2.274100,2.198200,1.510800
1,2,84.013007,16.632199,2.055800,3.200000,1.740000
1,2,84.029809,16.802602,2.122200,2.173800,1.434800
1,2,84.046260,16.450498,2.039600,2.975700,1.750400
1,2,84.063671,17.411601,1.977300,2.108700,1.585300
1,2,84.079610,15.938997,2.504500,2.851200,1.715700
1,2,84.097158,17.548103,2.116200,2.905000,1.588200
1,2,84.112973,15.814800,3.126300,2.798000,1.821300
1,2,84.129895,16.921498,2.369000,2.736000,1.530900
1,2,84.146312,16.417101,2.142800,3.068200,2.227000
1,2,84.163211,16.899299,2.095800,2.294600,1.482100
1,2,84.179638,16.427100,2.614800,3.464700,1.784100
1,2,84.196509,16.871400,2.094500,2.273600,1.937200
1,2,84.212918,16.408902,2.127000,2.835500,1.542100
1,2,84.229971,17.052401,1.991600,2.684200,1.574600
1,2,84.246373,16.402498,2.669200,2.942700,1.874400
1,2,84.263620,17.246202,2.355300,2.148000,1.504400
1,2,84.279763,16.143300,2.781300,2.797300,1.837600
1,2,84.296577,16.814400,3.098400,2.184900,1.490700
1,2,84.313124,16.546901,2.165300,2.768800,2.071100
1,2,84.330114,16.989399,2.423500,2.536100,1.785300
1,2,84.346494,16.380999,2.592300,3.723800,2.100100
1,2,84.363272,16.778000,2.427100,2.533300,1.633800
1,2,84.379898,16.626000,2.267500,3.272600,2.082100
1,2,84.396587,16.688302,2.325500,2.417700,1.625200
1,2,84.413126,16.538899,2.294300,2.540000,2.190800
1,2,84.430125,16.999498,2.129600,2.401200,1.445900
1,2,84.446492,16.366500,2.667400,3.159400,2.183600
1,2,84.463264,16.772702,2.922500,2.193500,1.595300
1,2,84.479855,16.590398,2.426600,3.049400,1.668500
1,2,84.496574,16.718701,2.639100,2.466700,1.579400
1,2,84.513119,16.545899,2.433500,3.507900,1.738900
1,2,84.530116,16.996402,2.231300,2.324200,1.575100
1,2,84.546394,16.278200,3.020100,2.846000,2.165200
1,2,84.563134,16.739998,3.190900,2.304200,1.736700
1,2,84.579781,16.646601,2.013000,3.235900,1.766300
1,2,84.596944,17.163500,2.185500,2.269100,1.660500
1,2,84.613275,16.330700,2.632600,2.694100,1.774500
1,2,84.629849,16.573898,2.487500,2.326000,2.064900
1,2,84.646519,16.670402,2.157800,2.691500,1.974500
1,2,84.663263,16.744398,2.315900,2.400100,1.572600
1,2,84.679743,16.479202,2.166600,3.078800,1.935900
1,2,84.696671,16.928498,2.115400,2.483100,1.648500
1,2,84.713215,16.543902,2.397500,2.852000,1.928700
1,2,84.730363,17.147500,2.783100,2.347500,1.607800
1,2,84.746463,16.100097,3.256100,3.315200,1.646900
1,2,84.763425,16.962003,2.460500,2.202300,1.572900
1,2,84.779827,16.401898,2.337400,3.351900,1.890700
1,2,84.796846,17.019000,2.407700,2.280700,1.665900
1,2,84.813089,16.243100,2.575400,3.304500,1.785700
1,2,84.830231,17.141800,2.259900,2.196500,1.697700
1,2,84.846439,16.208299,3.129000,2.344600,1.985400
1,2,84.863307,16.868103,2.404100,2.618600,1.640500
1,2,84.879872,16.564697,2.348200,2.801000,1.989400
1,2,84.896576,16.704403,2.513900,2.363800,1.781600
1,2,84.913294,16.717698,2.323300,2.860000,1.681000
1,2,84.929729,16.435198,2.837300,3.044500,1.606300
1,2,84.946497,16.767602,2.079600,2.316100,1.579600
1,2,84.963504,17.007001,2.102700,2.582700,1.465700
1,2,84.979948,16.444799,2.518500,2.379300,1.566800
1,2,84.996811,16.862601,2.349200,3.085300,1.431700
1,2,85.013381,16.570300,2.604800,2.812800,1.717100
1,2,85.030042,16.661100,2.309800,2.315000,1.769500
1,2,85.046840,16.797498,2.325600,2.569400,1.511000
1,2,85.063262,16.422302,2.584900,3.019500,1.602400
1,2,85.080184,16.921699,2.100200,2.962700,1.651300
1,2,85.096597,16.413100,2.552800,3.300000,1.878200
1,2,85.113425,16.827900,2.222700,2.936600,1.473900
1,2,85.129910,16.485002,2.416900,2.924100,2.037300
1,2,85.146961,17.051499,2.349500,2.625500,1.589900
1,2,85.163289,16.328000,2.719800,2.657600,1.825000
1,2,85.180052,16.762801,2.306500,2.852000,1.567100
1,2,85.196651,16.598698,2.273600,2.345200,1.824100
1,2,85.213673,17.021902,2.045500,2.373300,1.457500
1,2,85.229928,16.254999,2.611400,2.424800,1.687900
1,2,85.246565,16.636800,2.025900,2.590600,1.915400
1,2,85.263579,17.014500,2.096600,2.341500,1.941900
1,2,85.279931,16.351700,2.262100,2.343200,1.425700
1,2,85.296747,16.816299,2.742400,2.469400,1.723100
1,2,85.313388,16.641002,2.214900,2.529900,1.587600
1,2,85.330105,16.716599,2.291000,2.402900,1.647900
1,2,85.346698,16.593300,2.314400,2.740100,1.717700
1,2,85.363360,16.662300,2.629500,2.280100,1.468200
1,2,85.379965,16.604602,2.219600,2.628600,1.549100
1,2,85.397098,17.133497,2.353800,3.590500,1.640200
1,2,85.413283,16.184501,2.796600,3.171300,2.414300
1,2,85.430080,16.796902,2.239400,2.509200,1.480600
1,2,85.446908,16.827799,2.458500,2.612000,1.941200
1,2,85.463333,16.425900,2.628000,2.892500,1.409500
1,2,85.479932,16.599000,2.236000,3.090600,1.686700
1,2,85.496652,16.719401,2.420100,2.853400,1.529000
1,2,85.513206,16.553897,2.231900,3.340300,1.858600
1,2,85.530144,16.938303,2.061100,2.302000,1.732900
1,2,85.546620,16.475998,2.221900,3.312700,1.616200
1,2,85.563444,16.824000,2.147600,2.200200,1.425200
1,2,85.579870,16.426399,2.507800,3.142600,1.601000
1,2,85.596762,16.891502,2.387400,2.230700,1.966700
1,2,85.613243,16.480800,2.264300,3.511500,1.769800
1,2,85.630083,16.839899,2.251900,2.223600,2.056000
1,2,85.646638,16.555201,2.215800,3.385800,1.654600
1,2,85.663438,16.800098,2.230900,2.492400,1.670300
1,2,85.679935,16.497500,2.391600,2.965700,1.778700
1,2,85.696775,16.839202,2.345500,2.250800,1.399700
1,2,85.716136,19.360997,2.222200,3.593200,1.887900
1,2,85.730176,14.040504,5.141700,2.635000,1.900400
1,2,85.746657,16.481299,2.518400,2.927500,1.744900
1,2,85.763635,16.977198,2.288900,2.788200,1.460900
1,2,85.780354,16.718902,2.362400,2.984000,1.550100
1,2,85.796942,16.588800,2.728500,2.390500,2.429600
1,2,85.813356,16.413301,2.480100,2.929000,1.884100
1,2,85.830524,17.168198,2.599500,2.365300,2.336100
1,2,85.846646,16.121801,2.975600,3.250100,1.689200
1,2,85.863584,16.938299,2.698800,3.011200,1.514200
1,2,85.880091,16.506899,2.424100,3.141100,2.218700
1,2,85.897521,17.430000,2.581300,2.413600,1.954000
1,2,85.913400,15.879601,3.552900,2.825400,1.826500
1,2,85.930177,16.776599,3.315000,2.451700,1.803600
1,2,85.946925,16.748101,2.521000,3.193200,1.924000
1,2,85.963604,16.679101,2.890700,2.322100,1.514500
1,2,85.979880,16.275302,2.473500,3.048800,1.544500
1,2,85.996787,16.907398,2.383400,2.316300,1.675700
1,2,86.013285,16.498402,2.428100,2.649500,1.667400
1,2,86.030197,16.911797,2.366100,2.381900,1.752700
1,2,86.046609,16.412303,2.487000,3.267300,1.902300
1,2,86.063123,16.513798,2.330100,2.329300,1.865600
1,2,86.079888,16.764801,1.803300,2.761100,2.085700
1,2,86.097116,17.227501,2.058800,2.329100,1.756900
1,2,86.113135,16.019799,2.529700,3.024200,1.414900
1,2,86.129877,16.741700,2.758400,2.157400,1.455800
1,2,86.146516,16.638700,2.017500,2.900200,1.703900
1,2,86.163615,17.099198,2.293900,2.425200,1.615000
1,2,86.180031,16.416002,3.027100,3.005600,1.719700
1,2,86.204411,24.379898,2.666000,2.557000,1.789500
1,2,86.213487,9.075701,13.127800,3.432300,1.731100
1,2,86.230029,16.542800,2.271400,2.483600,1.645300
1,2,86.246913,16.883302,2.367200,3.237600,1.995100
1,2,86.269111,22.198498,2.565400,2.759700,9.450200
1,2,86.280171,11.059701,7.920200,2.822800,9.450200
1,2,86.297101,16.929798,2.501600,11.366000,10.713000
1,2,86.313904,16.803000,2.708400,11.366000,6.085400
1,2,86.330280,16.376801,3.291600,21.184900,6.085400
1,2,86.349648,19.367501,2.676500,29.173599,8.975300
1,2,86.376060,26.412297,3.007800,26.511101,5.274900
1,2,86.403853,27.793102,3.235500,27.938801,6.167400
1,2,86.431759,27.906001,3.175400,27.552999,9.851400
1,2,86.458297,26.537199,3.259800,26.669300,3.639300
1,2,86.485850,27.553301,3.110400,27.634100,5.980000
1,2,86.510908,25.058199,3.059300,25.027901,8.031700
1,2,86.540549,29.640801,3.067000,29.620199,4.783400
1,2,86.567348,26.799399,3.343000,26.892799,2.668200
1,2,86.593905,26.557099,2.793100,26.374599,2.783700
1,2,86.620942,27.036402,3.003000,27.365700,3.099800
1,2,86.650252,29.310197,3.060000,29.057199,2.136400
1,2,86.677884,27.632203,2.965800,27.462000,2.292700
1,2,86.704922,27.037799,3.204300,27.026400,2.530100
1,2,86.734459,29.536601,3.148700,29.765100,2.527400
1,2,86.762993,28.533999,6.093400,28.215700,2.668100
1,2,86.793513,30.520398,3.221900,29.705000,2.130800
1,2,86.821699,28.185602,3.946800,27.419500,4.089100
1,2,87.064882,243.183900,5.291200,244.560699,3.298200
1,2,87.091817,26.934300,4.947200,26.625601,4.192600
1,2,87.118253,26.436798,3.695500,27.139500,2.630900
1,2,87.145969,27.715802,3.731300,26.889799,2.258900
1,2,87.174825,28.855998,3.744400,28.530500,2.714200
1,2,87.201246,26.420802,4.628600,26.374901,2.338300
1,2,87.228748,27.501497,4.285500,28.245701,2.136500
1,2,87.254470,25.722601,3.372200,26.115400,2.386400
1,2,87.282341,27.871102,3.399200,27.386700,1.935100
1,2,87.309669,27.327601,3.290400,27.026199,1.950200
1,2,87.336066,26.397299,3.615400,26.911600,2.576200
1,2,87.362422,26.356000,3.297000,26.812000,2.148300
1,2,87.390201,27.778499,3.653700,27.415800,3.514400
1,2,87.415594,25.393199,3.245100,25.334700,2.548700
1,2,87.444568,28.973602,3.304300,29.135700,1.788300
1,2,87.471708,27.140398,3.279000,27.206900,1.761400
1,2,87.497466,25.758103,2.615600,25.955099,1.754700
1,2,87.524117,26.651498,2.434200,26.592199,1.766900
1,2,87.551561,27.443402,2.496700,27.434999,1.992400
1,2,87.578577,27.015898,2.559100,27.153200,1.781600
1,2,87.606450,27.873103,2.267100,27.535601,2.607600
1,2,87.633313,26.862897,2.759600,26.878599,1.947400
1,2,87.663327,30.013803,3.739100,29.708700,2.182300
1,2,87.692435,29.108498,3.105100,29.074301,2.457800
1,2,87.720195,27.760200,3.164200,28.014000,2.291400
1,2,87.749547,29.351801,3.212100,28.967800,2.617700
1,2,87.779868,30.320801,3.037600,28.888599,2.104600
1,2,87.805798,25.930498,4.613200,27.373699,2.385900
1,2,87.835252,29.453602,3.286000,29.570400,1.791000
1,2,87.863989,28.737098,2.918800,29.480900,2.127900
1,2,87.892518,28.529100,2.186000,27.994101,2.027700
1,2,87.919362,26.843302,2.702500,26.862600,2.033800
1,2,87.946394,27.032498,2.684200,26.998100,1.656200
1,2,87.974180,27.786002,2.598700,27.833900,2.807600
1,2,88.001138,26.957799,2.538000,26.826401,1.803700
1,2,88.028141,27.002700,2.714000,27.365499,1.986300
1,2,88.055350,27.209200,2.599200,26.834200,2.163900
1,2,88.082406,27.056400,3.074000,27.471800,2.077900
1,2,88.111741,29.334802,2.244400,28.794399,1.835500
1,2,88.138916,27.174897,2.697700,27.283600,1.827000
1,2,88.167782,28.865799,2.772200,29.021000,1.736400
1,2,88.196191,28.409801,2.451400,28.272900,1.550800
1,2,88.224252,28.060101,3.919800,27.919100,1.943400
1,2,88.250887,26.635200,2.723200,26.923201,1.867200
1,2,88.278662,27.775299,2.527800,27.585199,1.887200
1,2,88.307256,28.594300,2.577100,28.652901,1.699000
1,2,88.335132,27.875602,2.484200,27.895399,2.004500
1,2,88.364119,28.987199,2.549000,29.037901,2.637600
1,2,88.391748,27.629100,2.555500,27.241199,2.019300
1,2,88.418882,27.134098,2.882400,27.499701,2.290200
1,2,88.446568,27.686000,2.726900,27.403400,2.563200
1,2,88.474095,27.527101,2.916100,27.363899,2.398100
1,2,88.502248,28.152101,3.027600,28.287600,2.101100
1,2,88.528005,25.757298,2.969100,26.039200,2.565400
1,2,88.555753,27.748402,3.187900,27.525801,2.150400
1,2,88.584423,28.669499,3.472500,28.944099,2.434300
1,2,88.612215,27.792100,2.466400,27.365200,2.641500
1,2,88.639503,27.288400,2.783800,27.369900,2.029200
1,2,88.667370,27.866799,2.818600,27.584700,2.384400
1,2,88.696654,29.284403,3.439900,28.985300,3.218900
1,2,88.725138,28.483100,3.749200,28.732401,4.340000
1,2,88.752264,27.126897,3.604500,27.416401,2.972800
1,2,88.779872,27.607102,3.121400,27.265100,2.900800
1,2,88.808055,28.183300,3.618000,28.341200,3.050200
1,2,88.837025,28.970201,3.980800,28.486799,2.926400
1,2,88.865654,28.629098,3.827500,28.970699,2.667000
1,2,88.894114,28.459501,3.597200,28.576700,3.071200
1,2,88.923496,29.382102,3.365500,29.182699,3.158900
1,2,88.950032,26.536196,3.607500,26.162100,3.055900
1,2,88.977389,27.357403,3.799700,27.089500,3.114400
1,2,89.007464,30.075099,5.607100,30.635000,2.950700
1,2,89.035760,28.296098,3.508600,28.392900,2.315700
1,2,89.062262,26.501801,4.064300,26.407301,2.632900
1,2,89.088546,26.283301,3.604400,26.695601,2.811500
1,2,89.115317,26.771400,3.056600,26.382900,3.200400
1,2,89.141806,26.489098,3.798300,26.603300,2.734000
1,2,89.170162,28.356001,3.294500,27.732401,2.508400
1,2,89.197445,27.282402,4.056700,26.924700,3.067700
1,2,89.225664,28.219100,4.539900,29.096201,2.686800
1,2,89.253907,28.243098,3.585100,27.816799,2.402700
1,2,89.281456,27.549598,4.403400,28.154301,2.352800
1,2,89.309868,28.412100,3.276000,27.560301,2.334900
1,2,89.337080,27.211200,4.102700,28.079000,2.270300
1,2,89.367039,29.959101,2.997300,29.300501,2.521900
1,2,89.393853,26.814502,3.874500,26.901100,2.317300
1,2,89.422982,29.128797,3.548200,29.171499,3.274700
1,2,89.450642,27.660299,3.457200,27.821400,2.752000
1,2,89.480487,29.845200,4.036100,29.810600,2.411500
1,2,89.506185,25.697101,4.125900,25.665100,3.086600
1,2,89.531736,25.551599,3.376800,25.810200,2.278000
1,2,89.560201,28.464302,3.894300,28.320000,2.609800
1,2,89.590682,30.480999,4.062500,30.461000,2.092100
1,2,89.618582,27.900599,3.588700,28.153500,2.643200
1,2,89.645980,27.398203,2.535200,27.139799,2.219800
1,2,89.672932,26.951298,2.996200,26.923700,2.387200
1,2,89.700045,27.113501,2.945500,27.163300,2.285400
1,2,89.727723,27.678199,2.862700,27.688900,2.269200
1,2,89.754639,26.915401,2.768600,27.036200,2.288300
1,2,89.784433,29.794000,2.614800,29.610800,2.201900
1,2,89.812097,27.664699,2.682000,27.910299,2.537100
1,2,89.838868,26.770599,2.459800,26.250000,2.083000
1,2,89.864960,26.092403,2.902800,26.849001,2.708200
1,2,89.893618,28.657999,2.199400,27.920000,1.652800
1,2,89.917458,23.839701,2.970500,24.519899,2.109100
1,2,89.946354,28.896298,2.121400,28.711201,1.729400
1,2,89.971851,25.496799,2.544800,25.236401,2.200100
1,2,90.006242,34.391202,2.632500,27.302299,2.070700
1,2,90.027983,21.740600,22.325500,27.862600,3.321100
1,2,90.056271,28.287698,12.811000,29.037001,3.016300
1,2,90.082553,26.281901,5.908000,26.397499,2.697500
1,2,90.109487,26.934199,5.834600,26.722401,2.705700
1,2,90.136538,27.050801,6.757400,27.264200,2.887000
1,2,90.167170,30.632000,5.279900,30.032700,2.677400
1,2,90.192919,25.749400,5.609900,25.931499,3.068600
1,2,90.220067,27.147699,6.616800,27.117901,2.903800
1,2,90.250574,30.507300,5.683200,31.124001,2.539200
1,2,90.275967,25.393199,3.873400,24.827200,2.966000
1,2,90.303677,27.709302,3.694100,27.961300,2.467700
1,2,90.333060,29.383101,3.951000,29.221300,2.519600
1,2,90.358106,25.046799,4.270400,25.094900,2.480100
1,2,90.386808,28.701901,3.296900,28.414600,2.671000
1,2,90.458876,72.068099,3.854500,31.106701,3.180700
1,2,90.475401,16.524300,51.064499,10.881700,3.614600
1,2,90.491737,16.336601,8.843200,10.881700,3.129000
1,2,90.508173,16.435299,5.561700,21.886999,3.129000
1,2,90.527326,19.153200,4.531200,27.892900,2.837500
1,2,90.557144,29.818099,3.947100,29.226200,3.133300
1,2,90.585138,27.994201,4.154300,28.155500,3.196100
1,2,90.611081,25.942799,4.031400,26.164600,3.025500
1,2,90.638373,27.291801,4.466200,27.083401,2.851500
1,2,90.666255,27.882200,3.891900,26.692699,2.794400
1,2,90.692529,26.273899,6.036400,26.691200,2.790100
1,2,90.718632,26.103202,5.412600,27.118601,2.510300
1,2,90.745959,27.327098,3.218100,27.372601,2.363300
1,2,90.784959,39.000101,3.100400,27.552200,2.146700
1,2,90.801493,16.534299,14.777400,27.585400,3.384100
1,2,90.830128,28.634600,5.196400,28.008699,2.720500
1,2,90.856031,25.903400,5.480100,26.655300,3.540500
1,2,90.886391,30.359101,3.988500,30.151800,2.883300
1,2,90.914917,28.526202,4.158600,28.917000,3.100700
1,2,90.942262,27.345199,4.123900,27.099899,2.114000
1,2,90.971421,29.158700,4.175000,28.973499,2.807200
1,2,91.001798,30.376900,4.336000,30.395201,2.961600
1,2,91.029941,28.143197,3.460100,28.068199,2.539100
1,2,91.062582,32.641102,3.782700,31.850300,3.673600
1,2,91.088207,25.624800,4.566000,25.969101,2.624900
1,2,91.117667,29.460698,5.313500,29.433800,4.270500
1,2,91.142635,24.968002,5.240600,24.852800,3.099900
1,2,91.172435,29.799499,4.763700,29.800800,2.841700
1,2,91.201537,29.101901,8.003400,29.455299,3.073200
1,2,91.233069,31.532299,4.664800,30.439400,3.745100
1,2,91.260571,27.501900,4.921500,28.282499,3.127600
1,2,91.291760,31.189200,18.011900,31.636499,3.084300
1,2,91.321111,29.350802,3.866800,28.851101,2.489500
1,2,91.349707,28.596200,7.753600,29.439600,2.590200
1,2,91.378782,29.075198,3.109400,28.914499,2.250200
1,2,91.408577,29.794402,3.052300,29.488800,2.734700
1,2,91.438207,29.630300,3.650500,29.915001,2.256600
1,2,91.466302,28.094601,3.575600,27.542601,2.363700
1,2,91.496181,29.879399,3.913100,29.789400,2.471900
1,2,91.523696,27.514800,4.488900,27.018299,2.764100
1,2,91.553335,29.639598,4.578700,29.586700,2.973400
1,2,91.581608,28.272100,6.762200,28.810801,2.769900
1,2,91.610799,29.191103,4.734000,29.362499,2.899300
1,2,91.639983,29.183898,5.132900,28.906401,3.728600
1,2,91.666679,26.696201,4.763200,26.829500,3.402400
1,2,91.694800,28.121699,5.198200,28.021000,2.652700
1,2,91.726895,32.094002,7.298600,26.794901,2.491100
1,2,91.750153,23.258798,10.631100,28.785999,2.641500
1,2,91.777565,27.412102,3.983900,27.024401,2.813500
1,2,91.807739,30.173201,4.034100,30.608500,2.735300
1,2,91.836279,28.539900,3.680300,28.504000,2.959400
1,2,91.862856,26.577197,3.527700,26.675900,2.879800
1,2,91.890210,27.354300,3.433900,27.311100,2.830400
1,2,91.918699,28.488703,3.667000,28.730499,2.641300
1,2,91.947131,28.432000,4.405900,27.997200,2.670400
1,2,91.977105,29.974397,5.266200,30.405399,2.617100
1,2,92.009155,32.049801,4.625300,29.284901,2.550100
1,2,92.033804,24.649199,8.510700,27.157801,2.701000
1,2,92.064075,30.270401,3.811600,29.674801,3.000100
1,2,92.093468,29.393699,4.653300,29.800100,2.623000
1,2,92.119933,26.464600,5.188800,26.120701,3.165400
1,2,92.148482,28.548900,4.359300,28.846800,2.899100
1,2,92.176668,28.186198,3.815800,28.429199,2.669100
1,2,92.206132,29.463802,3.688700,29.499701,2.677700
1,2,92.237152,31.020500,3.257200,29.341600,2.791800
1,2,92.262672,25.520101,5.012100,26.993900,2.770600
1,2,92.289202,26.529200,3.733100,26.856501,2.487900
1,2,92.317747,28.545100,4.605600,28.291100,2.282500
1,2,92.345438,27.691398,4.021600,27.645201,2.437300
1,2,92.375666,30.228402,5.027200,30.208300,2.309600
1,2,92.400585,24.918497,5.086700,25.297600,2.376100
1,2,92.431596,31.011403,4.187400,30.949301,1.957200
1,2,92.458653,27.056400,2.790400,27.122299,2.166100
1,2,92.485725,27.072601,2.726900,27.149000,1.926300
1,2,92.515651,29.925298,3.168700,27.600700,3.127400
1,2,92.540980,25.329299,5.100800,27.512199,2.051400
1,2,92.568209,27.229201,3.436200,27.421000,2.071100
1,2,92.595599,27.389899,2.808200,27.016100,1.903500
1,2,92.622585,26.985601,2.793600,27.420601,2.001700
1,2,92.650028,27.443599,2.592300,27.065300,1.830300
1,2,92.675170,25.141403,2.871500,25.454500,1.677900
1,2,92.703164,27.994398,2.483300,27.441900,1.633500
1,2,92.729941,26.776902,3.143200,26.991899,2.382300
1,2,92.757041,27.100097,2.779900,27.096001,2.216100
1,2,92.786348,29.306702,2.935100,28.462999,2.322200
1,2,92.813601,27.252898,4.346800,26.584400,3.011300
1,2,92.839147,25.545903,4.426900,27.110800,2.190700
1,2,92.866705,27.557999,2.764900,27.599701,1.747800
1,2,92.894052,27.347498,2.441300,27.088200,2.111800
1,2,92.921000,26.947703,2.845100,27.053200,1.996300
1,2,92.947833,26.833400,2.720300,27.063700,2.123100
1,2,92.977727,29.893700,2.303600,29.593500,2.272100
1,2,93.004304,26.577000,2.755900,26.480600,2.552100
1,2,93.033746,29.441699,2.957500,29.709700,2.204100
1,2,93.060869,27.123101,2.733300,26.961000,2.302200
1,2,93.087783,26.914299,2.679200,27.252800,2.209100
1,2,93.115673,27.890299,2.208600,27.693399,1.721400
1,2,93.142319,26.646003,2.463300,26.638300,2.027000
1,2,93.169920,27.601097,2.720300,27.347200,2.115300
1,2,93.197621,27.700901,2.936000,27.475800,2.038200
1,2,93.224358,26.736300,3.049500,27.058701,2.115100
1,2,93.251453,27.095500,2.769600,27.154301,2.022100
1,2,93.277225,25.771700,2.516300,25.600901,1.914900
1,2,93.304422,27.197301,2.629600,27.031500,1.729100
1,2,93.333166,28.744400,3.261500,28.956800,1.829800
1,2,93.359018,25.851898,2.648800,25.495399,1.778200
1,2,93.385520,26.501402,3.056600,27.061701,1.952000
1,2,93.410776,25.256198,2.852600,25.317499,1.755900
1,2,93.439624,28.848302,2.212000,28.772800,1.763800
1,2,93.466528,26.904199,2.276800,26.700300,1.878800
1,2,93.493949,27.420901,2.521300,27.349701,1.725500
1,2,93.520476,26.526399,2.476600,26.675400,2.188500
1,2,93.546259,25.782999,2.405800,25.966801,1.842900
1,2,93.572973,26.713900,2.239700,26.585800,1.766200
1,2,93.600574,27.601101,2.374800,26.981100,1.812900
1,2,93.628257,27.683601,3.383800,27.671600,2.000100
1,2,93.654937,26.679400,3.328700,26.873501,2.287400
1,2,93.681938,27.001798,2.986800,27.225800,2.001400
1,2,93.709257,27.318500,2.780600,27.357100,2.207700
1,2,93.737797,28.539501,2.527000,28.456699,2.052700
1,2,93.763191,25.394902,2.767800,25.559401,2.446300
1,2,93.790679,27.487397,3.414100,27.361700,2.030500
1,2,93.817532,26.853401,2.805600,26.829000,2.127800
1,2,93.844499,26.966900,2.603500,27.103800,1.925500
1,2,93.872677,28.177600,2.349400,27.493999,2.182500
1,2,93.900369,27.692601,2.997600,27.281401,1.822300
1,2,93.927025,26.655298,4.547200,27.454700,1.821000
1,2,93.953961,26.936803,3.210600,25.761101,2.233100
1,2,93.980840,26.878297,4.027400,27.651600,2.268100
1,2,94.010344,29.504601,3.770600,29.751801,2.070200
1,2,94.038940,28.595600,3.258100,28.292400,2.330800
1,2,94.068847,29.907402,3.339300,30.060801,2.310500
1,2,94.092745,23.897998,3.144100,23.876101,2.499900
1,2,94.122607,29.861800,3.412600,29.097601,2.497800
1,2,94.150383,27.775798,5.317100,28.371300,3.317200
1,2,94.178077,27.694304,4.496900,27.689699,2.452000
1,2,94.205391,27.314197,3.555000,26.667801,2.443900
1,2,94.231510,26.118901,4.736100,26.872999,2.465700
1,2,94.258444,26.933901,3.322600,27.264999,2.656200
1,2,94.286377,27.933199,2.891900,27.815599,2.326200
1,2,94.312580,26.202701,2.939200,26.153400,2.713100
1,2,94.343882,31.301700,3.571500,31.225599,2.080300
1,2,94.370968,27.086500,3.336600,26.957899,1.968100
1,2,94.399900,28.931599,4.115500,27.709101,2.303800
1,2,94.426931,27.030800,5.209600,28.331301,2.526400
1,2,94.455973,29.042102,3.080900,29.155500,2.123500
1,2,94.482584,26.610799,2.907100,26.547300,2.397800
1,2,94.509857,27.273301,3.504500,27.489901,2.169500
1,2,94.537311,27.454399,2.562600,27.459299,2.050100
1,2,94.564923,27.611200,2.494400,27.257999,1.984700
1,2,94.592434,27.511701,2.838300,27.560400,2.151400
1,2,94.619298,26.863601,3.233600,27.161699,1.920700
1,2,94.646258,26.959799,2.684200,27.007900,2.147500
1,2,94.672974,26.716400,2.527200,26.978800,2.150100
1,2,94.700866,27.891800,2.310500,27.304300,1.437100
1,2,94.728419,27.553000,2.527900,27.993999,1.655400
1,2,94.758051,29.632099,2.303000,29.462099,1.805900
1,2,94.785790,27.739201,3.228300,27.124201,2.094900
1,2,94.812731,26.941001,3.007500,27.744301,2.063700
1,2,94.840882,28.150998,2.229900,27.963400,1.535700
1,2,94.867793,26.911199,2.375800,27.132999,1.425900
1,2,94.897344,29.550601,2.107400,29.026699,1.823600
1,2,94.924686,27.341601,2.585900,27.689600,1.471400
1,2,94.951938,27.252600,2.225400,26.911800,1.537300
1,2,94.978869,26.930600,2.540000,27.358400,1.744400
1,2,95.006307,27.438302,2.238100,27.558599,1.661600
1,2,95.035254,28.947398,2.103000,28.593599,1.435700
1,2,95.063772,28.517399,2.292300,28.427900,1.548900
1,2,95.093450,29.678501,2.427200,29.255699,1.869800
1,2,95.119788,26.337601,3.189700,27.053499,1.672500
1,2,95.147744,27.955800,2.275400,27.656300,1.703500
1,2,95.175290,27.546499,2.487800,27.632799,1.533000
1,2,95.204769,29.479101,2.413700,29.470699,1.796400
1,2,95.234587,29.817499,2.326300,29.458700,1.889400
1,2,95.261264,26.676901,2.718400,27.210199,1.662700
1,2,95.287974,26.710700,2.592400,26.759399,1.557600
1,2,95.315706,27.731400,2.371900,27.525000,1.724300
1,2,95.343500,27.794097,2.335900,27.597500,2.064800
1,2,95.371565,28.064802,2.717100,28.448999,1.800800
1,2,95.397392,25.827400,2.186300,25.475599,1.472500
1,2,95.426262,28.869599,2.516000,29.307100,1.700000
1,2,95.455754,29.492199,1.980500,29.024799,1.686800
1,2,95.485079,29.325102,2.690900,29.424900,1.760200
1,2,95.510370,25.291100,2.578000,25.302401,1.656200
1,2,95.537802,27.431898,2.577600,27.549999,1.654900
1,2,95.565529,27.727403,2.509300,27.499300,1.794500
1,2,95.592084,26.554398,2.727500,26.888800,1.683500
1,2,95.620976,28.891999,2.558700,28.563299,1.639300
1,2,95.649547,28.570700,2.497500,28.409000,1.429600
1,2,95.676733,27.186699,2.647700,27.095301,1.799200
1,2,95.705439,28.705701,3.037300,28.988701,1.950000
1,2,95.734460,29.020600,2.568800,28.423401,2.054500
1,2,95.761631,27.171101,3.152100,27.359501,2.465400
1,2,95.787955,26.324198,3.249300,26.412399,2.446700
1,2,95.814824,26.869100,3.029900,27.337000,2.080700
1,2,95.846617,31.793199,2.327300,27.287100,1.980100
1,2,95.869788,23.170903,7.088600,27.152599,2.074200
1,2,95.896695,26.906900,3.476900,27.150999,1.824500
1,2,95.923095,26.400000,2.556500,25.623301,1.986300
1,2,95.948819,25.723599,3.294600,26.480400,2.332800
1,2,95.976404,27.585600,3.000800,27.358000,1.943000
1,2,96.003529,27.124502,2.880500,27.032101,1.907900
1,2,96.029266,25.737599,2.826900,25.854200,1.729000
1,2,96.055380,26.114199,2.693200,26.222200,3.135200
1,2,96.082046,26.665401,2.816800,26.672001,2.205600
1,2,96.108267,26.221398,2.754600,26.207800,2.045000
1,2,96.133820,25.553200,3.329900,25.237499,1.670600
1,2,96.160900,27.079601,2.866000,26.986700,1.820100
1,2,96.187152,26.251700,3.204300,26.699600,1.767500
1,2,96.214564,27.412001,2.647500,27.365400,1.795000
1,2,96.241843,27.279601,2.742300,27.266100,1.997100
1,2,96.268299,26.455600,2.701700,26.735500,2.022400
1,2,96.295829,27.530499,2.470700,27.134800,1.795400
1,2,96.322564,26.734300,2.660400,26.914200,1.821100
1,2,96.349209,26.645102,2.463800,26.843500,2.100600
1,2,96.376293,27.084697,2.274300,26.881399,2.024000
1,2,96.403359,27.065400,2.601200,27.274599,1.762200
1,2,96.430163,26.803803,2.763600,26.691999,1.706100
1,2,96.458169,28.005898,2.248900,27.623400,1.798000
1,2,96.486128,27.959000,2.711200,28.197001,2.335300
1,2,96.514606,28.478201,2.439100,27.669800,1.624300
1,2,96.542110,27.504299,3.579100,28.422300,1.932700
1,2,96.570035,27.925100,2.573500,27.708500,1.762400
1,2,96.597039,27.003899,2.889500,26.732000,1.956400
1,2,96.624807,27.767800,3.529700,27.377899,1.716400
1,2,96.653122,28.315600,4.395600,29.036301,1.923200
1,2,96.680962,27.839903,2.597500,27.451401,1.995200
1,2,96.709067,28.104197,3.205700,27.826799,1.816300
1,2,96.739910,30.843399,4.118200,28.830200,2.243400
1,2,96.764380,24.470102,5.515400,26.886900,2.771700
1,2,96.790012,25.632098,3.153100,24.939301,2.073600
1,2,96.816563,26.550703,3.586000,27.487000,1.847700
1,2,96.843395,26.832499,2.496900,26.681000,1.743700
1,2,96.873449,30.053500,3.440700,29.593000,1.879000
1,2,96.898181,24.731901,3.408400,25.106300,1.652500
1,2,96.927021,28.839801,3.890000,28.471300,1.683500
1,2,96.951476,24.455797,3.063500,24.759600,1.916400
1,2,96.978237,26.760601,3.060200,26.990101,1.716400
1,2,97.007435,29.198401,2.324400,28.969500,1.879600
1,2,97.034445,27.009599,2.864900,27.303499,1.916000
1,2,97.061627,27.182400,3.347800,27.169100,1.891100
1,2,97.088744,27.116101,2.336000,26.793200,1.757800
1,2,97.116220,27.476002,2.599200,27.434401,1.669400
1,2,97.143783,27.563497,2.592000,27.411800,1.804500
1,2,97.170272,26.489001,2.741600,26.700199,1.654700
1,2,97.197768,27.495701,3.039300,27.406300,1.638700
1,2,97.225053,27.285699,2.679900,27.178900,1.917300
1,2,97.250001,24.947602,3.244600,25.223801,1.952600
1,2,97.279669,29.668197,2.834100,29.407900,2.063300
1,2,97.305662,25.992401,2.714400,26.449800,2.236300
1,2,97.332986,27.324602,2.266100,26.920601,1.787500
1,2,97.359681,26.694898,2.681300,26.979900,1.967000
1,2,97.386955,27.274299,2.349100,27.280899,1.873700
1,2,97.414073,27.117901,2.261400,26.978800,2.035800
1,2,97.440764,26.690401,2.446400,27.029699,2.037200
1,2,97.467875,27.111299,1.905800,26.880699,1.857600
1,2,97.495097,27.222201,2.250100,26.902901,1.975600
1,2,97.522517,27.419399,2.387300,27.162500,1.847200
1,2,97.549454,26.937202,3.339600,27.180000,1.836200
1,2,97.577157,27.702998,3.527100,27.507200,1.924000
1,2,97.604447,27.290199,3.294400,27.381001,1.961600
1,2,97.631783,27.335800,2.964600,27.272301,2.268200
1,2,97.661348,29.565301,2.961000,29.663799,1.883100
1,2,97.688320,26.971702,3.125100,27.202600,1.975100
1,2,97.715233,26.913498,2.685000,27.057501,1.877000
1,2,97.742309,27.075801,2.339700,26.849800,1.742200
1,2,97.769400,27.091101,2.850800,27.184900,1.797000
1,2,97.796959,27.559198,2.858800,27.507999,1.722200
1,2,97.823997,27.037602,2.596600,26.812300,1.855800
1,2,97.853306,29.308800,2.774000,27.690300,1.964000
1,2,97.878825,25.519498,4.306400,27.375999,1.914900
1,2,97.906395,27.569301,2.304200,27.584499,1.832200
1,2,97.933410,27.015001,2.357100,27.027800,1.870600
1,2,97.961593,28.183799,2.400300,27.690001,1.848700
1,2,97.988586,26.992898,3.021500,26.943001,1.807200
1,2,98.015381,26.794303,2.860800,26.763599,2.051900
1,2,98.042123,26.742600,2.834500,27.375200,2.041700
1,2,98.067753,25.629498,2.177200,25.457899,2.099700
1,2,98.096478,28.725501,2.342500,28.712099,1.701900
1,2,98.123467,26.988801,2.268600,27.133600,1.604700
1,2,98.150847,27.379598,2.106500,27.459700,1.674400
1,2,98.176663,25.816899,2.082500,25.368700,1.533600
1,2,98.205655,28.991200,2.569800,29.344101,1.387400
1,2,98.231260,25.605302,2.149000,25.570999,1.750300
1,2,98.258366,27.106099,2.275700,26.865700,1.916600
1,2,98.285925,27.558599,2.445900,27.497999,1.733000
1,2,98.313325,27.400602,2.553800,27.560301,2.001400
1,2,98.340240,26.914898,2.410700,27.140100,1.767700
1,2,98.367994,27.753301,2.088500,27.408600,1.541700
1,2,98.395420,27.426600,2.324600,27.195200,1.579900
1,2,98.420869,25.448602,2.740100,25.957100,1.827100
1,2,98.450354,29.485498,2.464400,29.489000,1.828400
1,2,98.477036,26.682101,2.308400,26.467600,1.687700
1,2,98.505389,28.352201,2.329200,27.786400,1.810900
1,2,98.532112,26.723199,3.082700,27.319799,1.953600
1,2,98.560232,28.120201,2.848900,27.663601,2.028100
1,2,98.586769,26.537500,3.074000,27.043600,2.103900
1,2,98.614504,27.734399,2.454300,27.080000,2.268800
1,2,98.641123,26.619300,3.108400,26.891001,3.977100
1,2,98.667640,26.517399,3.779200,26.585400,1.456900
1,2,98.696510,28.869100,2.852500,28.566601,2.081000
1,2,98.726759,30.249301,3.029900,30.095501,2.156900
1,2,98.752600,25.841400,3.576300,26.510300,2.128500
1,2,98.781500,28.899200,2.369700,29.011000,1.546600
1,2,98.809300,27.800400,2.434900,27.699100,1.893800
1,2,98.836290,26.990198,2.187500,27.083099,1.846000
1,2,98.863177,26.887003,1.953800,26.640301,1.460600
1,2,98.890726,27.548399,2.454100,27.438601,1.566200
1,2,98.918102,27.376398,2.563800,27.427299,1.568300
1,2,98.945189,27.087402,2.628300,26.979099,1.733800
1,2,98.973077,27.888000,2.726200,27.675800,1.708800
1,2,99.002156,29.079098,3.131500,29.397100,1.903000
1,2,99.027662,25.505502,2.909100,25.636499,1.614000
1,2,99.055262,27.599998,2.335400,27.313900,1.687500
1,2,99.084554,29.292203,2.494400,29.461901,1.582300
1,2,99.110411,25.856599,2.403700,25.630899,1.894700
1,2,99.137334,26.923299,2.644800,27.314899,2.207000
1,2,99.165021,27.687300,2.234200,27.167299,2.399700
1,2,99.192123,27.101599,2.711600,27.345699,1.964600
1,2,99.220559,28.435703,2.580700,28.435499,1.623500
1,2,99.246735,26.176199,3.137700,26.231701,1.478300
1,2,99.274253,27.518198,2.546300,27.495100,1.538200
1,2,99.299406,25.153302,2.290000,25.403900,1.493300
1,2,99.327171,27.764298,2.108600,27.369200,1.903500
1,2,99.354299,27.128302,2.458800,27.345200,1.555500
1,2,99.381726,27.426701,2.083800,27.483700,1.523500
1,2,99.411651,29.924899,2.136300,29.694099,1.685300
1,2,99.440484,28.833400,2.497100,28.278999,1.873900
1,2,99.468579,28.095398,2.848600,28.607599,1.741900
1,2,99.495855,27.275801,2.413500,27.434601,2.043000
1,2,99.523614,27.758501,2.342800,27.467300,1.686000
1,2,99.550337,26.723798,2.545600,26.718300,1.619900
1,2,99.578020,27.682401,2.654700,27.790001,1.975100
1,2,99.605242,27.222298,2.739000,27.231600,1.942800
1,2,99.632795,27.553301,2.770100,27.212299,1.745500
1,2,99.659942,27.146999,2.925600,27.319700,1.788300
1,2,99.686878,26.935801,2.814100,27.331800,1.529500
1,2,99.714651,27.772799,2.309100,27.649799,1.748400
1,2,99.742894,28.243102,2.526100,27.803801,1.797000
1,2,99.769712,26.817698,2.859700,27.032499,2.078900
1,2,99.796480,26.768301,2.522700,27.092800,1.713400
1,2,99.826578,30.097701,2.194300,29.951000,1.946200
1,2,99.853630,27.052198,2.257400,27.126101,1.764000
1,2,99.880906,27.275901,2.325700,26.895100,1.762300
1,2,99.908362,27.456500,2.727100,27.645800,1.884500
1,2,99.934841,26.478302,2.290400,26.382000,1.515100
1,2,99.960389,25.548000,2.448900,25.665400,2.125900
1,2,99.987206,26.817698,2.419600,27.223000,1.664400
1,2,100.014790,27.583901,1.809800,27.112900,1.706500
1,2,100.041676,26.885699,2.374200,27.115400,1.792300
1,2,100.067044,25.367700,2.032600,24.978800,1.884000
1,2,100.093816,26.772201,2.636600,26.834299,1.835700
1,2,100.121277,27.460799,2.684300,26.938700,1.605900
1,2,100.147693,26.416503,2.960600,27.125900,1.733600
1,2,100.172755,25.061999,2.330900,25.291100,1.362700
1,2,100.202371,29.615398,2.021700,28.957701,1.590900
1,2,100.228547,26.176102,2.672500,26.584801,1.656900
1,2,100.255602,27.055498,2.445700,27.126801,1.537300
1,2,100.283297,27.695101,2.155700,27.465099,1.543200
1,2,100.310387,27.090099,2.339600,27.433300,1.675400
1,2,100.337830,27.442500,2.018500,27.128401,1.422700
1,2,100.365470,27.640201,2.611900,27.647200,1.612600
1,2,100.391982,26.512399,2.331300,26.679399,1.833000
1,2,100.419092,27.109101,2.302000,27.062599,2.002200
1,2,100.446279,27.187899,2.517300,27.130199,1.524400
1,2,100.473108,26.828602,2.251800,26.704800,1.453100
1,2,100.500474,27.365800,2.356300,27.486700,1.426800
1,2,100.527754,27.279899,2.248200,27.313900,1.540500
1,2,100.555123,27.369600,2.248200,27.394800,1.580000
1,2,100.582394,27.270999,2.057700,27.134199,1.539200
1,2,100.610673,28.278902,2.163600,28.165400,1.684100
1,2,100.639975,29.302198,2.491500,29.163601,1.729000
1,2,100.665799,25.823399,2.774900,26.178400,1.767600
1,2,100.693326,27.527403,2.470500,27.614799,1.586200
1,2,100.721438,28.111801,2.095300,27.629999,2.019700
1,2,100.748789,27.350497,2.778500,27.594801,1.923400
1,2,100.776375,27.586803,2.162500,27.562201,1.944100
1,2,100.806457,30.081600,2.559600,30.035101,1.791300
1,2,100.833482,27.024899,2.731700,26.925699,1.870600
1,2,100.861306,27.823798,2.947500,27.184401,1.736700
1,2,100.891941,30.635200,3.183900,27.443800,1.620200
1,2,100.915689,23.748402,6.316200,27.540300,2.125200
1,2,100.945158,29.468700,2.453200,29.134199,1.777900
1,2,100.972078,26.919700,2.808500,27.118700,1.712200
1,2,100.999658,27.580600,2.706700,27.663900,2.053200
1,2,101.026903,27.244698,2.724500,26.850100,2.110900
1,2,101.053888,26.984699,3.224400,27.174101,1.683500
1,2,101.078701,24.813201,2.808200,25.080900,1.843100
1,2,101.105889,27.188201,2.598100,27.400600,1.726600
1,2,101.131941,26.052300,2.425600,25.561600,1.846600
1,2,101.158308,26.366800,3.035100,26.608999,2.203100
1,2,101.185247,26.939102,2.983400,26.759800,2.495600
1,2,101.212616,27.368799,3.127400,27.477301,2.343700
1,2,101.239732,27.116198,3.031500,26.946301,2.531800
1,2,101.262174,22.442002,3.537100,22.572100,2.378000
1,2,101.285028,22.853699,4.112300,21.220100,2.326200
1,2,101.310140,25.112301,5.817100,26.562300,2.228500
1,2,101.327268,17.128099,3.500900,12.824800,2.136900
1,2,101.343354,16.085401,4.699300,19.297400,2.104000
1,2,101.367155,23.800701,3.292700,19.972000,2.302400
1,2,101.381532,14.377199,5.507000,18.877501,2.356100
1,2,101.402466,20.934399,3.254900,21.454201,2.072800
1,2,101.423905,21.438602,2.945900,21.384600,2.258800
1,2,101.445221,21.315798,3.100300,21.282600,2.463600
1,2,101.471883,26.662700,3.166100,26.868401,2.687400
1,2,101.498996,27.112301,2.602900,27.248100,2.293800
1,2,101.526310,27.314700,2.390200,27.091400,1.846000
1,2,101.553391,27.081199,2.622700,27.223200,2.254500
1,2,101.580532,27.140800,2.411100,26.867599,2.091100
1,2,101.607452,26.919801,2.669000,27.314501,2.374700
1,2,101.635065,27.613301,2.222800,27.150900,1.645900
1,2,101.662394,27.328797,2.636100,27.357901,1.876500
1,2,101.689556,27.162202,2.675800,27.103399,1.748000
1,2,101.717213,27.656201,2.566700,27.988899,1.665800
1,2,101.746379,29.166799,2.531500,29.012199,1.773400
1,2,101.773164,26.785199,2.579700,27.025700,2.069200
1,2,101.800274,27.109001,2.317200,26.908600,1.944700
1,2,101.827642,27.368300,2.667300,27.384600,1.912300
1,2,101.855360,27.717799,2.350500,27.086901,1.928600
1,2,101.882041,26.681900,2.845100,27.111099,1.947900
1,2,101.908944,26.902001,2.426600,26.722601,2.048700
1,2,101.934434,25.490299,2.904900,25.652800,2.068600
1,2,101.963141,28.707203,2.878800,28.299400,2.200200
1,2,101.989823,26.681699,3.385800,27.183500,2.167000
1,2,102.017010,27.187500,2.941500,27.108101,1.751000
1,2,102.043717,26.707102,2.569600,26.771000,1.681900
1,2,102.071158,27.440898,2.606500,27.401100,1.699600
1,2,102.099027,27.868699,2.653200,27.819300,1.777900
1,2,102.126478,27.451400,2.586000,26.938499,1.560600
1,2,102.154939,28.461002,3.005500,28.825800,1.714900
1,2,102.181237,26.297800,2.556900,26.760000,1.530600
1,2,102.207366,26.129298,2.047300,25.938400,1.730300
1,2,102.235504,28.137702,2.329800,27.449600,1.920000
1,2,102.262262,26.758298,3.048500,27.041401,2.531300
1,2,102.288772,26.509799,2.817000,26.469801,2.173000
1,2,102.315638,26.865501,2.843300,26.983801,2.282200
1,2,102.342179,26.540902,2.733000,26.684999,2.115800
1,2,102.368439,26.260801,2.555000,25.981400,1.822700
1,2,102.393874,25.434799,2.775900,26.029499,2.237600
1,2,102.420851,26.976999,3.220800,26.969500,1.879900
1,2,102.449010,28.159000,2.048000,27.645399,1.733800
1,2,102.478425,29.415000,3.217300,28.888399,1.864700
1,2,102.505389,26.963901,3.061800,27.901199,1.642600
1,2,102.532132,26.743397,2.072800,26.822701,1.519800
1,2,102.560410,28.277501,2.005300,27.875299,1.365200
1,2,102.587265,26.855201,2.349100,27.138500,1.682000
1,2,102.614835,27.569901,2.074900,27.437500,1.985000
1,2,102.643315,28.480299,2.291800,28.448400,1.684100
1,2,102.670920,27.604699,2.251700,27.453100,1.679600
1,2,102.698549,27.628902,2.726600,27.360100,1.770600
1,2,102.726420,27.870998,2.698900,27.776199,1.847600
1,2,102.753103,26.683301,2.982600,27.160400,2.306600
1,2,102.782005,28.902099,2.550100,28.115700,1.815400
1,2,102.810556,28.551001,3.295300,28.914301,3.156700
1,2,102.835395,24.838500,3.659800,24.677401,2.353500
1,2,102.862424,27.029201,3.911300,27.411800,2.532000
1,2,102.890812,28.388299,2.599300,28.124701,2.372200
1,2,102.920920,30.107498,3.037800,28.960100,1.937900
1,2,102.947373,26.453201,3.954800,27.642300,1.871000
1,2,102.974617,27.244300,2.945100,27.518499,1.777100
1,2,103.003127,28.509703,2.544500,28.510099,2.215400
1,2,103.030230,27.102597,2.584900,27.028099,1.843500
1,2,103.057414,27.184002,2.786500,27.419300,1.694600
1,2,103.085331,27.917698,2.682300,27.669500,1.875800
1,2,103.111680,26.348602,2.652100,26.707600,1.983800
1,2,103.139316,27.636301,2.428000,27.480200,1.975200
1,2,103.167336,28.019298,2.673800,27.964800,1.897300
1,2,103.195143,27.807001,2.475600,27.523100,2.055400
1,2,103.221422,26.278999,2.817700,26.707701,1.633300
1,2,103.249747,28.325703,2.271200,27.927200,1.858200
1,2,103.278825,29.077198,2.694500,29.265400,2.268900
1,2,103.303994,25.169201,2.566600,25.289200,2.033400
1,2,103.332111,28.117597,2.093700,28.108000,1.663300
1,2,103.361317,29.205803,2.684800,29.099100,1.895500
1,2,103.388675,27.357500,2.231400,27.430300,1.698400
1,2,103.415016,26.341498,2.080700,25.998600,1.977500
1,2,103.443708,28.691500,2.670700,29.030500,1.727300
1,2,103.471118,27.409900,2.775100,27.095800,1.857100
1,2,103.498870,27.752999,2.733600,27.777500,1.652400
1,2,103.526487,27.616400,2.609000,27.526800,1.562200
1,2,103.552909,26.422001,2.578700,26.481800,2.337500
1,2,103.579868,26.959598,2.527900,27.081800,1.711100
1,2,103.609428,29.559702,2.277300,29.409201,1.649200
1,2,103.634942,25.513798,2.328900,25.588900,1.486900
1,2,103.663935,28.993003,2.279200,28.913401,1.540300
1,2,103.691121,27.185798,2.532400,27.484600,1.574000
1,2,103.719694,28.573699,2.085500,28.267099,1.717800
1,2,103.745329,25.634702,2.483100,25.443600,1.808400
1,2,103.771952,26.622400,2.656700,27.202101,1.872000
1,2,103.801209,29.257100,2.127000,28.931400,1.539900
1,2,103.830509,29.300101,2.193800,29.173401,1.230600
1,2,103.858499,27.989898,2.562500,28.316900,1.588500
1,2,103.885582,27.083501,2.114600,26.752399,1.724200
1,2,103.912952,27.369700,2.242700,27.083099,1.679200
1,2,103.939679,26.726998,2.664800,27.248501,1.741800
1,2,103.967328,27.648602,2.053600,27.455500,1.469600
1,2,103.994546,27.218800,2.313800,27.274200,1.695600
1,2,104.022523,27.976397,2.138000,27.038500,1.732200
1,2,104.048035,25.512300,3.234500,26.774700,1.842000
1,2,104.076006,27.971402,1.975100,27.802700,1.571800
1,2,104.107540,31.533498,2.087600,31.300400,1.655800
1,2,104.135051,27.511101,2.158800,27.694401,1.949900
1,2,104.162861,27.810302,2.130100,27.597401,1.475500
1,2,104.190475,27.614098,2.269400,27.621799,1.585900
1,2,104.218198,27.722798,2.193800,27.658899,1.557400
1,2,104.247556,29.358201,2.309100,29.427200,1.685800
1,2,104.275273,27.716801,2.838300,27.310600,1.504800
1,2,104.302190,26.916899,2.583700,27.342899,2.009100
1,2,104.329555,27.364403,2.500300,27.541100,1.736900
1,2,104.361058,31.503499,2.708500,31.193001,1.692800
1,2,104.388718,27.659900,3.167600,27.536301,1.545500
1,2,104.417455,28.736901,2.451200,28.984400,1.763600
1,2,104.444527,27.072299,2.291500,26.959299,1.805600
1,2,104.470439,25.911901,2.488400,25.575800,1.779500
1,2,104.498122,27.683400,2.759700,28.179701,1.674600
1,2,104.525719,27.596500,2.366900,27.643499,1.880800
1,2,104.552661,26.942000,2.273700,26.682100,1.681500
1,2,104.579843,27.181998,2.760500,27.221600,1.669800
1,2,104.607228,27.384803,2.839400,27.023701,1.664900
1,2,104.632328,25.100101,2.909700,25.370199,1.760200
1,2,104.661170,28.842598,2.553800,28.872200,1.645600
1,2,104.686131,24.961099,2.390100,25.309401,1.529700
1,2,104.714671,28.539103,1.905500,28.272400,1.303800
1,2,104.740259,25.588598,2.297300,25.571800,1.782000
1,2,104.768509,28.249402,2.333400,28.628401,1.425500
1,2,104.797823,29.313900,1.920100,28.845400,1.361900
1,2,104.824916,27.093001,2.249600,26.666401,1.584900
1,2,104.849770,24.854198,3.074600,25.197001,2.419200
1,2,104.878435,28.665699,2.639200,29.007999,1.787300
1,2,104.905506,27.070101,2.343800,26.660299,1.674900
1,2,104.932228,26.722401,2.590500,27.198700,1.803300
1,2,104.959279,27.050599,1.997600,26.952600,1.556800
1,2,104.986757,27.478699,1.993300,27.614401,1.867200
1,2,105.014408,27.651202,2.215900,27.525299,1.662100
1,2,105.041023,26.614599,2.115900,26.593599,1.421400
1,2,105.068679,27.655799,2.262900,27.298599,1.654600
1,2,105.095521,26.842300,2.498700,27.023500,1.504800
1,2,105.122461,26.939902,2.199700,27.250900,1.830000
1,2,105.149760,27.298599,1.912200,27.308201,1.976400
1,2,105.177571,27.811401,1.931000,27.486401,1.468100
1,2,105.205465,27.893797,3.064200,27.948099,1.703900
1,2,105.234873,29.408600,2.252700,29.013800,1.869100
1,2,105.262668,27.794402,2.678400,27.456900,1.643400
1,2,105.288822,26.154399,3.038200,26.863600,1.693500
1,2,105.316293,27.470399,2.224000,27.322399,2.038700
1,2,105.345314,29.021900,2.278300,29.182400,1.670100
1,2,105.372569,27.254403,2.037400,27.480499,1.635800
1,2,105.399691,27.122498,1.976100,27.027599,1.795500
1,2,105.428818,29.126801,1.969900,28.995701,1.558000
1,2,105.456122,27.304102,2.171400,27.183701,1.775300
1,2,105.483232,27.110100,2.339500,26.854401,1.714600
1,2,105.510174,26.941799,2.432200,27.346399,1.252800
1,2,105.537475,27.301099,1.990300,27.140301,1.593000
1,2,105.564779,27.303703,2.130900,27.069901,1.476700
1,2,105.591707,26.928399,2.284600,27.353001,1.308600
1,2,105.619145,27.437501,2.047800,27.088100,1.402900
1,2,105.646432,27.287301,2.304100,27.427500,1.327700
1,2,105.673192,26.759397,2.165500,26.696699,1.684300
1,2,105.700056,26.864100,2.331100,27.060699,1.267900
1,2,105.727368,27.312502,2.046300,27.357401,1.321500
1,2,105.754615,27.246397,1.940600,27.337500,2.097600
1,2,105.782499,27.884603,1.928100,27.318899,1.898000
1,2,105.809128,26.628397,2.352700,26.933100,1.564100
1,2,105.836358,27.230103,2.148200,27.373400,1.809100
1,2,105.864860,28.502397,1.975600,28.004101,1.676300
1,2,105.889137,24.277400,2.484000,24.434999,1.779700
1,2,105.919872,30.734200,2.236400,27.022400,1.544800
1,2,105.943709,23.836903,5.850500,27.023100,1.748300
1,2,105.970366,26.657499,3.095800,27.004101,1.780400
1,2,105.997304,26.937600,2.453600,27.144300,1.785100
1,2,106.024921,27.617197,2.262400,27.444901,1.721900
1,2,106.051934,27.013503,2.715900,27.011200,1.922700
1,2,106.078565,26.630897,2.682400,26.998699,2.061200
1,2,106.107903,29.337801,3.162900,28.988199,1.895300
1,2,106.135470,27.566999,2.352200,27.355400,1.613000
1,2,106.163027,27.557399,2.703200,27.241100,1.909900
1,2,106.189428,26.400700,3.109600,26.681601,1.567100
1,2,106.216909,27.480703,2.771500,27.712900,1.929800
1,2,106.244286,27.376600,2.573100,27.264000,1.628200
1,2,106.275138,30.852098,2.786400,30.394300,1.631900
1,2,106.300102,24.964601,3.597100,25.164101,1.638400
1,2,106.326664,26.562199,2.868700,27.236200,1.927900
1,2,106.354148,27.483802,2.157800,27.261600,1.686800
1,2,106.381560,27.411498,2.343200,27.603500,1.655600
1,2,106.413446,31.886201,2.353900,30.833599,1.649000
1,2,106.439631,26.184898,3.332400,26.791300,1.823500
1,2,106.466931,27.300000,2.414700,27.246201,1.454300
1,2,106.494833,27.901702,2.576400,28.153700,1.868800
1,2,106.521115,26.282400,2.212600,26.532900,1.356500
1,2,106.548533,27.418301,2.092500,27.249901,1.846100
1,2,106.575478,26.944999,2.266800,26.990200,1.404200
1,2,106.602922,27.444001,2.174700,27.098600,1.612400
1,2,106.629552,26.629500,2.490700,26.939699,1.313400
1,2,106.657258,27.706798,2.168400,27.588200,1.877200
1,2,106.681869,24.610702,2.357600,24.850000,1.898300
1,2,106.709262,27.392801,2.105900,27.049801,2.117600
1,2,106.737994,28.731499,2.444900,28.647200,1.903000
1,2,106.764266,26.272699,2.490100,26.462999,1.716000
1,2,106.792346,28.079301,2.623000,27.454000,1.588900
1,2,106.819626,27.280800,2.711800,27.681101,1.799900
1,2,106.847046,27.419798,2.450400,27.039301,1.627700
1,2,106.873751,26.704401,3.003300,27.008499,1.781800
1,2,106.900809,27.058899,2.540200,27.485600,1.748700
1,2,106.928192,27.382702,2.009500,27.301201,1.666800
1,2,106.955814,27.621601,2.086700,27.506100,1.910500
1,2,106.983221,27.407497,2.251200,27.134100,1.733900
1,2,107.010557,27.335800,2.510800,27.381300,1.783600
1,2,107.038114,27.556501,2.795300,27.459101,1.757100
1,2,107.067777,29.663298,2.641700,29.606001,1.974600
1,2,107.094167,26.390601,2.668700,26.459400,1.753500
1,2,107.121998,27.830202,2.653400,27.693100,1.730600
1,2,107.149014,27.016297,2.758600,27.015699,2.029600
1,2,107.175944,26.929602,2.775400,27.225901,1.609100
1,2,107.203596,27.651999,2.761700,27.100599,1.536900
1,2,107.228597,25.001101,3.042200,25.445601,1.649900
1,2,107.256289,27.692199,2.633000,27.608999,1.635600
1,2,107.285252,28.962899,2.774300,29.122299,1.697700
1,2,107.312862,27.610701,2.549200,27.343399,1.790900
1,2,107.341183,28.320599,2.714300,28.071199,1.697300
1,2,107.369384,28.201003,3.052800,27.290300,1.886000
1,2,107.395917,26.532799,3.825300,27.684200,2.238400
1,2,107.422900,26.983600,3.058900,26.930700,2.274500
1,2,107.451581,28.680898,3.438700,29.008699,1.911500
1,2,107.477547,25.965400,2.374600,25.692699,1.717500
1,2,107.506593,29.046003,2.797500,29.247801,2.356200
1,2,107.534770,28.176799,2.504400,27.924999,1.574300
1,2,107.562192,27.422599,2.631800,27.198200,1.513200
1,2,107.589589,27.396899,3.026900,27.790600,1.534400
1,2,107.616358,26.769500,2.599600,27.079000,1.719400
1,2,107.644369,28.010100,2.184600,27.493000,1.459300
1,2,107.671670,27.301200,2.549500,27.745501,1.932400
1,2,107.699537,27.867101,2.240900,27.462999,1.687400
1,2,107.727547,28.010499,2.540000,28.032101,1.420800
1,2,107.754912,27.364302,2.531900,27.632200,1.801100
1,2,107.783408,28.496400,2.382300,28.530500,1.586700
1,2,107.809032,25.624298,2.148800,25.648399,1.393000
1,2,107.838359,29.326603,2.084900,28.845400,1.696400
1,2,107.865375,27.016100,2.550200,27.080900,1.399100
1,2,107.892793,27.418200,2.455300,27.458401,1.372200
1,2,107.919954,27.160797,2.462100,27.418699,1.459400
1,2,107.947719,27.765203,2.072400,27.337500,1.552300
1,2,107.975868,28.148800,2.681700,27.418100,1.969000
1,2,108.001582,25.713898,3.523000,26.690201,1.814300
1,2,108.029456,27.873501,2.484600,27.815500,1.851300
1,2,108.054292,24.836298,2.257100,24.524700,1.830800
1,2,108.083094,28.802302,2.732500,29.250999,1.609100
1,2,108.110696,27.602199,2.592700,27.528299,1.893000
1,2,108.140434,29.738002,2.200000,29.363199,1.723000
1,2,108.168941,28.506298,2.908100,28.906799,1.691200
1,2,108.196794,27.853802,2.862800,27.434999,1.909700
1,2,108.225453,28.658498,2.841700,28.909100,1.707000
1,2,108.253297,27.844101,2.547100,27.525299,1.865700
1,2,108.282178,28.881099,2.920400,29.322500,1.595600
1,2,108.309808,27.629901,2.509800,27.088800,1.489500
1,2,108.336822,27.014200,2.909300,27.690001,2.164000
1,2,108.364417,27.595099,2.205300,27.283001,1.646400
1,2,108.391414,26.996899,2.409100,27.267900,1.657200
1,2,108.418728,27.313400,1.989300,27.202999,1.692400
1,2,108.446320,27.592003,2.387000,27.182199,1.567500
1,2,108.472970,26.649900,2.645300,27.039200,2.045100
1,2,108.500718,27.748197,2.459200,27.343201,1.696500
1,2,108.528299,27.580902,2.894700,27.540001,1.710300
1,2,108.556373,28.073899,2.858600,27.289499,1.841700
1,2,108.585320,28.947100,3.766600,30.061300,1.709000
1,2,108.613221,27.901500,2.994200,27.613600,2.117200
1,2,108.643132,29.911101,2.729000,29.760500,1.918300
1,2,108.670776,27.644098,2.949300,27.947500,2.193800
1,2,108.698571,27.795199,2.757700,27.394899,1.612300
1,2,108.728319,29.747203,2.716400,29.964701,2.350000
1,2,108.757572,29.253598,3.113000,29.656300,1.822200
1,2,108.785998,28.425500,2.290000,27.892401,1.710000
1,2,108.813480,27.482498,2.666800,27.271200,2.043200
1,2,108.842361,28.881103,3.077200,29.519100,1.787300
1,2,108.870131,27.769998,2.249700,27.454700,2.006200
1,2,108.897683,27.551699,2.649700,27.796600,1.844700
1,2,108.925335,27.651403,2.375400,27.544201,1.690000
1,2,108.954594,29.259298,2.458800,29.295700,1.476600
1,2,108.981532,26.938502,2.238100,27.049000,1.937400
1,2,109.010668,29.135700,2.309200,29.129801,1.530200
1,2,109.038535,27.866900,2.130100,27.453899,1.614700
1,2,109.066550,28.015498,2.633800,28.078600,1.867600
1,2,109.092969,26.418101,2.633100,26.648399,1.731900
1,2,109.120198,27.229100,2.439900,27.388901,1.914800
1,2,109.147554,27.356498,2.277800,27.077700,1.638500
1,2,109.174764,27.209900,2.417000,27.133900,1.402800
1,2,109.202790,28.026100,2.586400,27.778299,1.522800
1,2,109.229188,26.397701,2.755600,26.824800,1.718100
1,2,109.254791,25.602799,2.338600,25.366301,1.471800
1,2,109.281207,26.416302,2.552400,26.790501,1.446400
1,2,109.308609,27.402200,2.119100,27.158400,1.703500
1,2,109.336931,28.322298,2.304800,27.982500,1.390600
1,2,109.363475,26.544001,2.787000,26.821600,3.875800
1,2,109.390330,26.854798,2.595700,26.926701,1.945700
1,2,109.417121,26.790902,2.412000,26.922501,1.886500
1,2,109.444858,27.737200,2.245900,27.506201,1.598300
1,2,109.472105,27.247000,2.456900,27.251400,1.665300
1,2,109.499365,27.259298,2.483600,27.193600,1.665600
1,2,109.525868,26.503701,2.474400,26.829300,1.728100
1,2,109.553227,27.358200,2.091700,27.448099,1.668300
1,2,109.580397,27.170502,2.089500,27.125500,1.597800
1,2,109.607789,27.392000,2.034000,27.348801,1.577800
1,2,109.637379,29.589999,2.065600,29.308201,1.623900
1,2,109.666122,28.742600,2.422900,28.884501,1.531300
1,2,109.693618,27.496297,2.307000,27.480200,1.485400
1,2,109.720986,27.367901,2.685700,27.356701,1.564000
1,2,109.750381,29.395502,2.169400,29.398100,1.548900
1,2,109.777366,26.984397,2.167500,27.176500,1.349600
1,2,109.804730,27.364101,1.987900,27.349899,1.535800
1,2,109.832382,27.651999,2.056700,27.498199,2.224100
1,2,109.859481,27.099401,2.319700,27.214800,2.056000
1,2,109.886817,27.335402,2.055700,26.996700,1.502600
1,2,109.915113,28.296798,2.375000,27.418200,1.704000
1,2,109.939830,24.716500,3.379500,25.399900,1.954000
1,2,109.968814,28.984599,2.663400,29.000200,2.133500
1,2,109.996934,28.119203,2.455900,28.587200,1.819400
1,2,110.023853,26.919797,2.001300,26.636200,1.879700
1,2,110.050942,27.088203,2.271900,27.200399,1.881100
1,2,110.082713,31.771298,2.383000,31.315399,1.796900
1,2,110.110834,28.120600,2.803200,28.638901,1.840700
1,2,110.138552,27.718600,2.209400,27.503099,1.449500
1,2,110.166123,27.571101,2.388600,27.384899,1.650300
1,2,110.193565,27.441900,2.477700,27.670099,1.729500
1,2,110.224366,30.800998,2.200900,30.810301,1.729600
1,2,110.252291,27.924400,2.683800,27.630699,1.712700
1,2,110.281531,29.240500,2.852200,29.446899,1.702100
1,2,110.310931,29.400103,2.305200,29.338200,1.580900
1,2,110.341087,30.155800,2.315900,29.450500,1.957200
1,2,110.369096,28.008997,3.286400,28.718800,1.913200
1,2,110.398110,29.013902,2.597100,28.934500,1.798100
1,2,110.427529,29.419199,2.669600,29.643700,1.986900
1,2,110.456405,28.875500,2.344100,28.691000,1.688300
1,2,110.485128,28.723102,2.761600,27.887899,1.789400
1,2,110.513642,28.514098,3.450700,29.149401,1.877500
1,2,110.542421,28.779101,2.999500,29.091600,2.075700
1,2,110.569793,27.372397,2.428100,27.093000,1.750000
1,2,110.596438,26.644301,2.301100,27.039700,1.609700
1,2,110.624277,27.839001,1.962800,27.609900,1.773200
1,2,110.652409,28.132301,2.462500,27.250799,1.509600
1,2,110.679630,27.221099,3.117400,27.264400,1.966000
1,2,110.706171,26.540700,3.334100,27.555700,1.598100
1,2,110.733546,27.375799,2.204800,27.133301,2.159000
1,2,110.760769,27.222201,2.663900,27.417000,1.597300
1,2,110.788355,27.586300,2.888900,27.619200,1.971100
1,2,110.815168,26.812900,2.329600,26.657400,1.857900
1,2,110.842722,27.554102,2.367000,27.379200,1.989400
1,2,110.867949,25.227297,2.513900,25.184099,1.330400
1,2,110.894625,26.675399,2.461000,26.984501,1.752000
1,2,110.922448,27.823601,1.972900,27.536900,1.683300
1,2,110.949942,27.493902,2.523600,27.506300,1.946300
1,2,110.983121,33.178400,2.839700,29.151800,1.731500
1,2,111.005537,22.416200,6.773400,26.482000,1.393700
1,2,111.033265,27.728397,2.790100,27.685301,1.894100
1,2,111.060022,26.756700,2.512600,27.028900,1.654500
1,2,111.086789,26.766703,2.146000,26.243700,1.431400
1,2,111.113777,26.988797,2.549200,26.889299,1.484000
1,2,111.141333,27.555600,2.684600,27.537500,2.079500
1,2,111.166944,25.611300,2.717200,25.700399,2.100900
1,2,111.194022,27.077202,2.657900,27.403299,1.885200
1,2,111.223610,29.588200,2.420200,29.428600,1.923600
1,2,111.250654,27.044300,2.663500,27.244699,1.861100
1,2,111.277802,27.147900,2.464900,26.874201,1.804800
1,2,111.305071,27.268600,2.536600,27.365000,1.482400
1,2,111.331995,26.923999,2.412300,27.153000,1.852200
1,2,111.360478,28.483901,2.229600,28.113100,1.703500
1,2,111.388666,28.187498,2.788200,28.341000,1.831100
1,2,111.419085,30.418601,2.658300,29.493401,1.858100
1,2,111.445375,26.290402,3.732200,27.264200,1.989100
1,2,111.472947,27.572099,2.807000,27.230700,1.786800
1,2,111.500222,27.274698,2.816000,27.787500,1.806500
1,2,111.527531,27.309202,2.204600,27.216900,1.862900
1,2,111.554779,27.247898,2.299900,27.261400,1.720100
1,2,111.581992,27.213503,2.326100,27.211800,1.671800
1,2,111.608072,26.079398,2.520200,26.095600,1.496000
1,2,111.636253,28.181601,2.566000,28.112600,1.581800
1,2,111.663774,27.520299,2.380300,27.191799,1.881800
1,2,111.690951,27.177300,2.755400,27.253300,2.076900
1,2,111.718262,27.310900,2.680900,27.598301,1.615600
1,2,111.747359,29.096801,2.224500,29.170099,1.577200
1,2,111.774715,27.356099,2.168800,27.063801,1.814600
1,2,111.801884,27.169298,2.484300,27.467600,2.069000
1,2,111.829291,27.406700,2.086000,27.140600,1.526400
1,2,111.856332,27.041800,2.208000,27.174801,1.649200
1,2,111.883448,27.115002,2.028700,27.138300,1.818400
1,2,111.910259,26.811600,2.027400,26.766199,1.591800
1,2,111.937690,27.431000,1.985000,27.393000,1.864200
1,2,111.965477,27.787197,2.045000,27.564501,1.613600
1,2,111.992352,26.874702,2.300600,26.681499,1.528100
1,2,112.018636,26.284199,2.649200,26.653799,1.778100
1,2,112.046284,27.647998,2.277800,27.320299,1.774500
1,2,112.073462,27.177703,2.703700,27.535700,1.703500
1,2,112.099292,25.830500,2.326400,25.467600,1.472400
1,2,112.127791,28.498299,2.571700,28.825399,2.019400
1,2,112.155730,27.938899,2.045700,27.661400,1.906400
1,2,112.184752,29.022302,2.438900,29.083500,1.793700
1,2,112.213586,28.833799,2.301200,29.007401,1.973500
1,2,112.241129,27.543798,2.125200,27.552200,2.102700
1,2,112.269778,28.648801,2.237700,28.384399,1.812000
1,2,112.302952,33.173501,2.376300,33.055500,1.863100
1,2,112.331987,29.035598,2.673100,29.360901,1.672400
1,2,112.359380,27.393002,2.413200,27.018299,1.856000
1,2,112.390293,30.912299,2.674800,31.194500,1.933000
1,2,112.420520,30.227002,2.328800,30.083300,1.738100
1,2,112.449924,29.404499,2.478200,29.264900,1.860700
1,2,112.477170,27.245700,2.685300,27.330999,1.785700
1,2,112.507090,29.919900,2.585700,29.826300,1.939900
1,2,112.536535,29.445000,2.717500,29.558800,1.754200
1,2,112.566819,30.284099,2.653700,30.262400,1.879900
1,2,112.593289,26.470501,2.755500,26.379601,1.734400
1,2,112.624791,31.501397,2.701700,31.432501,1.701500
1,2,112.652905,28.114602,2.727800,27.696400,1.659500
1,2,112.679424,26.518799,3.008200,27.311600,1.584900
1,2,112.709543,30.119099,2.890100,29.960199,1.620200
1,2,112.737747,28.203301,2.398000,27.644600,1.658200
1,2,112.765228,27.481299,2.847200,28.108400,1.515000
1,2,112.793205,27.977303,2.996600,27.886000,2.233700
1,2,112.825353,32.147299,2.606100,31.839100,1.605300
1,2,112.850208,24.855800,2.555300,25.171400,1.763600
1,2,112.878399,28.190199,2.425100,27.580000,1.750200
1,2,112.906784,28.385300,3.182400,28.996500,2.105800
1,2,112.933493,26.709501,2.544000,26.718100,1.993800
1,2,112.960606,27.112499,2.464000,27.179100,1.874900
1,2,112.988769,28.162800,2.155500,27.779600,1.488100
1,2,113.016081,27.312599,2.538200,27.155001,1.658500
1,2,113.043375,27.294002,2.779100,27.776300,1.704000
1,2,113.070626,27.250499,2.284000,27.163200,1.550400
1,2,113.097789,27.163301,2.320400,27.371700,1.883700
1,2,113.125267,27.477998,2.048800,27.317801,1.456800
1,2,113.153249,27.982201,2.464300,27.857000,1.524800
1,2,113.179875,26.626199,2.332100,26.881100,1.660300
1,2,113.208227,28.351501,1.959300,27.771700,1.709700
1,2,113.234532,26.304800,2.837000,26.686100,1.617300
1,2,113.262085,27.553100,2.272100,27.004400,1.432900
1,2,113.286764,24.679299,2.868900,25.407600,1.895200
1,2,113.313946,27.181599,2.079000,26.979601,1.566100
1,2,113.339006,25.059801,2.187300,24.975901,1.960900
1,2,113.366384,27.378302,2.111300,27.153200,1.465900
1,2,113.394591,28.207697,2.487400,27.978100,1.520100
1,2,113.419405,24.813801,2.824700,25.211300,1.768100
1,2,113.446286,26.880499,2.650100,26.825399,1.772500
1,2,113.473500,27.214102,2.558000,27.158400,1.882000
1,2,113.500732,27.232300,2.458200,27.442801,1.669200
1,2,113.526548,25.815900,2.236800,25.678699,1.763600
1,2,113.554925,28.376799,2.515500,28.328199,1.781900
1,2,113.582925,28.000299,3.152500,27.945000,1.568500
1,2,113.609870,26.945099,2.422300,26.895700,1.793600
1,2,113.636335,26.464902,2.645600,26.667999,1.743200
1,2,113.663291,26.956100,2.341000,26.968901,1.595600
1,2,113.690075,26.783898,2.389000,26.962000,1.740000
1,2,113.718825,28.750099,2.205400,28.644300,1.575400
1,2,113.745920,27.094502,2.122100,26.809500,1.656800
1,2,113.772911,26.990898,2.341200,27.144501,1.648000
1,2,113.802201,29.290702,2.147100,29.170401,1.629900
1,2,113.829516,27.314700,2.512100,27.277500,1.856900
1,2,113.857126,27.609598,2.562700,27.632500,1.893600
1,2,113.886696,29.570103,2.500000,29.502600,1.682300
1,2,113.913545,26.848897,2.305900,26.728800,1.803100
1,2,113.941277,27.732503,2.848000,27.769699,1.699200
1,2,113.968253,26.976198,2.799900,27.284700,1.859700
1,2,113.995560,27.306601,2.472700,27.113701,1.799100
1,2,114.022470,26.910000,2.891900,27.118200,1.604700
1,2,114.049722,27.251501,2.294600,27.045300,1.861400
1,2,114.078755,29.033497,2.390800,28.997499,1.463900
1,2,114.106127,27.371801,2.356000,27.495001,1.335600
1,2,114.133162,27.035199,2.299500,27.150999,1.530600
1,2,114.161086,27.923603,2.188500,28.067801,2.062300
1,2,114.188500,27.414300,1.948700,27.211500,2.038300
1,2,114.215471,26.970901,2.301100,27.079100,1.634900
1,2,114.243088,27.617097,2.086500,27.627100,1.827900
1,2,114.270104,27.015902,1.791300,26.565701,1.658000
1,2,114.297485,27.381599,2.620900,27.296700,1.876300
1,2,114.323062,25.577001,2.627600,25.690399,1.546200
1,2,114.350139,27.077001,2.788200,27.198400,1.530700
1,2,114.377948,27.808297,2.382700,27.912001,1.466600
1,2,114.405650,27.702101,2.309400,27.424700,1.793200
1,2,114.432276,26.626199,2.583200,26.788300,1.864900
1,2,114.457657,25.380600,2.347200,25.454500,1.694900
1,2,114.485801,28.144602,2.383100,27.801800,1.406400
1,2,114.511950,26.148301,2.725900,26.470699,1.570500
1,2,114.540146,28.196499,2.274800,28.032801,1.899100
1,2,114.569572,29.425800,2.357700,29.250601,1.263500
1,2,114.596972,27.399801,2.494900,27.765900,1.432300
1,2,114.624705,27.733300,2.162900,27.742399,1.538500
1,2,114.654223,29.517699,2.106800,29.518101,1.528500
1,2,114.683214,28.991599,2.081500,28.772800,1.403500
1,2,114.711139,27.924802,2.356800,27.876301,1.578900
1,2,114.738267,27.128100,2.341700,27.560699,1.364200
1,2,114.765322,27.055100,1.894700,26.839600,1.656300
1,2,114.792945,27.622599,2.169200,27.621799,1.531300
1,2,114.820517,27.572300,2.244700,27.353300,1.891700
1,2,114.847445,26.927698,2.546500,26.924200,2.101000
1,2,114.876702,29.257100,2.596300,29.528601,1.627000
1,2,114.903850,27.147900,2.126500,26.831400,1.392000
1,2,114.930795,26.945103,2.377000,26.968300,1.626200
1,2,114.961161,30.365799,2.460100,30.296700,2.606100
1,2,114.987843,26.682500,2.652000,26.830601,1.618400
1,2,115.014438,26.594900,2.337800,26.549801,1.735800
1,2,115.038960,24.522100,2.342000,24.670099,1.525800
1,2,115.067990,29.029801,2.144200,29.129299,1.639200
1,2,115.096048,28.058399,2.018100,27.242599,1.453400
1,2,115.124889,28.840702,2.819800,29.432899,1.545800
1,2,115.152434,27.545299,2.279900,27.731600,1.574100
1,2,115.182119,29.684201,2.040700,29.068600,1.874400
1,2,115.209151,27.032200,2.681600,27.316299,1.883300
1,2,115.236457,27.306497,2.366800,27.424700,2.486600
1,2,115.263725,27.267300,2.805400,26.966700,1.760800
1,2,115.291410,27.685303,2.854600,27.682600,1.706400
1,2,115.319115,27.704999,2.799500,27.875401,1.864200
1,2,115.346479,27.363900,2.545200,27.306400,1.640900
1,2,115.374719,28.239999,2.696600,28.237700,1.720800
1,2,115.401379,26.660200,2.796300,26.649799,1.392800
1,2,115.428219,26.839800,2.606200,26.869699,1.439800
1,2,115.456161,27.942698,2.409200,27.799700,1.651200
1,2,115.482806,26.644703,2.484000,27.049101,1.615400
1,2,115.510867,28.060399,2.192900,27.721800,1.596200
1,2,115.538794,27.927298,2.498700,27.963100,1.889600
1,2,115.566051,27.257401,2.415600,27.202101,1.748700
1,2,115.593020,26.968699,2.437800,27.098499,1.950300
1,2,115.621868,28.848201,2.355100,29.114300,1.554000
1,2,115.650117,28.248500,2.043100,27.696400,1.727400
1,2,115.678950,28.832901,2.534800,29.027201,1.441300
1,2,115.706927,27.976900,2.568000,27.961901,1.606800
1,2,115.734218,27.291298,2.529500,27.371799,1.816800
1,2,115.761543,27.325001,2.255900,27.317400,1.819700
1,2,115.789150,27.607698,2.413600,27.792801,1.789100
1,2,115.816672,27.521502,2.160800,27.450500,2.078400
1,2,115.844855,28.182801,2.253900,27.433599,2.007000
1,2,115.871863,27.008198,2.957100,27.379000,1.985500
1,2,115.899094,27.230602,2.564500,27.330999,2.190100
1,2,115.924126,25.032699,2.420700,25.164000,2.037400
1,2,115.950993,26.866600,2.258600,26.751699,1.809900
1,2,115.977709,26.716501,2.367300,26.968700,1.743800
1,2,116.005235,27.525198,2.236500,27.451700,1.645200
1,2,116.036618,31.383201,2.379300,27.256300,1.698200
1,2,116.060985,24.366900,6.526800,27.620001,2.212200
1,2,116.087341,26.356600,3.274000,26.622400,1.568400
1,2,116.114961,27.619701,2.769900,27.445601,1.920900
1,2,116.141648,26.687097,3.063000,26.940800,1.733200
1,2,116.168977,27.329102,2.973400,27.041401,1.775100
1,2,116.197239,28.261799,3.221300,28.751801,1.677200
1,2,116.223113,25.874000,2.639900,25.766300,1.906500
1,2,116.249819,26.705999,2.795800,27.028299,1.838600
1,2,116.278669,28.850500,2.641000,28.916500,1.760300
1,2,116.305745,27.075902,2.213800,27.012199,1.472900
1,2,116.333111,27.366001,2.299500,27.452000,1.448300
1,2,116.360321,27.209900,1.968700,26.992100,1.666100
1,2,116.388522,28.200399,2.396800,28.009899,1.574700
1,2,116.416929,28.407499,3.054900,28.544500,1.663900
1,2,116.444582,27.653299,2.331600,27.461300,1.700400
1,2,116.471832,27.249001,2.716700,26.828300,1.694700
1,2,116.498654,26.822899,3.341200,27.499300,1.735000
1,2,116.526388,27.733102,2.723600,27.752199,1.806000
1,2,116.553187,26.799500,2.644000,26.812000,2.596600
1,2,116.581425,28.238401,2.558300,28.008600,1.576400
1,2,116.608580,27.154800,2.717200,27.082199,2.060600
1,2,116.635162,26.582200,2.870400,26.756300,1.712700
1,2,116.660174,25.011100,2.452800,25.152201,1.733300
1,2,116.687484,27.310900,2.999600,27.417999,1.821000
1,2,116.715701,28.216198,2.218500,27.728600,1.577100
1,2,116.742359,26.658200,2.776100,27.152800,1.514500
1,2,116.769065,26.706502,2.077600,26.492201,1.771000
1,2,116.796350,27.284298,2.408200,27.406900,1.620700
1,2,116.823326,26.976302,2.116200,26.928200,1.478700
1,2,116.850664,27.338497,2.129600,27.475599,1.677400
1,2,116.878477,27.812101,2.014500,27.396700,1.550000
1,2,116.906123,27.646299,2.414200,27.654400,1.591300
1,2,116.932984,26.861299,2.397100,27.010401,1.892000
1,2,116.960460,27.475603,2.357700,27.401100,1.875200
1,2,116.987758,27.298499,2.323000,27.482000,2.151600
1,2,117.015288,27.529400,1.991300,27.379700,1.780900
1,2,117.042768,27.479902,2.491800,27.223200,1.497100
1,2,117.070666,27.898297,2.355000,27.782600,1.923000
1,2,117.097738,27.071703,2.698700,26.987700,1.702700
1,2,117.124566,26.828799,2.774800,27.379000,1.623700
1,2,117.153638,29.071499,2.332000,28.695601,1.643600
1,2,117.180025,26.387699,2.514400,26.586800,1.645500
1,2,117.207600,27.574401,2.594500,27.456301,1.725600
1,2,117.234921,27.321201,2.415300,27.341801,1.707200
1,2,117.262167,27.245801,2.478000,26.917601,1.701600
1,2,117.288573,26.406400,2.761200,27.097500,1.450300
1,2,117.316089,27.516097,2.044800,27.355200,1.689600
1,2,117.345242,29.152703,2.178200,28.758900,2.253900
1,2,117.371799,26.557300,2.527800,27.139299,2.241800
1,2,117.399153,27.353399,1.998700,27.163900,1.777400
1,2,117.427659,28.505798,2.081400,28.117701,1.575900
1,2,117.454331,26.672602,2.371300,26.811701,1.870200
1,2,117.480950,26.618902,2.328500,26.464199,2.060900
1,2,117.508195,27.244899,2.705400,27.635700,1.825100
1,2,117.540520,32.325100,2.248100,31.809099,1.588600
1,2,117.568692,28.171599,2.605100,28.235001,1.674900
1,2,117.597025,28.333001,2.823100,28.580000,1.767900
1,2,117.624903,27.878299,2.353900,27.651199,1.609600
1,2,117.652453,27.550001,2.747700,27.660900,1.891100
1,2,117.682148,29.695097,2.364200,29.716801,1.916400
1,2,117.709727,27.578901,2.556900,27.436701,1.952300
1,2,117.737955,28.227702,2.781500,27.951500,1.923700
1,2,117.766356,28.401598,2.925700,28.514099,1.758000
1,2,117.793663,27.307101,2.583200,27.576000,1.542400
1,2,117.820558,26.894301,2.322000,27.098400,1.753500
1,2,117.846516,25.958300,2.168800,25.614700,1.641300
1,2,117.873374,26.857600,2.808400,26.742001,1.792100
1,2,117.900766,27.392000,2.780700,27.583401,1.768700
1,2,117.927862,27.096398,2.765500,27.168501,1.823700
1,2,117.955846,27.984202,2.690800,27.514601,1.873300
1,2,117.983836,27.990099,2.945100,28.235001,2.365200
1,2,118.010350,26.513301,2.759300,26.469999,1.876400
1,2,118.036822,26.472200,2.872400,26.657499,2.726900
1,2,118.065967,29.145300,2.758200,27.552299,1.836000
1,2,118.092366,26.398599,4.065900,27.830500,1.622300
1,2,118.118816,26.450001,2.567800,26.433201,1.899400
1,2,118.147551,28.735500,2.587500,27.991600,2.144900
1,2,118.176061,28.510198,2.708600,29.357901,2.273500
1,2,118.203515,27.453702,2.770000,27.264099,2.134700
1,2,118.230453,26.937798,2.847100,27.484600,1.859800
1,2,118.258355,27.901802,2.271200,27.516100,1.410800
1,2,118.285272,26.917100,2.277300,27.002701,1.590600
1,2,118.313048,27.776301,2.043900,27.531300,1.926200
1,2,118.340458,27.410097,2.707500,27.492901,1.790000
1,2,118.367598,27.139600,2.383500,27.339300,1.492200
1,2,118.395567,27.969502,2.097100,27.788700,1.578000
1,2,118.422717,27.149998,2.249600,27.056000,1.643800
1,2,118.449893,27.176101,2.375200,27.571100,1.612400
1,2,118.477358,27.464699,2.039500,27.532600,1.411400
1,2,118.506705,29.347103,1.876800,29.062901,2.185600
1,2,118.534100,27.394697,2.223600,27.563999,1.353900
1,2,118.562102,28.002001,2.019400,27.939899,1.779400
1,2,118.588815,26.712801,2.196500,26.704000,1.847100
1,2,118.615979,27.163800,2.006400,27.186899,1.387800
1,2,118.643510,27.531199,2.740600,27.359301,1.616900
1,2,118.670802,27.292099,2.286700,27.565100,1.466300
1,2,118.696697,25.895599,2.061300,25.522699,1.374800
1,2,118.724619,27.921103,2.647700,27.793600,1.967600
1,2,118.751735,27.116697,2.526200,27.333599,1.648300
1,2,118.780522,28.787300,2.350100,29.044600,1.969800
1,2,118.808091,27.568001,2.577300,27.351801,1.532200
1,2,118.835739,27.648900,2.192600,27.575600,1.732400
1,2,118.865513,29.773802,2.194200,29.586300,1.857200
1,2,118.892323,26.810199,2.490200,27.121401,2.143200
1,2,118.919789,27.465399,2.229900,26.925200,2.001100
1,2,118.946614,26.825000,2.751600,27.474300,1.631700
1,2,118.975834,29.220499,1.884900,28.726700,1.654900
1,2,119.003513,27.679000,2.651500,27.724899,1.607400
1,2,119.030865,27.351901,2.325200,27.281099,1.821100
1,2,119.057986,27.120601,2.438200,27.230600,1.581400
1,2,119.083178,25.192101,2.257700,24.960899,2.661900
1,2,119.110528,27.349599,3.052600,27.512501,1.782900
1,2,119.140604,30.076999,2.679000,29.871401,1.415600
1,2,119.167337,26.732802,2.932600,27.023001,1.943900
1,2,119.194192,26.854597,2.885600,26.997900,2.175400
1,2,119.221853,27.661100,2.476200,27.475100,1.629500
1,2,119.247927,26.074201,2.304900,26.038300,1.532500
1,2,119.276217,28.289899,2.365900,27.962299,1.613100
1,2,119.302387,26.170101,3.117200,26.795200,2.460600
1,2,119.329839,27.451701,2.776100,27.349001,1.958200
1,2,119.357497,27.658001,3.083000,27.669500,1.517900
1,2,119.384771,27.274199,2.441800,27.241899,1.812600
1,2,119.412159,27.387600,2.242800,27.416300,1.835800
1,2,119.439819,27.659900,2.176600,27.656601,2.004900
1,2,119.465517,25.698200,2.456700,25.572399,1.638600
1,2,119.492056,26.539098,2.220400,26.445000,1.739500
1,2,119.519256,27.199600,2.345100,26.709101,2.019200
1,2,119.546517,27.261499,2.847500,27.825100,1.530800
1,2,119.573956,27.439199,2.279300,27.564501,1.542800
1,2,119.601364,27.407400,2.242400,26.994101,1.657000
1,2,119.626912,25.548302,2.535100,25.512400,1.597900
1,2,119.656344,29.432300,2.500100,29.575300,1.632500
1,2,119.683642,27.298000,2.421900,26.907700,1.543300
1,2,119.711130,27.487900,2.840400,27.792900,1.509600
1,2,119.738853,27.722601,2.408800,27.694700,1.768100
1,2,119.765724,26.870999,2.554200,27.166901,1.641700
1,2,119.793221,27.497698,2.116800,27.592899,1.668600
1,2,119.823262,30.040603,2.076700,29.832199,1.682800
1,2,119.848827,25.564797,2.214900,25.327299,1.903300
1,2,119.877844,29.016800,2.667600,29.345800,1.981100
1,2,119.904957,27.113900,2.323800,26.706699,1.780200
1,2,119.932745,27.787901,2.585500,27.540001,1.987800
1,2,119.958345,25.599301,3.412800,25.508699,1.796100
1,2,119.986666,28.320998,2.328800,29.112301,1.701100
1,2,120.014760,28.094701,2.144500,27.831900,1.475800
1,2,120.040749,25.988400,2.343500,26.388100,1.526500
1,2,120.068122,27.373098,1.975600,27.144501,1.813500
1,2,120.093786,25.664400,2.167000,25.707600,1.561800
1,2,120.122972,29.185303,2.017900,29.171900,1.769200
1,2,120.150140,27.167998,2.313700,27.256901,1.862200
1,2,120.177500,27.360301,2.031900,27.254101,1.616600
1,2,120.205239,27.738698,1.993900,27.415300,1.596300
1,2,120.232460,27.221803,2.375400,27.126400,1.494200
1,2,120.259727,27.266897,2.431300,27.526699,1.643700
1,2,120.287204,27.476802,2.154700,27.573400,1.441600
1,2,120.314358,27.153999,2.076400,27.295900,1.578900
1,2,120.341752,27.394202,1.850700,27.188999,1.488600
1,2,120.368856,27.104098,2.196500,27.186199,2.093400
1,2,120.396578,27.721699,2.089100,27.772400,1.589200
1,2,120.423471,26.892502,2.027100,26.604099,1.958100
1,2,120.449791,26.319999,2.324300,26.423500,1.474200
1,2,120.476559,26.768100,2.122500,26.917000,2.224500
1,2,120.503930,27.371701,2.552800,27.066700,1.776200
1,2,120.530897,26.966501,2.654500,27.084600,2.070000
1,2,120.559593,28.695900,2.717600,28.523399,1.713700
1,2,120.588479,28.885998,2.901800,29.229000,2.092600
1,2,120.613713,25.234401,2.371500,25.098801,1.922100
1,2,120.644023,30.309498,2.543700,29.898300,1.955100
1,2,120.670061,26.038602,2.966000,26.220800,1.726700
1,2,120.697283,27.221799,2.375200,27.232100,1.698900
1,2,120.726085,28.801501,2.757500,28.488001,1.748900
1,2,120.752239,26.154500,2.909600,26.579300,1.580300
1,2,120.779537,27.297501,2.172900,27.227200,1.866100
1,2,120.806450,26.913300,2.548600,27.132200,2.404500
1,2,120.834002,27.551699,2.354600,26.938200,2.202100
1,2,120.861002,27.000401,2.920700,27.551001,1.629500
1,2,120.888012,27.009897,2.019800,27.097500,1.456200
1,2,120.915339,27.327403,1.991800,27.331800,1.416000
1,2,120.942629,27.289499,1.975000,27.317499,1.544400
1,2,120.970438,27.809300,1.991800,27.272900,1.568600
1,2,120.997953,27.514499,2.388100,27.541700,1.476500
1,2,121.025033,27.080100,2.493300,27.554501,1.476900
1,2,121.052646,27.613800,1.934200,27.542400,1.310500
1,2,121.085816,33.169802,1.995600,29.381800,2.013000
1,2,121.110009,24.192400,5.845400,27.526800,1.650600
1,2,121.138761,28.752200,2.802800,28.969000,1.865700
1,2,121.168818,30.057199,2.286100,29.235399,1.957800
1,2,121.194888,26.069399,3.092900,26.944599,2.318800
1,2,121.223938,29.050101,2.192000,29.126699,2.099800
1,2,121.251265,27.327001,1.944600,26.944300,1.721700
1,2,121.279608,28.343700,2.425900,28.597500,1.674200
1,2,121.309143,29.534899,2.212600,29.533400,1.877000
1,2,121.336139,26.995402,2.366700,27.077700,1.750700
1,2,121.362709,26.570499,2.070000,26.449200,1.622900
1,2,121.388064,25.355101,2.257100,25.402800,1.842300
1,2,121.417191,29.127199,2.315800,29.027599,1.778000
1,2,121.444306,27.114600,2.494900,27.181801,1.996500
1,2,121.471531,27.225100,2.397000,27.126900,1.968400
1,2,121.499938,28.407101,2.590300,28.162201,1.898200
1,2,121.529311,29.372700,2.962500,29.618700,2.679600
1,2,121.556428,27.117401,2.534600,27.041100,1.742900
1,2,121.583823,27.394399,2.522800,27.370100,2.033600
1,2,121.611582,27.758900,2.602900,27.544100,1.894400
1,2,121.638660,27.078200,2.875300,27.304399,1.632900
1,2,121.665439,26.779201,2.426400,26.723801,1.698400
1,2,121.693246,27.806897,2.379700,27.827400,1.797100
1,2,121.724292,31.046003,2.352000,30.775900,1.990300
1,2,121.750473,26.180800,2.840900,26.108101,1.982800
1,2,121.777254,26.781399,2.770500,27.135000,1.582100
1,2,121.805161,27.906399,2.456800,27.938000,1.778200
1,2,121.833575,28.414801,2.534700,27.797400,1.813800
1,2,121.858532,24.956800,3.261300,25.200199,2.524700
1,2,121.884882,26.349898,3.287700,26.794901,2.279900
1,2,121.912072,27.189903,2.450400,27.293600,1.962800
1,2,121.940352,28.279800,2.148900,27.342400,1.948000
1,2,121.966308,25.956698,3.087700,26.884001,2.104000
1,2,121.993624,27.315602,2.154100,27.197201,1.725500
1,2,122.020897,27.272798,2.349200,27.328100,1.672500
1,2,122.048750,27.853500,2.161400,27.893600,1.641100
1,2,122.075616,26.865900,2.144300,26.763000,1.884700
1,2,122.102929,27.312402,2.488300,27.125401,1.573600
1,2,122.130177,27.248301,2.481700,27.452700,1.383100
1,2,122.157439,27.262397,2.040500,27.002600,1.359500
1,2,122.184724,27.284902,2.337700,27.615200,1.718500
1,2,122.212248,27.523801,2.004800,27.086399,1.478500
1,2,122.239243,26.994899,2.529000,27.133301,1.624300
1,2,122.266481,27.238399,2.789400,26.906200,1.633800
1,2,122.293230,26.748501,2.771800,26.974100,1.649200
1,2,122.320314,27.084202,2.569000,27.365400,1.976400
1,2,122.349894,29.580399,2.793500,29.454300,1.566500
1,2,122.378216,28.322000,2.401800,27.769300,1.998400
1,2,122.404942,26.725300,2.904400,26.966999,2.211400
1,2,122.433199,28.257601,2.771900,28.504999,1.924600
1,2,122.463078,29.879101,2.406100,29.644199,1.738300
1,2,122.489588,26.509598,2.449500,26.778200,2.153400
1,2,122.516939,27.351201,2.187600,27.410400,1.717100
1,2,122.544710,27.770601,1.931800,27.788601,2.287500
1,2,122.572204,27.493998,2.011000,27.340799,1.528100
1,2,122.601094,28.889902,2.390600,28.676701,1.869000
1,2,122.631023,29.928900,2.334500,29.522100,1.706100
1,2,122.657554,26.531000,2.700900,27.316601,1.692100
1,2,122.684615,27.061798,1.922800,26.631300,1.622400
1,2,122.712515,27.899701,2.565000,28.069500,1.847400
1,2,122.741409,28.894398,2.454100,28.926500,1.837400
1,2,122.769018,27.608301,2.330700,27.359100,1.657100
1,2,122.796344,27.326599,3.334900,27.082199,1.718700
1,2,122.823482,27.137902,3.015200,27.094200,1.836700
1,2,122.850750,27.267501,3.289200,27.451799,2.021800
1,2,122.880741,29.990900,3.043300,30.019400,1.986700
1,2,122.905099,24.358798,2.782000,24.806000,1.591400
1,2,122.932704,27.604502,2.124800,27.570299,1.723200
1,2,122.963124,30.419499,2.186700,29.806999,1.663600
1,2,122.990444,27.320199,2.881600,27.416700,2.322300
1,2,123.014715,24.271302,2.785300,24.516199,1.862200
1,2,123.043192,28.476600,2.535500,28.110600,1.610500
1,2,123.072044,28.852299,2.676000,28.971100,1.542500
1,2,123.098597,26.553102,2.593700,26.925900,2.282500
1,2,123.125288,26.690900,2.291000,25.929100,2.099900
1,3,130.276126,24.812501,2.753900,25.534800,2.212100
