Cycle,Round,WallSeconds,FrameMS,GameBusyMS,RenderBusyMS,RHIBusyMS
1,1,26.781576,29.133897,3.755100,29.118200,2.487400
1,1,26.815189,33.612300,3.101100,33.512501,2.551700
1,1,26.850518,35.329301,3.431900,35.380699,2.605400
1,1,26.877832,27.314600,3.201900,27.222799,1.648400
1,1,26.910029,32.196600,3.591500,31.782600,2.026200
1,1,26.941223,31.193402,3.536400,31.571501,2.080900
1,1,26.972829,31.606298,3.543300,31.859100,2.112500
1,1,27.004745,31.916700,3.096400,31.813999,2.448400
1,1,27.036796,32.050099,4.115400,32.029499,2.558700
1,1,27.061869,25.073301,3.357500,25.371300,2.179300
1,1,27.095227,33.357799,2.622900,32.967098,3.549400
1,1,27.128315,33.088602,2.965500,33.026901,2.190300
1,1,27.159345,31.029899,3.052000,31.070000,2.058400
1,1,27.191454,32.108501,3.442900,31.902500,1.945800
1,1,27.225047,33.593401,3.245200,33.036598,2.017800
1,1,27.257978,32.930598,4.030200,33.252499,2.250800
1,1,27.289353,31.375501,3.625500,31.757299,2.085000
1,1,27.320404,31.051099,3.171700,31.512501,2.748900
1,1,27.353468,33.063799,2.840600,32.902401,1.988400
1,1,27.386654,33.186302,2.628400,33.099899,2.042200
1,1,27.419037,32.382600,3.262600,32.284100,1.922100
1,1,27.450622,31.584900,2.976200,31.745001,2.057300
1,1,27.477882,27.260199,3.534200,27.036100,3.251200
1,1,27.508923,31.040702,3.176200,30.993000,2.285700
1,1,27.540739,31.815797,3.338000,31.669001,1.907400
1,1,27.570014,29.275000,3.348700,29.809700,1.738200
1,1,27.601737,31.723302,2.477300,31.416201,1.690100
1,1,27.631983,30.246198,3.617900,30.012300,1.607700
1,1,27.661242,29.259000,3.414400,29.575701,1.937700
1,1,27.692754,31.511903,3.270600,31.452101,2.200400
1,1,27.724429,31.675000,2.788800,31.477301,2.097400
1,1,27.757418,32.988600,2.995800,32.760201,1.811600
1,1,27.791047,33.629399,3.760000,34.032700,1.725400
1,1,27.822993,31.946100,2.781800,31.588400,2.258400
1,1,27.853756,30.763101,3.197600,30.954000,2.068200
1,1,27.883756,29.999398,2.927200,30.020599,1.701200
1,1,27.910630,26.874200,3.131300,26.975500,1.903500
1,1,27.940727,30.096900,2.907300,30.095400,1.780500
1,1,27.972232,31.505201,2.721500,31.450100,2.322600
1,1,28.002142,29.909901,2.926200,29.908501,2.135500
1,1,28.029093,26.950799,3.599900,26.848000,2.315400
1,1,28.059932,30.839801,3.014600,30.726700,2.781800
1,1,28.091507,31.574201,2.974000,31.185801,2.072400
1,1,28.124263,32.756399,3.417100,33.001900,1.950100
1,1,28.155546,31.283300,3.381700,31.530701,1.794800
1,1,28.186228,30.681398,3.108700,30.600599,2.193300
1,1,28.215129,28.901000,4.028900,28.456699,2.392400
1,1,28.244139,29.010002,3.699900,29.699301,1.805500
1,1,28.277916,33.776801,2.705700,33.109901,1.720600
1,1,28.309415,31.499598,3.821300,32.040199,2.391800
1,1,28.341268,31.852599,2.967200,31.500401,2.033600
1,1,28.375012,33.744100,3.297400,33.474400,2.274900
1,1,28.406505,31.493302,3.446700,31.953600,2.095700
1,1,28.437409,30.904301,3.560600,31.098900,1.986000
1,1,28.469403,31.993899,2.812700,31.568001,1.582200
1,1,28.497369,27.965799,3.001600,28.094400,1.557000
1,1,28.527355,29.986199,3.260200,30.153601,1.844800
1,1,28.558470,31.114999,2.674300,31.035801,2.422700
1,1,28.589417,30.947000,2.822700,30.834700,2.152000
1,1,28.620416,30.998401,3.285600,31.421600,2.111300
1,1,28.648989,28.573401,2.766200,27.855400,3.266100
1,1,28.678799,29.809497,3.059300,30.433500,1.823600
1,1,28.710286,31.487800,2.926000,31.353399,1.915600
1,1,28.742835,32.548301,2.763600,31.917400,1.731300
1,1,28.775428,32.593701,3.541200,33.047199,2.053600
1,1,28.806159,30.730698,3.192300,30.798201,1.835300
1,1,28.838803,32.643802,3.506400,32.577900,1.935500
1,1,28.870364,31.560700,3.206800,31.591101,1.764100
1,1,28.897449,27.085498,3.307600,27.133200,2.305600
1,1,28.928155,30.706201,2.701500,30.434099,1.767500
1,1,28.959158,31.002399,3.079200,31.200899,1.779000
1,1,28.989626,30.468401,2.829300,30.277599,1.710200
1,1,29.023212,33.585500,3.421200,33.882301,1.758000
1,1,29.056827,33.615701,3.023600,33.267799,2.112300
1,1,29.086103,29.275499,3.150700,29.748600,1.658300
1,1,29.114732,28.629400,2.546800,28.077999,1.647600
1,1,29.150935,36.202602,3.869700,36.574902,2.953800
1,1,29.177726,26.791599,2.983300,26.703400,1.819400
1,1,29.210393,32.666601,2.774500,32.403801,1.907900
1,1,29.241726,31.333398,3.120300,31.324900,1.705900
1,1,29.277873,36.146600,3.250100,36.315102,2.470200
1,1,29.311744,33.871502,3.072300,33.598598,1.913300
1,1,29.343819,32.074898,3.136300,32.237900,2.011500
1,1,29.375563,31.744100,3.195400,31.312401,1.816600
1,1,29.407427,31.863701,3.543500,32.031200,2.476100
1,1,29.440711,33.283498,3.651400,33.560799,2.239400
1,1,29.473663,32.952201,4.024400,32.566898,2.217000
1,1,29.512512,38.848903,4.207400,34.844002,2.244500
1,1,29.543591,31.078700,9.697800,34.013500,2.091000
1,1,29.574317,30.726597,4.637700,30.880501,2.117800
1,1,29.608774,34.457002,4.306300,34.894100,2.598400
1,1,29.641109,32.334700,3.836400,32.540798,2.082000
1,1,29.675267,34.158200,3.542100,34.091702,1.758800
1,1,29.719475,44.207998,3.565000,35.535000,1.917400
1,1,29.744287,24.811901,13.330400,32.757500,1.963200
1,1,29.778756,34.469001,5.265200,35.340698,2.600200
1,1,29.809881,31.125300,3.705000,31.140301,2.500200
1,1,29.842592,32.710500,3.678700,33.061501,1.945200
1,1,29.876629,34.036901,3.103100,33.729900,2.189200
1,1,29.908947,32.318600,3.336200,31.800100,2.102200
1,1,29.941815,32.867800,4.077300,33.041000,1.789900
1,1,29.973535,31.719700,3.769300,32.040699,2.114100
1,1,30.007169,33.634700,4.018600,33.768101,2.957300
1,1,30.041352,34.182400,3.475600,34.249199,2.432500
1,1,30.073236,31.884301,3.598300,31.657301,2.153500
1,1,30.104368,31.131800,4.223400,31.213499,2.084500
1,1,30.130963,26.595000,4.030200,27.038799,1.935200
1,1,30.167448,36.484797,3.026500,35.950500,1.747000
1,1,30.192858,25.409903,3.526800,25.011700,1.665700
1,1,30.224763,31.905398,3.594500,32.217098,2.386800
1,1,30.256119,31.355601,3.374300,30.956301,1.925500
1,1,30.286179,30.060802,4.390400,30.772600,1.987800
1,1,30.317452,31.273000,3.140100,31.576300,2.025700
1,1,30.344495,27.042400,2.561100,26.774500,1.692200
1,1,30.377440,32.945000,2.654700,32.923401,1.610500
1,1,30.409724,32.283798,2.827800,30.989100,1.688900
1,1,30.440412,30.687999,4.106500,31.646200,2.454800
1,1,30.472562,32.149903,3.368900,32.161999,2.631900
1,1,30.502994,30.432198,3.561700,30.723700,2.235800
1,1,30.535813,32.819699,3.242200,32.898300,1.791400
1,1,30.561431,25.617801,2.971200,25.443399,2.059000
1,1,30.592780,31.349000,2.940000,31.613001,1.914500
1,1,30.625545,32.765001,2.702800,32.438499,1.686500
1,1,30.654365,28.820299,3.070800,29.005600,2.081900
1,1,30.686769,32.403599,2.893600,31.921301,1.784100
1,1,30.719698,32.929201,3.374800,32.553200,2.074600
1,1,30.750004,30.305702,4.575400,30.156500,2.224900
1,1,30.778633,28.628998,4.086800,29.723900,2.711900
1,1,30.810976,32.343000,3.025400,31.702200,1.945500
1,1,30.842927,31.951301,3.436400,32.131401,1.711600
1,1,30.876460,33.532798,3.505700,33.570202,2.079600
1,1,30.907558,31.098001,3.082800,30.883801,2.106200
1,1,30.940585,33.027302,3.468000,32.903999,2.211000
1,1,30.971841,31.255897,3.703100,31.970800,2.286900
1,1,30.999515,27.673800,3.201700,27.600901,2.271000
1,1,31.034792,35.277102,2.817500,35.288799,1.885300
1,1,31.061796,27.004201,3.340100,26.514400,1.518800
1,1,31.091638,29.841997,3.166000,29.930401,1.568300
1,1,31.126182,34.543503,3.449400,34.084702,2.107500
1,1,31.157351,31.168900,4.048000,31.868900,2.124400
1,1,31.190883,33.532698,3.337000,33.188801,2.280500
1,1,31.222107,31.224001,3.485700,31.382401,2.786600
1,1,31.253500,31.392701,4.029300,31.292299,1.881200
1,1,31.285040,31.539697,4.117300,31.548500,2.054900
1,1,31.312128,27.087901,3.656600,27.018801,2.206700
1,1,31.344639,32.511100,3.272900,32.326302,1.796800
1,1,31.377814,33.174898,3.242500,33.230598,1.602100
1,1,31.410273,32.459602,3.318500,31.894899,1.741400
1,1,31.440095,29.821198,3.805900,30.488600,1.958900
1,1,31.473986,33.891302,3.320600,33.195000,1.942200
1,1,31.507039,33.053201,4.559200,33.141102,2.325600
1,1,31.538138,31.098600,4.607300,31.611500,2.245900
1,1,31.565661,27.523600,3.991300,26.847200,2.189200
1,1,31.596182,30.520599,4.001600,29.994301,2.371800
1,1,31.627761,31.579599,4.589300,32.557400,1.826200
1,1,31.658522,30.761000,3.583100,30.874701,1.832200
1,1,31.688014,29.491201,3.215700,29.955500,2.045300
1,1,31.715934,27.920201,3.402600,27.981800,1.715600
1,1,31.750644,34.710299,2.828000,34.576801,1.614600
1,1,31.784231,33.586401,3.143300,33.585800,2.107500
1,1,31.810862,26.631199,2.946500,25.911501,1.751200
1,1,31.840732,29.870600,3.507400,30.333500,1.868700
1,1,31.875790,35.058100,3.764200,34.264400,1.950300
1,1,31.908302,32.511599,6.075400,33.176899,1.864500
1,1,31.939906,31.603601,3.526800,31.733700,1.832800
1,1,31.973144,33.238702,3.374400,32.703499,1.977300
1,1,32.004106,30.961897,4.159800,30.737499,2.727800
1,1,32.034830,30.724101,4.103700,31.689100,1.935500
1,1,32.061984,27.153201,2.914900,26.505899,1.843400
1,1,32.092857,30.873399,3.344300,30.786800,2.012800
1,1,32.124563,31.706300,3.581600,32.098400,1.864500
1,1,32.156536,31.972699,3.420500,32.071499,2.312700
1,1,32.187716,31.179503,3.246900,31.255400,2.251100
1,1,32.213306,25.590297,3.036200,25.899401,1.775300
1,1,32.247213,33.907302,2.587300,33.329498,1.723500
1,1,32.278334,31.121399,3.418200,31.228800,2.067800
1,1,32.309346,31.011801,3.315900,30.680599,1.891400
1,1,32.343725,34.378398,3.653900,34.296398,2.792600
1,1,32.374764,31.038903,3.604400,31.420500,1.915200
1,1,32.405441,30.677397,3.384300,30.414400,2.388100
1,1,32.438798,33.356603,3.703800,32.860100,2.360200
1,1,32.471195,32.397300,4.463900,32.889000,2.452700
1,1,32.501334,30.139100,4.199000,30.698000,2.189600
1,1,32.528839,27.505398,3.084600,26.964899,1.637400
1,1,32.560357,31.517800,3.112100,31.627800,1.686600
1,1,32.590070,29.712502,3.093900,29.828501,1.812100
1,1,32.625059,34.989700,3.917200,34.912701,1.925700
1,1,32.656356,31.296201,3.379100,31.577600,1.997300
1,1,32.686454,30.098200,2.910000,30.262699,1.785100
1,1,32.715071,28.616898,2.422600,28.516300,1.850100
1,1,32.744467,29.395901,2.511600,29.142599,1.960800
1,1,32.776375,31.908799,2.786200,31.796700,1.617800
1,1,32.810014,33.638500,2.990900,33.497898,1.924300
1,1,32.841623,31.608801,2.969300,31.863199,1.526300
1,1,32.874935,33.312201,2.730500,32.684898,1.563500
1,1,32.905555,30.620500,3.583600,31.591499,1.735600
1,1,32.938021,32.465797,2.551500,31.985100,1.792800
1,1,32.969740,31.718601,2.959700,31.917000,1.861400
1,1,33.002138,32.398000,3.192500,32.123600,1.846100
1,1,33.029726,27.588502,3.335300,27.333900,2.164000
1,1,33.064232,34.505799,3.958700,35.053699,1.909100
1,1,33.094724,30.492298,2.542500,30.180401,2.358500
1,1,33.126812,32.087702,3.470300,31.997299,1.823200
1,1,33.160108,33.295799,3.437000,33.261101,1.969200
1,1,33.193383,33.275299,3.220500,33.469799,1.739600
1,1,33.227226,33.842701,2.765800,33.904999,1.832700
1,1,33.259123,31.897098,2.848500,31.762800,1.626600
1,1,33.291347,32.223903,3.095600,32.132702,1.813900
1,1,33.324236,32.889199,3.102200,33.388100,1.647900
1,1,33.357859,33.622902,2.761400,33.137798,2.068600
1,1,33.391976,34.116898,3.359000,33.359100,1.886600
1,1,33.425226,33.249702,4.440100,32.830002,1.978700
1,1,33.458347,33.121899,4.274400,34.342602,2.144500
1,1,33.487699,29.351700,3.085600,29.411800,1.701500
1,1,33.522146,34.446601,3.076900,34.417500,1.634800
1,1,33.552573,30.426800,2.931500,30.444599,2.207300
1,1,33.585651,33.078097,2.758600,33.091400,1.687800
1,1,33.612820,27.169600,2.751200,26.774200,1.652400
1,1,33.645006,32.185402,3.155100,32.509701,1.896400
1,1,33.675900,30.894399,3.199300,30.922501,1.522600
1,1,33.709771,33.870600,2.830100,33.532799,1.985700
1,1,33.742563,32.792199,3.268700,32.269600,2.073200
1,1,33.777262,34.699202,4.222700,35.176701,2.047000
1,1,33.810617,33.354498,3.572600,32.937698,1.906700
1,1,33.841308,30.691203,3.514100,31.568701,1.893400
1,1,33.874256,32.948699,2.803900,32.787899,1.660300
1,1,33.905815,31.558402,3.046800,31.876101,1.929100
1,1,33.937208,31.393100,2.589500,31.137100,1.784500
1,1,33.963771,26.563197,2.841300,26.512400,1.614900
1,1,33.994094,30.323301,2.971000,30.298300,1.558600
1,1,34.026683,32.589000,2.842700,32.178200,1.829000
1,1,34.057434,30.750301,3.412500,31.061501,2.087100
1,1,34.088784,31.349901,2.873100,31.208000,1.683500
1,1,34.120342,31.558398,3.255000,31.513800,1.853800
1,1,34.152338,31.996001,3.973500,32.113998,1.626300
1,1,34.184484,32.145701,3.687400,32.115601,1.867300
1,1,34.209609,25.124799,2.827000,24.882799,1.943900
1,1,34.242547,32.938801,2.979600,33.154499,1.681800
1,1,34.274440,31.893000,2.883200,31.767300,1.705400
1,1,34.305847,31.406898,3.104500,31.473900,2.061000
1,1,34.336973,31.125702,3.209400,31.389400,1.609300
1,1,34.367753,30.779898,2.662900,30.620399,1.591400
1,1,34.393934,26.181102,2.737100,26.346300,1.564400
1,1,34.425670,31.735599,2.493700,31.006901,1.738100
1,1,34.456263,30.593298,3.467400,31.277100,1.933500
1,1,34.486599,30.335903,3.211000,30.366899,1.894700
1,1,34.519754,33.154797,2.718800,33.086201,1.847500
1,1,34.545555,25.801800,3.149300,25.804501,1.753900
1,1,34.575697,30.142002,2.616100,29.129801,1.679000
1,1,34.612939,37.241798,3.796300,33.722801,2.028500
1,1,34.635849,22.910003,7.876800,25.849701,1.890500
1,1,34.674727,38.877901,4.359400,39.782200,3.111900
1,1,34.706266,31.538997,3.800500,31.526600,3.174800
1,1,34.737479,31.213101,4.389700,31.769199,1.774500
1,1,34.763610,26.130699,2.969600,25.985600,1.733100
1,1,34.802602,38.992602,2.961200,38.707401,1.882100
1,1,34.831937,29.334299,3.713400,29.581301,1.609100
1,1,34.860569,28.632399,2.815500,28.500000,1.538900
1,1,34.893256,32.686502,3.219500,32.665901,1.811900
1,1,34.924638,31.382300,3.063700,31.447399,2.081500
1,1,34.958086,33.448398,3.035200,33.494598,1.864200
1,1,34.991692,33.605501,3.494800,33.299702,1.658100
1,1,35.021787,30.094899,3.924900,30.273100,2.063800
1,1,35.053348,31.561300,3.245300,31.676201,1.699800
1,1,35.079434,26.085403,3.252400,26.356501,1.811400
1,1,35.110804,31.370297,2.721500,31.280500,1.611100
1,1,35.142758,31.954300,2.724300,31.342300,1.645600
1,1,35.175709,32.950602,3.334600,33.184799,1.820300
1,1,35.208021,32.312497,3.161600,32.546299,2.369600
1,1,35.239003,30.981403,2.769600,31.008801,2.003200
1,1,35.272575,33.572298,3.113300,33.256401,1.504300
1,1,35.303576,31.001203,3.078700,30.637100,1.790500
1,1,35.331553,27.977198,3.965100,28.547501,1.411700
1,1,35.359647,28.093800,3.100100,28.068501,1.850100
1,1,35.393110,33.462800,2.922300,33.408901,1.982800
1,1,35.425141,32.030702,2.830700,31.795300,1.762600
1,1,35.458022,32.881200,3.323800,32.876598,1.654200
1,1,35.490799,32.777399,3.701900,32.901501,1.571900
1,1,35.521523,30.724000,3.710200,30.537100,1.828500
1,1,35.553770,32.246798,3.365500,32.487999,1.813700
1,1,35.586886,33.115502,3.143300,32.664398,1.860900
1,1,35.611554,24.668798,4.112100,25.259501,2.247100
1,1,35.643876,32.321401,3.265800,31.668501,1.937000
1,1,35.675342,31.465899,4.034100,31.413200,1.862700
1,1,35.705594,30.252602,3.764800,30.528000,2.042600
1,1,35.738229,32.634798,3.475100,32.341599,1.956600
1,1,35.765286,27.057402,4.145400,27.410801,2.774900
1,1,35.797702,32.415997,3.639600,31.828100,2.088700
1,1,35.829395,31.692702,3.366200,32.101601,2.251900
1,1,35.861358,31.962998,3.606500,31.361900,2.188700
1,1,35.894777,33.419099,4.324800,34.552601,1.718300
1,1,35.925288,30.510601,2.967500,30.198999,1.807500
1,1,35.958438,33.150002,3.070500,33.163898,1.917300
1,1,35.990171,31.733397,3.566500,31.693899,2.050500
1,1,36.022176,32.005001,3.415000,32.254700,1.838600
1,1,36.053021,30.845102,2.595600,30.567301,1.929300
1,1,36.084864,31.842597,3.047300,31.797899,1.753700
1,1,36.111217,26.353002,2.994500,26.622999,1.890000
1,1,36.141629,30.412000,2.854600,29.970900,1.702300
1,1,36.172969,31.340402,3.741300,31.724100,1.929400
1,1,36.206476,33.506498,2.846200,33.308601,2.730200
1,1,36.236736,30.259803,3.021300,30.123400,1.824300
1,1,36.269457,32.721497,3.817900,32.428799,1.661500
1,1,36.295472,26.014403,3.885700,26.506100,1.839100
1,1,36.326340,30.868098,3.155800,30.489201,1.474000
1,1,36.358116,31.776201,3.232000,31.984100,1.946600
1,1,36.390422,32.306399,3.569900,32.367199,2.127200
1,1,36.424170,33.747502,3.349800,32.585999,1.855900
1,1,36.456229,32.059100,4.853500,33.239101,2.033600
1,1,36.485950,29.720798,3.586800,30.002701,1.983100
1,1,36.511786,25.836799,3.104400,25.708099,1.792900
1,1,36.543474,31.687103,2.709200,31.387300,1.853000
1,1,36.575273,31.799898,3.209000,31.810499,1.952400
1,1,36.608853,33.579402,3.489500,33.167900,2.065700
1,1,36.639943,31.090397,4.816000,31.501600,1.965700
1,1,36.666461,26.518002,3.183500,26.470600,1.832800
1,1,36.695542,29.080499,3.762400,28.327000,1.541900
1,1,36.727137,31.595301,3.974900,32.412701,1.688700
1,1,36.758504,31.367201,3.162700,31.708200,1.682200
1,1,36.791319,32.814499,2.846700,32.394501,2.339400
1,1,36.821058,29.739700,3.665400,29.690701,1.915300
1,1,36.852563,31.505000,3.458400,31.894501,1.832100
1,1,36.878849,26.285801,2.893700,26.309700,1.665300
1,1,36.909910,31.061199,2.749900,30.574301,1.524600
1,1,36.939171,29.261000,3.093000,29.426901,1.714200
1,1,36.969113,29.941998,3.317200,30.315399,1.630700
1,1,36.995190,26.076302,2.786400,25.512800,1.700200
1,1,37.026300,31.109899,3.189000,31.176399,1.763800
1,1,37.059329,33.029798,3.243100,32.687099,1.952800
1,1,37.091605,32.276101,3.633300,32.846699,2.048000
1,1,37.124582,32.976002,3.609000,32.777302,1.923800
1,1,37.155924,31.342797,3.963100,31.209101,1.944400
1,1,37.187780,31.856000,3.427500,32.156898,1.758700
1,1,37.219526,31.745601,2.872300,31.841600,1.775200
1,1,37.244997,25.470998,2.902700,25.436199,1.575800
1,1,37.277733,32.736301,2.745700,32.775501,1.527500
1,1,37.307562,29.828798,3.310800,29.721500,1.835700
1,1,37.340546,32.983702,3.177000,32.770802,1.855100
1,1,37.373670,33.124398,3.545200,33.245701,2.208200
1,1,37.405198,31.527903,3.255600,31.656500,2.710400
1,1,37.438218,33.019699,3.064600,33.119099,2.390800
1,1,37.470158,31.939901,2.779600,31.945499,1.822500
1,1,37.496915,26.757300,2.620100,26.384800,1.361300
1,1,37.528710,31.795599,3.022100,31.948601,1.314800
1,1,37.559792,31.081099,2.691100,30.726101,1.648200
1,1,37.591168,31.376302,3.316600,31.695601,1.852400
1,1,37.621816,30.648597,3.208000,30.740499,2.001500
1,1,37.656186,34.369402,3.084000,34.157299,1.413500
1,1,37.682390,26.203901,3.521900,26.490999,1.781400
1,1,37.714312,31.922199,2.592700,31.900900,1.566500
1,1,37.743901,29.589001,2.789300,29.352600,1.596600
1,1,37.776889,32.988101,3.193100,32.590401,1.644400
1,1,37.808547,31.657699,3.226200,31.507099,1.696200
1,1,37.840231,31.684101,4.009500,32.470699,2.209200
1,1,37.874851,34.620598,2.950900,34.048302,2.056100
1,1,37.905937,31.085599,3.459000,31.245100,2.211100
1,1,37.931507,25.569603,3.420500,25.948700,1.744100
1,1,37.960951,29.444300,2.866900,28.816500,1.597900
1,1,37.992200,31.248700,3.830900,31.193001,2.019900
1,1,38.020807,28.607197,3.760300,29.307400,1.959600
1,1,38.052141,31.334501,2.581700,31.425800,1.837500
1,1,38.080101,27.959701,3.851400,27.973101,1.467600
1,1,38.108187,28.085701,2.374500,27.739100,1.327600
1,1,38.138729,30.541800,2.848000,30.739300,2.028800
1,1,38.170053,31.324700,2.657700,31.046000,1.515000
1,1,38.196293,26.239298,2.930600,26.365900,1.468600
1,1,38.225872,29.579103,2.628800,29.240200,1.884700
1,1,38.255989,30.117299,3.027900,30.537901,2.118600
1,1,38.284200,28.210700,2.532700,27.856701,1.728100
1,1,38.312367,28.167199,3.017400,28.395100,1.645300
1,1,38.342979,30.612402,2.857300,30.410299,1.693500
1,1,38.373486,30.506298,2.822100,30.768999,1.852300
1,1,38.403796,30.310899,2.838600,30.212400,1.586900
1,1,38.430086,26.289601,2.862500,26.472601,1.712800
1,1,38.460663,30.576900,2.422600,30.231001,1.794200
1,1,38.489762,29.099401,2.786500,29.605801,1.550000
1,1,38.521802,32.039300,2.770300,31.777201,1.878700
1,1,38.547368,25.566101,2.934600,25.580000,1.841400
1,1,38.578209,30.841198,2.659500,30.053600,1.534600
1,1,38.607841,29.632200,3.115100,30.246201,2.119900
1,1,38.636528,28.686702,2.952600,29.004601,1.972100
1,1,38.663279,26.751000,3.422000,26.542500,1.743900
1,1,38.692953,29.674198,2.489800,28.950399,1.790200
1,1,38.724408,31.455100,4.218800,32.014801,1.780000
1,1,38.756950,32.542299,2.741800,32.288601,1.685200
1,1,38.788190,31.239003,4.143800,31.345600,2.308400
1,1,38.820090,31.900398,3.441100,32.240398,1.547000
1,1,38.845519,25.429498,2.469700,25.411699,1.472200
1,1,38.876334,30.814301,2.761500,30.437201,1.603200
1,1,38.907844,31.509902,2.846000,31.469601,1.570300
1,1,38.938729,30.885097,2.763800,30.966999,1.912100
1,1,38.964621,25.891803,2.742600,25.940500,1.573900
1,1,38.995047,30.426100,2.750300,29.055901,1.638600
1,1,39.024369,29.322799,4.215000,30.608601,2.585600
1,1,39.055209,30.840099,2.966200,30.386999,1.726600
1,1,39.079680,24.470102,5.176500,24.960899,1.693400
1,1,39.110333,30.653697,2.726000,30.576200,1.674100
1,1,39.138918,28.584901,2.798700,28.769699,2.058700
1,1,39.166877,27.959101,2.582500,27.635300,1.662100
1,1,39.194723,27.845301,3.333600,28.046400,1.632500
1,1,39.225008,30.285798,2.844000,30.171801,1.641600
1,1,39.257606,32.597803,3.395200,32.158501,1.765300
1,1,39.288298,30.691899,4.950700,31.141300,1.787000
1,1,39.318984,30.685499,3.485000,30.971300,1.621600
1,1,39.344829,25.845099,2.683500,25.807301,1.894900
1,1,39.377565,32.735802,2.879100,30.458401,1.622900
1,1,39.406776,29.211499,4.995900,31.256001,2.061300
1,1,39.435859,29.082701,4.217500,29.270500,1.704200
1,1,39.462295,26.435900,3.456000,26.072500,2.227300
1,1,39.492831,30.536398,3.075000,30.720100,1.609600
1,1,39.524248,31.417001,3.030500,31.304600,2.128800
1,1,39.555366,31.118099,4.462100,31.061399,1.930600
1,1,39.580044,24.678200,3.246800,25.020399,1.451100
1,1,39.613413,33.368699,2.649900,32.973598,1.511800
1,1,39.642559,29.145800,2.934200,29.062000,1.480700
1,1,39.673475,30.916501,3.211800,31.337000,1.674200
1,1,39.707693,34.217201,3.073500,30.778900,1.750100
1,1,39.730047,22.354599,8.185700,24.766300,1.665000
1,1,39.763027,32.980200,4.028700,33.615898,1.700700
1,1,39.794040,31.012900,3.015100,31.087200,1.657600
1,1,39.825556,31.516198,2.948800,31.295900,1.517000
1,1,39.855680,30.123502,3.355900,30.142000,1.764000
1,1,39.884230,28.550498,3.123900,28.470301,1.620300
1,1,39.919726,35.495203,3.305400,36.074299,1.732300
1,1,39.946334,26.608597,2.517400,26.103500,1.588900
1,1,39.977033,30.698501,2.988300,30.749201,1.341000
1,1,40.009423,32.390099,2.968100,31.698400,1.641600
1,1,40.040525,31.101801,3.644800,32.191200,1.786600
1,1,40.073220,32.695901,2.643000,32.240002,1.765800
1,1,40.105162,31.941500,3.034800,31.988001,1.818700
1,1,40.136880,31.718303,3.057500,31.456699,1.766700
1,1,40.163406,26.526198,3.419100,26.912600,1.977500
1,1,40.194949,31.542499,2.784500,31.598801,1.422300
1,1,40.225766,30.817501,2.717100,30.099600,1.423800
1,1,40.259487,33.720300,3.631100,33.401699,1.365500
1,1,40.289375,29.887900,4.937600,30.779900,1.618300
1,1,40.322669,33.294801,2.979300,33.261002,1.449700
1,1,40.355645,32.975100,2.913300,32.713299,1.765900
1,1,40.387963,32.318000,3.349600,32.626301,1.507600
1,1,40.414324,26.361700,2.920400,26.050600,1.594300
1,1,40.446067,31.742401,3.141700,31.792299,2.066900
1,1,40.477023,30.956101,2.988800,30.124599,1.504100
1,1,40.505531,28.507899,3.982100,29.854700,1.562200
1,1,40.537751,32.220598,2.891400,31.534000,1.529500
1,1,40.563559,25.807500,3.608600,25.905800,1.610800
1,1,40.594580,31.020802,3.045200,31.301800,1.668200
1,1,40.627271,32.691199,2.860100,32.346100,1.599200
1,1,40.658512,31.241100,3.281200,31.550400,1.857200
1,1,40.687896,29.384401,3.256100,29.569099,1.864000
1,1,40.720059,32.163199,2.718600,31.733601,1.686800
1,1,40.746809,26.749998,2.971800,26.867399,1.471000
1,1,40.779135,32.325801,2.842600,31.285900,1.714800
1,1,40.810227,31.092100,3.840700,31.588699,1.596700
1,1,40.841691,31.463902,3.687900,31.721300,1.823900
1,1,40.874574,32.882899,3.202200,33.158600,2.176500
1,1,40.905199,30.624501,3.510600,30.200600,1.944600
1,1,40.937449,32.250699,3.743200,32.259201,1.831300
1,1,40.969155,31.705901,3.438900,31.882700,2.194300
1,1,40.995220,26.064500,3.628300,26.490000,1.604400
1,1,41.027611,32.390900,2.973600,32.182301,2.041900
1,1,41.060440,32.829598,3.019200,32.476002,1.720900
1,1,41.093043,32.602999,3.584600,32.439201,1.925900
1,1,41.127438,34.394901,4.098200,34.634300,1.749000
1,1,41.160313,32.874599,3.229500,32.115898,1.761200
1,1,41.194004,33.690702,3.815100,34.272900,2.175800
1,1,41.226009,32.005001,3.498100,32.008499,1.997100
1,1,41.260233,34.224097,3.453100,34.056198,1.672600
1,1,41.293662,33.429302,3.656800,33.772301,2.073400
1,1,41.324160,30.498300,3.410800,30.546400,2.162500
1,1,41.356270,32.109998,3.656800,32.379200,1.990200
1,1,41.390395,34.125201,2.992500,34.022099,1.547100
1,1,41.422546,32.150500,3.381500,31.913601,1.707500
1,1,41.454847,32.301601,3.488600,31.906200,1.732100
1,1,41.483294,28.446700,3.862800,28.715700,1.518800
1,1,41.519889,36.594599,3.955400,37.093102,1.499800
1,1,41.549404,29.515699,2.914300,29.403299,1.898800
1,1,41.579745,30.340500,2.950500,29.928400,1.575800
1,1,41.611350,31.605102,3.243600,31.660200,1.581400
1,1,41.643826,32.475900,3.750900,32.036098,1.877600
1,1,41.675749,31.923499,4.467500,32.237801,1.697400
1,1,41.708999,33.249799,3.687700,33.275902,1.997700
1,1,41.740575,31.576201,4.489900,31.813200,3.555900
1,1,41.780263,39.687101,3.416300,37.403099,1.649300
1,1,41.811927,31.664699,5.768200,33.644699,2.184900
1,1,41.846168,34.240801,4.305600,34.063999,1.938100
1,1,41.877597,31.428598,3.776900,31.543900,2.286500
1,1,41.910485,32.888699,4.017400,32.906898,2.128000
1,1,41.938720,28.234400,4.095600,28.384199,1.913300
1,1,41.966310,27.590100,4.094200,28.023701,2.022900
1,1,41.995019,28.709203,3.486600,28.331200,1.931100
1,1,42.027130,32.110699,2.973200,31.925900,1.685600
1,1,42.056681,29.551201,3.300300,29.688400,1.903300
1,1,42.088182,31.501301,3.074700,31.440800,1.676400
1,1,42.111558,23.375500,3.023300,23.726200,1.905000
1,1,42.143202,31.643800,2.742300,31.449699,1.829000
1,1,42.172992,29.790498,3.306100,30.046700,2.316600
1,1,42.204859,31.866800,2.770400,31.381800,1.904900
1,1,42.229748,24.889100,3.458000,24.880199,1.815300
1,1,42.261739,31.990599,3.992200,31.922400,1.950600
1,1,42.292464,30.725099,3.329300,30.947100,1.654700
1,1,42.325368,32.904200,3.042300,32.922699,1.747900
1,1,42.356537,31.169601,3.069700,31.345600,1.962000
1,1,42.381483,24.945900,2.767200,24.642000,1.860600
1,1,42.416145,34.661699,2.888900,34.749802,1.684200
1,1,42.445142,28.996702,2.972600,28.853300,1.620500
1,1,42.477113,31.971198,3.110300,31.729200,1.482300
1,1,42.506199,29.085703,3.186700,29.676901,2.113500
1,1,42.536179,29.980399,2.887600,29.759100,1.424500
1,1,42.560791,24.611801,3.266700,24.669001,1.429000
1,1,42.592298,31.507097,2.702300,31.296200,1.824900
1,1,42.623175,30.877102,3.109800,31.327801,1.707800
1,1,42.654833,31.657599,2.571100,31.694201,1.701600
1,1,42.679878,25.045201,2.461100,24.889700,1.747700
1,1,42.710857,30.978799,2.521100,30.059401,1.578400
1,1,42.739974,29.116903,3.873100,29.957600,1.881700
1,1,42.771602,31.628698,2.963600,31.212299,1.976200
1,1,42.796589,24.986699,3.281400,25.139999,1.968900
1,1,42.826320,29.730700,3.276800,29.526199,1.787300
1,1,42.856285,29.964902,3.149200,30.087999,1.939100
1,1,42.883036,26.751298,3.158900,26.872801,1.864400
1,1,42.910989,27.952902,2.868700,28.076200,1.472900
1,1,42.938748,27.759098,2.780600,27.903000,1.835100
1,1,42.964116,25.367703,2.543900,25.165001,2.028200
1,1,42.995551,31.435098,2.878000,31.093100,1.630900
1,1,43.025052,29.501699,3.128500,29.572100,1.797900
1,1,43.055575,30.522201,3.000200,30.846901,1.766800
1,1,43.081155,25.580000,2.830900,25.660299,1.959100
1,1,43.110516,29.361200,2.661100,28.908701,1.526800
1,1,43.141617,31.101499,3.076700,31.272499,1.876300
1,1,43.172258,30.641101,3.378200,30.457899,1.713300
1,1,43.198287,26.028201,3.044400,26.064199,1.563900
1,1,43.230099,31.811997,2.911700,31.688801,1.664400
1,1,43.260667,30.567903,2.975400,30.238400,1.818200
1,1,43.292969,32.302599,3.335300,32.356499,1.832200
1,1,43.323069,30.099899,3.734400,30.587400,1.741600
1,1,43.348015,24.945699,2.950400,25.261299,1.823300
1,1,43.386444,38.429402,2.527800,37.643200,1.646800
1,1,43.411057,24.612699,3.856600,24.799400,1.758300
1,1,43.442226,31.169400,3.102200,30.954700,1.894100
1,1,43.473910,31.683400,4.604000,31.782000,2.005700
1,1,43.504790,30.880202,3.533100,30.852501,2.046500
1,1,43.530104,25.314599,3.549900,25.364901,2.064700
1,1,43.561530,31.425700,3.168200,31.247299,1.769500
1,1,43.592809,31.279001,3.614400,31.128300,2.255500
1,1,43.622096,29.286701,3.900800,29.983601,1.735600
1,1,43.646923,24.827298,2.852700,24.971300,1.555200
1,1,43.678990,32.067299,2.582300,31.964300,1.614600
1,1,43.708286,29.295202,2.691200,29.116800,1.637900
1,1,43.740305,32.019500,2.940600,31.714399,1.645800
1,1,43.772525,32.220200,3.454400,32.420502,1.912500
1,1,43.797571,25.046099,3.849900,25.003599,2.124400
1,1,43.828495,30.924000,3.087900,30.750900,1.509300
1,1,43.858282,29.786400,3.252600,29.896799,1.769700
1,1,43.890263,31.981602,3.111200,31.763000,1.680000
1,1,43.920223,29.959898,3.177400,30.556801,1.482600
1,1,43.944828,24.604399,2.811400,24.537399,1.358500
1,1,43.975858,31.030502,2.782100,30.724100,1.859100
1,1,44.006191,30.332699,4.492900,30.460699,2.308400
1,1,44.030028,23.837101,3.309600,23.860399,1.983400
1,1,44.062010,31.982198,2.929100,31.902599,1.870700
1,1,44.093831,31.820700,3.280200,31.526899,1.966200
1,1,44.127116,33.285301,3.592000,33.477200,2.311000
1,1,44.158938,31.821899,3.676400,31.574400,1.869500
1,1,44.190055,31.117100,3.617500,31.676701,2.058500
1,1,44.215178,25.123000,2.768700,24.829700,1.780700
1,1,44.247336,32.158200,2.991200,32.318901,1.878200
1,1,44.277962,30.625999,2.819100,29.979799,1.927700
1,1,44.306717,28.754503,3.685200,29.090700,1.986800
1,1,44.331142,24.425298,3.570200,24.773701,1.783800
1,1,44.362281,31.139202,3.417600,29.721701,1.800300
1,1,44.393080,30.798499,4.227700,31.714001,1.750900
1,1,44.423762,30.682400,3.363200,30.719299,2.220000
1,1,44.454568,30.805301,3.483400,30.909300,1.960900
1,1,44.480197,25.629099,3.541600,25.404600,1.730500
1,1,44.510915,30.718800,3.686000,30.046900,2.007000
1,1,44.542523,31.608000,4.000100,32.341702,2.009600
1,1,44.575135,32.611798,3.867300,31.212200,2.017700
1,1,44.604000,28.864801,7.297500,30.253401,2.488600
1,1,44.629271,25.270998,3.922400,25.117001,1.842100
1,1,44.661637,32.365501,4.169700,32.549900,1.772400
1,1,44.694402,32.765601,3.565200,31.521500,2.215900
1,1,44.723607,29.204801,4.937400,30.334999,1.998200
1,1,44.749710,26.103400,4.169100,26.211901,2.018100
1,1,44.784579,34.868199,3.157300,29.848301,1.831000
1,1,44.812901,28.322302,9.130000,31.439400,2.060700
1,1,44.841792,28.891597,5.915300,30.739300,2.370600
1,1,44.874401,32.608200,3.523100,31.948799,2.625200
1,1,44.899735,25.334403,5.161500,25.454100,2.339100
1,1,44.930788,31.052999,4.143800,31.496300,2.960600
1,1,44.964032,33.244301,3.342100,33.143902,2.333400
1,1,44.997732,33.700097,3.929000,33.826698,2.580600
1,1,45.030254,32.521900,3.597000,32.232899,2.260700
1,1,45.061638,31.383503,3.559800,31.755100,2.395000
1,1,45.093390,31.751998,3.392400,30.716200,1.710800
1,1,45.129662,36.272500,4.633000,36.710800,1.746000
1,1,45.161365,31.702600,4.540800,31.873199,2.469900
1,1,45.194547,33.182401,4.058900,33.322601,2.563400
1,1,45.231301,36.753699,3.648800,36.664501,1.933800
1,1,45.265742,34.440901,3.528300,34.264999,1.881800
1,1,45.304828,39.086100,3.462500,39.008999,1.931600
1,1,45.338230,33.402398,3.748700,33.884998,2.006100
1,1,45.367725,29.494002,3.235700,29.324499,2.196600
1,1,45.397962,30.237298,3.344800,30.624201,2.584400
1,1,45.440626,42.664401,2.905700,42.188000,1.841200
1,1,45.472136,31.510200,3.659600,31.620501,1.994000
1,1,45.508415,36.278900,3.375300,36.086498,1.736900
1,1,45.538814,30.398399,3.746000,31.019400,2.003300
1,1,45.564756,25.942601,2.718900,25.967699,1.628900
1,1,45.597094,32.337997,2.695200,32.291401,1.402100
1,1,45.629619,32.525003,2.642700,32.344601,1.764200
1,1,45.661629,32.009698,2.738900,32.121899,1.912200
1,1,45.693996,32.367300,2.726100,31.917299,1.592500
1,1,45.725767,31.771000,3.247700,31.492201,1.591100
1,1,45.757343,31.576000,3.952900,31.881300,1.940000
1,1,45.790779,33.435300,3.971900,33.440899,1.801300
1,1,45.821094,30.315798,3.455300,30.223499,1.570400
1,1,45.849795,28.700702,3.489800,28.784000,1.451000
1,1,45.877729,27.933899,3.156500,28.117599,2.022000
1,1,45.909331,31.601999,2.874700,31.268000,2.027000
1,1,45.942325,32.993503,3.644000,33.034000,2.006100
1,1,45.973706,31.381898,3.339200,31.794201,1.719900
1,1,46.006037,32.330699,2.983600,32.032398,1.565000
1,1,46.038235,32.198202,3.008200,32.472401,1.641900
1,1,46.063236,25.000300,2.743600,25.083799,1.829100
1,1,46.095233,31.997699,3.002400,31.499500,1.562100
1,1,46.126968,31.734802,3.166800,31.958500,1.637400
1,1,46.161026,34.057498,3.017900,33.964298,1.778000
1,1,46.191683,30.657899,3.780100,30.798300,2.062100
1,1,46.223766,32.082703,3.384200,31.677000,1.864800
1,1,46.256418,32.652199,3.942900,32.549801,1.718800
1,1,46.287883,31.464599,4.642500,31.324900,1.703800
1,1,46.313139,25.255699,3.971600,26.186300,2.159600
1,1,46.345593,32.454401,2.663700,31.830099,1.587800
1,1,46.376775,31.181600,3.236500,31.368401,1.629100
1,1,46.408717,31.942002,3.234800,31.504200,1.857700
1,1,46.438923,30.206297,4.086700,30.805901,1.899600
1,1,46.471690,32.766901,3.131500,32.707699,1.864500
1,1,46.501080,29.389702,2.786000,28.983200,1.415100
1,1,46.530163,29.083300,3.319200,29.701700,1.743800
1,1,46.560795,30.631997,2.499200,30.283001,1.842100
1,1,46.592814,32.019503,2.926800,31.995899,1.850300
1,1,46.625462,32.648098,3.120800,32.345200,1.574100
1,1,46.656801,31.338502,3.665400,31.535299,1.717400
1,1,46.687796,30.995399,3.320900,30.854300,1.511000
1,1,46.713546,25.750101,3.683400,26.346001,1.383000
1,1,46.746027,32.480199,2.910300,31.119699,1.378500
1,1,46.777745,31.717900,3.805100,32.753799,1.788000
1,1,46.810617,32.872800,3.006000,32.574100,1.855500
1,1,46.844358,33.740602,3.325000,31.695299,1.602300
1,1,46.873189,28.831400,5.925300,30.971300,2.146000
1,1,46.904760,31.570897,3.579100,31.594700,1.695700
1,1,46.933686,28.925903,3.335400,28.071501,1.869700
1,1,46.962004,28.317899,4.056200,29.315001,2.003900
1,1,46.993772,31.767901,3.162800,31.736601,1.641500
1,1,47.026145,32.372799,3.286000,31.975201,2.868800
1,1,47.056940,30.795600,3.732400,31.471701,1.670200
1,1,47.087669,30.728798,2.972000,30.576700,1.688200
1,1,47.114309,26.640203,3.356500,26.656601,1.603600
1,1,47.147494,33.184297,2.923300,33.393101,1.608100
1,1,47.178503,31.008903,2.449600,30.391199,1.645300
1,1,47.210944,32.441098,3.583600,32.518002,1.772300
1,1,47.243454,32.509901,3.775500,32.784901,1.844600
1,1,47.277443,33.989701,3.510200,33.526199,1.925300
1,1,47.309303,31.859700,3.458200,32.052700,2.166900
1,1,47.342778,33.475097,3.172700,33.265598,1.943900
1,1,47.375895,33.117302,3.594100,33.283199,2.133800
1,1,47.406102,30.206300,3.087400,30.239300,1.458100
1,1,47.432826,26.724100,3.243800,26.828699,1.801400
1,1,47.464296,31.470198,3.048400,30.967600,1.620600
1,1,47.495042,30.746300,3.182000,30.882500,1.863100
1,1,47.525963,30.920401,3.359200,31.021400,1.928000
1,1,47.557112,31.149600,3.425600,30.909800,2.563400
1,1,47.589167,32.054700,3.448000,32.261501,1.696600
1,1,47.620841,31.673901,3.355500,31.748800,1.875100
1,1,47.647756,26.914701,3.637000,26.838800,1.882700
1,1,47.677591,29.835500,3.697300,29.879801,1.975200
1,1,47.710861,33.269700,3.616500,33.166302,1.990600
1,1,47.741889,31.028699,3.735800,30.934799,1.993700
1,1,47.775860,33.971000,3.943800,34.059700,1.830000
1,1,47.807315,31.454399,3.369200,32.096199,1.932400
1,1,47.838008,30.693401,2.878600,30.466600,2.087800
1,1,47.871417,33.408299,2.831900,33.135201,1.745800
1,1,47.898331,26.914302,3.400700,27.168301,1.838300
1,1,47.930540,32.209098,2.679000,31.302900,1.519700
1,1,47.962875,32.335199,3.944600,31.848801,2.293500
1,1,47.995148,32.272402,4.652700,33.177898,2.098100
1,1,48.028677,33.529498,3.177800,33.662102,1.761800
1,1,48.060830,32.153402,2.980000,32.531200,1.893700
1,1,48.091459,30.628998,2.788400,30.453600,1.880600
1,1,48.124313,32.853100,2.771700,32.787399,1.687200
1,1,48.157393,33.080801,2.661400,32.900002,1.845000
1,1,48.183663,26.269600,3.077300,26.474701,1.571400
1,1,48.221622,37.958901,3.089400,37.789902,1.447100
1,1,48.248425,26.803199,2.898600,26.854500,1.558600
1,1,48.278642,30.216698,2.973800,30.222601,1.788100
1,1,48.310220,31.578202,2.874600,31.858500,1.845000
1,1,48.341612,31.392101,2.770700,31.461300,1.702700
1,1,48.373407,31.795297,2.525200,31.735300,1.695100
1,1,48.401895,28.487902,2.460500,28.052999,1.740400
1,1,48.430204,28.308898,2.984900,28.527599,1.963100
1,1,48.463060,32.855600,2.633300,32.342300,1.611600
1,1,48.494181,31.121001,3.170400,31.382900,1.610200
1,1,48.523592,29.411402,2.987000,29.667000,1.870400
1,1,48.555394,31.802200,2.817900,31.800400,1.393200
1,1,48.582228,26.833199,2.856800,26.575899,1.614700
1,1,48.614239,32.011300,2.866200,32.094601,1.564500
1,1,48.647345,33.105999,2.772700,32.919800,1.763900
1,1,48.678304,30.958802,2.937000,31.280100,1.765200
1,1,48.710507,32.203499,2.703700,32.073399,2.041400
1,1,48.740393,29.885698,2.945900,30.048201,1.674200
1,1,48.773249,32.855801,2.884400,32.666698,1.753700
1,1,48.804736,31.487301,2.830500,31.658701,1.614400
1,1,48.831340,26.604198,2.703600,26.442499,1.680500
1,1,48.862382,31.042002,2.686800,30.993700,1.691800
1,1,48.893795,31.412400,2.630200,31.420601,1.781200
1,1,48.925083,31.288400,3.040000,31.540501,1.910700
1,1,48.955635,30.551899,2.856500,30.561001,1.771700
1,1,48.983192,27.557399,2.409400,27.314100,1.525500
1,1,49.013696,30.503400,2.587800,30.050301,1.895100
1,1,49.046482,32.786399,3.335500,33.063400,2.226600
1,1,49.077234,30.751403,3.248200,30.760201,1.737700
1,1,49.110615,33.381097,3.061900,33.322102,1.896000
1,1,49.142184,31.569701,3.667600,31.649500,1.906400
1,1,49.176119,33.935200,3.695900,33.894299,1.780100
1,1,49.208662,32.542299,3.006900,32.665501,1.868800
1,1,49.240893,32.231700,3.387100,32.000900,2.075100
1,1,49.274973,34.079202,2.899200,34.179901,1.675100
1,1,49.307745,32.772198,3.337000,33.004200,1.972800
1,1,49.342066,34.321200,2.564000,34.029202,1.985800
1,1,49.374198,32.131501,3.077900,32.013199,1.610400
1,1,49.407720,33.522602,2.760900,33.847599,1.548600
1,1,49.439741,32.020599,2.711400,32.117199,1.626600
1,1,49.466630,26.888799,2.637200,26.458200,1.549400
1,1,49.505948,39.318901,3.063300,39.256100,1.638000
1,1,49.538854,32.905001,3.094400,33.015999,1.808400
1,1,49.565239,26.385799,2.884600,26.315500,1.853600
1,1,49.596677,31.437799,3.051100,31.756599,1.839800
1,1,49.627507,30.829601,2.615200,30.695299,1.740300
1,1,49.660256,32.749798,2.973100,32.219200,1.824700
1,1,49.691812,31.555302,3.857700,31.927299,1.844700
1,1,49.722576,30.764598,3.369300,30.292400,1.823200
1,1,49.755375,32.798301,3.272700,33.476501,1.752300
1,1,49.788794,33.419598,2.659500,32.927502,1.777600
1,1,49.820871,32.077003,3.146800,32.458698,1.820800
1,1,49.845289,24.417996,2.828200,23.969601,1.924000
1,1,49.876503,31.213701,3.250400,31.493799,1.642000
1,1,49.907017,30.513700,2.938100,30.668200,1.911500
1,1,49.937952,30.935101,3.111400,28.047400,1.860900
1,1,49.966436,28.484400,6.259800,29.959400,1.670000
1,1,49.996793,30.356798,4.280600,31.504400,1.576100
1,1,50.028801,32.008201,2.903200,31.961100,1.989300
1,1,50.061043,32.241400,3.295900,32.077499,1.646800
1,1,50.091186,30.143801,3.266500,30.386299,2.015800
1,1,50.124270,33.083100,2.907700,33.127602,1.887100
1,1,50.156886,32.616399,2.924600,32.499599,2.001700
1,1,50.182426,25.540400,3.250600,25.893101,1.652700
1,1,50.214012,31.586099,2.910300,31.031300,1.685300
1,1,50.247570,33.557199,3.113000,33.546398,1.578300
1,1,50.280180,32.609902,3.094500,31.990499,1.658600
1,1,50.311587,31.407699,3.814000,32.087101,1.803700
1,1,50.343460,31.873100,3.537700,31.620300,1.646000
1,1,50.373411,29.950902,3.490000,30.642300,1.854000
1,1,50.406138,32.726400,2.899200,32.525902,1.510400
1,1,50.437532,31.394500,2.765300,31.567699,1.567100
1,1,50.464787,27.254499,2.586000,26.732401,1.617800
1,1,50.497151,32.364599,3.084200,32.789398,1.814300
1,1,50.527370,30.219201,2.834500,29.550200,1.621000
1,1,50.559559,32.188598,3.785000,32.353001,1.758900
1,1,50.590624,31.065300,3.552600,31.096100,2.053100
1,1,50.621400,30.776102,3.188100,31.312700,1.660200
1,1,50.651943,30.542199,2.673000,30.219101,1.815200
1,1,50.680752,28.809499,2.791900,28.635700,1.731600
1,1,50.712606,31.854201,3.069200,31.744301,1.937800
1,1,50.745685,33.079099,3.071200,33.214298,2.120200
1,1,50.779683,33.997901,3.048000,34.041000,1.630100
1,1,50.812149,32.465700,2.979000,32.056400,1.795900
1,1,50.843432,31.282801,3.615700,31.791300,1.819600
1,1,50.875472,32.040399,2.973100,32.197300,1.901200
1,1,50.907369,31.896502,3.030400,31.470699,1.838100
1,1,50.937475,30.106097,3.235900,30.495300,1.652300
1,1,50.963225,25.750101,2.907400,25.478500,1.631100
1,1,50.995044,31.819500,2.823600,31.598400,1.553100
1,1,51.025330,30.285701,3.166800,30.658400,1.680900
1,1,51.056717,31.386599,2.930600,31.486601,1.771900
1,1,51.084381,27.664699,2.613900,27.176600,1.802000
1,1,51.121245,36.863301,3.130200,37.348999,1.687100
1,1,51.147938,26.693601,2.591300,26.631800,1.839400
1,1,51.180917,32.978401,2.577800,32.623299,1.760600
1,1,51.213382,32.465700,3.163500,31.693100,2.089200
1,1,51.245991,32.608997,4.020200,32.828602,2.032100
1,1,51.278948,32.956202,3.728000,32.999100,2.233700
1,1,51.308158,29.210102,4.059000,30.196501,2.044600
1,1,51.340211,32.053098,2.794200,31.795500,2.016500
1,1,51.372617,32.405801,2.818300,32.120201,1.658700
1,1,51.404748,32.131098,3.048900,32.405499,1.857500
1,1,51.433692,28.944101,2.697300,28.840200,1.772900
1,1,51.464583,30.891400,2.874200,30.503201,1.662600
1,1,51.495857,31.273901,3.280800,31.421900,1.499200
1,1,51.527838,31.981397,3.112700,31.470699,1.758100
1,1,51.557363,29.525001,3.919200,30.258600,2.337300
1,1,51.588359,30.995801,3.051400,31.183701,1.951000
1,1,51.615411,27.052198,2.883600,26.922701,1.914200
1,1,51.648473,33.061802,2.759500,33.046799,1.540700
1,1,51.680166,31.692699,2.740600,31.429600,1.698700
1,1,51.710992,30.825600,3.052400,30.390100,1.837300
1,1,51.744028,33.036299,3.947300,33.410999,2.334300
1,1,51.778495,34.466803,3.805300,33.752800,2.383800
1,1,51.810024,31.529598,4.281300,32.250900,2.448200
1,1,51.842292,32.268200,3.598900,32.651402,2.031400
1,1,51.874050,31.757101,3.425100,31.548599,1.759000
1,1,51.899905,25.855299,2.940800,25.604300,1.693000
1,1,51.932033,32.128200,3.399800,32.064899,1.908100
1,1,51.964195,32.161500,3.144000,32.712101,1.563800
1,1,51.995796,31.601802,2.674200,30.108801,1.828000
1,1,52.025915,30.118600,4.245700,31.148800,1.936400
1,1,52.056360,30.445099,3.165000,30.488100,1.819900
1,1,52.082611,26.251301,2.899500,26.636999,2.058500
1,1,52.117567,34.955200,2.559000,35.049500,1.541900
1,1,52.147634,30.067399,2.499800,29.585199,1.929900
1,1,52.179503,31.869300,2.871500,31.760401,1.964800
1,1,52.211542,32.038499,3.087100,32.193802,2.218300
1,1,52.242685,31.143002,2.978700,31.199900,2.235400
1,1,52.278193,35.508100,2.945700,34.921001,1.817000
1,1,52.310047,31.854197,3.780000,31.142300,2.490300
1,1,52.341470,31.423200,4.814100,32.459900,1.814000
1,1,52.372945,31.474803,3.659900,31.616501,1.838000
1,1,52.405031,32.086000,3.626400,32.034901,1.612600
1,1,52.431991,26.960399,3.771100,26.746700,1.821100
1,1,52.463836,31.844601,3.489800,31.888800,1.797100
1,1,52.493586,29.750098,3.361000,29.743500,1.674000
1,1,52.523011,29.424600,3.771600,29.939600,1.831900
1,1,52.554868,31.857401,3.402300,31.720501,1.349300
1,1,52.581910,27.041901,2.840300,26.633801,1.954800
1,1,52.613875,31.964999,3.095600,32.347801,1.595900
1,1,52.645416,31.540800,2.769900,31.015499,1.694100
1,1,52.676698,31.282101,3.448600,31.099400,1.870900
1,1,52.708153,31.455401,3.834300,31.817200,1.869100
1,1,52.738731,30.577797,3.416100,30.767300,1.688900
1,1,52.771694,32.963302,3.010900,32.987099,1.672300
1,1,52.798469,26.774500,2.884400,26.596001,1.820500
1,1,52.829366,30.896999,3.054100,30.422600,1.466400
1,1,52.860213,30.847199,3.469900,31.104200,1.880300
1,1,52.891220,31.006802,3.585100,31.416100,2.331600
1,1,52.923497,32.277398,3.243900,32.101601,1.567600
1,1,52.949235,25.737502,2.986600,25.427500,2.012900
1,1,52.979614,30.378800,3.227700,30.772400,2.080300
1,1,53.011979,32.365698,2.846500,31.853201,2.012400
1,1,53.042891,30.911703,3.871400,31.627300,2.337700
1,1,53.071923,29.031899,3.009900,28.788799,1.915600
1,1,53.100610,28.687201,2.903000,28.599701,1.947800
1,1,53.133353,32.742698,2.927900,32.972698,1.734600
1,1,53.166929,33.576101,2.645500,33.651600,1.840400
1,1,53.197905,30.975699,2.538200,30.853001,1.869100
1,1,53.230683,32.778300,2.626300,32.767101,1.841400
1,1,53.262823,32.140099,2.675400,31.808800,1.640300
1,1,53.296648,33.825200,3.021600,33.821301,2.004100
1,1,53.327733,31.084403,3.107400,31.198900,1.819400
1,1,53.361594,33.861097,2.920700,33.733799,1.850200
1,1,53.393808,32.214701,3.259300,32.560501,2.099600
1,1,53.425467,31.658299,3.155700,31.641899,2.184100
1,1,53.457768,32.301299,2.908900,32.024601,2.126300
1,1,53.490656,32.887500,2.978900,32.628502,1.390600
1,1,53.522687,32.031901,3.353200,32.236000,2.142700
1,1,53.549142,26.454899,2.971400,26.271099,1.632500
1,1,53.580266,31.123701,3.130600,31.453600,1.930300
1,1,53.612203,31.937301,2.791700,31.485701,1.714300
1,1,53.645624,33.420399,3.403600,33.328800,1.774800
1,1,53.676445,30.821498,3.410200,31.477800,1.818100
1,1,53.704481,28.035302,2.664300,27.472900,1.972700
1,1,53.732641,28.159998,3.483600,28.347799,1.993900
1,1,53.766451,33.810500,3.095000,33.337601,1.927100
1,1,53.797328,30.877300,3.516800,31.148701,2.351400
1,1,53.829295,31.966601,3.527200,31.517000,2.104900
1,1,53.860422,31.127401,4.006900,31.209101,2.570200
1,1,53.891991,31.568501,4.299600,31.936100,2.525400
1,1,53.923322,31.331398,3.900500,31.208300,3.480500
1,1,53.949548,26.225500,3.777200,26.678900,2.266500
1,1,53.981344,31.796303,2.904300,31.517200,1.868600
1,1,54.012864,31.519998,3.173100,31.518900,1.735500
1,1,54.043971,31.106900,3.140100,31.536600,2.069700
1,1,54.075700,31.729501,2.985500,31.759800,1.772600
1,1,54.106744,31.043999,2.761000,30.548300,1.850500
1,1,54.138327,31.582501,3.464300,31.591999,2.000200
1,1,54.164597,26.269902,2.917900,26.488600,1.728300
1,1,54.195407,30.810200,2.717200,30.499100,1.783200
1,1,54.227591,32.184098,3.120200,32.401699,1.833200
1,1,54.258111,30.519702,3.350800,30.356800,2.087000
1,1,54.290393,32.281898,2.914600,32.395401,1.590600
1,1,54.321516,31.123601,2.851500,31.478399,1.700800
1,1,54.347854,26.337203,2.451600,25.985300,1.819300
1,1,54.379655,31.801697,3.282000,31.350401,1.698400
1,1,54.410514,30.859202,3.477400,31.337799,1.702000
1,1,54.440664,30.149300,2.886600,30.307199,2.383100
1,1,54.471794,31.130500,2.881100,30.689800,1.403900
1,1,54.498663,26.868999,3.036100,27.263500,2.268300
1,1,54.531322,32.658599,2.622100,31.768499,1.583100
1,1,54.561518,30.195702,3.348900,31.058500,1.536900
1,1,54.593026,31.508300,2.523800,31.037100,1.572400
1,1,54.626281,33.254799,2.941700,33.783501,1.780600
1,1,54.655300,29.019501,2.465300,28.416800,1.727000
1,1,54.690660,35.359498,3.216800,35.435398,1.968300
1,1,54.715797,25.137000,3.096600,25.466000,1.520500
1,1,54.749157,33.360302,2.716900,33.013199,1.853400
1,1,54.781979,32.822400,3.052200,32.922401,1.584300
1,1,54.814407,32.428000,3.077700,32.400299,2.192800
1,1,54.845872,31.465098,3.138100,31.183500,1.947300
1,1,54.878368,32.495499,3.474900,32.527199,2.165500
1,1,54.910428,32.060102,3.505400,32.200298,2.714700
1,1,54.941006,30.577499,3.461000,30.827600,3.075700
1,1,54.967869,26.863299,2.976700,26.724701,1.648600
1,1,55.000582,32.713600,3.051700,29.794500,1.793000
1,1,55.031499,30.916903,6.455400,31.911900,1.913400
1,1,55.063145,31.645898,4.993800,32.995602,1.799900
1,1,55.092832,29.686499,3.501500,30.354099,2.437200
1,1,55.124518,31.686600,2.757800,31.681101,1.948200
1,1,55.151655,27.136501,2.779400,27.065399,1.513700
1,1,55.181761,30.106500,2.904800,29.816200,2.089200
1,1,55.213088,31.326700,3.182700,31.503300,1.715800
1,1,55.245346,32.257602,3.080000,32.280602,1.738200
1,1,55.275431,30.085299,3.248900,29.862301,1.784400
1,1,55.307245,31.813599,3.186500,31.746000,1.541400
1,1,55.333862,26.617300,3.091700,27.049000,1.671000
1,1,55.365374,31.512402,2.754400,31.231800,1.821000
1,1,55.397154,31.779498,3.021800,31.387300,2.343800
1,1,55.430044,32.890700,3.466800,33.032799,2.121400
1,1,55.461426,31.381302,3.225300,31.213301,1.715500
1,1,55.492931,31.504899,3.526900,32.097801,2.055400
1,1,55.524352,31.421602,2.808900,31.499399,1.761100
1,1,55.556278,31.926099,2.844300,31.983101,1.780500
1,1,55.583251,26.973099,2.567800,26.801201,1.475000
1,1,55.614893,31.641599,2.745000,31.390499,1.584200
1,1,55.645849,30.955501,3.016500,31.152599,2.054000
1,1,55.677435,31.586301,2.897000,31.427700,1.694500
1,1,55.709487,32.051999,3.031400,32.393700,1.617200
1,1,55.741468,31.980902,2.476100,31.900801,1.747800
1,1,55.774213,32.745000,2.728800,32.338402,1.897900
1,1,55.805685,31.472601,3.249300,31.942600,2.002800
1,1,55.832682,26.997097,2.654900,26.876200,1.604400
1,1,55.864696,32.013301,2.684400,31.427999,1.875900
1,1,55.896851,32.155402,3.194300,32.201199,1.729300
1,1,55.928194,31.342700,3.148300,31.649300,1.798200
1,1,55.962049,33.854600,2.887100,33.765598,1.837800
1,1,55.993335,31.286299,3.372600,31.403200,1.744700
1,1,56.025255,31.920198,2.842600,31.841999,2.005300
1,1,56.055747,30.492302,2.927900,30.627199,1.627500
1,1,56.082704,26.956297,2.719600,26.734600,1.899400
1,1,56.115160,32.455903,3.457800,32.592800,2.050100
1,1,56.145686,30.526098,2.771800,30.336599,1.843600
1,1,56.180466,34.780700,2.903400,34.948002,1.820300
1,1,56.212754,32.287203,2.782200,32.186901,1.541700
1,1,56.246586,33.832200,3.021700,33.633400,2.246700
1,1,56.278166,31.580199,3.250500,31.453300,2.360300
1,1,56.308184,30.018501,3.616200,30.596600,2.302400
1,1,56.340315,32.130100,2.900100,31.488300,1.868900
1,1,56.366029,25.714397,3.202400,25.642200,1.586800
1,1,56.397109,31.080503,3.229600,31.351900,1.943600
1,1,56.428924,31.814899,2.956300,31.452000,1.830100
1,1,56.463363,34.438800,3.662900,33.920601,1.894800
1,1,56.493194,29.831100,4.106000,31.102400,1.998400
1,1,56.525277,32.082498,2.800000,31.882601,1.600500
1,1,56.556546,31.269401,2.827500,31.376801,1.469100
1,1,56.585445,28.898999,2.722600,28.551399,1.789000
1,1,56.614525,29.080302,3.021400,29.059299,1.654500
1,1,56.646346,31.820297,3.082900,31.898300,2.048800
1,1,56.679711,33.365402,2.999300,33.091301,1.638900
1,1,56.710513,30.801900,3.347800,31.226999,2.200000
1,1,56.741265,30.751601,3.026700,30.575399,2.265300
1,1,56.775121,33.856798,2.889300,33.872898,1.828000
1,1,56.805502,30.380700,3.013000,30.673599,1.631500
1,1,56.831556,26.053403,2.696900,25.288799,1.666000
1,1,56.862783,31.227399,3.395600,31.673000,1.837200
1,1,56.895423,32.639999,3.000000,32.682800,1.536700
1,1,56.927168,31.745102,3.118300,31.786100,1.931300
1,1,56.952990,25.822200,3.506100,25.929300,2.457000
1,1,56.983276,30.286297,2.772800,30.049200,1.388700
1,1,57.014144,30.868001,3.001400,31.011700,1.407800
1,1,57.048132,33.987500,2.904100,32.548199,1.622400
1,1,57.078471,30.339200,4.597300,31.284000,1.570500
1,1,57.111397,32.925501,3.312100,33.166302,1.786700
1,1,57.141203,29.806200,3.172400,30.108700,2.067300
1,1,57.174101,32.898597,2.639400,32.621799,1.503700
1,1,57.209114,35.012301,2.952200,35.330898,1.716300
1,1,57.241274,32.160502,2.699500,31.972300,2.054700
1,1,57.274307,33.032998,3.159700,32.828899,1.862200
1,1,57.307878,33.570599,3.074100,33.512100,1.887200
1,1,57.340457,32.578900,3.089400,32.685101,1.581700
1,1,57.372003,31.545799,3.013800,31.735300,1.841200
1,1,57.397227,25.224801,2.748600,25.105801,1.828800
1,1,57.430969,33.741601,2.985900,33.458801,1.663100
1,1,57.464719,33.749700,3.326500,33.489899,2.081700
1,1,57.496680,31.961601,3.711100,32.205002,2.181500
1,1,57.529450,32.769300,3.428300,33.169102,1.781000
1,1,57.559383,29.933698,2.883400,29.866199,2.233100
1,1,57.590502,31.118602,3.184900,31.247101,1.613300
1,1,57.622128,31.626198,2.572100,31.577801,1.756800
1,1,57.646957,24.828900,2.632600,24.920401,1.526300
1,1,57.678310,31.352699,2.564800,31.166500,1.888900
1,1,57.709532,31.222202,3.605300,31.131201,2.072000
1,1,57.734195,24.662800,3.409300,24.842800,1.455500
1,1,57.772842,38.647000,2.487700,38.595901,1.746400
1,1,57.800037,27.195100,2.699100,27.340300,1.851900
1,1,57.831538,31.501401,2.525000,31.283600,1.547500
1,1,57.862950,31.411599,2.633500,31.244301,1.620900
1,1,57.893754,30.804399,2.781500,31.051399,1.626000
1,1,57.924331,30.577298,3.055600,30.361099,1.725800
1,1,57.949323,24.991702,2.905500,24.932699,1.631900
1,1,57.981051,31.727999,2.716600,31.837999,1.645700
1,1,58.012875,31.823900,2.635400,31.645300,1.762600
1,1,58.042650,29.774800,3.054800,29.781200,1.649200
1,1,58.073731,31.080902,2.945800,31.291100,1.718200
1,1,58.106617,32.886397,2.519600,32.874001,1.800000
1,1,58.137944,31.326801,2.594100,31.468100,1.893300
1,1,58.164245,26.300803,2.356000,26.142000,1.557700
1,1,58.196178,31.932898,2.665900,31.594900,1.710700
1,1,58.226596,30.418001,2.935400,31.037901,1.898800
1,1,58.257959,31.363700,2.379800,31.082800,1.817200
1,1,58.285485,27.525499,2.514800,27.365900,1.689400
1,1,58.316600,31.114899,2.734300,30.897600,2.080400
1,1,58.346218,29.618300,2.931100,29.670900,1.654100
1,1,58.377818,31.600300,2.993800,31.591200,1.865900
1,1,58.408296,30.477401,3.201800,30.773199,1.715600
1,1,58.439805,31.509500,2.685400,31.556000,1.571400
1,1,58.464653,24.848200,2.434600,24.403799,1.702300
1,1,58.494618,29.964998,2.847900,30.074200,1.647200
1,1,58.526774,32.155301,2.903900,32.152500,2.007700
1,1,58.558215,31.441402,3.436300,31.696699,1.739400
1,1,58.590654,32.439198,2.695900,32.333099,1.654400
1,1,58.619228,28.573498,2.530800,28.593700,1.437300
1,1,58.649068,29.840402,2.908700,29.435101,1.552900
1,1,58.680572,31.503599,3.028800,31.600500,1.645300
1,1,58.711633,31.061500,3.037700,31.203600,1.945700
1,1,58.743261,31.627402,2.898700,31.622400,1.624400
1,1,58.775263,32.002397,3.101600,31.977100,1.510500
1,1,58.806837,31.573903,2.619300,31.252701,2.210400
1,1,58.832206,25.368497,3.005100,25.517200,1.577400
1,1,58.862842,30.636802,2.653300,30.952200,1.631100
1,1,58.895343,32.500498,3.057500,32.323502,1.846400
1,1,58.926742,31.399000,2.787700,31.531500,2.282100
1,1,58.958105,31.362802,2.531400,31.444099,1.576300
1,1,58.989748,31.643700,2.458400,31.593800,1.574200
1,1,59.015159,25.410499,2.389300,25.075701,1.377900
1,1,59.046928,31.769499,2.800600,31.661501,1.750000
1,1,59.079098,32.169599,2.940500,32.384899,1.643200
1,1,59.108824,29.726002,2.953700,29.937700,2.033300
1,1,59.140030,31.206101,2.436000,31.167000,1.558500
1,1,59.167211,27.180798,2.423800,27.157200,1.809300
1,1,59.198145,30.933701,2.427300,30.638901,1.717300
1,1,59.228709,30.564398,2.633700,30.560200,1.615000
1,1,59.261784,33.074602,2.617900,32.909599,1.769000
1,1,59.293940,32.156698,2.913300,32.403999,1.904000
1,1,59.324347,30.407101,3.145500,30.167601,1.954800
1,1,59.351616,27.268901,2.885000,27.422701,1.666100
1,1,59.382646,31.030100,2.693400,31.080000,1.603000
1,1,59.416173,33.526398,2.688900,33.440102,1.801400
1,1,59.447195,31.022601,2.689100,30.927900,1.692300
1,1,59.478561,31.365998,2.924100,31.296000,1.866400
1,1,59.509923,31.361103,2.835100,31.547001,1.718100
1,1,59.542711,32.788698,2.972900,32.720402,1.918400
1,1,59.574776,32.064900,2.655300,32.091499,1.706500
1,1,59.603391,28.615002,2.932500,28.643900,1.655900
1,1,59.633735,30.343600,2.595100,30.356100,1.789000
1,1,59.665115,31.380299,2.714200,31.086599,1.589500
1,1,59.698269,33.154100,2.970500,32.945400,1.973100
1,1,59.729927,31.657699,3.135600,31.891001,1.865400
1,1,59.759411,29.484600,2.903600,29.822701,1.835300
1,1,59.793568,34.156401,2.634400,33.736801,1.802900
1,1,59.825021,31.453501,3.434600,31.882999,1.562700
1,1,59.856484,31.462800,2.990300,31.175200,1.643500
1,1,59.883338,26.853900,2.941300,26.865700,1.627600
1,1,59.915011,31.672999,2.884800,31.510201,1.556100
1,1,59.944883,29.871598,2.889800,29.965000,1.804300
1,1,59.977859,32.976601,2.732400,33.245201,1.790500
1,1,60.008594,30.735102,2.848500,30.545099,1.756400
1,1,60.040631,32.036599,3.199500,32.265301,1.665500
1,1,60.075751,35.120498,2.411100,32.188099,1.808300
1,1,60.100511,24.759203,5.913400,26.298700,1.508900
1,1,60.132559,32.048598,4.249200,32.450901,1.831000
1,1,60.165346,32.787099,3.618600,33.310902,1.654600
1,1,60.195629,30.282401,2.919200,30.260799,1.740500
1,1,60.228628,32.999799,3.051700,32.848499,1.821600
1,1,60.258702,30.073300,3.254900,30.445000,1.947800
1,1,60.290910,32.208301,2.844700,32.256001,1.712800
1,1,60.317777,26.867401,2.809500,26.205000,1.700500
1,1,60.348623,30.845098,3.219700,30.914600,1.757600
1,1,60.380828,32.205403,3.256400,32.007900,1.618900
1,1,60.413858,33.029899,3.571800,33.067200,2.178400
1,1,60.445232,31.374298,3.784100,31.715099,2.182400
1,1,60.476836,31.604003,3.134700,31.744301,2.085100
1,1,60.508589,31.753298,2.900400,31.438900,1.883900
1,1,60.535275,26.685499,3.604400,26.991899,1.760300
1,1,60.566716,31.440903,2.968600,31.673000,1.716800
1,1,60.598370,31.654499,2.598500,31.305000,1.748400
1,1,60.629972,31.601299,2.933000,31.703400,1.677400
1,1,60.661103,31.131402,3.097900,31.061199,2.097100
1,1,60.694376,33.273201,3.530800,32.983398,2.264200
1,1,60.725915,31.538799,3.155000,31.779600,1.994500
1,1,60.750923,25.008198,3.252700,25.334801,1.655600
1,1,60.783369,32.445800,2.668800,31.921400,1.806400
1,1,60.814344,30.975200,3.052000,30.882099,2.152500
1,1,60.846407,32.062203,3.113300,32.009399,2.038900
1,1,60.878345,31.938698,3.440300,31.863199,1.815500
1,1,60.909612,31.267300,3.596000,31.866800,1.863100
1,1,60.940096,30.483998,2.705700,29.981501,1.697000
1,1,60.966864,26.767600,3.428900,27.247400,1.414500
1,1,60.998102,31.237900,2.708400,30.920500,1.623100
1,1,61.030257,32.155100,2.994500,32.085899,1.972800
1,1,61.063332,33.075400,3.179800,32.864799,1.903200
1,1,61.096529,33.196501,3.357800,32.703800,1.582900
1,1,61.129059,32.529801,4.345800,33.297699,1.935800
1,1,61.161374,32.315698,3.404500,32.169399,1.701900
1,1,61.188589,27.215000,3.151800,27.038601,1.841800
1,1,61.224374,35.784401,3.187800,35.630798,2.228400
1,1,61.258244,33.869900,3.869300,34.482399,2.237900
1,1,61.292128,33.884700,3.002300,33.479599,1.925100
1,1,61.325328,33.199601,3.238100,33.271198,2.208300
1,1,61.353217,27.889397,3.311100,28.113300,2.072300
1,1,61.393311,40.093701,3.018900,39.985401,1.852100
1,1,61.425255,31.944100,3.305500,31.839899,2.205500
1,1,61.459008,33.752900,3.217100,33.539700,2.024200
1,1,61.485989,26.980601,3.338400,27.450399,2.019800
1,1,61.517595,31.606298,2.886100,31.646099,1.939700
1,1,61.549812,32.216404,2.776300,31.719400,1.752500
1,1,61.581809,31.997297,3.364000,31.614599,1.989500
1,1,61.612467,30.658003,3.712200,31.408001,2.303600
1,1,61.643830,31.362999,2.816500,31.079000,1.793100
1,1,61.674058,30.227799,3.834700,30.533501,1.912700
1,1,61.700919,26.861601,2.704500,26.691000,1.771800
1,1,61.731452,30.533198,2.877800,30.090401,1.896000
1,1,61.764776,33.323999,3.389400,33.296299,2.503500
1,1,61.797176,32.399602,4.052500,32.518600,2.195800
1,1,61.829771,32.594800,4.137500,32.558498,2.826600
1,1,61.860547,30.775901,3.625200,30.722601,2.485700
1,1,61.891441,30.894600,3.523300,31.336800,1.991100
1,1,61.918584,27.142297,2.968300,26.696699,2.043000
1,1,61.949856,31.272300,3.295000,31.419100,1.980500
1,1,61.980943,31.086702,3.022400,30.990601,1.935800
1,1,62.013533,32.590900,3.476200,32.498699,1.921500
1,1,62.044710,31.176500,3.722600,31.229601,2.064200
1,1,62.075721,31.010501,3.461000,31.393900,2.119500
1,1,62.109453,33.732601,2.776700,32.799500,2.067000
1,1,62.253059,143.605400,140.032303,3.861100,2.364300
1,1,62.267261,14.202099,9.585400,3.834900,2.364300
1,1,62.283622,16.361099,5.106000,3.834900,2.357500
1,1,62.300695,17.073400,6.423800,22.972000,2.357500
1,1,62.324910,24.214599,5.181300,30.767799,1.840000
1,1,62.351888,26.978701,4.254500,26.572901,1.991400
1,1,62.382181,30.292600,7.085100,30.147200,2.124500
1,1,62.413923,31.741600,3.435200,31.930401,1.809500
1,1,62.444199,30.276299,3.266400,30.677500,1.829700
1,1,62.476382,32.182999,2.663700,31.723200,1.905100
1,1,62.507429,31.047601,3.094000,31.549000,2.312800
1,1,62.534131,26.701201,2.758500,26.386400,1.853900
1,1,62.564747,30.616101,2.781700,30.312300,1.766000
1,1,62.598590,33.843599,3.218400,33.705002,1.812200
1,1,62.629751,31.160600,3.473100,31.476200,1.944000
1,1,62.660949,31.198498,3.173400,31.410200,1.843100
1,1,62.692192,31.242900,2.934700,30.906401,1.828100
1,1,62.724851,32.658301,3.051300,32.360901,1.552300
1,1,62.750354,25.502902,4.237800,25.797400,2.550900
1,1,62.782987,32.633699,3.370400,32.529598,2.295900
1,1,62.814991,32.003898,3.565500,31.714899,1.990300
1,1,62.847514,32.522801,3.985900,32.561199,2.606200
1,1,62.877980,30.466098,4.239400,30.934700,2.745600
1,1,62.908550,30.570302,3.354200,30.793600,2.864500
1,1,62.934474,25.923699,2.898400,25.581699,2.386200
1,1,62.966493,32.018699,3.136400,31.651899,2.327800
1,1,62.998767,32.274302,3.598600,32.132301,2.824600
1,1,63.029940,31.173300,3.702200,31.636200,1.814200
1,1,63.061465,31.525098,3.359600,31.814899,2.009900
1,1,63.092105,30.639302,3.005400,30.398399,1.645400
1,1,63.123261,31.156600,2.973000,31.389000,2.004800
1,1,63.148419,25.158100,2.689400,24.824900,1.479100
1,1,63.179875,31.455498,2.964600,31.509399,1.620000
1,1,63.209550,29.675100,3.063500,30.070801,1.667000
1,1,63.241156,31.606402,2.594300,31.554701,1.861100
1,1,63.266750,25.593199,2.593400,25.598400,2.186000
1,1,63.298413,31.663500,2.498300,31.268999,1.817800
1,1,63.328458,30.045200,2.842900,30.256800,1.586800
1,1,63.361325,32.867100,2.659700,33.066399,1.614300
1,1,63.392689,31.363200,2.994900,31.318001,1.785000
1,1,63.420623,27.934302,2.764600,27.689800,2.370300
1,1,63.452992,32.368697,2.958900,32.266201,1.599000
1,1,63.481204,28.212599,2.955900,28.049000,1.497500
1,1,63.513808,32.603603,3.137200,32.764000,1.609400
1,1,63.543974,30.165799,3.362000,30.140100,1.795500
1,1,63.574786,30.811898,2.832100,30.668400,1.580200
1,1,63.606966,32.179903,3.195900,32.450100,1.807100
1,1,63.633718,26.752297,2.862600,26.680500,1.532700
1,1,63.665238,31.520203,2.874800,31.366600,1.463400
1,1,63.697103,31.864997,2.910200,31.169901,1.993800
1,1,63.728083,30.979503,3.772800,32.055302,1.719800
1,1,63.758840,30.757397,2.780600,30.448900,1.867200
1,1,63.790989,32.149602,2.879400,31.990400,2.096000
1,1,63.815475,24.485800,3.343600,24.480600,1.751700
1,1,63.848051,32.575801,3.287700,32.470402,1.944900
1,1,63.879340,31.288899,3.340900,31.465900,1.980000
1,1,63.910577,31.236898,3.037000,31.287201,1.869400
1,1,63.944615,34.038201,3.409400,34.039501,1.714400
1,1,63.976831,32.215599,2.880100,32.354401,1.662500
1,1,64.008434,31.602900,2.931700,31.354500,1.971000
1,1,64.039486,31.052802,3.377100,31.215599,1.634800
1,1,64.064642,25.155298,2.637500,24.730600,1.548700
1,1,64.098114,33.472400,3.195600,33.419102,2.445200
1,1,64.127207,29.092900,3.314600,29.709400,1.895100
1,1,64.157962,30.754998,2.454600,30.366100,1.678800
1,1,64.184045,26.083000,2.997300,26.213699,1.557800
1,1,64.215436,31.390600,2.864900,31.138700,1.662400
1,1,64.246472,31.036802,2.969700,31.406401,2.204000
1,1,64.276659,30.186299,2.911500,30.057899,1.712100
1,1,64.309466,32.807499,3.012400,33.069401,1.504500
1,1,64.340884,31.417601,2.599100,31.075199,1.848900
1,1,64.365887,25.003500,2.986400,25.072300,1.494500
1,1,64.398836,32.949001,2.717400,32.716801,1.732300
1,1,64.429691,30.854899,2.962400,31.100100,1.894200
1,1,64.459849,30.157499,2.696000,29.954201,1.838900
1,1,64.485172,25.323600,3.255200,25.579300,1.484800
1,1,64.520827,35.655003,2.764000,35.561298,1.762200
1,1,64.550958,30.130398,2.594000,30.303699,1.659700
1,1,64.586852,35.894800,2.627900,35.490501,1.923100
1,1,64.617224,30.371800,3.109300,30.352501,1.853200
1,1,64.647778,30.553300,3.058500,30.427700,1.792900
1,1,64.680108,32.330602,3.434000,32.692001,2.079300
1,1,64.710687,30.578997,3.089200,30.400900,2.089000
1,1,64.743525,32.838002,3.008800,32.525200,1.698000
1,1,64.769064,25.538400,3.238300,25.788300,1.870700
1,1,64.800605,31.541899,3.016000,31.707399,1.516100
1,1,64.832619,32.013699,2.873500,31.892500,1.932700
1,1,64.864326,31.706803,3.064800,31.385500,2.121500
1,1,64.895909,31.582501,3.337400,31.642300,2.118200
1,1,64.928262,32.353297,3.659200,32.712700,2.178200
1,1,64.956683,28.420802,4.442300,28.402100,1.715400
1,1,64.985545,28.862398,2.926200,28.704700,2.043000
1,1,65.017095,31.549700,2.935400,31.356501,1.889200
1,1,65.049879,32.784700,3.104800,32.944901,2.204000
1,1,65.081890,32.011099,3.028900,31.852100,1.707300
1,1,65.115854,33.963501,3.271100,30.597099,1.761700
1,1,65.140009,24.155099,7.051200,26.918200,1.702300
1,1,65.177268,37.259303,4.373200,37.099701,2.070300
1,1,65.209556,32.287400,4.009400,32.748901,2.330100
1,1,65.242815,33.259500,3.594300,33.565399,2.146900
1,1,65.276867,34.051698,3.170400,33.823399,2.103200
1,1,65.309481,32.614000,3.312600,32.449299,1.952700
1,1,65.338926,29.444601,4.092500,29.468300,2.170100
1,1,65.367899,28.973900,3.615100,29.427799,1.798900
1,1,65.400678,32.778498,2.935300,32.330898,2.046500
1,1,65.432915,32.237001,3.496900,32.480202,1.798400
1,1,65.465781,32.865502,3.051600,32.509399,1.770300
1,1,65.500431,34.650799,3.678900,35.055901,1.816100
1,1,65.532801,32.369699,3.163700,31.425800,1.616300
1,1,65.563758,30.956600,4.331000,31.244900,1.850100
1,1,65.596361,32.603502,4.142600,32.928299,1.533800
1,1,65.626426,30.064400,4.341200,30.609400,1.992000
1,1,65.658077,31.651400,2.964500,31.698400,1.495300
1,1,65.687050,28.972600,2.711200,28.688000,1.644800
1,1,65.717018,29.968198,3.032400,29.860901,1.401800
1,1,65.748406,31.388599,3.170000,31.198299,1.573300
1,1,65.781101,32.694999,3.164700,32.626900,1.838900
1,1,65.811005,29.903803,3.402000,30.453199,1.826200
1,1,65.842641,31.636398,2.942100,31.591999,1.649300
1,1,65.868187,25.545802,2.744500,25.664700,1.522000
1,1,65.900497,32.309700,2.558300,32.369900,1.563500
1,1,65.931743,31.246200,2.530200,30.540100,1.778700
1,1,65.963348,31.604499,3.195900,31.911699,1.992800
1,1,65.994484,31.136598,3.454400,31.290701,2.101100
1,1,66.021491,27.006801,2.875600,26.827000,1.699700
1,1,66.054538,33.047002,2.838300,33.275299,1.633000
1,1,66.085003,30.465297,2.706100,30.441099,1.615600
1,1,66.117202,32.199100,2.804900,31.438601,1.566400
1,1,66.147494,30.291300,3.362400,30.329800,2.034300
1,1,66.178323,30.829400,3.444700,31.255400,2.034200
1,1,66.210746,32.422703,3.157700,32.536201,1.780600
1,1,66.235411,24.665397,2.738800,24.939501,1.864900
1,1,66.269438,34.027200,2.468400,33.332901,1.887900
1,1,66.301429,31.990003,3.062300,32.226601,1.695200
1,1,66.334976,33.547699,2.853500,33.797901,1.670100
1,1,66.366076,31.099699,2.684000,30.607599,1.721500
1,1,66.398451,32.374699,3.210900,32.500198,2.061300
1,1,66.430006,31.555399,3.731300,32.021301,1.980100
1,1,66.460212,30.205600,3.074600,30.003401,1.641200
1,1,66.488186,27.974002,3.309200,28.107401,1.524100
1,1,66.518579,30.393299,3.035900,29.877001,1.627400
1,1,66.548805,30.226201,3.099600,30.227699,1.754000
1,1,66.580817,32.012399,3.094600,32.278301,1.919600
1,1,66.612020,31.202599,2.956200,31.511999,1.799000
1,1,66.643743,31.722501,2.590700,31.305901,1.635900
1,1,66.674905,31.162299,2.834200,31.547899,1.452600
1,1,66.702189,27.284000,2.965000,26.778400,1.614100
1,1,66.731909,29.720102,3.006600,29.791300,1.527300
1,1,66.765293,33.384401,3.034100,33.117001,1.883400
1,1,66.798192,32.898597,3.273900,33.081100,1.831300
1,1,66.829951,31.758502,3.098000,31.648300,1.762300
1,1,66.859669,29.718399,3.271500,30.149000,1.647200
1,1,66.891522,31.852800,2.648900,31.464899,1.351100
1,1,66.917420,25.898200,2.996000,26.367701,1.805100
1,1,66.948489,31.068899,2.536300,30.577200,1.753300
1,1,66.979201,30.712303,3.134800,31.059601,1.997200
1,1,67.008931,29.729899,2.782600,29.841101,1.709200
1,1,67.035822,26.891500,2.589100,26.465599,1.582400
1,1,67.068774,32.951001,2.885700,33.385101,1.836800
1,1,67.099978,31.204697,2.535100,31.110701,1.633800
1,1,67.131985,32.007001,2.569700,31.582199,1.861900
1,1,67.164505,32.519400,3.070300,31.752399,1.789500
1,1,67.194859,30.354299,4.724800,30.590700,2.036500
1,1,67.223408,28.548703,4.345600,29.346800,2.402600
1,1,67.252012,28.604001,3.120300,28.510201,1.988000
1,1,67.284294,32.282099,2.792400,32.260201,1.890100
1,1,67.315339,31.045798,3.210900,31.034201,1.725900
1,1,67.347523,32.183900,3.075800,31.622200,2.317900
1,1,67.378829,31.305399,3.620700,32.284401,2.102500
1,1,67.407286,28.457101,3.164400,27.851700,1.899900
1,1,67.435952,28.666500,3.066100,28.727100,1.946900
1,1,67.467976,32.023601,2.926900,31.814899,1.626700
1,1,67.500871,32.894999,3.148900,33.001099,1.804500
1,1,67.532367,31.496000,3.474800,31.607599,2.137500
1,1,67.563499,31.132501,2.923600,31.079100,1.988100
1,1,67.593422,29.922701,3.151000,30.258301,1.949400
1,1,67.620395,26.972700,2.794100,26.991699,1.886000
1,1,67.651867,31.472400,2.592400,31.226700,1.781600
1,1,67.685365,33.497598,2.660700,33.405102,1.845800
1,1,67.716682,31.317402,2.787400,31.180300,2.002900
1,1,67.748547,31.865098,3.041000,31.822901,1.922200
1,1,67.781923,33.375401,3.266400,33.477901,2.029100
1,1,67.813808,31.885002,3.174300,32.059898,1.681200
1,1,67.844051,30.242898,3.044700,30.221800,1.900500
1,1,67.876231,32.180302,2.714900,32.108501,1.820000
1,1,67.908333,32.102201,2.824800,31.833799,2.017400
1,1,67.933052,24.718497,3.340000,24.775499,1.822200
1,1,67.965090,32.038201,2.976800,31.628201,1.886700
1,1,67.995616,30.526400,4.065300,31.228399,1.913500
1,1,68.027318,31.701799,3.170500,31.701200,1.824600
1,1,68.058908,31.589501,3.166400,31.603600,1.747100
1,1,68.085476,26.568901,2.527500,26.522600,1.737100
1,1,68.117856,32.379501,2.445500,32.015900,1.639400
1,1,68.147376,29.520400,2.774300,29.409401,2.096100
1,1,68.178502,31.125300,3.338700,31.496901,1.880700
1,1,68.210370,31.868201,2.773700,31.669100,1.803000
1,1,68.235927,25.556799,2.757900,25.643801,2.222800
1,1,68.269909,33.982299,2.567500,33.940102,1.571700
1,1,68.307579,37.670102,2.877200,38.065701,1.727900
1,1,68.334043,26.463401,2.293900,26.358400,1.752300
1,1,68.365787,31.744100,2.428400,31.583700,1.700000
1,1,68.395716,29.929198,2.557200,29.679701,1.798600
1,1,68.427154,31.437799,3.310400,31.840099,1.996200
1,1,68.458752,31.598400,2.504900,31.413000,2.034000
1,1,68.485385,26.632700,2.713200,26.412500,1.832400
1,1,68.515242,29.857300,2.800100,29.698700,1.696700
1,1,68.548539,33.296902,3.879300,32.932201,1.963200
1,1,68.578325,29.785696,3.420900,30.336800,1.948100
1,1,68.611701,33.376802,2.946100,33.419201,2.021800
1,1,68.639695,27.993102,2.877200,28.062000,1.648500
1,1,68.667910,28.215598,2.608200,27.845800,1.418600
1,1,68.698642,30.732200,2.939600,30.256901,1.885000
1,1,68.729369,30.727200,3.771600,31.280001,2.085000
1,1,68.762614,33.244502,3.754800,33.375599,2.025500
1,1,68.794663,32.048598,5.049300,31.961700,2.070600
1,1,68.827640,32.977100,2.967200,32.836498,1.503300
1,1,68.852064,24.424300,3.708700,24.546301,1.688500
1,1,68.884294,32.230102,3.211100,32.030899,1.626700
1,1,68.916266,31.971600,3.000600,31.402100,1.807400
1,1,68.947717,31.451501,3.496400,31.691099,2.171500
1,1,68.977452,29.735297,3.750700,30.271099,2.125400
1,1,69.009374,31.921901,3.143900,31.786501,1.817000
1,1,69.037080,27.705401,3.379100,27.759100,1.652600
1,1,69.077692,40.612698,3.133500,40.512402,1.421000
1,1,69.111049,33.356503,3.158700,33.238998,2.151000
1,1,69.145600,34.550700,3.294800,34.902699,1.973100
1,1,69.179653,34.052800,3.126000,33.696201,1.902000
1,1,69.214283,34.630597,3.319700,34.732899,2.204800
1,1,69.248401,34.118202,3.322000,34.187801,1.884200
1,1,69.282941,34.539599,2.889800,34.528500,1.973400
1,1,69.316189,33.247802,3.281600,33.029800,1.714800
1,1,69.349059,32.870300,3.223300,32.828800,1.822500
1,1,69.380847,31.787999,3.231600,31.764999,2.079700
1,1,69.416002,35.154998,3.102300,35.427200,2.273200
1,1,69.447999,31.997200,3.156600,32.117401,1.984500
1,1,69.482717,34.717303,2.904500,34.092602,1.888800
1,1,69.514524,31.807099,3.690800,32.007500,1.802600
1,1,69.546970,32.446802,3.297700,32.369499,1.863500
1,1,69.581584,34.613699,3.755600,34.495098,2.020300
1,1,69.611299,29.715199,3.478200,30.069099,1.934100
1,1,69.643784,32.484900,3.035000,32.386799,1.589800
1,1,69.675523,31.739101,3.552600,31.894199,2.104100
1,1,69.708838,33.314701,2.960300,32.755798,2.041700
1,1,69.735178,26.340198,3.604000,26.653601,2.093800
1,1,69.767510,32.331899,3.283000,32.318699,2.342400
1,1,69.801067,33.556800,3.110900,33.305099,1.851700
1,1,69.834823,33.756502,3.444500,33.849499,1.922800
1,1,69.866408,31.584498,4.104200,31.770000,1.769900
1,1,69.900056,33.648401,3.029300,33.598900,2.204500
1,1,69.932305,32.248400,3.078600,32.157700,2.182800
1,1,69.963373,31.068601,3.436100,31.143600,2.313400
1,1,69.995134,31.760201,3.333000,31.883600,2.134800
1,1,70.027525,32.391798,3.108400,32.489498,1.976400
1,1,70.060337,32.811802,2.750000,32.084499,2.558500
1,1,70.093633,33.295400,3.799100,33.949001,2.071500
1,1,70.123606,29.973298,2.962300,28.731800,2.367800
1,1,70.150167,26.561402,4.423900,27.621000,2.179600
1,1,70.185374,35.206899,4.102500,32.382500,2.453500
1,1,70.216076,30.701600,6.283100,32.156898,2.031400
1,1,70.247830,31.754199,4.643700,32.657101,1.935100
1,1,70.281293,33.463102,3.937600,33.306301,2.026400
1,1,70.312379,31.085897,4.483500,31.450899,2.294900
1,1,70.338495,26.116002,3.881500,26.063601,2.613500
1,1,70.371922,33.427499,3.423400,33.165199,2.217700
1,1,70.403224,31.301700,4.052800,31.472601,2.318000
1,1,70.434888,31.663600,3.680600,31.333000,1.968900
1,1,70.468014,33.126600,4.202400,32.966400,2.092500
1,1,70.499987,31.972401,4.297400,32.665501,2.734700
1,1,70.531235,31.248700,3.355300,30.896500,2.091600
1,1,70.562095,30.859597,3.904900,31.127501,1.874900
1,1,70.594630,32.534901,3.254600,32.831799,1.723300
1,1,70.626683,32.053299,2.698200,31.465700,1.687700
1,1,70.651828,25.145203,3.585200,25.768101,1.700700
1,1,70.683574,31.745199,2.652100,31.648701,1.786300
1,1,70.715532,31.958498,2.844300,31.529200,1.627200
1,1,70.747695,32.162700,3.503900,32.001598,1.753100
1,1,70.779941,32.245800,3.811300,32.631100,1.747000
1,1,70.812914,32.973301,3.300900,33.072102,2.078800
1,1,70.844070,31.156600,3.779800,31.124300,1.867600
1,1,70.876165,32.094102,3.342100,31.623699,2.107900
1,1,70.901458,25.293499,3.350800,25.321199,1.947000
1,1,70.933062,31.604100,3.218200,31.798901,1.892800
1,1,70.964699,31.636700,3.150600,31.638901,1.932800
1,1,70.993729,29.030301,3.964700,29.387800,1.813200
1,1,71.026227,32.497998,2.951300,32.206699,1.754300
1,1,71.052854,26.626702,2.918100,26.662600,1.710100
1,1,71.084104,31.250097,2.923400,31.382500,1.902200
1,1,71.116389,32.285500,2.781500,31.914000,1.656300
1,1,71.149639,33.249900,3.305000,33.025101,1.841900
1,1,71.180110,30.470401,3.387400,30.673100,1.781300
1,1,71.212151,32.040901,3.125000,32.356201,1.662900
1,1,71.242647,30.496698,2.877600,30.678301,1.569100
1,1,71.274559,31.912100,2.689900,31.812599,1.906900
1,1,71.300434,25.874201,2.679000,25.630600,1.822500
1,1,71.333835,33.401199,3.009300,33.189098,1.929700
1,1,71.365843,32.008100,3.248400,31.499500,2.251100
1,1,71.395229,29.386502,3.692200,29.993200,2.224200
1,1,71.426413,31.183500,3.035000,31.387699,1.893600
1,1,71.458645,32.232098,2.867000,32.098000,1.774300
1,1,71.485566,26.921302,3.092900,26.666599,2.069700
1,1,71.516733,31.166200,3.236400,31.275700,1.702900
1,1,71.548049,31.316400,3.076800,31.443399,1.924800
1,1,71.579470,31.421099,3.502900,31.372400,1.824300
1,1,71.611194,31.724103,3.373300,32.118000,2.126800
1,1,71.640242,29.047798,2.451500,28.863899,1.703700
1,1,71.670413,30.171301,2.761500,29.706100,1.777500
1,1,71.703013,32.599598,3.236100,32.601799,1.667200
1,1,71.735513,32.499902,3.031900,32.204601,2.042700
1,1,71.771790,36.277298,3.365000,37.101700,1.712400
1,1,71.803278,31.487502,2.594100,30.903601,1.660600
1,1,71.835348,32.070898,3.106600,32.204102,1.822100
1,1,71.867322,31.973399,3.363500,32.156399,2.415500
1,1,71.899524,32.202203,3.146300,32.004799,1.683000
1,1,71.931456,31.932198,3.236400,32.008202,2.007700
1,1,71.965258,33.801701,3.676000,33.777500,2.123100
1,1,71.994856,29.598299,3.295600,29.672400,1.928300
1,1,72.027191,32.335103,2.999100,32.130798,2.001700
1,1,72.053300,26.108898,3.481300,26.665100,2.016100
1,1,72.092572,39.271802,2.570800,38.575802,1.603600
1,1,72.117594,25.022000,3.527800,25.188900,1.581600
1,1,72.149720,32.126300,3.601700,31.980000,1.866200
1,1,72.182138,32.418098,3.481500,32.371700,1.837600
1,1,72.215530,33.391099,4.454900,33.591801,1.754300
1,1,72.251257,35.727702,3.489100,33.893101,1.992500
1,1,72.284235,32.977998,5.692500,34.146000,2.395000
1,1,72.317014,32.778300,4.511600,32.935799,2.157300
1,1,72.348260,31.246200,3.847500,31.873699,2.799100
1,1,72.378640,30.380402,3.442600,30.248100,2.645300
1,1,72.410345,31.704400,3.486000,31.756701,1.902800
1,1,72.441731,31.386100,2.944700,31.562000,1.900300
1,1,72.469585,27.853999,2.832200,27.486500,1.861300
1,1,72.499829,30.244000,3.111900,30.348000,1.865100
1,1,72.530786,30.957200,3.208800,31.165300,1.852100
1,1,72.562809,32.022800,2.747500,31.823299,1.744300
1,1,72.594291,31.482100,3.332900,31.402399,2.198700
1,1,72.625851,31.560097,3.254300,31.761801,2.124900
1,1,72.653362,27.511302,3.224900,27.285200,2.039800
1,1,72.684456,31.093799,3.186700,31.121099,1.946500
1,1,72.716366,31.910501,3.015900,31.858200,2.196500
1,1,72.749598,33.231400,3.159600,32.886700,2.366100
1,1,72.782351,32.752998,4.162200,32.659199,2.088200
1,1,72.819667,37.315901,3.910900,35.323700,2.427400
1,1,72.849574,29.906802,7.085300,31.689199,3.544400
1,1,72.878776,29.202197,4.834200,30.082300,3.256900
1,1,72.910765,31.988900,3.448600,31.756300,2.880800
1,1,72.941502,30.737203,3.760100,30.561899,1.983400
1,1,72.968199,26.697498,4.312000,26.558300,2.151600
1,1,73.000076,31.876501,3.420300,32.005100,1.959900
1,1,73.031239,31.163499,3.280300,31.161301,1.943100
1,1,73.064872,33.633001,3.259100,33.499500,2.425200
1,1,73.096195,31.322800,3.749300,31.541401,2.154000
1,1,73.131042,34.847300,3.612800,34.672298,2.265300
1,1,73.163759,32.716401,4.680700,32.830200,2.777800
1,1,73.196084,32.324798,4.169600,32.373798,2.054200
1,1,73.223215,27.131200,3.473100,27.084400,2.242500
1,1,73.259117,35.902500,3.450100,36.021301,2.087400
1,1,73.289352,30.234300,3.244500,30.095900,2.052000
1,1,73.319356,30.004103,3.172500,29.958000,2.105300
1,1,73.350762,31.405997,3.011700,31.188299,1.849200
1,1,73.382805,32.043301,3.338300,32.161098,1.996600
1,1,73.416032,33.227202,3.475500,33.204201,2.374200
1,1,73.447388,31.355899,3.650200,31.326000,1.805800
1,1,73.479131,31.742800,3.217100,31.798201,1.743000
1,1,73.511882,32.750502,2.962400,32.805302,1.574200
1,1,73.545351,33.469498,3.276000,33.544102,1.600900
1,1,73.577028,31.676702,2.707400,31.631100,1.588900
1,1,73.610335,33.307400,2.928200,33.091400,2.146800
1,1,73.644889,34.554098,3.222500,34.575199,1.927700
1,1,73.676939,32.050200,4.288400,32.036999,2.259700
1,1,73.710011,33.071801,3.197800,33.339001,1.701100
1,1,73.737610,27.598500,2.741300,27.586201,1.653300
1,1,73.777068,39.457899,2.835500,39.514999,1.802900
1,1,73.811770,34.701902,2.720900,33.613400,1.592300
1,1,73.844478,32.708798,4.163800,33.360298,1.702900
1,1,73.877184,32.706201,3.218900,32.396000,1.737900
1,1,73.908272,31.087600,3.643800,31.547701,1.561400
1,1,73.935484,27.211700,3.129800,26.939199,1.672300
1,1,73.963797,28.313000,3.104000,28.758301,1.888200
1,1,73.993998,30.201301,2.790300,30.048000,1.687800
1,1,74.027163,33.165298,3.274400,33.410301,1.467900
1,1,74.057698,30.534402,2.600000,30.575800,2.400000
1,1,74.084380,26.681799,2.475600,26.449100,1.824100
1,1,74.116008,31.628601,2.770400,31.412100,1.541000
1,1,74.147021,31.012498,2.876700,31.039801,1.659400
1,1,74.177749,30.728303,2.828100,30.896999,1.715900
1,1,74.204215,26.465800,2.602300,26.234100,1.649900
1,1,74.240773,36.558200,2.808600,36.898800,1.823400
1,1,74.268283,27.509999,2.517200,27.482300,1.611600
1,1,74.298981,30.697599,2.508600,30.184000,1.656300
1,1,74.329455,30.474003,3.259900,31.006201,2.376500
1,1,74.360327,30.872297,2.874500,30.561899,1.893000
1,1,74.392822,32.494802,2.893400,32.507599,1.722900
1,1,74.417879,25.057599,2.979200,25.292601,1.621200
1,1,74.450227,32.347802,2.470000,32.030102,1.513000
1,1,74.482242,32.014698,2.940600,31.667400,1.608400
1,1,74.512803,30.561499,3.174100,31.030899,2.287900
1,1,74.545660,32.857202,3.201000,32.980499,1.538300
1,1,74.580128,34.467198,2.669700,34.100300,1.544900
1,1,74.611302,31.174600,3.150100,31.274700,1.698100
1,1,74.643604,32.301802,2.958700,32.083900,1.429900
1,1,74.674677,31.072900,3.825900,31.429800,1.591800
1,1,74.701883,27.206499,3.226100,26.977400,1.683500
1,1,74.732798,30.914299,2.904800,30.887501,1.795200
1,1,74.766128,33.330403,3.059100,33.201099,1.822800
1,1,74.797771,31.642400,3.589600,32.186001,1.933700
1,1,74.830700,32.929100,2.717200,32.626499,1.927800
1,1,74.862536,31.836197,2.898400,32.001598,1.836200
1,1,74.894984,32.448202,2.947900,32.383400,1.742000
1,1,74.927625,32.640900,2.745200,32.629799,1.435800
1,1,74.960131,32.505799,2.712400,32.609001,1.789900
1,1,74.992625,32.494001,2.572500,32.058899,1.664400
1,1,75.017844,25.219098,2.967800,25.460899,1.847600
1,1,75.049785,31.941399,2.682200,32.117100,1.725900
1,1,75.082953,33.168200,2.519800,33.079498,1.614600
1,1,75.115019,32.065403,2.652600,31.832800,1.667900
1,1,75.147936,32.917298,2.953500,33.126099,2.070000
1,1,75.177972,30.035999,3.034900,30.177999,1.658400
1,1,75.210565,32.593302,3.225200,32.524399,2.055600
1,1,75.242849,32.283798,2.754600,31.844101,2.137000
1,1,75.272497,29.647801,3.034400,26.774900,1.734200
1,1,75.302489,29.992200,6.551300,32.138100,2.039800
1,1,75.333328,30.839100,3.812400,31.249300,1.780400
1,1,75.367419,34.090899,3.319900,34.178001,2.112900
1,1,75.398775,31.356100,3.168100,31.633900,1.855300
1,1,75.432955,34.179501,2.939500,33.800900,1.590900
1,1,75.465814,32.858901,3.422300,32.977200,1.859200
1,1,75.498802,32.988098,3.609700,32.973801,1.633000
1,1,75.528811,30.008800,3.252900,30.398001,1.865300
1,1,75.562174,33.363700,2.946400,33.209599,1.521200
1,1,75.593800,31.625900,3.236500,31.864500,1.626900
1,1,75.625919,32.119200,2.603100,31.937599,1.436600
1,1,75.650999,25.079802,2.683600,24.662701,1.992800
1,1,75.684612,33.612698,3.139600,33.403099,1.810700
1,1,75.716754,32.142002,3.316000,32.104301,2.024000
1,1,75.748753,31.998698,3.401900,32.453602,1.885400
1,1,75.783452,34.699801,2.980300,34.263100,2.149900
1,1,75.816833,33.380400,3.835400,33.388302,2.251600
1,1,75.850220,33.386897,4.034600,33.195099,2.609400
1,1,75.882343,32.123201,3.944800,32.564400,2.111300
1,1,75.914447,32.104101,3.248600,31.629299,2.069000
1,1,75.944807,30.359600,4.041400,30.603600,1.815900
1,1,75.976246,31.439401,3.960200,31.906099,2.304800
1,1,76.000954,24.707999,3.303400,24.687901,1.876200
1,1,76.032409,31.455100,2.661200,31.321501,1.996900
1,1,76.064344,31.934600,3.336800,31.915300,2.029900
1,1,76.095834,31.490602,3.200200,31.522600,2.463000
1,1,76.128368,32.533899,2.899600,32.194500,1.784200
1,1,76.162678,34.309201,3.333100,34.586700,1.514600
1,1,76.194666,31.988997,3.304200,31.946301,2.176200
1,1,76.221314,26.647802,3.011400,26.841700,1.611900
1,1,76.260097,38.782500,2.956800,38.628899,1.646900
1,1,76.295361,35.263900,2.883200,35.349098,2.024500
1,1,76.322399,27.038101,2.795000,27.038300,1.487000
1,1,76.358861,36.462598,3.001000,36.106701,1.710200
1,1,76.384465,25.603201,3.149200,25.975700,1.523600
1,1,76.416557,32.092400,2.719000,31.918501,1.613900
1,1,76.449377,32.820001,3.093300,32.699600,1.578500
1,1,76.482988,33.611499,3.280500,33.447399,1.909700
1,1,76.515278,32.289401,3.601900,32.315498,1.872000
1,1,76.544991,29.713001,3.922400,29.949100,1.890400
1,1,76.576693,31.702399,3.736100,31.787300,1.643200
1,1,76.602186,25.492597,3.229400,25.564800,1.827800
1,1,76.635399,33.213302,2.749600,32.624100,1.919600
1,1,76.668196,32.796998,3.192100,32.419800,1.727100
1,1,76.700210,32.013502,3.759000,32.098400,2.064100
1,1,76.730722,30.512698,3.841100,30.932400,1.777500
1,1,76.762377,31.655002,3.072500,31.829300,1.994100
1,1,76.795775,33.397298,3.034400,32.650799,2.213700
1,1,76.823950,28.174900,4.409000,28.498800,2.777500
1,1,76.852622,28.672300,4.068800,28.747000,2.093500
1,1,76.884308,31.686403,4.202300,31.485399,2.078800
1,1,76.914585,30.276898,3.755300,30.705999,1.928900
1,1,76.945283,30.698199,3.286700,30.506901,1.841400
1,1,76.978281,32.997902,3.635200,33.174702,2.017400
1,1,77.010066,31.784400,3.476900,31.364700,2.086100
1,1,77.036991,26.925497,3.829000,27.509001,1.852700
1,1,77.071184,34.193102,3.162600,34.037300,1.894600
1,1,77.104224,33.039801,3.089100,32.603901,1.841500
1,1,77.136613,32.388899,3.893700,32.785301,2.145500
1,1,77.169738,33.124898,3.150800,32.743301,2.172400
1,1,77.202138,32.400601,3.481900,31.156500,2.032700
1,1,77.234984,32.845501,5.059800,33.961300,1.922500
1,1,77.269116,34.132101,3.637800,33.691200,2.098700
1,1,77.302355,33.238798,4.194200,33.940102,2.296100
1,1,77.337546,35.191402,3.273400,32.997700,2.023200
1,1,77.367782,30.235898,6.152500,32.067299,2.162100
1,1,77.400957,33.175100,4.806800,33.067799,2.288300
1,1,77.434877,33.919603,3.863600,33.699001,2.288000
1,1,77.469039,34.162197,4.389000,34.480202,2.174900
1,1,77.502731,33.692203,4.534600,33.436501,2.358400
1,1,77.536171,33.439700,4.243200,33.766602,3.090800
1,1,77.569246,33.075199,4.567900,32.940601,2.484100
1,1,77.601483,32.237101,4.194500,32.692299,2.541700
1,1,77.636077,34.593500,3.470200,34.526100,1.951800
1,1,77.673740,37.662998,3.513900,25.800600,2.130900
1,1,77.697681,23.941699,37.698200,35.033199,3.827300
1,1,77.735083,37.401401,7.568300,36.807301,3.127700
1,1,77.768335,33.252500,5.116300,34.055302,3.523400
1,1,77.802963,34.627102,4.859800,34.593800,2.861800
1,1,77.833273,30.310199,4.826100,30.541000,2.888200
1,1,77.870022,36.749002,4.416100,35.737801,3.132800
1,1,77.904042,34.020297,7.446500,32.971199,3.851700
1,1,77.935799,31.756900,7.089600,32.416000,3.877500
1,1,77.966708,30.909002,6.061900,30.925600,3.043500
1,1,78.000603,33.895399,7.137700,31.676201,2.621400
1,1,78.029211,28.607998,7.945900,32.079498,3.007300
1,1,78.059154,29.943101,4.510800,29.897699,2.462200
1,1,78.085839,26.684299,5.077800,26.993401,2.156700
1,1,78.117777,31.938702,4.464000,31.503700,2.185700
1,1,78.148710,30.932799,3.793600,31.145599,2.177300
1,1,78.180983,32.273199,4.086300,30.875799,1.899100
1,1,78.214569,33.585802,5.078200,32.433998,2.660200
1,1,78.243460,28.890301,6.524900,31.490200,2.432900
1,1,78.275960,32.500099,6.274400,32.704899,1.938600
1,1,78.304150,28.190698,3.732100,28.123400,2.120400
1,1,78.335378,31.228200,3.427100,31.129801,1.774300
1,1,78.368541,33.162802,3.290000,33.022701,2.106500
1,1,78.401438,32.896899,3.565200,32.857700,2.201200
1,1,78.437364,35.926100,4.361200,31.498699,2.320800
1,1,78.469064,31.699602,16.452900,34.622101,2.322300
1,1,78.502531,33.466700,10.031200,34.735199,2.612700
1,1,78.534680,32.149497,4.936200,32.092999,2.880700
1,1,78.561285,26.604500,21.123899,26.966801,2.521700
1,1,78.594148,32.863501,5.971100,32.949600,2.189100
1,1,78.625923,31.775400,3.834900,31.440701,2.108200
1,1,78.659559,33.635601,4.343100,32.176800,2.184200
1,1,78.692969,33.410300,5.103300,34.374901,2.278000
1,1,78.725913,32.943897,4.551000,33.342300,2.434800
1,1,78.760466,34.552600,4.670200,33.246201,2.600700
1,1,78.794443,33.977002,6.539800,35.268398,2.438800
1,1,78.828813,34.370400,4.744200,33.281601,2.657600
1,1,78.863822,35.008699,5.854700,33.694599,3.096900
1,1,78.893721,29.899102,7.970800,31.649799,3.212100
1,1,78.926169,32.447498,6.212600,32.882599,3.269400
1,1,78.958908,32.739099,4.968800,32.947701,2.615000
1,1,78.993813,34.905102,3.698200,34.751701,2.355500
1,1,79.024413,30.600499,4.029400,30.376699,2.907700
1,1,79.056418,32.004301,5.023600,32.196499,3.066500
1,1,79.082238,25.820199,4.433400,25.822800,2.735800
1,1,79.117756,35.518300,5.074100,34.974201,2.760200
1,1,79.151632,33.875901,5.161800,34.577400,2.908900
1,1,79.178780,27.148400,4.807100,26.976299,2.713700
1,1,79.209535,30.754801,4.259300,30.636400,2.121900
1,1,79.242627,33.091798,4.086200,33.202999,2.597000
1,1,79.274918,32.290801,3.902600,32.426201,2.226000
1,1,79.307257,32.339599,4.276300,32.239300,2.172600
1,1,79.341178,33.920899,3.473200,33.659100,2.127900
1,1,79.373795,32.617100,3.910400,32.758598,2.064000
1,1,79.406088,32.292403,4.155800,32.720901,2.445800
1,1,79.438039,31.950898,3.745800,31.964600,2.289800
1,1,79.473025,34.986101,3.332900,34.755600,2.156300
1,1,79.506164,33.139199,3.895600,33.533001,2.214400
1,1,79.540000,33.835698,3.272100,33.623299,1.788700
1,1,79.571367,31.367101,3.409000,31.539900,1.736000
1,1,79.603816,32.448903,2.866700,32.616402,1.765400
1,1,79.636396,32.579999,3.135000,32.503399,1.816700
1,1,79.668638,32.242700,3.149100,32.265400,1.424600
1,1,79.700963,32.324698,2.616600,32.046001,1.976000
1,1,79.734401,33.437699,2.921300,33.509499,2.102400
1,1,79.759770,25.369301,2.976900,25.321199,1.912000
1,1,79.791882,32.111999,2.918300,31.287001,1.991200
1,1,79.824252,32.370400,3.782300,31.935699,1.855500
1,1,79.858476,34.223203,5.528900,32.714802,3.323600
1,1,79.886134,27.658701,6.408800,30.262899,2.893500
1,1,79.915268,29.133797,4.635200,29.015900,2.181200
1,1,79.951217,35.949003,3.395600,35.983501,1.859200
1,1,79.976616,25.398500,3.202500,25.209299,2.379300
1,1,80.008521,31.905599,3.440400,32.082001,2.045200
1,1,80.041915,33.394199,3.281600,32.161301,1.862100
1,1,80.072688,30.772600,4.777900,31.789301,2.285600
1,1,80.105106,32.418102,3.588400,32.530102,2.007400
1,1,80.136652,31.546298,4.064600,32.051498,2.318500
1,1,80.170226,33.573501,3.070700,33.374001,2.278200
1,1,80.202026,31.800199,4.247800,31.839100,1.930900
1,1,80.235876,33.849798,3.732300,33.673698,1.799100
1,1,80.264803,28.926700,3.695900,28.927900,1.978100
1,1,80.297443,32.640602,3.280100,32.516602,2.196400
1,1,80.334202,36.759000,3.225500,36.209202,1.884400
1,1,80.374758,40.555798,3.727600,36.384102,1.997000
1,1,80.398159,23.401100,9.414100,27.514999,2.235100
1,1,80.435346,37.187301,3.659600,37.670200,1.798500
1,1,80.464345,28.998900,3.158600,28.666901,1.777000
1,1,80.499636,35.290498,3.680200,35.575500,2.017400
1,1,80.526124,26.487801,3.463100,26.668301,1.776300
1,1,80.557317,31.192802,3.000600,30.941200,1.814800
1,1,80.589656,32.339498,3.145800,32.279202,1.874700
1,1,80.621252,31.595901,3.425600,31.746599,1.780700
1,1,80.652742,31.489700,3.489300,31.409401,1.620600
1,1,80.685403,32.661699,3.504500,32.531101,1.950600
1,1,80.719002,33.598401,3.447800,33.537300,1.494700
1,1,80.751149,32.147001,4.026100,32.148399,2.141500
1,1,80.784158,33.009399,3.743000,33.033798,2.397000
1,1,80.810926,26.768100,3.230100,26.819700,2.005000
1,1,80.842123,31.196602,3.277100,31.314400,1.719600
1,1,80.874159,32.035798,3.262000,31.871000,1.621000
1,1,80.905963,31.804502,3.424300,31.854000,1.816800
1,1,80.939224,33.260599,3.979200,33.484402,2.164000
1,1,80.972165,32.941699,3.420200,32.980099,1.802000
1,1,81.003873,31.708002,3.186700,31.885201,1.931400
1,1,81.036389,32.515999,3.433300,32.461300,1.565400
1,1,81.070143,33.753701,2.981500,33.289501,1.794300
1,1,81.103294,33.151399,3.935400,33.324799,1.776400
1,1,81.137515,34.220200,3.134700,33.928799,1.853400
1,1,81.173847,36.332600,4.565500,35.804001,1.547300
1,1,81.207282,33.434801,4.324500,33.795200,1.804700
1,1,81.241370,34.088198,4.367000,34.443501,2.088500
1,1,81.272633,31.262401,3.593700,30.966400,2.207000
1,1,81.309315,36.681898,3.887400,36.593800,1.954000
1,1,81.343336,34.021500,4.099200,34.365101,1.919200
1,1,81.377201,33.865202,3.268300,33.883701,1.663700
1,1,81.407482,30.281197,2.952400,30.399401,1.926200
1,1,81.440276,32.793302,3.405900,32.222801,2.082600
1,1,81.474179,33.903498,5.094100,33.869301,2.160900
1,1,81.507801,33.621602,3.878300,34.118099,2.250100
1,1,81.539987,32.185700,3.167500,31.601400,1.960500
1,1,81.574807,34.819901,3.914600,34.718102,2.066400
1,1,81.606695,31.888500,3.946500,32.378700,2.134600
1,1,81.641009,34.313697,3.513000,34.219200,2.047900
1,1,81.674133,33.124004,3.697300,33.411598,1.984100
1,1,81.707516,33.383198,2.894600,32.424801,1.949200
1,1,81.739587,32.071199,4.241800,32.261799,2.014600
1,1,81.771023,31.435702,3.924800,32.024700,1.813400
1,1,81.807186,36.163300,4.300400,35.627399,2.180500
1,1,81.843203,36.017198,4.062800,36.667099,1.936600
1,1,81.874584,31.380702,2.988500,30.965000,1.617800
1,1,81.908515,33.930600,3.519000,34.390900,2.213600
1,1,81.941858,33.343099,2.905700,33.028999,1.652400
1,1,81.974615,32.757401,3.075500,32.897900,1.487500
1,1,82.004551,29.935498,3.066000,29.975401,1.788200
1,1,82.036402,31.851802,3.362100,32.177898,2.006100
1,1,82.070602,34.199599,2.975300,33.687099,1.834100
1,1,82.101785,31.183299,3.544100,31.727501,1.867500
1,1,82.135718,33.932701,3.120900,33.393299,1.405300
1,1,82.167625,31.907499,3.214200,31.895599,1.481200
1,1,82.199140,31.514801,3.255100,31.638399,1.755600
1,1,82.226320,27.179901,2.881600,27.560400,1.792700
1,1,82.258058,31.738199,2.592500,31.426201,1.804400
1,1,82.290270,32.211401,2.979800,32.211601,1.726500
1,1,82.321687,31.417400,3.069400,30.995300,2.132300
1,1,82.355318,33.630900,3.739900,34.130699,1.573700
1,1,82.384248,28.930400,2.950600,29.136000,1.728500
1,1,82.418458,34.209602,2.634600,32.898800,1.879100
1,1,82.444165,25.706898,4.170200,26.621500,2.057400
1,1,82.474731,30.566402,3.154600,30.218100,1.726100
1,1,82.505916,31.184997,3.289800,31.542601,2.205500
1,1,82.537287,31.371102,3.167200,31.686600,1.876200
1,1,82.569660,32.372199,3.477500,31.961399,1.762400
1,1,82.601672,32.012299,2.870400,32.112900,2.178100
1,1,82.627203,25.531501,3.033600,25.550400,1.976200
1,1,82.657946,30.742101,3.001200,30.552000,1.871300
1,1,82.689984,32.038398,3.266500,31.923800,1.975200
1,1,82.719583,29.599100,3.381600,30.093399,1.874200
1,1,82.751890,32.307003,2.692500,32.226601,2.194700
1,1,82.784637,32.747399,3.120500,32.366501,1.919600
1,1,82.817159,32.522000,3.431600,32.856400,1.674100
1,1,82.843323,26.163500,3.183600,26.309200,2.072400
1,1,82.874707,31.384099,2.544600,30.881201,1.542800
1,1,82.906644,31.937201,3.315600,32.110699,1.717400
1,1,82.938148,31.503700,3.373700,31.046499,1.680500
1,1,82.968612,30.463900,3.446500,31.180700,1.824800
1,1,82.995985,27.373098,2.762100,27.209801,2.028400
1,1,83.025917,29.931702,2.908900,29.890200,1.973700
1,1,83.057424,31.507600,2.943000,31.218599,1.733000
1,1,83.091089,33.664498,3.338600,33.399502,1.670500
1,1,83.121279,30.190602,3.422500,30.701799,1.954000
1,1,83.156027,34.747701,3.198300,34.762299,1.820100
1,1,83.186168,30.140497,3.168700,30.230801,2.009300
1,1,83.214134,27.966402,3.099600,27.988501,1.691200
1,1,83.242762,28.628297,3.073600,28.705400,1.645600
1,1,83.276522,33.760201,2.801600,33.699100,1.559300
1,1,83.308828,32.305602,2.706300,31.845301,1.715800
1,1,83.341789,32.960400,3.130600,32.376499,2.068800
1,1,83.372050,30.261699,3.512700,30.893000,1.743400
1,1,83.405431,33.380799,2.957700,33.559399,1.663200
1,1,83.439140,33.709399,3.080500,33.774700,1.971300
1,1,83.471614,32.474000,3.093600,32.473301,1.519500
1,1,83.502187,30.573100,4.008000,30.594999,1.589100
1,1,83.533835,31.647600,3.230400,31.439100,2.140700
1,1,83.560009,26.174400,3.612800,26.011299,1.737200
1,1,83.591615,31.605400,3.486000,31.341200,1.815100
1,1,83.623346,31.731103,3.262700,31.748100,1.968700
1,1,83.655061,31.714998,3.374700,32.027199,2.265300
1,1,83.686967,31.905901,3.173000,31.883699,2.031200
1,1,83.719347,32.380201,3.011300,32.403198,1.945100
1,1,83.751330,31.982899,3.573200,32.082100,1.939700
1,1,83.783995,32.664701,3.067700,32.664902,2.325100
1,1,83.810735,26.740100,3.528500,26.941601,1.953200
1,1,83.842409,31.673700,2.725000,30.943001,1.656000
1,1,83.874090,31.681199,4.190100,31.855900,1.830200
1,1,83.905583,31.493001,3.439000,31.763000,2.065700
1,1,83.936694,31.111699,2.976800,31.066401,1.839900
1,1,83.966170,29.475600,2.983400,29.809099,1.656200
1,1,83.992839,26.668999,2.661900,26.738800,1.658400
1,1,84.024223,31.383701,2.537000,30.764601,1.556000
1,1,84.056250,32.027502,3.165400,32.356098,1.935400
1,1,84.088370,32.120299,3.619400,32.054401,1.749600
1,1,84.121152,32.781802,3.324200,32.308998,1.782500
1,1,84.152125,30.972600,3.412300,30.663099,1.684200
1,1,84.183462,31.336799,3.695200,31.882000,1.581600
1,1,84.208850,25.388099,3.674800,25.369301,1.821900
1,1,84.242488,33.638600,3.415100,33.662399,1.602900
1,1,84.275040,32.551400,2.989200,32.124199,1.716100
1,1,84.307782,32.742601,3.665200,33.313999,1.894800
1,1,84.340321,32.538600,2.891300,32.277302,1.789300
1,1,84.372200,31.878598,2.982500,32.216099,1.955900
1,1,84.405791,33.591900,2.728100,33.296799,1.848300
1,1,84.436988,31.196501,3.252100,31.790400,2.231800
1,1,84.469382,32.394398,2.624100,31.573400,1.864200
1,1,84.501462,32.079700,3.624500,32.440701,1.671100
1,1,84.533869,32.407001,3.065700,32.482201,1.585600
1,1,84.568046,34.176402,3.216500,33.620499,1.847300
1,1,84.597266,29.220998,3.332800,29.324600,1.871200
1,1,84.627020,29.753499,3.588200,30.067699,1.971400
1,1,84.660034,33.013903,3.070100,32.155899,1.729800
1,1,84.692380,32.345600,4.114500,33.409000,1.994000
1,1,84.724898,32.518100,2.582300,32.116100,1.575300
1,1,84.756840,31.942397,3.002200,31.745800,1.690600
1,1,84.790363,33.523303,3.927100,33.613300,1.712900
1,1,84.822516,32.152299,3.682200,32.051800,2.083800
1,1,84.852943,30.427899,3.513800,30.492300,1.823400
1,1,84.884708,31.764902,3.635100,31.849100,1.376400
1,1,84.917147,32.438498,3.350400,32.639000,1.687600
1,1,84.943492,26.345100,3.404000,26.273899,1.636000
1,1,84.975952,32.459699,3.253900,32.528999,1.721800
1,1,85.007734,31.782601,3.028100,31.876801,2.421100
1,1,85.042429,34.694202,2.700200,34.254601,1.596800
1,1,85.074439,32.010399,3.376200,31.596300,1.808900
1,1,85.106111,31.672399,3.557800,32.404800,1.859500
1,1,85.138116,32.004401,3.149100,32.019699,1.904300
1,1,85.174443,36.327500,3.419700,35.419701,1.927700
1,1,85.209458,35.014600,4.394000,35.421101,1.852700
1,1,85.241726,32.267999,3.420800,32.490299,2.496200
1,1,85.276174,34.447800,3.171900,34.296902,1.937600
1,1,85.308057,31.883799,3.382300,31.723200,2.292600
1,1,85.341303,33.245500,3.759600,33.396500,2.315500
1,1,85.374691,33.388000,3.510900,33.444302,1.803000
1,1,85.406055,31.364202,3.186700,31.056999,1.796500
1,1,85.442612,36.557198,3.700700,34.011700,2.052200
1,1,85.469843,27.230401,6.797800,29.530899,1.887200
1,1,85.507158,37.315100,3.656600,37.599400,2.004200
1,1,85.540051,32.893602,3.872300,33.393700,2.126100
1,1,85.567848,27.796600,3.215900,27.905199,1.770300
1,1,85.596070,28.221797,2.873000,25.402100,1.995000
1,1,85.625177,29.106800,4.570200,31.315800,1.817900
1,1,85.657669,32.492701,4.426100,32.192699,2.175400
1,1,85.674462,16.792700,4.413900,14.245300,2.082500
1,1,85.691790,17.328203,3.313800,6.097900,2.554200
1,1,85.711850,20.059999,3.362300,7.118700,2.059700
1,1,85.743533,31.682901,3.790400,3.384100,2.199800
1,1,85.762719,19.185998,3.489300,3.577100,1.978100
1,1,85.780198,17.479200,4.205500,3.739000,2.062700
1,1,85.796747,16.549002,4.376700,3.467100,2.471200
1,1,85.813315,16.568098,4.974300,4.126600,2.449700
1,1,85.830608,17.292801,3.987200,4.360200,2.548100
1,1,85.847088,16.479898,4.832500,4.007400,2.578600
1,1,85.864314,17.225500,4.211400,3.834800,2.365700
1,1,85.882045,17.731000,4.155400,3.820300,2.294900
1,1,85.899337,17.292000,5.356900,5.905800,3.164400
1,1,85.915477,16.140301,6.519700,4.386400,2.877800
1,1,85.931077,15.600100,5.298200,4.591600,2.877800
1,1,85.947536,16.458798,4.132000,10.624500,3.137900
1,1,85.964003,16.467400,3.542000,10.624500,3.137900
1,1,85.980632,16.628902,2.961400,26.289400,2.685000
1,1,86.008524,27.891997,3.158200,31.924000,2.176500
1,1,86.041039,32.515101,3.839000,32.932098,2.123000
1,1,86.071576,30.537300,3.383400,30.602501,1.879000
1,1,86.104523,32.947000,3.035200,32.800098,1.806200
1,1,86.137419,32.895301,3.138600,32.515701,2.215700
1,1,86.168611,31.192102,3.649800,31.428400,2.088200
1,1,86.199124,30.512698,4.334000,30.306200,1.918500
1,1,86.230015,30.891400,3.593100,31.517700,1.934000
1,1,86.256725,26.710201,2.934700,26.764200,2.073400
1,1,86.289670,32.944601,2.701300,32.859501,1.941300
1,1,86.321314,31.644698,2.860900,31.310400,1.738500
1,1,86.354082,32.767501,3.153900,32.289700,2.074600
1,1,86.386762,32.679800,3.784100,32.967098,2.446000
1,1,86.421952,35.190299,4.037500,35.163799,1.843100
1,1,86.457624,35.672102,3.951100,35.797600,2.505400
1,1,86.489807,32.183200,3.593300,32.100101,2.135000
1,1,86.523330,33.523098,3.715300,32.695599,2.538500
1,1,86.555398,32.067802,4.281500,32.472698,2.322200
1,1,86.587108,31.709298,3.737900,31.775900,2.137900
1,1,86.620440,33.332702,4.427900,33.456100,2.354200
1,1,86.652119,31.678699,3.911400,31.811001,2.334000
1,1,86.682648,30.528899,3.500800,30.962700,1.896400
1,1,86.715463,32.815401,3.320000,32.803398,1.964300
1,1,86.749026,33.562299,3.390900,33.122299,1.805500
1,1,86.781663,32.637801,3.322000,33.131401,1.771600
1,1,86.813588,31.924400,2.861300,31.646099,1.449900
1,1,86.839109,25.520701,3.140500,25.711000,1.644000
1,1,86.872114,33.005599,2.713800,32.945702,1.749200
1,1,86.903433,31.319298,2.832800,31.026100,1.556800
1,1,86.934271,30.837603,3.681300,31.134501,2.070500
1,1,86.965115,30.843500,2.949600,30.921700,1.915900
1,1,86.994547,29.432699,2.743400,29.131399,2.352900
1,1,87.024402,29.855199,3.544500,30.087900,1.829900
1,1,87.059552,35.149600,2.831400,34.269001,1.592600
1,1,87.088711,29.158600,3.647500,30.189899,1.461200
1,1,87.120631,31.920202,2.625800,31.352200,1.787100
1,1,87.151924,31.293299,3.262600,31.503901,1.717700
1,1,87.183316,31.392101,3.179700,31.790100,1.691600
1,1,87.216204,32.887898,2.840800,32.575699,1.529700
1,1,87.248388,32.183900,2.766500,32.250999,1.635700
1,1,87.281422,33.033799,2.768300,32.508701,1.835500
1,1,87.309086,27.664300,3.411700,27.607401,2.119000
1,1,87.339976,30.889601,3.495600,31.359400,1.949900
1,1,87.371988,32.012701,2.932800,31.443399,1.678500
1,1,87.405000,33.011198,3.500800,32.250401,2.213100
1,1,87.435916,30.916501,4.253200,31.931999,1.949900
1,1,87.467191,31.274598,3.897100,31.229700,1.967300
1,1,87.500117,32.926600,3.784400,32.112099,1.938300
1,1,87.527654,27.536500,5.054400,28.186300,2.019400
1,1,87.564615,36.961701,3.735400,37.155602,3.096200
1,1,87.591797,27.181901,3.796500,27.525499,2.240500
1,1,87.622932,31.135000,2.856200,30.927601,1.850600
1,1,87.656055,33.122100,3.290500,32.639301,2.286600
1,1,87.688251,32.196898,3.558600,32.622700,2.057600
1,1,87.719563,31.311102,3.451900,31.342300,2.369900
1,1,87.751591,32.028798,3.556200,32.081100,2.526000
1,1,87.784070,32.478601,3.800700,32.791199,2.365300
1,1,87.816425,32.354798,3.066300,32.164799,2.243700
1,1,87.848918,32.492902,3.438900,32.223499,2.313800
1,1,87.875651,26.733298,3.321300,27.024401,2.231700
1,1,87.908613,32.962102,2.842300,32.913898,1.881900
1,1,87.942606,33.992898,2.793400,33.740601,1.909900
1,1,87.974084,31.477701,3.017800,31.875601,1.951800
1,1,88.006806,32.722801,2.521300,32.410400,2.172000
1,1,88.039470,32.664001,3.023300,31.667400,2.216700
1,1,88.070806,31.335797,3.833500,31.745199,2.261800
1,1,88.105552,34.745701,4.088400,34.800598,2.487000
1,1,88.138147,32.594699,4.304900,32.647400,2.413000
1,1,88.169957,31.810701,4.372600,31.970301,2.164100
1,1,88.203244,33.287201,3.510800,33.410801,2.305500
1,1,88.235301,32.056898,3.669300,32.273201,2.539800
1,1,88.269149,33.847801,3.249500,33.746101,2.002700
1,1,88.299535,30.385900,3.205900,30.230499,1.805400
1,1,88.332777,33.241600,3.130000,33.634499,1.640300
1,1,88.364821,32.044198,2.667400,31.835899,1.828500
1,1,88.396454,31.633101,2.946400,31.547199,1.419400
1,1,88.423771,27.316600,3.482100,27.525999,1.903000
1,1,88.456200,32.429900,3.245100,31.839100,1.882700
1,1,88.487385,31.184699,3.291200,31.403000,1.600600
1,1,88.519711,32.325599,3.101400,32.456600,2.081100
1,1,88.552793,33.082303,3.228100,32.954498,1.754900
1,1,88.584240,31.446598,3.576100,31.885500,1.812900
1,1,88.615831,31.590901,2.707200,31.426701,1.693600
1,1,88.647881,32.050397,2.800600,32.211498,1.394300
1,1,88.679357,31.476300,2.691300,31.509399,1.849300
1,1,88.707036,27.679201,2.431500,27.210699,1.580100
1,1,88.738365,31.328600,2.913800,31.533701,1.576400
1,1,88.771080,32.714602,2.815700,32.356899,1.653000
1,1,88.803998,32.918300,3.175700,33.183899,2.059900
1,1,88.835837,31.838696,2.973200,31.916599,1.723500
1,1,88.865801,29.964201,2.879400,29.999201,1.721000
1,1,88.894617,28.816402,2.777700,28.423000,1.570900
1,1,88.925184,30.566297,3.076500,30.884800,2.048000
1,1,88.960650,35.466701,2.841400,35.445702,1.811200
1,1,88.990505,29.854402,2.810200,29.765600,1.527300
1,1,89.023153,32.648697,3.038100,32.595600,1.651000
1,1,89.055157,32.003701,2.838900,31.910500,1.517900
1,1,89.089380,34.222599,3.068800,33.472801,2.143500
1,1,89.122198,32.818701,3.705700,33.844101,2.134100
1,1,89.154507,32.308601,2.649900,31.637100,1.609300
1,1,89.187234,32.727201,3.276100,33.113899,1.886300
1,1,89.219922,32.687899,2.880800,32.654499,1.722000
1,1,89.252936,33.013500,3.104600,32.835701,2.274700
1,1,89.286519,33.583399,3.314300,33.737701,2.304200
1,1,89.317145,30.626401,3.553900,31.061199,1.947700
1,1,89.348567,31.421699,2.495400,31.194500,1.604700
1,1,89.380732,32.165002,2.652100,32.075901,1.894600
1,1,89.413052,32.319400,2.678600,32.565601,2.119400
1,1,89.440262,27.210798,2.332700,27.074900,1.673700
1,1,89.473918,33.655800,2.556800,33.250999,1.701800
1,1,89.504761,30.843202,3.067000,30.765699,1.672100
1,1,89.539833,35.071999,3.490300,35.519600,2.077900
1,1,89.571291,31.457301,2.940200,30.918600,1.940500
1,1,89.604163,32.872897,3.148600,33.083801,1.816400
1,1,89.636937,32.773502,2.860900,32.274700,1.859100
1,1,89.671845,34.907900,3.990700,35.413399,2.039500
1,1,89.705814,33.969101,3.243100,33.860802,2.104300
1,1,89.738191,32.377299,3.094900,31.757999,1.810900
1,1,89.769461,31.269502,3.602800,31.731400,1.778800
1,1,89.804513,35.052497,3.464300,35.029701,2.133800
1,1,89.835052,30.539002,3.638500,31.010599,1.517800
1,1,89.867761,32.708798,2.691400,32.511299,1.721700
1,1,89.898513,30.752201,3.188200,31.036200,1.694800
1,1,89.927410,28.896600,2.394600,28.480101,1.583400
1,1,89.960039,32.629501,3.042600,32.867100,1.899700
1,1,89.991005,30.965801,2.875600,30.878700,1.725000
1,1,90.023978,32.972999,2.921500,32.931499,1.886600
1,1,90.062720,38.742300,2.849700,38.803200,1.914900
1,1,90.089089,26.368998,2.678000,25.501801,1.649700
1,1,90.123503,34.413900,3.470800,35.098598,1.772600
1,1,90.155620,32.116402,2.973400,32.256699,1.523800
1,1,90.187870,32.250401,2.696900,32.153599,1.791800
1,1,90.217881,30.011199,2.836600,30.161200,1.585300
1,1,90.249520,31.638499,2.900900,31.549999,1.733400
1,1,90.281436,31.916000,2.741100,31.737301,1.552600
1,1,90.307974,26.538398,3.038200,26.704300,1.836800
1,1,90.340434,32.459300,2.757300,32.586399,2.117500
1,1,90.373052,32.618802,2.571700,32.262100,1.665700
1,1,90.405080,32.027498,2.961000,31.891800,1.813800
1,1,90.436586,31.505801,3.758600,31.641800,2.114200
1,1,90.469373,32.787502,3.373800,32.859699,2.110100
1,1,90.505548,36.174901,3.091100,32.168800,2.020300
1,1,90.530230,24.681997,7.735300,27.986700,1.923500
1,1,90.569623,39.393201,3.607300,39.428600,2.023600
1,1,90.601714,32.090299,3.857800,32.839199,2.267900
1,1,90.636628,34.914602,3.099700,34.446800,1.601000
1,1,90.669098,32.469999,3.360700,32.230000,1.872600
1,1,90.700698,31.599302,3.520500,32.188400,1.821700
1,1,90.732817,32.119300,2.959400,31.685499,1.566500
1,1,90.765603,32.786500,3.556200,32.943001,1.237700
1,1,90.797353,31.749699,3.058900,32.090698,1.980200
1,1,90.830791,33.438399,3.035100,32.898300,1.546700
1,1,90.856992,26.200302,3.417100,26.401400,1.648000
1,1,90.888492,31.500697,2.918500,31.741100,1.472800
1,1,90.917944,29.451299,3.131300,29.865999,1.781100
1,1,90.949779,31.835802,2.395100,31.568300,1.737600
1,1,90.982596,32.816600,2.774300,32.515400,1.569700
1,1,91.015006,32.410201,2.915000,32.373402,1.578000
1,1,91.042195,27.188297,2.964800,26.991501,1.592500
1,1,91.072296,30.101400,3.107400,30.481800,1.753400
1,1,91.104943,32.647002,2.837100,32.143299,1.663200
1,1,91.134916,29.972501,3.183800,30.442900,1.921100
1,1,91.166638,31.722900,2.800200,31.799200,1.755100
1,1,91.194911,28.272297,2.589800,27.989500,2.054300
1,1,91.223962,29.051300,3.192600,28.780701,2.010700
1,1,91.256516,32.554202,3.142600,32.421200,2.189900
1,1,91.289922,33.405598,3.287100,33.974400,1.684800
1,1,91.322057,32.135200,2.752900,31.719200,1.780200
1,1,91.354064,32.007400,3.253000,32.173698,1.942900
1,1,91.388475,34.410402,3.114200,33.956299,1.752700
1,1,91.420476,32.000899,3.426600,32.247601,1.639500
1,1,91.452089,31.613000,3.839200,32.030602,1.941300
1,1,91.482310,30.221399,2.876800,30.347700,1.819300
1,1,91.515677,33.366501,2.675400,33.234501,1.641000
1,1,91.549186,33.509601,2.683900,33.573299,1.628500
1,1,91.578578,29.392000,3.135200,28.998699,1.550500
1,1,91.609153,30.574597,3.239200,30.449800,2.050600
1,1,91.641696,32.542903,3.109900,32.694199,1.525500
1,1,91.674896,33.200797,2.947600,33.518902,1.734800
1,1,91.710932,36.035601,2.611100,35.538200,1.633300
1,1,91.740206,29.273402,3.184400,29.448500,1.849000
1,1,91.773052,32.846898,3.028700,32.735100,1.517200
1,1,91.804398,31.345502,2.940700,31.289700,1.485500
1,1,91.835542,31.144299,3.203700,30.568100,1.775900
1,1,91.869895,34.352399,4.541300,35.044399,1.624900
1,1,91.901817,31.922203,3.142100,31.715200,1.817900
1,1,91.934382,32.565400,3.740800,33.072800,2.287900
1,1,91.967459,33.076700,2.704600,32.406300,1.786700
1,1,91.999014,31.554699,3.700600,31.605700,2.853500
1,1,92.030602,31.588100,3.442300,32.163502,1.894400
1,1,92.062494,31.891901,2.709900,31.783600,1.931900
1,1,92.089495,27.001500,2.795100,26.742100,1.999900
1,1,92.121747,32.252397,3.127300,32.208401,1.850800
1,1,92.153114,31.366803,3.566600,31.229300,1.960500
1,1,92.186154,33.040199,3.440200,32.539600,1.647900
1,1,92.216827,30.672900,3.703100,31.635099,2.078900
1,1,92.245296,28.468400,2.810200,28.292999,1.615600
1,1,92.280763,35.467699,2.940200,35.525600,1.510300
1,1,92.306415,25.651399,2.742000,25.718399,1.713200
1,1,92.339193,32.777801,2.861700,32.734798,1.553900
1,1,92.371044,31.850901,2.804100,31.644800,1.362900
1,1,92.402732,31.688601,2.926900,31.685101,1.722500
1,1,92.434037,31.304497,2.846000,31.615000,1.574500
1,1,92.465940,31.903800,2.614100,31.802900,1.394200
1,1,92.491661,25.720600,3.994700,25.714399,1.510800
1,1,92.530232,38.570601,2.744500,38.279701,1.666300
1,1,92.555547,25.315400,2.885100,24.702200,1.371400
1,2,99.699099,27.861401,4.241900,28.749300,1.694800
1,2,99.734701,35.601802,3.236700,35.968601,1.958600
1,2,99.767594,32.893397,2.739500,32.626701,1.641100
1,2,99.801626,34.031801,3.162900,34.120399,1.925500
1,2,99.833739,32.113001,2.995300,32.429001,1.478700
1,2,99.866830,33.091098,2.348600,32.946400,1.518100
1,2,99.899081,32.250702,2.867500,32.105202,1.826100
1,2,99.925975,26.894599,2.696700,26.839100,1.743000
1,2,99.958558,32.582700,2.709000,32.716801,1.558900
1,2,99.988729,30.171398,2.545500,29.124300,1.613600
1,2,100.021732,33.003002,3.953600,33.636398,2.210300
1,2,100.056661,34.928598,4.164000,34.000198,1.686500
1,2,100.090172,33.511002,4.340000,33.584202,1.947400
1,2,100.126001,35.829499,4.298100,36.712799,1.963300
1,2,100.157853,31.851601,3.032400,31.866301,1.786300
1,2,100.189530,31.677600,2.991000,31.077700,1.620800
1,2,100.222499,32.968201,3.816700,33.230400,2.008400
1,2,100.254929,32.430701,3.556700,32.521599,2.018000
1,2,100.288447,33.517797,3.853100,33.780899,2.085900
1,2,100.322686,34.239002,3.897100,34.102798,2.100300
1,2,100.357578,34.891400,2.997700,35.173901,1.799000
1,2,100.397593,40.015798,2.728000,40.230499,1.846700
1,2,100.432885,35.291802,2.443200,35.199299,1.595700
1,2,100.467034,34.148499,2.568200,33.751099,2.008700
1,2,100.503086,36.052302,3.007600,36.161900,1.849800
1,2,100.537553,34.467198,3.048100,34.364201,1.863200
1,2,100.571111,33.557501,2.963100,33.673199,1.867700
1,2,100.603454,32.342900,3.387000,32.545399,1.954800
1,2,100.638941,35.487201,2.827600,34.893398,1.807100
1,2,100.672926,33.985399,3.798900,34.241199,1.858800
1,2,100.707865,34.939200,2.939600,35.194199,1.808300
1,2,100.739174,31.309001,3.010000,31.146799,1.546900
1,2,100.773308,34.134001,2.765500,34.253700,1.598800
1,2,100.805763,32.455098,2.703200,32.035198,1.536300
1,2,100.838087,32.323100,3.124000,32.093300,1.927600
1,2,100.871524,33.437703,4.205100,34.007801,1.609600
1,2,100.904993,33.468798,3.266100,33.047298,1.904700
1,2,100.938788,33.794500,3.879300,33.669201,1.920000
1,2,100.969764,30.976500,3.602000,31.404900,2.044400
1,2,101.003627,33.862602,3.449900,33.735500,1.864600
1,2,101.040459,36.832400,3.389800,36.410599,1.824000
1,2,101.073386,32.927200,4.170500,32.836102,2.512700
1,2,101.107334,33.947397,4.214100,33.846600,2.084900
1,2,101.140945,33.611704,3.946400,32.975399,1.921000
1,2,101.176306,35.360299,4.851900,36.428699,2.055100
1,2,101.209557,33.251800,3.804600,33.512600,1.776500
1,2,101.250350,40.792599,2.638000,41.023800,1.725300
1,2,101.287218,36.868200,2.653000,36.491199,1.767300
1,2,101.320400,33.181902,3.124800,33.258999,1.741000
1,2,101.352111,31.710699,3.019000,32.268700,1.735900
1,2,101.386783,34.671798,2.502200,33.824799,1.634000
1,2,101.418402,31.619102,3.119800,31.736700,1.837000
1,2,101.451368,32.965999,3.025500,33.244701,1.766000
1,2,101.484504,33.135701,2.632300,32.790699,1.602200
1,2,101.517109,32.605998,3.137200,32.962399,1.633400
1,2,101.550402,33.292502,3.222300,33.514301,1.658300
1,2,101.583659,33.257097,2.528500,32.755699,1.961900
1,2,101.617520,33.860501,3.068100,34.099098,1.886200
1,2,101.646855,29.335100,2.780600,29.389299,1.871600
1,2,101.687468,40.612802,2.843900,40.329300,1.648000
1,2,101.718741,31.273097,3.844100,31.534201,1.709800
1,2,101.750909,32.168303,2.856900,31.652700,1.585300
1,2,101.783713,32.804299,3.107900,33.242401,2.189700
1,2,101.816618,32.904498,2.691500,32.619801,1.951100
1,2,101.851286,34.668002,3.138500,34.825699,1.756600
1,2,101.885405,34.119099,2.954800,34.188400,1.722300
1,2,101.917797,32.392401,2.869800,32.501999,1.697200
1,2,101.951474,33.676799,2.483200,33.550098,2.258800
1,2,101.984274,32.800198,2.668400,32.974800,1.672400
1,2,102.018317,34.043103,2.508700,33.692101,1.488000
1,2,102.051476,33.158999,2.825400,33.266602,1.679700
1,2,102.084440,32.963701,2.757400,32.615002,1.728300
1,2,102.116728,32.288197,2.971900,32.393902,1.474100
1,2,102.148946,32.218102,2.984100,32.447300,1.605700
1,2,102.176847,27.900700,2.743200,27.983601,1.947100
1,2,102.216906,40.059399,2.488600,39.902000,1.447000
1,2,102.242932,26.025902,2.929100,26.050501,1.901100
1,2,102.277040,34.107700,2.784800,34.175098,1.553900
1,2,102.310747,33.706900,2.602500,33.436901,1.831200
1,2,102.345753,35.006598,2.973300,35.300301,1.805700
1,2,102.382666,36.912400,2.641100,36.651798,1.552800
1,2,102.410287,27.620800,3.104900,27.326900,1.668100
1,2,102.443400,33.112999,3.107900,33.614899,1.680200
1,2,102.478754,35.354700,2.604700,35.278500,1.904200
1,2,102.509058,30.303303,2.707300,30.280600,1.900900
1,2,102.540957,31.899299,3.097500,31.897900,1.962200
1,2,102.573754,32.797199,2.844600,31.848000,1.748700
1,2,102.606340,32.585502,4.000200,33.234299,1.962000
1,2,102.641571,35.231497,3.024800,35.380402,1.797800
1,2,102.676836,35.264600,2.895500,31.443100,1.470900
1,2,102.707430,30.594002,7.223000,33.202400,1.744300
1,2,102.738706,31.275999,4.255900,31.964199,2.416700
1,2,102.773494,34.788102,4.092900,34.719601,2.214200
1,2,102.807077,33.582997,3.987200,33.940498,1.648000
1,2,102.840466,33.389203,2.971500,32.922100,1.798900
1,2,102.873579,33.113297,3.503200,33.403198,1.720700
1,2,102.907113,33.534102,3.521400,33.726398,1.889700
1,2,102.939444,32.330200,3.138600,32.197201,1.728600
1,2,102.973599,34.155298,3.490700,33.678699,2.066000
1,2,103.006492,32.892700,3.899600,33.014801,2.006500
1,2,103.039625,33.132803,3.439700,33.398800,1.914200
1,2,103.072235,32.609999,3.009400,32.643200,2.088500
1,2,103.105964,33.729099,3.084100,33.501999,2.032600
1,2,103.139996,34.032900,3.233700,34.037701,1.867400
1,2,103.172971,32.974701,3.330400,32.964100,2.561700
1,2,103.204988,32.016698,3.401100,31.988100,1.858400
1,2,103.238551,33.562999,3.423500,33.402500,2.082400
1,2,103.273375,34.824502,3.630900,34.223400,1.952200
1,2,103.306531,33.155300,4.212900,33.995701,1.803800
1,2,103.339222,32.691300,3.112600,32.468601,1.908700
1,2,103.373508,34.286398,3.466900,33.944801,2.324700
1,2,103.404177,30.668601,4.236800,31.156300,2.225000
1,2,103.437270,33.093199,4.018600,32.618698,1.895800
1,2,103.469300,32.030001,4.565100,32.526100,2.050900
1,2,103.502672,33.371899,3.698300,33.306198,2.275200
1,2,103.535459,32.786701,3.565600,32.195400,2.211000
1,2,103.568880,33.421502,4.103300,34.072701,2.089700
1,2,103.598804,29.923499,3.258300,29.504101,1.992100
1,2,103.634336,35.532601,3.890200,35.905300,2.550300
1,2,103.659839,25.502298,3.871200,25.332701,2.237000
1,2,103.692644,32.805499,3.840700,32.586601,2.310900
1,2,103.725883,33.238403,3.674500,32.814499,1.798600
1,2,103.759490,33.607397,4.154100,33.966499,2.255000
1,2,103.792702,33.211801,3.952100,33.741798,2.361400
1,2,103.826994,34.292098,3.358300,34.493099,2.104100
1,2,103.858072,31.077903,2.831400,30.225500,1.753900
1,2,103.890095,32.022700,3.909700,32.266399,2.454200
1,2,103.923842,33.747800,3.753700,33.509701,2.136200
1,2,103.957418,33.575598,3.891100,33.837898,2.256800
1,2,103.991073,33.655100,3.561100,33.664501,2.281600
1,2,104.023670,32.596800,3.809100,32.839100,2.441000
1,2,104.056133,32.463301,3.304300,32.148499,2.293500
1,2,104.090018,33.885099,3.820800,33.830502,2.228400
1,2,104.123616,33.598199,3.579300,33.478401,2.359800
1,2,104.157077,33.460900,3.931700,33.798698,2.263400
1,2,104.191565,34.487400,3.242200,33.751099,1.930800
1,2,104.223485,31.920701,4.221800,32.408100,1.975100
1,2,104.256193,32.707602,3.399500,32.813900,1.934500
1,2,104.290530,34.336999,3.197200,34.505501,1.920800
1,2,104.323614,33.084400,3.175700,32.040298,2.198700
1,2,104.354639,31.024698,4.275500,31.538601,2.151600
1,2,104.387858,33.218402,3.915600,33.853401,2.126200
1,2,104.422065,34.207597,3.375000,34.151402,2.103000
1,2,104.456462,34.397200,3.302300,34.066898,2.062900
1,2,104.488013,31.550303,4.408700,31.444000,2.165500
1,2,104.521270,33.257399,3.984200,33.078899,1.942800
1,2,104.554355,33.084698,4.189600,33.237499,1.987800
1,2,104.588198,33.843502,3.958200,34.444099,2.290100
1,2,104.622748,34.549899,2.951400,34.125198,1.880000
1,2,104.656866,34.118399,3.110500,33.292400,1.634700
1,2,104.688642,31.775203,4.144400,32.381901,1.909400
1,2,104.723094,34.452699,3.649300,32.858700,2.149200
1,2,104.755941,32.846700,5.378700,34.027599,1.946000
1,2,104.791920,35.979200,4.060200,35.639000,1.800400
1,2,104.824212,32.291800,4.255700,33.298500,1.973700
1,2,104.858498,34.285501,3.045900,34.533699,1.620700
1,2,104.892368,33.870596,2.858900,33.556499,1.729400
1,2,104.926117,33.748601,3.353900,33.547001,1.777400
1,2,104.959527,33.410300,3.631600,33.519798,2.058900
1,2,104.992293,32.765701,3.244900,33.270100,1.930100
1,2,105.025323,33.029899,3.198600,32.796398,1.499400
1,2,105.057597,32.273900,3.040200,32.199200,1.919100
1,2,105.092645,35.048902,3.359300,34.932499,1.864000
1,2,105.134282,41.636400,3.071000,41.674900,2.149000
1,2,105.168993,34.711000,3.409600,35.165501,1.778100
1,2,105.205835,36.842100,2.802800,36.086399,1.589000
1,2,105.242603,36.768299,3.555100,37.280899,1.766200
1,2,105.276033,33.429302,2.884000,33.070099,1.785900
1,2,105.306897,30.864198,3.203400,31.019300,1.871400
1,2,105.342947,36.049902,3.144100,36.356701,1.992600
1,2,105.383228,40.280998,2.682000,40.043598,1.846500
1,2,105.409929,26.701801,3.119200,26.905701,1.644300
1,2,105.442416,32.486301,2.566300,32.287201,1.881200
1,2,105.473856,31.439800,2.770300,31.502800,1.530700
1,2,105.507711,33.855401,2.683400,33.438499,1.927600
1,2,105.541087,33.375800,3.423700,34.038399,1.664300
1,2,105.574216,33.129700,2.395000,32.669998,2.042900
1,2,105.606481,32.264400,2.872300,32.400299,1.742000
1,2,105.641863,35.381600,2.989700,35.389198,1.946600
1,2,105.675133,33.270597,2.706600,32.916199,1.604700
1,2,105.709933,34.800000,3.420100,35.299900,1.771500
1,2,105.750458,40.525399,2.769400,40.277302,1.717000
1,2,105.787102,36.643803,3.273200,36.586300,1.694200
1,2,105.822398,35.295997,3.018700,34.989601,1.770200
1,2,105.856675,34.277100,3.610100,34.466499,1.962900
1,2,105.889871,33.195801,3.178000,33.104900,1.932100
1,2,105.923043,33.171400,3.080700,33.122200,1.780500
1,2,105.958685,35.642698,3.392000,36.105202,1.994300
1,2,105.991960,33.275101,2.628600,33.287300,1.949700
1,2,106.026701,34.740899,2.598300,34.824699,1.661500
1,2,106.062595,35.893902,2.572500,35.652100,1.630900
1,2,106.098935,36.340300,3.231300,36.134602,1.409500
1,2,106.129283,30.347500,3.331700,30.322800,1.590300
1,2,106.159954,30.670799,3.070300,30.632000,1.591700
1,2,106.192593,32.639500,3.144700,32.782799,1.665100
1,2,106.225987,33.394102,2.931900,33.216900,1.536600
1,2,106.258816,32.828100,2.892200,33.205700,1.368600
1,2,106.293022,34.206498,2.571400,33.927299,1.688300
1,2,106.324595,31.573199,2.920000,31.539301,1.882300
1,2,106.358881,34.285601,2.986400,34.191299,1.799600
1,2,106.392515,33.634201,3.355100,33.853199,1.717000
1,2,106.424767,32.251898,2.829500,31.982500,1.996900
1,2,106.458442,33.674702,3.735800,33.674500,2.177900
1,2,106.493812,35.370398,3.408900,35.763000,1.997600
1,2,106.528394,34.582101,2.603000,34.670399,1.653100
1,2,106.566270,37.876099,2.559500,37.892502,1.551000
1,2,106.593879,27.608301,2.721000,27.315500,1.569000
1,2,106.627079,33.200700,2.856400,33.413200,1.685300
1,2,106.665822,38.743299,2.418100,38.415001,1.577600
1,2,106.699787,33.964101,2.802900,33.813202,2.008300
1,2,106.732830,33.043500,3.354900,33.462299,1.673000
1,2,106.766186,33.355601,2.627800,33.409801,1.446300
1,2,106.800015,33.829696,2.551200,33.515701,1.859200
1,2,106.827042,27.026303,2.862200,27.033001,1.550400
1,2,106.860161,33.119198,2.820200,33.425598,1.561000
1,2,106.893786,33.625200,2.431000,33.563599,1.705500
1,2,106.925283,31.496599,2.482000,31.380400,1.669500
1,2,106.958693,33.410501,2.662900,33.209000,1.831800
1,2,106.991121,32.428000,2.912500,32.769001,1.572200
1,2,107.023638,32.516502,2.546100,32.124001,1.333600
1,2,107.057150,33.512000,2.861200,33.459202,1.802700
1,2,107.088664,31.514399,3.061700,31.511600,1.718600
1,2,107.121542,32.877699,2.937600,32.995899,1.669000
1,2,107.154150,32.608602,2.830300,32.546501,1.644400
1,2,107.188001,33.850498,3.145700,33.518799,1.575900
1,2,107.221008,33.007100,3.977400,33.390400,2.037500
1,2,107.255625,34.616802,2.952100,34.124802,1.861600
1,2,107.289866,34.240898,3.386100,34.767399,1.835800
1,2,107.319324,29.457901,2.797600,29.825899,1.929000
1,2,107.353246,33.922199,2.265100,33.602501,1.772800
1,2,107.387699,34.453701,2.804200,34.053398,1.902600
1,2,107.421912,34.212600,3.900200,33.734100,1.721200
1,2,107.455327,33.415198,4.017600,34.028801,1.774300
1,2,107.489661,34.333602,3.546000,33.948898,1.974800
1,2,107.523061,33.400100,3.937100,33.585499,1.918100
1,2,107.557459,34.397598,3.338900,33.346901,1.894400
1,2,107.589500,32.041300,4.161300,32.034599,1.866500
1,2,107.621636,32.136500,4.254800,33.473400,1.821900
1,2,107.655904,34.268100,2.798700,34.105900,1.961600
1,2,107.688758,32.853302,3.335300,32.585300,2.097800
1,2,107.720078,31.320501,3.474500,31.646999,2.048900
1,2,107.758886,38.808197,3.771300,34.544102,1.639400
1,2,107.790700,31.813301,8.289600,34.954300,1.927500
1,2,107.822108,31.408399,4.135900,32.193802,1.783800
1,2,107.856423,34.315102,3.612500,34.165298,2.488500
1,2,107.889285,32.862101,4.984300,32.604801,1.804900
1,2,107.921914,32.628700,4.189700,32.082298,2.595000
1,2,107.955080,33.165798,4.293800,34.050499,1.907700
1,2,107.988158,33.077702,3.975800,32.973701,2.175600
1,2,108.019538,31.380400,4.082400,31.946699,1.747500
1,2,108.052665,33.126898,2.970800,33.306900,1.724000
1,2,108.086823,34.157701,2.707800,33.881100,2.116500
1,2,108.118666,31.843901,3.234300,31.923500,1.560600
1,2,108.151278,32.611500,3.251700,32.117500,1.704200
1,2,108.182947,31.669497,3.190200,32.168800,1.392500
1,2,108.212711,29.763602,2.941500,29.548100,1.395400
1,2,108.243137,30.426398,3.256700,30.324499,1.915300
1,2,108.282655,39.518002,3.091300,39.756199,1.983000
1,2,108.310141,27.485501,3.009400,26.974199,1.864200
1,2,108.334965,24.823897,3.400700,24.752399,2.078500
1,2,108.363829,28.863803,4.567300,28.893801,2.294200
1,2,108.391172,27.343299,4.379400,27.519699,2.353500
1,2,108.418401,27.229000,3.331500,27.251101,2.053400
1,2,108.447378,28.976999,3.254300,28.872801,2.366200
1,2,108.476951,29.572502,3.276600,29.395100,2.366100
1,2,108.504877,27.926199,3.874700,27.790899,2.253800
1,2,108.531722,26.845500,4.174500,27.191200,2.396200
1,2,108.565429,33.707000,3.898500,32.990398,2.264200
1,2,108.592990,27.560301,4.823400,27.570101,2.558900
1,2,108.621840,28.850600,5.290700,28.879499,2.242500
1,2,108.650456,28.616399,4.191900,29.109200,2.507600
1,2,108.677134,26.677601,4.148000,26.829399,2.864600
1,2,108.705607,28.472599,3.469200,28.009800,2.104200
1,2,108.731948,26.340902,3.892900,26.806101,2.587600
1,2,108.765286,33.337999,3.535100,32.841400,2.380000
1,2,108.793519,28.232999,4.510900,28.552299,3.287200
1,2,108.823631,30.112401,4.115700,29.991199,2.761300
1,2,108.856795,33.163898,4.367800,32.230801,2.065400
1,2,108.883884,27.088802,5.380500,26.877701,4.198700
1,2,109.117730,233.846698,5.906700,235.506195,4.083000
1,2,109.148358,30.627500,4.658900,29.899599,2.504100
1,2,109.177708,29.350299,3.767700,29.714399,2.631100
1,2,109.206734,29.025704,3.308600,28.712999,2.511900
1,2,109.233089,26.355598,3.705200,26.809500,2.867500
1,2,109.263592,30.502900,4.765300,30.358900,2.219900
1,2,109.291733,28.140601,3.452500,27.993099,2.399800
1,2,109.319892,28.159101,3.288100,28.213900,2.049700
1,2,109.347052,27.160000,3.038400,27.088900,2.147800
1,2,109.375911,28.859198,3.216000,28.855801,2.408300
1,2,109.405098,29.186700,3.509300,29.189501,1.928500
1,2,109.432269,27.170502,3.057800,27.059401,1.921300
1,2,109.457105,24.836797,3.421800,25.191999,2.058400
1,2,109.486186,29.080503,3.308900,28.641800,2.133800
1,2,109.513708,27.522698,3.847400,27.576099,1.877900
1,2,109.543676,29.967003,3.903500,30.084200,2.111100
1,2,109.572444,28.768599,3.333200,28.551600,2.026100
1,2,109.601434,28.990198,3.806400,29.107401,2.286800
1,2,109.629308,27.874101,3.315000,27.649200,2.231300
1,2,109.659192,29.883802,3.361000,29.986799,2.061900
1,2,109.689515,30.323200,3.473800,30.321600,2.194000
1,2,109.719292,29.776998,3.731500,29.695299,2.042100
1,2,109.746894,27.601600,3.989900,27.562201,2.236800
1,2,109.774600,27.706102,4.945500,27.661100,2.182900
1,2,109.805771,31.171098,4.005500,30.964500,2.627100
1,2,109.834682,28.910801,4.071200,29.070499,1.987400
1,2,109.861547,26.865501,3.758300,27.335699,2.235900
1,2,109.891754,30.206800,3.305500,30.117901,2.274800
1,2,109.919265,27.510900,2.891700,27.466499,1.671700
1,2,109.946489,27.223501,3.430700,27.314699,1.921800
1,2,109.977794,31.305797,3.193300,31.228701,2.221900
1,2,110.006622,28.827801,3.365600,29.121401,1.726800
1,2,110.036928,30.305699,2.784700,29.904800,1.881400
1,2,110.065416,28.487802,3.261300,28.803801,1.893900
1,2,110.092391,26.974801,3.131300,27.081699,1.788000
1,2,110.120387,27.996399,2.692000,27.757099,1.602800
1,2,110.148769,28.382000,3.085500,28.314800,2.786100
1,2,110.176355,27.586501,3.132100,27.405100,1.718400
1,2,110.203556,27.200900,3.080700,27.338400,1.621800
1,2,110.233526,29.969998,3.052300,29.922600,1.957600
1,2,110.260673,27.146600,3.364000,27.302799,2.051800
1,2,110.288298,27.625103,3.141800,27.653900,2.159900
1,2,110.317411,29.113300,3.016100,29.157101,2.061500
1,2,110.345009,27.597599,3.017200,27.439899,1.800700
1,2,110.372401,27.392399,3.013000,27.306101,1.803600
1,2,110.399698,27.296800,3.153500,27.225401,2.149700
1,2,110.426926,27.227603,3.381100,27.384001,1.852600
1,2,110.456478,29.552698,3.258400,29.268900,2.090000
1,2,110.483265,26.786402,3.248000,27.029600,2.064400
1,2,110.511467,28.201699,3.158800,27.810301,1.950800
1,2,110.538953,27.486399,3.519900,27.705299,2.269500
1,2,110.567312,28.359201,3.321900,27.690599,2.013900
1,2,110.595321,28.009199,3.990500,28.364500,2.382400
1,2,110.622545,27.223501,4.177300,27.559401,2.663500
1,2,110.649517,26.971698,3.351200,26.733999,2.193400
1,2,110.676714,27.197901,3.554900,27.142500,2.329400
1,2,110.706112,29.397700,3.498900,29.299299,2.260300
1,2,110.733929,27.816601,4.209900,27.873100,2.274500
1,2,110.761258,27.329400,4.058800,27.458000,2.340800
1,2,110.789995,28.737001,3.914300,28.656700,2.265400
1,2,110.817346,27.350798,3.632900,27.257999,2.563400
1,2,110.846336,28.990500,5.275700,28.889999,3.300200
1,2,110.873092,26.755899,4.306900,27.129400,2.767000
1,2,110.899848,26.755102,3.971700,26.714199,2.506200
1,2,110.929696,29.848799,3.287800,28.530701,2.586400
1,2,110.956639,26.942801,5.090500,27.772400,3.133200
1,2,110.984568,27.928799,4.070200,27.628799,3.282900
1,2,111.014397,29.828802,5.399700,29.098000,3.613200
1,2,111.039293,24.895899,6.211200,26.210600,3.597900
1,2,111.067877,28.584801,4.595900,28.120001,2.684100
1,2,111.095600,27.722899,4.452200,28.162600,2.144600
1,2,111.122325,26.724901,3.600500,26.720699,2.533700
1,2,111.151516,29.190898,3.761500,29.123400,2.703500
1,2,111.178211,26.695300,3.926200,26.935400,2.582000
1,2,111.207499,29.288001,3.453400,29.114799,2.679300
1,2,111.234125,26.625998,3.495300,26.412399,2.900300
1,2,111.263384,29.258300,3.752400,29.234301,2.585000
1,2,111.290645,27.261201,4.096200,27.596500,3.326700
1,2,111.318205,27.560402,3.992500,27.496300,2.516300
1,2,111.344417,26.211400,3.514300,26.103701,2.652800
1,2,111.372828,28.411299,3.533200,28.329399,2.567500
1,2,111.401612,28.783999,4.134100,28.945101,2.463500
1,2,111.428860,27.247701,3.387900,26.844400,2.552300
1,2,111.458175,29.315799,3.779800,29.426701,2.347100
1,2,111.484703,26.527300,3.923800,26.645000,2.641800
1,2,111.511806,27.103100,3.915500,27.236799,2.443400
1,2,111.538367,26.561499,3.574800,26.420601,2.404200
1,2,111.565863,27.495600,3.362900,27.826700,2.502400
1,2,111.594757,28.893899,2.948700,28.281099,2.879800
1,2,111.621230,26.473001,3.693600,26.912001,2.305600
1,2,111.650483,29.253103,3.176500,29.207100,2.229300
1,2,111.677807,27.323600,3.865800,26.919201,2.187600
1,2,111.706808,29.001698,3.668500,29.103600,2.697700
1,2,111.735486,28.677300,3.682100,28.887800,2.555100
1,2,111.762941,27.455799,3.295300,27.595400,1.932400
1,2,111.789898,26.956800,3.136000,27.010599,2.328000
1,2,111.816537,26.638400,2.947700,26.463200,1.912500
1,2,111.843870,27.333301,3.790800,27.280899,2.038800
1,2,111.872611,28.741300,3.371200,28.937599,1.942100
1,2,111.900879,28.268002,2.953300,28.247801,1.954000
1,2,111.927737,26.857998,2.956500,27.098801,1.925100
1,2,111.955228,27.490500,2.723800,27.123501,1.944100
1,2,111.981854,26.626799,3.119200,26.692200,2.126700
1,2,112.008876,27.021002,3.423300,26.964500,1.771100
1,2,112.036420,27.544800,3.120600,27.527800,1.994300
1,2,112.065246,28.825700,3.099800,28.062500,2.145200
1,2,112.092015,26.769098,22.569500,26.988100,2.908000
1,2,112.120336,28.321400,11.345700,28.151699,3.111400
1,2,112.148031,27.694602,7.291200,27.919701,2.704000
1,2,112.174109,26.077498,7.995700,26.088800,2.636900
1,2,112.202108,27.999800,8.024000,27.123899,3.117500
1,2,112.230326,28.217901,9.618300,28.532499,2.427500
1,2,112.258238,27.911302,6.181200,28.224100,2.638000
1,2,112.284093,25.855698,9.088900,25.194099,2.661300
1,2,112.310364,26.270900,5.688900,27.132700,2.367000
1,2,112.339212,28.848302,4.149800,28.184299,2.343300
1,2,112.367682,28.469101,5.269300,28.752899,2.423600
1,2,112.395936,28.254099,5.129400,28.504200,2.694600
1,2,112.424260,28.324500,4.824800,28.562799,3.000400
1,2,112.453502,29.241901,4.220700,28.960699,2.555100
1,2,112.514735,61.232500,5.243800,27.443501,3.004000
1,2,112.532877,18.142398,50.510899,27.443501,2.474500
1,2,112.547528,14.651000,11.092800,17.445601,2.474500
1,2,112.564139,16.610600,5.587400,25.261999,2.725500
1,2,112.590929,26.790399,4.842600,28.723600,2.830600
1,2,112.618464,27.534902,4.494500,27.663099,3.293700
1,2,112.646645,28.181501,4.103900,27.833300,2.562000
1,2,112.675662,29.016498,4.609600,28.598801,3.037200
1,2,112.706022,30.359901,5.989200,29.022800,2.699500
1,2,112.732985,26.962899,6.841400,28.316601,2.529000
1,2,112.759458,26.473101,5.112300,26.749100,2.249700
1,2,112.789670,30.212600,4.643600,29.737200,2.405100
1,2,112.820769,31.098999,4.719000,26.644501,2.418200
1,2,112.843333,22.563402,11.108900,25.563801,2.256100
1,2,112.872311,28.977796,8.007300,30.936001,3.902900
1,2,112.901887,29.576201,5.304000,28.995300,3.126600
1,2,112.942638,40.751699,5.505500,41.846901,2.644900
1,2,112.972975,30.336700,5.995800,28.804701,2.678200
1,2,113.002255,29.279903,4.568800,30.515800,2.610100
1,2,113.031893,29.637799,4.008300,29.727800,2.671200
1,2,113.064404,32.510899,4.066400,31.904800,2.264100
1,2,113.093381,28.976902,4.743600,29.318399,2.458500
1,2,113.123193,29.812299,6.284200,28.828300,2.466700
1,2,113.156056,32.862898,6.370500,32.070702,2.725100
1,2,113.183939,27.883101,6.955800,29.313601,3.194000
1,2,113.216472,32.533500,5.761200,31.940701,3.032300
1,2,113.250278,33.805300,6.302900,33.946701,2.979600
1,2,113.281603,31.324901,7.718600,31.559401,2.958600
1,2,113.315721,34.118701,6.318200,33.953499,2.771500
1,2,113.343597,27.875800,24.310101,27.209900,3.042900
1,2,113.373167,29.569700,5.707800,30.463100,3.180800
1,2,113.402741,29.574100,5.902600,29.828899,2.556700
1,2,113.431196,28.455399,4.448200,28.216900,2.400000
1,2,113.458757,27.560800,5.175800,27.639200,2.247200
1,2,113.493715,34.957699,5.905800,34.100700,2.049500
1,2,113.521342,27.627099,5.652300,28.025299,2.473200
1,2,113.554594,33.251800,5.408600,32.155399,3.220600
1,2,113.584338,29.744003,6.684900,31.217199,2.947300
1,2,113.614637,30.298997,6.150300,30.311899,2.797700
1,2,113.641842,27.205702,5.615400,27.101500,2.659100
1,2,113.674673,32.830998,5.127400,31.128300,2.783700
1,2,113.703268,28.594103,6.581300,29.356800,3.027600
1,2,113.729356,26.088897,6.570100,26.381001,3.176400
1,2,113.759497,30.140303,5.790700,30.814301,3.306500
1,2,113.786941,27.443800,4.976100,27.584801,2.989700
1,2,113.814791,27.850397,4.514200,26.305799,2.827300
1,2,113.840954,26.163500,8.746600,26.353600,2.687300
1,2,113.866928,25.973301,6.148000,27.375799,2.624200
1,2,113.892080,25.152601,8.862500,25.770700,2.861500
1,2,113.923720,31.639397,3.800900,28.848900,2.633400
1,2,113.952227,28.506801,6.292500,29.960800,2.550200
1,2,113.978031,25.804900,5.263100,26.425699,2.547800
1,2,114.004910,26.878800,4.882700,26.812300,3.443500
1,2,114.033002,28.091300,4.480600,28.485600,2.774600
1,2,114.061347,28.345101,4.643100,27.819700,2.907800
1,2,114.091075,29.728301,5.605100,28.701500,2.571200
1,2,114.122447,31.372398,5.445400,31.800501,2.440600
1,2,114.151717,29.269703,6.158900,29.687000,2.584200
1,2,114.182608,30.891199,5.042200,31.118999,2.598800
1,2,114.210746,28.138001,4.708100,28.447001,2.513500
1,2,114.239717,28.970499,4.196600,28.912600,2.849900
1,2,114.267611,27.894299,3.737700,27.585899,2.415300
1,2,114.297142,29.531401,4.424000,29.447800,2.137600
1,2,114.325733,28.590903,3.847600,28.555799,2.541100
1,2,114.352597,26.863698,5.263900,27.221901,2.326800
1,2,114.381129,28.531499,3.491100,28.371201,2.570600
1,2,114.413408,32.279700,3.594500,31.826000,2.263400
1,2,114.441416,28.007500,4.455900,28.630199,2.482500
1,2,114.467437,26.021000,3.673700,26.275101,2.334700
1,2,114.493685,26.248001,3.174000,25.454201,1.865300
1,2,114.519869,26.184201,3.815400,26.852501,2.095100
1,2,114.549111,29.242199,3.260300,28.918501,1.772100
1,2,114.576333,27.221400,4.009400,27.663500,1.956800
1,2,114.606046,29.713500,3.198700,29.421600,2.157700
1,2,114.633833,27.786501,3.915200,27.835600,1.687400
1,2,114.665214,31.381201,3.228000,31.023600,1.818700
1,2,114.690075,24.860997,3.394000,25.365299,1.972200
1,2,114.718890,28.815102,2.945300,28.852699,1.907300
1,2,114.746748,27.858101,3.254200,27.904499,1.884100
1,2,114.772291,25.543097,2.864200,25.206600,2.113200
1,2,114.803461,31.169701,3.186500,29.882700,1.961000
1,2,114.832032,28.571300,5.023200,29.477301,2.890900
1,2,114.861444,29.411800,4.517000,28.445499,2.396800
1,2,114.888352,26.907798,5.312700,28.031500,2.107700
1,2,114.916545,28.193202,4.545800,28.743999,2.161300
1,2,114.944189,27.643900,2.865100,27.276300,2.308500
1,2,114.970649,26.460301,3.298500,26.799500,1.716600
1,2,114.998102,27.452897,2.887200,27.343599,2.095900
1,2,115.026716,28.613701,2.855100,28.586000,2.078900
1,2,115.054374,27.658798,2.807200,27.675400,2.327800
1,2,115.084080,29.705502,3.015400,29.527500,2.073300
1,2,115.112716,28.636299,3.075400,29.007299,1.885700
1,2,115.142453,29.736802,2.680100,29.591600,1.824300
1,2,115.169921,27.468298,3.187300,27.072901,2.412500
1,2,115.197241,27.319800,4.044400,27.485201,1.956100
1,2,115.226417,29.175501,3.756200,28.943001,2.055300
1,2,115.256273,29.856700,3.636100,29.809401,1.880800
1,2,115.284934,28.660901,3.276600,28.721701,2.093400
1,2,115.314724,29.790100,3.410000,29.872900,2.151500
1,2,115.341340,26.615597,3.258400,26.730801,2.066700
1,2,115.369400,28.060403,3.135900,27.866501,1.640200
1,2,115.397575,28.175000,3.075200,28.516899,1.717300
1,2,115.424994,27.418800,2.972700,27.364700,1.794500
1,2,115.450563,25.568597,3.359900,25.427999,1.800100
1,2,115.477636,27.073003,2.987400,27.110901,2.016600
1,2,115.506154,28.518099,2.891500,28.557899,1.501500
1,2,115.533402,27.247798,2.865100,27.197901,1.544100
1,2,115.562681,29.279400,3.125200,29.141701,1.808900
1,2,115.589398,26.717201,3.686100,26.829800,1.832600
1,2,115.616528,27.130201,2.959800,27.279800,1.822100
1,2,115.646366,29.837899,3.324100,29.460199,1.886600
1,2,115.674165,27.798701,4.254700,26.989599,2.042200
1,2,115.701085,26.919998,4.492000,27.359800,2.200600
1,2,115.731505,30.419599,5.566400,29.925400,2.167500
1,2,115.758296,26.791200,4.949800,27.568899,2.232300
1,2,115.787915,29.618900,4.025500,28.786699,2.496200
1,2,115.813359,25.444102,5.114000,26.282600,2.735200
1,2,115.841276,27.916700,5.102000,27.612101,2.559100
1,2,115.869150,27.874600,4.116500,28.314699,1.851500
1,2,115.896130,26.979301,4.485700,27.017900,1.986100
1,2,115.926667,30.537099,3.386900,29.337400,1.881000
1,2,115.956087,29.420100,4.942800,30.397800,2.018200
1,2,115.982968,26.881699,3.491900,26.707399,2.242200
1,2,116.012500,29.531900,3.820400,29.613899,2.003000
1,2,116.040919,28.418701,3.169500,28.530899,2.199000
1,2,116.069002,28.082702,3.231900,28.143801,2.141700
1,2,116.099508,30.506000,3.331300,30.051300,2.048500
1,2,116.129208,29.700398,3.600600,29.647100,2.130200
1,2,116.155048,25.839899,3.630500,26.095100,2.465800
1,2,116.182814,27.766101,3.585700,27.789700,2.319000
1,2,116.211705,28.890900,3.445000,28.930500,2.254300
1,2,116.238670,26.965100,3.264100,26.645300,2.518100
1,2,116.267802,29.132400,3.705100,29.260799,2.320800
1,2,116.294833,27.030502,4.215500,26.995300,2.247400
1,2,116.321513,26.679900,3.770800,26.480499,2.305300
1,2,116.348804,27.291398,3.925300,27.101000,2.181500
1,2,116.375872,27.067401,4.012800,27.400900,2.535000
1,2,116.404476,28.604001,3.813900,28.798901,2.310400
1,2,116.431401,26.925698,3.684000,26.984501,2.148700
1,2,116.460272,28.870802,3.867000,28.666401,1.948400
1,2,116.487649,27.376499,3.921900,27.273199,2.238200
1,2,116.516215,28.566599,3.747900,28.882900,2.319100
1,2,116.543175,26.959799,3.219300,26.837099,1.869600
1,2,116.570720,27.544703,3.318600,27.765600,2.019500
1,2,116.598031,27.310997,3.083500,27.122999,1.971700
1,2,116.627314,29.282901,3.111900,29.474501,1.667400
1,2,116.654570,27.256798,2.977900,27.265699,1.600000
1,2,116.682228,27.658001,2.951300,27.090700,2.116100
1,2,116.708984,26.755102,3.626400,27.431101,1.735800
1,2,116.737842,28.858099,2.996800,28.773600,2.029200
1,2,116.766254,28.412100,2.729600,27.977800,1.711300
1,2,116.793321,27.067300,3.116900,27.421801,1.823500
1,2,116.820617,27.295999,2.880900,27.018299,1.673700
1,2,116.847719,27.102001,3.184700,27.520700,1.892700
1,2,116.874941,27.222101,2.579100,27.270201,1.748300
1,2,116.905450,30.508500,2.645100,30.209000,1.680300
1,2,116.932419,26.969600,2.848000,27.056200,1.590300
1,2,116.959689,27.269401,2.861800,27.224701,1.431900
1,2,116.986950,27.261399,2.820800,27.277599,1.602200
1,2,117.014936,27.985498,2.756500,27.653099,1.602600
1,2,117.042137,27.201001,3.014700,27.427299,1.622200
1,2,117.068826,26.689302,2.900700,26.844200,1.418400
1,2,117.096184,27.358200,2.664700,27.504101,1.464300
1,2,117.125776,29.591598,2.561100,29.332199,1.441200
1,2,117.153516,27.740199,2.993400,27.848499,1.630000
1,2,117.185064,31.548303,2.620300,31.489201,1.883400
1,2,117.212114,27.050100,2.713700,26.964199,1.656000
1,2,117.239258,27.143799,2.918000,27.341200,1.507700
1,2,117.267303,28.044499,2.866400,27.849701,1.591000
1,2,117.298840,31.537399,2.862500,31.302500,1.933800
1,2,117.326084,27.244002,2.890000,27.326300,1.598400
1,2,117.357528,31.444300,3.045900,31.265200,1.663600
1,2,117.384539,27.010299,3.186400,27.216400,2.023000
1,2,117.411308,26.769299,3.157000,27.005800,1.999000
1,2,117.441317,30.009400,3.028900,29.281099,1.442400
1,2,117.466488,25.170900,3.286700,25.419800,1.379700
1,2,117.495393,28.904803,2.983600,28.762400,1.389200
1,2,117.524664,29.270697,3.490900,29.544800,1.520800
1,2,117.552009,27.345501,2.979100,27.283701,1.554700
1,2,117.579406,27.397100,2.980600,27.510900,1.434800
1,2,117.607066,27.659800,3.019900,27.688400,1.613400
1,2,117.635605,28.539199,2.799400,28.674500,1.752200
1,2,117.663050,27.444802,2.813200,27.552200,1.694000
1,2,117.692516,29.465899,2.621300,29.193100,1.465200
1,2,117.720061,27.545001,2.706200,27.224001,1.911000
1,2,117.749456,29.394798,3.705400,29.240900,2.340200
1,2,117.777000,27.543999,3.743000,28.003700,1.908400
1,2,117.806115,29.115502,3.066100,28.989799,1.718700
1,2,117.835798,29.682498,3.080400,29.710400,1.738900
1,2,117.869756,33.958100,2.948500,29.425200,1.881100
1,2,117.893671,23.914900,8.669000,27.707500,1.740000
1,2,117.922181,28.510302,3.802600,28.996901,1.962800
1,2,117.948929,26.747800,3.331400,26.932199,2.668500
1,2,117.978345,29.415701,3.628100,29.126600,1.863600
1,2,118.008146,29.801197,3.705600,29.656401,1.935500
1,2,118.037481,29.335301,3.509400,29.961000,1.746500
1,2,118.063591,26.109401,2.765400,26.046400,1.749200
1,2,118.092423,28.832100,2.811300,27.985201,1.761200
1,2,118.120988,28.565597,3.992600,27.654699,2.631200
1,2,118.146466,25.478203,5.603900,26.824600,3.234000
1,2,118.172843,26.376799,4.023000,26.648500,2.076600
1,2,118.199839,26.995499,3.134100,27.053200,2.139600
1,2,118.227370,27.531300,2.871700,27.450199,2.048300
1,2,118.256001,28.631400,3.001200,28.629900,1.678200
1,2,118.284694,28.692901,2.909600,28.198200,1.883800
1,2,118.310199,25.504701,3.515000,26.028299,2.165100
1,2,118.337111,26.911501,2.863300,26.928301,1.779600
1,2,118.364207,27.096797,2.670900,27.020599,1.432500
1,2,118.389315,25.107402,2.755800,25.155800,1.667000
1,2,118.418087,28.772298,2.732300,28.774700,1.758300
1,2,118.445074,26.986800,2.809000,27.109501,1.614700
1,2,118.471987,26.913401,2.703000,26.889700,1.564100
1,2,118.497560,25.573101,2.536300,25.520901,1.526700
1,2,118.526439,28.878801,2.667900,28.675900,1.715700
1,2,118.553485,27.046300,2.791100,26.919600,1.769900
1,2,118.580387,26.901398,2.941400,26.931900,1.454400
1,2,118.607260,26.873499,3.265200,27.080099,1.591400
1,2,118.634212,26.951801,2.579600,26.975201,1.492400
1,2,118.661446,27.234200,2.603900,27.413900,1.615300
1,2,118.690797,29.350799,2.647400,28.933599,1.737400
1,2,118.717806,27.009100,2.932800,27.196899,1.563000
1,2,118.745477,27.670603,2.926100,27.696899,1.924200
1,2,118.775238,29.760700,2.771000,29.726200,1.797900
1,2,118.801687,26.449099,2.864100,26.372900,1.967400
1,2,118.829240,27.553201,2.870200,27.368601,1.985000
1,2,118.858439,29.199500,3.107100,28.013399,1.794300
1,2,118.884438,25.998898,4.618700,26.541500,2.252300
1,2,118.911090,26.652202,4.236200,26.993401,2.421200
1,2,118.939745,28.654199,3.683800,28.689100,2.066700
1,2,118.966098,26.353002,3.190000,26.727301,1.694300
1,2,118.994055,27.957499,2.818600,27.271601,1.670000
1,2,119.020525,26.469700,3.576500,26.819000,2.010100
1,2,119.046939,26.414100,3.186700,26.789700,1.939100
1,2,119.074098,27.159400,2.669900,26.862801,2.245500
1,2,119.101200,27.102098,3.017900,26.995399,1.983000
1,2,119.128735,27.534701,2.933600,27.261801,1.949800
1,2,119.155247,26.512001,3.235200,27.140699,1.735100
1,2,119.182948,27.701199,2.499400,27.482599,1.969000
1,2,119.209999,27.050301,2.730400,26.947399,1.794200
1,2,119.238881,28.882299,3.007800,28.986900,1.673600
1,2,119.269668,30.786902,3.204900,30.108700,1.888800
1,2,119.295884,26.216298,3.707800,26.726999,2.627600
1,2,119.323626,27.741600,3.384800,27.429701,2.627400
1,2,119.352016,28.390102,3.860500,28.761600,2.578100
1,2,119.379705,27.689297,3.345700,27.545401,1.981900
1,2,119.406210,26.504900,3.430400,26.285999,1.989300
1,2,119.433105,26.894700,3.405700,27.022600,1.858000
1,2,119.460253,27.148802,3.758700,27.034901,1.645600
1,2,119.487445,27.191501,3.596100,27.246099,1.649900
1,2,119.517648,30.202698,4.013100,30.198601,1.778900
1,2,119.545480,27.832702,3.115000,28.162001,1.964400
1,2,119.578623,33.142898,2.863600,32.928299,1.825300
1,2,119.607776,29.152300,3.399800,29.430300,1.943900
1,2,119.637974,30.198399,3.090900,29.765200,1.871900
1,2,119.667012,29.037703,3.150500,29.129400,1.884800
1,2,119.694417,27.404997,3.118900,27.211599,1.588500
1,2,119.724030,29.613201,3.467200,29.604900,1.775800
1,2,119.753371,29.340800,3.388400,29.802999,2.113400
1,2,119.782430,29.059600,2.813300,28.640600,2.146500
1,2,119.809280,26.849899,3.261200,27.377300,2.061900
1,2,119.838779,29.499203,2.720500,29.084400,1.694600
1,2,119.866065,27.285099,3.072500,27.157900,1.667400
1,2,119.893672,27.607698,3.133400,27.302000,1.610000
1,2,119.920699,27.026702,3.594300,27.538000,1.536300
1,2,119.946092,25.393199,2.987800,25.462900,1.392200
1,2,119.974995,28.903399,2.724300,29.255699,1.775400
1,2,120.002396,27.400501,2.456800,27.420300,1.696700
1,2,120.031530,29.134199,2.481700,28.751699,1.681400
1,2,120.058971,27.440701,2.760700,27.813900,1.728400
1,2,120.086383,27.412500,2.432600,27.123699,1.727200
1,2,120.113513,27.129300,2.836400,26.968599,1.451400
1,2,120.142868,29.355302,2.787100,29.548901,1.748900
1,2,120.171648,28.779797,2.736100,28.618500,1.701300
1,2,120.198715,27.067300,2.703900,27.152000,1.817500
1,2,120.226304,27.588703,2.782400,27.677099,1.956800
1,2,120.253515,27.210798,2.788700,27.285601,1.912400
1,2,120.281091,27.576499,2.676000,27.054100,1.699100
1,2,120.308164,27.072702,3.198500,27.351000,2.006200
1,2,120.335757,27.593400,2.972000,27.728800,1.578900
1,2,120.364637,28.879698,2.600200,27.517401,1.779700
1,2,120.392284,27.647402,4.491100,29.013201,1.886800
1,2,120.420628,28.343201,2.718000,27.266600,1.714800
1,2,120.451524,30.896798,3.649500,31.779900,1.790100
1,2,120.480417,28.893199,2.787100,29.029800,2.193800
1,2,120.511101,30.683201,2.593100,30.533600,1.547700
1,2,120.540021,28.920200,3.079000,28.910900,1.645900
1,2,120.567771,27.750202,2.650900,27.763300,1.596400
1,2,120.595729,27.957901,2.874300,27.691999,1.446500
1,2,120.624339,28.609898,3.089300,28.661301,1.935400
1,2,120.651338,26.998900,3.059100,27.069201,1.657700
1,2,120.679246,27.908102,2.821000,28.096001,1.476000
1,2,120.708317,29.071499,2.639800,28.828100,2.701300
1,2,120.734014,25.696300,3.170100,25.815901,1.593600
1,2,120.763399,29.385202,3.059100,28.902399,2.299700
1,2,120.792444,29.045299,3.634300,29.399700,2.061700
1,2,120.819152,26.707400,3.234700,26.862700,1.677300
1,2,120.847280,28.128602,2.767400,28.129299,1.646500
1,2,120.876257,28.976399,2.833900,28.862400,1.365500
1,2,120.901233,24.976600,3.001600,25.078899,1.376800
1,2,120.932213,30.980200,2.595600,30.708700,1.819500
1,2,120.959750,27.536701,2.967500,27.510401,1.580800
1,2,120.986393,26.642997,2.747300,26.777901,1.644500
1,2,121.014371,27.978100,2.686400,27.794600,1.761900
1,2,121.041920,27.549300,3.008300,27.733601,1.570500
1,2,121.071558,29.638000,2.601000,29.652800,1.640900
1,2,121.098869,27.310900,2.529900,27.498100,1.676300
1,2,121.127059,28.189801,2.521100,27.740000,1.647500
1,2,121.158875,31.816300,2.887600,31.566799,1.896300
1,2,121.188726,29.850300,3.330300,29.395300,1.896900
1,2,121.220792,32.065701,3.839900,33.129799,1.898400
1,2,121.250432,29.640999,2.683200,29.666201,1.571000
1,2,121.281413,30.980900,2.478700,30.099199,2.052500
1,2,121.309251,27.837999,3.497800,28.514601,1.761100
1,2,121.339052,29.800802,2.918900,29.663799,1.533000
1,2,121.366639,27.586598,3.122100,27.812500,1.582200
1,2,121.395917,29.278003,2.639700,29.077200,1.654400
1,2,121.425852,29.935498,2.817000,29.839800,1.612200
1,2,121.454474,28.621700,2.850600,29.045099,1.550800
1,2,121.484752,30.277502,3.195200,29.956900,1.714900
1,2,121.513966,29.214300,3.019800,29.250401,1.899700
1,2,121.541372,27.405899,3.416700,27.196400,1.639800
1,2,121.568472,27.100600,3.557500,27.249800,1.525100
1,2,121.595657,27.184900,3.004500,27.308599,2.005000
1,2,121.622868,27.211200,3.012000,27.249800,1.736200
1,2,121.650387,27.518798,3.054000,27.506901,2.077100
1,2,121.677979,27.591601,2.922100,27.248400,1.703500
1,2,121.705489,27.510602,2.976600,27.815800,1.562900
1,2,121.735404,29.914197,2.834400,29.720200,2.123000
1,2,121.762373,26.969600,2.994300,27.003500,1.804900
1,2,121.790420,28.047100,2.863900,28.032000,1.652200
1,2,121.822259,31.838700,3.020300,31.228201,1.978600
1,2,121.851030,28.770503,3.687500,29.499001,2.125500
1,2,121.878828,27.798500,2.979300,27.868500,1.847400
1,2,121.905821,26.993498,2.706400,26.725800,2.129700
1,2,121.931170,25.348801,3.195400,25.278099,1.814900
1,2,121.958338,27.167998,2.944400,27.278299,1.578800
1,2,121.984860,26.521802,2.714000,26.753099,1.486900
1,2,122.014506,29.645901,2.588000,29.263901,1.856100
1,2,122.041830,27.323600,3.191000,27.424999,2.017400
1,2,122.069447,27.617600,3.365300,27.128799,1.725700
1,2,122.095997,26.549898,3.442900,27.193100,1.561300
1,2,122.123396,27.399201,2.764400,27.211599,1.560600
1,2,122.153958,30.561998,3.761700,30.862400,1.467500
1,2,122.183282,29.324003,2.362600,28.983299,1.414700
1,2,122.210368,27.085397,3.073300,27.357100,1.420200
1,2,122.237236,26.868701,2.833400,26.610001,1.791000
1,2,122.266683,29.446300,3.145300,29.441799,1.497200
1,2,122.295321,28.638501,3.309700,28.463600,1.660400
1,2,122.322672,27.350698,3.184500,27.564199,2.056400
1,2,122.350209,27.537402,2.608500,27.309799,1.555800
1,2,122.377514,27.304798,2.833500,27.370100,1.606700
1,2,122.404760,27.245801,2.788600,27.171700,1.816100
1,2,122.432354,27.594600,2.794700,27.452200,1.724100
1,2,122.458866,26.511900,2.882500,26.679399,1.938600
1,2,122.485706,26.840001,2.911600,26.891701,1.980900
1,2,122.512176,26.469298,3.000500,26.776300,1.640300
1,2,122.540126,27.950000,2.625000,27.397600,1.686500
1,2,122.567754,27.627900,3.001100,28.005699,1.567400
1,2,122.595110,27.356002,2.573900,27.200300,1.469200
1,2,122.622176,27.066499,2.959100,27.208599,1.259800
1,2,122.652158,29.982198,2.763500,29.559000,1.499000
1,2,122.680861,28.702401,2.937500,28.744699,1.459900
1,2,122.708154,27.293403,2.968900,27.637400,1.543100
1,2,122.738704,30.549798,2.785400,30.653299,1.471100
1,2,122.769250,30.546401,2.573600,30.121500,1.945400
1,2,122.798939,29.688299,2.934100,29.844500,1.351900
1,2,122.828147,29.208601,3.077500,29.151300,1.647100
1,2,122.855376,27.229100,2.878700,27.439699,2.304900
1,2,122.883318,27.941901,2.707400,27.819201,1.839200
1,2,122.913769,30.450799,2.716800,27.180401,1.695400
1,2,122.940360,26.591498,7.493200,29.163601,1.625200
1,2,122.967393,27.032200,4.295800,27.367599,1.688600
1,2,122.995327,27.934402,3.721600,27.969500,1.906600
1,2,123.025096,29.768899,3.296800,29.134399,1.647000
1,2,123.055527,30.430902,3.681000,31.030300,1.725400
1,2,123.082636,27.109496,3.223000,26.944201,1.827900
1,2,123.112188,29.552002,3.318600,29.598801,1.911700
1,2,123.141853,29.664602,2.963500,29.366899,1.835400
1,2,123.169144,27.290899,3.586800,27.346001,1.840100
1,2,123.198415,29.270601,3.630200,29.196800,2.261600
1,2,123.225127,26.712198,4.055500,26.785700,2.801200
1,2,123.484917,259.789802,258.572601,27.285101,2.612300
1,2,123.501260,16.343899,7.037600,5.312700,2.337000
1,2,123.517387,16.126201,4.053500,5.312700,2.521600
1,2,123.534070,16.683698,6.005900,18.981001,2.521600
1,2,123.550495,16.424302,3.873600,26.617599,1.758200
1,2,123.575458,24.963800,2.851200,25.534300,1.948000
1,2,123.604898,29.439900,3.608500,29.303600,2.238600
1,2,123.631039,26.140299,3.854100,26.872601,2.049800
1,2,123.657987,26.948601,3.161600,27.252100,1.826500
1,2,123.687281,29.293701,2.622200,28.829500,1.859400
1,2,123.714390,27.109597,3.198600,27.328400,1.759400
1,2,123.745244,30.853100,3.257900,31.045700,1.912100
1,2,123.773333,28.089501,2.702200,27.768900,1.732200
1,2,123.801424,28.090600,3.150800,27.406000,2.102500
1,2,123.832252,30.828200,4.617900,31.349701,2.130800
1,2,123.861123,28.871000,3.348600,28.901501,1.899900
1,2,123.888847,27.724300,3.373800,27.669300,2.041300
1,2,123.915486,26.639301,3.207600,26.979300,2.027000
1,2,123.944484,28.997999,2.960600,28.924601,1.796900
1,2,123.971739,27.254902,3.035000,27.067301,1.934600
1,2,123.998811,27.071800,3.266100,26.844000,2.025300
1,2,124.025486,26.674800,3.739700,27.098400,1.951200
1,2,124.054561,29.074799,3.076600,29.086000,2.310300
1,2,124.081907,27.346000,2.998400,26.971800,1.817000
1,2,124.111325,29.418401,3.173600,29.072201,1.760900
1,2,124.139771,28.445400,3.429200,29.336800,1.524000
1,2,124.167201,27.430199,2.618000,27.280899,1.697000
1,2,124.194568,27.367499,3.001300,27.164301,1.621200
1,2,124.222015,27.446300,2.981400,27.303200,1.816300
1,2,124.248393,26.378501,3.074200,26.639999,1.504200
1,2,124.278640,30.246701,2.706200,29.774900,1.578700
1,2,124.305985,27.344700,3.443400,27.204500,1.954300
1,2,124.332882,26.897598,3.992100,26.902300,2.102700
1,2,124.362894,30.011602,4.393000,29.115900,1.930100
1,2,124.388696,25.801897,4.747300,26.632799,2.042000
1,2,124.415308,26.612602,3.617900,27.081100,1.507600
1,2,124.441343,26.034400,3.207800,25.692699,2.022200
1,2,124.469950,28.607801,3.418400,28.593100,1.740200
1,2,124.496728,26.777700,3.421000,27.084700,1.898600
1,2,124.523763,27.034998,3.168400,26.905399,1.414900
1,2,124.550577,26.813500,3.098300,27.271601,1.683800
1,2,124.578060,27.483501,2.591700,27.427401,1.632400
1,2,124.607063,29.002503,2.716100,28.968300,1.536900
1,2,124.637314,30.251499,2.748900,29.764900,2.249800
1,2,124.666708,29.393699,3.429100,29.340700,1.713400
1,2,124.694180,27.472299,3.260700,27.612700,1.730700
1,2,124.726745,32.564502,3.035300,32.776798,1.705000
1,2,124.754356,27.610999,2.901800,27.343201,1.698300
1,2,124.785004,30.648600,2.796800,30.513100,1.758200
1,2,124.814162,29.158201,3.494800,29.260000,1.807300
1,2,124.841248,27.085401,3.073600,27.075899,1.887400
1,2,124.869082,27.833898,3.022600,27.861401,1.609300
1,2,124.897359,28.277401,3.146000,28.520700,2.166000
1,2,124.925026,27.667198,2.912900,27.768000,2.290900
1,2,124.960582,35.556100,2.780900,29.654499,2.067100
1,2,124.980635,20.053003,9.294900,25.721201,2.722000
1,2,125.008249,27.613897,4.439700,27.693199,1.877600
1,2,125.039802,31.552602,2.804100,31.490999,2.081900
1,2,125.069162,29.360101,2.911300,29.264999,1.666100
1,2,125.097381,28.218601,3.146100,28.273701,1.936300
1,2,125.126254,28.873697,3.158800,29.045300,1.972900
1,2,125.153975,27.721003,2.866700,27.626600,1.753900
1,2,125.183540,29.564798,3.039100,29.465000,1.814400
1,2,125.215628,32.088000,3.258200,31.890499,2.283600
1,2,125.242655,27.026899,3.270200,27.299400,2.010500
1,2,125.271808,29.152803,3.022900,29.251101,2.097500
1,2,125.299602,27.794298,2.687700,27.282400,1.842900
1,2,125.329057,29.454701,3.360100,29.505301,2.140400
1,2,125.355718,26.661299,3.069200,27.084299,1.713100
1,2,125.384773,29.054500,2.592900,28.367001,1.761300
1,2,125.415676,30.903801,3.504800,31.114500,1.643400
1,2,125.443759,28.082699,3.706200,27.792101,2.009200
1,2,125.475379,31.619899,3.993100,31.889799,1.710000
1,2,125.503974,28.594602,4.212100,29.126101,1.961900
1,2,125.534501,30.527398,2.407700,30.283199,1.950800
1,2,125.563243,28.742101,2.986000,28.707600,1.805800
1,2,125.594378,31.134799,3.097400,30.675100,1.693400
1,2,125.624140,29.762100,3.431500,30.233101,2.172200
1,2,125.653012,28.872199,2.861300,28.782200,1.616600
1,2,125.681064,28.051801,2.751100,27.702900,1.851900
1,2,125.709419,28.354902,3.776000,28.904699,1.781100
1,2,125.738126,28.707501,3.014800,27.444500,1.761300
1,2,125.768117,29.991098,3.923800,30.793301,2.256900
1,2,125.795709,27.591899,3.168300,27.427799,2.309300
1,2,125.824178,28.468400,3.143600,28.796101,2.062300
1,2,125.854012,29.834002,2.800600,29.512300,1.704500
1,2,125.881062,27.050398,3.088700,27.149000,1.603700
1,2,125.912610,31.547900,3.330300,31.931601,2.026300
1,2,125.940119,27.508900,2.980400,26.939301,1.885500
1,2,125.969466,29.347099,3.563300,29.547199,1.817000
1,2,126.000854,31.387802,3.068600,31.761900,1.541900
1,2,126.027671,26.817400,2.395000,26.747101,1.545200
1,2,126.055386,27.714998,2.775600,27.591801,1.842900
1,2,126.083884,28.497703,3.006000,28.502100,1.756400
1,2,126.114331,30.446600,2.729000,30.427601,1.714700
1,2,126.142577,28.246500,2.848800,28.526800,1.809700
1,2,126.170452,27.874898,2.507300,27.552099,1.900500
1,2,126.197840,27.387902,2.731900,27.434601,1.447400
1,2,126.227548,29.708598,2.748300,29.699400,1.446400
1,2,126.254829,27.280301,2.695700,27.542400,1.349800
1,2,126.282977,28.148301,2.576400,27.765600,1.611600
1,2,126.310989,28.012197,2.968300,27.824200,1.476100
1,2,126.340057,29.068001,3.096500,29.056999,2.015500
1,2,126.367501,27.444102,3.162700,27.419800,1.685100
1,2,126.394259,26.757300,3.076800,27.006599,1.778200
1,2,126.421297,27.038001,3.026500,27.331100,1.613000
1,2,126.450874,29.577699,2.398700,29.502800,1.695400
1,2,126.479382,28.507799,2.932000,28.541500,1.794000
1,2,126.507163,27.780402,2.634600,27.518801,1.789900
1,2,126.534265,27.102500,2.726900,27.104799,1.484900
1,2,126.561489,27.223997,2.820500,27.149000,1.366100
1,2,126.589913,28.423402,2.840600,28.730700,1.818100
1,2,126.617172,27.259599,3.147200,27.117300,1.416500
1,2,126.643136,25.964200,2.560200,25.658501,1.542600
1,2,126.671886,28.749499,2.972000,28.660101,1.532000
1,2,126.698362,26.476700,3.013100,27.035900,1.515400
1,2,126.728420,30.057799,2.692000,29.537001,1.639400
1,2,126.753648,25.227901,3.000400,25.539301,1.582500
1,2,126.781436,27.787998,2.651400,27.661100,1.494000
1,2,126.808266,26.829403,2.711600,27.154699,1.536300
1,2,126.835545,27.279798,2.417100,26.821699,1.347500
1,2,126.862826,27.280603,2.772900,27.580000,1.595100
1,2,126.890777,27.950797,2.655400,27.415600,1.583500
1,2,126.918835,28.057899,3.064400,27.907400,2.189800
1,2,126.945233,26.398003,3.354900,26.864000,1.881400
1,2,126.972362,27.129300,2.899800,27.154200,1.719500
1,2,127.000940,28.577600,2.862700,28.760099,1.450800
1,2,127.028183,27.243499,2.450400,27.211399,1.672700
1,2,127.055642,27.458999,2.467800,27.532801,1.691200
1,2,127.082908,27.265802,2.316600,27.108299,1.277400
1,2,127.109982,27.074598,2.457400,27.066601,1.618200
1,2,127.137018,27.035702,2.468500,27.059700,1.797900
1,2,127.164344,27.325701,2.801900,27.290501,1.359800
1,2,127.192243,27.898896,2.466700,27.375200,1.532100
1,2,127.219003,26.760302,3.063400,27.367201,1.510600
1,2,127.246406,27.403299,2.506700,27.363400,1.473900
1,2,127.274330,27.923699,2.432300,27.378700,1.539600
1,2,127.300972,26.642401,3.072300,27.053600,1.585400
1,2,127.328495,27.522799,2.582100,27.424400,1.671100
1,2,127.355890,27.394801,2.858900,27.396900,1.513000
1,2,127.383268,27.377602,2.579900,27.483500,1.440100
1,2,127.412396,29.127900,2.471100,29.225300,1.311700
1,2,127.442016,29.620498,2.362000,29.134600,1.630200
1,2,127.469171,27.155202,2.878400,27.258400,1.301300
1,2,127.497565,28.393399,2.871100,28.540899,2.394300
1,2,127.525043,27.477998,3.019500,27.415800,1.943700
1,2,127.551827,26.784603,2.848000,26.938900,1.403100
1,2,127.579761,27.933899,2.642000,27.183901,1.805200
1,2,127.606582,26.820801,3.249800,27.158899,1.669600
1,2,127.634053,27.470898,2.943800,27.459499,1.644600
1,2,127.662921,28.868500,3.050000,28.878099,1.730900
1,2,127.688500,25.578499,3.002100,25.506500,1.800900
1,2,127.717229,28.729200,3.057500,29.140499,1.598000
1,2,127.744220,26.990600,2.642700,26.668900,1.393100
1,2,127.773845,29.625602,2.717800,29.951599,1.440300
1,2,127.800521,26.675899,2.435700,26.586800,1.759900
1,2,127.830766,30.245099,2.676100,29.948400,1.621200
1,2,127.856913,26.147000,3.492400,26.648001,1.528200
1,2,127.884924,28.010502,3.011000,27.633400,1.719100
1,2,127.912024,27.100097,2.802800,26.980801,1.771000
1,2,127.938980,26.956201,2.904400,26.921000,1.705100
1,2,127.968669,29.689200,3.012900,27.036501,1.677000
1,2,127.994753,26.083201,6.429700,27.421400,1.712600
1,2,128.021313,26.560999,5.264300,27.388700,1.773500
1,2,128.050367,29.053800,3.338400,28.732700,1.735300
1,2,128.077214,26.846800,3.699000,27.213301,1.988200
1,2,128.104128,26.913699,3.321400,27.318800,1.479900
1,2,128.133212,29.084101,2.930500,29.097099,1.735300
1,2,128.161938,28.726198,3.023800,28.822100,2.288100
1,2,128.191399,29.461201,3.125500,29.184099,2.013800
1,2,128.219248,27.848702,3.179200,27.758900,1.844200
1,2,128.246638,27.389999,2.919400,27.353300,1.763100
1,2,128.275298,28.660201,2.945500,28.985800,1.636400
1,2,128.305235,29.937297,2.671100,29.670500,1.878600
1,2,128.334342,29.106602,3.019000,29.084299,2.064600
1,2,128.362759,28.416999,3.179000,28.555099,2.022200
1,2,128.392454,29.694900,3.142400,29.310101,1.723500
1,2,128.419387,26.932903,3.558400,27.264700,1.530500
1,2,128.448164,28.777197,2.786900,28.941200,1.576800
1,2,128.475737,27.573101,2.689600,27.545900,1.669500
1,2,128.505055,29.318102,2.810700,28.993799,1.894600
1,2,128.532015,26.960198,3.134200,27.349300,1.581600
1,2,128.559427,27.412001,2.646700,27.318100,1.700500
1,2,128.586337,26.909299,2.638900,26.664400,1.608800
1,2,128.614177,27.839702,2.962300,27.170500,1.541000
1,2,128.640441,26.264600,3.782000,27.069300,1.755300
1,2,128.668479,28.037999,2.873400,27.187500,1.589000
1,2,128.694899,26.420299,3.438200,26.952600,1.706700
1,2,128.721998,27.098302,3.546000,27.089500,1.597500
1,2,128.749010,27.011897,3.519300,27.324301,1.774400
1,2,128.778520,29.510602,3.234700,29.625799,1.698400
1,2,128.806025,27.504899,3.218100,27.378901,1.644900
1,2,128.832978,26.952900,3.231800,26.959900,1.758300
1,2,128.860604,27.626202,3.094700,27.504101,1.404800
1,2,128.888228,27.624000,3.762500,27.610600,1.630800
1,2,128.915382,27.153399,3.112800,27.060499,1.617900
1,2,128.942729,27.347300,3.054600,27.223801,1.608500
1,2,128.969582,26.852801,3.553300,27.368601,1.686300
1,2,128.996640,27.057998,2.637700,27.112101,1.666700
1,2,129.024357,27.717501,2.706200,27.221001,1.476100
1,2,129.051854,27.497299,3.071200,27.408001,1.555400
1,2,129.079368,27.513999,3.057800,27.967600,1.757700
1,2,129.109240,29.871199,2.562200,29.439899,1.477100
1,2,129.135862,26.622001,3.202500,26.835699,1.694100
1,2,129.162774,26.912302,2.919900,27.189301,1.603500
1,2,129.190333,27.558800,2.535600,27.158600,1.647100
1,2,129.217191,26.857700,2.900500,27.183701,1.779300
1,2,129.247022,29.831700,2.636900,29.392099,1.638000
1,2,129.274740,27.717799,2.904000,27.611799,1.540100
1,2,129.301992,27.252201,2.950100,27.356001,1.345600
1,2,129.331347,29.354699,2.967200,29.586201,1.875100
1,2,129.360941,29.594600,2.837200,29.747601,1.847800
1,2,129.388028,27.086101,2.753400,26.748301,1.897500
1,2,129.416779,28.751399,3.207700,28.394800,1.730900
1,2,129.445889,29.110100,3.474700,29.092199,1.715900
1,2,129.473094,27.204700,3.918600,27.130800,2.080600
1,2,129.505074,31.980097,3.503500,31.653900,1.802300
1,2,129.533656,28.582003,3.883400,29.452999,1.642400
1,2,129.565264,31.608198,3.377300,31.480301,1.633200
1,2,129.595318,30.053802,3.023200,29.799101,1.751900
1,2,129.625573,30.254900,3.438500,29.929600,1.709200
1,2,129.652355,26.782498,3.628000,27.172400,2.083800
1,2,129.683842,31.486202,3.279500,31.817699,1.770300
1,2,129.711159,27.317598,2.788500,27.205299,1.540600
1,2,129.739743,28.584301,2.964300,27.586599,1.503700
1,2,129.767894,28.150197,3.780900,28.476900,1.650600
1,2,129.796714,28.820600,3.421300,29.097000,1.925000
1,2,129.821746,25.031801,3.642900,25.237900,1.608300
1,2,129.851027,29.281199,3.124400,29.196400,1.638400
1,2,129.877963,26.936002,3.125800,26.827200,2.001700
1,2,129.905427,27.463399,3.125100,27.036301,1.494700
1,2,129.932404,26.977200,3.638800,27.359501,1.616500
1,2,129.961653,29.249500,3.273900,29.687300,1.669100
1,2,129.991276,29.622599,2.770100,27.528601,1.771200
1,2,130.021015,29.739499,5.827800,30.944799,2.343500
1,2,130.047332,26.316702,5.235700,26.723801,1.899100
1,2,130.074123,26.790500,3.680500,27.062901,2.246600
1,2,130.101935,27.812798,2.956600,27.807600,1.660500
1,2,130.129007,27.071301,2.941000,27.081699,2.044500
1,2,130.156051,27.044501,2.867700,27.076000,2.112100
1,2,130.183687,27.635500,3.460600,27.541300,1.672500
1,2,130.214696,31.009000,2.919200,31.016800,1.454400
1,2,130.241959,27.263701,3.363400,27.417400,1.856400
1,2,130.271297,29.337797,3.816700,29.183901,1.460900
1,2,130.298704,27.407002,3.731100,27.214001,1.541400
1,2,130.326318,27.614098,2.946200,27.707300,1.429400
1,2,130.357262,30.943401,3.207500,31.045000,1.626600
1,2,130.386105,28.843101,2.991600,27.795200,1.856200
1,2,130.414348,28.243598,4.118000,29.079201,2.054000
1,2,130.443963,29.614203,3.048200,29.909800,1.774100
1,2,130.473879,29.916100,2.757600,29.301800,1.596500
1,2,130.502757,28.878398,3.918000,29.542299,1.864100
1,2,130.532083,29.325999,2.571100,29.427099,1.551900
1,2,130.561644,29.560700,2.361200,29.023300,1.859700
1,2,130.590374,28.730702,3.013500,29.184200,1.625900
1,2,130.621102,30.727100,2.629000,30.194799,1.663800
1,2,130.652377,31.275600,3.119700,31.774900,1.893700
1,2,130.681862,29.484499,2.619500,29.374901,1.778400
1,2,130.712020,30.157901,2.732300,30.197201,1.815300
1,2,130.739624,27.604099,2.939100,27.369400,1.621500
1,2,130.769625,30.001000,2.926800,30.111799,1.651800
1,2,130.799288,29.663399,2.875000,29.869499,1.533100
1,2,130.829551,30.263301,2.493300,29.959999,1.603200
1,2,130.859152,29.600602,2.960800,29.551600,1.820300
1,2,130.888016,28.864399,3.101600,29.166401,1.991000
1,2,130.917646,29.630002,2.643200,29.512699,1.412100
1,2,130.947028,29.381998,2.726300,29.284300,1.366800
1,2,130.977030,30.001801,2.845900,29.790800,1.537900
1,2,131.004746,27.715500,3.028600,28.049200,1.810900
1,2,131.033704,28.958701,2.909400,29.055099,1.642700
1,2,131.065443,31.738300,2.595500,31.235500,1.845700
1,2,131.093119,27.676601,3.433200,27.702499,1.861300
1,2,131.122618,29.498998,4.020400,29.304701,1.956700
1,2,131.151700,29.081602,3.480600,29.370001,1.599000
1,2,131.181687,29.987097,2.766400,29.905300,1.730900
1,2,131.210468,28.780803,3.035200,28.930401,1.516500
1,2,131.237842,27.374100,3.007800,27.165800,1.683300
1,2,131.267034,29.191900,3.179900,29.231199,1.752000
1,2,131.294405,27.371299,3.156900,27.358601,1.819600
1,2,131.323205,28.800100,2.966700,29.149000,1.843700
1,2,131.350746,27.541101,2.655700,27.063900,1.611600
1,2,131.378420,27.673598,3.000100,27.451799,1.880000
1,2,131.405527,27.106702,3.203000,27.334900,1.725100
1,2,131.433038,27.511097,3.155300,27.072599,1.773600
1,2,131.461241,28.202802,4.157000,28.765100,1.962600
1,2,131.488615,27.374499,2.992900,27.313499,1.564400
1,2,131.517588,28.972901,2.820900,29.219000,1.668400
1,2,131.545079,27.491201,2.808400,27.184500,2.367700
1,2,131.570244,25.164399,3.308400,25.329100,2.002900
1,2,131.599020,28.776299,3.034400,28.903900,1.726400
1,2,131.626052,27.032100,2.575200,27.097700,1.578100
1,2,131.653826,27.774598,2.704900,27.726299,1.564100
1,2,131.683282,29.456001,3.178300,29.046499,1.765100
1,2,131.710360,27.077399,3.104400,27.399599,1.431100
1,2,131.739016,28.656002,2.919300,28.752300,1.737400
1,2,131.768387,29.371299,2.594800,29.471100,1.560500
1,2,131.795989,27.601302,2.751300,27.586599,1.679600
1,2,131.823606,27.617499,2.653900,27.287500,1.480000
1,2,131.852595,28.989200,3.008900,29.188900,1.784600
1,2,131.880120,27.524799,2.615600,27.363300,1.900100
1,2,131.907082,26.961800,3.041500,27.272100,1.637200
1,2,131.936823,29.740803,2.618100,29.234600,1.317400
1,2,131.963725,26.902400,3.649000,27.216600,1.550900
1,2,131.994361,30.636098,3.048800,30.279400,1.658600
1,2,132.022712,28.350499,3.503500,28.315500,1.953900
1,2,132.049261,26.549701,3.150600,26.484699,2.012400
1,2,132.078629,29.367801,3.279200,29.468599,1.695900
1,2,132.105086,26.457101,3.277700,26.648500,1.747900
1,2,132.131651,26.564401,3.205700,26.547400,1.961100
1,2,132.161907,30.256800,3.262700,29.513500,1.849300
1,2,132.188663,26.755698,3.462000,27.258499,1.767300
1,2,132.218546,29.882599,4.189600,29.395100,1.533900
1,2,132.247178,28.632700,4.871400,29.226000,1.621300
1,2,132.278880,31.702001,3.187100,31.494301,2.050000
1,2,132.308132,29.251799,3.323700,29.260099,1.988400
1,2,132.336016,27.884003,3.346100,27.768299,1.890600
1,2,132.366749,30.732799,3.913400,31.032301,1.798400
1,2,132.396334,29.585198,3.099500,29.499399,1.719100
1,2,132.427248,30.913703,3.024700,30.958700,1.645800
1,2,132.453847,26.598897,2.974100,26.848499,1.850800
1,2,132.486212,32.365002,2.584600,32.032700,1.840400
1,2,132.515279,29.067598,2.817200,28.830700,2.070800
1,2,132.544908,29.628702,3.133100,29.993900,1.909600
1,2,132.573693,28.784402,2.595100,29.016199,1.652000
1,2,132.602888,29.195398,3.093200,28.977900,2.294200
1,2,132.631709,28.820701,2.951600,29.097500,1.857100
1,2,132.658931,27.222298,2.347400,27.058300,1.734800
1,2,132.686437,27.506303,2.581500,27.518400,1.505300
1,2,132.714658,28.220899,2.506100,27.997400,1.650600
1,2,132.740972,26.314300,2.926500,26.515900,1.765500
1,2,132.769439,28.466698,2.515100,28.278299,1.510700
1,2,132.796897,27.457502,2.783000,27.145599,1.477400
1,2,132.824097,27.200699,2.964800,27.507900,1.560800
1,2,132.851053,26.956201,2.917600,27.161501,1.761400
1,2,132.880602,29.548902,2.445400,29.129801,1.762700
1,2,132.909518,28.915197,2.797800,29.073099,1.849200
1,2,132.936524,27.006403,2.862100,27.130899,1.349800
1,2,132.963618,27.093999,2.517500,27.175301,1.558100
1,2,132.991585,27.966999,2.434600,27.597099,1.346400
1,2,133.023856,32.271001,2.880500,29.271601,1.795500
1,2,133.050919,27.062502,6.322200,29.420401,1.925600
1,2,133.079078,28.159097,3.560600,28.928499,1.876300
1,2,133.106464,27.386103,2.755200,27.091801,1.818800
1,2,133.137006,30.542400,3.251000,30.205299,1.670800
1,2,133.163498,26.491500,3.351700,26.817900,1.542500
1,2,133.195900,32.402899,2.932000,32.248798,2.007800
1,2,133.222796,26.895300,3.423400,27.224100,1.993100
1,2,133.252786,29.990699,3.233900,29.707600,1.808900
1,2,133.282556,29.769801,3.009900,29.753500,1.858200
1,2,133.311244,28.688099,3.071800,29.090799,1.942100
1,2,133.342341,31.096902,2.670900,30.962200,1.762400
1,2,133.369503,27.161598,2.795100,27.343599,1.823600
1,2,133.397466,27.962901,2.512200,27.463699,1.575000
1,2,133.427340,29.874101,3.011200,29.781200,3.611400
1,2,133.453884,26.544198,3.282600,26.715700,1.742100
1,2,133.481325,27.441300,3.035400,27.104700,2.119400
1,2,133.510421,29.095799,3.508300,29.456499,1.721900
1,2,133.537990,27.568400,3.189700,27.350000,1.555600
1,2,133.568075,30.085400,3.378300,29.758200,1.517000
1,2,133.594573,26.498500,4.047300,27.075800,1.688800
1,2,133.622208,27.634103,2.961300,27.654301,1.816400
1,2,133.649652,27.444098,2.919700,27.603800,1.564800
1,2,133.677401,27.749401,2.792800,27.575800,1.631600
1,2,133.705612,28.211098,2.914000,27.679300,1.756000
1,2,133.730356,24.743702,3.705600,25.366800,1.878200
1,2,133.759883,29.527299,2.742600,29.425301,1.860700
1,2,133.788719,28.835602,2.860800,29.025200,1.908100
1,2,133.818633,29.913798,2.662200,29.599400,1.801200
1,2,133.845447,26.814699,2.971200,27.112000,1.819500
1,2,133.873235,27.788199,2.604300,27.262800,1.525700
1,2,133.902074,28.838903,3.013000,29.296400,1.602200
1,2,133.932358,30.283697,2.621000,29.786800,1.661100
1,2,133.957958,25.600202,3.044900,26.100700,2.190000
1,2,133.985550,27.591500,3.063400,27.455200,1.951200
1,2,134.013579,28.028701,3.665800,27.590799,2.034000
1,2,134.040516,26.937999,3.357000,27.222099,1.693400
1,2,134.068914,28.397400,2.948400,28.142900,1.673500
1,2,134.095841,26.927400,2.949400,27.222200,1.663400
1,2,134.123237,27.396098,2.772000,27.381800,1.626900
1,2,134.153382,30.144300,2.721200,29.968599,1.662100
1,2,134.182843,29.460900,3.118400,29.456600,2.061700
1,2,134.209510,26.667401,3.241200,26.766899,1.982900
1,2,134.239471,29.961299,3.177500,29.474001,1.826600
1,2,134.266061,26.589602,4.038000,27.259899,1.969200
1,2,134.295919,29.858500,2.900400,29.458300,1.779500
1,2,134.325559,29.639199,3.158300,29.860701,1.799800
1,2,134.354516,28.957199,2.878400,29.116501,1.809900
1,2,134.386711,32.195501,2.590600,31.509800,1.937100
1,2,134.415598,28.886601,3.897100,28.794701,2.956200
1,2,134.445458,29.859699,3.459700,29.903500,1.864600
1,2,134.474408,28.950401,3.327900,29.458599,1.705800
1,2,134.505733,31.324700,2.979300,31.475300,2.210500
1,2,134.535685,29.952001,2.863500,29.347900,1.801400
1,2,134.563228,27.543299,3.054000,27.885000,1.628100
1,2,134.592597,29.368900,2.787500,29.521500,2.019400
1,2,134.625099,32.501899,2.645100,31.980600,2.082000
1,2,134.653880,28.781001,3.316800,29.118000,1.831400
1,2,134.683805,29.925201,3.053500,29.703699,2.044200
1,2,134.712490,28.684899,3.153300,29.166201,1.369600
1,2,134.740328,27.838599,2.681000,27.671000,1.527700
1,2,134.770075,29.746402,3.031000,29.803801,1.680400
1,2,134.797670,27.594797,2.878800,27.423500,2.335700
1,2,134.824337,26.667502,3.028200,26.670300,1.683800
1,2,134.853370,29.032301,2.832400,29.148001,1.616900
1,2,134.881456,28.086498,2.787400,27.828400,1.536200
1,2,134.912025,30.569199,2.860100,30.315399,1.699800
1,2,134.941892,29.866502,3.235000,30.134800,2.000700
1,2,134.970177,28.285701,3.317900,28.316799,2.059000
1,2,134.996782,26.604798,3.540500,26.723400,2.132100
1,2,135.025752,28.969802,2.902300,28.901199,1.430800
1,2,135.054413,28.660700,2.911000,28.061800,1.627400
1,2,135.085128,30.715298,3.842300,30.944000,1.652200
1,2,135.112668,27.540300,3.399600,27.722000,1.866700
1,2,135.140429,27.760301,2.917200,27.836100,1.961700
1,2,135.171223,30.794501,2.734700,30.778601,1.604500
1,2,135.198752,27.529299,2.753900,27.593300,1.580500
1,2,135.228057,29.305100,3.327000,29.386700,1.743800
1,2,135.255621,27.563199,3.037600,27.475201,1.726000
1,2,135.282631,27.010798,2.772200,26.978100,2.212100
1,2,135.310273,27.641900,2.916000,27.459200,1.959600
1,2,135.338909,28.635703,2.963600,28.862200,1.718300
1,2,135.368073,29.164299,2.659400,29.166700,1.780100
1,2,135.397348,29.274698,2.980200,29.429399,2.055900
1,2,135.426377,29.028703,2.725400,29.127800,1.538200
1,2,135.453015,26.637800,2.409100,26.455400,1.754200
1,2,135.480980,27.965199,2.637400,27.968399,1.665500
1,2,135.508178,27.198698,2.560000,27.337000,1.745200
1,2,135.534172,25.993802,2.474300,25.925100,1.968700
1,2,135.563099,28.926898,2.608600,28.806999,1.740700
1,2,135.590601,27.501803,2.666200,27.463100,1.549800
1,2,135.620024,29.422499,2.856400,28.971701,1.498500
1,2,135.649650,29.626198,3.056700,29.851101,1.555900
1,2,135.676717,27.067702,2.948000,26.565599,1.876100
1,2,135.703687,26.969898,3.525000,27.462799,1.383600
1,2,135.730085,26.397500,3.437700,26.412800,1.573000
1,2,135.757086,27.000800,2.921100,27.195900,1.476200
1,2,135.785128,28.042499,2.539600,27.730499,1.506600
1,2,135.812412,27.284302,2.909100,27.637600,1.559500
1,2,135.839786,27.373698,2.520300,27.246401,1.570100
1,2,135.866769,26.983202,2.592500,27.056801,1.463700
1,2,135.896460,29.690500,2.497200,29.462999,1.502200
1,2,135.923905,27.445301,2.788500,27.227600,1.832800
1,2,135.950983,27.077697,2.955500,27.218700,1.276400
1,2,135.978029,27.046502,2.868500,27.395700,1.467700
1,2,136.007163,29.133301,2.386600,29.079100,1.464000
1,2,136.034435,27.272798,2.399500,27.242701,1.451400
1,2,136.063615,29.180001,2.613500,29.075199,1.496300
1,2,136.091047,27.431399,2.555700,27.461399,1.425300
1,2,136.118237,27.190201,2.439700,26.910101,1.419600
1,2,136.147768,29.530898,2.818300,29.481100,1.390000
1,2,136.174915,27.147301,2.779500,27.299500,1.544200
1,2,136.204553,29.637400,2.912600,29.746000,1.373100
1,2,136.231860,27.307302,2.462000,27.351700,1.491700
1,2,136.261904,30.043799,2.458100,29.556900,1.481700
1,2,136.291234,29.330000,3.044100,29.685699,1.776700
1,2,136.317811,26.577599,2.766700,26.703400,2.482000
1,2,136.347131,29.319301,2.535000,29.138901,1.543000
1,2,136.374755,27.624298,2.732000,27.418800,1.533100
1,2,136.402089,27.333602,2.872500,27.658100,1.499200
1,2,136.429943,27.854599,2.528200,27.481701,1.734700
1,2,136.459995,30.052301,3.214700,29.724899,1.870200
1,2,136.486543,26.547898,4.420600,26.999599,1.770000
1,2,136.516936,30.392900,3.104000,30.148899,1.636100
1,2,136.545429,28.492901,3.352700,28.993099,1.667400
1,2,136.577522,32.093201,3.316700,31.741501,1.720500
1,2,136.604578,27.056199,3.014400,27.287399,2.234400
1,2,136.633307,28.728299,2.881600,28.638800,1.470100
1,2,136.661665,28.357703,2.695000,28.478201,1.790900
1,2,136.689586,27.921099,2.537400,27.743700,1.586900
1,2,136.718594,29.008299,2.686500,29.152901,1.476500
1,2,136.748491,29.896799,2.627600,29.687300,1.964600
1,2,136.777864,29.373299,2.728600,29.500900,1.377000
1,2,136.805292,27.428303,2.595200,27.077499,1.912300
1,2,136.834871,29.578898,2.868800,29.527000,1.691500
1,2,136.861792,26.920401,2.910700,27.284401,1.407600
1,2,136.889544,27.752798,2.544500,27.680401,1.438400
1,2,136.918311,28.766900,2.631900,28.782600,1.317800
1,2,136.947454,29.143102,2.533400,29.194401,1.484000
1,2,136.975266,27.811699,2.495200,27.667101,1.719200
1,2,137.004931,29.665101,2.779800,29.231100,1.769900
1,2,137.034339,29.408097,3.504800,29.447500,1.993700
1,2,137.061009,26.669901,2.986700,26.896000,2.033700
1,2,137.089054,28.044600,3.575500,27.564899,1.749800
1,2,137.118681,29.627100,3.222400,30.150101,2.000300
1,2,137.147863,29.181700,2.650700,28.998600,2.075700
1,2,137.176590,28.726902,3.052400,28.898500,2.084800
1,2,137.206539,29.949900,2.770600,29.737200,1.543100
1,2,137.233804,27.264699,2.903200,27.410999,1.696300
1,2,137.263724,29.919699,2.994400,29.600901,1.728500
1,2,137.293646,29.922102,3.348900,30.192801,1.871400
1,2,137.324245,30.598700,2.917800,30.920099,1.683700
1,2,137.351977,27.732801,2.383500,27.722300,1.765200
1,2,137.381851,29.873200,2.542400,29.728399,1.625200
1,2,137.409399,27.548101,2.621000,27.330700,1.694200
1,2,137.436658,27.259599,2.851800,27.581699,2.018600
1,2,137.466189,29.530700,2.484700,29.149799,1.681700
1,2,137.495043,28.853998,2.850400,29.020800,1.528700
1,2,137.522548,27.504601,2.871200,27.735001,1.860300
1,2,137.550008,27.460501,2.438000,27.345600,2.604000
1,2,137.579894,29.885501,2.580800,29.573700,1.799300
1,2,137.607594,27.700700,2.976500,27.505301,1.716700
1,2,137.634565,26.971199,3.062200,27.345900,1.331700
1,2,137.663504,28.938599,2.635900,28.829399,1.496500
1,2,137.691154,27.650002,2.724400,27.559500,1.536200
1,2,137.720878,29.723499,2.856300,29.405100,1.656200
1,2,137.748234,27.356502,3.294000,27.797600,1.766500
1,2,137.776173,27.938597,2.772000,27.967699,1.724900
1,2,137.803289,27.116001,2.857600,27.051399,1.627400
1,2,137.830714,27.425800,2.963000,27.601200,1.849200
1,2,137.860382,29.667202,2.465100,29.474400,1.708600
1,2,137.892039,31.656999,2.692100,31.792999,1.769700
1,2,137.920218,28.179102,2.585600,27.681499,2.122900
1,2,137.949764,29.546697,3.343900,29.745899,2.131100
1,2,137.977425,27.660202,2.842200,27.783800,2.072000
1,2,138.007066,29.641800,3.527300,29.608200,2.333400
1,2,138.036984,29.917601,3.365800,29.904100,1.800200
1,2,138.069393,32.409098,2.780600,29.666201,1.554000
1,2,138.094398,25.004599,5.976800,26.968100,1.437500
1,2,138.122958,28.560203,4.123200,29.084499,1.877600
1,2,138.152075,29.116798,2.951500,28.851000,1.737400
1,2,138.178944,26.869100,3.327700,26.827299,1.531100
1,2,138.204539,25.595002,3.303200,25.649099,1.601700
1,2,138.231221,26.682097,3.494500,27.090300,1.578400
1,2,138.260215,28.993700,2.784100,28.885799,1.900200
1,2,138.287940,27.725503,3.006300,27.376900,1.893800
1,2,138.314576,26.635300,3.223000,27.196400,1.797200
1,2,138.346066,31.490300,2.519400,31.024700,1.693400
1,2,138.372952,26.885800,3.098600,27.214600,1.692400
1,2,138.400039,27.087498,2.840300,26.990700,1.535300
1,2,138.426925,26.885699,3.074000,27.073700,1.599700
1,2,138.454688,27.763601,2.635800,27.712999,1.624400
1,2,138.481629,26.940200,2.634500,26.949699,2.065900
1,2,138.509241,27.612500,2.561900,27.107401,1.461200
1,2,138.535717,26.476100,2.991900,27.006500,1.420900
1,2,138.563907,28.189600,2.595100,27.643101,1.580000
1,2,138.590900,26.992798,3.048100,27.219500,1.896500
1,2,138.618787,27.887601,2.817600,27.629900,1.892800
1,2,138.645785,26.997600,3.079400,27.516100,1.476700
1,2,138.675076,29.291302,2.602700,28.992399,1.856100
1,2,138.702779,27.702797,2.971200,27.283400,1.791100
1,2,138.729089,26.310101,3.340000,26.976500,1.735100
1,2,138.759067,29.978499,2.622400,29.473600,1.802500
1,2,138.788914,29.846802,3.218800,30.003099,1.619300
1,2,138.817260,28.345797,3.214700,28.504900,2.412700
1,2,138.844745,27.485203,2.838600,27.591900,2.051000
1,2,138.871906,27.160298,2.825400,26.785999,1.645200
1,2,138.899825,27.919099,3.092200,27.985399,1.969000
1,2,138.926068,26.243601,3.142200,26.537001,1.919600
1,2,138.954540,28.471600,2.801200,27.904100,1.479800
1,2,138.982681,28.141100,3.369500,28.625700,1.790600
1,2,139.010326,27.645301,2.950300,27.636600,1.846900
1,2,139.040270,29.943798,3.091500,29.578699,2.351400
1,2,139.069756,29.485803,3.736100,29.687799,1.973700
1,2,139.098709,28.952699,2.872600,29.160500,2.196900
1,2,139.126141,27.431998,2.775200,27.446800,1.686900
1,2,139.156408,30.267302,2.404500,29.978001,1.601800
1,2,139.184754,28.346099,2.861100,28.719101,1.868200
1,2,139.214507,29.753000,2.446500,29.144699,2.061400
1,2,139.242860,28.353099,3.144800,28.516100,2.032500
1,2,139.270521,27.660601,2.912900,27.809299,1.693900
1,2,139.299307,28.786801,2.700700,28.926100,1.535600
1,2,139.326243,26.935901,2.583900,26.876699,1.478500
1,2,139.351707,25.463998,2.617400,25.553900,1.754800
1,2,139.380681,28.973300,2.611500,28.695400,1.372100
1,2,139.407714,27.033299,2.817100,27.180099,1.394300
1,2,139.436818,29.104102,2.576600,28.990400,1.612300
1,2,139.464660,27.841400,2.771300,27.615101,1.699400
1,2,139.492316,27.656298,3.061900,27.404699,1.725200
1,2,139.520541,28.225001,3.447500,28.786600,2.446400
1,2,139.550333,29.792000,2.831300,29.749599,1.798600
1,2,139.577768,27.435500,2.769200,27.154499,1.715400
1,2,139.604859,27.091000,2.950700,27.661501,1.468500
1,2,139.634725,29.865500,2.288800,29.231501,1.415200
1,2,139.662254,27.529098,2.868800,27.881100,1.305300
1,2,139.691640,29.386502,2.522100,29.207899,1.503000
1,2,139.718944,27.303901,2.787300,27.564600,1.332600
1,2,139.748922,29.977798,2.544000,29.627899,1.449100
1,2,139.776748,27.826000,2.958100,27.715700,1.360000
1,2,139.804288,27.540002,2.886600,28.002300,1.582900
1,2,139.835123,30.834600,2.553500,30.795000,1.490600
1,2,139.863148,28.025497,2.506400,27.357800,1.626800
1,2,139.889949,26.800703,3.122200,27.234100,1.609500
1,2,139.917147,27.197897,2.877000,27.191900,1.436800
1,2,139.944512,27.365603,2.673200,27.284901,1.425800
1,2,139.973558,29.045697,2.938000,29.292400,1.409700
1,2,140.000933,27.375299,2.568500,27.351700,1.677500
1,2,140.028661,27.727202,2.668600,27.353901,1.529700
1,2,140.056897,28.235901,3.042800,28.310699,1.454800
1,2,140.084599,27.702600,3.175900,27.932199,2.014500
1,2,140.111985,27.386200,2.998300,26.848000,1.466600
1,2,140.141102,29.116500,3.413800,29.434900,1.509100
1,2,140.169218,28.116200,3.094500,28.030701,1.454400
1,2,140.196551,27.333301,2.999700,27.113701,1.703700
1,2,140.225544,28.992899,3.848300,29.224600,2.224900
1,2,140.252474,26.929900,3.709000,27.280899,1.756700
1,2,140.282460,29.985499,2.775500,29.662500,1.675600
1,2,140.311924,29.464900,2.950900,29.651300,1.693300
1,2,140.341380,29.455099,2.822400,29.454300,1.671500
1,2,140.374071,32.691400,3.074900,32.515999,1.663400
1,2,140.402598,28.526999,2.748800,28.851700,1.603700
1,2,140.432627,30.029401,2.938800,29.786699,1.731800
1,2,140.462491,29.863700,2.772000,29.640400,1.512000
1,2,140.489952,27.461100,2.984500,27.342899,1.774200
1,2,140.519089,29.136602,3.022100,29.098301,2.133100
1,2,140.546541,27.452096,2.917800,27.693300,1.725800
1,2,140.574038,27.497500,2.869200,27.261299,2.070300
1,2,140.603509,29.470902,2.839900,29.650400,1.853900
1,2,140.631119,27.609598,2.905200,27.641600,2.021600
1,2,140.660547,29.428102,2.812000,29.551100,1.966100
1,2,140.687492,26.944801,2.693000,26.778200,1.493200
1,2,140.714602,27.109899,2.825000,27.355101,1.972900
1,2,140.745862,31.260800,2.688800,31.150801,1.597700
1,2,140.773815,27.952101,2.708700,27.758801,2.185400
1,2,140.802763,28.947901,3.022500,29.150801,1.681200
1,2,140.831236,28.473597,2.963700,28.028400,2.001900
1,2,140.858305,27.068499,3.346000,27.254900,1.811600
1,2,140.885115,26.810203,3.330500,26.904100,1.957100
1,2,140.913263,28.148398,2.984200,27.819700,1.528400
1,2,140.938349,25.085703,3.533800,25.163799,2.431000
1,2,140.967173,28.824400,3.710700,28.927401,1.964800
1,2,140.995261,28.087799,3.302400,28.045799,1.982500
1,2,141.023985,28.724398,3.175600,28.704901,1.667800
1,2,141.057729,33.743303,3.537600,33.697102,2.198500
1,2,141.086708,28.979298,3.676500,29.227200,1.792600
1,2,141.117154,30.446000,3.384500,30.280399,1.510700
1,2,141.144018,26.864000,2.830300,27.057100,2.299700
1,2,141.172934,28.915599,2.915700,28.797800,1.770700
1,2,141.200889,27.955603,2.955000,27.829599,2.005600
1,2,141.230701,29.811997,3.528100,29.909100,2.096400
1,2,141.259171,28.469801,2.742200,28.639900,1.788700
1,2,141.289470,30.298900,2.702800,30.041901,1.897500
1,2,141.321749,32.278802,3.082200,32.062099,1.511800
1,2,141.350395,28.646100,3.693200,28.792400,2.345700
1,2,141.378105,27.709998,3.430600,27.518801,1.807500
1,2,141.405541,27.436499,3.279400,27.712601,1.573800
1,2,141.434781,29.240102,2.895000,29.062300,1.405300
1,2,141.462346,27.564399,3.227500,27.734301,1.874400
1,2,141.489819,27.473003,2.828200,27.438101,1.780100
1,2,141.521884,32.065399,2.778200,31.958599,1.965300
1,2,141.552481,30.596498,2.961200,30.819700,1.889800
1,2,141.579618,27.137499,2.962100,27.099701,1.371400
1,2,141.608129,28.510701,2.560900,28.456499,1.880100
1,2,141.634522,26.393302,2.650400,26.499001,1.548900
1,2,141.662100,27.577598,2.585000,27.507900,1.475300
1,2,141.689133,27.033303,2.665200,26.934900,1.794800
1,2,141.716418,27.284697,2.836300,27.489401,1.809100
1,2,141.743917,27.499001,2.603300,27.413401,1.497600
1,2,141.773828,29.910602,2.587500,29.725100,1.536400
1,2,141.800952,27.124397,2.987500,27.403000,1.711700
1,2,141.828191,27.239501,2.400900,27.186300,1.581900
1,2,141.856600,28.408200,2.408300,28.043699,1.788000
1,2,141.883922,27.322799,2.835600,27.457001,1.791100
1,2,141.912236,28.313901,2.861600,28.180799,1.924400
1,2,141.938193,25.956299,2.954300,26.299801,1.848800
1,2,141.967601,29.408000,2.460700,29.255301,1.497200
1,2,141.994886,27.285699,2.719900,27.307800,1.632900
1,2,142.022610,27.723800,2.582600,27.483999,1.526400
1,2,142.051093,28.482903,2.857000,28.820000,1.760100
1,2,142.078682,27.588800,2.424900,27.554899,1.808500
1,2,142.108268,29.585700,2.540800,29.218000,1.667200
1,2,142.135300,27.032498,2.786100,27.210800,1.578100
1,2,142.162531,27.230900,3.219100,27.240400,1.432800
1,2,142.190173,27.642000,2.514000,27.691500,1.416400
1,2,142.217384,27.211100,2.522800,27.031500,1.376000
1,2,142.246697,29.312998,2.799600,29.463800,1.324600
1,2,142.274080,27.383402,2.493400,27.367599,1.628900
1,2,142.300995,26.914399,2.393900,26.953600,1.585400
1,2,142.328158,27.163699,2.404600,27.198299,1.585100
1,2,142.356721,28.562702,2.263300,28.196899,1.780400
1,2,142.384226,27.505200,2.609400,27.111000,1.554100
1,2,142.414432,30.205797,3.331100,30.582300,2.000800
1,2,142.444850,30.417401,3.021700,30.054701,1.857300
1,2,142.471213,26.363000,3.271400,26.734900,2.128000
1,2,142.500489,29.276799,2.994300,29.038601,1.979300
1,2,142.527064,26.574999,3.111900,26.708799,1.783900
1,2,142.555643,28.578199,3.224500,28.572701,1.828600
1,2,142.582688,27.045202,3.205600,26.780199,1.478400
1,2,142.609427,26.739601,3.737400,27.094000,1.635300
1,2,142.636996,27.569000,3.645500,27.330500,1.846800
1,2,142.663991,26.994899,2.994200,27.221100,2.038000
1,2,142.691471,27.479500,2.978300,27.255899,2.683900
1,2,142.719912,28.441302,3.606300,28.658400,2.140900
1,2,142.748944,29.032100,2.918000,29.146299,1.434900
1,2,142.779628,30.683897,2.723300,30.496700,1.453100
1,2,142.808817,29.189400,3.134700,29.020901,1.679400
1,2,142.839871,31.053301,3.296300,31.407000,1.637900
1,2,142.869321,29.449798,2.476200,29.212799,1.843300
1,2,142.896627,27.306203,2.950600,27.354000,2.212800
1,2,142.926105,29.478699,2.998300,29.361200,1.606000
1,2,142.955247,29.141501,2.975200,28.895800,1.931500
1,2,142.981946,26.698701,3.178700,27.256800,1.595300
1,2,143.009835,27.889699,2.567100,27.456100,1.734300
1,2,143.037906,28.070901,2.988900,27.932600,2.524700
1,2,143.064508,26.602197,3.056400,27.162800,1.754700
1,2,143.094071,29.562201,2.670900,29.117001,1.673000
1,2,143.124044,29.973101,2.937500,27.772499,2.089100
1,2,143.151325,27.281500,5.801800,28.895300,1.375600
1,2,143.177965,26.639599,3.812100,27.346100,1.500300
1,2,143.207716,29.751200,2.790600,29.632999,1.626600
1,2,143.237685,29.969398,3.634500,29.729300,1.906900
1,2,143.269566,31.880401,3.155500,32.243599,1.517100
1,2,143.296969,27.403299,2.966500,27.310301,2.037400
1,2,143.325463,28.493602,3.593300,28.472900,1.536700
1,2,143.355336,29.872999,3.077700,29.440201,2.181800
1,2,143.382272,26.936002,3.582100,27.167500,3.222800
1,2,143.411262,28.990500,3.152300,28.743500,1.856100
1,2,143.438322,27.059898,3.671600,27.417299,1.694400
1,2,143.466523,28.201103,3.287600,27.160000,1.983300
1,2,143.494836,28.313000,3.904700,29.207899,2.134100
1,2,143.521804,26.967499,3.062400,26.997499,1.554100
1,2,143.549757,27.953498,3.063200,27.715799,2.075300
1,2,143.578247,28.489601,3.536300,28.439199,2.624300
1,2,143.605953,27.706601,3.231700,28.278299,1.968700
1,2,143.634207,28.253399,2.910100,27.757299,1.564700
1,2,143.664399,30.192502,3.418900,30.347000,1.839400
1,2,143.693165,28.765697,3.034100,28.526699,1.644200
1,2,143.720189,27.023703,3.611600,27.035500,2.000400
1,2,143.749323,29.133998,3.674600,27.638000,1.978100
1,2,143.778769,29.446501,5.000600,30.906300,1.962000
1,2,143.809041,30.271798,3.396700,30.782301,2.046400
1,2,143.836250,27.209200,3.121100,26.994400,1.502300
1,2,143.863396,27.146202,2.974800,27.073000,1.626600
1,2,143.892855,29.458400,2.994000,28.624100,2.126700
1,2,143.920058,27.203400,4.338600,27.840099,2.666200
1,2,143.947568,27.509201,3.962400,27.812201,1.788100
1,2,143.974526,26.958298,2.916400,27.308399,1.681700
1,2,144.002383,27.857602,2.650400,27.250200,1.537400
1,2,144.029007,26.623901,3.160200,27.146799,1.478000
1,2,144.056698,27.691197,2.624000,27.340200,2.063800
1,2,144.084096,27.397800,2.881600,27.512899,1.840500
1,2,144.112846,28.749701,2.832600,28.236799,1.913400
1,2,144.140332,27.486000,3.247100,28.122499,1.587000
1,2,144.167675,27.343500,2.637200,27.181299,1.658800
1,2,144.194982,27.306199,2.654200,27.396000,1.529100
1,2,144.224035,29.053502,2.617900,29.042299,2.050500
1,2,144.251713,27.677398,2.724700,27.268900,1.561900
1,2,144.279233,27.520802,2.972700,27.966101,1.593000
1,2,144.305473,26.239801,2.510200,26.181900,1.551300
1,2,144.332526,27.053099,2.566900,27.140699,1.753100
1,2,144.361529,29.002599,2.531500,29.050699,1.437400
1,2,144.389551,28.022200,2.448000,27.421499,1.570400
1,2,144.418994,29.443201,3.517400,28.957399,1.460600
1,2,144.445739,26.744299,3.548600,27.660500,2.125600
1,2,144.473060,27.321901,2.875200,26.819700,1.947400
1,2,144.500272,27.211200,3.206400,27.248501,1.840700
1,2,144.529402,29.130299,3.015400,29.142700,1.405300
1,2,144.556380,26.978198,2.914600,27.457199,1.432000
1,2,144.586236,29.855803,2.477200,29.501499,1.428900
1,2,144.613426,27.190000,2.812500,27.255501,1.654000
1,2,144.640440,27.014200,2.866400,27.202801,1.547300
1,2,144.670054,29.613398,2.608200,28.958700,1.681900
1,2,144.696513,26.459303,3.095500,27.116899,1.673600
1,2,144.724538,28.024901,2.598300,27.750999,1.538900
1,2,144.751366,26.828598,2.969100,26.910299,1.406400
1,2,144.778726,27.359400,2.741200,27.580099,1.813100
1,2,144.808452,29.725999,2.509200,29.217199,1.575000
1,2,144.837327,28.875601,2.935900,29.351500,1.432100
1,2,144.865365,28.037801,2.554900,27.499701,1.612400
1,2,144.894593,29.227499,3.019400,29.598700,1.536200
1,2,144.923964,29.371601,2.711800,29.406500,1.793900
1,2,144.955316,31.351700,2.669800,30.842501,1.707100
1,2,144.982060,26.744198,3.247200,27.239300,1.485800
1,2,145.012901,30.840702,2.667800,30.231001,1.573900
1,2,145.044776,31.874698,3.369100,32.126099,2.645700
1,2,145.075514,30.738801,3.351800,30.915501,2.135800
1,2,145.105106,29.592101,3.140300,29.788601,2.207500
1,2,145.134798,29.691402,2.752200,29.247999,1.872700
1,2,145.166033,31.234998,3.401200,29.762899,1.990200
1,3,152.285559,27.742002,3.219100,27.401600,1.479700
